[INFO] PDC_SERVER[0]: Starting server with no previous data
[INFO] PDC_SERVER[0]: Using [/pscratch/sd/n/nlewi26/pdc_curl_analysis_bench/] as tmp dir, 1 OSTs, 1 OSTs per data file, 0% to BB
[INFO] PDC_SERVER[0]: Environment variable HG_TRANSPORT was NOT set, default to ofi+cxi
[INFO] PDC_SERVER[0]: Environment variable HG_HOST was set
[INFO] PDC_SERVER[0]: Connection string: ofi+cxi://cxi0:0:7000
[INFO] PDC_SERVER[1]: Environment variable HG_HOST was set
[INFO] PDC_SERVER[2]: Environment variable HG_HOST was set
[INFO] PDC_SERVER[3]: Environment variable HG_HOST was set
[INFO] PDC_SERVER[0]: Scoped Slingshot CXI auth for Mercury: svc=1 vni=1 device=cxi0
[INFO] PDC_SERVER[0]: Without multi-thread
[INFO] PDC_SERVER[0]: Read cache enabled
[INFO] PDC_SERVER[0]: Max cache size: 68719476736
[INFO] PDC_SERVER[0]: Max transformation cache size: 68719476736
[INFO] PDC_SERVER[0]: Successfully established connection to 3 other PDC servers
[INFO] PDC_SERVER[0]: Succesfully wrote address to config in dir /pscratch/sd/n/nlewi26/pdc_curl_analysis_bench/
[INFO] PDC_SERVER[0]: Server ready!


[INFO] PDC_SERVER[0]: Starting flush for obj_id 2000000000, ndim=3
[13:35:42.164391] [WARNING] [pdc_server_region_cache.c:823] PDC_SERVER[0]: Region mapping lookup took 0.000000 s
[13:35:42.164406] [WARNING] [pdc_server_region_cache.c:828] PDC_SERVER[0]: No region mapping found for obj_id 2000000000
[13:35:42.185136] [WARNING] [pdc_server_region_cache.c:834] PDC_SERVER[0]: Flushed region via POSIX I/O in 0.020726 s
[13:35:42.185154] [WARNING] [pdc_server_region_cache.c:850] PDC_SERVER[0]: [2026-10-07 13:35:42.185150] Flushed 16.00 / 16.00 MB to storage
[INFO] PDC_SERVER[0]: Region flush iteration took 0.020968 s
[INFO] PDC_SERVER[0]: Starting flush for obj_id 2000000000, ndim=3
[13:35:42.188596] [WARNING] [pdc_server_region_cache.c:823] PDC_SERVER[0]: Region mapping lookup took 0.000000 s
[13:35:42.188602] [WARNING] [pdc_server_region_cache.c:828] PDC_SERVER[0]: No region mapping found for obj_id 2000000000
[13:35:42.208709] [WARNING] [pdc_server_region_cache.c:834] PDC_SERVER[0]: Flushed region via POSIX I/O in 0.020098 s
[13:35:42.208723] [WARNING] [pdc_server_region_cache.c:850] PDC_SERVER[0]: [2026-10-07 13:35:42.208719] Flushed 16.00 / 16.00 MB to storage
[INFO] PDC_SERVER[0]: Region flush iteration took 0.020136 s
[INFO] PDC_SERVER[0]: Starting flush for obj_id 2000000000, ndim=3
[13:35:42.210003] [WARNING] [pdc_server_region_cache.c:823] PDC_SERVER[0]: Region mapping lookup took 0.000000 s
[13:35:42.210010] [WARNING] [pdc_server_region_cache.c:828] PDC_SERVER[0]: No region mapping found for obj_id 2000000000
[13:35:42.230338] [WARNING] [pdc_server_region_cache.c:834] PDC_SERVER[0]: Flushed region via POSIX I/O in 0.020320 s
[13:35:42.230349] [WARNING] [pdc_server_region_cache.c:850] PDC_SERVER[0]: [2026-10-07 13:35:42.230346] Flushed 16.00 / 16.00 MB to storage
[INFO] PDC_SERVER[0]: Region flush iteration took 0.020355 s
[INFO] PDC_SERVER[0]: Starting flush for obj_id 2000000000, ndim=3
[13:35:42.231389] [WARNING] [pdc_server_region_cache.c:823] PDC_SERVER[0]: Region mapping lookup took 0.000001 s
[13:35:42.231394] [WARNING] [pdc_server_region_cache.c:828] PDC_SERVER[0]: No region mapping found for obj_id 2000000000
[13:35:42.251215] [WARNING] [pdc_server_region_cache.c:834] PDC_SERVER[0]: Flushed region via POSIX I/O in 0.019812 s
[13:35:42.251228] [WARNING] [pdc_server_region_cache.c:850] PDC_SERVER[0]: [2026-10-07 13:35:42.251224] Flushed 16.00 / 16.00 MB to storage
[INFO] PDC_SERVER[0]: Region flush iteration took 0.019848 s
[INFO] PDC_SERVER[0]: Starting flush for obj_id 2000000000, ndim=3
[13:35:42.252355] [WARNING] [pdc_server_region_cache.c:823] PDC_SERVER[0]: Region mapping lookup took 0.000000 s
[13:35:42.252361] [WARNING] [pdc_server_region_cache.c:828] PDC_SERVER[0]: No region mapping found for obj_id 2000000000
[13:35:42.272439] [WARNING] [pdc_server_region_cache.c:834] PDC_SERVER[0]: Flushed region via POSIX I/O in 0.020069 s
[13:35:42.272450] [WARNING] [pdc_server_region_cache.c:850] PDC_SERVER[0]: [2026-10-07 13:35:42.272447] Flushed 16.00 / 16.00 MB to storage
[INFO] PDC_SERVER[0]: Region flush iteration took 0.020104 s
[INFO] PDC_SERVER[0]: Starting flush for obj_id 2000000000, ndim=3
[13:35:42.273600] [WARNING] [pdc_server_region_cache.c:823] PDC_SERVER[0]: Region mapping lookup took 0.000001 s
[13:35:42.273606] [WARNING] [pdc_server_region_cache.c:828] PDC_SERVER[0]: No region mapping found for obj_id 2000000000
[13:35:42.293365] [WARNING] [pdc_server_region_cache.c:834] PDC_SERVER[0]: Flushed region via POSIX I/O in 0.019752 s
[13:35:42.293377] [WARNING] [pdc_server_region_cache.c:850] PDC_SERVER[0]: [2026-10-07 13:35:42.293374] Flushed 16.00 / 16.00 MB to storage
[INFO] PDC_SERVER[0]: Region flush iteration took 0.019787 s
[INFO] PDC_SERVER[0]: Starting flush for obj_id 2000000000, ndim=3
[13:35:42.294501] [WARNING] [pdc_server_region_cache.c:823] PDC_SERVER[0]: Region mapping lookup took 0.000001 s
[13:35:42.294507] [WARNING] [pdc_server_region_cache.c:828] PDC_SERVER[0]: No region mapping found for obj_id 2000000000
[13:35:42.314445] [WARNING] [pdc_server_region_cache.c:834] PDC_SERVER[0]: Flushed region via POSIX I/O in 0.019928 s
[13:35:42.314459] [WARNING] [pdc_server_region_cache.c:850] PDC_SERVER[0]: [2026-10-07 13:35:42.314454] Flushed 16.00 / 16.00 MB to storage
[INFO] PDC_SERVER[0]: Region flush iteration took 0.019967 s
[INFO] PDC_SERVER[0]: Starting flush for obj_id 2000000000, ndim=3
[13:35:42.315535] [WARNING] [pdc_server_region_cache.c:823] PDC_SERVER[0]: Region mapping lookup took 0.000000 s
[13:35:42.315541] [WARNING] [pdc_server_region_cache.c:828] PDC_SERVER[0]: No region mapping found for obj_id 2000000000
[13:35:42.333753] [WARNING] [pdc_server_region_cache.c:834] PDC_SERVER[0]: Flushed region via POSIX I/O in 0.018200 s
[13:35:42.333766] [WARNING] [pdc_server_region_cache.c:850] PDC_SERVER[0]: [2026-10-07 13:35:42.333763] Flushed 16.00 / 16.00 MB to storage
[INFO] PDC_SERVER[0]: Region flush iteration took 0.018238 s
[INFO] PDC_SERVER[0]: Starting flush for obj_id 2000000000, ndim=3
[13:35:42.334852] [WARNING] [pdc_server_region_cache.c:823] PDC_SERVER[0]: Region mapping lookup took 0.000001 s
[13:35:42.334856] [WARNING] [pdc_server_region_cache.c:828] PDC_SERVER[0]: No region mapping found for obj_id 2000000000
[13:35:42.352323] [WARNING] [pdc_server_region_cache.c:834] PDC_SERVER[0]: Flushed region via POSIX I/O in 0.017464 s
[13:35:42.352333] [WARNING] [pdc_server_region_cache.c:850] PDC_SERVER[0]: [2026-10-07 13:35:42.352331] Flushed 16.00 / 16.00 MB to storage
[INFO] PDC_SERVER[0]: Region flush iteration took 0.017486 s
[INFO] PDC_SERVER[0]: Starting flush for obj_id 2000000000, ndim=3
[13:35:42.353161] [WARNING] [pdc_server_region_cache.c:823] PDC_SERVER[0]: Region mapping lookup took 0.000000 s
[13:35:42.353166] [WARNING] [pdc_server_region_cache.c:828] PDC_SERVER[0]: No region mapping found for obj_id 2000000000
[13:35:42.370591] [WARNING] [pdc_server_region_cache.c:834] PDC_SERVER[0]: Flushed region via POSIX I/O in 0.017418 s
[13:35:42.370600] [WARNING] [pdc_server_region_cache.c:850] PDC_SERVER[0]: [2026-10-07 13:35:42.370597] Flushed 16.00 / 16.00 MB to storage
[INFO] PDC_SERVER[0]: Region flush iteration took 0.017444 s
[INFO] PDC_SERVER[0]: Starting flush for obj_id 2000000000, ndim=3
[13:35:42.371410] [WARNING] [pdc_server_region_cache.c:823] PDC_SERVER[0]: Region mapping lookup took 0.000000 s
[13:35:42.371414] [WARNING] [pdc_server_region_cache.c:828] PDC_SERVER[0]: No region mapping found for obj_id 2000000000
[13:35:42.388933] [WARNING] [pdc_server_region_cache.c:834] PDC_SERVER[0]: Flushed region via POSIX I/O in 0.017513 s
[13:35:42.388951] [WARNING] [pdc_server_region_cache.c:850] PDC_SERVER[0]: [2026-10-07 13:35:42.388939] Flushed 16.00 / 16.00 MB to storage
[INFO] PDC_SERVER[0]: Region flush iteration took 0.017547 s
[INFO] PDC_SERVER[0]: Starting flush for obj_id 2000000000, ndim=3
[13:35:42.389778] [WARNING] [pdc_server_region_cache.c:823] PDC_SERVER[0]: Region mapping lookup took 0.000000 s
[13:35:42.389782] [WARNING] [pdc_server_region_cache.c:828] PDC_SERVER[0]: No region mapping found for obj_id 2000000000
[13:35:42.406539] [WARNING] [pdc_server_region_cache.c:834] PDC_SERVER[0]: Flushed region via POSIX I/O in 0.016749 s
[13:35:42.406548] [WARNING] [pdc_server_region_cache.c:850] PDC_SERVER[0]: [2026-10-07 13:35:42.406545] Flushed 16.00 / 16.00 MB to storage
[INFO] PDC_SERVER[0]: Region flush iteration took 0.016775 s
[INFO] PDC_SERVER[0]: Starting flush for obj_id 2000000000, ndim=3
[13:35:42.407384] [WARNING] [pdc_server_region_cache.c:823] PDC_SERVER[0]: Region mapping lookup took 0.000000 s
[13:35:42.407389] [WARNING] [pdc_server_region_cache.c:828] PDC_SERVER[0]: No region mapping found for obj_id 2000000000
[13:35:42.424701] [WARNING] [pdc_server_region_cache.c:834] PDC_SERVER[0]: Flushed region via POSIX I/O in 0.017306 s
[13:35:42.424709] [WARNING] [pdc_server_region_cache.c:850] PDC_SERVER[0]: [2026-10-07 13:35:42.424707] Flushed 16.00 / 16.00 MB to storage
[INFO] PDC_SERVER[0]: Region flush iteration took 0.017331 s
[INFO] PDC_SERVER[0]: Starting flush for obj_id 2000000000, ndim=3
[13:35:42.425617] [WARNING] [pdc_server_region_cache.c:823] PDC_SERVER[0]: Region mapping lookup took 0.000000 s
[13:35:42.425622] [WARNING] [pdc_server_region_cache.c:828] PDC_SERVER[0]: No region mapping found for obj_id 2000000000
[13:35:42.442770] [WARNING] [pdc_server_region_cache.c:834] PDC_SERVER[0]: Flushed region via POSIX I/O in 0.017141 s
[13:35:42.442778] [WARNING] [pdc_server_region_cache.c:850] PDC_SERVER[0]: [2026-10-07 13:35:42.442776] Flushed 16.00 / 16.00 MB to storage
[INFO] PDC_SERVER[0]: Region flush iteration took 0.017167 s
[INFO] PDC_SERVER[0]: Starting flush for obj_id 2000000000, ndim=3
[13:35:42.443809] [WARNING] [pdc_server_region_cache.c:823] PDC_SERVER[0]: Region mapping lookup took 0.000000 s
[13:35:42.443814] [WARNING] [pdc_server_region_cache.c:828] PDC_SERVER[0]: No region mapping found for obj_id 2000000000
[13:35:42.461257] [WARNING] [pdc_server_region_cache.c:834] PDC_SERVER[0]: Flushed region via POSIX I/O in 0.017433 s
[13:35:42.461271] [WARNING] [pdc_server_region_cache.c:850] PDC_SERVER[0]: [2026-10-07 13:35:42.461268] Flushed 16.00 / 16.00 MB to storage
[INFO] PDC_SERVER[0]: Region flush iteration took 0.017468 s
[INFO] PDC_SERVER[0]: Starting flush for obj_id 2000000000, ndim=3
[13:35:42.482328] [WARNING] [pdc_server_region_cache.c:823] PDC_SERVER[0]: Region mapping lookup took 0.000000 s
[13:35:42.482334] [WARNING] [pdc_server_region_cache.c:828] PDC_SERVER[0]: No region mapping found for obj_id 2000000000
[13:35:42.498478] [WARNING] [pdc_server_region_cache.c:834] PDC_SERVER[0]: Flushed region via POSIX I/O in 0.016140 s
[13:35:42.498491] [WARNING] [pdc_server_region_cache.c:850] PDC_SERVER[0]: [2026-10-07 13:35:42.498489] Flushed 16.00 / 16.00 MB to storage
[INFO] PDC_SERVER[0]: Region flush iteration took 0.016169 s
[INFO] PDC_SERVER[0]: Starting flush for obj_id 3000000000, ndim=3
[13:35:42.519881] [WARNING] [pdc_server_region_cache.c:823] PDC_SERVER[0]: Region mapping lookup took 0.000000 s
[13:35:42.519887] [WARNING] [pdc_server_region_cache.c:828] PDC_SERVER[0]: No region mapping found for obj_id 3000000000
[13:35:42.537951] [WARNING] [pdc_server_region_cache.c:834] PDC_SERVER[0]: Flushed region via POSIX I/O in 0.018051 s
[13:35:42.537969] [WARNING] [pdc_server_region_cache.c:850] PDC_SERVER[0]: [2026-10-07 13:35:42.537966] Flushed 16.00 / 16.00 MB to storage
[INFO] PDC_SERVER[0]: Region flush iteration took 0.018096 s
[INFO] PDC_SERVER[0]: Starting flush for obj_id 3000000000, ndim=3
[13:35:42.539514] [WARNING] [pdc_server_region_cache.c:823] PDC_SERVER[0]: Region mapping lookup took 0.000001 s
[13:35:42.539522] [WARNING] [pdc_server_region_cache.c:828] PDC_SERVER[0]: No region mapping found for obj_id 3000000000
[13:35:42.557380] [WARNING] [pdc_server_region_cache.c:834] PDC_SERVER[0]: Flushed region via POSIX I/O in 0.017848 s
[13:35:42.557392] [WARNING] [pdc_server_region_cache.c:850] PDC_SERVER[0]: [2026-10-07 13:35:42.557389] Flushed 16.00 / 16.00 MB to storage
[INFO] PDC_SERVER[0]: Region flush iteration took 0.017886 s
[INFO] PDC_SERVER[0]: Starting flush for obj_id 3000000000, ndim=3
[13:35:42.558701] [WARNING] [pdc_server_region_cache.c:823] PDC_SERVER[0]: Region mapping lookup took 0.000001 s
[13:35:42.558709] [WARNING] [pdc_server_region_cache.c:828] PDC_SERVER[0]: No region mapping found for obj_id 3000000000
[13:35:42.575729] [WARNING] [pdc_server_region_cache.c:834] PDC_SERVER[0]: Flushed region via POSIX I/O in 0.017013 s
[13:35:42.575741] [WARNING] [pdc_server_region_cache.c:850] PDC_SERVER[0]: [2026-10-07 13:35:42.575738] Flushed 16.00 / 16.00 MB to storage
[INFO] PDC_SERVER[0]: Region flush iteration took 0.017048 s
[INFO] PDC_SERVER[0]: Starting flush for obj_id 3000000000, ndim=3
[13:35:42.577099] [WARNING] [pdc_server_region_cache.c:823] PDC_SERVER[0]: Region mapping lookup took 0.000000 s
[13:35:42.577104] [WARNING] [pdc_server_region_cache.c:828] PDC_SERVER[0]: No region mapping found for obj_id 3000000000
[13:35:42.594309] [WARNING] [pdc_server_region_cache.c:834] PDC_SERVER[0]: Flushed region via POSIX I/O in 0.017197 s
[13:35:42.594320] [WARNING] [pdc_server_region_cache.c:850] PDC_SERVER[0]: [2026-10-07 13:35:42.594317] Flushed 16.00 / 16.00 MB to storage
[INFO] PDC_SERVER[0]: Region flush iteration took 0.017227 s
[INFO] PDC_SERVER[0]: Starting flush for obj_id 3000000000, ndim=3
[13:35:42.595635] [WARNING] [pdc_server_region_cache.c:823] PDC_SERVER[0]: Region mapping lookup took 0.000001 s
[13:35:42.595641] [WARNING] [pdc_server_region_cache.c:828] PDC_SERVER[0]: No region mapping found for obj_id 3000000000
[13:35:42.612223] [WARNING] [pdc_server_region_cache.c:834] PDC_SERVER[0]: Flushed region via POSIX I/O in 0.016577 s
[13:35:42.612235] [WARNING] [pdc_server_region_cache.c:850] PDC_SERVER[0]: [2026-10-07 13:35:42.612233] Flushed 16.00 / 16.00 MB to storage
[INFO] PDC_SERVER[0]: Region flush iteration took 0.016606 s
[INFO] PDC_SERVER[0]: Starting flush for obj_id 3000000000, ndim=3
[13:35:42.613630] [WARNING] [pdc_server_region_cache.c:823] PDC_SERVER[0]: Region mapping lookup took 0.000000 s
[13:35:42.613637] [WARNING] [pdc_server_region_cache.c:828] PDC_SERVER[0]: No region mapping found for obj_id 3000000000
[13:35:42.630698] [WARNING] [pdc_server_region_cache.c:834] PDC_SERVER[0]: Flushed region via POSIX I/O in 0.017051 s
[13:35:42.630708] [WARNING] [pdc_server_region_cache.c:850] PDC_SERVER[0]: [2026-10-07 13:35:42.630705] Flushed 16.00 / 16.00 MB to storage
[INFO] PDC_SERVER[0]: Region flush iteration took 0.017085 s
[INFO] PDC_SERVER[0]: Starting flush for obj_id 3000000000, ndim=3
[13:35:42.631883] [WARNING] [pdc_server_region_cache.c:823] PDC_SERVER[0]: Region mapping lookup took 0.000000 s
[13:35:42.631887] [WARNING] [pdc_server_region_cache.c:828] PDC_SERVER[0]: No region mapping found for obj_id 3000000000
[13:35:42.648790] [WARNING] [pdc_server_region_cache.c:834] PDC_SERVER[0]: Flushed region via POSIX I/O in 0.016895 s
[13:35:42.648799] [WARNING] [pdc_server_region_cache.c:850] PDC_SERVER[0]: [2026-10-07 13:35:42.648797] Flushed 16.00 / 16.00 MB to storage
[INFO] PDC_SERVER[0]: Region flush iteration took 0.016923 s
[INFO] PDC_SERVER[0]: Starting flush for obj_id 3000000000, ndim=3
[13:35:42.652075] [WARNING] [pdc_server_region_cache.c:823] PDC_SERVER[0]: Region mapping lookup took 0.000000 s
[13:35:42.652079] [WARNING] [pdc_server_region_cache.c:828] PDC_SERVER[0]: No region mapping found for obj_id 3000000000
[13:35:42.668849] [WARNING] [pdc_server_region_cache.c:834] PDC_SERVER[0]: Flushed region via POSIX I/O in 0.016767 s
[13:35:42.668860] [WARNING] [pdc_server_region_cache.c:850] PDC_SERVER[0]: [2026-10-07 13:35:42.668858] Flushed 16.00 / 16.00 MB to storage
[INFO] PDC_SERVER[0]: Region flush iteration took 0.016790 s
[INFO] PDC_SERVER[0]: Starting flush for obj_id 3000000000, ndim=3
[13:35:42.670718] [WARNING] [pdc_server_region_cache.c:823] PDC_SERVER[0]: Region mapping lookup took 0.000000 s
[13:35:42.670722] [WARNING] [pdc_server_region_cache.c:828] PDC_SERVER[0]: No region mapping found for obj_id 3000000000
[13:35:42.687814] [WARNING] [pdc_server_region_cache.c:834] PDC_SERVER[0]: Flushed region via POSIX I/O in 0.017086 s
[13:35:42.687833] [WARNING] [pdc_server_region_cache.c:850] PDC_SERVER[0]: [2026-10-07 13:35:42.687830] Flushed 16.00 / 16.00 MB to storage
[INFO] PDC_SERVER[0]: Region flush iteration took 0.017121 s
[INFO] PDC_SERVER[0]: Starting flush for obj_id 3000000000, ndim=3
[13:35:42.689358] [WARNING] [pdc_server_region_cache.c:823] PDC_SERVER[0]: Region mapping lookup took 0.000001 s
[13:35:42.689365] [WARNING] [pdc_server_region_cache.c:828] PDC_SERVER[0]: No region mapping found for obj_id 3000000000
[13:35:42.706524] [WARNING] [pdc_server_region_cache.c:834] PDC_SERVER[0]: Flushed region via POSIX I/O in 0.017151 s
[13:35:42.706535] [WARNING] [pdc_server_region_cache.c:850] PDC_SERVER[0]: [2026-10-07 13:35:42.706532] Flushed 16.00 / 16.00 MB to storage
[INFO] PDC_SERVER[0]: Region flush iteration took 0.017185 s
[INFO] PDC_SERVER[0]: Starting flush for obj_id 3000000000, ndim=3
[13:35:42.707958] [WARNING] [pdc_server_region_cache.c:823] PDC_SERVER[0]: Region mapping lookup took 0.000001 s
[13:35:42.707963] [WARNING] [pdc_server_region_cache.c:828] PDC_SERVER[0]: No region mapping found for obj_id 3000000000
[13:35:42.724602] [WARNING] [pdc_server_region_cache.c:834] PDC_SERVER[0]: Flushed region via POSIX I/O in 0.016633 s
[13:35:42.724612] [WARNING] [pdc_server_region_cache.c:850] PDC_SERVER[0]: [2026-10-07 13:35:42.724609] Flushed 16.00 / 16.00 MB to storage
[INFO] PDC_SERVER[0]: Region flush iteration took 0.016661 s
[INFO] PDC_SERVER[0]: Starting flush for obj_id 3000000000, ndim=3
[13:35:42.725837] [WARNING] [pdc_server_region_cache.c:823] PDC_SERVER[0]: Region mapping lookup took 0.000001 s
[13:35:42.725842] [WARNING] [pdc_server_region_cache.c:828] PDC_SERVER[0]: No region mapping found for obj_id 3000000000
[13:35:42.743156] [WARNING] [pdc_server_region_cache.c:834] PDC_SERVER[0]: Flushed region via POSIX I/O in 0.017308 s
[13:35:42.743166] [WARNING] [pdc_server_region_cache.c:850] PDC_SERVER[0]: [2026-10-07 13:35:42.743163] Flushed 16.00 / 16.00 MB to storage
[INFO] PDC_SERVER[0]: Region flush iteration took 0.017335 s
[INFO] PDC_SERVER[0]: Starting flush for obj_id 3000000000, ndim=3
[13:35:42.744396] [WARNING] [pdc_server_region_cache.c:823] PDC_SERVER[0]: Region mapping lookup took 0.000000 s
[13:35:42.744402] [WARNING] [pdc_server_region_cache.c:828] PDC_SERVER[0]: No region mapping found for obj_id 3000000000
[13:35:42.761591] [WARNING] [pdc_server_region_cache.c:834] PDC_SERVER[0]: Flushed region via POSIX I/O in 0.017176 s
[13:35:42.761610] [WARNING] [pdc_server_region_cache.c:850] PDC_SERVER[0]: [2026-10-07 13:35:42.761607] Flushed 16.00 / 16.00 MB to storage
[INFO] PDC_SERVER[0]: Region flush iteration took 0.017223 s
[INFO] PDC_SERVER[0]: Starting flush for obj_id 3000000000, ndim=3
[13:35:42.770378] [WARNING] [pdc_server_region_cache.c:823] PDC_SERVER[0]: Region mapping lookup took 0.000000 s
[13:35:42.770385] [WARNING] [pdc_server_region_cache.c:828] PDC_SERVER[0]: No region mapping found for obj_id 3000000000
[13:35:42.790549] [WARNING] [pdc_server_region_cache.c:834] PDC_SERVER[0]: Flushed region via POSIX I/O in 0.020159 s
[13:35:42.790562] [WARNING] [pdc_server_region_cache.c:850] PDC_SERVER[0]: [2026-10-07 13:35:42.790559] Flushed 16.00 / 16.00 MB to storage
[INFO] PDC_SERVER[0]: Region flush iteration took 0.020191 s
[INFO] PDC_SERVER[0]: Starting flush for obj_id 3000000000, ndim=3
[13:35:42.791823] [WARNING] [pdc_server_region_cache.c:823] PDC_SERVER[0]: Region mapping lookup took 0.000001 s
[13:35:42.791829] [WARNING] [pdc_server_region_cache.c:828] PDC_SERVER[0]: No region mapping found for obj_id 3000000000
[13:35:42.813581] [WARNING] [pdc_server_region_cache.c:834] PDC_SERVER[0]: Flushed region via POSIX I/O in 0.021746 s
[13:35:42.813605] [WARNING] [pdc_server_region_cache.c:850] PDC_SERVER[0]: [2026-10-07 13:35:42.813602] Flushed 16.00 / 16.00 MB to storage
[INFO] PDC_SERVER[0]: Region flush iteration took 0.021790 s
[INFO] PDC_SERVER[0]: Starting flush for obj_id 3000000000, ndim=3
[13:35:42.827519] [WARNING] [pdc_server_region_cache.c:823] PDC_SERVER[0]: Region mapping lookup took 0.000000 s
[13:35:42.827526] [WARNING] [pdc_server_region_cache.c:828] PDC_SERVER[0]: No region mapping found for obj_id 3000000000
[13:35:42.848654] [WARNING] [pdc_server_region_cache.c:834] PDC_SERVER[0]: Flushed region via POSIX I/O in 0.021122 s
[13:35:42.848675] [WARNING] [pdc_server_region_cache.c:850] PDC_SERVER[0]: [2026-10-07 13:35:42.848672] Flushed 16.00 / 16.00 MB to storage
[INFO] PDC_SERVER[0]: Region flush iteration took 0.021164 s
[INFO] PDC_SERVER[0]: Starting flush for obj_id 4000000000, ndim=3
[13:35:42.866536] [WARNING] [pdc_server_region_cache.c:823] PDC_SERVER[0]: Region mapping lookup took 0.000000 s
[13:35:42.866542] [WARNING] [pdc_server_region_cache.c:828] PDC_SERVER[0]: No region mapping found for obj_id 4000000000
[INFO] PDC_SERVER[0]: Executing graph with json filepath /pscratch/sd/n/nlewi26/src/work_space/source/pdc/tf_client/graphs/zfp_gpu.json
[13:35:43.128420] [WARNING] [pdc_tf_server.c:393] PDC_SERVER[0]: SCHED: setting CUDA device to 0 for edge 0 func=zfp_compress
[13:35:43.131499] [WARNING] [pdc_tf_server.c:393] PDC_SERVER[1]: SCHED: setting CUDA device to 0 for edge 0 func=zfp_compress
[13:35:43.177858] [WARNING] [pdc_tf_server.c:393] PDC_SERVER[3]: SCHED: setting CUDA device to 0 for edge 0 func=zfp_compress
[13:35:43.177910] [WARNING] [pdc_tf_server.c:393] PDC_SERVER[2]: SCHED: setting CUDA device to 0 for edge 0 func=zfp_compress
[13:35:43.593279] [WARNING] [pdc_tf_server.c:401] PDC_SERVER[1]: SCHED: executing edge 0 func=zfp_compress dev=GPU
[13:35:43.597268] [WARNING] [pdc_tf_server.c:401] PDC_SERVER[0]: SCHED: executing edge 0 func=zfp_compress dev=GPU
[13:35:43.641608] [WARNING] [pdc_tf_server.c:475] PDC_SERVER[1]: SCHED: done running transformations
[13:35:43.642859] [WARNING] [pdc_tf_server.c:475] PDC_SERVER[0]: SCHED: done running transformations
[13:35:43.666588] [WARNING] [pdc_tf_server.c:401] PDC_SERVER[3]: SCHED: executing edge 0 func=zfp_compress dev=GPU
[13:35:43.666737] [WARNING] [pdc_tf_server.c:401] PDC_SERVER[2]: SCHED: executing edge 0 func=zfp_compress dev=GPU
[13:35:43.683020] [WARNING] [pdc_server_region_cache.c:834] PDC_SERVER[0]: Flushed region via POSIX I/O in 0.816466 s
[13:35:43.683036] [WARNING] [pdc_server_region_cache.c:850] PDC_SERVER[0]: [2026-10-07 13:35:43.683032] Flushed 16.00 / 16.00 MB to storage
[INFO] PDC_SERVER[0]: Region flush iteration took 0.816506 s
[INFO] PDC_SERVER[0]: Starting flush for obj_id 4000000000, ndim=3
[13:35:43.684620] [WARNING] [pdc_server_region_cache.c:823] PDC_SERVER[0]: Region mapping lookup took 0.000000 s
[13:35:43.684625] [WARNING] [pdc_server_region_cache.c:828] PDC_SERVER[0]: No region mapping found for obj_id 4000000000
[13:35:43.711969] [WARNING] [pdc_tf_server.c:475] PDC_SERVER[3]: SCHED: done running transformations
[13:35:43.714174] [WARNING] [pdc_tf_server.c:475] PDC_SERVER[2]: SCHED: done running transformations
[INFO] PDC_SERVER[0]: Executing graph with json filepath /pscratch/sd/n/nlewi26/src/work_space/source/pdc/tf_client/graphs/zfp_gpu.json
[13:35:43.933298] [WARNING] [pdc_tf_server.c:393] PDC_SERVER[0]: SCHED: setting CUDA device to 0 for edge 0 func=zfp_compress
[13:35:43.933314] [WARNING] [pdc_tf_server.c:401] PDC_SERVER[0]: SCHED: executing edge 0 func=zfp_compress dev=GPU
[13:35:43.942552] [WARNING] [pdc_tf_server.c:475] PDC_SERVER[0]: SCHED: done running transformations
[13:35:43.947063] [WARNING] [pdc_tf_server.c:393] PDC_SERVER[1]: SCHED: setting CUDA device to 0 for edge 0 func=zfp_compress
[13:35:43.947097] [WARNING] [pdc_tf_server.c:401] PDC_SERVER[1]: SCHED: executing edge 0 func=zfp_compress dev=GPU
[13:35:43.956560] [WARNING] [pdc_tf_server.c:475] PDC_SERVER[1]: SCHED: done running transformations
[13:35:43.977987] [WARNING] [pdc_server_region_cache.c:834] PDC_SERVER[0]: Flushed region via POSIX I/O in 0.293350 s
[13:35:43.978002] [WARNING] [pdc_server_region_cache.c:850] PDC_SERVER[0]: [2026-10-07 13:35:43.977999] Flushed 16.00 / 16.00 MB to storage
[INFO] PDC_SERVER[0]: Region flush iteration took 0.293390 s
[INFO] PDC_SERVER[0]: Starting flush for obj_id 4000000000, ndim=3
[13:35:43.979591] [WARNING] [pdc_server_region_cache.c:823] PDC_SERVER[0]: Region mapping lookup took 0.000000 s
[13:35:43.979596] [WARNING] [pdc_server_region_cache.c:828] PDC_SERVER[0]: No region mapping found for obj_id 4000000000
[13:35:44.029815] [WARNING] [pdc_tf_server.c:393] PDC_SERVER[3]: SCHED: setting CUDA device to 0 for edge 0 func=zfp_compress
[13:35:44.029844] [WARNING] [pdc_tf_server.c:401] PDC_SERVER[3]: SCHED: executing edge 0 func=zfp_compress dev=GPU
[13:35:44.034999] [WARNING] [pdc_tf_server.c:393] PDC_SERVER[2]: SCHED: setting CUDA device to 0 for edge 0 func=zfp_compress
[13:35:44.035053] [WARNING] [pdc_tf_server.c:401] PDC_SERVER[2]: SCHED: executing edge 0 func=zfp_compress dev=GPU
[13:35:44.051238] [WARNING] [pdc_tf_server.c:475] PDC_SERVER[3]: SCHED: done running transformations
[13:35:44.054020] [WARNING] [pdc_tf_server.c:475] PDC_SERVER[2]: SCHED: done running transformations
[INFO] PDC_SERVER[0]: Executing graph with json filepath /pscratch/sd/n/nlewi26/src/work_space/source/pdc/tf_client/graphs/zfp_gpu.json
[13:35:44.244137] [WARNING] [pdc_tf_server.c:393] PDC_SERVER[0]: SCHED: setting CUDA device to 0 for edge 0 func=zfp_compress
[13:35:44.244152] [WARNING] [pdc_tf_server.c:401] PDC_SERVER[0]: SCHED: executing edge 0 func=zfp_compress dev=GPU
[13:35:44.253447] [WARNING] [pdc_tf_server.c:393] PDC_SERVER[1]: SCHED: setting CUDA device to 0 for edge 0 func=zfp_compress
[13:35:44.253484] [WARNING] [pdc_tf_server.c:401] PDC_SERVER[1]: SCHED: executing edge 0 func=zfp_compress dev=GPU
[13:35:44.261191] [WARNING] [pdc_tf_server.c:475] PDC_SERVER[0]: SCHED: done running transformations
[13:35:44.278173] [WARNING] [pdc_tf_server.c:475] PDC_SERVER[1]: SCHED: done running transformations
[13:35:44.297227] [WARNING] [pdc_server_region_cache.c:834] PDC_SERVER[0]: Flushed region via POSIX I/O in 0.317622 s
[13:35:44.297242] [WARNING] [pdc_server_region_cache.c:850] PDC_SERVER[0]: [2026-10-07 13:35:44.297238] Flushed 16.00 / 16.00 MB to storage
[INFO] PDC_SERVER[0]: Region flush iteration took 0.317658 s
[INFO] PDC_SERVER[0]: Starting flush for obj_id 4000000000, ndim=3
[13:35:44.301416] [WARNING] [pdc_server_region_cache.c:823] PDC_SERVER[0]: Region mapping lookup took 0.000000 s
[13:35:44.301421] [WARNING] [pdc_server_region_cache.c:828] PDC_SERVER[0]: No region mapping found for obj_id 4000000000
[13:35:44.361817] [WARNING] [pdc_tf_server.c:393] PDC_SERVER[3]: SCHED: setting CUDA device to 0 for edge 0 func=zfp_compress
[13:35:44.361846] [WARNING] [pdc_tf_server.c:401] PDC_SERVER[3]: SCHED: executing edge 0 func=zfp_compress dev=GPU
[13:35:44.369834] [WARNING] [pdc_tf_server.c:393] PDC_SERVER[2]: SCHED: setting CUDA device to 0 for edge 0 func=zfp_compress
[13:35:44.369857] [WARNING] [pdc_tf_server.c:401] PDC_SERVER[2]: SCHED: executing edge 0 func=zfp_compress dev=GPU
[13:35:44.374057] [WARNING] [pdc_tf_server.c:475] PDC_SERVER[3]: SCHED: done running transformations
[13:35:44.379806] [WARNING] [pdc_tf_server.c:475] PDC_SERVER[2]: SCHED: done running transformations
[INFO] PDC_SERVER[0]: Executing graph with json filepath /pscratch/sd/n/nlewi26/src/work_space/source/pdc/tf_client/graphs/zfp_gpu.json
[13:35:44.553009] [WARNING] [pdc_tf_server.c:393] PDC_SERVER[0]: SCHED: setting CUDA device to 0 for edge 0 func=zfp_compress
[13:35:44.553023] [WARNING] [pdc_tf_server.c:401] PDC_SERVER[0]: SCHED: executing edge 0 func=zfp_compress dev=GPU
[13:35:44.561349] [WARNING] [pdc_tf_server.c:475] PDC_SERVER[0]: SCHED: done running transformations
[13:35:44.566703] [WARNING] [pdc_tf_server.c:393] PDC_SERVER[1]: SCHED: setting CUDA device to 0 for edge 0 func=zfp_compress
[13:35:44.566733] [WARNING] [pdc_tf_server.c:401] PDC_SERVER[1]: SCHED: executing edge 0 func=zfp_compress dev=GPU
[13:35:44.576590] [WARNING] [pdc_tf_server.c:475] PDC_SERVER[1]: SCHED: done running transformations
[13:35:44.597599] [WARNING] [pdc_server_region_cache.c:834] PDC_SERVER[0]: Flushed region via POSIX I/O in 0.296169 s
[13:35:44.597614] [WARNING] [pdc_server_region_cache.c:850] PDC_SERVER[0]: [2026-10-07 13:35:44.597610] Flushed 16.00 / 16.00 MB to storage
[INFO] PDC_SERVER[0]: Region flush iteration took 0.296204 s
[INFO] PDC_SERVER[0]: Starting flush for obj_id 4000000000, ndim=3
[13:35:44.599157] [WARNING] [pdc_server_region_cache.c:823] PDC_SERVER[0]: Region mapping lookup took 0.000000 s
[13:35:44.599161] [WARNING] [pdc_server_region_cache.c:828] PDC_SERVER[0]: No region mapping found for obj_id 4000000000
[13:35:44.685954] [WARNING] [pdc_tf_server.c:393] PDC_SERVER[3]: SCHED: setting CUDA device to 0 for edge 0 func=zfp_compress
[13:35:44.686005] [WARNING] [pdc_tf_server.c:401] PDC_SERVER[3]: SCHED: executing edge 0 func=zfp_compress dev=GPU
[13:35:44.691180] [WARNING] [pdc_tf_server.c:393] PDC_SERVER[2]: SCHED: setting CUDA device to 0 for edge 0 func=zfp_compress
[13:35:44.691197] [WARNING] [pdc_tf_server.c:401] PDC_SERVER[2]: SCHED: executing edge 0 func=zfp_compress dev=GPU
[13:35:44.698886] [WARNING] [pdc_tf_server.c:475] PDC_SERVER[3]: SCHED: done running transformations
[13:35:44.702181] [WARNING] [pdc_tf_server.c:475] PDC_SERVER[2]: SCHED: done running transformations
[INFO] PDC_SERVER[0]: Executing graph with json filepath /pscratch/sd/n/nlewi26/src/work_space/source/pdc/tf_client/graphs/zfp_gpu.json
[13:35:44.848766] [WARNING] [pdc_tf_server.c:393] PDC_SERVER[0]: SCHED: setting CUDA device to 0 for edge 0 func=zfp_compress
[13:35:44.848781] [WARNING] [pdc_tf_server.c:401] PDC_SERVER[0]: SCHED: executing edge 0 func=zfp_compress dev=GPU
[13:35:44.858029] [WARNING] [pdc_tf_server.c:475] PDC_SERVER[0]: SCHED: done running transformations
[13:35:44.875428] [WARNING] [pdc_tf_server.c:393] PDC_SERVER[1]: SCHED: setting CUDA device to 0 for edge 0 func=zfp_compress
[13:35:44.875456] [WARNING] [pdc_tf_server.c:401] PDC_SERVER[1]: SCHED: executing edge 0 func=zfp_compress dev=GPU
[13:35:44.884851] [WARNING] [pdc_tf_server.c:475] PDC_SERVER[1]: SCHED: done running transformations
[13:35:44.894079] [WARNING] [pdc_server_region_cache.c:834] PDC_SERVER[0]: Flushed region via POSIX I/O in 0.294908 s
[13:35:44.894094] [WARNING] [pdc_server_region_cache.c:850] PDC_SERVER[0]: [2026-10-07 13:35:44.894090] Flushed 16.00 / 16.00 MB to storage
[INFO] PDC_SERVER[0]: Region flush iteration took 0.294943 s
[INFO] PDC_SERVER[0]: Starting flush for obj_id 4000000000, ndim=3
[13:35:44.895743] [WARNING] [pdc_server_region_cache.c:823] PDC_SERVER[0]: Region mapping lookup took 0.000000 s
[13:35:44.895748] [WARNING] [pdc_server_region_cache.c:828] PDC_SERVER[0]: No region mapping found for obj_id 4000000000
[13:35:45.015086] [WARNING] [pdc_tf_server.c:393] PDC_SERVER[3]: SCHED: setting CUDA device to 0 for edge 0 func=zfp_compress
[13:35:45.015115] [WARNING] [pdc_tf_server.c:401] PDC_SERVER[3]: SCHED: executing edge 0 func=zfp_compress dev=GPU
[13:35:45.020590] [WARNING] [pdc_tf_server.c:393] PDC_SERVER[2]: SCHED: setting CUDA device to 0 for edge 0 func=zfp_compress
[13:35:45.020623] [WARNING] [pdc_tf_server.c:401] PDC_SERVER[2]: SCHED: executing edge 0 func=zfp_compress dev=GPU
[13:35:45.026311] [WARNING] [pdc_tf_server.c:475] PDC_SERVER[3]: SCHED: done running transformations
[13:35:45.030630] [WARNING] [pdc_tf_server.c:475] PDC_SERVER[2]: SCHED: done running transformations
[INFO] PDC_SERVER[0]: Executing graph with json filepath /pscratch/sd/n/nlewi26/src/work_space/source/pdc/tf_client/graphs/zfp_gpu.json
[13:35:45.150958] [WARNING] [pdc_tf_server.c:393] PDC_SERVER[0]: SCHED: setting CUDA device to 0 for edge 0 func=zfp_compress
[13:35:45.150972] [WARNING] [pdc_tf_server.c:401] PDC_SERVER[0]: SCHED: executing edge 0 func=zfp_compress dev=GPU
[13:35:45.169413] [WARNING] [pdc_tf_server.c:393] PDC_SERVER[1]: SCHED: setting CUDA device to 0 for edge 0 func=zfp_compress
[13:35:45.169440] [WARNING] [pdc_tf_server.c:401] PDC_SERVER[1]: SCHED: executing edge 0 func=zfp_compress dev=GPU
[13:35:45.170832] [WARNING] [pdc_tf_server.c:475] PDC_SERVER[0]: SCHED: done running transformations
[13:35:45.191139] [WARNING] [pdc_tf_server.c:475] PDC_SERVER[1]: SCHED: done running transformations
[13:35:45.206654] [WARNING] [pdc_server_region_cache.c:834] PDC_SERVER[0]: Flushed region via POSIX I/O in 0.310895 s
[13:35:45.206671] [WARNING] [pdc_server_region_cache.c:850] PDC_SERVER[0]: [2026-10-07 13:35:45.206668] Flushed 16.00 / 16.00 MB to storage
[INFO] PDC_SERVER[0]: Region flush iteration took 0.310937 s
[INFO] PDC_SERVER[0]: Starting flush for obj_id 4000000000, ndim=3
[13:35:45.208393] [WARNING] [pdc_server_region_cache.c:823] PDC_SERVER[0]: Region mapping lookup took 0.000001 s
[13:35:45.208398] [WARNING] [pdc_server_region_cache.c:828] PDC_SERVER[0]: No region mapping found for obj_id 4000000000
[13:35:45.337459] [WARNING] [pdc_tf_server.c:393] PDC_SERVER[3]: SCHED: setting CUDA device to 0 for edge 0 func=zfp_compress
[13:35:45.337486] [WARNING] [pdc_tf_server.c:401] PDC_SERVER[3]: SCHED: executing edge 0 func=zfp_compress dev=GPU
[13:35:45.347810] [WARNING] [pdc_tf_server.c:393] PDC_SERVER[2]: SCHED: setting CUDA device to 0 for edge 0 func=zfp_compress
[13:35:45.347836] [WARNING] [pdc_tf_server.c:401] PDC_SERVER[2]: SCHED: executing edge 0 func=zfp_compress dev=GPU
[13:35:45.348346] [WARNING] [pdc_tf_server.c:475] PDC_SERVER[3]: SCHED: done running transformations
[13:35:45.359304] [WARNING] [pdc_tf_server.c:475] PDC_SERVER[2]: SCHED: done running transformations
[13:35:45.476661] [WARNING] [pdc_tf_server.c:393] PDC_SERVER[1]: SCHED: setting CUDA device to 0 for edge 0 func=zfp_compress
[13:35:45.476688] [WARNING] [pdc_tf_server.c:401] PDC_SERVER[1]: SCHED: executing edge 0 func=zfp_compress dev=GPU
[13:35:45.485946] [WARNING] [pdc_tf_server.c:475] PDC_SERVER[1]: SCHED: done running transformations
[INFO] PDC_SERVER[0]: Executing graph with json filepath /pscratch/sd/n/nlewi26/src/work_space/source/pdc/tf_client/graphs/zfp_gpu.json
[13:35:45.499090] [WARNING] [pdc_tf_server.c:393] PDC_SERVER[0]: SCHED: setting CUDA device to 0 for edge 0 func=zfp_compress
[13:35:45.499106] [WARNING] [pdc_tf_server.c:401] PDC_SERVER[0]: SCHED: executing edge 0 func=zfp_compress dev=GPU
[13:35:45.514743] [WARNING] [pdc_tf_server.c:475] PDC_SERVER[0]: SCHED: done running transformations
[13:35:45.550053] [WARNING] [pdc_server_region_cache.c:834] PDC_SERVER[0]: Flushed region via POSIX I/O in 0.341643 s
[13:35:45.550071] [WARNING] [pdc_server_region_cache.c:850] PDC_SERVER[0]: [2026-10-07 13:35:45.550067] Flushed 16.00 / 16.00 MB to storage
[INFO] PDC_SERVER[0]: Region flush iteration took 0.341686 s
[INFO] PDC_SERVER[0]: Starting flush for obj_id 4000000000, ndim=3
[13:35:45.553893] [WARNING] [pdc_server_region_cache.c:823] PDC_SERVER[0]: Region mapping lookup took 0.000000 s
[13:35:45.553898] [WARNING] [pdc_server_region_cache.c:828] PDC_SERVER[0]: No region mapping found for obj_id 4000000000
[13:35:45.658929] [WARNING] [pdc_tf_server.c:393] PDC_SERVER[3]: SCHED: setting CUDA device to 0 for edge 0 func=zfp_compress
[13:35:45.658958] [WARNING] [pdc_tf_server.c:401] PDC_SERVER[3]: SCHED: executing edge 0 func=zfp_compress dev=GPU
[13:35:45.674434] [WARNING] [pdc_tf_server.c:393] PDC_SERVER[2]: SCHED: setting CUDA device to 0 for edge 0 func=zfp_compress
[13:35:45.674462] [WARNING] [pdc_tf_server.c:401] PDC_SERVER[2]: SCHED: executing edge 0 func=zfp_compress dev=GPU
[13:35:45.684948] [WARNING] [pdc_tf_server.c:475] PDC_SERVER[3]: SCHED: done running transformations
[13:35:45.701616] [WARNING] [pdc_tf_server.c:475] PDC_SERVER[2]: SCHED: done running transformations
[13:35:45.784383] [WARNING] [pdc_tf_server.c:393] PDC_SERVER[1]: SCHED: setting CUDA device to 0 for edge 0 func=zfp_compress
[13:35:45.784413] [WARNING] [pdc_tf_server.c:401] PDC_SERVER[1]: SCHED: executing edge 0 func=zfp_compress dev=GPU
[13:35:45.794748] [WARNING] [pdc_tf_server.c:475] PDC_SERVER[1]: SCHED: done running transformations
[INFO] PDC_SERVER[0]: Executing graph with json filepath /pscratch/sd/n/nlewi26/src/work_space/source/pdc/tf_client/graphs/zfp_gpu.json
[13:35:45.803483] [WARNING] [pdc_tf_server.c:393] PDC_SERVER[0]: SCHED: setting CUDA device to 0 for edge 0 func=zfp_compress
[13:35:45.803497] [WARNING] [pdc_tf_server.c:401] PDC_SERVER[0]: SCHED: executing edge 0 func=zfp_compress dev=GPU
[13:35:45.812795] [WARNING] [pdc_tf_server.c:475] PDC_SERVER[0]: SCHED: done running transformations
[13:35:45.852473] [WARNING] [pdc_server_region_cache.c:834] PDC_SERVER[0]: Flushed region via POSIX I/O in 0.298562 s
[13:35:45.852489] [WARNING] [pdc_server_region_cache.c:850] PDC_SERVER[0]: [2026-10-07 13:35:45.852485] Flushed 16.00 / 16.00 MB to storage
[INFO] PDC_SERVER[0]: Region flush iteration took 0.298603 s
[INFO] PDC_SERVER[0]: Starting flush for obj_id 4000000000, ndim=3
[13:35:45.854067] [WARNING] [pdc_server_region_cache.c:823] PDC_SERVER[0]: Region mapping lookup took 0.000000 s
[13:35:45.854072] [WARNING] [pdc_server_region_cache.c:828] PDC_SERVER[0]: No region mapping found for obj_id 4000000000
[13:35:45.992682] [WARNING] [pdc_tf_server.c:393] PDC_SERVER[3]: SCHED: setting CUDA device to 0 for edge 0 func=zfp_compress
[13:35:45.992709] [WARNING] [pdc_tf_server.c:401] PDC_SERVER[3]: SCHED: executing edge 0 func=zfp_compress dev=GPU
[13:35:46.004686] [WARNING] [pdc_tf_server.c:475] PDC_SERVER[3]: SCHED: done running transformations
[13:35:46.021664] [WARNING] [pdc_tf_server.c:393] PDC_SERVER[2]: SCHED: setting CUDA device to 0 for edge 0 func=zfp_compress
[13:35:46.021688] [WARNING] [pdc_tf_server.c:401] PDC_SERVER[2]: SCHED: executing edge 0 func=zfp_compress dev=GPU
[13:35:46.030730] [WARNING] [pdc_tf_server.c:475] PDC_SERVER[2]: SCHED: done running transformations
[13:35:46.081805] [WARNING] [pdc_tf_server.c:393] PDC_SERVER[1]: SCHED: setting CUDA device to 0 for edge 0 func=zfp_compress
[13:35:46.081833] [WARNING] [pdc_tf_server.c:401] PDC_SERVER[1]: SCHED: executing edge 0 func=zfp_compress dev=GPU
[13:35:46.091052] [WARNING] [pdc_tf_server.c:475] PDC_SERVER[1]: SCHED: done running transformations
[INFO] PDC_SERVER[0]: Executing graph with json filepath /pscratch/sd/n/nlewi26/src/work_space/source/pdc/tf_client/graphs/zfp_gpu.json
[13:35:46.102417] [WARNING] [pdc_tf_server.c:393] PDC_SERVER[0]: SCHED: setting CUDA device to 0 for edge 0 func=zfp_compress
[13:35:46.102431] [WARNING] [pdc_tf_server.c:401] PDC_SERVER[0]: SCHED: executing edge 0 func=zfp_compress dev=GPU
[13:35:46.111677] [WARNING] [pdc_tf_server.c:475] PDC_SERVER[0]: SCHED: done running transformations
[13:35:46.148541] [WARNING] [pdc_server_region_cache.c:834] PDC_SERVER[0]: Flushed region via POSIX I/O in 0.294460 s
[13:35:46.148556] [WARNING] [pdc_server_region_cache.c:850] PDC_SERVER[0]: [2026-10-07 13:35:46.148553] Flushed 16.00 / 16.00 MB to storage
[INFO] PDC_SERVER[0]: Region flush iteration took 0.294496 s
[INFO] PDC_SERVER[0]: Starting flush for obj_id 4000000000, ndim=3
[13:35:46.150230] [WARNING] [pdc_server_region_cache.c:823] PDC_SERVER[0]: Region mapping lookup took 0.000001 s
[13:35:46.150238] [WARNING] [pdc_server_region_cache.c:828] PDC_SERVER[0]: No region mapping found for obj_id 4000000000
[13:35:46.340850] [WARNING] [pdc_tf_server.c:393] PDC_SERVER[3]: SCHED: setting CUDA device to 0 for edge 0 func=zfp_compress
[13:35:46.340879] [WARNING] [pdc_tf_server.c:401] PDC_SERVER[3]: SCHED: executing edge 0 func=zfp_compress dev=GPU
[13:35:46.347719] [WARNING] [pdc_tf_server.c:393] PDC_SERVER[2]: SCHED: setting CUDA device to 0 for edge 0 func=zfp_compress
[13:35:46.347768] [WARNING] [pdc_tf_server.c:401] PDC_SERVER[2]: SCHED: executing edge 0 func=zfp_compress dev=GPU
[13:35:46.353633] [WARNING] [pdc_tf_server.c:475] PDC_SERVER[3]: SCHED: done running transformations
[13:35:46.358864] [WARNING] [pdc_tf_server.c:475] PDC_SERVER[2]: SCHED: done running transformations
[13:35:46.375697] [WARNING] [pdc_tf_server.c:393] PDC_SERVER[1]: SCHED: setting CUDA device to 0 for edge 0 func=zfp_compress
[13:35:46.375727] [WARNING] [pdc_tf_server.c:401] PDC_SERVER[1]: SCHED: executing edge 0 func=zfp_compress dev=GPU
[13:35:46.385473] [WARNING] [pdc_tf_server.c:475] PDC_SERVER[1]: SCHED: done running transformations
[INFO] PDC_SERVER[0]: Executing graph with json filepath /pscratch/sd/n/nlewi26/src/work_space/source/pdc/tf_client/graphs/zfp_gpu.json
[13:35:46.398372] [WARNING] [pdc_tf_server.c:393] PDC_SERVER[0]: SCHED: setting CUDA device to 0 for edge 0 func=zfp_compress
[13:35:46.398387] [WARNING] [pdc_tf_server.c:401] PDC_SERVER[0]: SCHED: executing edge 0 func=zfp_compress dev=GPU
[13:35:46.417300] [WARNING] [pdc_tf_server.c:475] PDC_SERVER[0]: SCHED: done running transformations
[13:35:46.453211] [WARNING] [pdc_server_region_cache.c:834] PDC_SERVER[0]: Flushed region via POSIX I/O in 0.302963 s
[13:35:46.453224] [WARNING] [pdc_server_region_cache.c:850] PDC_SERVER[0]: [2026-10-07 13:35:46.453221] Flushed 16.00 / 16.00 MB to storage
[INFO] PDC_SERVER[0]: Region flush iteration took 0.303004 s
[INFO] PDC_SERVER[0]: Starting flush for obj_id 4000000000, ndim=3
[13:35:46.454777] [WARNING] [pdc_server_region_cache.c:823] PDC_SERVER[0]: Region mapping lookup took 0.000001 s
[13:35:46.454783] [WARNING] [pdc_server_region_cache.c:828] PDC_SERVER[0]: No region mapping found for obj_id 4000000000
[13:35:46.668615] [WARNING] [pdc_tf_server.c:393] PDC_SERVER[3]: SCHED: setting CUDA device to 0 for edge 0 func=zfp_compress
[13:35:46.668643] [WARNING] [pdc_tf_server.c:401] PDC_SERVER[3]: SCHED: executing edge 0 func=zfp_compress dev=GPU
[13:35:46.670518] [WARNING] [pdc_tf_server.c:393] PDC_SERVER[1]: SCHED: setting CUDA device to 0 for edge 0 func=zfp_compress
[13:35:46.670546] [WARNING] [pdc_tf_server.c:401] PDC_SERVER[1]: SCHED: executing edge 0 func=zfp_compress dev=GPU
[13:35:46.675117] [WARNING] [pdc_tf_server.c:393] PDC_SERVER[2]: SCHED: setting CUDA device to 0 for edge 0 func=zfp_compress
[13:35:46.675147] [WARNING] [pdc_tf_server.c:401] PDC_SERVER[2]: SCHED: executing edge 0 func=zfp_compress dev=GPU
[13:35:46.679731] [WARNING] [pdc_tf_server.c:475] PDC_SERVER[1]: SCHED: done running transformations
[13:35:46.680440] [WARNING] [pdc_tf_server.c:475] PDC_SERVER[3]: SCHED: done running transformations
[13:35:46.685744] [WARNING] [pdc_tf_server.c:475] PDC_SERVER[2]: SCHED: done running transformations
[INFO] PDC_SERVER[0]: Executing graph with json filepath /pscratch/sd/n/nlewi26/src/work_space/source/pdc/tf_client/graphs/zfp_gpu.json
[13:35:46.702738] [WARNING] [pdc_tf_server.c:393] PDC_SERVER[0]: SCHED: setting CUDA device to 0 for edge 0 func=zfp_compress
[13:35:46.702772] [WARNING] [pdc_tf_server.c:401] PDC_SERVER[0]: SCHED: executing edge 0 func=zfp_compress dev=GPU
[13:35:46.715662] [WARNING] [pdc_tf_server.c:475] PDC_SERVER[0]: SCHED: done running transformations
[13:35:46.751141] [WARNING] [pdc_server_region_cache.c:834] PDC_SERVER[0]: Flushed region via POSIX I/O in 0.296346 s
[13:35:46.751154] [WARNING] [pdc_server_region_cache.c:850] PDC_SERVER[0]: [2026-10-07 13:35:46.751151] Flushed 16.00 / 16.00 MB to storage
[INFO] PDC_SERVER[0]: Region flush iteration took 0.296385 s
[INFO] PDC_SERVER[0]: Starting flush for obj_id 4000000000, ndim=3
[13:35:46.752851] [WARNING] [pdc_server_region_cache.c:823] PDC_SERVER[0]: Region mapping lookup took 0.000000 s
[13:35:46.752856] [WARNING] [pdc_server_region_cache.c:828] PDC_SERVER[0]: No region mapping found for obj_id 4000000000
[13:35:46.963214] [WARNING] [pdc_tf_server.c:393] PDC_SERVER[1]: SCHED: setting CUDA device to 0 for edge 0 func=zfp_compress
[13:35:46.963242] [WARNING] [pdc_tf_server.c:401] PDC_SERVER[1]: SCHED: executing edge 0 func=zfp_compress dev=GPU
[13:35:46.972672] [WARNING] [pdc_tf_server.c:475] PDC_SERVER[1]: SCHED: done running transformations
[INFO] PDC_SERVER[0]: Executing graph with json filepath /pscratch/sd/n/nlewi26/src/work_space/source/pdc/tf_client/graphs/zfp_gpu.json
[13:35:46.999946] [WARNING] [pdc_tf_server.c:393] PDC_SERVER[0]: SCHED: setting CUDA device to 0 for edge 0 func=zfp_compress
[13:35:46.999969] [WARNING] [pdc_tf_server.c:401] PDC_SERVER[0]: SCHED: executing edge 0 func=zfp_compress dev=GPU
[13:35:47.000215] [WARNING] [pdc_tf_server.c:393] PDC_SERVER[3]: SCHED: setting CUDA device to 0 for edge 0 func=zfp_compress
[13:35:47.000243] [WARNING] [pdc_tf_server.c:401] PDC_SERVER[3]: SCHED: executing edge 0 func=zfp_compress dev=GPU
[13:35:47.009486] [WARNING] [pdc_tf_server.c:475] PDC_SERVER[0]: SCHED: done running transformations
[13:35:47.009956] [WARNING] [pdc_tf_server.c:393] PDC_SERVER[2]: SCHED: setting CUDA device to 0 for edge 0 func=zfp_compress
[13:35:47.009980] [WARNING] [pdc_tf_server.c:401] PDC_SERVER[2]: SCHED: executing edge 0 func=zfp_compress dev=GPU
[13:35:47.023809] [WARNING] [pdc_tf_server.c:475] PDC_SERVER[3]: SCHED: done running transformations
[13:35:47.029234] [WARNING] [pdc_tf_server.c:475] PDC_SERVER[2]: SCHED: done running transformations
[13:35:47.044920] [WARNING] [pdc_server_region_cache.c:834] PDC_SERVER[0]: Flushed region via POSIX I/O in 0.292054 s
[13:35:47.044934] [WARNING] [pdc_server_region_cache.c:850] PDC_SERVER[0]: [2026-10-07 13:35:47.044931] Flushed 16.00 / 16.00 MB to storage
[INFO] PDC_SERVER[0]: Region flush iteration took 0.292092 s
[INFO] PDC_SERVER[0]: Starting flush for obj_id 4000000000, ndim=3
[13:35:47.046550] [WARNING] [pdc_server_region_cache.c:823] PDC_SERVER[0]: Region mapping lookup took 0.000000 s
[13:35:47.046555] [WARNING] [pdc_server_region_cache.c:828] PDC_SERVER[0]: No region mapping found for obj_id 4000000000
[13:35:47.277701] [WARNING] [pdc_tf_server.c:393] PDC_SERVER[1]: SCHED: setting CUDA device to 0 for edge 0 func=zfp_compress
[13:35:47.277734] [WARNING] [pdc_tf_server.c:401] PDC_SERVER[1]: SCHED: executing edge 0 func=zfp_compress dev=GPU
[13:35:47.295998] [WARNING] [pdc_tf_server.c:475] PDC_SERVER[1]: SCHED: done running transformations
[INFO] PDC_SERVER[0]: Executing graph with json filepath /pscratch/sd/n/nlewi26/src/work_space/source/pdc/tf_client/graphs/zfp_gpu.json
[13:35:47.311257] [WARNING] [pdc_tf_server.c:393] PDC_SERVER[0]: SCHED: setting CUDA device to 0 for edge 0 func=zfp_compress
[13:35:47.311271] [WARNING] [pdc_tf_server.c:401] PDC_SERVER[0]: SCHED: executing edge 0 func=zfp_compress dev=GPU
[13:35:47.333389] [WARNING] [pdc_tf_server.c:475] PDC_SERVER[0]: SCHED: done running transformations
[13:35:47.333771] [WARNING] [pdc_tf_server.c:393] PDC_SERVER[3]: SCHED: setting CUDA device to 0 for edge 0 func=zfp_compress
[13:35:47.333798] [WARNING] [pdc_tf_server.c:401] PDC_SERVER[3]: SCHED: executing edge 0 func=zfp_compress dev=GPU
[13:35:47.344537] [WARNING] [pdc_tf_server.c:393] PDC_SERVER[2]: SCHED: setting CUDA device to 0 for edge 0 func=zfp_compress
[13:35:47.344584] [WARNING] [pdc_tf_server.c:401] PDC_SERVER[2]: SCHED: executing edge 0 func=zfp_compress dev=GPU
[13:35:47.344933] [WARNING] [pdc_tf_server.c:475] PDC_SERVER[3]: SCHED: done running transformations
[13:35:47.358158] [WARNING] [pdc_tf_server.c:475] PDC_SERVER[2]: SCHED: done running transformations
[13:35:47.369473] [WARNING] [pdc_server_region_cache.c:834] PDC_SERVER[0]: Flushed region via POSIX I/O in 0.322905 s
[13:35:47.369491] [WARNING] [pdc_server_region_cache.c:850] PDC_SERVER[0]: [2026-10-07 13:35:47.369487] Flushed 16.00 / 16.00 MB to storage
[INFO] PDC_SERVER[0]: Region flush iteration took 0.322949 s
[INFO] PDC_SERVER[0]: Starting flush for obj_id 4000000000, ndim=3
[13:35:47.370953] [WARNING] [pdc_server_region_cache.c:823] PDC_SERVER[0]: Region mapping lookup took 0.000000 s
[13:35:47.370958] [WARNING] [pdc_server_region_cache.c:828] PDC_SERVER[0]: No region mapping found for obj_id 4000000000
[13:35:47.589451] [WARNING] [pdc_tf_server.c:393] PDC_SERVER[1]: SCHED: setting CUDA device to 0 for edge 0 func=zfp_compress
[13:35:47.589501] [WARNING] [pdc_tf_server.c:401] PDC_SERVER[1]: SCHED: executing edge 0 func=zfp_compress dev=GPU
[13:35:47.597605] [WARNING] [pdc_tf_server.c:475] PDC_SERVER[1]: SCHED: done running transformations
[INFO] PDC_SERVER[0]: Executing graph with json filepath /pscratch/sd/n/nlewi26/src/work_space/source/pdc/tf_client/graphs/zfp_gpu.json
[13:35:47.623528] [WARNING] [pdc_tf_server.c:393] PDC_SERVER[0]: SCHED: setting CUDA device to 0 for edge 0 func=zfp_compress
[13:35:47.623543] [WARNING] [pdc_tf_server.c:401] PDC_SERVER[0]: SCHED: executing edge 0 func=zfp_compress dev=GPU
[13:35:47.631789] [WARNING] [pdc_tf_server.c:475] PDC_SERVER[0]: SCHED: done running transformations
[13:35:47.663848] [WARNING] [pdc_tf_server.c:393] PDC_SERVER[3]: SCHED: setting CUDA device to 0 for edge 0 func=zfp_compress
[13:35:47.663881] [WARNING] [pdc_tf_server.c:401] PDC_SERVER[3]: SCHED: executing edge 0 func=zfp_compress dev=GPU
[13:35:47.666899] [WARNING] [pdc_server_region_cache.c:834] PDC_SERVER[0]: Flushed region via POSIX I/O in 0.295927 s
[13:35:47.666920] [WARNING] [pdc_server_region_cache.c:850] PDC_SERVER[0]: [2026-10-07 13:35:47.666916] Flushed 16.00 / 16.00 MB to storage
[INFO] PDC_SERVER[0]: Region flush iteration took 0.295975 s
[INFO] PDC_SERVER[0]: Starting flush for obj_id 4000000000, ndim=3
[13:35:47.668359] [WARNING] [pdc_server_region_cache.c:823] PDC_SERVER[0]: Region mapping lookup took 0.000001 s
[13:35:47.668366] [WARNING] [pdc_server_region_cache.c:828] PDC_SERVER[0]: No region mapping found for obj_id 4000000000
[13:35:47.669961] [WARNING] [pdc_tf_server.c:393] PDC_SERVER[2]: SCHED: setting CUDA device to 0 for edge 0 func=zfp_compress
[13:35:47.669980] [WARNING] [pdc_tf_server.c:401] PDC_SERVER[2]: SCHED: executing edge 0 func=zfp_compress dev=GPU
[13:35:47.677231] [WARNING] [pdc_tf_server.c:475] PDC_SERVER[3]: SCHED: done running transformations
[13:35:47.681299] [WARNING] [pdc_tf_server.c:475] PDC_SERVER[2]: SCHED: done running transformations
[13:35:47.885119] [WARNING] [pdc_tf_server.c:393] PDC_SERVER[1]: SCHED: setting CUDA device to 0 for edge 0 func=zfp_compress
[13:35:47.885151] [WARNING] [pdc_tf_server.c:401] PDC_SERVER[1]: SCHED: executing edge 0 func=zfp_compress dev=GPU
[13:35:47.894145] [WARNING] [pdc_tf_server.c:475] PDC_SERVER[1]: SCHED: done running transformations
[INFO] PDC_SERVER[0]: Executing graph with json filepath /pscratch/sd/n/nlewi26/src/work_space/source/pdc/tf_client/graphs/zfp_gpu.json
[13:35:47.931082] [WARNING] [pdc_tf_server.c:393] PDC_SERVER[0]: SCHED: setting CUDA device to 0 for edge 0 func=zfp_compress
[13:35:47.931097] [WARNING] [pdc_tf_server.c:401] PDC_SERVER[0]: SCHED: executing edge 0 func=zfp_compress dev=GPU
[13:35:47.939857] [WARNING] [pdc_tf_server.c:475] PDC_SERVER[0]: SCHED: done running transformations
[13:35:47.983076] [WARNING] [pdc_server_region_cache.c:834] PDC_SERVER[0]: Flushed region via POSIX I/O in 0.314689 s
[13:35:47.983095] [WARNING] [pdc_server_region_cache.c:850] PDC_SERVER[0]: [2026-10-07 13:35:47.983090] Flushed 16.00 / 16.00 MB to storage
[INFO] PDC_SERVER[0]: Region flush iteration took 0.314745 s
[INFO] PDC_SERVER[0]: Starting flush for obj_id 4000000000, ndim=3
[13:35:47.984521] [WARNING] [pdc_server_region_cache.c:823] PDC_SERVER[0]: Region mapping lookup took 0.000000 s
[13:35:47.984528] [WARNING] [pdc_server_region_cache.c:828] PDC_SERVER[0]: No region mapping found for obj_id 4000000000
[13:35:47.992562] [WARNING] [pdc_tf_server.c:393] PDC_SERVER[3]: SCHED: setting CUDA device to 0 for edge 0 func=zfp_compress
[13:35:47.992613] [WARNING] [pdc_tf_server.c:401] PDC_SERVER[3]: SCHED: executing edge 0 func=zfp_compress dev=GPU
[13:35:47.993848] [WARNING] [pdc_tf_server.c:393] PDC_SERVER[2]: SCHED: setting CUDA device to 0 for edge 0 func=zfp_compress
[13:35:47.993876] [WARNING] [pdc_tf_server.c:401] PDC_SERVER[2]: SCHED: executing edge 0 func=zfp_compress dev=GPU
[13:35:48.005996] [WARNING] [pdc_tf_server.c:475] PDC_SERVER[3]: SCHED: done running transformations
[13:35:48.007343] [WARNING] [pdc_tf_server.c:475] PDC_SERVER[2]: SCHED: done running transformations
[13:35:48.190932] [WARNING] [pdc_tf_server.c:393] PDC_SERVER[1]: SCHED: setting CUDA device to 0 for edge 0 func=zfp_compress
[13:35:48.190959] [WARNING] [pdc_tf_server.c:401] PDC_SERVER[1]: SCHED: executing edge 0 func=zfp_compress dev=GPU
[13:35:48.209037] [WARNING] [pdc_tf_server.c:475] PDC_SERVER[1]: SCHED: done running transformations
[INFO] PDC_SERVER[0]: Executing graph with json filepath /pscratch/sd/n/nlewi26/src/work_space/source/pdc/tf_client/graphs/zfp_gpu.json
[13:35:48.236990] [WARNING] [pdc_tf_server.c:393] PDC_SERVER[0]: SCHED: setting CUDA device to 0 for edge 0 func=zfp_compress
[13:35:48.237006] [WARNING] [pdc_tf_server.c:401] PDC_SERVER[0]: SCHED: executing edge 0 func=zfp_compress dev=GPU
[13:35:48.249818] [WARNING] [pdc_tf_server.c:475] PDC_SERVER[0]: SCHED: done running transformations
[13:35:48.284490] [WARNING] [pdc_server_region_cache.c:834] PDC_SERVER[0]: Flushed region via POSIX I/O in 0.299951 s
[13:35:48.284504] [WARNING] [pdc_server_region_cache.c:850] PDC_SERVER[0]: [2026-10-07 13:35:48.284501] Flushed 16.00 / 16.00 MB to storage
[INFO] PDC_SERVER[0]: Region flush iteration took 0.299991 s
[13:35:48.322039] [WARNING] [pdc_tf_server.c:393] PDC_SERVER[2]: SCHED: setting CUDA device to 0 for edge 0 func=zfp_compress
[13:35:48.322066] [WARNING] [pdc_tf_server.c:401] PDC_SERVER[2]: SCHED: executing edge 0 func=zfp_compress dev=GPU
[13:35:48.323777] [WARNING] [pdc_tf_server.c:393] PDC_SERVER[3]: SCHED: setting CUDA device to 0 for edge 0 func=zfp_compress
[13:35:48.323792] [WARNING] [pdc_tf_server.c:401] PDC_SERVER[3]: SCHED: executing edge 0 func=zfp_compress dev=GPU
[13:35:48.344417] [WARNING] [pdc_tf_server.c:475] PDC_SERVER[2]: SCHED: done running transformations
[13:35:48.344484] [WARNING] [pdc_tf_server.c:475] PDC_SERVER[3]: SCHED: done running transformations
[13:35:48.655454] [WARNING] [pdc_tf_server.c:393] PDC_SERVER[2]: SCHED: setting CUDA device to 0 for edge 0 func=zfp_compress
[13:35:48.655511] [WARNING] [pdc_tf_server.c:401] PDC_SERVER[2]: SCHED: executing edge 0 func=zfp_compress dev=GPU
[13:35:48.659013] [WARNING] [pdc_tf_server.c:393] PDC_SERVER[3]: SCHED: setting CUDA device to 0 for edge 0 func=zfp_compress
[13:35:48.659058] [WARNING] [pdc_tf_server.c:401] PDC_SERVER[3]: SCHED: executing edge 0 func=zfp_compress dev=GPU
[13:35:48.670369] [WARNING] [pdc_tf_server.c:475] PDC_SERVER[2]: SCHED: done running transformations
[13:35:48.673398] [WARNING] [pdc_tf_server.c:475] PDC_SERVER[3]: SCHED: done running transformations
[INFO] PDC_SERVER[2]: Fetching region for obj_id=3000000002
[INFO] PDC_SERVER[2]: Checking against Object 2000000000
[INFO] PDC_SERVER[2]: Checking against Object 3000000000
[INFO] PDC_SERVER[2]: Checking against Object 4000000000
[INFO] PDC_SERVER[2]: Object 3000000002 NOT found in cache
[INFO] PDC_SERVER[2]: Fetching region from server for obj_id=3000000002
[INFO] PDC_SERVER[3]: Fetching region for obj_id=3000000002
[INFO] PDC_SERVER[3]: Checking against Object 2000000000
[INFO] PDC_SERVER[3]: Checking against Object 3000000000
[INFO] PDC_SERVER[3]: Checking against Object 4000000000
[INFO] PDC_SERVER[3]: Object 3000000002 NOT found in cache
[INFO] PDC_SERVER[3]: Fetching region from server for obj_id=3000000002
[INFO] PDC_SERVER[1]: Fetching region for obj_id=3000000002
[INFO] PDC_SERVER[1]: Checking against Object 2000000000
[INFO] PDC_SERVER[1]: Checking against Object 3000000000
[INFO] PDC_SERVER[1]: Checking against Object 4000000000
[INFO] PDC_SERVER[1]: Object 3000000002 NOT found in cache
[INFO] PDC_SERVER[1]: Fetching region from server for obj_id=3000000002
[INFO] PDC_SERVER[0]: Fetching region for obj_id=3000000002
[INFO] PDC_SERVER[0]: Checking against Object 2000000000
[INFO] PDC_SERVER[0]: Checking against Object 3000000000
[INFO] PDC_SERVER[0]: Checking against Object 4000000000
[INFO] PDC_SERVER[0]: Object 3000000002 NOT found in cache
[INFO] PDC_SERVER[0]: Fetching region from server for obj_id=3000000002
[13:35:48.736264] [WARNING] [pdc_tf_server.c:393] PDC_SERVER[3]: SCHED: setting CUDA device to 0 for edge 0 func=zfp_decompress
[13:35:48.736285] [WARNING] [pdc_tf_server.c:401] PDC_SERVER[3]: SCHED: executing edge 0 func=zfp_decompress dev=GPU
[13:35:48.737352] [WARNING] [pdc_tf_server.c:393] PDC_SERVER[2]: SCHED: setting CUDA device to 0 for edge 0 func=zfp_decompress
[13:35:48.737369] [WARNING] [pdc_tf_server.c:401] PDC_SERVER[2]: SCHED: executing edge 0 func=zfp_decompress dev=GPU
[13:35:48.737794] [WARNING] [pdc_tf_server.c:393] PDC_SERVER[1]: SCHED: setting CUDA device to 0 for edge 0 func=zfp_decompress
[13:35:48.737815] [WARNING] [pdc_tf_server.c:401] PDC_SERVER[1]: SCHED: executing edge 0 func=zfp_decompress dev=GPU
[INFO] PDC_SERVER[0]: Executing graph with json filepath /pscratch/sd/n/nlewi26/src/work_space/source/pdc/tf_client/graphs/zfp_gpu.json
[13:35:48.745376] [WARNING] [pdc_tf_server.c:393] PDC_SERVER[0]: SCHED: setting CUDA device to 0 for edge 0 func=zfp_decompress
[13:35:48.745390] [WARNING] [pdc_tf_server.c:401] PDC_SERVER[0]: SCHED: executing edge 0 func=zfp_decompress dev=GPU
[13:35:48.748793] [WARNING] [pdc_tf_server.c:475] PDC_SERVER[1]: SCHED: done running transformations
[INFO] PDC_SERVER[1]: Fetching region for obj_id=3000000002
[INFO] PDC_SERVER[1]: Checking against Object 2000000000
[INFO] PDC_SERVER[1]: Checking against Object 3000000000
[INFO] PDC_SERVER[1]: Checking against Object 4000000000
[INFO] PDC_SERVER[1]: Object 3000000002 NOT found in cache
[INFO] PDC_SERVER[1]: Fetching region from server for obj_id=3000000002
[13:35:48.754826] [WARNING] [pdc_tf_server.c:475] PDC_SERVER[0]: SCHED: done running transformations
[INFO] PDC_SERVER[0]: Fetching region for obj_id=3000000002
[INFO] PDC_SERVER[0]: Checking against Object 2000000000
[INFO] PDC_SERVER[0]: Checking against Object 3000000000
[INFO] PDC_SERVER[0]: Checking against Object 4000000000
[INFO] PDC_SERVER[0]: Object 3000000002 NOT found in cache
[INFO] PDC_SERVER[0]: Fetching region from server for obj_id=3000000002
[13:35:48.766021] [WARNING] [pdc_tf_server.c:475] PDC_SERVER[2]: SCHED: done running transformations
[13:35:48.766013] [WARNING] [pdc_tf_server.c:475] PDC_SERVER[3]: SCHED: done running transformations
[INFO] PDC_SERVER[2]: Fetching region for obj_id=3000000002
[INFO] PDC_SERVER[2]: Checking against Object 2000000000
[INFO] PDC_SERVER[2]: Checking against Object 3000000000
[INFO] PDC_SERVER[3]: Fetching region for obj_id=3000000002
[INFO] PDC_SERVER[3]: Checking against Object 2000000000
[INFO] PDC_SERVER[3]: Checking against Object 3000000000
[INFO] PDC_SERVER[3]: Checking against Object 4000000000
[INFO] PDC_SERVER[3]: Object 3000000002 NOT found in cache
[INFO] PDC_SERVER[3]: Fetching region from server for obj_id=3000000002
[INFO] PDC_SERVER[2]: Checking against Object 4000000000
[INFO] PDC_SERVER[2]: Object 3000000002 NOT found in cache
[INFO] PDC_SERVER[2]: Fetching region from server for obj_id=3000000002
[13:35:48.772327] [WARNING] [pdc_tf_server.c:393] PDC_SERVER[1]: SCHED: setting CUDA device to 0 for edge 0 func=zfp_decompress
[13:35:48.772347] [WARNING] [pdc_tf_server.c:401] PDC_SERVER[1]: SCHED: executing edge 0 func=zfp_decompress dev=GPU
[INFO] PDC_SERVER[0]: Executing graph with json filepath /pscratch/sd/n/nlewi26/src/work_space/source/pdc/tf_client/graphs/zfp_gpu.json
[13:35:48.775737] [WARNING] [pdc_tf_server.c:393] PDC_SERVER[0]: SCHED: setting CUDA device to 0 for edge 0 func=zfp_decompress
[13:35:48.775763] [WARNING] [pdc_tf_server.c:401] PDC_SERVER[0]: SCHED: executing edge 0 func=zfp_decompress dev=GPU
[13:35:48.782684] [WARNING] [pdc_tf_server.c:475] PDC_SERVER[1]: SCHED: done running transformations
[13:35:48.784778] [WARNING] [pdc_tf_server.c:475] PDC_SERVER[0]: SCHED: done running transformations
[INFO] PDC_SERVER[1]: Fetching region for obj_id=3000000002
[INFO] PDC_SERVER[1]: Checking against Object 2000000000
[INFO] PDC_SERVER[1]: Checking against Object 3000000000
[INFO] PDC_SERVER[1]: Checking against Object 4000000000
[INFO] PDC_SERVER[1]: Object 3000000002 NOT found in cache
[INFO] PDC_SERVER[1]: Fetching region from server for obj_id=3000000002
[13:35:48.788043] [WARNING] [pdc_tf_server.c:393] PDC_SERVER[2]: SCHED: setting CUDA device to 0 for edge 0 func=zfp_decompress
[13:35:48.788062] [WARNING] [pdc_tf_server.c:401] PDC_SERVER[2]: SCHED: executing edge 0 func=zfp_decompress dev=GPU
[INFO] PDC_SERVER[0]: Fetching region for obj_id=3000000002
[INFO] PDC_SERVER[0]: Checking against Object 2000000000
[INFO] PDC_SERVER[0]: Checking against Object 3000000000
[INFO] PDC_SERVER[0]: Checking against Object 4000000000
[INFO] PDC_SERVER[0]: Object 3000000002 NOT found in cache
[INFO] PDC_SERVER[0]: Fetching region from server for obj_id=3000000002
[13:35:48.792404] [WARNING] [pdc_tf_server.c:393] PDC_SERVER[3]: SCHED: setting CUDA device to 0 for edge 0 func=zfp_decompress
[13:35:48.792430] [WARNING] [pdc_tf_server.c:401] PDC_SERVER[3]: SCHED: executing edge 0 func=zfp_decompress dev=GPU
[13:35:48.799679] [WARNING] [pdc_tf_server.c:475] PDC_SERVER[2]: SCHED: done running transformations
[13:35:48.803692] [WARNING] [pdc_tf_server.c:393] PDC_SERVER[1]: SCHED: setting CUDA device to 0 for edge 0 func=zfp_decompress
[13:35:48.803717] [WARNING] [pdc_tf_server.c:401] PDC_SERVER[1]: SCHED: executing edge 0 func=zfp_decompress dev=GPU
[13:35:48.804906] [WARNING] [pdc_tf_server.c:475] PDC_SERVER[3]: SCHED: done running transformations
[INFO] PDC_SERVER[2]: Fetching region for obj_id=3000000002
[INFO] PDC_SERVER[2]: Checking against Object 2000000000
[INFO] PDC_SERVER[2]: Checking against Object 3000000000
[INFO] PDC_SERVER[2]: Checking against Object 4000000000
[INFO] PDC_SERVER[2]: Object 3000000002 NOT found in cache
[INFO] PDC_SERVER[2]: Fetching region from server for obj_id=3000000002
[INFO] PDC_SERVER[0]: Executing graph with json filepath /pscratch/sd/n/nlewi26/src/work_space/source/pdc/tf_client/graphs/zfp_gpu.json
[13:35:48.805917] [WARNING] [pdc_tf_server.c:393] PDC_SERVER[0]: SCHED: setting CUDA device to 0 for edge 0 func=zfp_decompress
[13:35:48.805929] [WARNING] [pdc_tf_server.c:401] PDC_SERVER[0]: SCHED: executing edge 0 func=zfp_decompress dev=GPU
[INFO] PDC_SERVER[3]: Fetching region for obj_id=3000000002
[INFO] PDC_SERVER[3]: Checking against Object 2000000000
[INFO] PDC_SERVER[3]: Checking against Object 3000000000
[INFO] PDC_SERVER[3]: Checking against Object 4000000000
[INFO] PDC_SERVER[3]: Object 3000000002 NOT found in cache
[INFO] PDC_SERVER[3]: Fetching region from server for obj_id=3000000002
[13:35:48.813295] [WARNING] [pdc_tf_server.c:475] PDC_SERVER[1]: SCHED: done running transformations
[13:35:48.815232] [WARNING] [pdc_tf_server.c:475] PDC_SERVER[0]: SCHED: done running transformations
[INFO] PDC_SERVER[1]: Fetching region for obj_id=3000000002
[INFO] PDC_SERVER[1]: Checking against Object 2000000000
[INFO] PDC_SERVER[1]: Checking against Object 3000000000
[INFO] PDC_SERVER[1]: Checking against Object 4000000000
[INFO] PDC_SERVER[1]: Object 3000000002 NOT found in cache
[INFO] PDC_SERVER[1]: Fetching region from server for obj_id=3000000002
[INFO] PDC_SERVER[0]: Fetching region for obj_id=3000000002
[INFO] PDC_SERVER[0]: Checking against Object 2000000000
[INFO] PDC_SERVER[0]: Checking against Object 3000000000
[INFO] PDC_SERVER[0]: Checking against Object 4000000000
[INFO] PDC_SERVER[0]: Object 3000000002 NOT found in cache
[INFO] PDC_SERVER[0]: Fetching region from server for obj_id=3000000002
[13:35:48.822916] [WARNING] [pdc_tf_server.c:393] PDC_SERVER[2]: SCHED: setting CUDA device to 0 for edge 0 func=zfp_decompress
[13:35:48.822938] [WARNING] [pdc_tf_server.c:401] PDC_SERVER[2]: SCHED: executing edge 0 func=zfp_decompress dev=GPU
[13:35:48.834967] [WARNING] [pdc_tf_server.c:475] PDC_SERVER[2]: SCHED: done running transformations
[13:35:48.835378] [WARNING] [pdc_tf_server.c:393] PDC_SERVER[3]: SCHED: setting CUDA device to 0 for edge 0 func=zfp_decompress
[13:35:48.835403] [WARNING] [pdc_tf_server.c:401] PDC_SERVER[3]: SCHED: executing edge 0 func=zfp_decompress dev=GPU
[INFO] PDC_SERVER[0]: Executing graph with json filepath /pscratch/sd/n/nlewi26/src/work_space/source/pdc/tf_client/graphs/zfp_gpu.json
[13:35:48.835471] [WARNING] [pdc_tf_server.c:393] PDC_SERVER[0]: SCHED: setting CUDA device to 0 for edge 0 func=zfp_decompress
[13:35:48.835482] [WARNING] [pdc_tf_server.c:401] PDC_SERVER[0]: SCHED: executing edge 0 func=zfp_decompress dev=GPU
[13:35:48.840055] [WARNING] [pdc_tf_server.c:393] PDC_SERVER[1]: SCHED: setting CUDA device to 0 for edge 0 func=zfp_decompress
[13:35:48.840076] [WARNING] [pdc_tf_server.c:401] PDC_SERVER[1]: SCHED: executing edge 0 func=zfp_decompress dev=GPU
[13:35:48.843540] [WARNING] [pdc_tf_server.c:475] PDC_SERVER[0]: SCHED: done running transformations
[INFO] PDC_SERVER[2]: Fetching region for obj_id=3000000002
[INFO] PDC_SERVER[2]: Checking against Object 2000000000
[INFO] PDC_SERVER[2]: Checking against Object 3000000000
[INFO] PDC_SERVER[2]: Checking against Object 4000000000
[INFO] PDC_SERVER[2]: Object 3000000002 NOT found in cache
[INFO] PDC_SERVER[2]: Fetching region from server for obj_id=3000000002
[13:35:48.847912] [WARNING] [pdc_tf_server.c:475] PDC_SERVER[3]: SCHED: done running transformations
[13:35:48.848542] [WARNING] [pdc_tf_server.c:475] PDC_SERVER[1]: SCHED: done running transformations
[INFO] PDC_SERVER[0]: Fetching region for obj_id=3000000002
[INFO] PDC_SERVER[0]: Checking against Object 2000000000
[INFO] PDC_SERVER[0]: Checking against Object 3000000000
[INFO] PDC_SERVER[0]: Checking against Object 4000000000
[INFO] PDC_SERVER[0]: Object 3000000002 NOT found in cache
[INFO] PDC_SERVER[0]: Fetching region from server for obj_id=3000000002
[INFO] PDC_SERVER[1]: Fetching region for obj_id=3000000002
[INFO] PDC_SERVER[1]: Checking against Object 2000000000
[INFO] PDC_SERVER[1]: Checking against Object 3000000000
[INFO] PDC_SERVER[1]: Checking against Object 4000000000
[INFO] PDC_SERVER[1]: Object 3000000002 NOT found in cache
[INFO] PDC_SERVER[1]: Fetching region from server for obj_id=3000000002
[INFO] PDC_SERVER[3]: Fetching region for obj_id=3000000002
[INFO] PDC_SERVER[3]: Checking against Object 2000000000
[INFO] PDC_SERVER[3]: Checking against Object 3000000000
[INFO] PDC_SERVER[3]: Checking against Object 4000000000
[INFO] PDC_SERVER[3]: Object 3000000002 NOT found in cache
[INFO] PDC_SERVER[3]: Fetching region from server for obj_id=3000000002
[INFO] PDC_SERVER[0]: Executing graph with json filepath /pscratch/sd/n/nlewi26/src/work_space/source/pdc/tf_client/graphs/zfp_gpu.json
[13:35:48.864662] [WARNING] [pdc_tf_server.c:393] PDC_SERVER[0]: SCHED: setting CUDA device to 0 for edge 0 func=zfp_decompress
[13:35:48.864675] [WARNING] [pdc_tf_server.c:401] PDC_SERVER[0]: SCHED: executing edge 0 func=zfp_decompress dev=GPU
[13:35:48.867117] [WARNING] [pdc_tf_server.c:393] PDC_SERVER[2]: SCHED: setting CUDA device to 0 for edge 0 func=zfp_decompress
[13:35:48.867141] [WARNING] [pdc_tf_server.c:401] PDC_SERVER[2]: SCHED: executing edge 0 func=zfp_decompress dev=GPU
[13:35:48.870020] [WARNING] [pdc_tf_server.c:393] PDC_SERVER[1]: SCHED: setting CUDA device to 0 for edge 0 func=zfp_decompress
[13:35:48.870036] [WARNING] [pdc_tf_server.c:401] PDC_SERVER[1]: SCHED: executing edge 0 func=zfp_decompress dev=GPU
[13:35:48.872779] [WARNING] [pdc_tf_server.c:475] PDC_SERVER[0]: SCHED: done running transformations
[13:35:48.877127] [WARNING] [pdc_tf_server.c:393] PDC_SERVER[3]: SCHED: setting CUDA device to 0 for edge 0 func=zfp_decompress
[13:35:48.877149] [WARNING] [pdc_tf_server.c:401] PDC_SERVER[3]: SCHED: executing edge 0 func=zfp_decompress dev=GPU
[INFO] PDC_SERVER[0]: Fetching region for obj_id=3000000002
[INFO] PDC_SERVER[0]: Checking against Object 2000000000
[INFO] PDC_SERVER[0]: Checking against Object 3000000000
[INFO] PDC_SERVER[0]: Checking against Object 4000000000
[INFO] PDC_SERVER[0]: Object 3000000002 NOT found in cache
[13:35:48.877876] [WARNING] [pdc_tf_server.c:475] PDC_SERVER[2]: SCHED: done running transformations
[INFO] PDC_SERVER[0]: Fetching region from server for obj_id=3000000002
[13:35:48.880110] [WARNING] [pdc_tf_server.c:475] PDC_SERVER[1]: SCHED: done running transformations
[INFO] PDC_SERVER[1]: Fetching region for obj_id=3000000002
[INFO] PDC_SERVER[1]: Checking against Object 2000000000
[INFO] PDC_SERVER[1]: Checking against Object 3000000000
[INFO] PDC_SERVER[1]: Checking against Object 4000000000
[INFO] PDC_SERVER[1]: Object 3000000002 NOT found in cache
[INFO] PDC_SERVER[1]: Fetching region from server for obj_id=3000000002
[INFO] PDC_SERVER[2]: Fetching region for obj_id=3000000002
[INFO] PDC_SERVER[2]: Checking against Object 2000000000
[INFO] PDC_SERVER[2]: Checking against Object 3000000000
[INFO] PDC_SERVER[2]: Checking against Object 4000000000
[INFO] PDC_SERVER[2]: Object 3000000002 NOT found in cache
[INFO] PDC_SERVER[2]: Fetching region from server for obj_id=3000000002
[13:35:48.890552] [WARNING] [pdc_tf_server.c:475] PDC_SERVER[3]: SCHED: done running transformations
[INFO] PDC_SERVER[0]: Executing graph with json filepath /pscratch/sd/n/nlewi26/src/work_space/source/pdc/tf_client/graphs/zfp_gpu.json
[13:35:48.893864] [WARNING] [pdc_tf_server.c:393] PDC_SERVER[0]: SCHED: setting CUDA device to 0 for edge 0 func=zfp_decompress
[13:35:48.893874] [WARNING] [pdc_tf_server.c:401] PDC_SERVER[0]: SCHED: executing edge 0 func=zfp_decompress dev=GPU
[INFO] PDC_SERVER[3]: Fetching region for obj_id=3000000002
[INFO] PDC_SERVER[3]: Checking against Object 2000000000
[INFO] PDC_SERVER[3]: Checking against Object 3000000000
[INFO] PDC_SERVER[3]: Checking against Object 4000000000
[INFO] PDC_SERVER[3]: Object 3000000002 NOT found in cache
[INFO] PDC_SERVER[3]: Fetching region from server for obj_id=3000000002
[13:35:48.901215] [WARNING] [pdc_tf_server.c:393] PDC_SERVER[1]: SCHED: setting CUDA device to 0 for edge 0 func=zfp_decompress
[13:35:48.901231] [WARNING] [pdc_tf_server.c:401] PDC_SERVER[1]: SCHED: executing edge 0 func=zfp_decompress dev=GPU
[13:35:48.901976] [WARNING] [pdc_tf_server.c:475] PDC_SERVER[0]: SCHED: done running transformations
[13:35:48.905923] [WARNING] [pdc_tf_server.c:393] PDC_SERVER[2]: SCHED: setting CUDA device to 0 for edge 0 func=zfp_decompress
[13:35:48.905938] [WARNING] [pdc_tf_server.c:401] PDC_SERVER[2]: SCHED: executing edge 0 func=zfp_decompress dev=GPU
[INFO] PDC_SERVER[0]: Fetching region for obj_id=3000000002
[INFO] PDC_SERVER[0]: Checking against Object 2000000000
[INFO] PDC_SERVER[0]: Checking against Object 3000000000
[INFO] PDC_SERVER[0]: Checking against Object 4000000000
[INFO] PDC_SERVER[0]: Object 3000000002 NOT found in cache
[INFO] PDC_SERVER[0]: Fetching region from server for obj_id=3000000002
[13:35:48.911109] [WARNING] [pdc_tf_server.c:475] PDC_SERVER[1]: SCHED: done running transformations
[13:35:48.912425] [WARNING] [pdc_tf_server.c:393] PDC_SERVER[3]: SCHED: setting CUDA device to 0 for edge 0 func=zfp_decompress
[13:35:48.912440] [WARNING] [pdc_tf_server.c:401] PDC_SERVER[3]: SCHED: executing edge 0 func=zfp_decompress dev=GPU
[INFO] PDC_SERVER[1]: Fetching region for obj_id=3000000002
[INFO] PDC_SERVER[1]: Checking against Object 2000000000
[INFO] PDC_SERVER[1]: Checking against Object 3000000000
[INFO] PDC_SERVER[1]: Checking against Object 4000000000
[INFO] PDC_SERVER[1]: Object 3000000002 NOT found in cache
[INFO] PDC_SERVER[1]: Fetching region from server for obj_id=3000000002
[13:35:48.916382] [WARNING] [pdc_tf_server.c:475] PDC_SERVER[2]: SCHED: done running transformations
[INFO] PDC_SERVER[2]: Fetching region for obj_id=3000000002
[INFO] PDC_SERVER[2]: Checking against Object 2000000000
[INFO] PDC_SERVER[2]: Checking against Object 3000000000
[INFO] PDC_SERVER[2]: Checking against Object 4000000000
[INFO] PDC_SERVER[2]: Object 3000000002 NOT found in cache
[INFO] PDC_SERVER[2]: Fetching region from server for obj_id=3000000002
[13:35:48.923642] [WARNING] [pdc_tf_server.c:475] PDC_SERVER[3]: SCHED: done running transformations
[INFO] PDC_SERVER[0]: Executing graph with json filepath /pscratch/sd/n/nlewi26/src/work_space/source/pdc/tf_client/graphs/zfp_gpu.json
[13:35:48.925213] [WARNING] [pdc_tf_server.c:393] PDC_SERVER[0]: SCHED: setting CUDA device to 0 for edge 0 func=zfp_decompress
[13:35:48.925223] [WARNING] [pdc_tf_server.c:401] PDC_SERVER[0]: SCHED: executing edge 0 func=zfp_decompress dev=GPU
[INFO] PDC_SERVER[3]: Fetching region for obj_id=3000000002
[INFO] PDC_SERVER[3]: Checking against Object 2000000000
[INFO] PDC_SERVER[3]: Checking against Object 3000000000
[INFO] PDC_SERVER[3]: Checking against Object 4000000000
[INFO] PDC_SERVER[3]: Object 3000000002 NOT found in cache
[INFO] PDC_SERVER[3]: Fetching region from server for obj_id=3000000002
[13:35:48.932232] [WARNING] [pdc_tf_server.c:393] PDC_SERVER[1]: SCHED: setting CUDA device to 0 for edge 0 func=zfp_decompress
[13:35:48.932249] [WARNING] [pdc_tf_server.c:401] PDC_SERVER[1]: SCHED: executing edge 0 func=zfp_decompress dev=GPU
[13:35:48.933340] [WARNING] [pdc_tf_server.c:475] PDC_SERVER[0]: SCHED: done running transformations
[INFO] PDC_SERVER[0]: Fetching region for obj_id=3000000002
[INFO] PDC_SERVER[0]: Checking against Object 2000000000
[INFO] PDC_SERVER[0]: Checking against Object 3000000000
[INFO] PDC_SERVER[0]: Checking against Object 4000000000
[INFO] PDC_SERVER[0]: Object 3000000002 NOT found in cache
[INFO] PDC_SERVER[0]: Fetching region from server for obj_id=3000000002
[13:35:48.939995] [WARNING] [pdc_tf_server.c:393] PDC_SERVER[2]: SCHED: setting CUDA device to 0 for edge 0 func=zfp_decompress
[13:35:48.940011] [WARNING] [pdc_tf_server.c:401] PDC_SERVER[2]: SCHED: executing edge 0 func=zfp_decompress dev=GPU
[13:35:48.942307] [WARNING] [pdc_tf_server.c:475] PDC_SERVER[1]: SCHED: done running transformations
[13:35:48.946006] [WARNING] [pdc_tf_server.c:393] PDC_SERVER[3]: SCHED: setting CUDA device to 0 for edge 0 func=zfp_decompress
[13:35:48.946027] [WARNING] [pdc_tf_server.c:401] PDC_SERVER[3]: SCHED: executing edge 0 func=zfp_decompress dev=GPU
[INFO] PDC_SERVER[1]: Fetching region for obj_id=3000000002
[INFO] PDC_SERVER[1]: Checking against Object 2000000000
[INFO] PDC_SERVER[1]: Checking against Object 3000000000
[INFO] PDC_SERVER[1]: Checking against Object 4000000000
[INFO] PDC_SERVER[1]: Object 3000000002 NOT found in cache
[INFO] PDC_SERVER[1]: Fetching region from server for obj_id=3000000002
[13:35:48.950275] [WARNING] [pdc_tf_server.c:475] PDC_SERVER[2]: SCHED: done running transformations
[INFO] PDC_SERVER[0]: Executing graph with json filepath /pscratch/sd/n/nlewi26/src/work_space/source/pdc/tf_client/graphs/zfp_gpu.json
[13:35:48.954477] [WARNING] [pdc_tf_server.c:393] PDC_SERVER[0]: SCHED: setting CUDA device to 0 for edge 0 func=zfp_decompress
[13:35:48.954487] [WARNING] [pdc_tf_server.c:401] PDC_SERVER[0]: SCHED: executing edge 0 func=zfp_decompress dev=GPU
[INFO] PDC_SERVER[2]: Fetching region for obj_id=3000000002
[INFO] PDC_SERVER[2]: Checking against Object 2000000000
[INFO] PDC_SERVER[2]: Checking against Object 3000000000
[INFO] PDC_SERVER[2]: Checking against Object 4000000000
[INFO] PDC_SERVER[2]: Object 3000000002 NOT found in cache
[INFO] PDC_SERVER[2]: Fetching region from server for obj_id=3000000002
[13:35:48.957500] [WARNING] [pdc_tf_server.c:475] PDC_SERVER[3]: SCHED: done running transformations
[13:35:48.962634] [WARNING] [pdc_tf_server.c:475] PDC_SERVER[0]: SCHED: done running transformations
[13:35:48.963154] [WARNING] [pdc_tf_server.c:393] PDC_SERVER[1]: SCHED: setting CUDA device to 0 for edge 0 func=zfp_decompress
[13:35:48.963167] [WARNING] [pdc_tf_server.c:401] PDC_SERVER[1]: SCHED: executing edge 0 func=zfp_decompress dev=GPU
[INFO] PDC_SERVER[3]: Fetching region for obj_id=3000000002
[INFO] PDC_SERVER[3]: Checking against Object 2000000000
[INFO] PDC_SERVER[3]: Checking against Object 3000000000
[INFO] PDC_SERVER[3]: Checking against Object 4000000000
[INFO] PDC_SERVER[3]: Object 3000000002 NOT found in cache
[INFO] PDC_SERVER[3]: Fetching region from server for obj_id=3000000002
[INFO] PDC_SERVER[0]: Fetching region for obj_id=3000000002
[INFO] PDC_SERVER[0]: Checking against Object 2000000000
[INFO] PDC_SERVER[0]: Checking against Object 3000000000
[INFO] PDC_SERVER[0]: Checking against Object 4000000000
[INFO] PDC_SERVER[0]: Object 3000000002 NOT found in cache
[INFO] PDC_SERVER[0]: Fetching region from server for obj_id=3000000002
[13:35:48.971821] [WARNING] [pdc_tf_server.c:475] PDC_SERVER[1]: SCHED: done running transformations
[13:35:48.973487] [WARNING] [pdc_tf_server.c:393] PDC_SERVER[2]: SCHED: setting CUDA device to 0 for edge 0 func=zfp_decompress
[13:35:48.973507] [WARNING] [pdc_tf_server.c:401] PDC_SERVER[2]: SCHED: executing edge 0 func=zfp_decompress dev=GPU
[INFO] PDC_SERVER[1]: Fetching region for obj_id=3000000002
[INFO] PDC_SERVER[1]: Checking against Object 2000000000
[INFO] PDC_SERVER[1]: Checking against Object 3000000000
[INFO] PDC_SERVER[1]: Checking against Object 4000000000
[INFO] PDC_SERVER[1]: Object 3000000002 NOT found in cache
[INFO] PDC_SERVER[1]: Fetching region from server for obj_id=3000000002
[13:35:48.980254] [WARNING] [pdc_tf_server.c:393] PDC_SERVER[3]: SCHED: setting CUDA device to 0 for edge 0 func=zfp_decompress
[13:35:48.980271] [WARNING] [pdc_tf_server.c:401] PDC_SERVER[3]: SCHED: executing edge 0 func=zfp_decompress dev=GPU
[INFO] PDC_SERVER[0]: Executing graph with json filepath /pscratch/sd/n/nlewi26/src/work_space/source/pdc/tf_client/graphs/zfp_gpu.json
[13:35:48.983889] [WARNING] [pdc_tf_server.c:393] PDC_SERVER[0]: SCHED: setting CUDA device to 0 for edge 0 func=zfp_decompress
[13:35:48.983900] [WARNING] [pdc_tf_server.c:401] PDC_SERVER[0]: SCHED: executing edge 0 func=zfp_decompress dev=GPU
[13:35:48.984478] [WARNING] [pdc_tf_server.c:475] PDC_SERVER[2]: SCHED: done running transformations
[INFO] PDC_SERVER[2]: Fetching region for obj_id=3000000002
[INFO] PDC_SERVER[2]: Checking against Object 2000000000
[INFO] PDC_SERVER[2]: Checking against Object 3000000000
[INFO] PDC_SERVER[2]: Checking against Object 4000000000
[INFO] PDC_SERVER[2]: Object 3000000002 NOT found in cache
[INFO] PDC_SERVER[2]: Fetching region from server for obj_id=3000000002
[13:35:48.991807] [WARNING] [pdc_tf_server.c:475] PDC_SERVER[3]: SCHED: done running transformations
[13:35:48.992590] [WARNING] [pdc_tf_server.c:393] PDC_SERVER[1]: SCHED: setting CUDA device to 0 for edge 0 func=zfp_decompress
[13:35:48.992604] [WARNING] [pdc_tf_server.c:401] PDC_SERVER[1]: SCHED: executing edge 0 func=zfp_decompress dev=GPU
[13:35:48.992759] [WARNING] [pdc_tf_server.c:475] PDC_SERVER[0]: SCHED: done running transformations
[INFO] PDC_SERVER[3]: Fetching region for obj_id=3000000002
[INFO] PDC_SERVER[3]: Checking against Object 2000000000
[INFO] PDC_SERVER[3]: Checking against Object 3000000000
[INFO] PDC_SERVER[3]: Checking against Object 4000000000
[INFO] PDC_SERVER[3]: Object 3000000002 NOT found in cache
[INFO] PDC_SERVER[3]: Fetching region from server for obj_id=3000000002
[INFO] PDC_SERVER[0]: Fetching region for obj_id=3000000002
[INFO] PDC_SERVER[0]: Checking against Object 2000000000
[INFO] PDC_SERVER[0]: Checking against Object 3000000000
[INFO] PDC_SERVER[0]: Checking against Object 4000000000
[INFO] PDC_SERVER[0]: Object 3000000002 NOT found in cache
[INFO] PDC_SERVER[0]: Fetching region from server for obj_id=3000000002
[13:35:49.002687] [WARNING] [pdc_tf_server.c:475] PDC_SERVER[1]: SCHED: done running transformations
[INFO] PDC_SERVER[1]: Fetching region for obj_id=3000000002
[INFO] PDC_SERVER[1]: Checking against Object 2000000000
[INFO] PDC_SERVER[1]: Checking against Object 3000000000
[INFO] PDC_SERVER[1]: Checking against Object 4000000000
[INFO] PDC_SERVER[1]: Object 3000000002 NOT found in cache
[INFO] PDC_SERVER[1]: Fetching region from server for obj_id=3000000002
[13:35:49.007961] [WARNING] [pdc_tf_server.c:393] PDC_SERVER[2]: SCHED: setting CUDA device to 0 for edge 0 func=zfp_decompress
[13:35:49.007986] [WARNING] [pdc_tf_server.c:401] PDC_SERVER[2]: SCHED: executing edge 0 func=zfp_decompress dev=GPU
[INFO] PDC_SERVER[0]: Executing graph with json filepath /pscratch/sd/n/nlewi26/src/work_space/source/pdc/tf_client/graphs/zfp_gpu.json
[13:35:49.013922] [WARNING] [pdc_tf_server.c:393] PDC_SERVER[0]: SCHED: setting CUDA device to 0 for edge 0 func=zfp_decompress
[13:35:49.013932] [WARNING] [pdc_tf_server.c:401] PDC_SERVER[0]: SCHED: executing edge 0 func=zfp_decompress dev=GPU
[13:35:49.014825] [WARNING] [pdc_tf_server.c:393] PDC_SERVER[3]: SCHED: setting CUDA device to 0 for edge 0 func=zfp_decompress
[13:35:49.014842] [WARNING] [pdc_tf_server.c:401] PDC_SERVER[3]: SCHED: executing edge 0 func=zfp_decompress dev=GPU
[13:35:49.020682] [WARNING] [pdc_tf_server.c:475] PDC_SERVER[2]: SCHED: done running transformations
[13:35:49.023743] [WARNING] [pdc_tf_server.c:393] PDC_SERVER[1]: SCHED: setting CUDA device to 0 for edge 0 func=zfp_decompress
[13:35:49.023757] [WARNING] [pdc_tf_server.c:401] PDC_SERVER[1]: SCHED: executing edge 0 func=zfp_decompress dev=GPU
[13:35:49.026030] [WARNING] [pdc_tf_server.c:475] PDC_SERVER[3]: SCHED: done running transformations
[INFO] PDC_SERVER[2]: Fetching region for obj_id=3000000002
[INFO] PDC_SERVER[2]: Checking against Object 2000000000
[INFO] PDC_SERVER[2]: Checking against Object 3000000000
[INFO] PDC_SERVER[2]: Checking against Object 4000000000
[INFO] PDC_SERVER[2]: Object 3000000002 NOT found in cache
[INFO] PDC_SERVER[2]: Fetching region from server for obj_id=3000000002
[13:35:49.031424] [WARNING] [pdc_tf_server.c:475] PDC_SERVER[0]: SCHED: done running transformations
[INFO] PDC_SERVER[3]: Fetching region for obj_id=3000000002
[INFO] PDC_SERVER[3]: Checking against Object 2000000000
[INFO] PDC_SERVER[3]: Checking against Object 3000000000
[INFO] PDC_SERVER[3]: Checking against Object 4000000000
[INFO] PDC_SERVER[3]: Object 3000000002 NOT found in cache
[INFO] PDC_SERVER[3]: Fetching region from server for obj_id=3000000002
[INFO] PDC_SERVER[0]: Fetching region for obj_id=3000000002
[INFO] PDC_SERVER[0]: Checking against Object 2000000000
[INFO] PDC_SERVER[0]: Checking against Object 3000000000
[INFO] PDC_SERVER[0]: Checking against Object 4000000000
[INFO] PDC_SERVER[0]: Object 3000000002 NOT found in cache
[INFO] PDC_SERVER[0]: Fetching region from server for obj_id=3000000002
[13:35:49.043924] [WARNING] [pdc_tf_server.c:475] PDC_SERVER[1]: SCHED: done running transformations
[INFO] PDC_SERVER[1]: Fetching region for obj_id=3000000002
[INFO] PDC_SERVER[1]: Checking against Object 2000000000
[INFO] PDC_SERVER[1]: Checking against Object 3000000000
[INFO] PDC_SERVER[1]: Checking against Object 4000000000
[INFO] PDC_SERVER[1]: Object 3000000002 NOT found in cache
[INFO] PDC_SERVER[1]: Fetching region from server for obj_id=3000000002
[13:35:49.049085] [WARNING] [pdc_tf_server.c:393] PDC_SERVER[3]: SCHED: setting CUDA device to 0 for edge 0 func=zfp_decompress
[13:35:49.049106] [WARNING] [pdc_tf_server.c:401] PDC_SERVER[3]: SCHED: executing edge 0 func=zfp_decompress dev=GPU
[13:35:49.051789] [WARNING] [pdc_tf_server.c:393] PDC_SERVER[2]: SCHED: setting CUDA device to 0 for edge 0 func=zfp_decompress
[13:35:49.051808] [WARNING] [pdc_tf_server.c:401] PDC_SERVER[2]: SCHED: executing edge 0 func=zfp_decompress dev=GPU
[INFO] PDC_SERVER[0]: Executing graph with json filepath /pscratch/sd/n/nlewi26/src/work_space/source/pdc/tf_client/graphs/zfp_gpu.json
[13:35:49.053436] [WARNING] [pdc_tf_server.c:393] PDC_SERVER[0]: SCHED: setting CUDA device to 0 for edge 0 func=zfp_decompress
[13:35:49.053446] [WARNING] [pdc_tf_server.c:401] PDC_SERVER[0]: SCHED: executing edge 0 func=zfp_decompress dev=GPU
[13:35:49.060830] [WARNING] [pdc_tf_server.c:475] PDC_SERVER[3]: SCHED: done running transformations
[13:35:49.063801] [WARNING] [pdc_tf_server.c:475] PDC_SERVER[2]: SCHED: done running transformations
[13:35:49.065483] [WARNING] [pdc_tf_server.c:393] PDC_SERVER[1]: SCHED: setting CUDA device to 0 for edge 0 func=zfp_decompress
[13:35:49.065501] [WARNING] [pdc_tf_server.c:401] PDC_SERVER[1]: SCHED: executing edge 0 func=zfp_decompress dev=GPU
[INFO] PDC_SERVER[3]: Fetching region for obj_id=3000000002
[INFO] PDC_SERVER[3]: Checking against Object 2000000000
[INFO] PDC_SERVER[3]: Checking against Object 3000000000
[INFO] PDC_SERVER[3]: Checking against Object 4000000000
[INFO] PDC_SERVER[3]: Object 3000000002 NOT found in cache
[INFO] PDC_SERVER[3]: Fetching region from server for obj_id=3000000002
[INFO] PDC_SERVER[2]: Fetching region for obj_id=3000000002
[INFO] PDC_SERVER[2]: Checking against Object 2000000000
[INFO] PDC_SERVER[2]: Checking against Object 3000000000
[INFO] PDC_SERVER[2]: Checking against Object 4000000000
[INFO] PDC_SERVER[2]: Object 3000000002 NOT found in cache
[INFO] PDC_SERVER[2]: Fetching region from server for obj_id=3000000002
[13:35:49.080747] [WARNING] [pdc_tf_server.c:475] PDC_SERVER[0]: SCHED: done running transformations
[13:35:49.084956] [WARNING] [pdc_tf_server.c:393] PDC_SERVER[3]: SCHED: setting CUDA device to 0 for edge 0 func=zfp_decompress
[13:35:49.084973] [WARNING] [pdc_tf_server.c:401] PDC_SERVER[3]: SCHED: executing edge 0 func=zfp_decompress dev=GPU
[INFO] PDC_SERVER[0]: Fetching region for obj_id=3000000002
[INFO] PDC_SERVER[0]: Checking against Object 2000000000
[INFO] PDC_SERVER[0]: Checking against Object 3000000000
[INFO] PDC_SERVER[0]: Checking against Object 4000000000
[INFO] PDC_SERVER[0]: Object 3000000002 NOT found in cache
[INFO] PDC_SERVER[0]: Fetching region from server for obj_id=3000000002
[13:35:49.090109] [WARNING] [pdc_tf_server.c:475] PDC_SERVER[1]: SCHED: done running transformations
[13:35:49.093389] [WARNING] [pdc_tf_server.c:393] PDC_SERVER[2]: SCHED: setting CUDA device to 0 for edge 0 func=zfp_decompress
[13:35:49.093410] [WARNING] [pdc_tf_server.c:401] PDC_SERVER[2]: SCHED: executing edge 0 func=zfp_decompress dev=GPU
[INFO] PDC_SERVER[1]: Fetching region for obj_id=3000000002
[INFO] PDC_SERVER[1]: Checking against Object 2000000000
[INFO] PDC_SERVER[1]: Checking against Object 3000000000
[INFO] PDC_SERVER[1]: Checking against Object 4000000000
[INFO] PDC_SERVER[1]: Object 3000000002 NOT found in cache
[INFO] PDC_SERVER[1]: Fetching region from server for obj_id=3000000002
[13:35:49.096316] [WARNING] [pdc_tf_server.c:475] PDC_SERVER[3]: SCHED: done running transformations
[INFO] PDC_SERVER[0]: Executing graph with json filepath /pscratch/sd/n/nlewi26/src/work_space/source/pdc/tf_client/graphs/zfp_gpu.json
[13:35:49.102501] [WARNING] [pdc_tf_server.c:393] PDC_SERVER[0]: SCHED: setting CUDA device to 0 for edge 0 func=zfp_decompress
[13:35:49.102511] [WARNING] [pdc_tf_server.c:401] PDC_SERVER[0]: SCHED: executing edge 0 func=zfp_decompress dev=GPU
[INFO] PDC_SERVER[3]: Fetching region for obj_id=3000000002
[INFO] PDC_SERVER[3]: Checking against Object 2000000000
[INFO] PDC_SERVER[3]: Checking against Object 3000000000
[INFO] PDC_SERVER[3]: Checking against Object 4000000000
[INFO] PDC_SERVER[3]: Object 3000000002 NOT found in cache
[INFO] PDC_SERVER[3]: Fetching region from server for obj_id=3000000002
[13:35:49.109664] [WARNING] [pdc_tf_server.c:475] PDC_SERVER[2]: SCHED: done running transformations
[13:35:49.111347] [WARNING] [pdc_tf_server.c:393] PDC_SERVER[1]: SCHED: setting CUDA device to 0 for edge 0 func=zfp_decompress
[13:35:49.111364] [WARNING] [pdc_tf_server.c:401] PDC_SERVER[1]: SCHED: executing edge 0 func=zfp_decompress dev=GPU
[INFO] PDC_SERVER[2]: Fetching region for obj_id=3000000002
[INFO] PDC_SERVER[2]: Checking against Object 2000000000
[INFO] PDC_SERVER[2]: Checking against Object 3000000000
[INFO] PDC_SERVER[2]: Checking against Object 4000000000
[INFO] PDC_SERVER[2]: Object 3000000002 NOT found in cache
[INFO] PDC_SERVER[2]: Fetching region from server for obj_id=3000000002
[13:35:49.118828] [WARNING] [pdc_tf_server.c:475] PDC_SERVER[0]: SCHED: done running transformations
[INFO] PDC_SERVER[0]: Fetching region for obj_id=3000000002
[INFO] PDC_SERVER[0]: Checking against Object 2000000000
[INFO] PDC_SERVER[0]: Checking against Object 3000000000
[INFO] PDC_SERVER[0]: Checking against Object 4000000000
[INFO] PDC_SERVER[0]: Object 3000000002 NOT found in cache
[INFO] PDC_SERVER[0]: Fetching region from server for obj_id=3000000002
[13:35:49.125950] [WARNING] [pdc_tf_server.c:475] PDC_SERVER[1]: SCHED: done running transformations
[13:35:49.127971] [WARNING] [pdc_tf_server.c:393] PDC_SERVER[3]: SCHED: setting CUDA device to 0 for edge 0 func=zfp_decompress
[13:35:49.127993] [WARNING] [pdc_tf_server.c:401] PDC_SERVER[3]: SCHED: executing edge 0 func=zfp_decompress dev=GPU
[INFO] PDC_SERVER[1]: Fetching region for obj_id=3000000002
[INFO] PDC_SERVER[1]: Checking against Object 2000000000
[INFO] PDC_SERVER[1]: Checking against Object 3000000000
[INFO] PDC_SERVER[1]: Checking against Object 4000000000
[INFO] PDC_SERVER[1]: Object 3000000002 NOT found in cache
[INFO] PDC_SERVER[1]: Fetching region from server for obj_id=3000000002
[13:35:49.132363] [WARNING] [pdc_tf_server.c:393] PDC_SERVER[2]: SCHED: setting CUDA device to 0 for edge 0 func=zfp_decompress
[13:35:49.132388] [WARNING] [pdc_tf_server.c:401] PDC_SERVER[2]: SCHED: executing edge 0 func=zfp_decompress dev=GPU
[INFO] PDC_SERVER[0]: Executing graph with json filepath /pscratch/sd/n/nlewi26/src/work_space/source/pdc/tf_client/graphs/zfp_gpu.json
[13:35:49.140331] [WARNING] [pdc_tf_server.c:393] PDC_SERVER[0]: SCHED: setting CUDA device to 0 for edge 0 func=zfp_decompress
[13:35:49.140341] [WARNING] [pdc_tf_server.c:401] PDC_SERVER[0]: SCHED: executing edge 0 func=zfp_decompress dev=GPU
[13:35:49.146915] [WARNING] [pdc_tf_server.c:393] PDC_SERVER[1]: SCHED: setting CUDA device to 0 for edge 0 func=zfp_decompress
[13:35:49.146936] [WARNING] [pdc_tf_server.c:401] PDC_SERVER[1]: SCHED: executing edge 0 func=zfp_decompress dev=GPU
[13:35:49.148697] [WARNING] [pdc_tf_server.c:475] PDC_SERVER[0]: SCHED: done running transformations
[13:35:49.153607] [WARNING] [pdc_tf_server.c:475] PDC_SERVER[3]: SCHED: done running transformations
[INFO] PDC_SERVER[0]: Fetching region for obj_id=3000000002
[INFO] PDC_SERVER[0]: Checking against Object 2000000000
[INFO] PDC_SERVER[0]: Checking against Object 3000000000
[INFO] PDC_SERVER[0]: Checking against Object 4000000000
[INFO] PDC_SERVER[0]: Object 3000000002 NOT found in cache
[INFO] PDC_SERVER[0]: Fetching region from server for obj_id=3000000002
[13:35:49.156770] [WARNING] [pdc_tf_server.c:475] PDC_SERVER[2]: SCHED: done running transformations
[13:35:49.156983] [WARNING] [pdc_tf_server.c:475] PDC_SERVER[1]: SCHED: done running transformations
[INFO] PDC_SERVER[3]: Fetching region for obj_id=3000000002
[INFO] PDC_SERVER[3]: Checking against Object 2000000000
[INFO] PDC_SERVER[3]: Checking against Object 3000000000
[INFO] PDC_SERVER[3]: Checking against Object 4000000000
[INFO] PDC_SERVER[3]: Object 3000000002 NOT found in cache
[INFO] PDC_SERVER[3]: Fetching region from server for obj_id=3000000002
[INFO] PDC_SERVER[1]: Fetching region for obj_id=3000000002
[INFO] PDC_SERVER[1]: Checking against Object 2000000000
[INFO] PDC_SERVER[1]: Checking against Object 3000000000
[INFO] PDC_SERVER[1]: Checking against Object 4000000000
[INFO] PDC_SERVER[1]: Object 3000000002 NOT found in cache
[INFO] PDC_SERVER[1]: Fetching region from server for obj_id=3000000002
[INFO] PDC_SERVER[2]: Fetching region for obj_id=3000000002
[INFO] PDC_SERVER[2]: Checking against Object 2000000000
[INFO] PDC_SERVER[2]: Checking against Object 3000000000
[INFO] PDC_SERVER[2]: Checking against Object 4000000000
[INFO] PDC_SERVER[2]: Object 3000000002 NOT found in cache
[INFO] PDC_SERVER[2]: Fetching region from server for obj_id=3000000002
[INFO] PDC_SERVER[0]: Executing graph with json filepath /pscratch/sd/n/nlewi26/src/work_space/source/pdc/tf_client/graphs/zfp_gpu.json
[13:35:49.172695] [WARNING] [pdc_tf_server.c:393] PDC_SERVER[0]: SCHED: setting CUDA device to 0 for edge 0 func=zfp_decompress
[13:35:49.172707] [WARNING] [pdc_tf_server.c:401] PDC_SERVER[0]: SCHED: executing edge 0 func=zfp_decompress dev=GPU
[13:35:49.176882] [WARNING] [pdc_tf_server.c:393] PDC_SERVER[3]: SCHED: setting CUDA device to 0 for edge 0 func=zfp_decompress
[13:35:49.176906] [WARNING] [pdc_tf_server.c:401] PDC_SERVER[3]: SCHED: executing edge 0 func=zfp_decompress dev=GPU
[13:35:49.177974] [WARNING] [pdc_tf_server.c:393] PDC_SERVER[1]: SCHED: setting CUDA device to 0 for edge 0 func=zfp_decompress
[13:35:49.177989] [WARNING] [pdc_tf_server.c:401] PDC_SERVER[1]: SCHED: executing edge 0 func=zfp_decompress dev=GPU
[13:35:49.178449] [WARNING] [pdc_tf_server.c:393] PDC_SERVER[2]: SCHED: setting CUDA device to 0 for edge 0 func=zfp_decompress
[13:35:49.178480] [WARNING] [pdc_tf_server.c:401] PDC_SERVER[2]: SCHED: executing edge 0 func=zfp_decompress dev=GPU
[13:35:49.181793] [WARNING] [pdc_tf_server.c:475] PDC_SERVER[0]: SCHED: done running transformations
[13:35:49.186367] [WARNING] [pdc_tf_server.c:475] PDC_SERVER[1]: SCHED: done running transformations
[INFO] PDC_SERVER[0]: Fetching region for obj_id=3000000002
[INFO] PDC_SERVER[0]: Checking against Object 2000000000
[INFO] PDC_SERVER[0]: Checking against Object 3000000000
[INFO] PDC_SERVER[0]: Checking against Object 4000000000
[INFO] PDC_SERVER[0]: Object 3000000002 NOT found in cache
[INFO] PDC_SERVER[0]: Fetching region from server for obj_id=3000000002
[INFO] PDC_SERVER[1]: Fetching region for obj_id=3000000002
[INFO] PDC_SERVER[1]: Checking against Object 2000000000
[INFO] PDC_SERVER[1]: Checking against Object 3000000000
[INFO] PDC_SERVER[1]: Checking against Object 4000000000
[INFO] PDC_SERVER[1]: Object 3000000002 NOT found in cache
[INFO] PDC_SERVER[1]: Fetching region from server for obj_id=3000000002
[13:35:49.204827] [WARNING] [pdc_tf_server.c:475] PDC_SERVER[3]: SCHED: done running transformations
[13:35:49.204954] [WARNING] [pdc_tf_server.c:475] PDC_SERVER[2]: SCHED: done running transformations
[13:35:49.207261] [WARNING] [pdc_tf_server.c:393] PDC_SERVER[1]: SCHED: setting CUDA device to 0 for edge 0 func=zfp_decompress
[13:35:49.207281] [WARNING] [pdc_tf_server.c:401] PDC_SERVER[1]: SCHED: executing edge 0 func=zfp_decompress dev=GPU
[INFO] PDC_SERVER[3]: Fetching region for obj_id=3000000002
[INFO] PDC_SERVER[3]: Checking against Object 2000000000
[INFO] PDC_SERVER[3]: Checking against Object 3000000000
[INFO] PDC_SERVER[3]: Checking against Object 4000000000
[INFO] PDC_SERVER[3]: Object 3000000002 NOT found in cache
[INFO] PDC_SERVER[3]: Fetching region from server for obj_id=3000000002
[INFO] PDC_SERVER[0]: Executing graph with json filepath /pscratch/sd/n/nlewi26/src/work_space/source/pdc/tf_client/graphs/zfp_gpu.json
[13:35:49.210786] [WARNING] [pdc_tf_server.c:393] PDC_SERVER[0]: SCHED: setting CUDA device to 0 for edge 0 func=zfp_decompress
[13:35:49.210798] [WARNING] [pdc_tf_server.c:401] PDC_SERVER[0]: SCHED: executing edge 0 func=zfp_decompress dev=GPU
[INFO] PDC_SERVER[2]: Fetching region for obj_id=3000000002
[INFO] PDC_SERVER[2]: Checking against Object 2000000000
[INFO] PDC_SERVER[2]: Checking against Object 3000000000
[INFO] PDC_SERVER[2]: Checking against Object 4000000000
[INFO] PDC_SERVER[2]: Object 3000000002 NOT found in cache
[INFO] PDC_SERVER[2]: Fetching region from server for obj_id=3000000002
[13:35:49.215652] [WARNING] [pdc_tf_server.c:475] PDC_SERVER[1]: SCHED: done running transformations
[13:35:49.220000] [WARNING] [pdc_tf_server.c:475] PDC_SERVER[0]: SCHED: done running transformations
[INFO] PDC_SERVER[1]: Fetching region for obj_id=3000000002
[INFO] PDC_SERVER[1]: Checking against Object 2000000000
[INFO] PDC_SERVER[1]: Checking against Object 3000000000
[INFO] PDC_SERVER[1]: Checking against Object 4000000000
[INFO] PDC_SERVER[1]: Object 3000000002 NOT found in cache
[INFO] PDC_SERVER[1]: Fetching region from server for obj_id=3000000002
[13:35:49.226005] [WARNING] [pdc_tf_server.c:393] PDC_SERVER[3]: SCHED: setting CUDA device to 0 for edge 0 func=zfp_decompress
[13:35:49.226020] [WARNING] [pdc_tf_server.c:401] PDC_SERVER[3]: SCHED: executing edge 0 func=zfp_decompress dev=GPU
[INFO] PDC_SERVER[0]: Fetching region for obj_id=3000000002
[INFO] PDC_SERVER[0]: Checking against Object 2000000000
[INFO] PDC_SERVER[0]: Checking against Object 3000000000
[INFO] PDC_SERVER[0]: Checking against Object 4000000000
[INFO] PDC_SERVER[0]: Object 3000000002 NOT found in cache
[INFO] PDC_SERVER[0]: Fetching region from server for obj_id=3000000002
[13:35:49.227448] [WARNING] [pdc_tf_server.c:393] PDC_SERVER[2]: SCHED: setting CUDA device to 0 for edge 0 func=zfp_decompress
[13:35:49.227474] [WARNING] [pdc_tf_server.c:401] PDC_SERVER[2]: SCHED: executing edge 0 func=zfp_decompress dev=GPU
[13:35:49.236714] [WARNING] [pdc_tf_server.c:393] PDC_SERVER[1]: SCHED: setting CUDA device to 0 for edge 0 func=zfp_decompress
[13:35:49.236733] [WARNING] [pdc_tf_server.c:401] PDC_SERVER[1]: SCHED: executing edge 0 func=zfp_decompress dev=GPU
[13:35:49.237118] [WARNING] [pdc_tf_server.c:475] PDC_SERVER[3]: SCHED: done running transformations
[13:35:49.239204] [WARNING] [pdc_tf_server.c:475] PDC_SERVER[2]: SCHED: done running transformations
[INFO] PDC_SERVER[3]: Fetching region for obj_id=3000000002
[INFO] PDC_SERVER[3]: Checking against Object 2000000000
[INFO] PDC_SERVER[3]: Checking against Object 3000000000
[INFO] PDC_SERVER[3]: Checking against Object 4000000000
[INFO] PDC_SERVER[3]: Object 3000000002 NOT found in cache
[INFO] PDC_SERVER[3]: Fetching region from server for obj_id=3000000002
[INFO] PDC_SERVER[2]: Fetching region for obj_id=3000000002
[INFO] PDC_SERVER[2]: Checking against Object 2000000000
[INFO] PDC_SERVER[2]: Checking against Object 3000000000
[INFO] PDC_SERVER[2]: Checking against Object 4000000000
[INFO] PDC_SERVER[2]: Object 3000000002 NOT found in cache
[INFO] PDC_SERVER[2]: Fetching region from server for obj_id=3000000002
[13:35:49.244940] [WARNING] [pdc_tf_server.c:475] PDC_SERVER[1]: SCHED: done running transformations
[INFO] PDC_SERVER[0]: Executing graph with json filepath /pscratch/sd/n/nlewi26/src/work_space/source/pdc/tf_client/graphs/zfp_gpu.json
[13:35:49.248870] [WARNING] [pdc_tf_server.c:393] PDC_SERVER[0]: SCHED: setting CUDA device to 0 for edge 0 func=zfp_decompress
[13:35:49.248914] [WARNING] [pdc_tf_server.c:401] PDC_SERVER[0]: SCHED: executing edge 0 func=zfp_decompress dev=GPU
[13:35:49.259361] [WARNING] [pdc_tf_server.c:393] PDC_SERVER[3]: SCHED: setting CUDA device to 0 for edge 0 func=zfp_decompress
[13:35:49.259384] [WARNING] [pdc_tf_server.c:401] PDC_SERVER[3]: SCHED: executing edge 0 func=zfp_decompress dev=GPU
[13:35:49.260638] [WARNING] [pdc_tf_server.c:393] PDC_SERVER[2]: SCHED: setting CUDA device to 0 for edge 0 func=zfp_decompress
[13:35:49.260662] [WARNING] [pdc_tf_server.c:401] PDC_SERVER[2]: SCHED: executing edge 0 func=zfp_decompress dev=GPU
[13:35:49.270020] [WARNING] [pdc_tf_server.c:475] PDC_SERVER[0]: SCHED: done running transformations
[13:35:49.270151] [WARNING] [pdc_tf_server.c:475] PDC_SERVER[2]: SCHED: done running transformations
[13:35:49.270458] [WARNING] [pdc_tf_server.c:475] PDC_SERVER[3]: SCHED: done running transformations
[INFO] PDC_SERVER[2]: Fetching region for obj_id=3000000002
[INFO] PDC_SERVER[2]: Checking against Object 2000000000
[INFO] PDC_SERVER[2]: Checking against Object 3000000000
[INFO] PDC_SERVER[2]: Checking against Object 4000000000
[INFO] PDC_SERVER[2]: Object 3000000002 NOT found in cache
[INFO] PDC_SERVER[2]: Fetching region from server for obj_id=3000000002
[INFO] PDC_SERVER[3]: Fetching region for obj_id=3000000002
[INFO] PDC_SERVER[3]: Checking against Object 2000000000
[INFO] PDC_SERVER[3]: Checking against Object 3000000000
[INFO] PDC_SERVER[3]: Checking against Object 4000000000
[INFO] PDC_SERVER[3]: Object 3000000002 NOT found in cache
[INFO] PDC_SERVER[3]: Fetching region from server for obj_id=3000000002
[13:35:49.291410] [WARNING] [pdc_tf_server.c:393] PDC_SERVER[2]: SCHED: setting CUDA device to 0 for edge 0 func=zfp_decompress
[13:35:49.291431] [WARNING] [pdc_tf_server.c:401] PDC_SERVER[2]: SCHED: executing edge 0 func=zfp_decompress dev=GPU
[13:35:49.291797] [WARNING] [pdc_tf_server.c:393] PDC_SERVER[3]: SCHED: setting CUDA device to 0 for edge 0 func=zfp_decompress
[13:35:49.291814] [WARNING] [pdc_tf_server.c:401] PDC_SERVER[3]: SCHED: executing edge 0 func=zfp_decompress dev=GPU
[13:35:49.300743] [WARNING] [pdc_tf_server.c:475] PDC_SERVER[2]: SCHED: done running transformations
[13:35:49.302176] [WARNING] [pdc_tf_server.c:475] PDC_SERVER[3]: SCHED: done running transformations
[INFO] PDC_SERVER[2]: Fetching region for obj_id=3000000002
[INFO] PDC_SERVER[2]: Checking against Object 2000000000
[INFO] PDC_SERVER[2]: Checking against Object 3000000000
[INFO] PDC_SERVER[2]: Checking against Object 4000000000
[INFO] PDC_SERVER[2]: Object 3000000002 NOT found in cache
[INFO] PDC_SERVER[2]: Fetching region from server for obj_id=3000000002
[INFO] PDC_SERVER[3]: Fetching region for obj_id=3000000002
[INFO] PDC_SERVER[3]: Checking against Object 2000000000
[INFO] PDC_SERVER[3]: Checking against Object 3000000000
[INFO] PDC_SERVER[3]: Checking against Object 4000000000
[INFO] PDC_SERVER[3]: Object 3000000002 NOT found in cache
[INFO] PDC_SERVER[3]: Fetching region from server for obj_id=3000000002
[13:35:49.321866] [WARNING] [pdc_tf_server.c:393] PDC_SERVER[2]: SCHED: setting CUDA device to 0 for edge 0 func=zfp_decompress
[13:35:49.321892] [WARNING] [pdc_tf_server.c:401] PDC_SERVER[2]: SCHED: executing edge 0 func=zfp_decompress dev=GPU
[13:35:49.323149] [WARNING] [pdc_tf_server.c:393] PDC_SERVER[3]: SCHED: setting CUDA device to 0 for edge 0 func=zfp_decompress
[13:35:49.323171] [WARNING] [pdc_tf_server.c:401] PDC_SERVER[3]: SCHED: executing edge 0 func=zfp_decompress dev=GPU
[13:35:49.330478] [WARNING] [pdc_tf_server.c:475] PDC_SERVER[2]: SCHED: done running transformations
[13:35:49.333039] [WARNING] [pdc_tf_server.c:475] PDC_SERVER[3]: SCHED: done running transformations
[INFO] PDC_SERVER[0]: Starting flush for obj_id 3000000003, ndim=3
[13:35:49.544343] [WARNING] [pdc_server_region_cache.c:823] PDC_SERVER[0]: Region mapping lookup took 0.000000 s
[13:35:49.544350] [WARNING] [pdc_server_region_cache.c:828] PDC_SERVER[0]: No region mapping found for obj_id 3000000003
[13:35:49.562454] [WARNING] [pdc_server_region_cache.c:834] PDC_SERVER[0]: Flushed region via POSIX I/O in 0.018095 s
[13:35:49.562467] [WARNING] [pdc_server_region_cache.c:850] PDC_SERVER[0]: [2026-10-07 13:35:49.562462] Flushed 16.00 / 16.00 MB to storage
[INFO] PDC_SERVER[0]: Region flush iteration took 0.018132 s
[INFO] PDC_SERVER[0]: Starting flush for obj_id 3000000003, ndim=3
[13:35:49.580231] [WARNING] [pdc_server_region_cache.c:823] PDC_SERVER[0]: Region mapping lookup took 0.000000 s
[13:35:49.580238] [WARNING] [pdc_server_region_cache.c:828] PDC_SERVER[0]: No region mapping found for obj_id 3000000003
[13:35:49.597707] [WARNING] [pdc_server_region_cache.c:834] PDC_SERVER[0]: Flushed region via POSIX I/O in 0.017464 s
[13:35:49.597728] [WARNING] [pdc_server_region_cache.c:850] PDC_SERVER[0]: [2026-10-07 13:35:49.597726] Flushed 16.00 / 16.00 MB to storage
[INFO] PDC_SERVER[0]: Region flush iteration took 0.017504 s
[INFO] PDC_SERVER[0]: Starting flush for obj_id 3000000003, ndim=3
[13:35:49.599423] [WARNING] [pdc_server_region_cache.c:823] PDC_SERVER[0]: Region mapping lookup took 0.000001 s
[13:35:49.599427] [WARNING] [pdc_server_region_cache.c:828] PDC_SERVER[0]: No region mapping found for obj_id 3000000003
[13:35:49.616033] [WARNING] [pdc_server_region_cache.c:834] PDC_SERVER[0]: Flushed region via POSIX I/O in 0.016602 s
[13:35:49.616045] [WARNING] [pdc_server_region_cache.c:850] PDC_SERVER[0]: [2026-10-07 13:35:49.616042] Flushed 16.00 / 16.00 MB to storage
[INFO] PDC_SERVER[0]: Region flush iteration took 0.016628 s
[INFO] PDC_SERVER[0]: Starting flush for obj_id 3000000003, ndim=3
[13:35:49.617685] [WARNING] [pdc_server_region_cache.c:823] PDC_SERVER[0]: Region mapping lookup took 0.000001 s
[13:35:49.617690] [WARNING] [pdc_server_region_cache.c:828] PDC_SERVER[0]: No region mapping found for obj_id 3000000003
[13:35:49.634447] [WARNING] [pdc_server_region_cache.c:834] PDC_SERVER[0]: Flushed region via POSIX I/O in 0.016746 s
[13:35:49.634457] [WARNING] [pdc_server_region_cache.c:850] PDC_SERVER[0]: [2026-10-07 13:35:49.634454] Flushed 16.00 / 16.00 MB to storage
[INFO] PDC_SERVER[0]: Region flush iteration took 0.016779 s
[INFO] PDC_SERVER[0]: Starting flush for obj_id 3000000003, ndim=3
[13:35:49.636236] [WARNING] [pdc_server_region_cache.c:823] PDC_SERVER[0]: Region mapping lookup took 0.000002 s
[13:35:49.636240] [WARNING] [pdc_server_region_cache.c:828] PDC_SERVER[0]: No region mapping found for obj_id 3000000003
[13:35:49.652852] [WARNING] [pdc_server_region_cache.c:834] PDC_SERVER[0]: Flushed region via POSIX I/O in 0.016604 s
[13:35:49.652861] [WARNING] [pdc_server_region_cache.c:850] PDC_SERVER[0]: [2026-10-07 13:35:49.652858] Flushed 16.00 / 16.00 MB to storage
[INFO] PDC_SERVER[0]: Region flush iteration took 0.016634 s
[INFO] PDC_SERVER[0]: Starting flush for obj_id 3000000003, ndim=3
[13:35:49.654021] [WARNING] [pdc_server_region_cache.c:823] PDC_SERVER[0]: Region mapping lookup took 0.000001 s
[13:35:49.654025] [WARNING] [pdc_server_region_cache.c:828] PDC_SERVER[0]: No region mapping found for obj_id 3000000003
[13:35:49.671036] [WARNING] [pdc_server_region_cache.c:834] PDC_SERVER[0]: Flushed region via POSIX I/O in 0.017004 s
[13:35:49.671047] [WARNING] [pdc_server_region_cache.c:850] PDC_SERVER[0]: [2026-10-07 13:35:49.671044] Flushed 16.00 / 16.00 MB to storage
[INFO] PDC_SERVER[0]: Region flush iteration took 0.017033 s
[INFO] PDC_SERVER[0]: Starting flush for obj_id 3000000003, ndim=3
[13:35:49.672032] [WARNING] [pdc_server_region_cache.c:823] PDC_SERVER[0]: Region mapping lookup took 0.000001 s
[13:35:49.672045] [WARNING] [pdc_server_region_cache.c:828] PDC_SERVER[0]: No region mapping found for obj_id 3000000003
[13:35:49.688609] [WARNING] [pdc_server_region_cache.c:834] PDC_SERVER[0]: Flushed region via POSIX I/O in 0.016556 s
[13:35:49.688620] [WARNING] [pdc_server_region_cache.c:850] PDC_SERVER[0]: [2026-10-07 13:35:49.688617] Flushed 16.00 / 16.00 MB to storage
[INFO] PDC_SERVER[0]: Region flush iteration took 0.016596 s
[INFO] PDC_SERVER[0]: Starting flush for obj_id 3000000003, ndim=3
[13:35:49.689866] [WARNING] [pdc_server_region_cache.c:823] PDC_SERVER[0]: Region mapping lookup took 0.000001 s
[13:35:49.689871] [WARNING] [pdc_server_region_cache.c:828] PDC_SERVER[0]: No region mapping found for obj_id 3000000003
[13:35:49.706761] [WARNING] [pdc_server_region_cache.c:834] PDC_SERVER[0]: Flushed region via POSIX I/O in 0.016883 s
[13:35:49.706772] [WARNING] [pdc_server_region_cache.c:850] PDC_SERVER[0]: [2026-10-07 13:35:49.706769] Flushed 16.00 / 16.00 MB to storage
[INFO] PDC_SERVER[0]: Region flush iteration took 0.016914 s
[INFO] PDC_SERVER[0]: Starting flush for obj_id 3000000003, ndim=3
[13:35:49.707983] [WARNING] [pdc_server_region_cache.c:823] PDC_SERVER[0]: Region mapping lookup took 0.000001 s
[13:35:49.707987] [WARNING] [pdc_server_region_cache.c:828] PDC_SERVER[0]: No region mapping found for obj_id 3000000003
[13:35:49.725689] [WARNING] [pdc_server_region_cache.c:834] PDC_SERVER[0]: Flushed region via POSIX I/O in 0.017690 s
[13:35:49.725704] [WARNING] [pdc_server_region_cache.c:850] PDC_SERVER[0]: [2026-10-07 13:35:49.725701] Flushed 16.00 / 16.00 MB to storage
[INFO] PDC_SERVER[0]: Region flush iteration took 0.017728 s
[INFO] PDC_SERVER[0]: Starting flush for obj_id 3000000003, ndim=3
[13:35:49.730419] [WARNING] [pdc_server_region_cache.c:823] PDC_SERVER[0]: Region mapping lookup took 0.000001 s
[13:35:49.730424] [WARNING] [pdc_server_region_cache.c:828] PDC_SERVER[0]: No region mapping found for obj_id 3000000003
[13:35:49.748095] [WARNING] [pdc_server_region_cache.c:834] PDC_SERVER[0]: Flushed region via POSIX I/O in 0.017668 s
[13:35:49.748110] [WARNING] [pdc_server_region_cache.c:850] PDC_SERVER[0]: [2026-10-07 13:35:49.748107] Flushed 16.00 / 16.00 MB to storage
[INFO] PDC_SERVER[0]: Region flush iteration took 0.017697 s
[INFO] PDC_SERVER[0]: Starting flush for obj_id 3000000003, ndim=3
[13:35:49.749536] [WARNING] [pdc_server_region_cache.c:823] PDC_SERVER[0]: Region mapping lookup took 0.000001 s
[13:35:49.749547] [WARNING] [pdc_server_region_cache.c:828] PDC_SERVER[0]: No region mapping found for obj_id 3000000003
[13:35:49.766611] [WARNING] [pdc_server_region_cache.c:834] PDC_SERVER[0]: Flushed region via POSIX I/O in 0.017055 s
[13:35:49.766620] [WARNING] [pdc_server_region_cache.c:850] PDC_SERVER[0]: [2026-10-07 13:35:49.766617] Flushed 16.00 / 16.00 MB to storage
[INFO] PDC_SERVER[0]: Region flush iteration took 0.017090 s
[INFO] PDC_SERVER[0]: Starting flush for obj_id 3000000003, ndim=3
[13:35:49.767973] [WARNING] [pdc_server_region_cache.c:823] PDC_SERVER[0]: Region mapping lookup took 0.000001 s
[13:35:49.767977] [WARNING] [pdc_server_region_cache.c:828] PDC_SERVER[0]: No region mapping found for obj_id 3000000003
[13:35:49.785192] [WARNING] [pdc_server_region_cache.c:834] PDC_SERVER[0]: Flushed region via POSIX I/O in 0.017207 s
[13:35:49.785201] [WARNING] [pdc_server_region_cache.c:850] PDC_SERVER[0]: [2026-10-07 13:35:49.785198] Flushed 16.00 / 16.00 MB to storage
[INFO] PDC_SERVER[0]: Region flush iteration took 0.017234 s
[INFO] PDC_SERVER[0]: Starting flush for obj_id 3000000003, ndim=3
[13:35:49.786371] [WARNING] [pdc_server_region_cache.c:823] PDC_SERVER[0]: Region mapping lookup took 0.000000 s
[13:35:49.786376] [WARNING] [pdc_server_region_cache.c:828] PDC_SERVER[0]: No region mapping found for obj_id 3000000003
[13:35:49.803727] [WARNING] [pdc_server_region_cache.c:834] PDC_SERVER[0]: Flushed region via POSIX I/O in 0.017344 s
[13:35:49.803736] [WARNING] [pdc_server_region_cache.c:850] PDC_SERVER[0]: [2026-10-07 13:35:49.803733] Flushed 16.00 / 16.00 MB to storage
[INFO] PDC_SERVER[0]: Region flush iteration took 0.017371 s
[INFO] PDC_SERVER[0]: Starting flush for obj_id 3000000003, ndim=3
[13:35:49.804997] [WARNING] [pdc_server_region_cache.c:823] PDC_SERVER[0]: Region mapping lookup took 0.000000 s
[13:35:49.805001] [WARNING] [pdc_server_region_cache.c:828] PDC_SERVER[0]: No region mapping found for obj_id 3000000003
[13:35:49.822958] [WARNING] [pdc_server_region_cache.c:834] PDC_SERVER[0]: Flushed region via POSIX I/O in 0.017954 s
[13:35:49.822967] [WARNING] [pdc_server_region_cache.c:850] PDC_SERVER[0]: [2026-10-07 13:35:49.822966] Flushed 16.00 / 16.00 MB to storage
[INFO] PDC_SERVER[0]: Region flush iteration took 0.017976 s
[INFO] PDC_SERVER[0]: Starting flush for obj_id 3000000003, ndim=3
[13:35:49.824069] [WARNING] [pdc_server_region_cache.c:823] PDC_SERVER[0]: Region mapping lookup took 0.000000 s
[13:35:49.824073] [WARNING] [pdc_server_region_cache.c:828] PDC_SERVER[0]: No region mapping found for obj_id 3000000003
[13:35:49.840499] [WARNING] [pdc_server_region_cache.c:834] PDC_SERVER[0]: Flushed region via POSIX I/O in 0.016420 s
[13:35:49.840507] [WARNING] [pdc_server_region_cache.c:850] PDC_SERVER[0]: [2026-10-07 13:35:49.840505] Flushed 16.00 / 16.00 MB to storage
[INFO] PDC_SERVER[0]: Region flush iteration took 0.016444 s
[INFO] PDC_SERVER[0]: Starting flush for obj_id 3000000003, ndim=3
[13:35:49.842642] [WARNING] [pdc_server_region_cache.c:823] PDC_SERVER[0]: Region mapping lookup took 0.000001 s
[13:35:49.842647] [WARNING] [pdc_server_region_cache.c:828] PDC_SERVER[0]: No region mapping found for obj_id 3000000003
[13:35:49.859449] [WARNING] [pdc_server_region_cache.c:834] PDC_SERVER[0]: Flushed region via POSIX I/O in 0.016795 s
[13:35:49.859457] [WARNING] [pdc_server_region_cache.c:850] PDC_SERVER[0]: [2026-10-07 13:35:49.859455] Flushed 16.00 / 16.00 MB to storage
[INFO] PDC_SERVER[0]: Region flush iteration took 0.016821 s
[INFO] PDC_SERVER[0]: Starting flush for obj_id 4000000002, ndim=3
[13:35:49.885264] [WARNING] [pdc_server_region_cache.c:823] PDC_SERVER[0]: Region mapping lookup took 0.000000 s
[13:35:49.885269] [WARNING] [pdc_server_region_cache.c:828] PDC_SERVER[0]: No region mapping found for obj_id 4000000002
[13:35:49.903368] [WARNING] [pdc_server_region_cache.c:834] PDC_SERVER[0]: Flushed region via POSIX I/O in 0.018085 s
[13:35:49.903389] [WARNING] [pdc_server_region_cache.c:850] PDC_SERVER[0]: [2026-10-07 13:35:49.903386] Flushed 16.00 / 16.00 MB to storage
[INFO] PDC_SERVER[0]: Region flush iteration took 0.018133 s
[INFO] PDC_SERVER[0]: Starting flush for obj_id 4000000002, ndim=3
[13:35:49.913731] [WARNING] [pdc_server_region_cache.c:823] PDC_SERVER[0]: Region mapping lookup took 0.000000 s
[13:35:49.913737] [WARNING] [pdc_server_region_cache.c:828] PDC_SERVER[0]: No region mapping found for obj_id 4000000002
[13:35:49.934069] [WARNING] [pdc_server_region_cache.c:834] PDC_SERVER[0]: Flushed region via POSIX I/O in 0.020325 s
[13:35:49.934098] [WARNING] [pdc_server_region_cache.c:850] PDC_SERVER[0]: [2026-10-07 13:35:49.934095] Flushed 16.00 / 16.00 MB to storage
[INFO] PDC_SERVER[0]: Region flush iteration took 0.020377 s
[INFO] PDC_SERVER[0]: Starting flush for obj_id 4000000002, ndim=3
[13:35:49.936833] [WARNING] [pdc_server_region_cache.c:823] PDC_SERVER[0]: Region mapping lookup took 0.000001 s
[13:35:49.936839] [WARNING] [pdc_server_region_cache.c:828] PDC_SERVER[0]: No region mapping found for obj_id 4000000002
[13:35:49.954447] [WARNING] [pdc_server_region_cache.c:834] PDC_SERVER[0]: Flushed region via POSIX I/O in 0.017604 s
[13:35:49.954456] [WARNING] [pdc_server_region_cache.c:850] PDC_SERVER[0]: [2026-10-07 13:35:49.954454] Flushed 16.00 / 16.00 MB to storage
[INFO] PDC_SERVER[0]: Region flush iteration took 0.017630 s
[INFO] PDC_SERVER[0]: Starting flush for obj_id 4000000002, ndim=3
[13:35:49.955675] [WARNING] [pdc_server_region_cache.c:823] PDC_SERVER[0]: Region mapping lookup took 0.000001 s
[13:35:49.955680] [WARNING] [pdc_server_region_cache.c:828] PDC_SERVER[0]: No region mapping found for obj_id 4000000002
[13:35:49.972953] [WARNING] [pdc_server_region_cache.c:834] PDC_SERVER[0]: Flushed region via POSIX I/O in 0.017255 s
[13:35:49.972965] [WARNING] [pdc_server_region_cache.c:850] PDC_SERVER[0]: [2026-10-07 13:35:49.972961] Flushed 16.00 / 16.00 MB to storage
[INFO] PDC_SERVER[0]: Region flush iteration took 0.017296 s
[INFO] PDC_SERVER[0]: Starting flush for obj_id 4000000002, ndim=3
[13:35:49.974122] [WARNING] [pdc_server_region_cache.c:823] PDC_SERVER[0]: Region mapping lookup took 0.000001 s
[13:35:49.974126] [WARNING] [pdc_server_region_cache.c:828] PDC_SERVER[0]: No region mapping found for obj_id 4000000002
[13:35:49.991398] [WARNING] [pdc_server_region_cache.c:834] PDC_SERVER[0]: Flushed region via POSIX I/O in 0.017265 s
[13:35:49.991411] [WARNING] [pdc_server_region_cache.c:850] PDC_SERVER[0]: [2026-10-07 13:35:49.991408] Flushed 16.00 / 16.00 MB to storage
[INFO] PDC_SERVER[0]: Region flush iteration took 0.017296 s
[INFO] PDC_SERVER[0]: Starting flush for obj_id 4000000002, ndim=3
[13:35:49.992489] [WARNING] [pdc_server_region_cache.c:823] PDC_SERVER[0]: Region mapping lookup took 0.000001 s
[13:35:49.992503] [WARNING] [pdc_server_region_cache.c:828] PDC_SERVER[0]: No region mapping found for obj_id 4000000002
[13:35:50.009949] [WARNING] [pdc_server_region_cache.c:834] PDC_SERVER[0]: Flushed region via POSIX I/O in 0.017438 s
[13:35:50.009960] [WARNING] [pdc_server_region_cache.c:850] PDC_SERVER[0]: [2026-10-07 13:35:50.009957] Flushed 16.00 / 16.00 MB to storage
[INFO] PDC_SERVER[0]: Region flush iteration took 0.017478 s
[INFO] PDC_SERVER[0]: Starting flush for obj_id 4000000002, ndim=3
[13:35:50.010941] [WARNING] [pdc_server_region_cache.c:823] PDC_SERVER[0]: Region mapping lookup took 0.000001 s
[13:35:50.010945] [WARNING] [pdc_server_region_cache.c:828] PDC_SERVER[0]: No region mapping found for obj_id 4000000002
[13:35:50.028520] [WARNING] [pdc_server_region_cache.c:834] PDC_SERVER[0]: Flushed region via POSIX I/O in 0.017568 s
[13:35:50.028529] [WARNING] [pdc_server_region_cache.c:850] PDC_SERVER[0]: [2026-10-07 13:35:50.028526] Flushed 16.00 / 16.00 MB to storage
[INFO] PDC_SERVER[0]: Region flush iteration took 0.017595 s
[INFO] PDC_SERVER[0]: Starting flush for obj_id 4000000002, ndim=3
[13:35:50.029490] [WARNING] [pdc_server_region_cache.c:823] PDC_SERVER[0]: Region mapping lookup took 0.000001 s
[13:35:50.029494] [WARNING] [pdc_server_region_cache.c:828] PDC_SERVER[0]: No region mapping found for obj_id 4000000002
[13:35:50.046665] [WARNING] [pdc_server_region_cache.c:834] PDC_SERVER[0]: Flushed region via POSIX I/O in 0.017167 s
[13:35:50.046677] [WARNING] [pdc_server_region_cache.c:850] PDC_SERVER[0]: [2026-10-07 13:35:50.046675] Flushed 16.00 / 16.00 MB to storage
[INFO] PDC_SERVER[0]: Region flush iteration took 0.017193 s
[INFO] PDC_SERVER[0]: Starting flush for obj_id 4000000002, ndim=3
[13:35:50.047607] [WARNING] [pdc_server_region_cache.c:823] PDC_SERVER[0]: Region mapping lookup took 0.000001 s
[13:35:50.047612] [WARNING] [pdc_server_region_cache.c:828] PDC_SERVER[0]: No region mapping found for obj_id 4000000002
[13:35:50.065552] [WARNING] [pdc_server_region_cache.c:834] PDC_SERVER[0]: Flushed region via POSIX I/O in 0.017929 s
[13:35:50.065566] [WARNING] [pdc_server_region_cache.c:850] PDC_SERVER[0]: [2026-10-07 13:35:50.065563] Flushed 16.00 / 16.00 MB to storage
[INFO] PDC_SERVER[0]: Region flush iteration took 0.017965 s
[INFO] PDC_SERVER[0]: Starting flush for obj_id 4000000002, ndim=3
[13:35:50.066715] [WARNING] [pdc_server_region_cache.c:823] PDC_SERVER[0]: Region mapping lookup took 0.000001 s
[13:35:50.066722] [WARNING] [pdc_server_region_cache.c:828] PDC_SERVER[0]: No region mapping found for obj_id 4000000002
[13:35:50.084721] [WARNING] [pdc_server_region_cache.c:834] PDC_SERVER[0]: Flushed region via POSIX I/O in 0.017986 s
[13:35:50.084735] [WARNING] [pdc_server_region_cache.c:850] PDC_SERVER[0]: [2026-10-07 13:35:50.084733] Flushed 16.00 / 16.00 MB to storage
[INFO] PDC_SERVER[0]: Region flush iteration took 0.018029 s
[INFO] PDC_SERVER[0]: Starting flush for obj_id 4000000002, ndim=3
[13:35:50.085993] [WARNING] [pdc_server_region_cache.c:823] PDC_SERVER[0]: Region mapping lookup took 0.000001 s
[13:35:50.085998] [WARNING] [pdc_server_region_cache.c:828] PDC_SERVER[0]: No region mapping found for obj_id 4000000002
[13:35:50.103820] [WARNING] [pdc_server_region_cache.c:834] PDC_SERVER[0]: Flushed region via POSIX I/O in 0.017814 s
[13:35:50.103830] [WARNING] [pdc_server_region_cache.c:850] PDC_SERVER[0]: [2026-10-07 13:35:50.103827] Flushed 16.00 / 16.00 MB to storage
[INFO] PDC_SERVER[0]: Region flush iteration took 0.017844 s
[INFO] PDC_SERVER[0]: Starting flush for obj_id 4000000002, ndim=3
[13:35:50.104985] [WARNING] [pdc_server_region_cache.c:823] PDC_SERVER[0]: Region mapping lookup took 0.000001 s
[13:35:50.104989] [WARNING] [pdc_server_region_cache.c:828] PDC_SERVER[0]: No region mapping found for obj_id 4000000002
[13:35:50.122054] [WARNING] [pdc_server_region_cache.c:834] PDC_SERVER[0]: Flushed region via POSIX I/O in 0.017058 s
[13:35:50.122063] [WARNING] [pdc_server_region_cache.c:850] PDC_SERVER[0]: [2026-10-07 13:35:50.122060] Flushed 16.00 / 16.00 MB to storage
[INFO] PDC_SERVER[0]: Region flush iteration took 0.017085 s
[INFO] PDC_SERVER[0]: Starting flush for obj_id 4000000002, ndim=3
[13:35:50.123094] [WARNING] [pdc_server_region_cache.c:823] PDC_SERVER[0]: Region mapping lookup took 0.000001 s
[13:35:50.123099] [WARNING] [pdc_server_region_cache.c:828] PDC_SERVER[0]: No region mapping found for obj_id 4000000002
[13:35:50.140847] [WARNING] [pdc_server_region_cache.c:834] PDC_SERVER[0]: Flushed region via POSIX I/O in 0.017741 s
[13:35:50.140857] [WARNING] [pdc_server_region_cache.c:850] PDC_SERVER[0]: [2026-10-07 13:35:50.140854] Flushed 16.00 / 16.00 MB to storage
[INFO] PDC_SERVER[0]: Region flush iteration took 0.017769 s
[INFO] PDC_SERVER[0]: Starting flush for obj_id 4000000002, ndim=3
[13:35:50.143844] [WARNING] [pdc_server_region_cache.c:823] PDC_SERVER[0]: Region mapping lookup took 0.000000 s
[13:35:50.143849] [WARNING] [pdc_server_region_cache.c:828] PDC_SERVER[0]: No region mapping found for obj_id 4000000002
[13:35:50.161686] [WARNING] [pdc_server_region_cache.c:834] PDC_SERVER[0]: Flushed region via POSIX I/O in 0.017834 s
[13:35:50.161695] [WARNING] [pdc_server_region_cache.c:850] PDC_SERVER[0]: [2026-10-07 13:35:50.161693] Flushed 16.00 / 16.00 MB to storage
[INFO] PDC_SERVER[0]: Region flush iteration took 0.017856 s
[INFO] PDC_SERVER[0]: Starting flush for obj_id 4000000002, ndim=3
[13:35:50.162516] [WARNING] [pdc_server_region_cache.c:823] PDC_SERVER[0]: Region mapping lookup took 0.000000 s
[13:35:50.162521] [WARNING] [pdc_server_region_cache.c:828] PDC_SERVER[0]: No region mapping found for obj_id 4000000002
[13:35:50.179781] [WARNING] [pdc_server_region_cache.c:834] PDC_SERVER[0]: Flushed region via POSIX I/O in 0.017253 s
[13:35:50.179789] [WARNING] [pdc_server_region_cache.c:850] PDC_SERVER[0]: [2026-10-07 13:35:50.179786] Flushed 16.00 / 16.00 MB to storage
[INFO] PDC_SERVER[0]: Region flush iteration took 0.017279 s
[INFO] PDC_SERVER[0]: Starting flush for obj_id 4000000002, ndim=3
[13:35:50.180870] [WARNING] [pdc_server_region_cache.c:823] PDC_SERVER[0]: Region mapping lookup took 0.000001 s
[13:35:50.180874] [WARNING] [pdc_server_region_cache.c:828] PDC_SERVER[0]: No region mapping found for obj_id 4000000002
[13:35:50.197705] [WARNING] [pdc_server_region_cache.c:834] PDC_SERVER[0]: Flushed region via POSIX I/O in 0.016823 s
[13:35:50.197715] [WARNING] [pdc_server_region_cache.c:850] PDC_SERVER[0]: [2026-10-07 13:35:50.197712] Flushed 16.00 / 16.00 MB to storage
[INFO] PDC_SERVER[0]: Region flush iteration took 0.016853 s
[INFO] PDC_SERVER[0]: Starting flush for obj_id 1000000001, ndim=3
[13:35:50.238587] [WARNING] [pdc_server_region_cache.c:823] PDC_SERVER[0]: Region mapping lookup took 0.000000 s
[13:35:50.238593] [WARNING] [pdc_server_region_cache.c:828] PDC_SERVER[0]: No region mapping found for obj_id 1000000001
[13:35:50.486293] [WARNING] [pdc_tf_server.c:393] PDC_SERVER[1]: SCHED: setting CUDA device to 0 for edge 0 func=zfp_compress
[13:35:50.486326] [WARNING] [pdc_tf_server.c:401] PDC_SERVER[1]: SCHED: executing edge 0 func=zfp_compress dev=GPU
[13:35:50.503865] [WARNING] [pdc_tf_server.c:475] PDC_SERVER[1]: SCHED: done running transformations
[13:35:50.506020] [WARNING] [pdc_tf_server.c:393] PDC_SERVER[3]: SCHED: setting CUDA device to 0 for edge 0 func=zfp_compress
[13:35:50.506073] [WARNING] [pdc_tf_server.c:401] PDC_SERVER[3]: SCHED: executing edge 0 func=zfp_compress dev=GPU
[INFO] PDC_SERVER[0]: Executing graph with json filepath /pscratch/sd/n/nlewi26/src/work_space/source/pdc/tf_client/graphs/zfp_gpu.json
[13:35:50.520524] [WARNING] [pdc_tf_server.c:393] PDC_SERVER[0]: SCHED: setting CUDA device to 0 for edge 0 func=zfp_compress
[13:35:50.520568] [WARNING] [pdc_tf_server.c:401] PDC_SERVER[0]: SCHED: executing edge 0 func=zfp_compress dev=GPU
[13:35:50.521483] [WARNING] [pdc_tf_server.c:393] PDC_SERVER[2]: SCHED: setting CUDA device to 0 for edge 0 func=zfp_compress
[13:35:50.521504] [WARNING] [pdc_tf_server.c:401] PDC_SERVER[2]: SCHED: executing edge 0 func=zfp_compress dev=GPU
[13:35:50.524529] [WARNING] [pdc_tf_server.c:475] PDC_SERVER[3]: SCHED: done running transformations
[13:35:50.537726] [WARNING] [pdc_tf_server.c:475] PDC_SERVER[0]: SCHED: done running transformations
[13:35:50.540273] [WARNING] [pdc_tf_server.c:475] PDC_SERVER[2]: SCHED: done running transformations
[13:35:50.579352] [WARNING] [pdc_server_region_cache.c:834] PDC_SERVER[0]: Flushed region via POSIX I/O in 0.340748 s
[13:35:50.579368] [WARNING] [pdc_server_region_cache.c:850] PDC_SERVER[0]: [2026-10-07 13:35:50.579365] Flushed 16.00 / 16.00 MB to storage
[INFO] PDC_SERVER[0]: Region flush iteration took 0.340789 s
[INFO] PDC_SERVER[0]: Starting flush for obj_id 1000000001, ndim=3
[13:35:50.581018] [WARNING] [pdc_server_region_cache.c:823] PDC_SERVER[0]: Region mapping lookup took 0.000001 s
[13:35:50.581023] [WARNING] [pdc_server_region_cache.c:828] PDC_SERVER[0]: No region mapping found for obj_id 1000000001
[13:35:50.808480] [WARNING] [pdc_tf_server.c:393] PDC_SERVER[1]: SCHED: setting CUDA device to 0 for edge 0 func=zfp_compress
[13:35:50.808525] [WARNING] [pdc_tf_server.c:401] PDC_SERVER[1]: SCHED: executing edge 0 func=zfp_compress dev=GPU
[13:35:50.818380] [WARNING] [pdc_tf_server.c:475] PDC_SERVER[1]: SCHED: done running transformations
[13:35:50.823928] [WARNING] [pdc_tf_server.c:393] PDC_SERVER[2]: SCHED: setting CUDA device to 0 for edge 0 func=zfp_compress
[13:35:50.823979] [WARNING] [pdc_tf_server.c:401] PDC_SERVER[2]: SCHED: executing edge 0 func=zfp_compress dev=GPU
[INFO] PDC_SERVER[0]: Executing graph with json filepath /pscratch/sd/n/nlewi26/src/work_space/source/pdc/tf_client/graphs/zfp_gpu.json
[13:35:50.824819] [WARNING] [pdc_tf_server.c:393] PDC_SERVER[0]: SCHED: setting CUDA device to 0 for edge 0 func=zfp_compress
[13:35:50.824833] [WARNING] [pdc_tf_server.c:401] PDC_SERVER[0]: SCHED: executing edge 0 func=zfp_compress dev=GPU
[13:35:50.832844] [WARNING] [pdc_tf_server.c:475] PDC_SERVER[2]: SCHED: done running transformations
[13:35:50.833936] [WARNING] [pdc_tf_server.c:475] PDC_SERVER[0]: SCHED: done running transformations
[13:35:50.837712] [WARNING] [pdc_tf_server.c:393] PDC_SERVER[3]: SCHED: setting CUDA device to 0 for edge 0 func=zfp_compress
[13:35:50.837745] [WARNING] [pdc_tf_server.c:401] PDC_SERVER[3]: SCHED: executing edge 0 func=zfp_compress dev=GPU
[13:35:50.846579] [WARNING] [pdc_tf_server.c:475] PDC_SERVER[3]: SCHED: done running transformations
[13:35:50.870910] [WARNING] [pdc_server_region_cache.c:834] PDC_SERVER[0]: Flushed region via POSIX I/O in 0.289877 s
[13:35:50.870923] [WARNING] [pdc_server_region_cache.c:850] PDC_SERVER[0]: [2026-10-07 13:35:50.870920] Flushed 16.00 / 16.00 MB to storage
[INFO] PDC_SERVER[0]: Region flush iteration took 0.289914 s
[INFO] PDC_SERVER[0]: Starting flush for obj_id 1000000001, ndim=3
[13:35:50.872581] [WARNING] [pdc_server_region_cache.c:823] PDC_SERVER[0]: Region mapping lookup took 0.000001 s
[13:35:50.872586] [WARNING] [pdc_server_region_cache.c:828] PDC_SERVER[0]: No region mapping found for obj_id 1000000001
[13:35:51.110531] [WARNING] [pdc_tf_server.c:393] PDC_SERVER[1]: SCHED: setting CUDA device to 0 for edge 0 func=zfp_compress
[13:35:51.110562] [WARNING] [pdc_tf_server.c:401] PDC_SERVER[1]: SCHED: executing edge 0 func=zfp_compress dev=GPU
[INFO] PDC_SERVER[0]: Executing graph with json filepath /pscratch/sd/n/nlewi26/src/work_space/source/pdc/tf_client/graphs/zfp_gpu.json
[13:35:51.116597] [WARNING] [pdc_tf_server.c:393] PDC_SERVER[0]: SCHED: setting CUDA device to 0 for edge 0 func=zfp_compress
[13:35:51.116612] [WARNING] [pdc_tf_server.c:401] PDC_SERVER[0]: SCHED: executing edge 0 func=zfp_compress dev=GPU
[13:35:51.119579] [WARNING] [pdc_tf_server.c:475] PDC_SERVER[1]: SCHED: done running transformations
[13:35:51.120903] [WARNING] [pdc_tf_server.c:393] PDC_SERVER[2]: SCHED: setting CUDA device to 0 for edge 0 func=zfp_compress
[13:35:51.120956] [WARNING] [pdc_tf_server.c:401] PDC_SERVER[2]: SCHED: executing edge 0 func=zfp_compress dev=GPU
[13:35:51.125824] [WARNING] [pdc_tf_server.c:475] PDC_SERVER[0]: SCHED: done running transformations
[13:35:51.129985] [WARNING] [pdc_tf_server.c:475] PDC_SERVER[2]: SCHED: done running transformations
[13:35:51.134792] [WARNING] [pdc_tf_server.c:393] PDC_SERVER[3]: SCHED: setting CUDA device to 0 for edge 0 func=zfp_compress
[13:35:51.134820] [WARNING] [pdc_tf_server.c:401] PDC_SERVER[3]: SCHED: executing edge 0 func=zfp_compress dev=GPU
[13:35:51.143314] [WARNING] [pdc_tf_server.c:475] PDC_SERVER[3]: SCHED: done running transformations
[13:35:51.161575] [WARNING] [pdc_server_region_cache.c:834] PDC_SERVER[0]: Flushed region via POSIX I/O in 0.288979 s
[13:35:51.161589] [WARNING] [pdc_server_region_cache.c:850] PDC_SERVER[0]: [2026-10-07 13:35:51.161586] Flushed 16.00 / 16.00 MB to storage
[INFO] PDC_SERVER[0]: Region flush iteration took 0.289017 s
[INFO] PDC_SERVER[0]: Starting flush for obj_id 1000000001, ndim=3
[13:35:51.163133] [WARNING] [pdc_server_region_cache.c:823] PDC_SERVER[0]: Region mapping lookup took 0.000001 s
[13:35:51.163137] [WARNING] [pdc_server_region_cache.c:828] PDC_SERVER[0]: No region mapping found for obj_id 1000000001
[13:35:51.410846] [WARNING] [pdc_tf_server.c:393] PDC_SERVER[1]: SCHED: setting CUDA device to 0 for edge 0 func=zfp_compress
[13:35:51.410875] [WARNING] [pdc_tf_server.c:401] PDC_SERVER[1]: SCHED: executing edge 0 func=zfp_compress dev=GPU
[13:35:51.416572] [WARNING] [pdc_tf_server.c:393] PDC_SERVER[2]: SCHED: setting CUDA device to 0 for edge 0 func=zfp_compress
[13:35:51.416598] [WARNING] [pdc_tf_server.c:401] PDC_SERVER[2]: SCHED: executing edge 0 func=zfp_compress dev=GPU
[INFO] PDC_SERVER[0]: Executing graph with json filepath /pscratch/sd/n/nlewi26/src/work_space/source/pdc/tf_client/graphs/zfp_gpu.json
[13:35:51.418183] [WARNING] [pdc_tf_server.c:393] PDC_SERVER[0]: SCHED: setting CUDA device to 0 for edge 0 func=zfp_compress
[13:35:51.418198] [WARNING] [pdc_tf_server.c:401] PDC_SERVER[0]: SCHED: executing edge 0 func=zfp_compress dev=GPU
[13:35:51.425814] [WARNING] [pdc_tf_server.c:475] PDC_SERVER[2]: SCHED: done running transformations
[13:35:51.427039] [WARNING] [pdc_tf_server.c:475] PDC_SERVER[1]: SCHED: done running transformations
[13:35:51.430860] [WARNING] [pdc_tf_server.c:393] PDC_SERVER[3]: SCHED: setting CUDA device to 0 for edge 0 func=zfp_compress
[13:35:51.430889] [WARNING] [pdc_tf_server.c:401] PDC_SERVER[3]: SCHED: executing edge 0 func=zfp_compress dev=GPU
[13:35:51.435301] [WARNING] [pdc_tf_server.c:475] PDC_SERVER[0]: SCHED: done running transformations
[13:35:51.438785] [WARNING] [pdc_tf_server.c:475] PDC_SERVER[3]: SCHED: done running transformations
[13:35:51.470964] [WARNING] [pdc_server_region_cache.c:834] PDC_SERVER[0]: Flushed region via POSIX I/O in 0.307817 s
[13:35:51.470977] [WARNING] [pdc_server_region_cache.c:850] PDC_SERVER[0]: [2026-10-07 13:35:51.470974] Flushed 16.00 / 16.00 MB to storage
[INFO] PDC_SERVER[0]: Region flush iteration took 0.307852 s
[INFO] PDC_SERVER[0]: Starting flush for obj_id 1000000001, ndim=3
[13:35:51.472532] [WARNING] [pdc_server_region_cache.c:823] PDC_SERVER[0]: Region mapping lookup took 0.000001 s
[13:35:51.472537] [WARNING] [pdc_server_region_cache.c:828] PDC_SERVER[0]: No region mapping found for obj_id 1000000001
[INFO] PDC_SERVER[0]: Executing graph with json filepath /pscratch/sd/n/nlewi26/src/work_space/source/pdc/tf_client/graphs/zfp_gpu.json
[13:35:51.715951] [WARNING] [pdc_tf_server.c:393] PDC_SERVER[0]: SCHED: setting CUDA device to 0 for edge 0 func=zfp_compress
[13:35:51.715965] [WARNING] [pdc_tf_server.c:401] PDC_SERVER[0]: SCHED: executing edge 0 func=zfp_compress dev=GPU
[13:35:51.716486] [WARNING] [pdc_tf_server.c:393] PDC_SERVER[1]: SCHED: setting CUDA device to 0 for edge 0 func=zfp_compress
[13:35:51.716517] [WARNING] [pdc_tf_server.c:401] PDC_SERVER[1]: SCHED: executing edge 0 func=zfp_compress dev=GPU
[13:35:51.717535] [WARNING] [pdc_tf_server.c:393] PDC_SERVER[2]: SCHED: setting CUDA device to 0 for edge 0 func=zfp_compress
[13:35:51.717593] [WARNING] [pdc_tf_server.c:401] PDC_SERVER[2]: SCHED: executing edge 0 func=zfp_compress dev=GPU
[13:35:51.725726] [WARNING] [pdc_tf_server.c:475] PDC_SERVER[0]: SCHED: done running transformations
[13:35:51.726628] [WARNING] [pdc_tf_server.c:475] PDC_SERVER[1]: SCHED: done running transformations
[13:35:51.728786] [WARNING] [pdc_tf_server.c:475] PDC_SERVER[2]: SCHED: done running transformations
[13:35:51.729652] [WARNING] [pdc_tf_server.c:393] PDC_SERVER[3]: SCHED: setting CUDA device to 0 for edge 0 func=zfp_compress
[13:35:51.729700] [WARNING] [pdc_tf_server.c:401] PDC_SERVER[3]: SCHED: executing edge 0 func=zfp_compress dev=GPU
[13:35:51.742515] [WARNING] [pdc_tf_server.c:475] PDC_SERVER[3]: SCHED: done running transformations
[13:35:51.761577] [WARNING] [pdc_server_region_cache.c:834] PDC_SERVER[0]: Flushed region via POSIX I/O in 0.289030 s
[13:35:51.761593] [WARNING] [pdc_server_region_cache.c:850] PDC_SERVER[0]: [2026-10-07 13:35:51.761590] Flushed 16.00 / 16.00 MB to storage
[INFO] PDC_SERVER[0]: Region flush iteration took 0.289069 s
[INFO] PDC_SERVER[0]: Starting flush for obj_id 1000000001, ndim=3
[13:35:51.763754] [WARNING] [pdc_server_region_cache.c:823] PDC_SERVER[0]: Region mapping lookup took 0.000001 s
[13:35:51.763759] [WARNING] [pdc_server_region_cache.c:828] PDC_SERVER[0]: No region mapping found for obj_id 1000000001
[13:35:52.008969] [WARNING] [pdc_tf_server.c:393] PDC_SERVER[1]: SCHED: setting CUDA device to 0 for edge 0 func=zfp_compress
[13:35:52.009002] [WARNING] [pdc_tf_server.c:401] PDC_SERVER[1]: SCHED: executing edge 0 func=zfp_compress dev=GPU
[INFO] PDC_SERVER[0]: Executing graph with json filepath /pscratch/sd/n/nlewi26/src/work_space/source/pdc/tf_client/graphs/zfp_gpu.json
[13:35:52.009638] [WARNING] [pdc_tf_server.c:393] PDC_SERVER[0]: SCHED: setting CUDA device to 0 for edge 0 func=zfp_compress
[13:35:52.009680] [WARNING] [pdc_tf_server.c:401] PDC_SERVER[0]: SCHED: executing edge 0 func=zfp_compress dev=GPU
[13:35:52.018649] [WARNING] [pdc_tf_server.c:475] PDC_SERVER[1]: SCHED: done running transformations
[13:35:52.019322] [WARNING] [pdc_tf_server.c:475] PDC_SERVER[0]: SCHED: done running transformations
[13:35:52.028913] [WARNING] [pdc_tf_server.c:393] PDC_SERVER[2]: SCHED: setting CUDA device to 0 for edge 0 func=zfp_compress
[13:35:52.028970] [WARNING] [pdc_tf_server.c:401] PDC_SERVER[2]: SCHED: executing edge 0 func=zfp_compress dev=GPU
[13:35:52.040054] [WARNING] [pdc_tf_server.c:475] PDC_SERVER[2]: SCHED: done running transformations
[13:35:52.040058] [WARNING] [pdc_tf_server.c:393] PDC_SERVER[3]: SCHED: setting CUDA device to 0 for edge 0 func=zfp_compress
[13:35:52.040101] [WARNING] [pdc_tf_server.c:401] PDC_SERVER[3]: SCHED: executing edge 0 func=zfp_compress dev=GPU
[13:35:52.051521] [WARNING] [pdc_tf_server.c:475] PDC_SERVER[3]: SCHED: done running transformations
[13:35:52.055069] [WARNING] [pdc_server_region_cache.c:834] PDC_SERVER[0]: Flushed region via POSIX I/O in 0.291298 s
[13:35:52.055089] [WARNING] [pdc_server_region_cache.c:850] PDC_SERVER[0]: [2026-10-07 13:35:52.055084] Flushed 16.00 / 16.00 MB to storage
[INFO] PDC_SERVER[0]: Region flush iteration took 0.291353 s
[INFO] PDC_SERVER[0]: Starting flush for obj_id 1000000001, ndim=3
[13:35:52.056882] [WARNING] [pdc_server_region_cache.c:823] PDC_SERVER[0]: Region mapping lookup took 0.000001 s
[13:35:52.056887] [WARNING] [pdc_server_region_cache.c:828] PDC_SERVER[0]: No region mapping found for obj_id 1000000001
[INFO] PDC_SERVER[0]: Executing graph with json filepath /pscratch/sd/n/nlewi26/src/work_space/source/pdc/tf_client/graphs/zfp_gpu.json
[13:35:52.301635] [WARNING] [pdc_tf_server.c:393] PDC_SERVER[0]: SCHED: setting CUDA device to 0 for edge 0 func=zfp_compress
[13:35:52.301674] [WARNING] [pdc_tf_server.c:401] PDC_SERVER[0]: SCHED: executing edge 0 func=zfp_compress dev=GPU
[13:35:52.307928] [WARNING] [pdc_tf_server.c:393] PDC_SERVER[1]: SCHED: setting CUDA device to 0 for edge 0 func=zfp_compress
[13:35:52.307956] [WARNING] [pdc_tf_server.c:401] PDC_SERVER[1]: SCHED: executing edge 0 func=zfp_compress dev=GPU
[13:35:52.321134] [WARNING] [pdc_tf_server.c:475] PDC_SERVER[0]: SCHED: done running transformations
[13:35:52.327275] [WARNING] [pdc_tf_server.c:475] PDC_SERVER[1]: SCHED: done running transformations
[13:35:52.333889] [WARNING] [pdc_tf_server.c:393] PDC_SERVER[2]: SCHED: setting CUDA device to 0 for edge 0 func=zfp_compress
[13:35:52.333916] [WARNING] [pdc_tf_server.c:401] PDC_SERVER[2]: SCHED: executing edge 0 func=zfp_compress dev=GPU
[13:35:52.344390] [WARNING] [pdc_tf_server.c:475] PDC_SERVER[2]: SCHED: done running transformations
[13:35:52.344497] [WARNING] [pdc_tf_server.c:393] PDC_SERVER[3]: SCHED: setting CUDA device to 0 for edge 0 func=zfp_compress
[13:35:52.344524] [WARNING] [pdc_tf_server.c:401] PDC_SERVER[3]: SCHED: executing edge 0 func=zfp_compress dev=GPU
[13:35:52.355355] [WARNING] [pdc_tf_server.c:475] PDC_SERVER[3]: SCHED: done running transformations
[13:35:52.356826] [WARNING] [pdc_server_region_cache.c:834] PDC_SERVER[0]: Flushed region via POSIX I/O in 0.299927 s
[13:35:52.356841] [WARNING] [pdc_server_region_cache.c:850] PDC_SERVER[0]: [2026-10-07 13:35:52.356838] Flushed 16.00 / 16.00 MB to storage
[INFO] PDC_SERVER[0]: Region flush iteration took 0.299967 s
[INFO] PDC_SERVER[0]: Starting flush for obj_id 1000000001, ndim=3
[13:35:52.358650] [WARNING] [pdc_server_region_cache.c:823] PDC_SERVER[0]: Region mapping lookup took 0.000001 s
[13:35:52.358655] [WARNING] [pdc_server_region_cache.c:828] PDC_SERVER[0]: No region mapping found for obj_id 1000000001
[INFO] PDC_SERVER[0]: Executing graph with json filepath /pscratch/sd/n/nlewi26/src/work_space/source/pdc/tf_client/graphs/zfp_gpu.json
[13:35:52.604630] [WARNING] [pdc_tf_server.c:393] PDC_SERVER[0]: SCHED: setting CUDA device to 0 for edge 0 func=zfp_compress
[13:35:52.604669] [WARNING] [pdc_tf_server.c:401] PDC_SERVER[0]: SCHED: executing edge 0 func=zfp_compress dev=GPU
[13:35:52.608248] [WARNING] [pdc_tf_server.c:393] PDC_SERVER[1]: SCHED: setting CUDA device to 0 for edge 0 func=zfp_compress
[13:35:52.608274] [WARNING] [pdc_tf_server.c:401] PDC_SERVER[1]: SCHED: executing edge 0 func=zfp_compress dev=GPU
[13:35:52.613843] [WARNING] [pdc_tf_server.c:475] PDC_SERVER[0]: SCHED: done running transformations
[13:35:52.617679] [WARNING] [pdc_tf_server.c:475] PDC_SERVER[1]: SCHED: done running transformations
[13:35:52.642030] [WARNING] [pdc_tf_server.c:393] PDC_SERVER[2]: SCHED: setting CUDA device to 0 for edge 0 func=zfp_compress
[13:35:52.642055] [WARNING] [pdc_tf_server.c:401] PDC_SERVER[2]: SCHED: executing edge 0 func=zfp_compress dev=GPU
[13:35:52.650210] [WARNING] [pdc_server_region_cache.c:834] PDC_SERVER[0]: Flushed region via POSIX I/O in 0.291544 s
[13:35:52.650228] [WARNING] [pdc_server_region_cache.c:850] PDC_SERVER[0]: [2026-10-07 13:35:52.650223] Flushed 16.00 / 16.00 MB to storage
[INFO] PDC_SERVER[0]: Region flush iteration took 0.291586 s
[13:35:52.651239] [WARNING] [pdc_tf_server.c:393] PDC_SERVER[3]: SCHED: setting CUDA device to 0 for edge 0 func=zfp_compress
[13:35:52.651299] [WARNING] [pdc_tf_server.c:401] PDC_SERVER[3]: SCHED: executing edge 0 func=zfp_compress dev=GPU
[INFO] PDC_SERVER[0]: Starting flush for obj_id 1000000001, ndim=3
[13:35:52.651869] [WARNING] [pdc_server_region_cache.c:823] PDC_SERVER[0]: Region mapping lookup took 0.000001 s
[13:35:52.651874] [WARNING] [pdc_server_region_cache.c:828] PDC_SERVER[0]: No region mapping found for obj_id 1000000001
[13:35:52.652519] [WARNING] [pdc_tf_server.c:475] PDC_SERVER[2]: SCHED: done running transformations
[13:35:52.662816] [WARNING] [pdc_tf_server.c:475] PDC_SERVER[3]: SCHED: done running transformations
[INFO] PDC_SERVER[0]: Executing graph with json filepath /pscratch/sd/n/nlewi26/src/work_space/source/pdc/tf_client/graphs/zfp_gpu.json
[13:35:52.901067] [WARNING] [pdc_tf_server.c:393] PDC_SERVER[0]: SCHED: setting CUDA device to 0 for edge 0 func=zfp_compress
[13:35:52.901109] [WARNING] [pdc_tf_server.c:401] PDC_SERVER[0]: SCHED: executing edge 0 func=zfp_compress dev=GPU
[13:35:52.902051] [WARNING] [pdc_tf_server.c:393] PDC_SERVER[1]: SCHED: setting CUDA device to 0 for edge 0 func=zfp_compress
[13:35:52.902083] [WARNING] [pdc_tf_server.c:401] PDC_SERVER[1]: SCHED: executing edge 0 func=zfp_compress dev=GPU
[13:35:52.910670] [WARNING] [pdc_tf_server.c:475] PDC_SERVER[0]: SCHED: done running transformations
[13:35:52.912598] [WARNING] [pdc_tf_server.c:475] PDC_SERVER[1]: SCHED: done running transformations
[13:35:52.946740] [WARNING] [pdc_server_region_cache.c:834] PDC_SERVER[0]: Flushed region via POSIX I/O in 0.294855 s
[13:35:52.946756] [WARNING] [pdc_server_region_cache.c:850] PDC_SERVER[0]: [2026-10-07 13:35:52.946753] Flushed 16.00 / 16.00 MB to storage
[INFO] PDC_SERVER[0]: Region flush iteration took 0.294897 s
[INFO] PDC_SERVER[0]: Starting flush for obj_id 1000000001, ndim=3
[13:35:52.948374] [WARNING] [pdc_server_region_cache.c:823] PDC_SERVER[0]: Region mapping lookup took 0.000001 s
[13:35:52.948378] [WARNING] [pdc_server_region_cache.c:828] PDC_SERVER[0]: No region mapping found for obj_id 1000000001
[13:35:52.957844] [WARNING] [pdc_tf_server.c:393] PDC_SERVER[3]: SCHED: setting CUDA device to 0 for edge 0 func=zfp_compress
[13:35:52.957872] [WARNING] [pdc_tf_server.c:401] PDC_SERVER[3]: SCHED: executing edge 0 func=zfp_compress dev=GPU
[13:35:52.967914] [WARNING] [pdc_tf_server.c:393] PDC_SERVER[2]: SCHED: setting CUDA device to 0 for edge 0 func=zfp_compress
[13:35:52.967966] [WARNING] [pdc_tf_server.c:401] PDC_SERVER[2]: SCHED: executing edge 0 func=zfp_compress dev=GPU
[13:35:52.979829] [WARNING] [pdc_tf_server.c:475] PDC_SERVER[3]: SCHED: done running transformations
[13:35:52.996170] [WARNING] [pdc_tf_server.c:475] PDC_SERVER[2]: SCHED: done running transformations
[INFO] PDC_SERVER[0]: Executing graph with json filepath /pscratch/sd/n/nlewi26/src/work_space/source/pdc/tf_client/graphs/zfp_gpu.json
[13:35:53.192153] [WARNING] [pdc_tf_server.c:393] PDC_SERVER[0]: SCHED: setting CUDA device to 0 for edge 0 func=zfp_compress
[13:35:53.192167] [WARNING] [pdc_tf_server.c:401] PDC_SERVER[0]: SCHED: executing edge 0 func=zfp_compress dev=GPU
[13:35:53.192514] [WARNING] [pdc_tf_server.c:393] PDC_SERVER[1]: SCHED: setting CUDA device to 0 for edge 0 func=zfp_compress
[13:35:53.192540] [WARNING] [pdc_tf_server.c:401] PDC_SERVER[1]: SCHED: executing edge 0 func=zfp_compress dev=GPU
[13:35:53.212863] [WARNING] [pdc_tf_server.c:475] PDC_SERVER[1]: SCHED: done running transformations
[13:35:53.212907] [WARNING] [pdc_tf_server.c:475] PDC_SERVER[0]: SCHED: done running transformations
[13:35:53.248953] [WARNING] [pdc_server_region_cache.c:834] PDC_SERVER[0]: Flushed region via POSIX I/O in 0.300552 s
[13:35:53.248971] [WARNING] [pdc_server_region_cache.c:850] PDC_SERVER[0]: [2026-10-07 13:35:53.248968] Flushed 16.00 / 16.00 MB to storage
[INFO] PDC_SERVER[0]: Region flush iteration took 0.300606 s
[INFO] PDC_SERVER[0]: Starting flush for obj_id 1000000001, ndim=3
[13:35:53.250683] [WARNING] [pdc_server_region_cache.c:823] PDC_SERVER[0]: Region mapping lookup took 0.000001 s
[13:35:53.250688] [WARNING] [pdc_server_region_cache.c:828] PDC_SERVER[0]: No region mapping found for obj_id 1000000001
[13:35:53.273725] [WARNING] [pdc_tf_server.c:393] PDC_SERVER[3]: SCHED: setting CUDA device to 0 for edge 0 func=zfp_compress
[13:35:53.273777] [WARNING] [pdc_tf_server.c:401] PDC_SERVER[3]: SCHED: executing edge 0 func=zfp_compress dev=GPU
[13:35:53.285508] [WARNING] [pdc_tf_server.c:475] PDC_SERVER[3]: SCHED: done running transformations
[13:35:53.294602] [WARNING] [pdc_tf_server.c:393] PDC_SERVER[2]: SCHED: setting CUDA device to 0 for edge 0 func=zfp_compress
[13:35:53.294625] [WARNING] [pdc_tf_server.c:401] PDC_SERVER[2]: SCHED: executing edge 0 func=zfp_compress dev=GPU
[13:35:53.304630] [WARNING] [pdc_tf_server.c:475] PDC_SERVER[2]: SCHED: done running transformations
[INFO] PDC_SERVER[0]: Executing graph with json filepath /pscratch/sd/n/nlewi26/src/work_space/source/pdc/tf_client/graphs/zfp_gpu.json
[13:35:53.493315] [WARNING] [pdc_tf_server.c:393] PDC_SERVER[0]: SCHED: setting CUDA device to 0 for edge 0 func=zfp_compress
[13:35:53.493354] [WARNING] [pdc_tf_server.c:401] PDC_SERVER[0]: SCHED: executing edge 0 func=zfp_compress dev=GPU
[13:35:53.495143] [WARNING] [pdc_tf_server.c:393] PDC_SERVER[1]: SCHED: setting CUDA device to 0 for edge 0 func=zfp_compress
[13:35:53.495194] [WARNING] [pdc_tf_server.c:401] PDC_SERVER[1]: SCHED: executing edge 0 func=zfp_compress dev=GPU
[13:35:53.504807] [WARNING] [pdc_tf_server.c:475] PDC_SERVER[1]: SCHED: done running transformations
[13:35:53.505805] [WARNING] [pdc_tf_server.c:475] PDC_SERVER[0]: SCHED: done running transformations
[13:35:53.541347] [WARNING] [pdc_server_region_cache.c:834] PDC_SERVER[0]: Flushed region via POSIX I/O in 0.290647 s
[13:35:53.541361] [WARNING] [pdc_server_region_cache.c:850] PDC_SERVER[0]: [2026-10-07 13:35:53.541358] Flushed 16.00 / 16.00 MB to storage
[INFO] PDC_SERVER[0]: Region flush iteration took 0.290687 s
[INFO] PDC_SERVER[0]: Starting flush for obj_id 1000000001, ndim=3
[13:35:53.542935] [WARNING] [pdc_server_region_cache.c:823] PDC_SERVER[0]: Region mapping lookup took 0.000001 s
[13:35:53.542940] [WARNING] [pdc_server_region_cache.c:828] PDC_SERVER[0]: No region mapping found for obj_id 1000000001
[13:35:53.585070] [WARNING] [pdc_tf_server.c:393] PDC_SERVER[3]: SCHED: setting CUDA device to 0 for edge 0 func=zfp_compress
[13:35:53.585095] [WARNING] [pdc_tf_server.c:401] PDC_SERVER[3]: SCHED: executing edge 0 func=zfp_compress dev=GPU
[13:35:53.595812] [WARNING] [pdc_tf_server.c:475] PDC_SERVER[3]: SCHED: done running transformations
[13:35:53.598763] [WARNING] [pdc_tf_server.c:393] PDC_SERVER[2]: SCHED: setting CUDA device to 0 for edge 0 func=zfp_compress
[13:35:53.598788] [WARNING] [pdc_tf_server.c:401] PDC_SERVER[2]: SCHED: executing edge 0 func=zfp_compress dev=GPU
[13:35:53.608784] [WARNING] [pdc_tf_server.c:475] PDC_SERVER[2]: SCHED: done running transformations
[13:35:53.784785] [WARNING] [pdc_tf_server.c:393] PDC_SERVER[1]: SCHED: setting CUDA device to 0 for edge 0 func=zfp_compress
[13:35:53.784813] [WARNING] [pdc_tf_server.c:401] PDC_SERVER[1]: SCHED: executing edge 0 func=zfp_compress dev=GPU
[INFO] PDC_SERVER[0]: Executing graph with json filepath /pscratch/sd/n/nlewi26/src/work_space/source/pdc/tf_client/graphs/zfp_gpu.json
[13:35:53.791470] [WARNING] [pdc_tf_server.c:393] PDC_SERVER[0]: SCHED: setting CUDA device to 0 for edge 0 func=zfp_compress
[13:35:53.791484] [WARNING] [pdc_tf_server.c:401] PDC_SERVER[0]: SCHED: executing edge 0 func=zfp_compress dev=GPU
[13:35:53.793810] [WARNING] [pdc_tf_server.c:475] PDC_SERVER[1]: SCHED: done running transformations
[13:35:53.802090] [WARNING] [pdc_tf_server.c:475] PDC_SERVER[0]: SCHED: done running transformations
[13:35:53.837615] [WARNING] [pdc_server_region_cache.c:834] PDC_SERVER[0]: Flushed region via POSIX I/O in 0.294662 s
[13:35:53.837629] [WARNING] [pdc_server_region_cache.c:850] PDC_SERVER[0]: [2026-10-07 13:35:53.837626] Flushed 16.00 / 16.00 MB to storage
[INFO] PDC_SERVER[0]: Region flush iteration took 0.294703 s
[INFO] PDC_SERVER[0]: Starting flush for obj_id 1000000001, ndim=3
[13:35:53.839862] [WARNING] [pdc_server_region_cache.c:823] PDC_SERVER[0]: Region mapping lookup took 0.000001 s
[13:35:53.839867] [WARNING] [pdc_server_region_cache.c:828] PDC_SERVER[0]: No region mapping found for obj_id 1000000001
[13:35:53.890962] [WARNING] [pdc_tf_server.c:393] PDC_SERVER[3]: SCHED: setting CUDA device to 0 for edge 0 func=zfp_compress
[13:35:53.891014] [WARNING] [pdc_tf_server.c:401] PDC_SERVER[3]: SCHED: executing edge 0 func=zfp_compress dev=GPU
[13:35:53.902365] [WARNING] [pdc_tf_server.c:475] PDC_SERVER[3]: SCHED: done running transformations
[13:35:53.910795] [WARNING] [pdc_tf_server.c:393] PDC_SERVER[2]: SCHED: setting CUDA device to 0 for edge 0 func=zfp_compress
[13:35:53.910825] [WARNING] [pdc_tf_server.c:401] PDC_SERVER[2]: SCHED: executing edge 0 func=zfp_compress dev=GPU
[13:35:53.921105] [WARNING] [pdc_tf_server.c:475] PDC_SERVER[2]: SCHED: done running transformations
[13:35:54.075968] [WARNING] [pdc_tf_server.c:393] PDC_SERVER[1]: SCHED: setting CUDA device to 0 for edge 0 func=zfp_compress
[13:35:54.075996] [WARNING] [pdc_tf_server.c:401] PDC_SERVER[1]: SCHED: executing edge 0 func=zfp_compress dev=GPU
[INFO] PDC_SERVER[0]: Executing graph with json filepath /pscratch/sd/n/nlewi26/src/work_space/source/pdc/tf_client/graphs/zfp_gpu.json
[13:35:54.083611] [WARNING] [pdc_tf_server.c:393] PDC_SERVER[0]: SCHED: setting CUDA device to 0 for edge 0 func=zfp_compress
[13:35:54.083625] [WARNING] [pdc_tf_server.c:401] PDC_SERVER[0]: SCHED: executing edge 0 func=zfp_compress dev=GPU
[13:35:54.094436] [WARNING] [pdc_tf_server.c:475] PDC_SERVER[1]: SCHED: done running transformations
[13:35:54.096843] [WARNING] [pdc_tf_server.c:475] PDC_SERVER[0]: SCHED: done running transformations
[13:35:54.132686] [WARNING] [pdc_server_region_cache.c:834] PDC_SERVER[0]: Flushed region via POSIX I/O in 0.292806 s
[13:35:54.132709] [WARNING] [pdc_server_region_cache.c:850] PDC_SERVER[0]: [2026-10-07 13:35:54.132706] Flushed 16.00 / 16.00 MB to storage
[INFO] PDC_SERVER[0]: Region flush iteration took 0.292855 s
[INFO] PDC_SERVER[0]: Starting flush for obj_id 1000000001, ndim=3
[13:35:54.134369] [WARNING] [pdc_server_region_cache.c:823] PDC_SERVER[0]: Region mapping lookup took 0.000001 s
[13:35:54.134375] [WARNING] [pdc_server_region_cache.c:828] PDC_SERVER[0]: No region mapping found for obj_id 1000000001
[13:35:54.198207] [WARNING] [pdc_tf_server.c:393] PDC_SERVER[3]: SCHED: setting CUDA device to 0 for edge 0 func=zfp_compress
[13:35:54.198232] [WARNING] [pdc_tf_server.c:401] PDC_SERVER[3]: SCHED: executing edge 0 func=zfp_compress dev=GPU
[13:35:54.211601] [WARNING] [pdc_tf_server.c:475] PDC_SERVER[3]: SCHED: done running transformations
[13:35:54.216077] [WARNING] [pdc_tf_server.c:393] PDC_SERVER[2]: SCHED: setting CUDA device to 0 for edge 0 func=zfp_compress
[13:35:54.216103] [WARNING] [pdc_tf_server.c:401] PDC_SERVER[2]: SCHED: executing edge 0 func=zfp_compress dev=GPU
[13:35:54.245573] [WARNING] [pdc_tf_server.c:475] PDC_SERVER[2]: SCHED: done running transformations
[INFO] PDC_SERVER[0]: Executing graph with json filepath /pscratch/sd/n/nlewi26/src/work_space/source/pdc/tf_client/graphs/zfp_gpu.json
[13:35:54.383831] [WARNING] [pdc_tf_server.c:393] PDC_SERVER[0]: SCHED: setting CUDA device to 0 for edge 0 func=zfp_compress
[13:35:54.383869] [WARNING] [pdc_tf_server.c:401] PDC_SERVER[0]: SCHED: executing edge 0 func=zfp_compress dev=GPU
[13:35:54.391664] [WARNING] [pdc_tf_server.c:393] PDC_SERVER[1]: SCHED: setting CUDA device to 0 for edge 0 func=zfp_compress
[13:35:54.391693] [WARNING] [pdc_tf_server.c:401] PDC_SERVER[1]: SCHED: executing edge 0 func=zfp_compress dev=GPU
[13:35:54.392781] [WARNING] [pdc_tf_server.c:475] PDC_SERVER[0]: SCHED: done running transformations
[13:35:54.402293] [WARNING] [pdc_tf_server.c:475] PDC_SERVER[1]: SCHED: done running transformations
[13:35:54.428530] [WARNING] [pdc_server_region_cache.c:834] PDC_SERVER[0]: Flushed region via POSIX I/O in 0.294142 s
[13:35:54.428551] [WARNING] [pdc_server_region_cache.c:850] PDC_SERVER[0]: [2026-10-07 13:35:54.428547] Flushed 16.00 / 16.00 MB to storage
[INFO] PDC_SERVER[0]: Region flush iteration took 0.294192 s
[INFO] PDC_SERVER[0]: Starting flush for obj_id 1000000001, ndim=3
[13:35:54.430293] [WARNING] [pdc_server_region_cache.c:823] PDC_SERVER[0]: Region mapping lookup took 0.000001 s
[13:35:54.430297] [WARNING] [pdc_server_region_cache.c:828] PDC_SERVER[0]: No region mapping found for obj_id 1000000001
[13:35:54.506531] [WARNING] [pdc_tf_server.c:393] PDC_SERVER[3]: SCHED: setting CUDA device to 0 for edge 0 func=zfp_compress
[13:35:54.506582] [WARNING] [pdc_tf_server.c:401] PDC_SERVER[3]: SCHED: executing edge 0 func=zfp_compress dev=GPU
[13:35:54.517115] [WARNING] [pdc_tf_server.c:475] PDC_SERVER[3]: SCHED: done running transformations
[13:35:54.539598] [WARNING] [pdc_tf_server.c:393] PDC_SERVER[2]: SCHED: setting CUDA device to 0 for edge 0 func=zfp_compress
[13:35:54.539653] [WARNING] [pdc_tf_server.c:401] PDC_SERVER[2]: SCHED: executing edge 0 func=zfp_compress dev=GPU
[13:35:54.550180] [WARNING] [pdc_tf_server.c:475] PDC_SERVER[2]: SCHED: done running transformations
[INFO] PDC_SERVER[0]: Executing graph with json filepath /pscratch/sd/n/nlewi26/src/work_space/source/pdc/tf_client/graphs/zfp_gpu.json
[13:35:54.674446] [WARNING] [pdc_tf_server.c:393] PDC_SERVER[0]: SCHED: setting CUDA device to 0 for edge 0 func=zfp_compress
[13:35:54.674459] [WARNING] [pdc_tf_server.c:401] PDC_SERVER[0]: SCHED: executing edge 0 func=zfp_compress dev=GPU
[13:35:54.683562] [WARNING] [pdc_tf_server.c:475] PDC_SERVER[0]: SCHED: done running transformations
[13:35:54.686008] [WARNING] [pdc_tf_server.c:393] PDC_SERVER[1]: SCHED: setting CUDA device to 0 for edge 0 func=zfp_compress
[13:35:54.686034] [WARNING] [pdc_tf_server.c:401] PDC_SERVER[1]: SCHED: executing edge 0 func=zfp_compress dev=GPU
[13:35:54.695331] [WARNING] [pdc_tf_server.c:475] PDC_SERVER[1]: SCHED: done running transformations
[13:35:54.719238] [WARNING] [pdc_server_region_cache.c:834] PDC_SERVER[0]: Flushed region via POSIX I/O in 0.288929 s
[13:35:54.719255] [WARNING] [pdc_server_region_cache.c:850] PDC_SERVER[0]: [2026-10-07 13:35:54.719252] Flushed 16.00 / 16.00 MB to storage
[INFO] PDC_SERVER[0]: Region flush iteration took 0.288969 s
[INFO] PDC_SERVER[0]: Starting flush for obj_id 1000000001, ndim=3
[13:35:54.720817] [WARNING] [pdc_server_region_cache.c:823] PDC_SERVER[0]: Region mapping lookup took 0.000001 s
[13:35:54.720823] [WARNING] [pdc_server_region_cache.c:828] PDC_SERVER[0]: No region mapping found for obj_id 1000000001
[13:35:54.811957] [WARNING] [pdc_tf_server.c:393] PDC_SERVER[3]: SCHED: setting CUDA device to 0 for edge 0 func=zfp_compress
[13:35:54.811983] [WARNING] [pdc_tf_server.c:401] PDC_SERVER[3]: SCHED: executing edge 0 func=zfp_compress dev=GPU
[13:35:54.822438] [WARNING] [pdc_tf_server.c:475] PDC_SERVER[3]: SCHED: done running transformations
[13:35:54.844351] [WARNING] [pdc_tf_server.c:393] PDC_SERVER[2]: SCHED: setting CUDA device to 0 for edge 0 func=zfp_compress
[13:35:54.844421] [WARNING] [pdc_tf_server.c:401] PDC_SERVER[2]: SCHED: executing edge 0 func=zfp_compress dev=GPU
[13:35:54.855612] [WARNING] [pdc_tf_server.c:475] PDC_SERVER[2]: SCHED: done running transformations
[INFO] PDC_SERVER[0]: Executing graph with json filepath /pscratch/sd/n/nlewi26/src/work_space/source/pdc/tf_client/graphs/zfp_gpu.json
[13:35:54.968922] [WARNING] [pdc_tf_server.c:393] PDC_SERVER[0]: SCHED: setting CUDA device to 0 for edge 0 func=zfp_compress
[13:35:54.968936] [WARNING] [pdc_tf_server.c:401] PDC_SERVER[0]: SCHED: executing edge 0 func=zfp_compress dev=GPU
[13:35:54.976887] [WARNING] [pdc_tf_server.c:393] PDC_SERVER[1]: SCHED: setting CUDA device to 0 for edge 0 func=zfp_compress
[13:35:54.976914] [WARNING] [pdc_tf_server.c:401] PDC_SERVER[1]: SCHED: executing edge 0 func=zfp_compress dev=GPU
[13:35:54.978108] [WARNING] [pdc_tf_server.c:475] PDC_SERVER[0]: SCHED: done running transformations
[13:35:54.987541] [WARNING] [pdc_tf_server.c:475] PDC_SERVER[1]: SCHED: done running transformations
[13:35:55.013772] [WARNING] [pdc_server_region_cache.c:834] PDC_SERVER[0]: Flushed region via POSIX I/O in 0.292936 s
[13:35:55.013800] [WARNING] [pdc_server_region_cache.c:850] PDC_SERVER[0]: [2026-10-07 13:35:55.013795] Flushed 16.00 / 16.00 MB to storage
[INFO] PDC_SERVER[0]: Region flush iteration took 0.292992 s
[13:35:55.117287] [WARNING] [pdc_tf_server.c:393] PDC_SERVER[3]: SCHED: setting CUDA device to 0 for edge 0 func=zfp_compress
[13:35:55.117313] [WARNING] [pdc_tf_server.c:401] PDC_SERVER[3]: SCHED: executing edge 0 func=zfp_compress dev=GPU
[13:35:55.128360] [WARNING] [pdc_tf_server.c:475] PDC_SERVER[3]: SCHED: done running transformations
[13:35:55.148070] [WARNING] [pdc_tf_server.c:393] PDC_SERVER[2]: SCHED: setting CUDA device to 0 for edge 0 func=zfp_compress
[13:35:55.148116] [WARNING] [pdc_tf_server.c:401] PDC_SERVER[2]: SCHED: executing edge 0 func=zfp_compress dev=GPU
[13:35:55.157965] [WARNING] [pdc_tf_server.c:475] PDC_SERVER[2]: SCHED: done running transformations
[INFO] PDC_SERVER[2]: Fetching region for obj_id=4000000004
[INFO] PDC_SERVER[2]: Checking against Object 2000000000
[INFO] PDC_SERVER[2]: Checking against Object 3000000000
[INFO] PDC_SERVER[2]: Checking against Object 4000000000
[INFO] PDC_SERVER[2]: Checking against Object 3000000003
[INFO] PDC_SERVER[2]: Checking against Object 4000000002
[INFO] PDC_SERVER[2]: Checking against Object 1000000001
[INFO] PDC_SERVER[2]: Object 4000000004 NOT found in cache
[INFO] PDC_SERVER[2]: Fetching region from server for obj_id=4000000004
[INFO] PDC_SERVER[3]: Fetching region for obj_id=4000000004
[INFO] PDC_SERVER[3]: Checking against Object 2000000000
[INFO] PDC_SERVER[3]: Checking against Object 3000000000
[INFO] PDC_SERVER[3]: Checking against Object 4000000000
[INFO] PDC_SERVER[3]: Checking against Object 3000000003
[INFO] PDC_SERVER[3]: Checking against Object 4000000002
[INFO] PDC_SERVER[3]: Checking against Object 1000000001
[INFO] PDC_SERVER[3]: Object 4000000004 NOT found in cache
[INFO] PDC_SERVER[3]: Fetching region from server for obj_id=4000000004
[INFO] PDC_SERVER[1]: Fetching region for obj_id=4000000004
[INFO] PDC_SERVER[1]: Checking against Object 2000000000
[INFO] PDC_SERVER[1]: Checking against Object 3000000000
[INFO] PDC_SERVER[1]: Checking against Object 4000000000
[INFO] PDC_SERVER[1]: Checking against Object 3000000003
[INFO] PDC_SERVER[1]: Checking against Object 4000000002
[INFO] PDC_SERVER[1]: Checking against Object 1000000001
[INFO] PDC_SERVER[1]: Object 4000000004 NOT found in cache
[INFO] PDC_SERVER[1]: Fetching region from server for obj_id=4000000004
[INFO] PDC_SERVER[0]: Fetching region for obj_id=4000000004
[INFO] PDC_SERVER[0]: Checking against Object 2000000000
[INFO] PDC_SERVER[0]: Checking against Object 3000000000
[INFO] PDC_SERVER[0]: Checking against Object 4000000000
[INFO] PDC_SERVER[0]: Checking against Object 3000000003
[INFO] PDC_SERVER[0]: Checking against Object 4000000002
[INFO] PDC_SERVER[0]: Checking against Object 1000000001
[INFO] PDC_SERVER[0]: Object 4000000004 NOT found in cache
[INFO] PDC_SERVER[0]: Fetching region from server for obj_id=4000000004
[13:35:55.220086] [WARNING] [pdc_tf_server.c:393] PDC_SERVER[3]: SCHED: setting CUDA device to 0 for edge 0 func=zfp_decompress
[13:35:55.220108] [WARNING] [pdc_tf_server.c:401] PDC_SERVER[3]: SCHED: executing edge 0 func=zfp_decompress dev=GPU
[13:35:55.221710] [WARNING] [pdc_tf_server.c:393] PDC_SERVER[2]: SCHED: setting CUDA device to 0 for edge 0 func=zfp_decompress
[13:35:55.221740] [WARNING] [pdc_tf_server.c:401] PDC_SERVER[2]: SCHED: executing edge 0 func=zfp_decompress dev=GPU
[13:35:55.222210] [WARNING] [pdc_tf_server.c:393] PDC_SERVER[1]: SCHED: setting CUDA device to 0 for edge 0 func=zfp_decompress
[13:35:55.222230] [WARNING] [pdc_tf_server.c:401] PDC_SERVER[1]: SCHED: executing edge 0 func=zfp_decompress dev=GPU
[INFO] PDC_SERVER[0]: Executing graph with json filepath /pscratch/sd/n/nlewi26/src/work_space/source/pdc/tf_client/graphs/zfp_gpu.json
[13:35:55.223407] [WARNING] [pdc_tf_server.c:393] PDC_SERVER[0]: SCHED: setting CUDA device to 0 for edge 0 func=zfp_decompress
[13:35:55.223421] [WARNING] [pdc_tf_server.c:401] PDC_SERVER[0]: SCHED: executing edge 0 func=zfp_decompress dev=GPU
[13:35:55.231238] [WARNING] [pdc_tf_server.c:475] PDC_SERVER[3]: SCHED: done running transformations
[13:35:55.231641] [WARNING] [pdc_tf_server.c:475] PDC_SERVER[2]: SCHED: done running transformations
[13:35:55.231893] [WARNING] [pdc_tf_server.c:475] PDC_SERVER[1]: SCHED: done running transformations
[13:35:55.232645] [WARNING] [pdc_tf_server.c:475] PDC_SERVER[0]: SCHED: done running transformations
[INFO] PDC_SERVER[3]: Fetching region for obj_id=4000000004
[INFO] PDC_SERVER[3]: Checking against Object 2000000000
[INFO] PDC_SERVER[3]: Checking against Object 3000000000
[INFO] PDC_SERVER[3]: Checking against Object 4000000000
[INFO] PDC_SERVER[3]: Checking against Object 3000000003
[INFO] PDC_SERVER[3]: Checking against Object 4000000002
[INFO] PDC_SERVER[3]: Checking against Object 1000000001
[INFO] PDC_SERVER[3]: Object 4000000004 NOT found in cache
[INFO] PDC_SERVER[3]: Fetching region from server for obj_id=4000000004
[INFO] PDC_SERVER[1]: Fetching region for obj_id=4000000004
[INFO] PDC_SERVER[1]: Checking against Object 2000000000
[INFO] PDC_SERVER[1]: Checking against Object 3000000000
[INFO] PDC_SERVER[1]: Checking against Object 4000000000
[INFO] PDC_SERVER[1]: Checking against Object 3000000003
[INFO] PDC_SERVER[1]: Checking against Object 4000000002
[INFO] PDC_SERVER[1]: Checking against Object 1000000001
[INFO] PDC_SERVER[1]: Object 4000000004 NOT found in cache
[INFO] PDC_SERVER[1]: Fetching region from server for obj_id=4000000004
[INFO] PDC_SERVER[2]: Fetching region for obj_id=4000000004
[INFO] PDC_SERVER[2]: Checking against Object 2000000000
[INFO] PDC_SERVER[2]: Checking against Object 3000000000
[INFO] PDC_SERVER[2]: Checking against Object 4000000000
[INFO] PDC_SERVER[2]: Checking against Object 3000000003
[INFO] PDC_SERVER[2]: Checking against Object 4000000002
[INFO] PDC_SERVER[2]: Checking against Object 1000000001
[INFO] PDC_SERVER[2]: Object 4000000004 NOT found in cache
[INFO] PDC_SERVER[2]: Fetching region from server for obj_id=4000000004
[INFO] PDC_SERVER[0]: Fetching region for obj_id=4000000004
[INFO] PDC_SERVER[0]: Checking against Object 2000000000
[INFO] PDC_SERVER[0]: Checking against Object 3000000000
[INFO] PDC_SERVER[0]: Checking against Object 4000000000
[INFO] PDC_SERVER[0]: Checking against Object 3000000003
[INFO] PDC_SERVER[0]: Checking against Object 4000000002
[INFO] PDC_SERVER[0]: Checking against Object 1000000001
[INFO] PDC_SERVER[0]: Object 4000000004 NOT found in cache
[INFO] PDC_SERVER[0]: Fetching region from server for obj_id=4000000004
[13:35:55.253604] [WARNING] [pdc_tf_server.c:393] PDC_SERVER[1]: SCHED: setting CUDA device to 0 for edge 0 func=zfp_decompress
[13:35:55.253618] [WARNING] [pdc_tf_server.c:401] PDC_SERVER[1]: SCHED: executing edge 0 func=zfp_decompress dev=GPU
[INFO] PDC_SERVER[0]: Executing graph with json filepath /pscratch/sd/n/nlewi26/src/work_space/source/pdc/tf_client/graphs/zfp_gpu.json
[13:35:55.253708] [WARNING] [pdc_tf_server.c:393] PDC_SERVER[0]: SCHED: setting CUDA device to 0 for edge 0 func=zfp_decompress
[13:35:55.253753] [WARNING] [pdc_tf_server.c:401] PDC_SERVER[0]: SCHED: executing edge 0 func=zfp_decompress dev=GPU
[13:35:55.253949] [WARNING] [pdc_tf_server.c:393] PDC_SERVER[2]: SCHED: setting CUDA device to 0 for edge 0 func=zfp_decompress
[13:35:55.253971] [WARNING] [pdc_tf_server.c:401] PDC_SERVER[2]: SCHED: executing edge 0 func=zfp_decompress dev=GPU
[13:35:55.257289] [WARNING] [pdc_tf_server.c:393] PDC_SERVER[3]: SCHED: setting CUDA device to 0 for edge 0 func=zfp_decompress
[13:35:55.257307] [WARNING] [pdc_tf_server.c:401] PDC_SERVER[3]: SCHED: executing edge 0 func=zfp_decompress dev=GPU
[13:35:55.263295] [WARNING] [pdc_tf_server.c:475] PDC_SERVER[1]: SCHED: done running transformations
[13:35:55.263759] [WARNING] [pdc_tf_server.c:475] PDC_SERVER[0]: SCHED: done running transformations
[13:35:55.265558] [WARNING] [pdc_tf_server.c:475] PDC_SERVER[2]: SCHED: done running transformations
[INFO] PDC_SERVER[1]: Fetching region for obj_id=4000000004
[INFO] PDC_SERVER[1]: Checking against Object 2000000000
[INFO] PDC_SERVER[1]: Checking against Object 3000000000
[INFO] PDC_SERVER[1]: Checking against Object 4000000000
[INFO] PDC_SERVER[1]: Checking against Object 3000000003
[INFO] PDC_SERVER[1]: Checking against Object 4000000002
[INFO] PDC_SERVER[1]: Checking against Object 1000000001
[INFO] PDC_SERVER[1]: Object 4000000004 NOT found in cache
[INFO] PDC_SERVER[1]: Fetching region from server for obj_id=4000000004
[INFO] PDC_SERVER[0]: Fetching region for obj_id=4000000004
[INFO] PDC_SERVER[0]: Checking against Object 2000000000
[INFO] PDC_SERVER[0]: Checking against Object 3000000000
[INFO] PDC_SERVER[0]: Checking against Object 4000000000
[INFO] PDC_SERVER[0]: Checking against Object 3000000003
[INFO] PDC_SERVER[0]: Checking against Object 4000000002
[INFO] PDC_SERVER[0]: Checking against Object 1000000001
[INFO] PDC_SERVER[0]: Object 4000000004 NOT found in cache
[INFO] PDC_SERVER[0]: Fetching region from server for obj_id=4000000004
[INFO] PDC_SERVER[2]: Fetching region for obj_id=4000000004
[INFO] PDC_SERVER[2]: Checking against Object 2000000000
[INFO] PDC_SERVER[2]: Checking against Object 3000000000
[INFO] PDC_SERVER[2]: Checking against Object 4000000000
[INFO] PDC_SERVER[2]: Checking against Object 3000000003
[INFO] PDC_SERVER[2]: Checking against Object 4000000002
[INFO] PDC_SERVER[2]: Checking against Object 1000000001
[INFO] PDC_SERVER[2]: Object 4000000004 NOT found in cache
[INFO] PDC_SERVER[2]: Fetching region from server for obj_id=4000000004
[13:35:55.271441] [WARNING] [pdc_tf_server.c:475] PDC_SERVER[3]: SCHED: done running transformations
[INFO] PDC_SERVER[3]: Fetching region for obj_id=4000000004
[INFO] PDC_SERVER[3]: Checking against Object 2000000000
[INFO] PDC_SERVER[3]: Checking against Object 3000000000
[INFO] PDC_SERVER[3]: Checking against Object 4000000000
[INFO] PDC_SERVER[3]: Checking against Object 3000000003
[INFO] PDC_SERVER[3]: Checking against Object 4000000002
[INFO] PDC_SERVER[3]: Checking against Object 1000000001
[INFO] PDC_SERVER[3]: Object 4000000004 NOT found in cache
[INFO] PDC_SERVER[3]: Fetching region from server for obj_id=4000000004
[13:35:55.284826] [WARNING] [pdc_tf_server.c:393] PDC_SERVER[1]: SCHED: setting CUDA device to 0 for edge 0 func=zfp_decompress
[13:35:55.284842] [WARNING] [pdc_tf_server.c:401] PDC_SERVER[1]: SCHED: executing edge 0 func=zfp_decompress dev=GPU
[INFO] PDC_SERVER[0]: Executing graph with json filepath /pscratch/sd/n/nlewi26/src/work_space/source/pdc/tf_client/graphs/zfp_gpu.json
[13:35:55.285055] [WARNING] [pdc_tf_server.c:393] PDC_SERVER[0]: SCHED: setting CUDA device to 0 for edge 0 func=zfp_decompress
[13:35:55.285066] [WARNING] [pdc_tf_server.c:401] PDC_SERVER[0]: SCHED: executing edge 0 func=zfp_decompress dev=GPU
[13:35:55.288523] [WARNING] [pdc_tf_server.c:393] PDC_SERVER[2]: SCHED: setting CUDA device to 0 for edge 0 func=zfp_decompress
[13:35:55.288542] [WARNING] [pdc_tf_server.c:401] PDC_SERVER[2]: SCHED: executing edge 0 func=zfp_decompress dev=GPU
[13:35:55.295704] [WARNING] [pdc_tf_server.c:393] PDC_SERVER[3]: SCHED: setting CUDA device to 0 for edge 0 func=zfp_decompress
[13:35:55.295730] [WARNING] [pdc_tf_server.c:401] PDC_SERVER[3]: SCHED: executing edge 0 func=zfp_decompress dev=GPU
[13:35:55.297069] [WARNING] [pdc_tf_server.c:475] PDC_SERVER[0]: SCHED: done running transformations
[13:35:55.298347] [WARNING] [pdc_tf_server.c:475] PDC_SERVER[1]: SCHED: done running transformations
[13:35:55.298356] [WARNING] [pdc_tf_server.c:475] PDC_SERVER[2]: SCHED: done running transformations
[INFO] PDC_SERVER[0]: Fetching region for obj_id=4000000004
[INFO] PDC_SERVER[0]: Checking against Object 2000000000
[INFO] PDC_SERVER[0]: Checking against Object 3000000000
[INFO] PDC_SERVER[0]: Checking against Object 4000000000
[INFO] PDC_SERVER[0]: Checking against Object 3000000003
[INFO] PDC_SERVER[0]: Checking against Object 4000000002
[INFO] PDC_SERVER[0]: Checking against Object 1000000001
[INFO] PDC_SERVER[0]: Object 4000000004 NOT found in cache
[INFO] PDC_SERVER[0]: Fetching region from server for obj_id=4000000004
[INFO] PDC_SERVER[1]: Fetching region for obj_id=4000000004
[INFO] PDC_SERVER[1]: Checking against Object 2000000000
[INFO] PDC_SERVER[1]: Checking against Object 3000000000
[INFO] PDC_SERVER[1]: Checking against Object 4000000000
[INFO] PDC_SERVER[1]: Checking against Object 3000000003
[INFO] PDC_SERVER[1]: Checking against Object 4000000002
[INFO] PDC_SERVER[1]: Checking against Object 1000000001
[INFO] PDC_SERVER[1]: Object 4000000004 NOT found in cache
[INFO] PDC_SERVER[1]: Fetching region from server for obj_id=4000000004
[INFO] PDC_SERVER[2]: Fetching region for obj_id=4000000004
[INFO] PDC_SERVER[2]: Checking against Object 2000000000
[INFO] PDC_SERVER[2]: Checking against Object 3000000000
[INFO] PDC_SERVER[2]: Checking against Object 4000000000
[INFO] PDC_SERVER[2]: Checking against Object 3000000003
[INFO] PDC_SERVER[2]: Checking against Object 4000000002
[INFO] PDC_SERVER[2]: Checking against Object 1000000001
[INFO] PDC_SERVER[2]: Object 4000000004 NOT found in cache
[INFO] PDC_SERVER[2]: Fetching region from server for obj_id=4000000004
[13:35:55.308742] [WARNING] [pdc_tf_server.c:475] PDC_SERVER[3]: SCHED: done running transformations
[INFO] PDC_SERVER[3]: Fetching region for obj_id=4000000004
[INFO] PDC_SERVER[3]: Checking against Object 2000000000
[INFO] PDC_SERVER[3]: Checking against Object 3000000000
[INFO] PDC_SERVER[3]: Checking against Object 4000000000
[INFO] PDC_SERVER[3]: Checking against Object 3000000003
[INFO] PDC_SERVER[3]: Checking against Object 4000000002
[INFO] PDC_SERVER[3]: Checking against Object 1000000001
[INFO] PDC_SERVER[3]: Object 4000000004 NOT found in cache
[INFO] PDC_SERVER[3]: Fetching region from server for obj_id=4000000004
[INFO] PDC_SERVER[0]: Executing graph with json filepath /pscratch/sd/n/nlewi26/src/work_space/source/pdc/tf_client/graphs/zfp_gpu.json
[13:35:55.318729] [WARNING] [pdc_tf_server.c:393] PDC_SERVER[0]: SCHED: setting CUDA device to 0 for edge 0 func=zfp_decompress
[13:35:55.318743] [WARNING] [pdc_tf_server.c:401] PDC_SERVER[0]: SCHED: executing edge 0 func=zfp_decompress dev=GPU
[13:35:55.319463] [WARNING] [pdc_tf_server.c:393] PDC_SERVER[1]: SCHED: setting CUDA device to 0 for edge 0 func=zfp_decompress
[13:35:55.319478] [WARNING] [pdc_tf_server.c:401] PDC_SERVER[1]: SCHED: executing edge 0 func=zfp_decompress dev=GPU
[13:35:55.321770] [WARNING] [pdc_tf_server.c:393] PDC_SERVER[2]: SCHED: setting CUDA device to 0 for edge 0 func=zfp_decompress
[13:35:55.321793] [WARNING] [pdc_tf_server.c:401] PDC_SERVER[2]: SCHED: executing edge 0 func=zfp_decompress dev=GPU
[13:35:55.330312] [WARNING] [pdc_tf_server.c:475] PDC_SERVER[2]: SCHED: done running transformations
[13:35:55.330568] [WARNING] [pdc_tf_server.c:393] PDC_SERVER[3]: SCHED: setting CUDA device to 0 for edge 0 func=zfp_decompress
[13:35:55.330593] [WARNING] [pdc_tf_server.c:401] PDC_SERVER[3]: SCHED: executing edge 0 func=zfp_decompress dev=GPU
[13:35:55.336050] [WARNING] [pdc_tf_server.c:475] PDC_SERVER[0]: SCHED: done running transformations
[13:35:55.336095] [WARNING] [pdc_tf_server.c:475] PDC_SERVER[1]: SCHED: done running transformations
[INFO] PDC_SERVER[2]: Fetching region for obj_id=4000000004
[INFO] PDC_SERVER[2]: Checking against Object 2000000000
[INFO] PDC_SERVER[2]: Checking against Object 3000000000
[INFO] PDC_SERVER[2]: Checking against Object 4000000000
[INFO] PDC_SERVER[2]: Checking against Object 3000000003
[INFO] PDC_SERVER[2]: Checking against Object 4000000002
[INFO] PDC_SERVER[2]: Checking against Object 1000000001
[INFO] PDC_SERVER[2]: Object 4000000004 NOT found in cache
[INFO] PDC_SERVER[2]: Fetching region from server for obj_id=4000000004
[13:35:55.339631] [WARNING] [pdc_tf_server.c:475] PDC_SERVER[3]: SCHED: done running transformations
[INFO] PDC_SERVER[1]: Fetching region for obj_id=4000000004
[INFO] PDC_SERVER[1]: Checking against Object 2000000000
[INFO] PDC_SERVER[1]: Checking against Object 3000000000
[INFO] PDC_SERVER[1]: Checking against Object 4000000000
[INFO] PDC_SERVER[1]: Checking against Object 3000000003
[INFO] PDC_SERVER[1]: Checking against Object 4000000002
[INFO] PDC_SERVER[1]: Checking against Object 1000000001
[INFO] PDC_SERVER[1]: Object 4000000004 NOT found in cache
[INFO] PDC_SERVER[1]: Fetching region from server for obj_id=4000000004
[INFO] PDC_SERVER[0]: Fetching region for obj_id=4000000004
[INFO] PDC_SERVER[0]: Checking against Object 2000000000
[INFO] PDC_SERVER[0]: Checking against Object 3000000000
[INFO] PDC_SERVER[0]: Checking against Object 4000000000
[INFO] PDC_SERVER[0]: Checking against Object 3000000003
[INFO] PDC_SERVER[0]: Checking against Object 4000000002
[INFO] PDC_SERVER[0]: Checking against Object 1000000001
[INFO] PDC_SERVER[0]: Object 4000000004 NOT found in cache
[INFO] PDC_SERVER[0]: Fetching region from server for obj_id=4000000004
[INFO] PDC_SERVER[3]: Fetching region for obj_id=4000000004
[INFO] PDC_SERVER[3]: Checking against Object 2000000000
[INFO] PDC_SERVER[3]: Checking against Object 3000000000
[INFO] PDC_SERVER[3]: Checking against Object 4000000000
[INFO] PDC_SERVER[3]: Checking against Object 3000000003
[INFO] PDC_SERVER[3]: Checking against Object 4000000002
[INFO] PDC_SERVER[3]: Checking against Object 1000000001
[INFO] PDC_SERVER[3]: Object 4000000004 NOT found in cache
[INFO] PDC_SERVER[3]: Fetching region from server for obj_id=4000000004
[13:35:55.352794] [WARNING] [pdc_tf_server.c:393] PDC_SERVER[2]: SCHED: setting CUDA device to 0 for edge 0 func=zfp_decompress
[13:35:55.352816] [WARNING] [pdc_tf_server.c:401] PDC_SERVER[2]: SCHED: executing edge 0 func=zfp_decompress dev=GPU
[INFO] PDC_SERVER[0]: Executing graph with json filepath /pscratch/sd/n/nlewi26/src/work_space/source/pdc/tf_client/graphs/zfp_gpu.json
[13:35:55.356956] [WARNING] [pdc_tf_server.c:393] PDC_SERVER[0]: SCHED: setting CUDA device to 0 for edge 0 func=zfp_decompress
[13:35:55.356969] [WARNING] [pdc_tf_server.c:401] PDC_SERVER[0]: SCHED: executing edge 0 func=zfp_decompress dev=GPU
[13:35:55.357066] [WARNING] [pdc_tf_server.c:393] PDC_SERVER[1]: SCHED: setting CUDA device to 0 for edge 0 func=zfp_decompress
[13:35:55.357083] [WARNING] [pdc_tf_server.c:401] PDC_SERVER[1]: SCHED: executing edge 0 func=zfp_decompress dev=GPU
[13:35:55.360975] [WARNING] [pdc_tf_server.c:475] PDC_SERVER[2]: SCHED: done running transformations
[13:35:55.361128] [WARNING] [pdc_tf_server.c:393] PDC_SERVER[3]: SCHED: setting CUDA device to 0 for edge 0 func=zfp_decompress
[13:35:55.361154] [WARNING] [pdc_tf_server.c:401] PDC_SERVER[3]: SCHED: executing edge 0 func=zfp_decompress dev=GPU
[INFO] PDC_SERVER[2]: Fetching region for obj_id=4000000004
[INFO] PDC_SERVER[2]: Checking against Object 2000000000
[INFO] PDC_SERVER[2]: Checking against Object 3000000000
[INFO] PDC_SERVER[2]: Checking against Object 4000000000
[INFO] PDC_SERVER[2]: Checking against Object 3000000003
[INFO] PDC_SERVER[2]: Checking against Object 4000000002
[INFO] PDC_SERVER[2]: Checking against Object 1000000001
[INFO] PDC_SERVER[2]: Object 4000000004 NOT found in cache
[INFO] PDC_SERVER[2]: Fetching region from server for obj_id=4000000004
[13:35:55.370203] [WARNING] [pdc_tf_server.c:475] PDC_SERVER[3]: SCHED: done running transformations
[INFO] PDC_SERVER[3]: Fetching region for obj_id=4000000004
[INFO] PDC_SERVER[3]: Checking against Object 2000000000
[INFO] PDC_SERVER[3]: Checking against Object 3000000000
[INFO] PDC_SERVER[3]: Checking against Object 4000000000
[INFO] PDC_SERVER[3]: Checking against Object 3000000003
[INFO] PDC_SERVER[3]: Checking against Object 4000000002
[INFO] PDC_SERVER[3]: Checking against Object 1000000001
[INFO] PDC_SERVER[3]: Object 4000000004 NOT found in cache
[INFO] PDC_SERVER[3]: Fetching region from server for obj_id=4000000004
[13:35:55.378307] [WARNING] [pdc_tf_server.c:475] PDC_SERVER[0]: SCHED: done running transformations
[13:35:55.382637] [WARNING] [pdc_tf_server.c:475] PDC_SERVER[1]: SCHED: done running transformations
[13:35:55.383021] [WARNING] [pdc_tf_server.c:393] PDC_SERVER[2]: SCHED: setting CUDA device to 0 for edge 0 func=zfp_decompress
[13:35:55.383047] [WARNING] [pdc_tf_server.c:401] PDC_SERVER[2]: SCHED: executing edge 0 func=zfp_decompress dev=GPU
[INFO] PDC_SERVER[0]: Fetching region for obj_id=4000000004
[INFO] PDC_SERVER[0]: Checking against Object 2000000000
[INFO] PDC_SERVER[0]: Checking against Object 3000000000
[INFO] PDC_SERVER[0]: Checking against Object 4000000000
[INFO] PDC_SERVER[0]: Checking against Object 3000000003
[INFO] PDC_SERVER[0]: Checking against Object 4000000002
[INFO] PDC_SERVER[0]: Checking against Object 1000000001
[INFO] PDC_SERVER[0]: Object 4000000004 NOT found in cache
[INFO] PDC_SERVER[0]: Fetching region from server for obj_id=4000000004
[INFO] PDC_SERVER[1]: Fetching region for obj_id=4000000004
[INFO] PDC_SERVER[1]: Checking against Object 2000000000
[INFO] PDC_SERVER[1]: Checking against Object 3000000000
[INFO] PDC_SERVER[1]: Checking against Object 4000000000
[INFO] PDC_SERVER[1]: Checking against Object 3000000003
[INFO] PDC_SERVER[1]: Checking against Object 4000000002
[INFO] PDC_SERVER[1]: Checking against Object 1000000001
[INFO] PDC_SERVER[1]: Object 4000000004 NOT found in cache
[INFO] PDC_SERVER[1]: Fetching region from server for obj_id=4000000004
[13:35:55.391501] [WARNING] [pdc_tf_server.c:475] PDC_SERVER[2]: SCHED: done running transformations
[13:35:55.391635] [WARNING] [pdc_tf_server.c:393] PDC_SERVER[3]: SCHED: setting CUDA device to 0 for edge 0 func=zfp_decompress
[13:35:55.391661] [WARNING] [pdc_tf_server.c:401] PDC_SERVER[3]: SCHED: executing edge 0 func=zfp_decompress dev=GPU
[INFO] PDC_SERVER[2]: Fetching region for obj_id=4000000004
[INFO] PDC_SERVER[2]: Checking against Object 2000000000
[INFO] PDC_SERVER[2]: Checking against Object 3000000000
[INFO] PDC_SERVER[2]: Checking against Object 4000000000
[INFO] PDC_SERVER[2]: Checking against Object 3000000003
[INFO] PDC_SERVER[2]: Checking against Object 4000000002
[INFO] PDC_SERVER[2]: Checking against Object 1000000001
[INFO] PDC_SERVER[2]: Object 4000000004 NOT found in cache
[INFO] PDC_SERVER[2]: Fetching region from server for obj_id=4000000004
[INFO] PDC_SERVER[0]: Executing graph with json filepath /pscratch/sd/n/nlewi26/src/work_space/source/pdc/tf_client/graphs/zfp_gpu.json
[13:35:55.399710] [WARNING] [pdc_tf_server.c:393] PDC_SERVER[0]: SCHED: setting CUDA device to 0 for edge 0 func=zfp_decompress
[13:35:55.399722] [WARNING] [pdc_tf_server.c:401] PDC_SERVER[0]: SCHED: executing edge 0 func=zfp_decompress dev=GPU
[13:35:55.400761] [WARNING] [pdc_tf_server.c:475] PDC_SERVER[3]: SCHED: done running transformations
[13:35:55.403718] [WARNING] [pdc_tf_server.c:393] PDC_SERVER[1]: SCHED: setting CUDA device to 0 for edge 0 func=zfp_decompress
[13:35:55.403736] [WARNING] [pdc_tf_server.c:401] PDC_SERVER[1]: SCHED: executing edge 0 func=zfp_decompress dev=GPU
[INFO] PDC_SERVER[3]: Fetching region for obj_id=4000000004
[INFO] PDC_SERVER[3]: Checking against Object 2000000000
[INFO] PDC_SERVER[3]: Checking against Object 3000000000
[INFO] PDC_SERVER[3]: Checking against Object 4000000000
[INFO] PDC_SERVER[3]: Checking against Object 3000000003
[INFO] PDC_SERVER[3]: Checking against Object 4000000002
[INFO] PDC_SERVER[3]: Checking against Object 1000000001
[INFO] PDC_SERVER[3]: Object 4000000004 NOT found in cache
[INFO] PDC_SERVER[3]: Fetching region from server for obj_id=4000000004
[13:35:55.413493] [WARNING] [pdc_tf_server.c:393] PDC_SERVER[2]: SCHED: setting CUDA device to 0 for edge 0 func=zfp_decompress
[13:35:55.413515] [WARNING] [pdc_tf_server.c:401] PDC_SERVER[2]: SCHED: executing edge 0 func=zfp_decompress dev=GPU
[13:35:55.414223] [WARNING] [pdc_tf_server.c:475] PDC_SERVER[0]: SCHED: done running transformations
[13:35:55.414770] [WARNING] [pdc_tf_server.c:475] PDC_SERVER[1]: SCHED: done running transformations
[INFO] PDC_SERVER[0]: Fetching region for obj_id=4000000004
[INFO] PDC_SERVER[0]: Checking against Object 2000000000
[INFO] PDC_SERVER[0]: Checking against Object 3000000000
[INFO] PDC_SERVER[0]: Checking against Object 4000000000
[INFO] PDC_SERVER[0]: Checking against Object 3000000003
[INFO] PDC_SERVER[0]: Checking against Object 4000000002
[INFO] PDC_SERVER[0]: Checking against Object 1000000001
[INFO] PDC_SERVER[0]: Object 4000000004 NOT found in cache
[INFO] PDC_SERVER[0]: Fetching region from server for obj_id=4000000004
[INFO] PDC_SERVER[1]: Fetching region for obj_id=4000000004
[INFO] PDC_SERVER[1]: Checking against Object 2000000000
[INFO] PDC_SERVER[1]: Checking against Object 3000000000
[INFO] PDC_SERVER[1]: Checking against Object 4000000000
[INFO] PDC_SERVER[1]: Checking against Object 3000000003
[INFO] PDC_SERVER[1]: Checking against Object 4000000002
[INFO] PDC_SERVER[1]: Checking against Object 1000000001
[INFO] PDC_SERVER[1]: Object 4000000004 NOT found in cache
[INFO] PDC_SERVER[1]: Fetching region from server for obj_id=4000000004
[13:35:55.421457] [WARNING] [pdc_tf_server.c:393] PDC_SERVER[3]: SCHED: setting CUDA device to 0 for edge 0 func=zfp_decompress
[13:35:55.421477] [WARNING] [pdc_tf_server.c:401] PDC_SERVER[3]: SCHED: executing edge 0 func=zfp_decompress dev=GPU
[13:35:55.432660] [WARNING] [pdc_tf_server.c:475] PDC_SERVER[2]: SCHED: done running transformations
[13:35:55.434404] [WARNING] [pdc_tf_server.c:475] PDC_SERVER[3]: SCHED: done running transformations
[INFO] PDC_SERVER[0]: Executing graph with json filepath /pscratch/sd/n/nlewi26/src/work_space/source/pdc/tf_client/graphs/zfp_gpu.json
[13:35:55.435309] [WARNING] [pdc_tf_server.c:393] PDC_SERVER[0]: SCHED: setting CUDA device to 0 for edge 0 func=zfp_decompress
[13:35:55.435323] [WARNING] [pdc_tf_server.c:401] PDC_SERVER[0]: SCHED: executing edge 0 func=zfp_decompress dev=GPU
[13:35:55.435541] [WARNING] [pdc_tf_server.c:393] PDC_SERVER[1]: SCHED: setting CUDA device to 0 for edge 0 func=zfp_decompress
[13:35:55.435558] [WARNING] [pdc_tf_server.c:401] PDC_SERVER[1]: SCHED: executing edge 0 func=zfp_decompress dev=GPU
[INFO] PDC_SERVER[2]: Fetching region for obj_id=4000000004
[INFO] PDC_SERVER[2]: Checking against Object 2000000000
[INFO] PDC_SERVER[2]: Checking against Object 3000000000
[INFO] PDC_SERVER[2]: Checking against Object 4000000000
[INFO] PDC_SERVER[2]: Checking against Object 3000000003
[INFO] PDC_SERVER[2]: Checking against Object 4000000002
[INFO] PDC_SERVER[2]: Checking against Object 1000000001
[INFO] PDC_SERVER[2]: Object 4000000004 NOT found in cache
[INFO] PDC_SERVER[2]: Fetching region from server for obj_id=4000000004
[INFO] PDC_SERVER[3]: Fetching region for obj_id=4000000004
[INFO] PDC_SERVER[3]: Checking against Object 2000000000
[INFO] PDC_SERVER[3]: Checking against Object 3000000000
[INFO] PDC_SERVER[3]: Checking against Object 4000000000
[INFO] PDC_SERVER[3]: Checking against Object 3000000003
[INFO] PDC_SERVER[3]: Checking against Object 4000000002
[INFO] PDC_SERVER[3]: Checking against Object 1000000001
[INFO] PDC_SERVER[3]: Object 4000000004 NOT found in cache
[INFO] PDC_SERVER[3]: Fetching region from server for obj_id=4000000004
[13:35:55.444311] [WARNING] [pdc_tf_server.c:475] PDC_SERVER[0]: SCHED: done running transformations
[13:35:55.444651] [WARNING] [pdc_tf_server.c:475] PDC_SERVER[1]: SCHED: done running transformations
[INFO] PDC_SERVER[0]: Fetching region for obj_id=4000000004
[INFO] PDC_SERVER[0]: Checking against Object 2000000000
[INFO] PDC_SERVER[0]: Checking against Object 3000000000
[INFO] PDC_SERVER[0]: Checking against Object 4000000000
[INFO] PDC_SERVER[0]: Checking against Object 3000000003
[INFO] PDC_SERVER[0]: Checking against Object 4000000002
[INFO] PDC_SERVER[0]: Checking against Object 1000000001
[INFO] PDC_SERVER[0]: Object 4000000004 NOT found in cache
[INFO] PDC_SERVER[0]: Fetching region from server for obj_id=4000000004
[INFO] PDC_SERVER[1]: Fetching region for obj_id=4000000004
[INFO] PDC_SERVER[1]: Checking against Object 2000000000
[INFO] PDC_SERVER[1]: Checking against Object 3000000000
[INFO] PDC_SERVER[1]: Checking against Object 4000000000
[INFO] PDC_SERVER[1]: Checking against Object 3000000003
[INFO] PDC_SERVER[1]: Checking against Object 4000000002
[INFO] PDC_SERVER[1]: Checking against Object 1000000001
[INFO] PDC_SERVER[1]: Object 4000000004 NOT found in cache
[INFO] PDC_SERVER[1]: Fetching region from server for obj_id=4000000004
[13:35:55.453456] [WARNING] [pdc_tf_server.c:393] PDC_SERVER[2]: SCHED: setting CUDA device to 0 for edge 0 func=zfp_decompress
[13:35:55.453472] [WARNING] [pdc_tf_server.c:401] PDC_SERVER[2]: SCHED: executing edge 0 func=zfp_decompress dev=GPU
[13:35:55.455791] [WARNING] [pdc_tf_server.c:393] PDC_SERVER[3]: SCHED: setting CUDA device to 0 for edge 0 func=zfp_decompress
[13:35:55.455807] [WARNING] [pdc_tf_server.c:401] PDC_SERVER[3]: SCHED: executing edge 0 func=zfp_decompress dev=GPU
[INFO] PDC_SERVER[0]: Executing graph with json filepath /pscratch/sd/n/nlewi26/src/work_space/source/pdc/tf_client/graphs/zfp_gpu.json
[13:35:55.465485] [WARNING] [pdc_tf_server.c:393] PDC_SERVER[0]: SCHED: setting CUDA device to 0 for edge 0 func=zfp_decompress
[13:35:55.465494] [WARNING] [pdc_tf_server.c:401] PDC_SERVER[0]: SCHED: executing edge 0 func=zfp_decompress dev=GPU
[13:35:55.465497] [WARNING] [pdc_tf_server.c:393] PDC_SERVER[1]: SCHED: setting CUDA device to 0 for edge 0 func=zfp_decompress
[13:35:55.465512] [WARNING] [pdc_tf_server.c:401] PDC_SERVER[1]: SCHED: executing edge 0 func=zfp_decompress dev=GPU
[13:35:55.474419] [WARNING] [pdc_tf_server.c:475] PDC_SERVER[0]: SCHED: done running transformations
[13:35:55.474835] [WARNING] [pdc_tf_server.c:475] PDC_SERVER[1]: SCHED: done running transformations
[INFO] PDC_SERVER[1]: Fetching region for obj_id=4000000004
[INFO] PDC_SERVER[1]: Checking against Object 2000000000
[INFO] PDC_SERVER[1]: Checking against Object 3000000000
[INFO] PDC_SERVER[1]: Checking against Object 4000000000
[INFO] PDC_SERVER[1]: Checking against Object 3000000003
[INFO] PDC_SERVER[1]: Checking against Object 4000000002
[INFO] PDC_SERVER[1]: Checking against Object 1000000001
[INFO] PDC_SERVER[1]: Object 4000000004 NOT found in cache
[INFO] PDC_SERVER[1]: Fetching region from server for obj_id=4000000004
[INFO] PDC_SERVER[0]: Fetching region for obj_id=4000000004
[INFO] PDC_SERVER[0]: Checking against Object 2000000000
[INFO] PDC_SERVER[0]: Checking against Object 3000000000
[INFO] PDC_SERVER[0]: Checking against Object 4000000000
[INFO] PDC_SERVER[0]: Checking against Object 3000000003
[INFO] PDC_SERVER[0]: Checking against Object 4000000002
[INFO] PDC_SERVER[0]: Checking against Object 1000000001
[INFO] PDC_SERVER[0]: Object 4000000004 NOT found in cache
[INFO] PDC_SERVER[0]: Fetching region from server for obj_id=4000000004
[13:35:55.482289] [WARNING] [pdc_tf_server.c:475] PDC_SERVER[2]: SCHED: done running transformations
[13:35:55.485139] [WARNING] [pdc_tf_server.c:475] PDC_SERVER[3]: SCHED: done running transformations
[INFO] PDC_SERVER[2]: Fetching region for obj_id=4000000004
[INFO] PDC_SERVER[2]: Checking against Object 2000000000
[INFO] PDC_SERVER[2]: Checking against Object 3000000000
[INFO] PDC_SERVER[2]: Checking against Object 4000000000
[INFO] PDC_SERVER[2]: Checking against Object 3000000003
[INFO] PDC_SERVER[2]: Checking against Object 4000000002
[INFO] PDC_SERVER[2]: Checking against Object 1000000001
[INFO] PDC_SERVER[2]: Object 4000000004 NOT found in cache
[INFO] PDC_SERVER[2]: Fetching region from server for obj_id=4000000004
[INFO] PDC_SERVER[3]: Fetching region for obj_id=4000000004
[INFO] PDC_SERVER[3]: Checking against Object 2000000000
[INFO] PDC_SERVER[3]: Checking against Object 3000000000
[INFO] PDC_SERVER[3]: Checking against Object 4000000000
[INFO] PDC_SERVER[3]: Checking against Object 3000000003
[INFO] PDC_SERVER[3]: Checking against Object 4000000002
[INFO] PDC_SERVER[3]: Checking against Object 1000000001
[INFO] PDC_SERVER[3]: Object 4000000004 NOT found in cache
[INFO] PDC_SERVER[3]: Fetching region from server for obj_id=4000000004
[INFO] PDC_SERVER[0]: Executing graph with json filepath /pscratch/sd/n/nlewi26/src/work_space/source/pdc/tf_client/graphs/zfp_gpu.json
[13:35:55.495895] [WARNING] [pdc_tf_server.c:393] PDC_SERVER[0]: SCHED: setting CUDA device to 0 for edge 0 func=zfp_decompress
[13:35:55.495909] [WARNING] [pdc_tf_server.c:401] PDC_SERVER[0]: SCHED: executing edge 0 func=zfp_decompress dev=GPU
[13:35:55.496403] [WARNING] [pdc_tf_server.c:393] PDC_SERVER[1]: SCHED: setting CUDA device to 0 for edge 0 func=zfp_decompress
[13:35:55.496423] [WARNING] [pdc_tf_server.c:401] PDC_SERVER[1]: SCHED: executing edge 0 func=zfp_decompress dev=GPU
[13:35:55.503209] [WARNING] [pdc_tf_server.c:393] PDC_SERVER[2]: SCHED: setting CUDA device to 0 for edge 0 func=zfp_decompress
[13:35:55.503232] [WARNING] [pdc_tf_server.c:401] PDC_SERVER[2]: SCHED: executing edge 0 func=zfp_decompress dev=GPU
[13:35:55.505017] [WARNING] [pdc_tf_server.c:475] PDC_SERVER[0]: SCHED: done running transformations
[13:35:55.505323] [WARNING] [pdc_tf_server.c:475] PDC_SERVER[1]: SCHED: done running transformations
[13:35:55.505845] [WARNING] [pdc_tf_server.c:393] PDC_SERVER[3]: SCHED: setting CUDA device to 0 for edge 0 func=zfp_decompress
[13:35:55.505862] [WARNING] [pdc_tf_server.c:401] PDC_SERVER[3]: SCHED: executing edge 0 func=zfp_decompress dev=GPU
[INFO] PDC_SERVER[1]: Fetching region for obj_id=4000000004
[INFO] PDC_SERVER[1]: Checking against Object 2000000000
[INFO] PDC_SERVER[1]: Checking against Object 3000000000
[INFO] PDC_SERVER[0]: Fetching region for obj_id=4000000004
[INFO] PDC_SERVER[0]: Checking against Object 2000000000
[INFO] PDC_SERVER[0]: Checking against Object 3000000000
[INFO] PDC_SERVER[0]: Checking against Object 4000000000
[INFO] PDC_SERVER[0]: Checking against Object 3000000003
[INFO] PDC_SERVER[1]: Checking against Object 4000000000
[INFO] PDC_SERVER[1]: Checking against Object 3000000003
[INFO] PDC_SERVER[1]: Checking against Object 4000000002
[INFO] PDC_SERVER[1]: Checking against Object 1000000001
[INFO] PDC_SERVER[1]: Object 4000000004 NOT found in cache
[INFO] PDC_SERVER[1]: Fetching region from server for obj_id=4000000004
[INFO] PDC_SERVER[0]: Checking against Object 4000000002
[INFO] PDC_SERVER[0]: Checking against Object 1000000001
[INFO] PDC_SERVER[0]: Object 4000000004 NOT found in cache
[INFO] PDC_SERVER[0]: Fetching region from server for obj_id=4000000004
[13:35:55.521521] [WARNING] [pdc_tf_server.c:475] PDC_SERVER[2]: SCHED: done running transformations
[13:35:55.522206] [WARNING] [pdc_tf_server.c:475] PDC_SERVER[3]: SCHED: done running transformations
[13:35:55.526230] [WARNING] [pdc_tf_server.c:393] PDC_SERVER[1]: SCHED: setting CUDA device to 0 for edge 0 func=zfp_decompress
[13:35:55.526244] [WARNING] [pdc_tf_server.c:401] PDC_SERVER[1]: SCHED: executing edge 0 func=zfp_decompress dev=GPU
[INFO] PDC_SERVER[2]: Fetching region for obj_id=4000000004
[INFO] PDC_SERVER[2]: Checking against Object 2000000000
[INFO] PDC_SERVER[2]: Checking against Object 3000000000
[INFO] PDC_SERVER[2]: Checking against Object 4000000000
[INFO] PDC_SERVER[2]: Checking against Object 3000000003
[INFO] PDC_SERVER[2]: Checking against Object 4000000002
[INFO] PDC_SERVER[2]: Checking against Object 1000000001
[INFO] PDC_SERVER[2]: Object 4000000004 NOT found in cache
[INFO] PDC_SERVER[2]: Fetching region from server for obj_id=4000000004
[INFO] PDC_SERVER[3]: Fetching region for obj_id=4000000004
[INFO] PDC_SERVER[3]: Checking against Object 2000000000
[INFO] PDC_SERVER[3]: Checking against Object 3000000000
[INFO] PDC_SERVER[3]: Checking against Object 4000000000
[INFO] PDC_SERVER[3]: Checking against Object 3000000003
[INFO] PDC_SERVER[3]: Checking against Object 4000000002
[INFO] PDC_SERVER[3]: Checking against Object 1000000001
[INFO] PDC_SERVER[3]: Object 4000000004 NOT found in cache
[INFO] PDC_SERVER[3]: Fetching region from server for obj_id=4000000004
[INFO] PDC_SERVER[0]: Executing graph with json filepath /pscratch/sd/n/nlewi26/src/work_space/source/pdc/tf_client/graphs/zfp_gpu.json
[13:35:55.530453] [WARNING] [pdc_tf_server.c:393] PDC_SERVER[0]: SCHED: setting CUDA device to 0 for edge 0 func=zfp_decompress
[13:35:55.530466] [WARNING] [pdc_tf_server.c:401] PDC_SERVER[0]: SCHED: executing edge 0 func=zfp_decompress dev=GPU
[13:35:55.534461] [WARNING] [pdc_tf_server.c:475] PDC_SERVER[1]: SCHED: done running transformations
[13:35:55.538903] [WARNING] [pdc_tf_server.c:475] PDC_SERVER[0]: SCHED: done running transformations
[INFO] PDC_SERVER[1]: Fetching region for obj_id=4000000004
[INFO] PDC_SERVER[1]: Checking against Object 2000000000
[INFO] PDC_SERVER[1]: Checking against Object 3000000000
[INFO] PDC_SERVER[1]: Checking against Object 4000000000
[INFO] PDC_SERVER[1]: Checking against Object 3000000003
[INFO] PDC_SERVER[1]: Checking against Object 4000000002
[INFO] PDC_SERVER[1]: Checking against Object 1000000001
[INFO] PDC_SERVER[1]: Object 4000000004 NOT found in cache
[INFO] PDC_SERVER[1]: Fetching region from server for obj_id=4000000004
[13:35:55.543378] [WARNING] [pdc_tf_server.c:393] PDC_SERVER[2]: SCHED: setting CUDA device to 0 for edge 0 func=zfp_decompress
[13:35:55.543405] [WARNING] [pdc_tf_server.c:401] PDC_SERVER[2]: SCHED: executing edge 0 func=zfp_decompress dev=GPU
[INFO] PDC_SERVER[0]: Fetching region for obj_id=4000000004
[INFO] PDC_SERVER[0]: Checking against Object 2000000000
[INFO] PDC_SERVER[0]: Checking against Object 3000000000
[INFO] PDC_SERVER[0]: Checking against Object 4000000000
[INFO] PDC_SERVER[0]: Checking against Object 3000000003
[INFO] PDC_SERVER[0]: Checking against Object 4000000002
[INFO] PDC_SERVER[0]: Checking against Object 1000000001
[INFO] PDC_SERVER[0]: Object 4000000004 NOT found in cache
[INFO] PDC_SERVER[0]: Fetching region from server for obj_id=4000000004
[13:35:55.545084] [WARNING] [pdc_tf_server.c:393] PDC_SERVER[3]: SCHED: setting CUDA device to 0 for edge 0 func=zfp_decompress
[13:35:55.545121] [WARNING] [pdc_tf_server.c:401] PDC_SERVER[3]: SCHED: executing edge 0 func=zfp_decompress dev=GPU
[13:35:55.554946] [WARNING] [pdc_tf_server.c:475] PDC_SERVER[2]: SCHED: done running transformations
[13:35:55.555122] [WARNING] [pdc_tf_server.c:393] PDC_SERVER[1]: SCHED: setting CUDA device to 0 for edge 0 func=zfp_decompress
[13:35:55.555134] [WARNING] [pdc_tf_server.c:401] PDC_SERVER[1]: SCHED: executing edge 0 func=zfp_decompress dev=GPU
[13:35:55.557318] [WARNING] [pdc_tf_server.c:475] PDC_SERVER[3]: SCHED: done running transformations
[INFO] PDC_SERVER[0]: Executing graph with json filepath /pscratch/sd/n/nlewi26/src/work_space/source/pdc/tf_client/graphs/zfp_gpu.json
[13:35:55.560827] [WARNING] [pdc_tf_server.c:393] PDC_SERVER[0]: SCHED: setting CUDA device to 0 for edge 0 func=zfp_decompress
[13:35:55.560838] [WARNING] [pdc_tf_server.c:401] PDC_SERVER[0]: SCHED: executing edge 0 func=zfp_decompress dev=GPU
[INFO] PDC_SERVER[2]: Fetching region for obj_id=4000000004
[INFO] PDC_SERVER[2]: Checking against Object 2000000000
[INFO] PDC_SERVER[2]: Checking against Object 3000000000
[INFO] PDC_SERVER[2]: Checking against Object 4000000000
[INFO] PDC_SERVER[2]: Checking against Object 3000000003
[INFO] PDC_SERVER[2]: Checking against Object 4000000002
[INFO] PDC_SERVER[2]: Checking against Object 1000000001
[INFO] PDC_SERVER[2]: Object 4000000004 NOT found in cache
[INFO] PDC_SERVER[2]: Fetching region from server for obj_id=4000000004
[13:35:55.563249] [WARNING] [pdc_tf_server.c:475] PDC_SERVER[1]: SCHED: done running transformations
[INFO] PDC_SERVER[3]: Fetching region for obj_id=4000000004
[INFO] PDC_SERVER[3]: Checking against Object 2000000000
[INFO] PDC_SERVER[3]: Checking against Object 3000000000
[INFO] PDC_SERVER[3]: Checking against Object 4000000000
[INFO] PDC_SERVER[3]: Checking against Object 3000000003
[INFO] PDC_SERVER[3]: Checking against Object 4000000002
[INFO] PDC_SERVER[3]: Checking against Object 1000000001
[INFO] PDC_SERVER[3]: Object 4000000004 NOT found in cache
[INFO] PDC_SERVER[3]: Fetching region from server for obj_id=4000000004
[INFO] PDC_SERVER[1]: Fetching region for obj_id=4000000004
[INFO] PDC_SERVER[1]: Checking against Object 2000000000
[INFO] PDC_SERVER[1]: Checking against Object 3000000000
[INFO] PDC_SERVER[1]: Checking against Object 4000000000
[INFO] PDC_SERVER[1]: Checking against Object 3000000003
[INFO] PDC_SERVER[1]: Checking against Object 4000000002
[INFO] PDC_SERVER[1]: Checking against Object 1000000001
[INFO] PDC_SERVER[1]: Object 4000000004 NOT found in cache
[INFO] PDC_SERVER[1]: Fetching region from server for obj_id=4000000004
[13:35:55.571484] [WARNING] [pdc_tf_server.c:475] PDC_SERVER[0]: SCHED: done running transformations
[INFO] PDC_SERVER[0]: Fetching region for obj_id=4000000004
[INFO] PDC_SERVER[0]: Checking against Object 2000000000
[INFO] PDC_SERVER[0]: Checking against Object 3000000000
[INFO] PDC_SERVER[0]: Checking against Object 4000000000
[INFO] PDC_SERVER[0]: Checking against Object 3000000003
[INFO] PDC_SERVER[0]: Checking against Object 4000000002
[INFO] PDC_SERVER[0]: Checking against Object 1000000001
[INFO] PDC_SERVER[0]: Object 4000000004 NOT found in cache
[INFO] PDC_SERVER[0]: Fetching region from server for obj_id=4000000004
[13:35:55.578042] [WARNING] [pdc_tf_server.c:393] PDC_SERVER[2]: SCHED: setting CUDA device to 0 for edge 0 func=zfp_decompress
[13:35:55.578065] [WARNING] [pdc_tf_server.c:401] PDC_SERVER[2]: SCHED: executing edge 0 func=zfp_decompress dev=GPU
[13:35:55.579282] [WARNING] [pdc_tf_server.c:393] PDC_SERVER[3]: SCHED: setting CUDA device to 0 for edge 0 func=zfp_decompress
[13:35:55.579295] [WARNING] [pdc_tf_server.c:401] PDC_SERVER[3]: SCHED: executing edge 0 func=zfp_decompress dev=GPU
[13:35:55.585163] [WARNING] [pdc_tf_server.c:393] PDC_SERVER[1]: SCHED: setting CUDA device to 0 for edge 0 func=zfp_decompress
[13:35:55.585184] [WARNING] [pdc_tf_server.c:401] PDC_SERVER[1]: SCHED: executing edge 0 func=zfp_decompress dev=GPU
[13:35:55.589896] [WARNING] [pdc_tf_server.c:475] PDC_SERVER[2]: SCHED: done running transformations
[13:35:55.591066] [WARNING] [pdc_tf_server.c:475] PDC_SERVER[3]: SCHED: done running transformations
[INFO] PDC_SERVER[0]: Executing graph with json filepath /pscratch/sd/n/nlewi26/src/work_space/source/pdc/tf_client/graphs/zfp_gpu.json
[13:35:55.593103] [WARNING] [pdc_tf_server.c:393] PDC_SERVER[0]: SCHED: setting CUDA device to 0 for edge 0 func=zfp_decompress
[13:35:55.593117] [WARNING] [pdc_tf_server.c:401] PDC_SERVER[0]: SCHED: executing edge 0 func=zfp_decompress dev=GPU
[13:35:55.593349] [WARNING] [pdc_tf_server.c:475] PDC_SERVER[1]: SCHED: done running transformations
[INFO] PDC_SERVER[2]: Fetching region for obj_id=4000000004
[INFO] PDC_SERVER[2]: Checking against Object 2000000000
[INFO] PDC_SERVER[2]: Checking against Object 3000000000
[INFO] PDC_SERVER[2]: Checking against Object 4000000000
[INFO] PDC_SERVER[2]: Checking against Object 3000000003
[INFO] PDC_SERVER[2]: Checking against Object 4000000002
[INFO] PDC_SERVER[2]: Checking against Object 1000000001
[INFO] PDC_SERVER[2]: Object 4000000004 NOT found in cache
[INFO] PDC_SERVER[2]: Fetching region from server for obj_id=4000000004
[INFO] PDC_SERVER[3]: Fetching region for obj_id=4000000004
[INFO] PDC_SERVER[3]: Checking against Object 2000000000
[INFO] PDC_SERVER[3]: Checking against Object 3000000000
[INFO] PDC_SERVER[3]: Checking against Object 4000000000
[INFO] PDC_SERVER[3]: Checking against Object 3000000003
[INFO] PDC_SERVER[3]: Checking against Object 4000000002
[INFO] PDC_SERVER[3]: Checking against Object 1000000001
[INFO] PDC_SERVER[3]: Object 4000000004 NOT found in cache
[INFO] PDC_SERVER[3]: Fetching region from server for obj_id=4000000004
[INFO] PDC_SERVER[1]: Fetching region for obj_id=4000000004
[INFO] PDC_SERVER[1]: Checking against Object 2000000000
[INFO] PDC_SERVER[1]: Checking against Object 3000000000
[INFO] PDC_SERVER[1]: Checking against Object 4000000000
[INFO] PDC_SERVER[1]: Checking against Object 3000000003
[INFO] PDC_SERVER[1]: Checking against Object 4000000002
[INFO] PDC_SERVER[1]: Checking against Object 1000000001
[INFO] PDC_SERVER[1]: Object 4000000004 NOT found in cache
[INFO] PDC_SERVER[1]: Fetching region from server for obj_id=4000000004
[13:35:55.602590] [WARNING] [pdc_tf_server.c:475] PDC_SERVER[0]: SCHED: done running transformations
[INFO] PDC_SERVER[0]: Fetching region for obj_id=4000000004
[INFO] PDC_SERVER[0]: Checking against Object 2000000000
[INFO] PDC_SERVER[0]: Checking against Object 3000000000
[INFO] PDC_SERVER[0]: Checking against Object 4000000000
[INFO] PDC_SERVER[0]: Checking against Object 3000000003
[INFO] PDC_SERVER[0]: Checking against Object 4000000002
[INFO] PDC_SERVER[0]: Checking against Object 1000000001
[INFO] PDC_SERVER[0]: Object 4000000004 NOT found in cache
[INFO] PDC_SERVER[0]: Fetching region from server for obj_id=4000000004
[13:35:55.612995] [WARNING] [pdc_tf_server.c:393] PDC_SERVER[2]: SCHED: setting CUDA device to 0 for edge 0 func=zfp_decompress
[13:35:55.613110] [WARNING] [pdc_tf_server.c:401] PDC_SERVER[2]: SCHED: executing edge 0 func=zfp_decompress dev=GPU
[13:35:55.614013] [WARNING] [pdc_tf_server.c:393] PDC_SERVER[3]: SCHED: setting CUDA device to 0 for edge 0 func=zfp_decompress
[13:35:55.614033] [WARNING] [pdc_tf_server.c:401] PDC_SERVER[3]: SCHED: executing edge 0 func=zfp_decompress dev=GPU
[13:35:55.614439] [WARNING] [pdc_tf_server.c:393] PDC_SERVER[1]: SCHED: setting CUDA device to 0 for edge 0 func=zfp_decompress
[13:35:55.614453] [WARNING] [pdc_tf_server.c:401] PDC_SERVER[1]: SCHED: executing edge 0 func=zfp_decompress dev=GPU
[13:35:55.622698] [WARNING] [pdc_tf_server.c:475] PDC_SERVER[1]: SCHED: done running transformations
[INFO] PDC_SERVER[0]: Executing graph with json filepath /pscratch/sd/n/nlewi26/src/work_space/source/pdc/tf_client/graphs/zfp_gpu.json
[13:35:55.623679] [WARNING] [pdc_tf_server.c:393] PDC_SERVER[0]: SCHED: setting CUDA device to 0 for edge 0 func=zfp_decompress
[13:35:55.623691] [WARNING] [pdc_tf_server.c:401] PDC_SERVER[0]: SCHED: executing edge 0 func=zfp_decompress dev=GPU
[13:35:55.625916] [WARNING] [pdc_tf_server.c:475] PDC_SERVER[2]: SCHED: done running transformations
[13:35:55.627068] [WARNING] [pdc_tf_server.c:475] PDC_SERVER[3]: SCHED: done running transformations
[INFO] PDC_SERVER[1]: Fetching region for obj_id=4000000004
[INFO] PDC_SERVER[1]: Checking against Object 2000000000
[INFO] PDC_SERVER[1]: Checking against Object 3000000000
[INFO] PDC_SERVER[1]: Checking against Object 4000000000
[INFO] PDC_SERVER[1]: Checking against Object 3000000003
[INFO] PDC_SERVER[1]: Checking against Object 4000000002
[INFO] PDC_SERVER[1]: Checking against Object 1000000001
[INFO] PDC_SERVER[1]: Object 4000000004 NOT found in cache
[INFO] PDC_SERVER[1]: Fetching region from server for obj_id=4000000004
[13:35:55.632128] [WARNING] [pdc_tf_server.c:475] PDC_SERVER[0]: SCHED: done running transformations
[INFO] PDC_SERVER[2]: Fetching region for obj_id=4000000004
[INFO] PDC_SERVER[2]: Checking against Object 2000000000
[INFO] PDC_SERVER[2]: Checking against Object 3000000000
[INFO] PDC_SERVER[2]: Checking against Object 4000000000
[INFO] PDC_SERVER[2]: Checking against Object 3000000003
[INFO] PDC_SERVER[2]: Checking against Object 4000000002
[INFO] PDC_SERVER[2]: Checking against Object 1000000001
[INFO] PDC_SERVER[2]: Object 4000000004 NOT found in cache
[INFO] PDC_SERVER[2]: Fetching region from server for obj_id=4000000004
[INFO] PDC_SERVER[3]: Fetching region for obj_id=4000000004
[INFO] PDC_SERVER[3]: Checking against Object 2000000000
[INFO] PDC_SERVER[3]: Checking against Object 3000000000
[INFO] PDC_SERVER[3]: Checking against Object 4000000000
[INFO] PDC_SERVER[3]: Checking against Object 3000000003
[INFO] PDC_SERVER[3]: Checking against Object 4000000002
[INFO] PDC_SERVER[3]: Checking against Object 1000000001
[INFO] PDC_SERVER[3]: Object 4000000004 NOT found in cache
[INFO] PDC_SERVER[3]: Fetching region from server for obj_id=4000000004
[INFO] PDC_SERVER[0]: Fetching region for obj_id=4000000004
[INFO] PDC_SERVER[0]: Checking against Object 2000000000
[INFO] PDC_SERVER[0]: Checking against Object 3000000000
[INFO] PDC_SERVER[0]: Checking against Object 4000000000
[INFO] PDC_SERVER[0]: Checking against Object 3000000003
[INFO] PDC_SERVER[0]: Checking against Object 4000000002
[INFO] PDC_SERVER[0]: Checking against Object 1000000001
[INFO] PDC_SERVER[0]: Object 4000000004 NOT found in cache
[INFO] PDC_SERVER[0]: Fetching region from server for obj_id=4000000004
[13:35:55.647834] [WARNING] [pdc_tf_server.c:393] PDC_SERVER[1]: SCHED: setting CUDA device to 0 for edge 0 func=zfp_decompress
[13:35:55.647848] [WARNING] [pdc_tf_server.c:401] PDC_SERVER[1]: SCHED: executing edge 0 func=zfp_decompress dev=GPU
[13:35:55.649497] [WARNING] [pdc_tf_server.c:393] PDC_SERVER[2]: SCHED: setting CUDA device to 0 for edge 0 func=zfp_decompress
[13:35:55.649523] [WARNING] [pdc_tf_server.c:401] PDC_SERVER[2]: SCHED: executing edge 0 func=zfp_decompress dev=GPU
[13:35:55.649864] [WARNING] [pdc_tf_server.c:393] PDC_SERVER[3]: SCHED: setting CUDA device to 0 for edge 0 func=zfp_decompress
[13:35:55.649879] [WARNING] [pdc_tf_server.c:401] PDC_SERVER[3]: SCHED: executing edge 0 func=zfp_decompress dev=GPU
[INFO] PDC_SERVER[0]: Executing graph with json filepath /pscratch/sd/n/nlewi26/src/work_space/source/pdc/tf_client/graphs/zfp_gpu.json
[13:35:55.653268] [WARNING] [pdc_tf_server.c:393] PDC_SERVER[0]: SCHED: setting CUDA device to 0 for edge 0 func=zfp_decompress
[13:35:55.653279] [WARNING] [pdc_tf_server.c:401] PDC_SERVER[0]: SCHED: executing edge 0 func=zfp_decompress dev=GPU
[13:35:55.656191] [WARNING] [pdc_tf_server.c:475] PDC_SERVER[1]: SCHED: done running transformations
[INFO] PDC_SERVER[1]: Fetching region for obj_id=4000000004
[INFO] PDC_SERVER[1]: Checking against Object 2000000000
[INFO] PDC_SERVER[1]: Checking against Object 3000000000
[INFO] PDC_SERVER[1]: Checking against Object 4000000000
[INFO] PDC_SERVER[1]: Checking against Object 3000000003
[INFO] PDC_SERVER[1]: Checking against Object 4000000002
[INFO] PDC_SERVER[1]: Checking against Object 1000000001
[INFO] PDC_SERVER[1]: Object 4000000004 NOT found in cache
[INFO] PDC_SERVER[1]: Fetching region from server for obj_id=4000000004
[13:35:55.662807] [WARNING] [pdc_tf_server.c:475] PDC_SERVER[2]: SCHED: done running transformations
[13:35:55.663439] [WARNING] [pdc_tf_server.c:475] PDC_SERVER[0]: SCHED: done running transformations
[13:35:55.663413] [WARNING] [pdc_tf_server.c:475] PDC_SERVER[3]: SCHED: done running transformations
[INFO] PDC_SERVER[0]: Fetching region for obj_id=4000000004
[INFO] PDC_SERVER[0]: Checking against Object 2000000000
[INFO] PDC_SERVER[0]: Checking against Object 3000000000
[INFO] PDC_SERVER[0]: Checking against Object 4000000000
[INFO] PDC_SERVER[0]: Checking against Object 3000000003
[INFO] PDC_SERVER[0]: Checking against Object 4000000002
[INFO] PDC_SERVER[0]: Checking against Object 1000000001
[INFO] PDC_SERVER[0]: Object 4000000004 NOT found in cache
[INFO] PDC_SERVER[0]: Fetching region from server for obj_id=4000000004
[INFO] PDC_SERVER[2]: Fetching region for obj_id=4000000004
[INFO] PDC_SERVER[2]: Checking against Object 2000000000
[INFO] PDC_SERVER[2]: Checking against Object 3000000000
[INFO] PDC_SERVER[2]: Checking against Object 4000000000
[INFO] PDC_SERVER[2]: Checking against Object 3000000003
[INFO] PDC_SERVER[2]: Checking against Object 4000000002
[INFO] PDC_SERVER[2]: Checking against Object 1000000001
[INFO] PDC_SERVER[2]: Object 4000000004 NOT found in cache
[INFO] PDC_SERVER[2]: Fetching region from server for obj_id=4000000004
[INFO] PDC_SERVER[3]: Fetching region for obj_id=4000000004
[INFO] PDC_SERVER[3]: Checking against Object 2000000000
[INFO] PDC_SERVER[3]: Checking against Object 3000000000
[INFO] PDC_SERVER[3]: Checking against Object 4000000000
[INFO] PDC_SERVER[3]: Checking against Object 3000000003
[INFO] PDC_SERVER[3]: Checking against Object 4000000002
[INFO] PDC_SERVER[3]: Checking against Object 1000000001
[INFO] PDC_SERVER[3]: Object 4000000004 NOT found in cache
[INFO] PDC_SERVER[3]: Fetching region from server for obj_id=4000000004
[13:35:55.677032] [WARNING] [pdc_tf_server.c:393] PDC_SERVER[1]: SCHED: setting CUDA device to 0 for edge 0 func=zfp_decompress
[13:35:55.677045] [WARNING] [pdc_tf_server.c:401] PDC_SERVER[1]: SCHED: executing edge 0 func=zfp_decompress dev=GPU
[INFO] PDC_SERVER[0]: Executing graph with json filepath /pscratch/sd/n/nlewi26/src/work_space/source/pdc/tf_client/graphs/zfp_gpu.json
[13:35:55.684650] [WARNING] [pdc_tf_server.c:393] PDC_SERVER[0]: SCHED: setting CUDA device to 0 for edge 0 func=zfp_decompress
[13:35:55.684664] [WARNING] [pdc_tf_server.c:401] PDC_SERVER[0]: SCHED: executing edge 0 func=zfp_decompress dev=GPU
[13:35:55.685446] [WARNING] [pdc_tf_server.c:475] PDC_SERVER[1]: SCHED: done running transformations
[13:35:55.685848] [WARNING] [pdc_tf_server.c:393] PDC_SERVER[2]: SCHED: setting CUDA device to 0 for edge 0 func=zfp_decompress
[13:35:55.685867] [WARNING] [pdc_tf_server.c:401] PDC_SERVER[2]: SCHED: executing edge 0 func=zfp_decompress dev=GPU
[13:35:55.686298] [WARNING] [pdc_tf_server.c:393] PDC_SERVER[3]: SCHED: setting CUDA device to 0 for edge 0 func=zfp_decompress
[13:35:55.686309] [WARNING] [pdc_tf_server.c:401] PDC_SERVER[3]: SCHED: executing edge 0 func=zfp_decompress dev=GPU
[INFO] PDC_SERVER[1]: Fetching region for obj_id=4000000004
[INFO] PDC_SERVER[1]: Checking against Object 2000000000
[INFO] PDC_SERVER[1]: Checking against Object 3000000000
[INFO] PDC_SERVER[1]: Checking against Object 4000000000
[INFO] PDC_SERVER[1]: Checking against Object 3000000003
[INFO] PDC_SERVER[1]: Checking against Object 4000000002
[INFO] PDC_SERVER[1]: Checking against Object 1000000001
[INFO] PDC_SERVER[1]: Object 4000000004 NOT found in cache
[INFO] PDC_SERVER[1]: Fetching region from server for obj_id=4000000004
[13:35:55.694363] [WARNING] [pdc_tf_server.c:475] PDC_SERVER[0]: SCHED: done running transformations
[13:35:55.698916] [WARNING] [pdc_tf_server.c:475] PDC_SERVER[2]: SCHED: done running transformations
[INFO] PDC_SERVER[0]: Fetching region for obj_id=4000000004
[INFO] PDC_SERVER[0]: Checking against Object 2000000000
[INFO] PDC_SERVER[0]: Checking against Object 3000000000
[INFO] PDC_SERVER[0]: Checking against Object 4000000000
[INFO] PDC_SERVER[0]: Checking against Object 3000000003
[INFO] PDC_SERVER[0]: Checking against Object 4000000002
[INFO] PDC_SERVER[0]: Checking against Object 1000000001
[INFO] PDC_SERVER[0]: Object 4000000004 NOT found in cache
[INFO] PDC_SERVER[0]: Fetching region from server for obj_id=4000000004
[13:35:55.699559] [WARNING] [pdc_tf_server.c:475] PDC_SERVER[3]: SCHED: done running transformations
[INFO] PDC_SERVER[2]: Fetching region for obj_id=4000000004
[INFO] PDC_SERVER[2]: Checking against Object 2000000000
[INFO] PDC_SERVER[2]: Checking against Object 3000000000
[INFO] PDC_SERVER[2]: Checking against Object 4000000000
[INFO] PDC_SERVER[2]: Checking against Object 3000000003
[INFO] PDC_SERVER[2]: Checking against Object 4000000002
[INFO] PDC_SERVER[2]: Checking against Object 1000000001
[INFO] PDC_SERVER[2]: Object 4000000004 NOT found in cache
[INFO] PDC_SERVER[2]: Fetching region from server for obj_id=4000000004
[13:35:55.706352] [WARNING] [pdc_tf_server.c:393] PDC_SERVER[1]: SCHED: setting CUDA device to 0 for edge 0 func=zfp_decompress
[13:35:55.706369] [WARNING] [pdc_tf_server.c:401] PDC_SERVER[1]: SCHED: executing edge 0 func=zfp_decompress dev=GPU
[INFO] PDC_SERVER[3]: Fetching region for obj_id=4000000004
[INFO] PDC_SERVER[3]: Checking against Object 2000000000
[INFO] PDC_SERVER[3]: Checking against Object 3000000000
[INFO] PDC_SERVER[3]: Checking against Object 4000000000
[INFO] PDC_SERVER[3]: Checking against Object 3000000003
[INFO] PDC_SERVER[3]: Checking against Object 4000000002
[INFO] PDC_SERVER[3]: Checking against Object 1000000001
[INFO] PDC_SERVER[3]: Object 4000000004 NOT found in cache
[INFO] PDC_SERVER[3]: Fetching region from server for obj_id=4000000004
[13:35:55.714468] [WARNING] [pdc_tf_server.c:475] PDC_SERVER[1]: SCHED: done running transformations
[INFO] PDC_SERVER[0]: Executing graph with json filepath /pscratch/sd/n/nlewi26/src/work_space/source/pdc/tf_client/graphs/zfp_gpu.json
[13:35:55.715402] [WARNING] [pdc_tf_server.c:393] PDC_SERVER[0]: SCHED: setting CUDA device to 0 for edge 0 func=zfp_decompress
[13:35:55.715413] [WARNING] [pdc_tf_server.c:401] PDC_SERVER[0]: SCHED: executing edge 0 func=zfp_decompress dev=GPU
[13:35:55.722025] [WARNING] [pdc_tf_server.c:393] PDC_SERVER[2]: SCHED: setting CUDA device to 0 for edge 0 func=zfp_decompress
[13:35:55.722048] [WARNING] [pdc_tf_server.c:401] PDC_SERVER[2]: SCHED: executing edge 0 func=zfp_decompress dev=GPU
[13:35:55.722496] [WARNING] [pdc_tf_server.c:393] PDC_SERVER[3]: SCHED: setting CUDA device to 0 for edge 0 func=zfp_decompress
[13:35:55.722513] [WARNING] [pdc_tf_server.c:401] PDC_SERVER[3]: SCHED: executing edge 0 func=zfp_decompress dev=GPU
[13:35:55.730989] [WARNING] [pdc_tf_server.c:475] PDC_SERVER[0]: SCHED: done running transformations
[13:35:55.734360] [WARNING] [pdc_tf_server.c:475] PDC_SERVER[2]: SCHED: done running transformations
[13:35:55.734811] [WARNING] [pdc_tf_server.c:475] PDC_SERVER[3]: SCHED: done running transformations
[INFO] PDC_SERVER[2]: Fetching region for obj_id=4000000004
[INFO] PDC_SERVER[2]: Checking against Object 2000000000
[INFO] PDC_SERVER[2]: Checking against Object 3000000000
[INFO] PDC_SERVER[2]: Checking against Object 4000000000
[INFO] PDC_SERVER[2]: Checking against Object 3000000003
[INFO] PDC_SERVER[2]: Checking against Object 4000000002
[INFO] PDC_SERVER[2]: Checking against Object 1000000001
[INFO] PDC_SERVER[2]: Object 4000000004 NOT found in cache
[INFO] PDC_SERVER[2]: Fetching region from server for obj_id=4000000004
[INFO] PDC_SERVER[3]: Fetching region for obj_id=4000000004
[INFO] PDC_SERVER[3]: Checking against Object 2000000000
[INFO] PDC_SERVER[3]: Checking against Object 3000000000
[INFO] PDC_SERVER[3]: Checking against Object 4000000000
[INFO] PDC_SERVER[3]: Checking against Object 3000000003
[INFO] PDC_SERVER[3]: Checking against Object 4000000002
[INFO] PDC_SERVER[3]: Checking against Object 1000000001
[INFO] PDC_SERVER[3]: Object 4000000004 NOT found in cache
[INFO] PDC_SERVER[3]: Fetching region from server for obj_id=4000000004
[13:35:55.757589] [WARNING] [pdc_tf_server.c:393] PDC_SERVER[2]: SCHED: setting CUDA device to 0 for edge 0 func=zfp_decompress
[13:35:55.757606] [WARNING] [pdc_tf_server.c:401] PDC_SERVER[2]: SCHED: executing edge 0 func=zfp_decompress dev=GPU
[13:35:55.758444] [WARNING] [pdc_tf_server.c:393] PDC_SERVER[3]: SCHED: setting CUDA device to 0 for edge 0 func=zfp_decompress
[13:35:55.758466] [WARNING] [pdc_tf_server.c:401] PDC_SERVER[3]: SCHED: executing edge 0 func=zfp_decompress dev=GPU
[13:35:55.769618] [WARNING] [pdc_tf_server.c:475] PDC_SERVER[2]: SCHED: done running transformations
[13:35:55.770292] [WARNING] [pdc_tf_server.c:475] PDC_SERVER[3]: SCHED: done running transformations
[INFO] PDC_SERVER[0]: Starting flush for obj_id 4000000005, ndim=3
[13:35:55.930694] [WARNING] [pdc_server_region_cache.c:823] PDC_SERVER[0]: Region mapping lookup took 0.000001 s
[13:35:55.930701] [WARNING] [pdc_server_region_cache.c:828] PDC_SERVER[0]: No region mapping found for obj_id 4000000005
[13:35:55.949328] [WARNING] [pdc_server_region_cache.c:834] PDC_SERVER[0]: Flushed region via POSIX I/O in 0.018617 s
[13:35:55.949340] [WARNING] [pdc_server_region_cache.c:850] PDC_SERVER[0]: [2026-10-07 13:35:55.949337] Flushed 16.00 / 16.00 MB to storage
[INFO] PDC_SERVER[0]: Region flush iteration took 0.018656 s
[INFO] PDC_SERVER[0]: Starting flush for obj_id 4000000005, ndim=3
[13:35:55.988130] [WARNING] [pdc_server_region_cache.c:823] PDC_SERVER[0]: Region mapping lookup took 0.000000 s
[13:35:55.988136] [WARNING] [pdc_server_region_cache.c:828] PDC_SERVER[0]: No region mapping found for obj_id 4000000005
[13:35:56.005733] [WARNING] [pdc_server_region_cache.c:834] PDC_SERVER[0]: Flushed region via POSIX I/O in 0.017592 s
[13:35:56.005747] [WARNING] [pdc_server_region_cache.c:850] PDC_SERVER[0]: [2026-10-07 13:35:56.005745] Flushed 16.00 / 16.00 MB to storage
[INFO] PDC_SERVER[0]: Region flush iteration took 0.017623 s
[INFO] PDC_SERVER[0]: Starting flush for obj_id 4000000005, ndim=3
[13:35:56.006851] [WARNING] [pdc_server_region_cache.c:823] PDC_SERVER[0]: Region mapping lookup took 0.000001 s
[13:35:56.006857] [WARNING] [pdc_server_region_cache.c:828] PDC_SERVER[0]: No region mapping found for obj_id 4000000005
[13:35:56.023579] [WARNING] [pdc_server_region_cache.c:834] PDC_SERVER[0]: Flushed region via POSIX I/O in 0.016714 s
[13:35:56.023592] [WARNING] [pdc_server_region_cache.c:850] PDC_SERVER[0]: [2026-10-07 13:35:56.023589] Flushed 16.00 / 16.00 MB to storage
[INFO] PDC_SERVER[0]: Region flush iteration took 0.016748 s
[INFO] PDC_SERVER[0]: Starting flush for obj_id 4000000005, ndim=3
[13:35:56.024813] [WARNING] [pdc_server_region_cache.c:823] PDC_SERVER[0]: Region mapping lookup took 0.000001 s
[13:35:56.024819] [WARNING] [pdc_server_region_cache.c:828] PDC_SERVER[0]: No region mapping found for obj_id 4000000005
[13:35:56.041875] [WARNING] [pdc_server_region_cache.c:834] PDC_SERVER[0]: Flushed region via POSIX I/O in 0.017048 s
[13:35:56.041885] [WARNING] [pdc_server_region_cache.c:850] PDC_SERVER[0]: [2026-10-07 13:35:56.041882] Flushed 16.00 / 16.00 MB to storage
[INFO] PDC_SERVER[0]: Region flush iteration took 0.017079 s
[INFO] PDC_SERVER[0]: Starting flush for obj_id 4000000005, ndim=3
[13:35:56.042954] [WARNING] [pdc_server_region_cache.c:823] PDC_SERVER[0]: Region mapping lookup took 0.000001 s
[13:35:56.042960] [WARNING] [pdc_server_region_cache.c:828] PDC_SERVER[0]: No region mapping found for obj_id 4000000005
[13:35:56.059801] [WARNING] [pdc_server_region_cache.c:834] PDC_SERVER[0]: Flushed region via POSIX I/O in 0.016832 s
[13:35:56.059811] [WARNING] [pdc_server_region_cache.c:850] PDC_SERVER[0]: [2026-10-07 13:35:56.059808] Flushed 16.00 / 16.00 MB to storage
[INFO] PDC_SERVER[0]: Region flush iteration took 0.016864 s
[INFO] PDC_SERVER[0]: Starting flush for obj_id 4000000005, ndim=3
[13:35:56.060797] [WARNING] [pdc_server_region_cache.c:823] PDC_SERVER[0]: Region mapping lookup took 0.000000 s
[13:35:56.060801] [WARNING] [pdc_server_region_cache.c:828] PDC_SERVER[0]: No region mapping found for obj_id 4000000005
[13:35:56.077707] [WARNING] [pdc_server_region_cache.c:834] PDC_SERVER[0]: Flushed region via POSIX I/O in 0.016898 s
[13:35:56.077719] [WARNING] [pdc_server_region_cache.c:850] PDC_SERVER[0]: [2026-10-07 13:35:56.077717] Flushed 16.00 / 16.00 MB to storage
[INFO] PDC_SERVER[0]: Region flush iteration took 0.016929 s
[INFO] PDC_SERVER[0]: Starting flush for obj_id 4000000005, ndim=3
[13:35:56.078632] [WARNING] [pdc_server_region_cache.c:823] PDC_SERVER[0]: Region mapping lookup took 0.000001 s
[13:35:56.078636] [WARNING] [pdc_server_region_cache.c:828] PDC_SERVER[0]: No region mapping found for obj_id 4000000005
[13:35:56.095416] [WARNING] [pdc_server_region_cache.c:834] PDC_SERVER[0]: Flushed region via POSIX I/O in 0.016773 s
[13:35:56.095426] [WARNING] [pdc_server_region_cache.c:850] PDC_SERVER[0]: [2026-10-07 13:35:56.095422] Flushed 16.00 / 16.00 MB to storage
[INFO] PDC_SERVER[0]: Region flush iteration took 0.016800 s
[INFO] PDC_SERVER[0]: Starting flush for obj_id 4000000005, ndim=3
[13:35:56.097218] [WARNING] [pdc_server_region_cache.c:823] PDC_SERVER[0]: Region mapping lookup took 0.000001 s
[13:35:56.097223] [WARNING] [pdc_server_region_cache.c:828] PDC_SERVER[0]: No region mapping found for obj_id 4000000005
[13:35:56.115345] [WARNING] [pdc_server_region_cache.c:834] PDC_SERVER[0]: Flushed region via POSIX I/O in 0.018113 s
[13:35:56.115356] [WARNING] [pdc_server_region_cache.c:850] PDC_SERVER[0]: [2026-10-07 13:35:56.115353] Flushed 16.00 / 16.00 MB to storage
[INFO] PDC_SERVER[0]: Region flush iteration took 0.018145 s
[INFO] PDC_SERVER[0]: Starting flush for obj_id 4000000005, ndim=3
[13:35:56.117194] [WARNING] [pdc_server_region_cache.c:823] PDC_SERVER[0]: Region mapping lookup took 0.000001 s
[13:35:56.117199] [WARNING] [pdc_server_region_cache.c:828] PDC_SERVER[0]: No region mapping found for obj_id 4000000005
[13:35:56.134548] [WARNING] [pdc_server_region_cache.c:834] PDC_SERVER[0]: Flushed region via POSIX I/O in 0.017345 s
[13:35:56.134559] [WARNING] [pdc_server_region_cache.c:850] PDC_SERVER[0]: [2026-10-07 13:35:56.134557] Flushed 16.00 / 16.00 MB to storage
[INFO] PDC_SERVER[0]: Region flush iteration took 0.017371 s
[INFO] PDC_SERVER[0]: Starting flush for obj_id 4000000005, ndim=3
[13:35:56.135607] [WARNING] [pdc_server_region_cache.c:823] PDC_SERVER[0]: Region mapping lookup took 0.000001 s
[13:35:56.135612] [WARNING] [pdc_server_region_cache.c:828] PDC_SERVER[0]: No region mapping found for obj_id 4000000005
[13:35:56.153092] [WARNING] [pdc_server_region_cache.c:834] PDC_SERVER[0]: Flushed region via POSIX I/O in 0.017473 s
[13:35:56.153101] [WARNING] [pdc_server_region_cache.c:850] PDC_SERVER[0]: [2026-10-07 13:35:56.153098] Flushed 16.00 / 16.00 MB to storage
[INFO] PDC_SERVER[0]: Region flush iteration took 0.017500 s
[INFO] PDC_SERVER[0]: Starting flush for obj_id 4000000005, ndim=3
[13:35:56.153966] [WARNING] [pdc_server_region_cache.c:823] PDC_SERVER[0]: Region mapping lookup took 0.000001 s
[13:35:56.153970] [WARNING] [pdc_server_region_cache.c:828] PDC_SERVER[0]: No region mapping found for obj_id 4000000005
[13:35:56.171494] [WARNING] [pdc_server_region_cache.c:834] PDC_SERVER[0]: Flushed region via POSIX I/O in 0.017512 s
[13:35:56.171510] [WARNING] [pdc_server_region_cache.c:850] PDC_SERVER[0]: [2026-10-07 13:35:56.171507] Flushed 16.00 / 16.00 MB to storage
[INFO] PDC_SERVER[0]: Region flush iteration took 0.017551 s
[INFO] PDC_SERVER[0]: Starting flush for obj_id 4000000005, ndim=3
[13:35:56.173079] [WARNING] [pdc_server_region_cache.c:823] PDC_SERVER[0]: Region mapping lookup took 0.000001 s
[13:35:56.173085] [WARNING] [pdc_server_region_cache.c:828] PDC_SERVER[0]: No region mapping found for obj_id 4000000005
[13:35:56.190871] [WARNING] [pdc_server_region_cache.c:834] PDC_SERVER[0]: Flushed region via POSIX I/O in 0.017778 s
[13:35:56.190881] [WARNING] [pdc_server_region_cache.c:850] PDC_SERVER[0]: [2026-10-07 13:35:56.190879] Flushed 16.00 / 16.00 MB to storage
[INFO] PDC_SERVER[0]: Region flush iteration took 0.017810 s
[INFO] PDC_SERVER[0]: Starting flush for obj_id 4000000005, ndim=3
[13:35:56.192270] [WARNING] [pdc_server_region_cache.c:823] PDC_SERVER[0]: Region mapping lookup took 0.000001 s
[13:35:56.192276] [WARNING] [pdc_server_region_cache.c:828] PDC_SERVER[0]: No region mapping found for obj_id 4000000005
[13:35:56.209297] [WARNING] [pdc_server_region_cache.c:834] PDC_SERVER[0]: Flushed region via POSIX I/O in 0.017012 s
[13:35:56.209305] [WARNING] [pdc_server_region_cache.c:850] PDC_SERVER[0]: [2026-10-07 13:35:56.209303] Flushed 16.00 / 16.00 MB to storage
[INFO] PDC_SERVER[0]: Region flush iteration took 0.017043 s
[INFO] PDC_SERVER[0]: Starting flush for obj_id 4000000005, ndim=3
[13:35:56.210528] [WARNING] [pdc_server_region_cache.c:823] PDC_SERVER[0]: Region mapping lookup took 0.000001 s
[13:35:56.210533] [WARNING] [pdc_server_region_cache.c:828] PDC_SERVER[0]: No region mapping found for obj_id 4000000005
[13:35:56.227891] [WARNING] [pdc_server_region_cache.c:834] PDC_SERVER[0]: Flushed region via POSIX I/O in 0.017351 s
[13:35:56.227900] [WARNING] [pdc_server_region_cache.c:850] PDC_SERVER[0]: [2026-10-07 13:35:56.227897] Flushed 16.00 / 16.00 MB to storage
[INFO] PDC_SERVER[0]: Region flush iteration took 0.017377 s
[INFO] PDC_SERVER[0]: Starting flush for obj_id 4000000005, ndim=3
[13:35:56.229045] [WARNING] [pdc_server_region_cache.c:823] PDC_SERVER[0]: Region mapping lookup took 0.000001 s
[13:35:56.229049] [WARNING] [pdc_server_region_cache.c:828] PDC_SERVER[0]: No region mapping found for obj_id 4000000005
[13:35:56.246509] [WARNING] [pdc_server_region_cache.c:834] PDC_SERVER[0]: Flushed region via POSIX I/O in 0.017452 s
[13:35:56.246517] [WARNING] [pdc_server_region_cache.c:850] PDC_SERVER[0]: [2026-10-07 13:35:56.246514] Flushed 16.00 / 16.00 MB to storage
[INFO] PDC_SERVER[0]: Region flush iteration took 0.017478 s
[INFO] PDC_SERVER[0]: Starting flush for obj_id 4000000005, ndim=3
[13:35:56.247726] [WARNING] [pdc_server_region_cache.c:823] PDC_SERVER[0]: Region mapping lookup took 0.000001 s
[13:35:56.247730] [WARNING] [pdc_server_region_cache.c:828] PDC_SERVER[0]: No region mapping found for obj_id 4000000005
[13:35:56.264891] [WARNING] [pdc_server_region_cache.c:834] PDC_SERVER[0]: Flushed region via POSIX I/O in 0.017153 s
[13:35:56.264899] [WARNING] [pdc_server_region_cache.c:850] PDC_SERVER[0]: [2026-10-07 13:35:56.264897] Flushed 16.00 / 16.00 MB to storage
[INFO] PDC_SERVER[0]: Region flush iteration took 0.017180 s
[INFO] PDC_SERVER[0]: Starting flush for obj_id 1000000003, ndim=3
[13:35:56.281652] [WARNING] [pdc_server_region_cache.c:823] PDC_SERVER[0]: Region mapping lookup took 0.000000 s
[13:35:56.281656] [WARNING] [pdc_server_region_cache.c:828] PDC_SERVER[0]: No region mapping found for obj_id 1000000003
[13:35:56.299888] [WARNING] [pdc_server_region_cache.c:834] PDC_SERVER[0]: Flushed region via POSIX I/O in 0.018217 s
[13:35:56.299908] [WARNING] [pdc_server_region_cache.c:850] PDC_SERVER[0]: [2026-10-07 13:35:56.299905] Flushed 16.00 / 16.00 MB to storage
[INFO] PDC_SERVER[0]: Region flush iteration took 0.018264 s
[INFO] PDC_SERVER[0]: Starting flush for obj_id 1000000003, ndim=3
[13:35:56.325689] [WARNING] [pdc_server_region_cache.c:823] PDC_SERVER[0]: Region mapping lookup took 0.000000 s
[13:35:56.325698] [WARNING] [pdc_server_region_cache.c:828] PDC_SERVER[0]: No region mapping found for obj_id 1000000003
[13:35:56.346608] [WARNING] [pdc_server_region_cache.c:834] PDC_SERVER[0]: Flushed region via POSIX I/O in 0.020906 s
[13:35:56.346620] [WARNING] [pdc_server_region_cache.c:850] PDC_SERVER[0]: [2026-10-07 13:35:56.346617] Flushed 16.00 / 16.00 MB to storage
[INFO] PDC_SERVER[0]: Region flush iteration took 0.020938 s
[INFO] PDC_SERVER[0]: Starting flush for obj_id 1000000003, ndim=3
[13:35:56.347823] [WARNING] [pdc_server_region_cache.c:823] PDC_SERVER[0]: Region mapping lookup took 0.000000 s
[13:35:56.347828] [WARNING] [pdc_server_region_cache.c:828] PDC_SERVER[0]: No region mapping found for obj_id 1000000003
[13:35:56.367865] [WARNING] [pdc_server_region_cache.c:834] PDC_SERVER[0]: Flushed region via POSIX I/O in 0.020028 s
[13:35:56.367875] [WARNING] [pdc_server_region_cache.c:850] PDC_SERVER[0]: [2026-10-07 13:35:56.367872] Flushed 16.00 / 16.00 MB to storage
[INFO] PDC_SERVER[0]: Region flush iteration took 0.020061 s
[INFO] PDC_SERVER[0]: Starting flush for obj_id 1000000003, ndim=3
[13:35:56.369045] [WARNING] [pdc_server_region_cache.c:823] PDC_SERVER[0]: Region mapping lookup took 0.000001 s
[13:35:56.369052] [WARNING] [pdc_server_region_cache.c:828] PDC_SERVER[0]: No region mapping found for obj_id 1000000003
[13:35:56.389640] [WARNING] [pdc_server_region_cache.c:834] PDC_SERVER[0]: Flushed region via POSIX I/O in 0.020580 s
[13:35:56.389651] [WARNING] [pdc_server_region_cache.c:850] PDC_SERVER[0]: [2026-10-07 13:35:56.389647] Flushed 16.00 / 16.00 MB to storage
[INFO] PDC_SERVER[0]: Region flush iteration took 0.020616 s
[INFO] PDC_SERVER[0]: Starting flush for obj_id 1000000003, ndim=3
[13:35:56.390591] [WARNING] [pdc_server_region_cache.c:823] PDC_SERVER[0]: Region mapping lookup took 0.000001 s
[13:35:56.390597] [WARNING] [pdc_server_region_cache.c:828] PDC_SERVER[0]: No region mapping found for obj_id 1000000003
[13:35:56.410980] [WARNING] [pdc_server_region_cache.c:834] PDC_SERVER[0]: Flushed region via POSIX I/O in 0.020375 s
[13:35:56.410992] [WARNING] [pdc_server_region_cache.c:850] PDC_SERVER[0]: [2026-10-07 13:35:56.410988] Flushed 16.00 / 16.00 MB to storage
[INFO] PDC_SERVER[0]: Region flush iteration took 0.020410 s
[INFO] PDC_SERVER[0]: Starting flush for obj_id 1000000003, ndim=3
[13:35:56.413580] [WARNING] [pdc_server_region_cache.c:823] PDC_SERVER[0]: Region mapping lookup took 0.000000 s
[13:35:56.413585] [WARNING] [pdc_server_region_cache.c:828] PDC_SERVER[0]: No region mapping found for obj_id 1000000003
[13:35:56.430561] [WARNING] [pdc_server_region_cache.c:834] PDC_SERVER[0]: Flushed region via POSIX I/O in 0.016972 s
[13:35:56.430576] [WARNING] [pdc_server_region_cache.c:850] PDC_SERVER[0]: [2026-10-07 13:35:56.430574] Flushed 16.00 / 16.00 MB to storage
[INFO] PDC_SERVER[0]: Region flush iteration took 0.017002 s
[INFO] PDC_SERVER[0]: Starting flush for obj_id 1000000003, ndim=3
[13:35:56.432011] [WARNING] [pdc_server_region_cache.c:823] PDC_SERVER[0]: Region mapping lookup took 0.000001 s
[13:35:56.432015] [WARNING] [pdc_server_region_cache.c:828] PDC_SERVER[0]: No region mapping found for obj_id 1000000003
[13:35:56.449167] [WARNING] [pdc_server_region_cache.c:834] PDC_SERVER[0]: Flushed region via POSIX I/O in 0.017143 s
[13:35:56.449178] [WARNING] [pdc_server_region_cache.c:850] PDC_SERVER[0]: [2026-10-07 13:35:56.449175] Flushed 16.00 / 16.00 MB to storage
[INFO] PDC_SERVER[0]: Region flush iteration took 0.017174 s
[INFO] PDC_SERVER[0]: Starting flush for obj_id 1000000003, ndim=3
[13:35:56.450497] [WARNING] [pdc_server_region_cache.c:823] PDC_SERVER[0]: Region mapping lookup took 0.000001 s
[13:35:56.450502] [WARNING] [pdc_server_region_cache.c:828] PDC_SERVER[0]: No region mapping found for obj_id 1000000003
[13:35:56.467770] [WARNING] [pdc_server_region_cache.c:834] PDC_SERVER[0]: Flushed region via POSIX I/O in 0.017259 s
[13:35:56.467781] [WARNING] [pdc_server_region_cache.c:850] PDC_SERVER[0]: [2026-10-07 13:35:56.467779] Flushed 16.00 / 16.00 MB to storage
[INFO] PDC_SERVER[0]: Region flush iteration took 0.017292 s
[INFO] PDC_SERVER[0]: Starting flush for obj_id 1000000003, ndim=3
[13:35:56.471047] [WARNING] [pdc_server_region_cache.c:823] PDC_SERVER[0]: Region mapping lookup took 0.000000 s
[13:35:56.471052] [WARNING] [pdc_server_region_cache.c:828] PDC_SERVER[0]: No region mapping found for obj_id 1000000003
[13:35:56.488371] [WARNING] [pdc_server_region_cache.c:834] PDC_SERVER[0]: Flushed region via POSIX I/O in 0.017316 s
[13:35:56.488383] [WARNING] [pdc_server_region_cache.c:850] PDC_SERVER[0]: [2026-10-07 13:35:56.488381] Flushed 16.00 / 16.00 MB to storage
[INFO] PDC_SERVER[0]: Region flush iteration took 0.017341 s
[INFO] PDC_SERVER[0]: Starting flush for obj_id 1000000003, ndim=3
[13:35:56.489498] [WARNING] [pdc_server_region_cache.c:823] PDC_SERVER[0]: Region mapping lookup took 0.000001 s
[13:35:56.489502] [WARNING] [pdc_server_region_cache.c:828] PDC_SERVER[0]: No region mapping found for obj_id 1000000003
[13:35:56.506991] [WARNING] [pdc_server_region_cache.c:834] PDC_SERVER[0]: Flushed region via POSIX I/O in 0.017484 s
[13:35:56.507008] [WARNING] [pdc_server_region_cache.c:850] PDC_SERVER[0]: [2026-10-07 13:35:56.507006] Flushed 16.00 / 16.00 MB to storage
[INFO] PDC_SERVER[0]: Region flush iteration took 0.017517 s
[INFO] PDC_SERVER[0]: Starting flush for obj_id 1000000003, ndim=3
[13:35:56.508576] [WARNING] [pdc_server_region_cache.c:823] PDC_SERVER[0]: Region mapping lookup took 0.000001 s
[13:35:56.508581] [WARNING] [pdc_server_region_cache.c:828] PDC_SERVER[0]: No region mapping found for obj_id 1000000003
[13:35:56.526293] [WARNING] [pdc_server_region_cache.c:834] PDC_SERVER[0]: Flushed region via POSIX I/O in 0.017703 s
[13:35:56.526302] [WARNING] [pdc_server_region_cache.c:850] PDC_SERVER[0]: [2026-10-07 13:35:56.526299] Flushed 16.00 / 16.00 MB to storage
[INFO] PDC_SERVER[0]: Region flush iteration took 0.017732 s
[INFO] PDC_SERVER[0]: Starting flush for obj_id 1000000003, ndim=3
[13:35:56.527695] [WARNING] [pdc_server_region_cache.c:823] PDC_SERVER[0]: Region mapping lookup took 0.000001 s
[13:35:56.527699] [WARNING] [pdc_server_region_cache.c:828] PDC_SERVER[0]: No region mapping found for obj_id 1000000003
[13:35:56.544612] [WARNING] [pdc_server_region_cache.c:834] PDC_SERVER[0]: Flushed region via POSIX I/O in 0.016905 s
[13:35:56.544620] [WARNING] [pdc_server_region_cache.c:850] PDC_SERVER[0]: [2026-10-07 13:35:56.544618] Flushed 16.00 / 16.00 MB to storage
[INFO] PDC_SERVER[0]: Region flush iteration took 0.016932 s
[INFO] PDC_SERVER[0]: Starting flush for obj_id 1000000003, ndim=3
[13:35:56.545753] [WARNING] [pdc_server_region_cache.c:823] PDC_SERVER[0]: Region mapping lookup took 0.000001 s
[13:35:56.545758] [WARNING] [pdc_server_region_cache.c:828] PDC_SERVER[0]: No region mapping found for obj_id 1000000003
[13:35:56.563448] [WARNING] [pdc_server_region_cache.c:834] PDC_SERVER[0]: Flushed region via POSIX I/O in 0.017682 s
[13:35:56.563458] [WARNING] [pdc_server_region_cache.c:850] PDC_SERVER[0]: [2026-10-07 13:35:56.563455] Flushed 16.00 / 16.00 MB to storage
[INFO] PDC_SERVER[0]: Region flush iteration took 0.017711 s
[INFO] PDC_SERVER[0]: Starting flush for obj_id 1000000003, ndim=3
[13:35:56.564505] [WARNING] [pdc_server_region_cache.c:823] PDC_SERVER[0]: Region mapping lookup took 0.000000 s
[13:35:56.564509] [WARNING] [pdc_server_region_cache.c:828] PDC_SERVER[0]: No region mapping found for obj_id 1000000003
[13:35:56.581315] [WARNING] [pdc_server_region_cache.c:834] PDC_SERVER[0]: Flushed region via POSIX I/O in 0.016799 s
[13:35:56.581323] [WARNING] [pdc_server_region_cache.c:850] PDC_SERVER[0]: [2026-10-07 13:35:56.581320] Flushed 16.00 / 16.00 MB to storage
[INFO] PDC_SERVER[0]: Region flush iteration took 0.016825 s
[INFO] PDC_SERVER[0]: Starting flush for obj_id 1000000003, ndim=3
[13:35:56.589020] [WARNING] [pdc_server_region_cache.c:823] PDC_SERVER[0]: Region mapping lookup took 0.000000 s
[13:35:56.589024] [WARNING] [pdc_server_region_cache.c:828] PDC_SERVER[0]: No region mapping found for obj_id 1000000003
[13:35:56.605336] [WARNING] [pdc_server_region_cache.c:834] PDC_SERVER[0]: Flushed region via POSIX I/O in 0.016309 s
[13:35:56.605347] [WARNING] [pdc_server_region_cache.c:850] PDC_SERVER[0]: [2026-10-07 13:35:56.605345] Flushed 16.00 / 16.00 MB to storage
[INFO] PDC_SERVER[0]: Region flush iteration took 0.016332 s
[INFO] PDC_SERVER[0]: Starting flush for obj_id 1000000003, ndim=3
[13:35:56.606283] [WARNING] [pdc_server_region_cache.c:823] PDC_SERVER[0]: Region mapping lookup took 0.000000 s
[13:35:56.606286] [WARNING] [pdc_server_region_cache.c:828] PDC_SERVER[0]: No region mapping found for obj_id 1000000003
[13:35:56.623241] [WARNING] [pdc_server_region_cache.c:834] PDC_SERVER[0]: Flushed region via POSIX I/O in 0.016952 s
[13:35:56.623251] [WARNING] [pdc_server_region_cache.c:850] PDC_SERVER[0]: [2026-10-07 13:35:56.623249] Flushed 16.00 / 16.00 MB to storage
[INFO] PDC_SERVER[0]: Region flush iteration took 0.016974 s
[INFO] PDC_SERVER[0]: Starting flush for obj_id 2000000002, ndim=3
[13:35:56.634617] [WARNING] [pdc_server_region_cache.c:823] PDC_SERVER[0]: Region mapping lookup took 0.000000 s
[13:35:56.634621] [WARNING] [pdc_server_region_cache.c:828] PDC_SERVER[0]: No region mapping found for obj_id 2000000002
[13:35:56.867446] [WARNING] [pdc_tf_server.c:393] PDC_SERVER[1]: SCHED: setting CUDA device to 0 for edge 0 func=zfp_compress
[13:35:56.867476] [WARNING] [pdc_tf_server.c:401] PDC_SERVER[1]: SCHED: executing edge 0 func=zfp_compress dev=GPU
[13:35:56.875961] [WARNING] [pdc_tf_server.c:475] PDC_SERVER[1]: SCHED: done running transformations
[INFO] PDC_SERVER[0]: Executing graph with json filepath /pscratch/sd/n/nlewi26/src/work_space/source/pdc/tf_client/graphs/zfp_gpu.json
[13:35:56.888094] [WARNING] [pdc_tf_server.c:393] PDC_SERVER[0]: SCHED: setting CUDA device to 0 for edge 0 func=zfp_compress
[13:35:56.888137] [WARNING] [pdc_tf_server.c:401] PDC_SERVER[0]: SCHED: executing edge 0 func=zfp_compress dev=GPU
[13:35:56.896625] [WARNING] [pdc_tf_server.c:475] PDC_SERVER[0]: SCHED: done running transformations
[13:35:56.905318] [WARNING] [pdc_tf_server.c:393] PDC_SERVER[2]: SCHED: setting CUDA device to 0 for edge 0 func=zfp_compress
[13:35:56.905373] [WARNING] [pdc_tf_server.c:401] PDC_SERVER[2]: SCHED: executing edge 0 func=zfp_compress dev=GPU
[13:35:56.915311] [WARNING] [pdc_tf_server.c:475] PDC_SERVER[2]: SCHED: done running transformations
[13:35:56.925149] [WARNING] [pdc_tf_server.c:393] PDC_SERVER[3]: SCHED: setting CUDA device to 0 for edge 0 func=zfp_compress
[13:35:56.925199] [WARNING] [pdc_tf_server.c:401] PDC_SERVER[3]: SCHED: executing edge 0 func=zfp_compress dev=GPU
[13:35:56.932804] [WARNING] [pdc_server_region_cache.c:834] PDC_SERVER[0]: Flushed region via POSIX I/O in 0.298169 s
[13:35:56.932823] [WARNING] [pdc_server_region_cache.c:850] PDC_SERVER[0]: [2026-10-07 13:35:56.932818] Flushed 16.00 / 16.00 MB to storage
[INFO] PDC_SERVER[0]: Region flush iteration took 0.298222 s
[13:35:56.934580] [WARNING] [pdc_tf_server.c:475] PDC_SERVER[3]: SCHED: done running transformations
[INFO] PDC_SERVER[0]: Starting flush for obj_id 2000000002, ndim=3
[13:35:56.950251] [WARNING] [pdc_server_region_cache.c:823] PDC_SERVER[0]: Region mapping lookup took 0.000000 s
[13:35:56.950257] [WARNING] [pdc_server_region_cache.c:828] PDC_SERVER[0]: No region mapping found for obj_id 2000000002
[13:35:57.200019] [WARNING] [pdc_tf_server.c:393] PDC_SERVER[1]: SCHED: setting CUDA device to 0 for edge 0 func=zfp_compress
[13:35:57.200051] [WARNING] [pdc_tf_server.c:401] PDC_SERVER[1]: SCHED: executing edge 0 func=zfp_compress dev=GPU
[13:35:57.219233] [WARNING] [pdc_tf_server.c:475] PDC_SERVER[1]: SCHED: done running transformations
[13:35:57.230177] [WARNING] [pdc_tf_server.c:393] PDC_SERVER[2]: SCHED: setting CUDA device to 0 for edge 0 func=zfp_compress
[13:35:57.230257] [WARNING] [pdc_tf_server.c:401] PDC_SERVER[2]: SCHED: executing edge 0 func=zfp_compress dev=GPU
[INFO] PDC_SERVER[0]: Executing graph with json filepath /pscratch/sd/n/nlewi26/src/work_space/source/pdc/tf_client/graphs/zfp_gpu.json
[13:35:57.241123] [WARNING] [pdc_tf_server.c:393] PDC_SERVER[0]: SCHED: setting CUDA device to 0 for edge 0 func=zfp_compress
[13:35:57.241167] [WARNING] [pdc_tf_server.c:401] PDC_SERVER[0]: SCHED: executing edge 0 func=zfp_compress dev=GPU
[13:35:57.245675] [WARNING] [pdc_tf_server.c:393] PDC_SERVER[3]: SCHED: setting CUDA device to 0 for edge 0 func=zfp_compress
[13:35:57.245701] [WARNING] [pdc_tf_server.c:401] PDC_SERVER[3]: SCHED: executing edge 0 func=zfp_compress dev=GPU
[13:35:57.249581] [WARNING] [pdc_tf_server.c:475] PDC_SERVER[2]: SCHED: done running transformations
[13:35:57.250965] [WARNING] [pdc_tf_server.c:475] PDC_SERVER[0]: SCHED: done running transformations
[13:35:57.265533] [WARNING] [pdc_tf_server.c:475] PDC_SERVER[3]: SCHED: done running transformations
[13:35:57.290858] [WARNING] [pdc_server_region_cache.c:834] PDC_SERVER[0]: Flushed region via POSIX I/O in 0.340586 s
[13:35:57.290873] [WARNING] [pdc_server_region_cache.c:850] PDC_SERVER[0]: [2026-10-07 13:35:57.290869] Flushed 16.00 / 16.00 MB to storage
[INFO] PDC_SERVER[0]: Region flush iteration took 0.340631 s
[INFO] PDC_SERVER[0]: Starting flush for obj_id 2000000002, ndim=3
[13:35:57.292533] [WARNING] [pdc_server_region_cache.c:823] PDC_SERVER[0]: Region mapping lookup took 0.000003 s
[13:35:57.292540] [WARNING] [pdc_server_region_cache.c:828] PDC_SERVER[0]: No region mapping found for obj_id 2000000002
[13:35:57.501703] [WARNING] [pdc_tf_server.c:393] PDC_SERVER[1]: SCHED: setting CUDA device to 0 for edge 0 func=zfp_compress
[13:35:57.501730] [WARNING] [pdc_tf_server.c:401] PDC_SERVER[1]: SCHED: executing edge 0 func=zfp_compress dev=GPU
[13:35:57.515795] [WARNING] [pdc_tf_server.c:475] PDC_SERVER[1]: SCHED: done running transformations
[INFO] PDC_SERVER[0]: Executing graph with json filepath /pscratch/sd/n/nlewi26/src/work_space/source/pdc/tf_client/graphs/zfp_gpu.json
[13:35:57.537585] [WARNING] [pdc_tf_server.c:393] PDC_SERVER[0]: SCHED: setting CUDA device to 0 for edge 0 func=zfp_compress
[13:35:57.537626] [WARNING] [pdc_tf_server.c:401] PDC_SERVER[0]: SCHED: executing edge 0 func=zfp_compress dev=GPU
[13:35:57.543816] [WARNING] [pdc_tf_server.c:393] PDC_SERVER[2]: SCHED: setting CUDA device to 0 for edge 0 func=zfp_compress
[13:35:57.543865] [WARNING] [pdc_tf_server.c:401] PDC_SERVER[2]: SCHED: executing edge 0 func=zfp_compress dev=GPU
[13:35:57.547150] [WARNING] [pdc_tf_server.c:475] PDC_SERVER[0]: SCHED: done running transformations
[13:35:57.554474] [WARNING] [pdc_tf_server.c:475] PDC_SERVER[2]: SCHED: done running transformations
[13:35:57.561144] [WARNING] [pdc_tf_server.c:393] PDC_SERVER[3]: SCHED: setting CUDA device to 0 for edge 0 func=zfp_compress
[13:35:57.561196] [WARNING] [pdc_tf_server.c:401] PDC_SERVER[3]: SCHED: executing edge 0 func=zfp_compress dev=GPU
[13:35:57.571195] [WARNING] [pdc_tf_server.c:475] PDC_SERVER[3]: SCHED: done running transformations
[13:35:57.582910] [WARNING] [pdc_server_region_cache.c:834] PDC_SERVER[0]: Flushed region via POSIX I/O in 0.290359 s
[13:35:57.582923] [WARNING] [pdc_server_region_cache.c:850] PDC_SERVER[0]: [2026-10-07 13:35:57.582920] Flushed 16.00 / 16.00 MB to storage
[INFO] PDC_SERVER[0]: Region flush iteration took 0.290402 s
[INFO] PDC_SERVER[0]: Starting flush for obj_id 2000000002, ndim=3
[13:35:57.584552] [WARNING] [pdc_server_region_cache.c:823] PDC_SERVER[0]: Region mapping lookup took 0.000001 s
[13:35:57.584557] [WARNING] [pdc_server_region_cache.c:828] PDC_SERVER[0]: No region mapping found for obj_id 2000000002
[13:35:57.798306] [WARNING] [pdc_tf_server.c:393] PDC_SERVER[1]: SCHED: setting CUDA device to 0 for edge 0 func=zfp_compress
[13:35:57.798334] [WARNING] [pdc_tf_server.c:401] PDC_SERVER[1]: SCHED: executing edge 0 func=zfp_compress dev=GPU
[13:35:57.814623] [WARNING] [pdc_tf_server.c:475] PDC_SERVER[1]: SCHED: done running transformations
[INFO] PDC_SERVER[0]: Executing graph with json filepath /pscratch/sd/n/nlewi26/src/work_space/source/pdc/tf_client/graphs/zfp_gpu.json
[13:35:57.830030] [WARNING] [pdc_tf_server.c:393] PDC_SERVER[0]: SCHED: setting CUDA device to 0 for edge 0 func=zfp_compress
[13:35:57.830068] [WARNING] [pdc_tf_server.c:401] PDC_SERVER[0]: SCHED: executing edge 0 func=zfp_compress dev=GPU
[13:35:57.845948] [WARNING] [pdc_tf_server.c:475] PDC_SERVER[0]: SCHED: done running transformations
[13:35:57.854846] [WARNING] [pdc_tf_server.c:393] PDC_SERVER[2]: SCHED: setting CUDA device to 0 for edge 0 func=zfp_compress
[13:35:57.854875] [WARNING] [pdc_tf_server.c:401] PDC_SERVER[2]: SCHED: executing edge 0 func=zfp_compress dev=GPU
[13:35:57.863987] [WARNING] [pdc_tf_server.c:393] PDC_SERVER[3]: SCHED: setting CUDA device to 0 for edge 0 func=zfp_compress
[13:35:57.864055] [WARNING] [pdc_tf_server.c:401] PDC_SERVER[3]: SCHED: executing edge 0 func=zfp_compress dev=GPU
[13:35:57.865505] [WARNING] [pdc_tf_server.c:475] PDC_SERVER[2]: SCHED: done running transformations
[13:35:57.875190] [WARNING] [pdc_tf_server.c:475] PDC_SERVER[3]: SCHED: done running transformations
[13:35:57.881608] [WARNING] [pdc_server_region_cache.c:834] PDC_SERVER[0]: Flushed region via POSIX I/O in 0.297041 s
[13:35:57.881631] [WARNING] [pdc_server_region_cache.c:850] PDC_SERVER[0]: [2026-10-07 13:35:57.881622] Flushed 16.00 / 16.00 MB to storage
[INFO] PDC_SERVER[0]: Region flush iteration took 0.297088 s
[INFO] PDC_SERVER[0]: Starting flush for obj_id 2000000002, ndim=3
[13:35:57.886948] [WARNING] [pdc_server_region_cache.c:823] PDC_SERVER[0]: Region mapping lookup took 0.000000 s
[13:35:57.886953] [WARNING] [pdc_server_region_cache.c:828] PDC_SERVER[0]: No region mapping found for obj_id 2000000002
[13:35:58.102399] [WARNING] [pdc_tf_server.c:393] PDC_SERVER[1]: SCHED: setting CUDA device to 0 for edge 0 func=zfp_compress
[13:35:58.102425] [WARNING] [pdc_tf_server.c:401] PDC_SERVER[1]: SCHED: executing edge 0 func=zfp_compress dev=GPU
[13:35:58.111988] [WARNING] [pdc_tf_server.c:475] PDC_SERVER[1]: SCHED: done running transformations
[INFO] PDC_SERVER[0]: Executing graph with json filepath /pscratch/sd/n/nlewi26/src/work_space/source/pdc/tf_client/graphs/zfp_gpu.json
[13:35:58.131038] [WARNING] [pdc_tf_server.c:393] PDC_SERVER[0]: SCHED: setting CUDA device to 0 for edge 0 func=zfp_compress
[13:35:58.131052] [WARNING] [pdc_tf_server.c:401] PDC_SERVER[0]: SCHED: executing edge 0 func=zfp_compress dev=GPU
[13:35:58.140336] [WARNING] [pdc_tf_server.c:475] PDC_SERVER[0]: SCHED: done running transformations
[13:35:58.168819] [WARNING] [pdc_tf_server.c:393] PDC_SERVER[2]: SCHED: setting CUDA device to 0 for edge 0 func=zfp_compress
[13:35:58.168877] [WARNING] [pdc_tf_server.c:401] PDC_SERVER[2]: SCHED: executing edge 0 func=zfp_compress dev=GPU
[13:35:58.175765] [WARNING] [pdc_server_region_cache.c:834] PDC_SERVER[0]: Flushed region via POSIX I/O in 0.288799 s
[13:35:58.175780] [WARNING] [pdc_server_region_cache.c:850] PDC_SERVER[0]: [2026-10-07 13:35:58.175777] Flushed 16.00 / 16.00 MB to storage
[INFO] PDC_SERVER[0]: Region flush iteration took 0.288839 s
[INFO] PDC_SERVER[0]: Starting flush for obj_id 2000000002, ndim=3
[13:35:58.177425] [WARNING] [pdc_server_region_cache.c:823] PDC_SERVER[0]: Region mapping lookup took 0.000001 s
[13:35:58.177429] [WARNING] [pdc_server_region_cache.c:828] PDC_SERVER[0]: No region mapping found for obj_id 2000000002
[13:35:58.179779] [WARNING] [pdc_tf_server.c:475] PDC_SERVER[2]: SCHED: done running transformations
[13:35:58.186317] [WARNING] [pdc_tf_server.c:393] PDC_SERVER[3]: SCHED: setting CUDA device to 0 for edge 0 func=zfp_compress
[13:35:58.186351] [WARNING] [pdc_tf_server.c:401] PDC_SERVER[3]: SCHED: executing edge 0 func=zfp_compress dev=GPU
[13:35:58.196524] [WARNING] [pdc_tf_server.c:475] PDC_SERVER[3]: SCHED: done running transformations
[13:35:58.393799] [WARNING] [pdc_tf_server.c:393] PDC_SERVER[1]: SCHED: setting CUDA device to 0 for edge 0 func=zfp_compress
[13:35:58.393827] [WARNING] [pdc_tf_server.c:401] PDC_SERVER[1]: SCHED: executing edge 0 func=zfp_compress dev=GPU
[13:35:58.404826] [WARNING] [pdc_tf_server.c:475] PDC_SERVER[1]: SCHED: done running transformations
[INFO] PDC_SERVER[0]: Executing graph with json filepath /pscratch/sd/n/nlewi26/src/work_space/source/pdc/tf_client/graphs/zfp_gpu.json
[13:35:58.423215] [WARNING] [pdc_tf_server.c:393] PDC_SERVER[0]: SCHED: setting CUDA device to 0 for edge 0 func=zfp_compress
[13:35:58.423229] [WARNING] [pdc_tf_server.c:401] PDC_SERVER[0]: SCHED: executing edge 0 func=zfp_compress dev=GPU
[13:35:58.432464] [WARNING] [pdc_tf_server.c:475] PDC_SERVER[0]: SCHED: done running transformations
[13:35:58.468010] [WARNING] [pdc_server_region_cache.c:834] PDC_SERVER[0]: Flushed region via POSIX I/O in 0.290571 s
[13:35:58.468024] [WARNING] [pdc_server_region_cache.c:850] PDC_SERVER[0]: [2026-10-07 13:35:58.468020] Flushed 16.00 / 16.00 MB to storage
[INFO] PDC_SERVER[0]: Region flush iteration took 0.290608 s
[INFO] PDC_SERVER[0]: Starting flush for obj_id 2000000002, ndim=3
[13:35:58.469609] [WARNING] [pdc_server_region_cache.c:823] PDC_SERVER[0]: Region mapping lookup took 0.000001 s
[13:35:58.469614] [WARNING] [pdc_server_region_cache.c:828] PDC_SERVER[0]: No region mapping found for obj_id 2000000002
[13:35:58.480106] [WARNING] [pdc_tf_server.c:393] PDC_SERVER[2]: SCHED: setting CUDA device to 0 for edge 0 func=zfp_compress
[13:35:58.480133] [WARNING] [pdc_tf_server.c:401] PDC_SERVER[2]: SCHED: executing edge 0 func=zfp_compress dev=GPU
[13:35:58.499745] [WARNING] [pdc_tf_server.c:393] PDC_SERVER[3]: SCHED: setting CUDA device to 0 for edge 0 func=zfp_compress
[13:35:58.499807] [WARNING] [pdc_tf_server.c:401] PDC_SERVER[3]: SCHED: executing edge 0 func=zfp_compress dev=GPU
[13:35:58.500243] [WARNING] [pdc_tf_server.c:475] PDC_SERVER[2]: SCHED: done running transformations
[13:35:58.525663] [WARNING] [pdc_tf_server.c:475] PDC_SERVER[3]: SCHED: done running transformations
[13:35:58.703016] [WARNING] [pdc_tf_server.c:393] PDC_SERVER[1]: SCHED: setting CUDA device to 0 for edge 0 func=zfp_compress
[13:35:58.703045] [WARNING] [pdc_tf_server.c:401] PDC_SERVER[1]: SCHED: executing edge 0 func=zfp_compress dev=GPU
[INFO] PDC_SERVER[0]: Executing graph with json filepath /pscratch/sd/n/nlewi26/src/work_space/source/pdc/tf_client/graphs/zfp_gpu.json
[13:35:58.714564] [WARNING] [pdc_tf_server.c:393] PDC_SERVER[0]: SCHED: setting CUDA device to 0 for edge 0 func=zfp_compress
[13:35:58.714602] [WARNING] [pdc_tf_server.c:401] PDC_SERVER[0]: SCHED: executing edge 0 func=zfp_compress dev=GPU
[13:35:58.722067] [WARNING] [pdc_tf_server.c:475] PDC_SERVER[1]: SCHED: done running transformations
[13:35:58.732786] [WARNING] [pdc_tf_server.c:475] PDC_SERVER[0]: SCHED: done running transformations
[13:35:58.770038] [WARNING] [pdc_server_region_cache.c:834] PDC_SERVER[0]: Flushed region via POSIX I/O in 0.300413 s
[13:35:58.770052] [WARNING] [pdc_server_region_cache.c:850] PDC_SERVER[0]: [2026-10-07 13:35:58.770048] Flushed 16.00 / 16.00 MB to storage
[INFO] PDC_SERVER[0]: Region flush iteration took 0.300450 s
[INFO] PDC_SERVER[0]: Starting flush for obj_id 2000000002, ndim=3
[13:35:58.771751] [WARNING] [pdc_server_region_cache.c:823] PDC_SERVER[0]: Region mapping lookup took 0.000001 s
[13:35:58.771756] [WARNING] [pdc_server_region_cache.c:828] PDC_SERVER[0]: No region mapping found for obj_id 2000000002
[13:35:58.792945] [WARNING] [pdc_tf_server.c:393] PDC_SERVER[2]: SCHED: setting CUDA device to 0 for edge 0 func=zfp_compress
[13:35:58.793000] [WARNING] [pdc_tf_server.c:401] PDC_SERVER[2]: SCHED: executing edge 0 func=zfp_compress dev=GPU
[13:35:58.803932] [WARNING] [pdc_tf_server.c:475] PDC_SERVER[2]: SCHED: done running transformations
[13:35:58.828760] [WARNING] [pdc_tf_server.c:393] PDC_SERVER[3]: SCHED: setting CUDA device to 0 for edge 0 func=zfp_compress
[13:35:58.828784] [WARNING] [pdc_tf_server.c:401] PDC_SERVER[3]: SCHED: executing edge 0 func=zfp_compress dev=GPU
[13:35:58.839195] [WARNING] [pdc_tf_server.c:475] PDC_SERVER[3]: SCHED: done running transformations
[13:35:59.007215] [WARNING] [pdc_tf_server.c:393] PDC_SERVER[1]: SCHED: setting CUDA device to 0 for edge 0 func=zfp_compress
[13:35:59.007243] [WARNING] [pdc_tf_server.c:401] PDC_SERVER[1]: SCHED: executing edge 0 func=zfp_compress dev=GPU
[13:35:59.016270] [WARNING] [pdc_tf_server.c:475] PDC_SERVER[1]: SCHED: done running transformations
[INFO] PDC_SERVER[0]: Executing graph with json filepath /pscratch/sd/n/nlewi26/src/work_space/source/pdc/tf_client/graphs/zfp_gpu.json
[13:35:59.017662] [WARNING] [pdc_tf_server.c:393] PDC_SERVER[0]: SCHED: setting CUDA device to 0 for edge 0 func=zfp_compress
[13:35:59.017677] [WARNING] [pdc_tf_server.c:401] PDC_SERVER[0]: SCHED: executing edge 0 func=zfp_compress dev=GPU
[13:35:59.026829] [WARNING] [pdc_tf_server.c:475] PDC_SERVER[0]: SCHED: done running transformations
[13:35:59.063675] [WARNING] [pdc_server_region_cache.c:834] PDC_SERVER[0]: Flushed region via POSIX I/O in 0.291909 s
[13:35:59.063689] [WARNING] [pdc_server_region_cache.c:850] PDC_SERVER[0]: [2026-10-07 13:35:59.063686] Flushed 16.00 / 16.00 MB to storage
[INFO] PDC_SERVER[0]: Region flush iteration took 0.291947 s
[INFO] PDC_SERVER[0]: Starting flush for obj_id 2000000002, ndim=3
[13:35:59.065282] [WARNING] [pdc_server_region_cache.c:823] PDC_SERVER[0]: Region mapping lookup took 0.000001 s
[13:35:59.065287] [WARNING] [pdc_server_region_cache.c:828] PDC_SERVER[0]: No region mapping found for obj_id 2000000002
[13:35:59.094834] [WARNING] [pdc_tf_server.c:393] PDC_SERVER[2]: SCHED: setting CUDA device to 0 for edge 0 func=zfp_compress
[13:35:59.094860] [WARNING] [pdc_tf_server.c:401] PDC_SERVER[2]: SCHED: executing edge 0 func=zfp_compress dev=GPU
[13:35:59.105451] [WARNING] [pdc_tf_server.c:475] PDC_SERVER[2]: SCHED: done running transformations
[13:35:59.137910] [WARNING] [pdc_tf_server.c:393] PDC_SERVER[3]: SCHED: setting CUDA device to 0 for edge 0 func=zfp_compress
[13:35:59.137935] [WARNING] [pdc_tf_server.c:401] PDC_SERVER[3]: SCHED: executing edge 0 func=zfp_compress dev=GPU
[13:35:59.148987] [WARNING] [pdc_tf_server.c:475] PDC_SERVER[3]: SCHED: done running transformations
[13:35:59.301775] [WARNING] [pdc_tf_server.c:393] PDC_SERVER[1]: SCHED: setting CUDA device to 0 for edge 0 func=zfp_compress
[13:35:59.301802] [WARNING] [pdc_tf_server.c:401] PDC_SERVER[1]: SCHED: executing edge 0 func=zfp_compress dev=GPU
[INFO] PDC_SERVER[0]: Executing graph with json filepath /pscratch/sd/n/nlewi26/src/work_space/source/pdc/tf_client/graphs/zfp_gpu.json
[13:35:59.311660] [WARNING] [pdc_tf_server.c:393] PDC_SERVER[0]: SCHED: setting CUDA device to 0 for edge 0 func=zfp_compress
[13:35:59.311674] [WARNING] [pdc_tf_server.c:401] PDC_SERVER[0]: SCHED: executing edge 0 func=zfp_compress dev=GPU
[13:35:59.311846] [WARNING] [pdc_tf_server.c:475] PDC_SERVER[1]: SCHED: done running transformations
[13:35:59.322065] [WARNING] [pdc_tf_server.c:475] PDC_SERVER[0]: SCHED: done running transformations
[13:35:59.357384] [WARNING] [pdc_server_region_cache.c:834] PDC_SERVER[0]: Flushed region via POSIX I/O in 0.292085 s
[13:35:59.357399] [WARNING] [pdc_server_region_cache.c:850] PDC_SERVER[0]: [2026-10-07 13:35:59.357396] Flushed 16.00 / 16.00 MB to storage
[INFO] PDC_SERVER[0]: Region flush iteration took 0.292126 s
[INFO] PDC_SERVER[0]: Starting flush for obj_id 2000000002, ndim=3
[13:35:59.358966] [WARNING] [pdc_server_region_cache.c:823] PDC_SERVER[0]: Region mapping lookup took 0.000001 s
[13:35:59.358971] [WARNING] [pdc_server_region_cache.c:828] PDC_SERVER[0]: No region mapping found for obj_id 2000000002
[13:35:59.402658] [WARNING] [pdc_tf_server.c:393] PDC_SERVER[2]: SCHED: setting CUDA device to 0 for edge 0 func=zfp_compress
[13:35:59.402687] [WARNING] [pdc_tf_server.c:401] PDC_SERVER[2]: SCHED: executing edge 0 func=zfp_compress dev=GPU
[13:35:59.421569] [WARNING] [pdc_tf_server.c:475] PDC_SERVER[2]: SCHED: done running transformations
[13:35:59.440799] [WARNING] [pdc_tf_server.c:393] PDC_SERVER[3]: SCHED: setting CUDA device to 0 for edge 0 func=zfp_compress
[13:35:59.440824] [WARNING] [pdc_tf_server.c:401] PDC_SERVER[3]: SCHED: executing edge 0 func=zfp_compress dev=GPU
[13:35:59.457497] [WARNING] [pdc_tf_server.c:475] PDC_SERVER[3]: SCHED: done running transformations
[13:35:59.596275] [WARNING] [pdc_tf_server.c:393] PDC_SERVER[1]: SCHED: setting CUDA device to 0 for edge 0 func=zfp_compress
[13:35:59.596303] [WARNING] [pdc_tf_server.c:401] PDC_SERVER[1]: SCHED: executing edge 0 func=zfp_compress dev=GPU
[INFO] PDC_SERVER[0]: Executing graph with json filepath /pscratch/sd/n/nlewi26/src/work_space/source/pdc/tf_client/graphs/zfp_gpu.json
[13:35:59.603572] [WARNING] [pdc_tf_server.c:393] PDC_SERVER[0]: SCHED: setting CUDA device to 0 for edge 0 func=zfp_compress
[13:35:59.603611] [WARNING] [pdc_tf_server.c:401] PDC_SERVER[0]: SCHED: executing edge 0 func=zfp_compress dev=GPU
[13:35:59.614284] [WARNING] [pdc_tf_server.c:475] PDC_SERVER[1]: SCHED: done running transformations
[13:35:59.619758] [WARNING] [pdc_tf_server.c:475] PDC_SERVER[0]: SCHED: done running transformations
[13:35:59.655627] [WARNING] [pdc_server_region_cache.c:834] PDC_SERVER[0]: Flushed region via POSIX I/O in 0.296646 s
[13:35:59.655641] [WARNING] [pdc_server_region_cache.c:850] PDC_SERVER[0]: [2026-10-07 13:35:59.655638] Flushed 16.00 / 16.00 MB to storage
[INFO] PDC_SERVER[0]: Region flush iteration took 0.296684 s
[INFO] PDC_SERVER[0]: Starting flush for obj_id 2000000002, ndim=3
[13:35:59.657342] [WARNING] [pdc_server_region_cache.c:823] PDC_SERVER[0]: Region mapping lookup took 0.000001 s
[13:35:59.657346] [WARNING] [pdc_server_region_cache.c:828] PDC_SERVER[0]: No region mapping found for obj_id 2000000002
[13:35:59.711665] [WARNING] [pdc_tf_server.c:393] PDC_SERVER[2]: SCHED: setting CUDA device to 0 for edge 0 func=zfp_compress
[13:35:59.711720] [WARNING] [pdc_tf_server.c:401] PDC_SERVER[2]: SCHED: executing edge 0 func=zfp_compress dev=GPU
[13:35:59.722437] [WARNING] [pdc_tf_server.c:475] PDC_SERVER[2]: SCHED: done running transformations
[13:35:59.752437] [WARNING] [pdc_tf_server.c:393] PDC_SERVER[3]: SCHED: setting CUDA device to 0 for edge 0 func=zfp_compress
[13:35:59.752488] [WARNING] [pdc_tf_server.c:401] PDC_SERVER[3]: SCHED: executing edge 0 func=zfp_compress dev=GPU
[13:35:59.767300] [WARNING] [pdc_tf_server.c:475] PDC_SERVER[3]: SCHED: done running transformations
[INFO] PDC_SERVER[0]: Executing graph with json filepath /pscratch/sd/n/nlewi26/src/work_space/source/pdc/tf_client/graphs/zfp_gpu.json
[13:35:59.906164] [WARNING] [pdc_tf_server.c:393] PDC_SERVER[0]: SCHED: setting CUDA device to 0 for edge 0 func=zfp_compress
[13:35:59.906179] [WARNING] [pdc_tf_server.c:401] PDC_SERVER[0]: SCHED: executing edge 0 func=zfp_compress dev=GPU
[13:35:59.907068] [WARNING] [pdc_tf_server.c:393] PDC_SERVER[1]: SCHED: setting CUDA device to 0 for edge 0 func=zfp_compress
[13:35:59.907096] [WARNING] [pdc_tf_server.c:401] PDC_SERVER[1]: SCHED: executing edge 0 func=zfp_compress dev=GPU
[13:35:59.927779] [WARNING] [pdc_tf_server.c:475] PDC_SERVER[1]: SCHED: done running transformations
[13:35:59.930500] [WARNING] [pdc_tf_server.c:475] PDC_SERVER[0]: SCHED: done running transformations
[13:35:59.966605] [WARNING] [pdc_server_region_cache.c:834] PDC_SERVER[0]: Flushed region via POSIX I/O in 0.309250 s
[13:35:59.966625] [WARNING] [pdc_server_region_cache.c:850] PDC_SERVER[0]: [2026-10-07 13:35:59.966616] Flushed 16.00 / 16.00 MB to storage
[INFO] PDC_SERVER[0]: Region flush iteration took 0.309291 s
[INFO] PDC_SERVER[0]: Starting flush for obj_id 2000000002, ndim=3
[13:35:59.968151] [WARNING] [pdc_server_region_cache.c:823] PDC_SERVER[0]: Region mapping lookup took 0.000001 s
[13:35:59.968156] [WARNING] [pdc_server_region_cache.c:828] PDC_SERVER[0]: No region mapping found for obj_id 2000000002
[13:36:00.021414] [WARNING] [pdc_tf_server.c:393] PDC_SERVER[2]: SCHED: setting CUDA device to 0 for edge 0 func=zfp_compress
[13:36:00.021438] [WARNING] [pdc_tf_server.c:401] PDC_SERVER[2]: SCHED: executing edge 0 func=zfp_compress dev=GPU
[13:36:00.032069] [WARNING] [pdc_tf_server.c:475] PDC_SERVER[2]: SCHED: done running transformations
[13:36:00.057929] [WARNING] [pdc_tf_server.c:393] PDC_SERVER[3]: SCHED: setting CUDA device to 0 for edge 0 func=zfp_compress
[13:36:00.057954] [WARNING] [pdc_tf_server.c:401] PDC_SERVER[3]: SCHED: executing edge 0 func=zfp_compress dev=GPU
[13:36:00.068404] [WARNING] [pdc_tf_server.c:475] PDC_SERVER[3]: SCHED: done running transformations
[INFO] PDC_SERVER[0]: Executing graph with json filepath /pscratch/sd/n/nlewi26/src/work_space/source/pdc/tf_client/graphs/zfp_gpu.json
[13:36:00.211700] [WARNING] [pdc_tf_server.c:393] PDC_SERVER[0]: SCHED: setting CUDA device to 0 for edge 0 func=zfp_compress
[13:36:00.211715] [WARNING] [pdc_tf_server.c:401] PDC_SERVER[0]: SCHED: executing edge 0 func=zfp_compress dev=GPU
[13:36:00.215415] [WARNING] [pdc_tf_server.c:393] PDC_SERVER[1]: SCHED: setting CUDA device to 0 for edge 0 func=zfp_compress
[13:36:00.215447] [WARNING] [pdc_tf_server.c:401] PDC_SERVER[1]: SCHED: executing edge 0 func=zfp_compress dev=GPU
[13:36:00.229070] [WARNING] [pdc_tf_server.c:475] PDC_SERVER[0]: SCHED: done running transformations
[13:36:00.234024] [WARNING] [pdc_tf_server.c:475] PDC_SERVER[1]: SCHED: done running transformations
[13:36:00.265381] [WARNING] [pdc_server_region_cache.c:834] PDC_SERVER[0]: Flushed region via POSIX I/O in 0.297215 s
[13:36:00.265397] [WARNING] [pdc_server_region_cache.c:850] PDC_SERVER[0]: [2026-10-07 13:36:00.265393] Flushed 16.00 / 16.00 MB to storage
[INFO] PDC_SERVER[0]: Region flush iteration took 0.297254 s
[INFO] PDC_SERVER[0]: Starting flush for obj_id 2000000002, ndim=3
[13:36:00.267023] [WARNING] [pdc_server_region_cache.c:823] PDC_SERVER[0]: Region mapping lookup took 0.000001 s
[13:36:00.267028] [WARNING] [pdc_server_region_cache.c:828] PDC_SERVER[0]: No region mapping found for obj_id 2000000002
[13:36:00.323891] [WARNING] [pdc_tf_server.c:393] PDC_SERVER[2]: SCHED: setting CUDA device to 0 for edge 0 func=zfp_compress
[13:36:00.323918] [WARNING] [pdc_tf_server.c:401] PDC_SERVER[2]: SCHED: executing edge 0 func=zfp_compress dev=GPU
[13:36:00.342487] [WARNING] [pdc_tf_server.c:475] PDC_SERVER[2]: SCHED: done running transformations
[13:36:00.360675] [WARNING] [pdc_tf_server.c:393] PDC_SERVER[3]: SCHED: setting CUDA device to 0 for edge 0 func=zfp_compress
[13:36:00.360701] [WARNING] [pdc_tf_server.c:401] PDC_SERVER[3]: SCHED: executing edge 0 func=zfp_compress dev=GPU
[13:36:00.370756] [WARNING] [pdc_tf_server.c:475] PDC_SERVER[3]: SCHED: done running transformations
[INFO] PDC_SERVER[0]: Executing graph with json filepath /pscratch/sd/n/nlewi26/src/work_space/source/pdc/tf_client/graphs/zfp_gpu.json
[13:36:00.510993] [WARNING] [pdc_tf_server.c:393] PDC_SERVER[0]: SCHED: setting CUDA device to 0 for edge 0 func=zfp_compress
[13:36:00.511031] [WARNING] [pdc_tf_server.c:401] PDC_SERVER[0]: SCHED: executing edge 0 func=zfp_compress dev=GPU
[13:36:00.515403] [WARNING] [pdc_tf_server.c:393] PDC_SERVER[1]: SCHED: setting CUDA device to 0 for edge 0 func=zfp_compress
[13:36:00.515437] [WARNING] [pdc_tf_server.c:401] PDC_SERVER[1]: SCHED: executing edge 0 func=zfp_compress dev=GPU
[13:36:00.520087] [WARNING] [pdc_tf_server.c:475] PDC_SERVER[0]: SCHED: done running transformations
[13:36:00.524922] [WARNING] [pdc_tf_server.c:475] PDC_SERVER[1]: SCHED: done running transformations
[13:36:00.556909] [WARNING] [pdc_server_region_cache.c:834] PDC_SERVER[0]: Flushed region via POSIX I/O in 0.289867 s
[13:36:00.556927] [WARNING] [pdc_server_region_cache.c:850] PDC_SERVER[0]: [2026-10-07 13:36:00.556923] Flushed 16.00 / 16.00 MB to storage
[INFO] PDC_SERVER[0]: Region flush iteration took 0.289917 s
[INFO] PDC_SERVER[0]: Starting flush for obj_id 2000000002, ndim=3
[13:36:00.558452] [WARNING] [pdc_server_region_cache.c:823] PDC_SERVER[0]: Region mapping lookup took 0.000001 s
[13:36:00.558457] [WARNING] [pdc_server_region_cache.c:828] PDC_SERVER[0]: No region mapping found for obj_id 2000000002
[13:36:00.633543] [WARNING] [pdc_tf_server.c:393] PDC_SERVER[2]: SCHED: setting CUDA device to 0 for edge 0 func=zfp_compress
[13:36:00.633579] [WARNING] [pdc_tf_server.c:401] PDC_SERVER[2]: SCHED: executing edge 0 func=zfp_compress dev=GPU
[13:36:00.645297] [WARNING] [pdc_tf_server.c:475] PDC_SERVER[2]: SCHED: done running transformations
[13:36:00.664519] [WARNING] [pdc_tf_server.c:393] PDC_SERVER[3]: SCHED: setting CUDA device to 0 for edge 0 func=zfp_compress
[13:36:00.664574] [WARNING] [pdc_tf_server.c:401] PDC_SERVER[3]: SCHED: executing edge 0 func=zfp_compress dev=GPU
[13:36:00.678699] [WARNING] [pdc_tf_server.c:475] PDC_SERVER[3]: SCHED: done running transformations
[INFO] PDC_SERVER[0]: Executing graph with json filepath /pscratch/sd/n/nlewi26/src/work_space/source/pdc/tf_client/graphs/zfp_gpu.json
[13:36:00.803009] [WARNING] [pdc_tf_server.c:393] PDC_SERVER[0]: SCHED: setting CUDA device to 0 for edge 0 func=zfp_compress
[13:36:00.803024] [WARNING] [pdc_tf_server.c:401] PDC_SERVER[0]: SCHED: executing edge 0 func=zfp_compress dev=GPU
[13:36:00.811921] [WARNING] [pdc_tf_server.c:475] PDC_SERVER[0]: SCHED: done running transformations
[13:36:00.827072] [WARNING] [pdc_tf_server.c:393] PDC_SERVER[1]: SCHED: setting CUDA device to 0 for edge 0 func=zfp_compress
[13:36:00.827107] [WARNING] [pdc_tf_server.c:401] PDC_SERVER[1]: SCHED: executing edge 0 func=zfp_compress dev=GPU
[13:36:00.836208] [WARNING] [pdc_tf_server.c:475] PDC_SERVER[1]: SCHED: done running transformations
[13:36:00.847025] [WARNING] [pdc_server_region_cache.c:834] PDC_SERVER[0]: Flushed region via POSIX I/O in 0.288556 s
[13:36:00.847041] [WARNING] [pdc_server_region_cache.c:850] PDC_SERVER[0]: [2026-10-07 13:36:00.847037] Flushed 16.00 / 16.00 MB to storage
[INFO] PDC_SERVER[0]: Region flush iteration took 0.288598 s
[INFO] PDC_SERVER[0]: Starting flush for obj_id 2000000002, ndim=3
[13:36:00.848578] [WARNING] [pdc_server_region_cache.c:823] PDC_SERVER[0]: Region mapping lookup took 0.000001 s
[13:36:00.848583] [WARNING] [pdc_server_region_cache.c:828] PDC_SERVER[0]: No region mapping found for obj_id 2000000002
[13:36:00.939739] [WARNING] [pdc_tf_server.c:393] PDC_SERVER[2]: SCHED: setting CUDA device to 0 for edge 0 func=zfp_compress
[13:36:00.939769] [WARNING] [pdc_tf_server.c:401] PDC_SERVER[2]: SCHED: executing edge 0 func=zfp_compress dev=GPU
[13:36:00.950791] [WARNING] [pdc_tf_server.c:475] PDC_SERVER[2]: SCHED: done running transformations
[13:36:00.971892] [WARNING] [pdc_tf_server.c:393] PDC_SERVER[3]: SCHED: setting CUDA device to 0 for edge 0 func=zfp_compress
[13:36:00.971918] [WARNING] [pdc_tf_server.c:401] PDC_SERVER[3]: SCHED: executing edge 0 func=zfp_compress dev=GPU
[13:36:00.981386] [WARNING] [pdc_tf_server.c:475] PDC_SERVER[3]: SCHED: done running transformations
[INFO] PDC_SERVER[0]: Executing graph with json filepath /pscratch/sd/n/nlewi26/src/work_space/source/pdc/tf_client/graphs/zfp_gpu.json
[13:36:01.093268] [WARNING] [pdc_tf_server.c:393] PDC_SERVER[0]: SCHED: setting CUDA device to 0 for edge 0 func=zfp_compress
[13:36:01.093282] [WARNING] [pdc_tf_server.c:401] PDC_SERVER[0]: SCHED: executing edge 0 func=zfp_compress dev=GPU
[13:36:01.112056] [WARNING] [pdc_tf_server.c:475] PDC_SERVER[0]: SCHED: done running transformations
[13:36:01.119878] [WARNING] [pdc_tf_server.c:393] PDC_SERVER[1]: SCHED: setting CUDA device to 0 for edge 0 func=zfp_compress
[13:36:01.119903] [WARNING] [pdc_tf_server.c:401] PDC_SERVER[1]: SCHED: executing edge 0 func=zfp_compress dev=GPU
[13:36:01.135407] [WARNING] [pdc_tf_server.c:475] PDC_SERVER[1]: SCHED: done running transformations
[13:36:01.149021] [WARNING] [pdc_server_region_cache.c:834] PDC_SERVER[0]: Flushed region via POSIX I/O in 0.300427 s
[13:36:01.149036] [WARNING] [pdc_server_region_cache.c:850] PDC_SERVER[0]: [2026-10-07 13:36:01.149032] Flushed 16.00 / 16.00 MB to storage
[INFO] PDC_SERVER[0]: Region flush iteration took 0.300466 s
[INFO] PDC_SERVER[0]: Starting flush for obj_id 2000000002, ndim=3
[13:36:01.150602] [WARNING] [pdc_server_region_cache.c:823] PDC_SERVER[0]: Region mapping lookup took 0.000001 s
[13:36:01.150607] [WARNING] [pdc_server_region_cache.c:828] PDC_SERVER[0]: No region mapping found for obj_id 2000000002
[13:36:01.254728] [WARNING] [pdc_tf_server.c:393] PDC_SERVER[2]: SCHED: setting CUDA device to 0 for edge 0 func=zfp_compress
[13:36:01.254753] [WARNING] [pdc_tf_server.c:401] PDC_SERVER[2]: SCHED: executing edge 0 func=zfp_compress dev=GPU
[13:36:01.265631] [WARNING] [pdc_tf_server.c:475] PDC_SERVER[2]: SCHED: done running transformations
[13:36:01.274645] [WARNING] [pdc_tf_server.c:393] PDC_SERVER[3]: SCHED: setting CUDA device to 0 for edge 0 func=zfp_compress
[13:36:01.274670] [WARNING] [pdc_tf_server.c:401] PDC_SERVER[3]: SCHED: executing edge 0 func=zfp_compress dev=GPU
[13:36:01.284366] [WARNING] [pdc_tf_server.c:475] PDC_SERVER[3]: SCHED: done running transformations
[INFO] PDC_SERVER[0]: Executing graph with json filepath /pscratch/sd/n/nlewi26/src/work_space/source/pdc/tf_client/graphs/zfp_gpu.json
[13:36:01.394259] [WARNING] [pdc_tf_server.c:393] PDC_SERVER[0]: SCHED: setting CUDA device to 0 for edge 0 func=zfp_compress
[13:36:01.394274] [WARNING] [pdc_tf_server.c:401] PDC_SERVER[0]: SCHED: executing edge 0 func=zfp_compress dev=GPU
[13:36:01.403109] [WARNING] [pdc_tf_server.c:475] PDC_SERVER[0]: SCHED: done running transformations
[13:36:01.414502] [WARNING] [pdc_tf_server.c:393] PDC_SERVER[1]: SCHED: setting CUDA device to 0 for edge 0 func=zfp_compress
[13:36:01.414528] [WARNING] [pdc_tf_server.c:401] PDC_SERVER[1]: SCHED: executing edge 0 func=zfp_compress dev=GPU
[13:36:01.423523] [WARNING] [pdc_tf_server.c:475] PDC_SERVER[1]: SCHED: done running transformations
[13:36:01.438521] [WARNING] [pdc_server_region_cache.c:834] PDC_SERVER[0]: Flushed region via POSIX I/O in 0.287903 s
[13:36:01.438538] [WARNING] [pdc_server_region_cache.c:850] PDC_SERVER[0]: [2026-10-07 13:36:01.438534] Flushed 16.00 / 16.00 MB to storage
[INFO] PDC_SERVER[0]: Region flush iteration took 0.287944 s
[13:36:01.560019] [WARNING] [pdc_tf_server.c:393] PDC_SERVER[2]: SCHED: setting CUDA device to 0 for edge 0 func=zfp_compress
[13:36:01.560069] [WARNING] [pdc_tf_server.c:401] PDC_SERVER[2]: SCHED: executing edge 0 func=zfp_compress dev=GPU
[13:36:01.578371] [WARNING] [pdc_tf_server.c:393] PDC_SERVER[3]: SCHED: setting CUDA device to 0 for edge 0 func=zfp_compress
[13:36:01.578397] [WARNING] [pdc_tf_server.c:401] PDC_SERVER[3]: SCHED: executing edge 0 func=zfp_compress dev=GPU
[13:36:01.580384] [WARNING] [pdc_tf_server.c:475] PDC_SERVER[2]: SCHED: done running transformations
[13:36:01.603839] [WARNING] [pdc_tf_server.c:475] PDC_SERVER[3]: SCHED: done running transformations
[INFO] PDC_SERVER[0]: Fetching region for obj_id=1000000005
[INFO] PDC_SERVER[0]: Checking against Object 2000000000
[INFO] PDC_SERVER[0]: Checking against Object 3000000000
[INFO] PDC_SERVER[0]: Checking against Object 4000000000
[INFO] PDC_SERVER[0]: Checking against Object 3000000003
[INFO] PDC_SERVER[0]: Checking against Object 4000000002
[INFO] PDC_SERVER[0]: Checking against Object 1000000001
[INFO] PDC_SERVER[0]: Checking against Object 4000000005
[INFO] PDC_SERVER[0]: Checking against Object 1000000003
[INFO] PDC_SERVER[0]: Checking against Object 2000000002
[INFO] PDC_SERVER[1]: Fetching region for obj_id=1000000005
[INFO] PDC_SERVER[1]: Checking against Object 2000000000
[INFO] PDC_SERVER[1]: Checking against Object 3000000000
[INFO] PDC_SERVER[1]: Checking against Object 4000000000
[INFO] PDC_SERVER[1]: Checking against Object 3000000003
[INFO] PDC_SERVER[1]: Checking against Object 4000000002
[INFO] PDC_SERVER[1]: Checking against Object 1000000001
[INFO] PDC_SERVER[1]: Checking against Object 4000000005
[INFO] PDC_SERVER[1]: Checking against Object 1000000003
[INFO] PDC_SERVER[1]: Checking against Object 2000000002
[INFO] PDC_SERVER[1]: Object 1000000005 NOT found in cache
[INFO] PDC_SERVER[2]: Fetching region for obj_id=1000000005
[INFO] PDC_SERVER[2]: Checking against Object 2000000000
[INFO] PDC_SERVER[2]: Checking against Object 3000000000
[INFO] PDC_SERVER[2]: Checking against Object 4000000000
[INFO] PDC_SERVER[2]: Checking against Object 3000000003
[INFO] PDC_SERVER[2]: Checking against Object 4000000002
[INFO] PDC_SERVER[2]: Checking against Object 1000000001
[INFO] PDC_SERVER[2]: Checking against Object 4000000005
[INFO] PDC_SERVER[0]: Object 1000000005 NOT found in cache
[INFO] PDC_SERVER[0]: Fetching region from server for obj_id=1000000005
[INFO] PDC_SERVER[2]: Checking against Object 1000000003
[INFO] PDC_SERVER[2]: Checking against Object 2000000002
[INFO] PDC_SERVER[2]: Object 1000000005 NOT found in cache
[INFO] PDC_SERVER[2]: Fetching region from server for obj_id=1000000005
[INFO] PDC_SERVER[1]: Fetching region from server for obj_id=1000000005
[INFO] PDC_SERVER[3]: Fetching region for obj_id=1000000005
[INFO] PDC_SERVER[3]: Checking against Object 2000000000
[INFO] PDC_SERVER[3]: Checking against Object 3000000000
[INFO] PDC_SERVER[3]: Checking against Object 4000000000
[INFO] PDC_SERVER[3]: Checking against Object 3000000003
[INFO] PDC_SERVER[3]: Checking against Object 4000000002
[INFO] PDC_SERVER[3]: Checking against Object 1000000001
[INFO] PDC_SERVER[3]: Checking against Object 4000000005
[INFO] PDC_SERVER[3]: Checking against Object 1000000003
[INFO] PDC_SERVER[3]: Checking against Object 2000000002
[INFO] PDC_SERVER[3]: Object 1000000005 NOT found in cache
[INFO] PDC_SERVER[3]: Fetching region from server for obj_id=1000000005
[13:36:01.668552] [WARNING] [pdc_tf_server.c:393] PDC_SERVER[1]: SCHED: setting CUDA device to 0 for edge 0 func=zfp_decompress
[13:36:01.668575] [WARNING] [pdc_tf_server.c:401] PDC_SERVER[1]: SCHED: executing edge 0 func=zfp_decompress dev=GPU
[INFO] PDC_SERVER[0]: Executing graph with json filepath /pscratch/sd/n/nlewi26/src/work_space/source/pdc/tf_client/graphs/zfp_gpu.json
[13:36:01.669423] [WARNING] [pdc_tf_server.c:393] PDC_SERVER[0]: SCHED: setting CUDA device to 0 for edge 0 func=zfp_decompress
[13:36:01.669439] [WARNING] [pdc_tf_server.c:401] PDC_SERVER[0]: SCHED: executing edge 0 func=zfp_decompress dev=GPU
[13:36:01.670002] [WARNING] [pdc_tf_server.c:393] PDC_SERVER[3]: SCHED: setting CUDA device to 0 for edge 0 func=zfp_decompress
[13:36:01.670028] [WARNING] [pdc_tf_server.c:401] PDC_SERVER[3]: SCHED: executing edge 0 func=zfp_decompress dev=GPU
[13:36:01.673994] [WARNING] [pdc_tf_server.c:393] PDC_SERVER[2]: SCHED: setting CUDA device to 0 for edge 0 func=zfp_decompress
[13:36:01.674023] [WARNING] [pdc_tf_server.c:401] PDC_SERVER[2]: SCHED: executing edge 0 func=zfp_decompress dev=GPU
[13:36:01.678827] [WARNING] [pdc_tf_server.c:475] PDC_SERVER[1]: SCHED: done running transformations
[13:36:01.678978] [WARNING] [pdc_tf_server.c:475] PDC_SERVER[3]: SCHED: done running transformations
[13:36:01.679185] [WARNING] [pdc_tf_server.c:475] PDC_SERVER[0]: SCHED: done running transformations
[INFO] PDC_SERVER[1]: Fetching region for obj_id=1000000005
[INFO] PDC_SERVER[1]: Checking against Object 2000000000
[INFO] PDC_SERVER[1]: Checking against Object 3000000000
[INFO] PDC_SERVER[1]: Checking against Object 4000000000
[INFO] PDC_SERVER[1]: Checking against Object 3000000003
[INFO] PDC_SERVER[1]: Checking against Object 4000000002
[INFO] PDC_SERVER[1]: Checking against Object 1000000001
[INFO] PDC_SERVER[1]: Checking against Object 4000000005
[INFO] PDC_SERVER[1]: Checking against Object 1000000003
[INFO] PDC_SERVER[1]: Checking against Object 2000000002
[INFO] PDC_SERVER[1]: Object 1000000005 NOT found in cache
[INFO] PDC_SERVER[1]: Fetching region from server for obj_id=1000000005
[INFO] PDC_SERVER[3]: Fetching region for obj_id=1000000005
[INFO] PDC_SERVER[3]: Checking against Object 2000000000
[INFO] PDC_SERVER[3]: Checking against Object 3000000000
[INFO] PDC_SERVER[3]: Checking against Object 4000000000
[INFO] PDC_SERVER[3]: Checking against Object 3000000003
[INFO] PDC_SERVER[3]: Checking against Object 4000000002
[INFO] PDC_SERVER[3]: Checking against Object 1000000001
[INFO] PDC_SERVER[3]: Checking against Object 4000000005
[INFO] PDC_SERVER[3]: Checking against Object 1000000003
[INFO] PDC_SERVER[3]: Checking against Object 2000000002
[INFO] PDC_SERVER[3]: Object 1000000005 NOT found in cache
[INFO] PDC_SERVER[3]: Fetching region from server for obj_id=1000000005
[INFO] PDC_SERVER[0]: Fetching region for obj_id=1000000005
[INFO] PDC_SERVER[0]: Checking against Object 2000000000
[INFO] PDC_SERVER[0]: Checking against Object 3000000000
[INFO] PDC_SERVER[0]: Checking against Object 4000000000
[INFO] PDC_SERVER[0]: Checking against Object 3000000003
[INFO] PDC_SERVER[0]: Checking against Object 4000000002
[INFO] PDC_SERVER[0]: Checking against Object 1000000001
[INFO] PDC_SERVER[0]: Checking against Object 4000000005
[INFO] PDC_SERVER[0]: Checking against Object 1000000003
[INFO] PDC_SERVER[0]: Checking against Object 2000000002
[INFO] PDC_SERVER[0]: Object 1000000005 NOT found in cache
[INFO] PDC_SERVER[0]: Fetching region from server for obj_id=1000000005
[13:36:01.685140] [WARNING] [pdc_tf_server.c:475] PDC_SERVER[2]: SCHED: done running transformations
[INFO] PDC_SERVER[2]: Fetching region for obj_id=1000000005
[INFO] PDC_SERVER[2]: Checking against Object 2000000000
[INFO] PDC_SERVER[2]: Checking against Object 3000000000
[INFO] PDC_SERVER[2]: Checking against Object 4000000000
[INFO] PDC_SERVER[2]: Checking against Object 3000000003
[INFO] PDC_SERVER[2]: Checking against Object 4000000002
[INFO] PDC_SERVER[2]: Checking against Object 1000000001
[INFO] PDC_SERVER[2]: Checking against Object 4000000005
[INFO] PDC_SERVER[2]: Checking against Object 1000000003
[INFO] PDC_SERVER[2]: Checking against Object 2000000002
[INFO] PDC_SERVER[2]: Object 1000000005 NOT found in cache
[INFO] PDC_SERVER[2]: Fetching region from server for obj_id=1000000005
[13:36:01.699687] [WARNING] [pdc_tf_server.c:393] PDC_SERVER[1]: SCHED: setting CUDA device to 0 for edge 0 func=zfp_decompress
[13:36:01.699702] [WARNING] [pdc_tf_server.c:401] PDC_SERVER[1]: SCHED: executing edge 0 func=zfp_decompress dev=GPU
[INFO] PDC_SERVER[0]: Executing graph with json filepath /pscratch/sd/n/nlewi26/src/work_space/source/pdc/tf_client/graphs/zfp_gpu.json
[13:36:01.699884] [WARNING] [pdc_tf_server.c:393] PDC_SERVER[0]: SCHED: setting CUDA device to 0 for edge 0 func=zfp_decompress
[13:36:01.699900] [WARNING] [pdc_tf_server.c:401] PDC_SERVER[0]: SCHED: executing edge 0 func=zfp_decompress dev=GPU
[13:36:01.702612] [WARNING] [pdc_tf_server.c:393] PDC_SERVER[3]: SCHED: setting CUDA device to 0 for edge 0 func=zfp_decompress
[13:36:01.702632] [WARNING] [pdc_tf_server.c:401] PDC_SERVER[3]: SCHED: executing edge 0 func=zfp_decompress dev=GPU
[13:36:01.707347] [WARNING] [pdc_tf_server.c:393] PDC_SERVER[2]: SCHED: setting CUDA device to 0 for edge 0 func=zfp_decompress
[13:36:01.707384] [WARNING] [pdc_tf_server.c:401] PDC_SERVER[2]: SCHED: executing edge 0 func=zfp_decompress dev=GPU
[13:36:01.709560] [WARNING] [pdc_tf_server.c:475] PDC_SERVER[1]: SCHED: done running transformations
[13:36:01.709917] [WARNING] [pdc_tf_server.c:475] PDC_SERVER[0]: SCHED: done running transformations
[INFO] PDC_SERVER[1]: Fetching region for obj_id=1000000005
[INFO] PDC_SERVER[1]: Checking against Object 2000000000
[INFO] PDC_SERVER[1]: Checking against Object 3000000000
[INFO] PDC_SERVER[1]: Checking against Object 4000000000
[INFO] PDC_SERVER[1]: Checking against Object 3000000003
[INFO] PDC_SERVER[1]: Checking against Object 4000000002
[INFO] PDC_SERVER[1]: Checking against Object 1000000001
[INFO] PDC_SERVER[1]: Checking against Object 4000000005
[INFO] PDC_SERVER[1]: Checking against Object 1000000003
[INFO] PDC_SERVER[1]: Checking against Object 2000000002
[INFO] PDC_SERVER[1]: Object 1000000005 NOT found in cache
[INFO] PDC_SERVER[1]: Fetching region from server for obj_id=1000000005
[INFO] PDC_SERVER[0]: Fetching region for obj_id=1000000005
[INFO] PDC_SERVER[0]: Checking against Object 2000000000
[INFO] PDC_SERVER[0]: Checking against Object 3000000000
[INFO] PDC_SERVER[0]: Checking against Object 4000000000
[INFO] PDC_SERVER[0]: Checking against Object 3000000003
[INFO] PDC_SERVER[0]: Checking against Object 4000000002
[INFO] PDC_SERVER[0]: Checking against Object 1000000001
[INFO] PDC_SERVER[0]: Checking against Object 4000000005
[INFO] PDC_SERVER[0]: Checking against Object 1000000003
[INFO] PDC_SERVER[0]: Checking against Object 2000000002
[INFO] PDC_SERVER[0]: Object 1000000005 NOT found in cache
[INFO] PDC_SERVER[0]: Fetching region from server for obj_id=1000000005
[13:36:01.715171] [WARNING] [pdc_tf_server.c:475] PDC_SERVER[3]: SCHED: done running transformations
[13:36:01.719225] [WARNING] [pdc_tf_server.c:475] PDC_SERVER[2]: SCHED: done running transformations
[INFO] PDC_SERVER[3]: Fetching region for obj_id=1000000005
[INFO] PDC_SERVER[3]: Checking against Object 2000000000
[INFO] PDC_SERVER[3]: Checking against Object 3000000000
[INFO] PDC_SERVER[3]: Checking against Object 4000000000
[INFO] PDC_SERVER[3]: Checking against Object 3000000003
[INFO] PDC_SERVER[3]: Checking against Object 4000000002
[INFO] PDC_SERVER[3]: Checking against Object 1000000001
[INFO] PDC_SERVER[3]: Checking against Object 4000000005
[INFO] PDC_SERVER[3]: Checking against Object 1000000003
[INFO] PDC_SERVER[3]: Checking against Object 2000000002
[INFO] PDC_SERVER[3]: Object 1000000005 NOT found in cache
[INFO] PDC_SERVER[3]: Fetching region from server for obj_id=1000000005
[INFO] PDC_SERVER[2]: Fetching region for obj_id=1000000005
[INFO] PDC_SERVER[2]: Checking against Object 2000000000
[INFO] PDC_SERVER[2]: Checking against Object 3000000000
[INFO] PDC_SERVER[2]: Checking against Object 4000000000
[INFO] PDC_SERVER[2]: Checking against Object 3000000003
[INFO] PDC_SERVER[2]: Checking against Object 4000000002
[INFO] PDC_SERVER[2]: Checking against Object 1000000001
[INFO] PDC_SERVER[2]: Checking against Object 4000000005
[INFO] PDC_SERVER[2]: Checking against Object 1000000003
[INFO] PDC_SERVER[2]: Checking against Object 2000000002
[INFO] PDC_SERVER[2]: Object 1000000005 NOT found in cache
[INFO] PDC_SERVER[2]: Fetching region from server for obj_id=1000000005
[13:36:01.730799] [WARNING] [pdc_tf_server.c:393] PDC_SERVER[1]: SCHED: setting CUDA device to 0 for edge 0 func=zfp_decompress
[13:36:01.730813] [WARNING] [pdc_tf_server.c:401] PDC_SERVER[1]: SCHED: executing edge 0 func=zfp_decompress dev=GPU
[INFO] PDC_SERVER[0]: Executing graph with json filepath /pscratch/sd/n/nlewi26/src/work_space/source/pdc/tf_client/graphs/zfp_gpu.json
[13:36:01.730851] [WARNING] [pdc_tf_server.c:393] PDC_SERVER[0]: SCHED: setting CUDA device to 0 for edge 0 func=zfp_decompress
[13:36:01.730860] [WARNING] [pdc_tf_server.c:401] PDC_SERVER[0]: SCHED: executing edge 0 func=zfp_decompress dev=GPU
[13:36:01.738076] [WARNING] [pdc_tf_server.c:393] PDC_SERVER[3]: SCHED: setting CUDA device to 0 for edge 0 func=zfp_decompress
[13:36:01.738099] [WARNING] [pdc_tf_server.c:401] PDC_SERVER[3]: SCHED: executing edge 0 func=zfp_decompress dev=GPU
[13:36:01.739446] [WARNING] [pdc_tf_server.c:475] PDC_SERVER[0]: SCHED: done running transformations
[13:36:01.739917] [WARNING] [pdc_tf_server.c:475] PDC_SERVER[1]: SCHED: done running transformations
[INFO] PDC_SERVER[0]: Fetching region for obj_id=1000000005
[INFO] PDC_SERVER[0]: Checking against Object 2000000000
[INFO] PDC_SERVER[0]: Checking against Object 3000000000
[INFO] PDC_SERVER[0]: Checking against Object 4000000000
[INFO] PDC_SERVER[0]: Checking against Object 3000000003
[INFO] PDC_SERVER[0]: Checking against Object 4000000002
[INFO] PDC_SERVER[0]: Checking against Object 1000000001
[INFO] PDC_SERVER[0]: Checking against Object 4000000005
[INFO] PDC_SERVER[0]: Checking against Object 1000000003
[INFO] PDC_SERVER[0]: Checking against Object 2000000002
[INFO] PDC_SERVER[0]: Object 1000000005 NOT found in cache
[INFO] PDC_SERVER[0]: Fetching region from server for obj_id=1000000005
[INFO] PDC_SERVER[1]: Fetching region for obj_id=1000000005
[INFO] PDC_SERVER[1]: Checking against Object 2000000000
[INFO] PDC_SERVER[1]: Checking against Object 3000000000
[INFO] PDC_SERVER[1]: Checking against Object 4000000000
[INFO] PDC_SERVER[1]: Checking against Object 3000000003
[INFO] PDC_SERVER[1]: Checking against Object 4000000002
[INFO] PDC_SERVER[1]: Checking against Object 1000000001
[INFO] PDC_SERVER[1]: Checking against Object 4000000005
[INFO] PDC_SERVER[1]: Checking against Object 1000000003
[INFO] PDC_SERVER[1]: Checking against Object 2000000002
[INFO] PDC_SERVER[1]: Object 1000000005 NOT found in cache
[INFO] PDC_SERVER[1]: Fetching region from server for obj_id=1000000005
[13:36:01.746778] [WARNING] [pdc_tf_server.c:475] PDC_SERVER[3]: SCHED: done running transformations
[INFO] PDC_SERVER[3]: Fetching region for obj_id=1000000005
[INFO] PDC_SERVER[3]: Checking against Object 2000000000
[INFO] PDC_SERVER[3]: Checking against Object 3000000000
[INFO] PDC_SERVER[3]: Checking against Object 4000000000
[INFO] PDC_SERVER[3]: Checking against Object 3000000003
[INFO] PDC_SERVER[3]: Checking against Object 4000000002
[INFO] PDC_SERVER[3]: Checking against Object 1000000001
[INFO] PDC_SERVER[3]: Checking against Object 4000000005
[INFO] PDC_SERVER[3]: Checking against Object 1000000003
[INFO] PDC_SERVER[3]: Checking against Object 2000000002
[INFO] PDC_SERVER[3]: Object 1000000005 NOT found in cache
[INFO] PDC_SERVER[3]: Fetching region from server for obj_id=1000000005
[13:36:01.751802] [WARNING] [pdc_tf_server.c:393] PDC_SERVER[2]: SCHED: setting CUDA device to 0 for edge 0 func=zfp_decompress
[13:36:01.751831] [WARNING] [pdc_tf_server.c:401] PDC_SERVER[2]: SCHED: executing edge 0 func=zfp_decompress dev=GPU
[INFO] PDC_SERVER[0]: Executing graph with json filepath /pscratch/sd/n/nlewi26/src/work_space/source/pdc/tf_client/graphs/zfp_gpu.json
[13:36:01.760196] [WARNING] [pdc_tf_server.c:393] PDC_SERVER[0]: SCHED: setting CUDA device to 0 for edge 0 func=zfp_decompress
[13:36:01.760210] [WARNING] [pdc_tf_server.c:401] PDC_SERVER[0]: SCHED: executing edge 0 func=zfp_decompress dev=GPU
[13:36:01.760246] [WARNING] [pdc_tf_server.c:475] PDC_SERVER[2]: SCHED: done running transformations
[13:36:01.760742] [WARNING] [pdc_tf_server.c:393] PDC_SERVER[1]: SCHED: setting CUDA device to 0 for edge 0 func=zfp_decompress
[13:36:01.760768] [WARNING] [pdc_tf_server.c:401] PDC_SERVER[1]: SCHED: executing edge 0 func=zfp_decompress dev=GPU
[INFO] PDC_SERVER[2]: Fetching region for obj_id=1000000005
[INFO] PDC_SERVER[2]: Checking against Object 2000000000
[INFO] PDC_SERVER[2]: Checking against Object 3000000000
[INFO] PDC_SERVER[2]: Checking against Object 4000000000
[INFO] PDC_SERVER[2]: Checking against Object 3000000003
[INFO] PDC_SERVER[2]: Checking against Object 4000000002
[INFO] PDC_SERVER[2]: Checking against Object 1000000001
[INFO] PDC_SERVER[2]: Checking against Object 4000000005
[INFO] PDC_SERVER[2]: Checking against Object 1000000003
[INFO] PDC_SERVER[2]: Checking against Object 2000000002
[INFO] PDC_SERVER[2]: Object 1000000005 NOT found in cache
[INFO] PDC_SERVER[2]: Fetching region from server for obj_id=1000000005
[13:36:01.768751] [WARNING] [pdc_tf_server.c:393] PDC_SERVER[3]: SCHED: setting CUDA device to 0 for edge 0 func=zfp_decompress
[13:36:01.768770] [WARNING] [pdc_tf_server.c:401] PDC_SERVER[3]: SCHED: executing edge 0 func=zfp_decompress dev=GPU
[13:36:01.769004] [WARNING] [pdc_tf_server.c:475] PDC_SERVER[0]: SCHED: done running transformations
[13:36:01.769377] [WARNING] [pdc_tf_server.c:475] PDC_SERVER[1]: SCHED: done running transformations
[INFO] PDC_SERVER[0]: Fetching region for obj_id=1000000005
[INFO] PDC_SERVER[0]: Checking against Object 2000000000
[INFO] PDC_SERVER[0]: Checking against Object 3000000000
[INFO] PDC_SERVER[0]: Checking against Object 4000000000
[INFO] PDC_SERVER[0]: Checking against Object 3000000003
[INFO] PDC_SERVER[0]: Checking against Object 4000000002
[INFO] PDC_SERVER[0]: Checking against Object 1000000001
[INFO] PDC_SERVER[0]: Checking against Object 4000000005
[INFO] PDC_SERVER[0]: Checking against Object 1000000003
[INFO] PDC_SERVER[0]: Checking against Object 2000000002
[INFO] PDC_SERVER[0]: Object 1000000005 NOT found in cache
[INFO] PDC_SERVER[0]: Fetching region from server for obj_id=1000000005
[INFO] PDC_SERVER[1]: Fetching region for obj_id=1000000005
[INFO] PDC_SERVER[1]: Checking against Object 2000000000
[INFO] PDC_SERVER[1]: Checking against Object 3000000000
[INFO] PDC_SERVER[1]: Checking against Object 4000000000
[INFO] PDC_SERVER[1]: Checking against Object 3000000003
[INFO] PDC_SERVER[1]: Checking against Object 4000000002
[INFO] PDC_SERVER[1]: Checking against Object 1000000001
[INFO] PDC_SERVER[1]: Checking against Object 4000000005
[INFO] PDC_SERVER[1]: Checking against Object 1000000003
[INFO] PDC_SERVER[1]: Checking against Object 2000000002
[INFO] PDC_SERVER[1]: Object 1000000005 NOT found in cache
[INFO] PDC_SERVER[1]: Fetching region from server for obj_id=1000000005
[13:36:01.777545] [WARNING] [pdc_tf_server.c:475] PDC_SERVER[3]: SCHED: done running transformations
[13:36:01.781015] [WARNING] [pdc_tf_server.c:393] PDC_SERVER[2]: SCHED: setting CUDA device to 0 for edge 0 func=zfp_decompress
[13:36:01.781036] [WARNING] [pdc_tf_server.c:401] PDC_SERVER[2]: SCHED: executing edge 0 func=zfp_decompress dev=GPU
[INFO] PDC_SERVER[3]: Fetching region for obj_id=1000000005
[INFO] PDC_SERVER[3]: Checking against Object 2000000000
[INFO] PDC_SERVER[3]: Checking against Object 3000000000
[INFO] PDC_SERVER[3]: Checking against Object 4000000000
[INFO] PDC_SERVER[3]: Checking against Object 3000000003
[INFO] PDC_SERVER[3]: Checking against Object 4000000002
[INFO] PDC_SERVER[3]: Checking against Object 1000000001
[INFO] PDC_SERVER[3]: Checking against Object 4000000005
[INFO] PDC_SERVER[3]: Checking against Object 1000000003
[INFO] PDC_SERVER[3]: Checking against Object 2000000002
[INFO] PDC_SERVER[3]: Object 1000000005 NOT found in cache
[INFO] PDC_SERVER[3]: Fetching region from server for obj_id=1000000005
[13:36:01.788804] [WARNING] [pdc_tf_server.c:475] PDC_SERVER[2]: SCHED: done running transformations
[13:36:01.789877] [WARNING] [pdc_tf_server.c:393] PDC_SERVER[1]: SCHED: setting CUDA device to 0 for edge 0 func=zfp_decompress
[13:36:01.789898] [WARNING] [pdc_tf_server.c:401] PDC_SERVER[1]: SCHED: executing edge 0 func=zfp_decompress dev=GPU
[INFO] PDC_SERVER[0]: Executing graph with json filepath /pscratch/sd/n/nlewi26/src/work_space/source/pdc/tf_client/graphs/zfp_gpu.json
[13:36:01.789970] [WARNING] [pdc_tf_server.c:393] PDC_SERVER[0]: SCHED: setting CUDA device to 0 for edge 0 func=zfp_decompress
[13:36:01.789983] [WARNING] [pdc_tf_server.c:401] PDC_SERVER[0]: SCHED: executing edge 0 func=zfp_decompress dev=GPU
[INFO] PDC_SERVER[2]: Fetching region for obj_id=1000000005
[INFO] PDC_SERVER[2]: Checking against Object 2000000000
[INFO] PDC_SERVER[2]: Checking against Object 3000000000
[INFO] PDC_SERVER[2]: Checking against Object 4000000000
[INFO] PDC_SERVER[2]: Checking against Object 3000000003
[INFO] PDC_SERVER[2]: Checking against Object 4000000002
[INFO] PDC_SERVER[2]: Checking against Object 1000000001
[INFO] PDC_SERVER[2]: Checking against Object 4000000005
[INFO] PDC_SERVER[2]: Checking against Object 1000000003
[INFO] PDC_SERVER[2]: Checking against Object 2000000002
[INFO] PDC_SERVER[2]: Object 1000000005 NOT found in cache
[INFO] PDC_SERVER[2]: Fetching region from server for obj_id=1000000005
[13:36:01.798777] [WARNING] [pdc_tf_server.c:475] PDC_SERVER[1]: SCHED: done running transformations
[13:36:01.799079] [WARNING] [pdc_tf_server.c:393] PDC_SERVER[3]: SCHED: setting CUDA device to 0 for edge 0 func=zfp_decompress
[13:36:01.799093] [WARNING] [pdc_tf_server.c:401] PDC_SERVER[3]: SCHED: executing edge 0 func=zfp_decompress dev=GPU
[13:36:01.799229] [WARNING] [pdc_tf_server.c:475] PDC_SERVER[0]: SCHED: done running transformations
[INFO] PDC_SERVER[1]: Fetching region for obj_id=1000000005
[INFO] PDC_SERVER[1]: Checking against Object 2000000000
[INFO] PDC_SERVER[1]: Checking against Object 3000000000
[INFO] PDC_SERVER[1]: Checking against Object 4000000000
[INFO] PDC_SERVER[1]: Checking against Object 3000000003
[INFO] PDC_SERVER[1]: Checking against Object 4000000002
[INFO] PDC_SERVER[1]: Checking against Object 1000000001
[INFO] PDC_SERVER[1]: Checking against Object 4000000005
[INFO] PDC_SERVER[1]: Checking against Object 1000000003
[INFO] PDC_SERVER[1]: Checking against Object 2000000002
[INFO] PDC_SERVER[1]: Object 1000000005 NOT found in cache
[INFO] PDC_SERVER[1]: Fetching region from server for obj_id=1000000005
[INFO] PDC_SERVER[0]: Fetching region for obj_id=1000000005
[INFO] PDC_SERVER[0]: Checking against Object 2000000000
[INFO] PDC_SERVER[0]: Checking against Object 3000000000
[INFO] PDC_SERVER[0]: Checking against Object 4000000000
[INFO] PDC_SERVER[0]: Checking against Object 3000000003
[INFO] PDC_SERVER[0]: Checking against Object 4000000002
[INFO] PDC_SERVER[0]: Checking against Object 1000000001
[INFO] PDC_SERVER[0]: Checking against Object 4000000005
[INFO] PDC_SERVER[0]: Checking against Object 1000000003
[INFO] PDC_SERVER[0]: Checking against Object 2000000002
[INFO] PDC_SERVER[0]: Object 1000000005 NOT found in cache
[INFO] PDC_SERVER[0]: Fetching region from server for obj_id=1000000005
[13:36:01.807814] [WARNING] [pdc_tf_server.c:475] PDC_SERVER[3]: SCHED: done running transformations
[13:36:01.809390] [WARNING] [pdc_tf_server.c:393] PDC_SERVER[2]: SCHED: setting CUDA device to 0 for edge 0 func=zfp_decompress
[13:36:01.809409] [WARNING] [pdc_tf_server.c:401] PDC_SERVER[2]: SCHED: executing edge 0 func=zfp_decompress dev=GPU
[INFO] PDC_SERVER[3]: Fetching region for obj_id=1000000005
[INFO] PDC_SERVER[3]: Checking against Object 2000000000
[INFO] PDC_SERVER[3]: Checking against Object 3000000000
[INFO] PDC_SERVER[3]: Checking against Object 4000000000
[INFO] PDC_SERVER[3]: Checking against Object 3000000003
[INFO] PDC_SERVER[3]: Checking against Object 4000000002
[INFO] PDC_SERVER[3]: Checking against Object 1000000001
[INFO] PDC_SERVER[3]: Checking against Object 4000000005
[INFO] PDC_SERVER[3]: Checking against Object 1000000003
[INFO] PDC_SERVER[3]: Checking against Object 2000000002
[INFO] PDC_SERVER[3]: Object 1000000005 NOT found in cache
[INFO] PDC_SERVER[3]: Fetching region from server for obj_id=1000000005
[13:36:01.817329] [WARNING] [pdc_tf_server.c:475] PDC_SERVER[2]: SCHED: done running transformations
[13:36:01.819085] [WARNING] [pdc_tf_server.c:393] PDC_SERVER[1]: SCHED: setting CUDA device to 0 for edge 0 func=zfp_decompress
[13:36:01.819098] [WARNING] [pdc_tf_server.c:401] PDC_SERVER[1]: SCHED: executing edge 0 func=zfp_decompress dev=GPU
[INFO] PDC_SERVER[0]: Executing graph with json filepath /pscratch/sd/n/nlewi26/src/work_space/source/pdc/tf_client/graphs/zfp_gpu.json
[13:36:01.820440] [WARNING] [pdc_tf_server.c:393] PDC_SERVER[0]: SCHED: setting CUDA device to 0 for edge 0 func=zfp_decompress
[13:36:01.820452] [WARNING] [pdc_tf_server.c:401] PDC_SERVER[0]: SCHED: executing edge 0 func=zfp_decompress dev=GPU
[INFO] PDC_SERVER[2]: Fetching region for obj_id=1000000005
[INFO] PDC_SERVER[2]: Checking against Object 2000000000
[INFO] PDC_SERVER[2]: Checking against Object 3000000000
[INFO] PDC_SERVER[2]: Checking against Object 4000000000
[INFO] PDC_SERVER[2]: Checking against Object 3000000003
[INFO] PDC_SERVER[2]: Checking against Object 4000000002
[INFO] PDC_SERVER[2]: Checking against Object 1000000001
[INFO] PDC_SERVER[2]: Checking against Object 4000000005
[INFO] PDC_SERVER[2]: Checking against Object 1000000003
[INFO] PDC_SERVER[2]: Checking against Object 2000000002
[INFO] PDC_SERVER[2]: Object 1000000005 NOT found in cache
[INFO] PDC_SERVER[2]: Fetching region from server for obj_id=1000000005
[13:36:01.827603] [WARNING] [pdc_tf_server.c:475] PDC_SERVER[1]: SCHED: done running transformations
[13:36:01.829076] [WARNING] [pdc_tf_server.c:475] PDC_SERVER[0]: SCHED: done running transformations
[13:36:01.830022] [WARNING] [pdc_tf_server.c:393] PDC_SERVER[3]: SCHED: setting CUDA device to 0 for edge 0 func=zfp_decompress
[13:36:01.830045] [WARNING] [pdc_tf_server.c:401] PDC_SERVER[3]: SCHED: executing edge 0 func=zfp_decompress dev=GPU
[INFO] PDC_SERVER[1]: Fetching region for obj_id=1000000005
[INFO] PDC_SERVER[1]: Checking against Object 2000000000
[INFO] PDC_SERVER[1]: Checking against Object 3000000000
[INFO] PDC_SERVER[1]: Checking against Object 4000000000
[INFO] PDC_SERVER[1]: Checking against Object 3000000003
[INFO] PDC_SERVER[1]: Checking against Object 4000000002
[INFO] PDC_SERVER[1]: Checking against Object 1000000001
[INFO] PDC_SERVER[1]: Checking against Object 4000000005
[INFO] PDC_SERVER[1]: Checking against Object 1000000003
[INFO] PDC_SERVER[1]: Checking against Object 2000000002
[INFO] PDC_SERVER[1]: Object 1000000005 NOT found in cache
[INFO] PDC_SERVER[1]: Fetching region from server for obj_id=1000000005
[INFO] PDC_SERVER[0]: Fetching region for obj_id=1000000005
[INFO] PDC_SERVER[0]: Checking against Object 2000000000
[INFO] PDC_SERVER[0]: Checking against Object 3000000000
[INFO] PDC_SERVER[0]: Checking against Object 4000000000
[INFO] PDC_SERVER[0]: Checking against Object 3000000003
[INFO] PDC_SERVER[0]: Checking against Object 4000000002
[INFO] PDC_SERVER[0]: Checking against Object 1000000001
[INFO] PDC_SERVER[0]: Checking against Object 4000000005
[INFO] PDC_SERVER[0]: Checking against Object 1000000003
[INFO] PDC_SERVER[0]: Checking against Object 2000000002
[INFO] PDC_SERVER[0]: Object 1000000005 NOT found in cache
[INFO] PDC_SERVER[0]: Fetching region from server for obj_id=1000000005
[13:36:01.838319] [WARNING] [pdc_tf_server.c:393] PDC_SERVER[2]: SCHED: setting CUDA device to 0 for edge 0 func=zfp_decompress
[13:36:01.838351] [WARNING] [pdc_tf_server.c:401] PDC_SERVER[2]: SCHED: executing edge 0 func=zfp_decompress dev=GPU
[13:36:01.838842] [WARNING] [pdc_tf_server.c:475] PDC_SERVER[3]: SCHED: done running transformations
[INFO] PDC_SERVER[3]: Fetching region for obj_id=1000000005
[INFO] PDC_SERVER[3]: Checking against Object 2000000000
[INFO] PDC_SERVER[3]: Checking against Object 3000000000
[INFO] PDC_SERVER[3]: Checking against Object 4000000000
[INFO] PDC_SERVER[3]: Checking against Object 3000000003
[INFO] PDC_SERVER[3]: Checking against Object 4000000002
[INFO] PDC_SERVER[3]: Checking against Object 1000000001
[INFO] PDC_SERVER[3]: Checking against Object 4000000005
[INFO] PDC_SERVER[3]: Checking against Object 1000000003
[INFO] PDC_SERVER[3]: Checking against Object 2000000002
[INFO] PDC_SERVER[3]: Object 1000000005 NOT found in cache
[INFO] PDC_SERVER[3]: Fetching region from server for obj_id=1000000005
[13:36:01.848110] [WARNING] [pdc_tf_server.c:393] PDC_SERVER[1]: SCHED: setting CUDA device to 0 for edge 0 func=zfp_decompress
[13:36:01.848125] [WARNING] [pdc_tf_server.c:401] PDC_SERVER[1]: SCHED: executing edge 0 func=zfp_decompress dev=GPU
[13:36:01.848828] [WARNING] [pdc_tf_server.c:475] PDC_SERVER[2]: SCHED: done running transformations
[INFO] PDC_SERVER[0]: Executing graph with json filepath /pscratch/sd/n/nlewi26/src/work_space/source/pdc/tf_client/graphs/zfp_gpu.json
[13:36:01.849639] [WARNING] [pdc_tf_server.c:393] PDC_SERVER[0]: SCHED: setting CUDA device to 0 for edge 0 func=zfp_decompress
[13:36:01.849650] [WARNING] [pdc_tf_server.c:401] PDC_SERVER[0]: SCHED: executing edge 0 func=zfp_decompress dev=GPU
[INFO] PDC_SERVER[2]: Fetching region for obj_id=1000000005
[INFO] PDC_SERVER[2]: Checking against Object 2000000000
[INFO] PDC_SERVER[2]: Checking against Object 3000000000
[INFO] PDC_SERVER[2]: Checking against Object 4000000000
[INFO] PDC_SERVER[2]: Checking against Object 3000000003
[INFO] PDC_SERVER[2]: Checking against Object 4000000002
[INFO] PDC_SERVER[2]: Checking against Object 1000000001
[INFO] PDC_SERVER[2]: Checking against Object 4000000005
[INFO] PDC_SERVER[2]: Checking against Object 1000000003
[INFO] PDC_SERVER[2]: Checking against Object 2000000002
[INFO] PDC_SERVER[2]: Object 1000000005 NOT found in cache
[INFO] PDC_SERVER[2]: Fetching region from server for obj_id=1000000005
[13:36:01.856394] [WARNING] [pdc_tf_server.c:475] PDC_SERVER[1]: SCHED: done running transformations
[13:36:01.858115] [WARNING] [pdc_tf_server.c:475] PDC_SERVER[0]: SCHED: done running transformations
[13:36:01.860955] [WARNING] [pdc_tf_server.c:393] PDC_SERVER[3]: SCHED: setting CUDA device to 0 for edge 0 func=zfp_decompress
[13:36:01.860973] [WARNING] [pdc_tf_server.c:401] PDC_SERVER[3]: SCHED: executing edge 0 func=zfp_decompress dev=GPU
[INFO] PDC_SERVER[1]: Fetching region for obj_id=1000000005
[INFO] PDC_SERVER[1]: Checking against Object 2000000000
[INFO] PDC_SERVER[1]: Checking against Object 3000000000
[INFO] PDC_SERVER[1]: Checking against Object 4000000000
[INFO] PDC_SERVER[1]: Checking against Object 3000000003
[INFO] PDC_SERVER[1]: Checking against Object 4000000002
[INFO] PDC_SERVER[1]: Checking against Object 1000000001
[INFO] PDC_SERVER[1]: Checking against Object 4000000005
[INFO] PDC_SERVER[1]: Checking against Object 1000000003
[INFO] PDC_SERVER[1]: Checking against Object 2000000002
[INFO] PDC_SERVER[1]: Object 1000000005 NOT found in cache
[INFO] PDC_SERVER[1]: Fetching region from server for obj_id=1000000005
[INFO] PDC_SERVER[0]: Fetching region for obj_id=1000000005
[INFO] PDC_SERVER[0]: Checking against Object 2000000000
[INFO] PDC_SERVER[0]: Checking against Object 3000000000
[INFO] PDC_SERVER[0]: Checking against Object 4000000000
[INFO] PDC_SERVER[0]: Checking against Object 3000000003
[INFO] PDC_SERVER[0]: Checking against Object 4000000002
[INFO] PDC_SERVER[0]: Checking against Object 1000000001
[INFO] PDC_SERVER[0]: Checking against Object 4000000005
[INFO] PDC_SERVER[0]: Checking against Object 1000000003
[INFO] PDC_SERVER[0]: Checking against Object 2000000002
[INFO] PDC_SERVER[0]: Object 1000000005 NOT found in cache
[INFO] PDC_SERVER[0]: Fetching region from server for obj_id=1000000005
[13:36:01.869652] [WARNING] [pdc_tf_server.c:475] PDC_SERVER[3]: SCHED: done running transformations
[INFO] PDC_SERVER[3]: Fetching region for obj_id=1000000005
[INFO] PDC_SERVER[3]: Checking against Object 2000000000
[INFO] PDC_SERVER[3]: Checking against Object 3000000000
[INFO] PDC_SERVER[3]: Checking against Object 4000000000
[INFO] PDC_SERVER[3]: Checking against Object 3000000003
[INFO] PDC_SERVER[3]: Checking against Object 4000000002
[INFO] PDC_SERVER[3]: Checking against Object 1000000001
[INFO] PDC_SERVER[3]: Checking against Object 4000000005
[INFO] PDC_SERVER[3]: Checking against Object 1000000003
[INFO] PDC_SERVER[3]: Checking against Object 2000000002
[INFO] PDC_SERVER[3]: Object 1000000005 NOT found in cache
[INFO] PDC_SERVER[3]: Fetching region from server for obj_id=1000000005
[13:36:01.877024] [WARNING] [pdc_tf_server.c:393] PDC_SERVER[1]: SCHED: setting CUDA device to 0 for edge 0 func=zfp_decompress
[13:36:01.877052] [WARNING] [pdc_tf_server.c:401] PDC_SERVER[1]: SCHED: executing edge 0 func=zfp_decompress dev=GPU
[13:36:01.878322] [WARNING] [pdc_tf_server.c:393] PDC_SERVER[2]: SCHED: setting CUDA device to 0 for edge 0 func=zfp_decompress
[13:36:01.878348] [WARNING] [pdc_tf_server.c:401] PDC_SERVER[2]: SCHED: executing edge 0 func=zfp_decompress dev=GPU
[INFO] PDC_SERVER[0]: Executing graph with json filepath /pscratch/sd/n/nlewi26/src/work_space/source/pdc/tf_client/graphs/zfp_gpu.json
[13:36:01.878528] [WARNING] [pdc_tf_server.c:393] PDC_SERVER[0]: SCHED: setting CUDA device to 0 for edge 0 func=zfp_decompress
[13:36:01.878539] [WARNING] [pdc_tf_server.c:401] PDC_SERVER[0]: SCHED: executing edge 0 func=zfp_decompress dev=GPU
[13:36:01.885782] [WARNING] [pdc_tf_server.c:475] PDC_SERVER[2]: SCHED: done running transformations
[13:36:01.886644] [WARNING] [pdc_tf_server.c:475] PDC_SERVER[1]: SCHED: done running transformations
[13:36:01.887182] [WARNING] [pdc_tf_server.c:475] PDC_SERVER[0]: SCHED: done running transformations
[INFO] PDC_SERVER[2]: Fetching region for obj_id=1000000005
[INFO] PDC_SERVER[2]: Checking against Object 2000000000
[INFO] PDC_SERVER[2]: Checking against Object 3000000000
[INFO] PDC_SERVER[2]: Checking against Object 4000000000
[INFO] PDC_SERVER[2]: Checking against Object 3000000003
[INFO] PDC_SERVER[2]: Checking against Object 4000000002
[INFO] PDC_SERVER[2]: Checking against Object 1000000001
[INFO] PDC_SERVER[2]: Checking against Object 4000000005
[INFO] PDC_SERVER[2]: Checking against Object 1000000003
[INFO] PDC_SERVER[2]: Checking against Object 2000000002
[INFO] PDC_SERVER[2]: Object 1000000005 NOT found in cache
[INFO] PDC_SERVER[2]: Fetching region from server for obj_id=1000000005
[13:36:01.891445] [WARNING] [pdc_tf_server.c:393] PDC_SERVER[3]: SCHED: setting CUDA device to 0 for edge 0 func=zfp_decompress
[13:36:01.891497] [WARNING] [pdc_tf_server.c:401] PDC_SERVER[3]: SCHED: executing edge 0 func=zfp_decompress dev=GPU
[INFO] PDC_SERVER[0]: Fetching region for obj_id=1000000005
[INFO] PDC_SERVER[0]: Checking against Object 2000000000
[INFO] PDC_SERVER[0]: Checking against Object 3000000000
[INFO] PDC_SERVER[0]: Checking against Object 4000000000
[INFO] PDC_SERVER[0]: Checking against Object 3000000003
[INFO] PDC_SERVER[0]: Checking against Object 4000000002
[INFO] PDC_SERVER[0]: Checking against Object 1000000001
[INFO] PDC_SERVER[0]: Checking against Object 4000000005
[INFO] PDC_SERVER[0]: Checking against Object 1000000003
[INFO] PDC_SERVER[0]: Checking against Object 2000000002
[INFO] PDC_SERVER[0]: Object 1000000005 NOT found in cache
[INFO] PDC_SERVER[0]: Fetching region from server for obj_id=1000000005
[INFO] PDC_SERVER[1]: Fetching region for obj_id=1000000005
[INFO] PDC_SERVER[1]: Checking against Object 2000000000
[INFO] PDC_SERVER[1]: Checking against Object 3000000000
[INFO] PDC_SERVER[1]: Checking against Object 4000000000
[INFO] PDC_SERVER[1]: Checking against Object 3000000003
[INFO] PDC_SERVER[1]: Checking against Object 4000000002
[INFO] PDC_SERVER[1]: Checking against Object 1000000001
[INFO] PDC_SERVER[1]: Checking against Object 4000000005
[INFO] PDC_SERVER[1]: Checking against Object 1000000003
[INFO] PDC_SERVER[1]: Checking against Object 2000000002
[INFO] PDC_SERVER[1]: Object 1000000005 NOT found in cache
[INFO] PDC_SERVER[1]: Fetching region from server for obj_id=1000000005
[13:36:01.900346] [WARNING] [pdc_tf_server.c:475] PDC_SERVER[3]: SCHED: done running transformations
[INFO] PDC_SERVER[3]: Fetching region for obj_id=1000000005
[INFO] PDC_SERVER[3]: Checking against Object 2000000000
[INFO] PDC_SERVER[3]: Checking against Object 3000000000
[INFO] PDC_SERVER[3]: Checking against Object 4000000000
[INFO] PDC_SERVER[3]: Checking against Object 3000000003
[INFO] PDC_SERVER[3]: Checking against Object 4000000002
[INFO] PDC_SERVER[3]: Checking against Object 1000000001
[INFO] PDC_SERVER[3]: Checking against Object 4000000005
[INFO] PDC_SERVER[3]: Checking against Object 1000000003
[INFO] PDC_SERVER[3]: Checking against Object 2000000002
[INFO] PDC_SERVER[3]: Object 1000000005 NOT found in cache
[INFO] PDC_SERVER[3]: Fetching region from server for obj_id=1000000005
[13:36:01.906726] [WARNING] [pdc_tf_server.c:393] PDC_SERVER[2]: SCHED: setting CUDA device to 0 for edge 0 func=zfp_decompress
[13:36:01.906742] [WARNING] [pdc_tf_server.c:401] PDC_SERVER[2]: SCHED: executing edge 0 func=zfp_decompress dev=GPU
[INFO] PDC_SERVER[0]: Executing graph with json filepath /pscratch/sd/n/nlewi26/src/work_space/source/pdc/tf_client/graphs/zfp_gpu.json
[13:36:01.907650] [WARNING] [pdc_tf_server.c:393] PDC_SERVER[0]: SCHED: setting CUDA device to 0 for edge 0 func=zfp_decompress
[13:36:01.907661] [WARNING] [pdc_tf_server.c:401] PDC_SERVER[0]: SCHED: executing edge 0 func=zfp_decompress dev=GPU
[13:36:01.913934] [WARNING] [pdc_tf_server.c:475] PDC_SERVER[2]: SCHED: done running transformations
[13:36:01.915264] [WARNING] [pdc_tf_server.c:393] PDC_SERVER[1]: SCHED: setting CUDA device to 0 for edge 0 func=zfp_decompress
[13:36:01.915291] [WARNING] [pdc_tf_server.c:401] PDC_SERVER[1]: SCHED: executing edge 0 func=zfp_decompress dev=GPU
[13:36:01.916009] [WARNING] [pdc_tf_server.c:475] PDC_SERVER[0]: SCHED: done running transformations
[INFO] PDC_SERVER[2]: Fetching region for obj_id=1000000005
[INFO] PDC_SERVER[2]: Checking against Object 2000000000
[INFO] PDC_SERVER[2]: Checking against Object 3000000000
[INFO] PDC_SERVER[2]: Checking against Object 4000000000
[INFO] PDC_SERVER[2]: Checking against Object 3000000003
[INFO] PDC_SERVER[2]: Checking against Object 4000000002
[INFO] PDC_SERVER[2]: Checking against Object 1000000001
[INFO] PDC_SERVER[2]: Checking against Object 4000000005
[INFO] PDC_SERVER[2]: Checking against Object 1000000003
[INFO] PDC_SERVER[2]: Checking against Object 2000000002
[INFO] PDC_SERVER[2]: Object 1000000005 NOT found in cache
[INFO] PDC_SERVER[2]: Fetching region from server for obj_id=1000000005
[INFO] PDC_SERVER[0]: Fetching region for obj_id=1000000005
[INFO] PDC_SERVER[0]: Checking against Object 2000000000
[INFO] PDC_SERVER[0]: Checking against Object 3000000000
[INFO] PDC_SERVER[0]: Checking against Object 4000000000
[INFO] PDC_SERVER[0]: Checking against Object 3000000003
[INFO] PDC_SERVER[0]: Checking against Object 4000000002
[INFO] PDC_SERVER[0]: Checking against Object 1000000001
[INFO] PDC_SERVER[0]: Checking against Object 4000000005
[INFO] PDC_SERVER[0]: Checking against Object 1000000003
[INFO] PDC_SERVER[0]: Checking against Object 2000000002
[INFO] PDC_SERVER[0]: Object 1000000005 NOT found in cache
[INFO] PDC_SERVER[0]: Fetching region from server for obj_id=1000000005
[13:36:01.922397] [WARNING] [pdc_tf_server.c:393] PDC_SERVER[3]: SCHED: setting CUDA device to 0 for edge 0 func=zfp_decompress
[13:36:01.922431] [WARNING] [pdc_tf_server.c:401] PDC_SERVER[3]: SCHED: executing edge 0 func=zfp_decompress dev=GPU
[13:36:01.925581] [WARNING] [pdc_tf_server.c:475] PDC_SERVER[1]: SCHED: done running transformations
[13:36:01.931186] [WARNING] [pdc_tf_server.c:475] PDC_SERVER[3]: SCHED: done running transformations
[INFO] PDC_SERVER[1]: Fetching region for obj_id=1000000005
[INFO] PDC_SERVER[1]: Checking against Object 2000000000
[INFO] PDC_SERVER[1]: Checking against Object 3000000000
[INFO] PDC_SERVER[1]: Checking against Object 4000000000
[INFO] PDC_SERVER[1]: Checking against Object 3000000003
[INFO] PDC_SERVER[1]: Checking against Object 4000000002
[INFO] PDC_SERVER[1]: Checking against Object 1000000001
[INFO] PDC_SERVER[1]: Checking against Object 4000000005
[INFO] PDC_SERVER[1]: Checking against Object 1000000003
[INFO] PDC_SERVER[1]: Checking against Object 2000000002
[INFO] PDC_SERVER[1]: Object 1000000005 NOT found in cache
[INFO] PDC_SERVER[1]: Fetching region from server for obj_id=1000000005
[13:36:01.934864] [WARNING] [pdc_tf_server.c:393] PDC_SERVER[2]: SCHED: setting CUDA device to 0 for edge 0 func=zfp_decompress
[13:36:01.934883] [WARNING] [pdc_tf_server.c:401] PDC_SERVER[2]: SCHED: executing edge 0 func=zfp_decompress dev=GPU
[INFO] PDC_SERVER[3]: Fetching region for obj_id=1000000005
[INFO] PDC_SERVER[3]: Checking against Object 2000000000
[INFO] PDC_SERVER[3]: Checking against Object 3000000000
[INFO] PDC_SERVER[3]: Checking against Object 4000000000
[INFO] PDC_SERVER[3]: Checking against Object 3000000003
[INFO] PDC_SERVER[3]: Checking against Object 4000000002
[INFO] PDC_SERVER[3]: Checking against Object 1000000001
[INFO] PDC_SERVER[3]: Checking against Object 4000000005
[INFO] PDC_SERVER[3]: Checking against Object 1000000003
[INFO] PDC_SERVER[3]: Checking against Object 2000000002
[INFO] PDC_SERVER[3]: Object 1000000005 NOT found in cache
[INFO] PDC_SERVER[3]: Fetching region from server for obj_id=1000000005
[INFO] PDC_SERVER[0]: Executing graph with json filepath /pscratch/sd/n/nlewi26/src/work_space/source/pdc/tf_client/graphs/zfp_gpu.json
[13:36:01.941007] [WARNING] [pdc_tf_server.c:393] PDC_SERVER[0]: SCHED: setting CUDA device to 0 for edge 0 func=zfp_decompress
[13:36:01.941017] [WARNING] [pdc_tf_server.c:401] PDC_SERVER[0]: SCHED: executing edge 0 func=zfp_decompress dev=GPU
[13:36:01.942268] [WARNING] [pdc_tf_server.c:475] PDC_SERVER[2]: SCHED: done running transformations
[INFO] PDC_SERVER[2]: Fetching region for obj_id=1000000005
[INFO] PDC_SERVER[2]: Checking against Object 2000000000
[INFO] PDC_SERVER[2]: Checking against Object 3000000000
[INFO] PDC_SERVER[2]: Checking against Object 4000000000
[INFO] PDC_SERVER[2]: Checking against Object 3000000003
[INFO] PDC_SERVER[2]: Checking against Object 4000000002
[INFO] PDC_SERVER[2]: Checking against Object 1000000001
[INFO] PDC_SERVER[2]: Checking against Object 4000000005
[INFO] PDC_SERVER[2]: Checking against Object 1000000003
[INFO] PDC_SERVER[2]: Checking against Object 2000000002
[INFO] PDC_SERVER[2]: Object 1000000005 NOT found in cache
[INFO] PDC_SERVER[2]: Fetching region from server for obj_id=1000000005
[13:36:01.949274] [WARNING] [pdc_tf_server.c:475] PDC_SERVER[0]: SCHED: done running transformations
[13:36:01.953762] [WARNING] [pdc_tf_server.c:393] PDC_SERVER[3]: SCHED: setting CUDA device to 0 for edge 0 func=zfp_decompress
[13:36:01.953787] [WARNING] [pdc_tf_server.c:401] PDC_SERVER[3]: SCHED: executing edge 0 func=zfp_decompress dev=GPU
[13:36:01.953911] [WARNING] [pdc_tf_server.c:393] PDC_SERVER[1]: SCHED: setting CUDA device to 0 for edge 0 func=zfp_decompress
[13:36:01.953936] [WARNING] [pdc_tf_server.c:401] PDC_SERVER[1]: SCHED: executing edge 0 func=zfp_decompress dev=GPU
[INFO] PDC_SERVER[0]: Fetching region for obj_id=1000000005
[INFO] PDC_SERVER[0]: Checking against Object 2000000000
[INFO] PDC_SERVER[0]: Checking against Object 3000000000
[INFO] PDC_SERVER[0]: Checking against Object 4000000000
[INFO] PDC_SERVER[0]: Checking against Object 3000000003
[INFO] PDC_SERVER[0]: Checking against Object 4000000002
[INFO] PDC_SERVER[0]: Checking against Object 1000000001
[INFO] PDC_SERVER[0]: Checking against Object 4000000005
[INFO] PDC_SERVER[0]: Checking against Object 1000000003
[INFO] PDC_SERVER[0]: Checking against Object 2000000002
[INFO] PDC_SERVER[0]: Object 1000000005 NOT found in cache
[INFO] PDC_SERVER[0]: Fetching region from server for obj_id=1000000005
[13:36:01.962610] [WARNING] [pdc_tf_server.c:475] PDC_SERVER[3]: SCHED: done running transformations
[13:36:01.963396] [WARNING] [pdc_tf_server.c:393] PDC_SERVER[2]: SCHED: setting CUDA device to 0 for edge 0 func=zfp_decompress
[13:36:01.963412] [WARNING] [pdc_tf_server.c:401] PDC_SERVER[2]: SCHED: executing edge 0 func=zfp_decompress dev=GPU
[INFO] PDC_SERVER[3]: Fetching region for obj_id=1000000005
[INFO] PDC_SERVER[3]: Checking against Object 2000000000
[INFO] PDC_SERVER[3]: Checking against Object 3000000000
[INFO] PDC_SERVER[3]: Checking against Object 4000000000
[INFO] PDC_SERVER[3]: Checking against Object 3000000003
[INFO] PDC_SERVER[3]: Checking against Object 4000000002
[INFO] PDC_SERVER[3]: Checking against Object 1000000001
[INFO] PDC_SERVER[3]: Checking against Object 4000000005
[INFO] PDC_SERVER[3]: Checking against Object 1000000003
[INFO] PDC_SERVER[3]: Checking against Object 2000000002
[INFO] PDC_SERVER[3]: Object 1000000005 NOT found in cache
[INFO] PDC_SERVER[3]: Fetching region from server for obj_id=1000000005
[INFO] PDC_SERVER[0]: Executing graph with json filepath /pscratch/sd/n/nlewi26/src/work_space/source/pdc/tf_client/graphs/zfp_gpu.json
[13:36:01.970182] [WARNING] [pdc_tf_server.c:393] PDC_SERVER[0]: SCHED: setting CUDA device to 0 for edge 0 func=zfp_decompress
[13:36:01.970190] [WARNING] [pdc_tf_server.c:401] PDC_SERVER[0]: SCHED: executing edge 0 func=zfp_decompress dev=GPU
[13:36:01.971822] [WARNING] [pdc_tf_server.c:475] PDC_SERVER[2]: SCHED: done running transformations
[13:36:01.974073] [WARNING] [pdc_tf_server.c:475] PDC_SERVER[1]: SCHED: done running transformations
[INFO] PDC_SERVER[2]: Fetching region for obj_id=1000000005
[INFO] PDC_SERVER[2]: Checking against Object 2000000000
[INFO] PDC_SERVER[2]: Checking against Object 3000000000
[INFO] PDC_SERVER[2]: Checking against Object 4000000000
[INFO] PDC_SERVER[2]: Checking against Object 3000000003
[INFO] PDC_SERVER[2]: Checking against Object 4000000002
[INFO] PDC_SERVER[2]: Checking against Object 1000000001
[INFO] PDC_SERVER[2]: Checking against Object 4000000005
[INFO] PDC_SERVER[2]: Checking against Object 1000000003
[INFO] PDC_SERVER[2]: Checking against Object 2000000002
[INFO] PDC_SERVER[2]: Object 1000000005 NOT found in cache
[INFO] PDC_SERVER[2]: Fetching region from server for obj_id=1000000005
[INFO] PDC_SERVER[1]: Fetching region for obj_id=1000000005
[INFO] PDC_SERVER[1]: Checking against Object 2000000000
[INFO] PDC_SERVER[1]: Checking against Object 3000000000
[INFO] PDC_SERVER[1]: Checking against Object 4000000000
[INFO] PDC_SERVER[1]: Checking against Object 3000000003
[INFO] PDC_SERVER[1]: Checking against Object 4000000002
[INFO] PDC_SERVER[1]: Checking against Object 1000000001
[INFO] PDC_SERVER[1]: Checking against Object 4000000005
[INFO] PDC_SERVER[1]: Checking against Object 1000000003
[INFO] PDC_SERVER[1]: Checking against Object 2000000002
[INFO] PDC_SERVER[1]: Object 1000000005 NOT found in cache
[INFO] PDC_SERVER[1]: Fetching region from server for obj_id=1000000005
[13:36:01.989159] [WARNING] [pdc_tf_server.c:475] PDC_SERVER[0]: SCHED: done running transformations
[13:36:01.991639] [WARNING] [pdc_tf_server.c:393] PDC_SERVER[3]: SCHED: setting CUDA device to 0 for edge 0 func=zfp_decompress
[13:36:01.991666] [WARNING] [pdc_tf_server.c:401] PDC_SERVER[3]: SCHED: executing edge 0 func=zfp_decompress dev=GPU
[13:36:01.992649] [WARNING] [pdc_tf_server.c:393] PDC_SERVER[2]: SCHED: setting CUDA device to 0 for edge 0 func=zfp_decompress
[13:36:01.992666] [WARNING] [pdc_tf_server.c:401] PDC_SERVER[2]: SCHED: executing edge 0 func=zfp_decompress dev=GPU
[INFO] PDC_SERVER[0]: Fetching region for obj_id=1000000005
[INFO] PDC_SERVER[0]: Checking against Object 2000000000
[INFO] PDC_SERVER[0]: Checking against Object 3000000000
[INFO] PDC_SERVER[0]: Checking against Object 4000000000
[INFO] PDC_SERVER[0]: Checking against Object 3000000003
[INFO] PDC_SERVER[0]: Checking against Object 4000000002
[INFO] PDC_SERVER[0]: Checking against Object 1000000001
[INFO] PDC_SERVER[0]: Checking against Object 4000000005
[INFO] PDC_SERVER[0]: Checking against Object 1000000003
[INFO] PDC_SERVER[0]: Checking against Object 2000000002
[INFO] PDC_SERVER[0]: Object 1000000005 NOT found in cache
[INFO] PDC_SERVER[0]: Fetching region from server for obj_id=1000000005
[13:36:01.995777] [WARNING] [pdc_tf_server.c:393] PDC_SERVER[1]: SCHED: setting CUDA device to 0 for edge 0 func=zfp_decompress
[13:36:01.995791] [WARNING] [pdc_tf_server.c:401] PDC_SERVER[1]: SCHED: executing edge 0 func=zfp_decompress dev=GPU
[INFO] PDC_SERVER[0]: Executing graph with json filepath /pscratch/sd/n/nlewi26/src/work_space/source/pdc/tf_client/graphs/zfp_gpu.json
[13:36:02.009929] [WARNING] [pdc_tf_server.c:393] PDC_SERVER[0]: SCHED: setting CUDA device to 0 for edge 0 func=zfp_decompress
[13:36:02.009942] [WARNING] [pdc_tf_server.c:401] PDC_SERVER[0]: SCHED: executing edge 0 func=zfp_decompress dev=GPU
[13:36:02.017196] [WARNING] [pdc_tf_server.c:475] PDC_SERVER[1]: SCHED: done running transformations
[13:36:02.017897] [WARNING] [pdc_tf_server.c:475] PDC_SERVER[2]: SCHED: done running transformations
[13:36:02.017980] [WARNING] [pdc_tf_server.c:475] PDC_SERVER[3]: SCHED: done running transformations
[INFO] PDC_SERVER[1]: Fetching region for obj_id=1000000005
[INFO] PDC_SERVER[1]: Checking against Object 2000000000
[INFO] PDC_SERVER[1]: Checking against Object 3000000000
[INFO] PDC_SERVER[1]: Checking against Object 4000000000
[INFO] PDC_SERVER[1]: Checking against Object 3000000003
[INFO] PDC_SERVER[1]: Checking against Object 4000000002
[INFO] PDC_SERVER[1]: Checking against Object 1000000001
[INFO] PDC_SERVER[1]: Checking against Object 4000000005
[INFO] PDC_SERVER[1]: Checking against Object 1000000003
[INFO] PDC_SERVER[1]: Checking against Object 2000000002
[INFO] PDC_SERVER[1]: Object 1000000005 NOT found in cache
[INFO] PDC_SERVER[1]: Fetching region from server for obj_id=1000000005
[INFO] PDC_SERVER[2]: Fetching region for obj_id=1000000005
[INFO] PDC_SERVER[2]: Checking against Object 2000000000
[INFO] PDC_SERVER[2]: Checking against Object 3000000000
[INFO] PDC_SERVER[2]: Checking against Object 4000000000
[INFO] PDC_SERVER[2]: Checking against Object 3000000003
[INFO] PDC_SERVER[2]: Checking against Object 4000000002
[INFO] PDC_SERVER[2]: Checking against Object 1000000001
[INFO] PDC_SERVER[2]: Checking against Object 4000000005
[INFO] PDC_SERVER[2]: Checking against Object 1000000003
[INFO] PDC_SERVER[2]: Checking against Object 2000000002
[INFO] PDC_SERVER[2]: Object 1000000005 NOT found in cache
[INFO] PDC_SERVER[2]: Fetching region from server for obj_id=1000000005
[INFO] PDC_SERVER[3]: Fetching region for obj_id=1000000005
[INFO] PDC_SERVER[3]: Checking against Object 2000000000
[INFO] PDC_SERVER[3]: Checking against Object 3000000000
[INFO] PDC_SERVER[3]: Checking against Object 4000000000
[INFO] PDC_SERVER[3]: Checking against Object 3000000003
[INFO] PDC_SERVER[3]: Checking against Object 4000000002
[INFO] PDC_SERVER[3]: Checking against Object 1000000001
[INFO] PDC_SERVER[3]: Checking against Object 4000000005
[INFO] PDC_SERVER[3]: Checking against Object 1000000003
[INFO] PDC_SERVER[3]: Checking against Object 2000000002
[INFO] PDC_SERVER[3]: Object 1000000005 NOT found in cache
[INFO] PDC_SERVER[3]: Fetching region from server for obj_id=1000000005
[13:36:02.030822] [WARNING] [pdc_tf_server.c:475] PDC_SERVER[0]: SCHED: done running transformations
[INFO] PDC_SERVER[0]: Fetching region for obj_id=1000000005
[INFO] PDC_SERVER[0]: Checking against Object 2000000000
[INFO] PDC_SERVER[0]: Checking against Object 3000000000
[INFO] PDC_SERVER[0]: Checking against Object 4000000000
[INFO] PDC_SERVER[0]: Checking against Object 3000000003
[INFO] PDC_SERVER[0]: Checking against Object 4000000002
[INFO] PDC_SERVER[0]: Checking against Object 1000000001
[INFO] PDC_SERVER[0]: Checking against Object 4000000005
[INFO] PDC_SERVER[0]: Checking against Object 1000000003
[INFO] PDC_SERVER[0]: Checking against Object 2000000002
[INFO] PDC_SERVER[0]: Object 1000000005 NOT found in cache
[INFO] PDC_SERVER[0]: Fetching region from server for obj_id=1000000005
[13:36:02.038018] [WARNING] [pdc_tf_server.c:393] PDC_SERVER[1]: SCHED: setting CUDA device to 0 for edge 0 func=zfp_decompress
[13:36:02.038041] [WARNING] [pdc_tf_server.c:401] PDC_SERVER[1]: SCHED: executing edge 0 func=zfp_decompress dev=GPU
[13:36:02.039134] [WARNING] [pdc_tf_server.c:393] PDC_SERVER[2]: SCHED: setting CUDA device to 0 for edge 0 func=zfp_decompress
[13:36:02.039158] [WARNING] [pdc_tf_server.c:401] PDC_SERVER[2]: SCHED: executing edge 0 func=zfp_decompress dev=GPU
[13:36:02.047815] [WARNING] [pdc_tf_server.c:393] PDC_SERVER[3]: SCHED: setting CUDA device to 0 for edge 0 func=zfp_decompress
[13:36:02.047831] [WARNING] [pdc_tf_server.c:401] PDC_SERVER[3]: SCHED: executing edge 0 func=zfp_decompress dev=GPU
[INFO] PDC_SERVER[0]: Executing graph with json filepath /pscratch/sd/n/nlewi26/src/work_space/source/pdc/tf_client/graphs/zfp_gpu.json
[13:36:02.051475] [WARNING] [pdc_tf_server.c:393] PDC_SERVER[0]: SCHED: setting CUDA device to 0 for edge 0 func=zfp_decompress
[13:36:02.051485] [WARNING] [pdc_tf_server.c:401] PDC_SERVER[0]: SCHED: executing edge 0 func=zfp_decompress dev=GPU
[13:36:02.058173] [WARNING] [pdc_tf_server.c:475] PDC_SERVER[1]: SCHED: done running transformations
[INFO] PDC_SERVER[1]: Fetching region for obj_id=1000000005
[INFO] PDC_SERVER[1]: Checking against Object 2000000000
[INFO] PDC_SERVER[1]: Checking against Object 3000000000
[INFO] PDC_SERVER[1]: Checking against Object 4000000000
[INFO] PDC_SERVER[1]: Checking against Object 3000000003
[INFO] PDC_SERVER[1]: Checking against Object 4000000002
[INFO] PDC_SERVER[1]: Checking against Object 1000000001
[INFO] PDC_SERVER[1]: Checking against Object 4000000005
[INFO] PDC_SERVER[1]: Checking against Object 1000000003
[INFO] PDC_SERVER[1]: Checking against Object 2000000002
[INFO] PDC_SERVER[1]: Object 1000000005 NOT found in cache
[INFO] PDC_SERVER[1]: Fetching region from server for obj_id=1000000005
[13:36:02.068128] [WARNING] [pdc_tf_server.c:475] PDC_SERVER[0]: SCHED: done running transformations
[13:36:02.072140] [WARNING] [pdc_tf_server.c:475] PDC_SERVER[3]: SCHED: done running transformations
[13:36:02.072217] [WARNING] [pdc_tf_server.c:475] PDC_SERVER[2]: SCHED: done running transformations
[INFO] PDC_SERVER[0]: Fetching region for obj_id=1000000005
[INFO] PDC_SERVER[0]: Checking against Object 2000000000
[INFO] PDC_SERVER[0]: Checking against Object 3000000000
[INFO] PDC_SERVER[0]: Checking against Object 4000000000
[INFO] PDC_SERVER[0]: Checking against Object 3000000003
[INFO] PDC_SERVER[0]: Checking against Object 4000000002
[INFO] PDC_SERVER[0]: Checking against Object 1000000001
[INFO] PDC_SERVER[0]: Checking against Object 4000000005
[INFO] PDC_SERVER[0]: Checking against Object 1000000003
[INFO] PDC_SERVER[0]: Checking against Object 2000000002
[INFO] PDC_SERVER[0]: Object 1000000005 NOT found in cache
[INFO] PDC_SERVER[0]: Fetching region from server for obj_id=1000000005
[13:36:02.078651] [WARNING] [pdc_tf_server.c:393] PDC_SERVER[1]: SCHED: setting CUDA device to 0 for edge 0 func=zfp_decompress
[13:36:02.078667] [WARNING] [pdc_tf_server.c:401] PDC_SERVER[1]: SCHED: executing edge 0 func=zfp_decompress dev=GPU
[INFO] PDC_SERVER[3]: Fetching region for obj_id=1000000005
[INFO] PDC_SERVER[3]: Checking against Object 2000000000
[INFO] PDC_SERVER[3]: Checking against Object 3000000000
[INFO] PDC_SERVER[3]: Checking against Object 4000000000
[INFO] PDC_SERVER[3]: Checking against Object 3000000003
[INFO] PDC_SERVER[3]: Checking against Object 4000000002
[INFO] PDC_SERVER[3]: Checking against Object 1000000001
[INFO] PDC_SERVER[3]: Checking against Object 4000000005
[INFO] PDC_SERVER[3]: Checking against Object 1000000003
[INFO] PDC_SERVER[3]: Checking against Object 2000000002
[INFO] PDC_SERVER[3]: Object 1000000005 NOT found in cache
[INFO] PDC_SERVER[3]: Fetching region from server for obj_id=1000000005
[INFO] PDC_SERVER[2]: Fetching region for obj_id=1000000005
[INFO] PDC_SERVER[2]: Checking against Object 2000000000
[INFO] PDC_SERVER[2]: Checking against Object 3000000000
[INFO] PDC_SERVER[2]: Checking against Object 4000000000
[INFO] PDC_SERVER[2]: Checking against Object 3000000003
[INFO] PDC_SERVER[2]: Checking against Object 4000000002
[INFO] PDC_SERVER[2]: Checking against Object 1000000001
[INFO] PDC_SERVER[2]: Checking against Object 4000000005
[INFO] PDC_SERVER[2]: Checking against Object 1000000003
[INFO] PDC_SERVER[2]: Checking against Object 2000000002
[INFO] PDC_SERVER[2]: Object 1000000005 NOT found in cache
[INFO] PDC_SERVER[2]: Fetching region from server for obj_id=1000000005
[13:36:02.086564] [WARNING] [pdc_tf_server.c:475] PDC_SERVER[1]: SCHED: done running transformations
[INFO] PDC_SERVER[0]: Executing graph with json filepath /pscratch/sd/n/nlewi26/src/work_space/source/pdc/tf_client/graphs/zfp_gpu.json
[13:36:02.089110] [WARNING] [pdc_tf_server.c:393] PDC_SERVER[0]: SCHED: setting CUDA device to 0 for edge 0 func=zfp_decompress
[13:36:02.089122] [WARNING] [pdc_tf_server.c:401] PDC_SERVER[0]: SCHED: executing edge 0 func=zfp_decompress dev=GPU
[INFO] PDC_SERVER[1]: Fetching region for obj_id=1000000005
[INFO] PDC_SERVER[1]: Checking against Object 2000000000
[INFO] PDC_SERVER[1]: Checking against Object 3000000000
[INFO] PDC_SERVER[1]: Checking against Object 4000000000
[INFO] PDC_SERVER[1]: Checking against Object 3000000003
[INFO] PDC_SERVER[1]: Checking against Object 4000000002
[INFO] PDC_SERVER[1]: Checking against Object 1000000001
[INFO] PDC_SERVER[1]: Checking against Object 4000000005
[INFO] PDC_SERVER[1]: Checking against Object 1000000003
[INFO] PDC_SERVER[1]: Checking against Object 2000000002
[INFO] PDC_SERVER[1]: Object 1000000005 NOT found in cache
[INFO] PDC_SERVER[1]: Fetching region from server for obj_id=1000000005
[13:36:02.096002] [WARNING] [pdc_tf_server.c:393] PDC_SERVER[3]: SCHED: setting CUDA device to 0 for edge 0 func=zfp_decompress
[13:36:02.096024] [WARNING] [pdc_tf_server.c:401] PDC_SERVER[3]: SCHED: executing edge 0 func=zfp_decompress dev=GPU
[13:36:02.096287] [WARNING] [pdc_tf_server.c:393] PDC_SERVER[2]: SCHED: setting CUDA device to 0 for edge 0 func=zfp_decompress
[13:36:02.096311] [WARNING] [pdc_tf_server.c:401] PDC_SERVER[2]: SCHED: executing edge 0 func=zfp_decompress dev=GPU
[13:36:02.097520] [WARNING] [pdc_tf_server.c:475] PDC_SERVER[0]: SCHED: done running transformations
[INFO] PDC_SERVER[0]: Fetching region for obj_id=1000000005
[INFO] PDC_SERVER[0]: Checking against Object 2000000000
[INFO] PDC_SERVER[0]: Checking against Object 3000000000
[INFO] PDC_SERVER[0]: Checking against Object 4000000000
[INFO] PDC_SERVER[0]: Checking against Object 3000000003
[INFO] PDC_SERVER[0]: Checking against Object 4000000002
[INFO] PDC_SERVER[0]: Checking against Object 1000000001
[INFO] PDC_SERVER[0]: Checking against Object 4000000005
[INFO] PDC_SERVER[0]: Checking against Object 1000000003
[INFO] PDC_SERVER[0]: Checking against Object 2000000002
[INFO] PDC_SERVER[0]: Object 1000000005 NOT found in cache
[INFO] PDC_SERVER[0]: Fetching region from server for obj_id=1000000005
[13:36:02.108380] [WARNING] [pdc_tf_server.c:393] PDC_SERVER[1]: SCHED: setting CUDA device to 0 for edge 0 func=zfp_decompress
[13:36:02.108397] [WARNING] [pdc_tf_server.c:401] PDC_SERVER[1]: SCHED: executing edge 0 func=zfp_decompress dev=GPU
[13:36:02.109485] [WARNING] [pdc_tf_server.c:475] PDC_SERVER[2]: SCHED: done running transformations
[13:36:02.110071] [WARNING] [pdc_tf_server.c:475] PDC_SERVER[3]: SCHED: done running transformations
[13:36:02.116410] [WARNING] [pdc_tf_server.c:475] PDC_SERVER[1]: SCHED: done running transformations
[INFO] PDC_SERVER[2]: Fetching region for obj_id=1000000005
[INFO] PDC_SERVER[2]: Checking against Object 2000000000
[INFO] PDC_SERVER[2]: Checking against Object 3000000000
[INFO] PDC_SERVER[2]: Checking against Object 4000000000
[INFO] PDC_SERVER[2]: Checking against Object 3000000003
[INFO] PDC_SERVER[2]: Checking against Object 4000000002
[INFO] PDC_SERVER[2]: Checking against Object 1000000001
[INFO] PDC_SERVER[2]: Checking against Object 4000000005
[INFO] PDC_SERVER[2]: Checking against Object 1000000003
[INFO] PDC_SERVER[2]: Checking against Object 2000000002
[INFO] PDC_SERVER[2]: Object 1000000005 NOT found in cache
[INFO] PDC_SERVER[2]: Fetching region from server for obj_id=1000000005
[INFO] PDC_SERVER[3]: Fetching region for obj_id=1000000005
[INFO] PDC_SERVER[3]: Checking against Object 2000000000
[INFO] PDC_SERVER[3]: Checking against Object 3000000000
[INFO] PDC_SERVER[3]: Checking against Object 4000000000
[INFO] PDC_SERVER[3]: Checking against Object 3000000003
[INFO] PDC_SERVER[3]: Checking against Object 4000000002
[INFO] PDC_SERVER[3]: Checking against Object 1000000001
[INFO] PDC_SERVER[3]: Checking against Object 4000000005
[INFO] PDC_SERVER[3]: Checking against Object 1000000003
[INFO] PDC_SERVER[3]: Checking against Object 2000000002
[INFO] PDC_SERVER[3]: Object 1000000005 NOT found in cache
[INFO] PDC_SERVER[3]: Fetching region from server for obj_id=1000000005
[INFO] PDC_SERVER[0]: Executing graph with json filepath /pscratch/sd/n/nlewi26/src/work_space/source/pdc/tf_client/graphs/zfp_gpu.json
[13:36:02.118123] [WARNING] [pdc_tf_server.c:393] PDC_SERVER[0]: SCHED: setting CUDA device to 0 for edge 0 func=zfp_decompress
[13:36:02.118131] [WARNING] [pdc_tf_server.c:401] PDC_SERVER[0]: SCHED: executing edge 0 func=zfp_decompress dev=GPU
[INFO] PDC_SERVER[1]: Fetching region for obj_id=1000000005
[INFO] PDC_SERVER[1]: Checking against Object 2000000000
[INFO] PDC_SERVER[1]: Checking against Object 3000000000
[INFO] PDC_SERVER[1]: Checking against Object 4000000000
[INFO] PDC_SERVER[1]: Checking against Object 3000000003
[INFO] PDC_SERVER[1]: Checking against Object 4000000002
[INFO] PDC_SERVER[1]: Checking against Object 1000000001
[INFO] PDC_SERVER[1]: Checking against Object 4000000005
[INFO] PDC_SERVER[1]: Checking against Object 1000000003
[INFO] PDC_SERVER[1]: Checking against Object 2000000002
[INFO] PDC_SERVER[1]: Object 1000000005 NOT found in cache
[INFO] PDC_SERVER[1]: Fetching region from server for obj_id=1000000005
[13:36:02.126448] [WARNING] [pdc_tf_server.c:475] PDC_SERVER[0]: SCHED: done running transformations
[INFO] PDC_SERVER[0]: Fetching region for obj_id=1000000005
[INFO] PDC_SERVER[0]: Checking against Object 2000000000
[INFO] PDC_SERVER[0]: Checking against Object 3000000000
[INFO] PDC_SERVER[0]: Checking against Object 4000000000
[INFO] PDC_SERVER[0]: Checking against Object 3000000003
[INFO] PDC_SERVER[0]: Checking against Object 4000000002
[INFO] PDC_SERVER[0]: Checking against Object 1000000001
[INFO] PDC_SERVER[0]: Checking against Object 4000000005
[INFO] PDC_SERVER[0]: Checking against Object 1000000003
[INFO] PDC_SERVER[0]: Checking against Object 2000000002
[INFO] PDC_SERVER[0]: Object 1000000005 NOT found in cache
[INFO] PDC_SERVER[0]: Fetching region from server for obj_id=1000000005
[13:36:02.133274] [WARNING] [pdc_tf_server.c:393] PDC_SERVER[2]: SCHED: setting CUDA device to 0 for edge 0 func=zfp_decompress
[13:36:02.133289] [WARNING] [pdc_tf_server.c:401] PDC_SERVER[2]: SCHED: executing edge 0 func=zfp_decompress dev=GPU
[13:36:02.134869] [WARNING] [pdc_tf_server.c:393] PDC_SERVER[3]: SCHED: setting CUDA device to 0 for edge 0 func=zfp_decompress
[13:36:02.134884] [WARNING] [pdc_tf_server.c:401] PDC_SERVER[3]: SCHED: executing edge 0 func=zfp_decompress dev=GPU
[13:36:02.136888] [WARNING] [pdc_tf_server.c:393] PDC_SERVER[1]: SCHED: setting CUDA device to 0 for edge 0 func=zfp_decompress
[13:36:02.136901] [WARNING] [pdc_tf_server.c:401] PDC_SERVER[1]: SCHED: executing edge 0 func=zfp_decompress dev=GPU
[13:36:02.144883] [WARNING] [pdc_tf_server.c:475] PDC_SERVER[1]: SCHED: done running transformations
[13:36:02.145649] [WARNING] [pdc_tf_server.c:475] PDC_SERVER[2]: SCHED: done running transformations
[13:36:02.146125] [WARNING] [pdc_tf_server.c:475] PDC_SERVER[3]: SCHED: done running transformations
[INFO] PDC_SERVER[0]: Executing graph with json filepath /pscratch/sd/n/nlewi26/src/work_space/source/pdc/tf_client/graphs/zfp_gpu.json
[13:36:02.147362] [WARNING] [pdc_tf_server.c:393] PDC_SERVER[0]: SCHED: setting CUDA device to 0 for edge 0 func=zfp_decompress
[13:36:02.147373] [WARNING] [pdc_tf_server.c:401] PDC_SERVER[0]: SCHED: executing edge 0 func=zfp_decompress dev=GPU
[INFO] PDC_SERVER[1]: Fetching region for obj_id=1000000005
[INFO] PDC_SERVER[1]: Checking against Object 2000000000
[INFO] PDC_SERVER[1]: Checking against Object 3000000000
[INFO] PDC_SERVER[1]: Checking against Object 4000000000
[INFO] PDC_SERVER[1]: Checking against Object 3000000003
[INFO] PDC_SERVER[1]: Checking against Object 4000000002
[INFO] PDC_SERVER[1]: Checking against Object 1000000001
[INFO] PDC_SERVER[1]: Checking against Object 4000000005
[INFO] PDC_SERVER[1]: Checking against Object 1000000003
[INFO] PDC_SERVER[1]: Checking against Object 2000000002
[INFO] PDC_SERVER[1]: Object 1000000005 NOT found in cache
[INFO] PDC_SERVER[1]: Fetching region from server for obj_id=1000000005
[INFO] PDC_SERVER[3]: Fetching region for obj_id=1000000005
[INFO] PDC_SERVER[3]: Checking against Object 2000000000
[INFO] PDC_SERVER[3]: Checking against Object 3000000000
[INFO] PDC_SERVER[3]: Checking against Object 4000000000
[INFO] PDC_SERVER[3]: Checking against Object 3000000003
[INFO] PDC_SERVER[3]: Checking against Object 4000000002
[INFO] PDC_SERVER[3]: Checking against Object 1000000001
[INFO] PDC_SERVER[3]: Checking against Object 4000000005
[INFO] PDC_SERVER[3]: Checking against Object 1000000003
[INFO] PDC_SERVER[3]: Checking against Object 2000000002
[INFO] PDC_SERVER[3]: Object 1000000005 NOT found in cache
[INFO] PDC_SERVER[3]: Fetching region from server for obj_id=1000000005
[INFO] PDC_SERVER[2]: Fetching region for obj_id=1000000005
[INFO] PDC_SERVER[2]: Checking against Object 2000000000
[INFO] PDC_SERVER[2]: Checking against Object 3000000000
[INFO] PDC_SERVER[2]: Checking against Object 4000000000
[INFO] PDC_SERVER[2]: Checking against Object 3000000003
[INFO] PDC_SERVER[2]: Checking against Object 4000000002
[INFO] PDC_SERVER[2]: Checking against Object 1000000001
[INFO] PDC_SERVER[2]: Checking against Object 4000000005
[INFO] PDC_SERVER[2]: Checking against Object 1000000003
[INFO] PDC_SERVER[2]: Checking against Object 2000000002
[INFO] PDC_SERVER[2]: Object 1000000005 NOT found in cache
[INFO] PDC_SERVER[2]: Fetching region from server for obj_id=1000000005
[13:36:02.155776] [WARNING] [pdc_tf_server.c:475] PDC_SERVER[0]: SCHED: done running transformations
[13:36:02.166616] [WARNING] [pdc_tf_server.c:393] PDC_SERVER[1]: SCHED: setting CUDA device to 0 for edge 0 func=zfp_decompress
[13:36:02.166669] [WARNING] [pdc_tf_server.c:401] PDC_SERVER[1]: SCHED: executing edge 0 func=zfp_decompress dev=GPU
[13:36:02.169962] [WARNING] [pdc_tf_server.c:393] PDC_SERVER[3]: SCHED: setting CUDA device to 0 for edge 0 func=zfp_decompress
[13:36:02.170004] [WARNING] [pdc_tf_server.c:401] PDC_SERVER[3]: SCHED: executing edge 0 func=zfp_decompress dev=GPU
[13:36:02.170713] [WARNING] [pdc_tf_server.c:393] PDC_SERVER[2]: SCHED: setting CUDA device to 0 for edge 0 func=zfp_decompress
[13:36:02.170739] [WARNING] [pdc_tf_server.c:401] PDC_SERVER[2]: SCHED: executing edge 0 func=zfp_decompress dev=GPU
[13:36:02.181123] [WARNING] [pdc_tf_server.c:475] PDC_SERVER[2]: SCHED: done running transformations
[13:36:02.181664] [WARNING] [pdc_tf_server.c:475] PDC_SERVER[3]: SCHED: done running transformations
[13:36:02.182603] [WARNING] [pdc_tf_server.c:475] PDC_SERVER[1]: SCHED: done running transformations
[INFO] PDC_SERVER[2]: Fetching region for obj_id=1000000005
[INFO] PDC_SERVER[2]: Checking against Object 2000000000
[INFO] PDC_SERVER[2]: Checking against Object 3000000000
[INFO] PDC_SERVER[2]: Checking against Object 4000000000
[INFO] PDC_SERVER[2]: Checking against Object 3000000003
[INFO] PDC_SERVER[2]: Checking against Object 4000000002
[INFO] PDC_SERVER[2]: Checking against Object 1000000001
[INFO] PDC_SERVER[2]: Checking against Object 4000000005
[INFO] PDC_SERVER[2]: Checking against Object 1000000003
[INFO] PDC_SERVER[2]: Checking against Object 2000000002
[INFO] PDC_SERVER[2]: Object 1000000005 NOT found in cache
[INFO] PDC_SERVER[2]: Fetching region from server for obj_id=1000000005
[INFO] PDC_SERVER[3]: Fetching region for obj_id=1000000005
[INFO] PDC_SERVER[3]: Checking against Object 2000000000
[INFO] PDC_SERVER[3]: Checking against Object 3000000000
[INFO] PDC_SERVER[3]: Checking against Object 4000000000
[INFO] PDC_SERVER[3]: Checking against Object 3000000003
[INFO] PDC_SERVER[3]: Checking against Object 4000000002
[INFO] PDC_SERVER[3]: Checking against Object 1000000001
[INFO] PDC_SERVER[3]: Checking against Object 4000000005
[INFO] PDC_SERVER[3]: Checking against Object 1000000003
[INFO] PDC_SERVER[3]: Checking against Object 2000000002
[INFO] PDC_SERVER[3]: Object 1000000005 NOT found in cache
[INFO] PDC_SERVER[3]: Fetching region from server for obj_id=1000000005
[13:36:02.202232] [WARNING] [pdc_tf_server.c:393] PDC_SERVER[2]: SCHED: setting CUDA device to 0 for edge 0 func=zfp_decompress
[13:36:02.202252] [WARNING] [pdc_tf_server.c:401] PDC_SERVER[2]: SCHED: executing edge 0 func=zfp_decompress dev=GPU
[13:36:02.203697] [WARNING] [pdc_tf_server.c:393] PDC_SERVER[3]: SCHED: setting CUDA device to 0 for edge 0 func=zfp_decompress
[13:36:02.203718] [WARNING] [pdc_tf_server.c:401] PDC_SERVER[3]: SCHED: executing edge 0 func=zfp_decompress dev=GPU
[13:36:02.210319] [WARNING] [pdc_tf_server.c:475] PDC_SERVER[2]: SCHED: done running transformations
[13:36:02.213643] [WARNING] [pdc_tf_server.c:475] PDC_SERVER[3]: SCHED: done running transformations
[INFO] PDC_SERVER[0]: Starting flush for obj_id 2000000000, ndim=3
[INFO] PDC_SERVER[0]: Starting flush for obj_id 3000000000, ndim=3
[INFO] PDC_SERVER[0]: Starting flush for obj_id 4000000000, ndim=3
[INFO] PDC_SERVER[0]: Starting flush for obj_id 3000000003, ndim=3
[INFO] PDC_SERVER[0]: Starting flush for obj_id 4000000002, ndim=3
[INFO] PDC_SERVER[0]: Starting flush for obj_id 1000000001, ndim=3
[INFO] PDC_SERVER[0]: Starting flush for obj_id 4000000005, ndim=3
[INFO] PDC_SERVER[0]: Starting flush for obj_id 1000000003, ndim=3
[INFO] PDC_SERVER[0]: Starting flush for obj_id 2000000002, ndim=3
[INFO] PDC_SERVER[0]: Starting flush for obj_id 2000000000, ndim=3
[INFO] PDC_SERVER[0]: Starting flush for obj_id 3000000000, ndim=3
[INFO] PDC_SERVER[0]: Starting flush for obj_id 4000000000, ndim=3
[INFO] PDC_SERVER[0]: Starting flush for obj_id 3000000003, ndim=3
[INFO] PDC_SERVER[0]: Starting flush for obj_id 4000000002, ndim=3
[INFO] PDC_SERVER[0]: Starting flush for obj_id 1000000001, ndim=3
[INFO] PDC_SERVER[0]: Starting flush for obj_id 4000000005, ndim=3
[INFO] PDC_SERVER[0]: Starting flush for obj_id 1000000003, ndim=3
[INFO] PDC_SERVER[0]: Starting flush for obj_id 2000000002, ndim=3
[INFO] PDC_SERVER[0]: Starting flush for obj_id 2000000000, ndim=3
[INFO] PDC_SERVER[0]: Starting flush for obj_id 3000000000, ndim=3
[INFO] PDC_SERVER[0]: Starting flush for obj_id 4000000000, ndim=3
[INFO] PDC_SERVER[0]: Starting flush for obj_id 3000000003, ndim=3
[INFO] PDC_SERVER[0]: Starting flush for obj_id 4000000002, ndim=3
[INFO] PDC_SERVER[0]: Starting flush for obj_id 1000000001, ndim=3
[INFO] PDC_SERVER[0]: Starting flush for obj_id 4000000005, ndim=3
[INFO] PDC_SERVER[0]: Starting flush for obj_id 1000000003, ndim=3
[INFO] PDC_SERVER[0]: Starting flush for obj_id 2000000002, ndim=3
[13:36:09.695677] [WARNING] [pdc_server.c:1323] PDC_SERVER[0]: Checkpoint start
[INFO] PDC_SERVER[0]: Checkpoint file [/pscratch/sd/n/nlewi26/pdc_curl_analysis_bench//0/metadata_checkpoint.0]
[13:36:09.699910] [WARNING] [pdc_server.c:1536] PDC_SERVER[0]: Writing checkpoint transformations start
[13:36:09.700051] [WARNING] [pdc_server.c:1718] PDC_SERVER[0]: Writing checkpoint transformations done
[13:36:09.700058] [WARNING] [pdc_server.c:1721] PDC_SERVER[0]: Writing checkpoint region-analysis state start
[13:36:09.700144] [WARNING] [pdc_server.c:1724] PDC_SERVER[0]: Writing checkpoint region-analysis state done
[13:36:09.700548] [WARNING] [pdc_server.c:1761] PDC_SERVER[0]: Rank[ALL]: Total checkpoint time = 0.004864
[13:36:09.700558] [WARNING] [pdc_server.c:1770] PDC_SERVER[0]: Checkpointing done
[13:36:09.701101] [WARNING] [pdc_client_server_common.c:119] PDC_SERVER[0]: metric,rank0_avg_s/n,rank1_avg_s/n,rank2_avg_s/n,rank3_avg_s/n
[13:36:09.701169] [WARNING] [pdc_client_server_common.c:144] PDC_SERVER[0]: compress,0.013208/48,0.013543/48,0.014280/48,0.014216/48
[13:36:09.701183] [WARNING] [pdc_client_server_common.c:144] PDC_SERVER[0]: decompress,0.011027/48,0.010987/48,0.012789/48,0.012966/48
[13:36:09.701195] [WARNING] [pdc_client_server_common.c:144] PDC_SERVER[0]: magnitude,0.020291/48,0.020071/48,0.020591/48,0.020777/48
[13:36:09.701208] [WARNING] [pdc_client_server_common.c:144] PDC_SERVER[0]: posix_open,0.000061/576,0.000067/576,0.000063/576,0.000064/576
[13:36:09.701220] [WARNING] [pdc_client_server_common.c:144] PDC_SERVER[0]: posix_close,0.000000/0,0.000000/0,0.000000/0,0.000000/0
[13:36:09.701231] [WARNING] [pdc_client_server_common.c:144] PDC_SERVER[0]: posix_write,0.025893/288,0.025854/288,0.026229/288,0.026291/288
[13:36:09.701242] [WARNING] [pdc_client_server_common.c:144] PDC_SERVER[0]: posix_read,0.000000/0,0.000000/0,0.000000/0,0.000000/0
