[INFO] PDC_SERVER[0]: Starting server with no previous data
[INFO] PDC_SERVER[0]: Using [/pscratch/sd/n/nlewi26/pdc_curl_analysis_bench/] as tmp dir, 1 OSTs, 1 OSTs per data file, 0% to BB
[INFO] PDC_SERVER[2]: Environment variable HG_HOST was set
[INFO] PDC_SERVER[6]: Environment variable HG_HOST was set
[INFO] PDC_SERVER[0]: Environment variable HG_TRANSPORT was NOT set, default to ofi+cxi
[INFO] PDC_SERVER[0]: Environment variable HG_HOST was set
[INFO] PDC_SERVER[0]: Connection string: ofi+cxi://cxi0:0:7000
[INFO] PDC_SERVER[4]: Environment variable HG_HOST was set
[INFO] PDC_SERVER[1]: Environment variable HG_HOST was set
[INFO] PDC_SERVER[5]: Environment variable HG_HOST was set
[INFO] PDC_SERVER[3]: Environment variable HG_HOST was set
[INFO] PDC_SERVER[7]: Environment variable HG_HOST was set
[INFO] PDC_SERVER[0]: Scoped Slingshot CXI auth for Mercury: svc=1 vni=1 device=cxi0
[INFO] PDC_SERVER[0]: Without multi-thread
[INFO] PDC_SERVER[0]: Read cache enabled
[INFO] PDC_SERVER[0]: Max cache size: 68719476736
[INFO] PDC_SERVER[0]: Max transformation cache size: 68719476736
[INFO] PDC_SERVER[0]: Successfully established connection to 7 other PDC servers
[INFO] PDC_SERVER[0]: Succesfully wrote address to config in dir /pscratch/sd/n/nlewi26/pdc_curl_analysis_bench/
[INFO] PDC_SERVER[0]: Server ready!


[INFO] PDC_SERVER[0]: Starting flush for obj_id 2000000000, ndim=3
[13:36:33.419425] [WARNING] [pdc_server_region_cache.c:823] PDC_SERVER[0]: Region mapping lookup took 0.000000 s
[13:36:33.419440] [WARNING] [pdc_server_region_cache.c:828] PDC_SERVER[0]: No region mapping found for obj_id 2000000000
[13:36:33.439393] [WARNING] [pdc_server_region_cache.c:834] PDC_SERVER[0]: Flushed region via POSIX I/O in 0.019947 s
[13:36:33.439411] [WARNING] [pdc_server_region_cache.c:850] PDC_SERVER[0]: [2026-10-07 13:36:33.439404] Flushed 16.00 / 16.00 MB to storage
[INFO] PDC_SERVER[0]: Region flush iteration took 0.020227 s
[INFO] PDC_SERVER[0]: Starting flush for obj_id 2000000000, ndim=3
[13:36:33.442422] [WARNING] [pdc_server_region_cache.c:823] PDC_SERVER[0]: Region mapping lookup took 0.000000 s
[13:36:33.442427] [WARNING] [pdc_server_region_cache.c:828] PDC_SERVER[0]: No region mapping found for obj_id 2000000000
[13:36:33.460281] [WARNING] [pdc_server_region_cache.c:834] PDC_SERVER[0]: Flushed region via POSIX I/O in 0.017848 s
[13:36:33.460305] [WARNING] [pdc_server_region_cache.c:850] PDC_SERVER[0]: [2026-10-07 13:36:33.460302] Flushed 16.00 / 16.00 MB to storage
[INFO] PDC_SERVER[0]: Region flush iteration took 0.017890 s
[INFO] PDC_SERVER[0]: Starting flush for obj_id 2000000000, ndim=3
[13:36:33.466083] [WARNING] [pdc_server_region_cache.c:823] PDC_SERVER[0]: Region mapping lookup took 0.000000 s
[13:36:33.466090] [WARNING] [pdc_server_region_cache.c:828] PDC_SERVER[0]: No region mapping found for obj_id 2000000000
[13:36:33.483359] [WARNING] [pdc_server_region_cache.c:834] PDC_SERVER[0]: Flushed region via POSIX I/O in 0.017264 s
[13:36:33.483378] [WARNING] [pdc_server_region_cache.c:850] PDC_SERVER[0]: [2026-10-07 13:36:33.483375] Flushed 16.00 / 16.00 MB to storage
[INFO] PDC_SERVER[0]: Region flush iteration took 0.017301 s
[INFO] PDC_SERVER[0]: Starting flush for obj_id 2000000000, ndim=3
[13:36:33.484952] [WARNING] [pdc_server_region_cache.c:823] PDC_SERVER[0]: Region mapping lookup took 0.000001 s
[13:36:33.484957] [WARNING] [pdc_server_region_cache.c:828] PDC_SERVER[0]: No region mapping found for obj_id 2000000000
[13:36:33.503379] [WARNING] [pdc_server_region_cache.c:834] PDC_SERVER[0]: Flushed region via POSIX I/O in 0.018410 s
[13:36:33.503395] [WARNING] [pdc_server_region_cache.c:850] PDC_SERVER[0]: [2026-10-07 13:36:33.503392] Flushed 16.00 / 16.00 MB to storage
[INFO] PDC_SERVER[0]: Region flush iteration took 0.018462 s
[INFO] PDC_SERVER[0]: Starting flush for obj_id 2000000000, ndim=3
[13:36:33.505182] [WARNING] [pdc_server_region_cache.c:823] PDC_SERVER[0]: Region mapping lookup took 0.000001 s
[13:36:33.505187] [WARNING] [pdc_server_region_cache.c:828] PDC_SERVER[0]: No region mapping found for obj_id 2000000000
[13:36:33.524607] [WARNING] [pdc_server_region_cache.c:834] PDC_SERVER[0]: Flushed region via POSIX I/O in 0.019408 s
[13:36:33.524623] [WARNING] [pdc_server_region_cache.c:850] PDC_SERVER[0]: [2026-10-07 13:36:33.524620] Flushed 16.00 / 16.00 MB to storage
[INFO] PDC_SERVER[0]: Region flush iteration took 0.019449 s
[INFO] PDC_SERVER[0]: Starting flush for obj_id 2000000000, ndim=3
[13:36:33.526468] [WARNING] [pdc_server_region_cache.c:823] PDC_SERVER[0]: Region mapping lookup took 0.000000 s
[13:36:33.526473] [WARNING] [pdc_server_region_cache.c:828] PDC_SERVER[0]: No region mapping found for obj_id 2000000000
[13:36:33.545084] [WARNING] [pdc_server_region_cache.c:834] PDC_SERVER[0]: Flushed region via POSIX I/O in 0.018598 s
[13:36:33.545101] [WARNING] [pdc_server_region_cache.c:850] PDC_SERVER[0]: [2026-10-07 13:36:33.545098] Flushed 16.00 / 16.00 MB to storage
[INFO] PDC_SERVER[0]: Region flush iteration took 0.018641 s
[INFO] PDC_SERVER[0]: Starting flush for obj_id 2000000000, ndim=3
[13:36:33.547158] [WARNING] [pdc_server_region_cache.c:823] PDC_SERVER[0]: Region mapping lookup took 0.000001 s
[13:36:33.547169] [WARNING] [pdc_server_region_cache.c:828] PDC_SERVER[0]: No region mapping found for obj_id 2000000000
[13:36:33.565786] [WARNING] [pdc_server_region_cache.c:834] PDC_SERVER[0]: Flushed region via POSIX I/O in 0.018604 s
[13:36:33.565804] [WARNING] [pdc_server_region_cache.c:850] PDC_SERVER[0]: [2026-10-07 13:36:33.565801] Flushed 16.00 / 16.00 MB to storage
[INFO] PDC_SERVER[0]: Region flush iteration took 0.018655 s
[INFO] PDC_SERVER[0]: Starting flush for obj_id 2000000000, ndim=3
[13:36:33.567998] [WARNING] [pdc_server_region_cache.c:823] PDC_SERVER[0]: Region mapping lookup took 0.000001 s
[13:36:33.568003] [WARNING] [pdc_server_region_cache.c:828] PDC_SERVER[0]: No region mapping found for obj_id 2000000000
[13:36:33.586624] [WARNING] [pdc_server_region_cache.c:834] PDC_SERVER[0]: Flushed region via POSIX I/O in 0.018611 s
[13:36:33.586638] [WARNING] [pdc_server_region_cache.c:850] PDC_SERVER[0]: [2026-10-07 13:36:33.586635] Flushed 16.00 / 16.00 MB to storage
[INFO] PDC_SERVER[0]: Region flush iteration took 0.018647 s
[INFO] PDC_SERVER[0]: Starting flush for obj_id 3000000000, ndim=3
[13:36:33.605231] [WARNING] [pdc_server_region_cache.c:823] PDC_SERVER[0]: Region mapping lookup took 0.000000 s
[13:36:33.605238] [WARNING] [pdc_server_region_cache.c:828] PDC_SERVER[0]: No region mapping found for obj_id 3000000000
[13:36:33.624154] [WARNING] [pdc_server_region_cache.c:834] PDC_SERVER[0]: Flushed region via POSIX I/O in 0.018907 s
[13:36:33.624165] [WARNING] [pdc_server_region_cache.c:850] PDC_SERVER[0]: [2026-10-07 13:36:33.624162] Flushed 16.00 / 16.00 MB to storage
[INFO] PDC_SERVER[0]: Region flush iteration took 0.018939 s
[INFO] PDC_SERVER[0]: Starting flush for obj_id 3000000000, ndim=3
[13:36:33.627621] [WARNING] [pdc_server_region_cache.c:823] PDC_SERVER[0]: Region mapping lookup took 0.000000 s
[13:36:33.627626] [WARNING] [pdc_server_region_cache.c:828] PDC_SERVER[0]: No region mapping found for obj_id 3000000000
[13:36:33.645839] [WARNING] [pdc_server_region_cache.c:834] PDC_SERVER[0]: Flushed region via POSIX I/O in 0.018209 s
[13:36:33.645850] [WARNING] [pdc_server_region_cache.c:850] PDC_SERVER[0]: [2026-10-07 13:36:33.645848] Flushed 16.00 / 16.00 MB to storage
[INFO] PDC_SERVER[0]: Region flush iteration took 0.018233 s
[INFO] PDC_SERVER[0]: Starting flush for obj_id 3000000000, ndim=3
[13:36:33.647534] [WARNING] [pdc_server_region_cache.c:823] PDC_SERVER[0]: Region mapping lookup took 0.000000 s
[13:36:33.647538] [WARNING] [pdc_server_region_cache.c:828] PDC_SERVER[0]: No region mapping found for obj_id 3000000000
[13:36:33.665461] [WARNING] [pdc_server_region_cache.c:834] PDC_SERVER[0]: Flushed region via POSIX I/O in 0.017915 s
[13:36:33.665470] [WARNING] [pdc_server_region_cache.c:850] PDC_SERVER[0]: [2026-10-07 13:36:33.665467] Flushed 16.00 / 16.00 MB to storage
[INFO] PDC_SERVER[0]: Region flush iteration took 0.017942 s
[INFO] PDC_SERVER[0]: Starting flush for obj_id 3000000000, ndim=3
[13:36:33.666959] [WARNING] [pdc_server_region_cache.c:823] PDC_SERVER[0]: Region mapping lookup took 0.000000 s
[13:36:33.666963] [WARNING] [pdc_server_region_cache.c:828] PDC_SERVER[0]: No region mapping found for obj_id 3000000000
[13:36:33.684461] [WARNING] [pdc_server_region_cache.c:834] PDC_SERVER[0]: Flushed region via POSIX I/O in 0.017491 s
[13:36:33.684471] [WARNING] [pdc_server_region_cache.c:850] PDC_SERVER[0]: [2026-10-07 13:36:33.684468] Flushed 16.00 / 16.00 MB to storage
[INFO] PDC_SERVER[0]: Region flush iteration took 0.017518 s
[INFO] PDC_SERVER[0]: Starting flush for obj_id 3000000000, ndim=3
[13:36:33.686006] [WARNING] [pdc_server_region_cache.c:823] PDC_SERVER[0]: Region mapping lookup took 0.000005 s
[13:36:33.686011] [WARNING] [pdc_server_region_cache.c:828] PDC_SERVER[0]: No region mapping found for obj_id 3000000000
[13:36:33.703732] [WARNING] [pdc_server_region_cache.c:834] PDC_SERVER[0]: Flushed region via POSIX I/O in 0.017715 s
[13:36:33.703741] [WARNING] [pdc_server_region_cache.c:850] PDC_SERVER[0]: [2026-10-07 13:36:33.703739] Flushed 16.00 / 16.00 MB to storage
[INFO] PDC_SERVER[0]: Region flush iteration took 0.017746 s
[INFO] PDC_SERVER[0]: Starting flush for obj_id 3000000000, ndim=3
[13:36:33.705201] [WARNING] [pdc_server_region_cache.c:823] PDC_SERVER[0]: Region mapping lookup took 0.000000 s
[13:36:33.705205] [WARNING] [pdc_server_region_cache.c:828] PDC_SERVER[0]: No region mapping found for obj_id 3000000000
[13:36:33.723127] [WARNING] [pdc_server_region_cache.c:834] PDC_SERVER[0]: Flushed region via POSIX I/O in 0.017917 s
[13:36:33.723138] [WARNING] [pdc_server_region_cache.c:850] PDC_SERVER[0]: [2026-10-07 13:36:33.723136] Flushed 16.00 / 16.00 MB to storage
[INFO] PDC_SERVER[0]: Region flush iteration took 0.017941 s
[INFO] PDC_SERVER[0]: Starting flush for obj_id 3000000000, ndim=3
[13:36:33.724522] [WARNING] [pdc_server_region_cache.c:823] PDC_SERVER[0]: Region mapping lookup took 0.000001 s
[13:36:33.724529] [WARNING] [pdc_server_region_cache.c:828] PDC_SERVER[0]: No region mapping found for obj_id 3000000000
[13:36:33.744654] [WARNING] [pdc_server_region_cache.c:834] PDC_SERVER[0]: Flushed region via POSIX I/O in 0.020110 s
[13:36:33.744674] [WARNING] [pdc_server_region_cache.c:850] PDC_SERVER[0]: [2026-10-07 13:36:33.744671] Flushed 16.00 / 16.00 MB to storage
[INFO] PDC_SERVER[0]: Region flush iteration took 0.020161 s
[INFO] PDC_SERVER[0]: Starting flush for obj_id 3000000000, ndim=3
[13:36:33.757246] [WARNING] [pdc_server_region_cache.c:823] PDC_SERVER[0]: Region mapping lookup took 0.000000 s
[13:36:33.757251] [WARNING] [pdc_server_region_cache.c:828] PDC_SERVER[0]: No region mapping found for obj_id 3000000000
[13:36:33.774495] [WARNING] [pdc_server_region_cache.c:834] PDC_SERVER[0]: Flushed region via POSIX I/O in 0.017240 s
[13:36:33.774507] [WARNING] [pdc_server_region_cache.c:850] PDC_SERVER[0]: [2026-10-07 13:36:33.774505] Flushed 16.00 / 16.00 MB to storage
[INFO] PDC_SERVER[0]: Region flush iteration took 0.017267 s
[INFO] PDC_SERVER[0]: Starting flush for obj_id 4000000000, ndim=3
[13:36:33.784095] [WARNING] [pdc_server_region_cache.c:823] PDC_SERVER[0]: Region mapping lookup took 0.000000 s
[13:36:33.784100] [WARNING] [pdc_server_region_cache.c:828] PDC_SERVER[0]: No region mapping found for obj_id 4000000000
[13:36:34.061336] [WARNING] [pdc_tf_server.c:393] PDC_SERVER[7]: SCHED: setting CUDA device to 0 for edge 0 func=zfp_compress
[13:36:34.092838] [WARNING] [pdc_tf_server.c:393] PDC_SERVER[4]: SCHED: setting CUDA device to 0 for edge 0 func=zfp_compress
[13:36:34.096494] [WARNING] [pdc_tf_server.c:393] PDC_SERVER[1]: SCHED: setting CUDA device to 0 for edge 0 func=zfp_compress
[13:36:34.096890] [WARNING] [pdc_tf_server.c:393] PDC_SERVER[5]: SCHED: setting CUDA device to 0 for edge 0 func=zfp_compress
[13:36:34.103131] [WARNING] [pdc_tf_server.c:393] PDC_SERVER[6]: SCHED: setting CUDA device to 0 for edge 0 func=zfp_compress
[13:36:34.107323] [WARNING] [pdc_tf_server.c:393] PDC_SERVER[3]: SCHED: setting CUDA device to 0 for edge 0 func=zfp_compress
[13:36:34.111140] [WARNING] [pdc_tf_server.c:393] PDC_SERVER[2]: SCHED: setting CUDA device to 0 for edge 0 func=zfp_compress
[INFO] PDC_SERVER[0]: Executing graph with json filepath /pscratch/sd/n/nlewi26/src/work_space/source/pdc/tf_client/graphs/zfp_gpu.json
[13:36:34.127358] [WARNING] [pdc_tf_server.c:393] PDC_SERVER[0]: SCHED: setting CUDA device to 0 for edge 0 func=zfp_compress
[13:36:34.762640] [WARNING] [pdc_tf_server.c:401] PDC_SERVER[6]: SCHED: executing edge 0 func=zfp_compress dev=GPU
[13:36:34.762922] [WARNING] [pdc_tf_server.c:401] PDC_SERVER[7]: SCHED: executing edge 0 func=zfp_compress dev=GPU
[13:36:34.765380] [WARNING] [pdc_tf_server.c:401] PDC_SERVER[4]: SCHED: executing edge 0 func=zfp_compress dev=GPU
[13:36:34.771644] [WARNING] [pdc_tf_server.c:401] PDC_SERVER[5]: SCHED: executing edge 0 func=zfp_compress dev=GPU
[13:36:34.795051] [WARNING] [pdc_tf_server.c:475] PDC_SERVER[7]: SCHED: done running transformations
[13:36:34.795152] [WARNING] [pdc_tf_server.c:475] PDC_SERVER[4]: SCHED: done running transformations
[13:36:34.797451] [WARNING] [pdc_tf_server.c:475] PDC_SERVER[5]: SCHED: done running transformations
[13:36:34.798338] [WARNING] [pdc_tf_server.c:475] PDC_SERVER[6]: SCHED: done running transformations
[13:36:34.874564] [WARNING] [pdc_tf_server.c:401] PDC_SERVER[1]: SCHED: executing edge 0 func=zfp_compress dev=GPU
[13:36:34.915570] [WARNING] [pdc_tf_server.c:475] PDC_SERVER[1]: SCHED: done running transformations
[13:36:34.917589] [WARNING] [pdc_tf_server.c:401] PDC_SERVER[3]: SCHED: executing edge 0 func=zfp_compress dev=GPU
[13:36:34.934280] [WARNING] [pdc_tf_server.c:401] PDC_SERVER[2]: SCHED: executing edge 0 func=zfp_compress dev=GPU
[13:36:34.942125] [WARNING] [pdc_tf_server.c:475] PDC_SERVER[3]: SCHED: done running transformations
[13:36:34.942163] [WARNING] [pdc_tf_server.c:401] PDC_SERVER[0]: SCHED: executing edge 0 func=zfp_compress dev=GPU
[13:36:34.963903] [WARNING] [pdc_tf_server.c:475] PDC_SERVER[2]: SCHED: done running transformations
[13:36:34.966386] [WARNING] [pdc_tf_server.c:475] PDC_SERVER[0]: SCHED: done running transformations
[13:36:35.007739] [WARNING] [pdc_server_region_cache.c:834] PDC_SERVER[0]: Flushed region via POSIX I/O in 1.223634 s
[13:36:35.007768] [WARNING] [pdc_server_region_cache.c:850] PDC_SERVER[0]: [2026-10-07 13:36:35.007766] Flushed 16.00 / 16.00 MB to storage
[INFO] PDC_SERVER[0]: Region flush iteration took 1.223685 s
[INFO] PDC_SERVER[0]: Starting flush for obj_id 4000000000, ndim=3
[13:36:35.009709] [WARNING] [pdc_server_region_cache.c:823] PDC_SERVER[0]: Region mapping lookup took 0.000000 s
[13:36:35.009715] [WARNING] [pdc_server_region_cache.c:828] PDC_SERVER[0]: No region mapping found for obj_id 4000000000
[13:36:35.107080] [WARNING] [pdc_tf_server.c:393] PDC_SERVER[5]: SCHED: setting CUDA device to 0 for edge 0 func=zfp_compress
[13:36:35.107116] [WARNING] [pdc_tf_server.c:401] PDC_SERVER[5]: SCHED: executing edge 0 func=zfp_compress dev=GPU
[13:36:35.111342] [WARNING] [pdc_tf_server.c:393] PDC_SERVER[7]: SCHED: setting CUDA device to 0 for edge 0 func=zfp_compress
[13:36:35.111374] [WARNING] [pdc_tf_server.c:401] PDC_SERVER[7]: SCHED: executing edge 0 func=zfp_compress dev=GPU
[13:36:35.116502] [WARNING] [pdc_tf_server.c:475] PDC_SERVER[5]: SCHED: done running transformations
[13:36:35.117059] [WARNING] [pdc_tf_server.c:393] PDC_SERVER[6]: SCHED: setting CUDA device to 0 for edge 0 func=zfp_compress
[13:36:35.117087] [WARNING] [pdc_tf_server.c:401] PDC_SERVER[6]: SCHED: executing edge 0 func=zfp_compress dev=GPU
[13:36:35.119944] [WARNING] [pdc_tf_server.c:475] PDC_SERVER[7]: SCHED: done running transformations
[13:36:35.128297] [WARNING] [pdc_tf_server.c:475] PDC_SERVER[6]: SCHED: done running transformations
[13:36:35.128996] [WARNING] [pdc_tf_server.c:393] PDC_SERVER[4]: SCHED: setting CUDA device to 0 for edge 0 func=zfp_compress
[13:36:35.129032] [WARNING] [pdc_tf_server.c:401] PDC_SERVER[4]: SCHED: executing edge 0 func=zfp_compress dev=GPU
[13:36:35.140420] [WARNING] [pdc_tf_server.c:475] PDC_SERVER[4]: SCHED: done running transformations
[13:36:35.206295] [WARNING] [pdc_tf_server.c:393] PDC_SERVER[1]: SCHED: setting CUDA device to 0 for edge 0 func=zfp_compress
[13:36:35.206347] [WARNING] [pdc_tf_server.c:401] PDC_SERVER[1]: SCHED: executing edge 0 func=zfp_compress dev=GPU
[13:36:35.225237] [WARNING] [pdc_tf_server.c:475] PDC_SERVER[1]: SCHED: done running transformations
[13:36:35.242493] [WARNING] [pdc_tf_server.c:393] PDC_SERVER[3]: SCHED: setting CUDA device to 0 for edge 0 func=zfp_compress
[13:36:35.242519] [WARNING] [pdc_tf_server.c:401] PDC_SERVER[3]: SCHED: executing edge 0 func=zfp_compress dev=GPU
[13:36:35.262618] [WARNING] [pdc_tf_server.c:475] PDC_SERVER[3]: SCHED: done running transformations
[INFO] PDC_SERVER[0]: Executing graph with json filepath /pscratch/sd/n/nlewi26/src/work_space/source/pdc/tf_client/graphs/zfp_gpu.json
[13:36:35.280738] [WARNING] [pdc_tf_server.c:393] PDC_SERVER[0]: SCHED: setting CUDA device to 0 for edge 0 func=zfp_compress
[13:36:35.280754] [WARNING] [pdc_tf_server.c:401] PDC_SERVER[0]: SCHED: executing edge 0 func=zfp_compress dev=GPU
[13:36:35.282514] [WARNING] [pdc_tf_server.c:393] PDC_SERVER[2]: SCHED: setting CUDA device to 0 for edge 0 func=zfp_compress
[13:36:35.282540] [WARNING] [pdc_tf_server.c:401] PDC_SERVER[2]: SCHED: executing edge 0 func=zfp_compress dev=GPU
[13:36:35.307073] [WARNING] [pdc_tf_server.c:475] PDC_SERVER[2]: SCHED: done running transformations
[13:36:35.307124] [WARNING] [pdc_tf_server.c:475] PDC_SERVER[0]: SCHED: done running transformations
[13:36:35.345075] [WARNING] [pdc_server_region_cache.c:834] PDC_SERVER[0]: Flushed region via POSIX I/O in 0.335345 s
[13:36:35.345104] [WARNING] [pdc_server_region_cache.c:850] PDC_SERVER[0]: [2026-10-07 13:36:35.345101] Flushed 16.00 / 16.00 MB to storage
[INFO] PDC_SERVER[0]: Region flush iteration took 0.335404 s
[INFO] PDC_SERVER[0]: Starting flush for obj_id 4000000000, ndim=3
[13:36:35.346908] [WARNING] [pdc_server_region_cache.c:823] PDC_SERVER[0]: Region mapping lookup took 0.000001 s
[13:36:35.346913] [WARNING] [pdc_server_region_cache.c:828] PDC_SERVER[0]: No region mapping found for obj_id 4000000000
[13:36:35.422470] [WARNING] [pdc_tf_server.c:393] PDC_SERVER[5]: SCHED: setting CUDA device to 0 for edge 0 func=zfp_compress
[13:36:35.422500] [WARNING] [pdc_tf_server.c:401] PDC_SERVER[5]: SCHED: executing edge 0 func=zfp_compress dev=GPU
[13:36:35.431177] [WARNING] [pdc_tf_server.c:475] PDC_SERVER[5]: SCHED: done running transformations
[13:36:35.434648] [WARNING] [pdc_tf_server.c:393] PDC_SERVER[7]: SCHED: setting CUDA device to 0 for edge 0 func=zfp_compress
[13:36:35.434686] [WARNING] [pdc_tf_server.c:401] PDC_SERVER[7]: SCHED: executing edge 0 func=zfp_compress dev=GPU
[13:36:35.443006] [WARNING] [pdc_tf_server.c:475] PDC_SERVER[7]: SCHED: done running transformations
[13:36:35.449407] [WARNING] [pdc_tf_server.c:393] PDC_SERVER[4]: SCHED: setting CUDA device to 0 for edge 0 func=zfp_compress
[13:36:35.449454] [WARNING] [pdc_tf_server.c:401] PDC_SERVER[4]: SCHED: executing edge 0 func=zfp_compress dev=GPU
[13:36:35.455438] [WARNING] [pdc_tf_server.c:393] PDC_SERVER[6]: SCHED: setting CUDA device to 0 for edge 0 func=zfp_compress
[13:36:35.455474] [WARNING] [pdc_tf_server.c:401] PDC_SERVER[6]: SCHED: executing edge 0 func=zfp_compress dev=GPU
[13:36:35.458199] [WARNING] [pdc_tf_server.c:475] PDC_SERVER[4]: SCHED: done running transformations
[13:36:35.465820] [WARNING] [pdc_tf_server.c:475] PDC_SERVER[6]: SCHED: done running transformations
[13:36:35.529026] [WARNING] [pdc_tf_server.c:393] PDC_SERVER[1]: SCHED: setting CUDA device to 0 for edge 0 func=zfp_compress
[13:36:35.529068] [WARNING] [pdc_tf_server.c:401] PDC_SERVER[1]: SCHED: executing edge 0 func=zfp_compress dev=GPU
[13:36:35.537519] [WARNING] [pdc_tf_server.c:475] PDC_SERVER[1]: SCHED: done running transformations
[13:36:35.559466] [WARNING] [pdc_tf_server.c:393] PDC_SERVER[3]: SCHED: setting CUDA device to 0 for edge 0 func=zfp_compress
[13:36:35.559496] [WARNING] [pdc_tf_server.c:401] PDC_SERVER[3]: SCHED: executing edge 0 func=zfp_compress dev=GPU
[13:36:35.570338] [WARNING] [pdc_tf_server.c:475] PDC_SERVER[3]: SCHED: done running transformations
[INFO] PDC_SERVER[0]: Executing graph with json filepath /pscratch/sd/n/nlewi26/src/work_space/source/pdc/tf_client/graphs/zfp_gpu.json
[13:36:35.605036] [WARNING] [pdc_tf_server.c:393] PDC_SERVER[0]: SCHED: setting CUDA device to 0 for edge 0 func=zfp_compress
[13:36:35.605053] [WARNING] [pdc_tf_server.c:401] PDC_SERVER[0]: SCHED: executing edge 0 func=zfp_compress dev=GPU
[13:36:35.610965] [WARNING] [pdc_tf_server.c:393] PDC_SERVER[2]: SCHED: setting CUDA device to 0 for edge 0 func=zfp_compress
[13:36:35.610997] [WARNING] [pdc_tf_server.c:401] PDC_SERVER[2]: SCHED: executing edge 0 func=zfp_compress dev=GPU
[13:36:35.616185] [WARNING] [pdc_tf_server.c:475] PDC_SERVER[0]: SCHED: done running transformations
[13:36:35.619447] [WARNING] [pdc_tf_server.c:475] PDC_SERVER[2]: SCHED: done running transformations
[13:36:35.652937] [WARNING] [pdc_server_region_cache.c:834] PDC_SERVER[0]: Flushed region via POSIX I/O in 0.306008 s
[13:36:35.652990] [WARNING] [pdc_server_region_cache.c:850] PDC_SERVER[0]: [2026-10-07 13:36:35.652986] Flushed 16.00 / 16.00 MB to storage
[INFO] PDC_SERVER[0]: Region flush iteration took 0.306091 s
[INFO] PDC_SERVER[0]: Starting flush for obj_id 4000000000, ndim=3
[13:36:35.654410] [WARNING] [pdc_server_region_cache.c:823] PDC_SERVER[0]: Region mapping lookup took 0.000001 s
[13:36:35.654415] [WARNING] [pdc_server_region_cache.c:828] PDC_SERVER[0]: No region mapping found for obj_id 4000000000
[13:36:35.745135] [WARNING] [pdc_tf_server.c:393] PDC_SERVER[5]: SCHED: setting CUDA device to 0 for edge 0 func=zfp_compress
[13:36:35.745196] [WARNING] [pdc_tf_server.c:401] PDC_SERVER[5]: SCHED: executing edge 0 func=zfp_compress dev=GPU
[13:36:35.755446] [WARNING] [pdc_tf_server.c:475] PDC_SERVER[5]: SCHED: done running transformations
[13:36:35.756113] [WARNING] [pdc_tf_server.c:393] PDC_SERVER[7]: SCHED: setting CUDA device to 0 for edge 0 func=zfp_compress
[13:36:35.756144] [WARNING] [pdc_tf_server.c:401] PDC_SERVER[7]: SCHED: executing edge 0 func=zfp_compress dev=GPU
[13:36:35.765954] [WARNING] [pdc_tf_server.c:475] PDC_SERVER[7]: SCHED: done running transformations
[13:36:35.784303] [WARNING] [pdc_tf_server.c:393] PDC_SERVER[4]: SCHED: setting CUDA device to 0 for edge 0 func=zfp_compress
[13:36:35.784340] [WARNING] [pdc_tf_server.c:401] PDC_SERVER[4]: SCHED: executing edge 0 func=zfp_compress dev=GPU
[13:36:35.793117] [WARNING] [pdc_tf_server.c:475] PDC_SERVER[4]: SCHED: done running transformations
[13:36:35.795178] [WARNING] [pdc_tf_server.c:393] PDC_SERVER[6]: SCHED: setting CUDA device to 0 for edge 0 func=zfp_compress
[13:36:35.795206] [WARNING] [pdc_tf_server.c:401] PDC_SERVER[6]: SCHED: executing edge 0 func=zfp_compress dev=GPU
[13:36:35.804109] [WARNING] [pdc_tf_server.c:475] PDC_SERVER[6]: SCHED: done running transformations
[13:36:35.823537] [WARNING] [pdc_tf_server.c:393] PDC_SERVER[1]: SCHED: setting CUDA device to 0 for edge 0 func=zfp_compress
[13:36:35.823564] [WARNING] [pdc_tf_server.c:401] PDC_SERVER[1]: SCHED: executing edge 0 func=zfp_compress dev=GPU
[13:36:35.833108] [WARNING] [pdc_tf_server.c:475] PDC_SERVER[1]: SCHED: done running transformations
[13:36:35.862413] [WARNING] [pdc_tf_server.c:393] PDC_SERVER[3]: SCHED: setting CUDA device to 0 for edge 0 func=zfp_compress
[13:36:35.862440] [WARNING] [pdc_tf_server.c:401] PDC_SERVER[3]: SCHED: executing edge 0 func=zfp_compress dev=GPU
[13:36:35.870106] [WARNING] [pdc_tf_server.c:475] PDC_SERVER[3]: SCHED: done running transformations
[INFO] PDC_SERVER[0]: Executing graph with json filepath /pscratch/sd/n/nlewi26/src/work_space/source/pdc/tf_client/graphs/zfp_gpu.json
[13:36:35.914736] [WARNING] [pdc_tf_server.c:393] PDC_SERVER[0]: SCHED: setting CUDA device to 0 for edge 0 func=zfp_compress
[13:36:35.914752] [WARNING] [pdc_tf_server.c:401] PDC_SERVER[0]: SCHED: executing edge 0 func=zfp_compress dev=GPU
[13:36:35.923393] [WARNING] [pdc_tf_server.c:475] PDC_SERVER[0]: SCHED: done running transformations
[13:36:35.937216] [WARNING] [pdc_tf_server.c:393] PDC_SERVER[2]: SCHED: setting CUDA device to 0 for edge 0 func=zfp_compress
[13:36:35.937314] [WARNING] [pdc_tf_server.c:401] PDC_SERVER[2]: SCHED: executing edge 0 func=zfp_compress dev=GPU
[13:36:35.944756] [WARNING] [pdc_tf_server.c:475] PDC_SERVER[2]: SCHED: done running transformations
[13:36:35.960643] [WARNING] [pdc_server_region_cache.c:834] PDC_SERVER[0]: Flushed region via POSIX I/O in 0.306215 s
[13:36:35.960662] [WARNING] [pdc_server_region_cache.c:850] PDC_SERVER[0]: [2026-10-07 13:36:35.960658] Flushed 16.00 / 16.00 MB to storage
[INFO] PDC_SERVER[0]: Region flush iteration took 0.306259 s
[INFO] PDC_SERVER[0]: Starting flush for obj_id 4000000000, ndim=3
[13:36:35.962661] [WARNING] [pdc_server_region_cache.c:823] PDC_SERVER[0]: Region mapping lookup took 0.000000 s
[13:36:35.962666] [WARNING] [pdc_server_region_cache.c:828] PDC_SERVER[0]: No region mapping found for obj_id 4000000000
[13:36:36.066195] [WARNING] [pdc_tf_server.c:393] PDC_SERVER[5]: SCHED: setting CUDA device to 0 for edge 0 func=zfp_compress
[13:36:36.066226] [WARNING] [pdc_tf_server.c:401] PDC_SERVER[5]: SCHED: executing edge 0 func=zfp_compress dev=GPU
[13:36:36.074855] [WARNING] [pdc_tf_server.c:393] PDC_SERVER[7]: SCHED: setting CUDA device to 0 for edge 0 func=zfp_compress
[13:36:36.074883] [WARNING] [pdc_tf_server.c:401] PDC_SERVER[7]: SCHED: executing edge 0 func=zfp_compress dev=GPU
[13:36:36.075959] [WARNING] [pdc_tf_server.c:475] PDC_SERVER[5]: SCHED: done running transformations
[13:36:36.085458] [WARNING] [pdc_tf_server.c:475] PDC_SERVER[7]: SCHED: done running transformations
[13:36:36.099230] [WARNING] [pdc_tf_server.c:393] PDC_SERVER[4]: SCHED: setting CUDA device to 0 for edge 0 func=zfp_compress
[13:36:36.099267] [WARNING] [pdc_tf_server.c:401] PDC_SERVER[4]: SCHED: executing edge 0 func=zfp_compress dev=GPU
[13:36:36.109070] [WARNING] [pdc_tf_server.c:475] PDC_SERVER[4]: SCHED: done running transformations
[13:36:36.112632] [WARNING] [pdc_tf_server.c:393] PDC_SERVER[6]: SCHED: setting CUDA device to 0 for edge 0 func=zfp_compress
[13:36:36.112693] [WARNING] [pdc_tf_server.c:401] PDC_SERVER[6]: SCHED: executing edge 0 func=zfp_compress dev=GPU
[13:36:36.119152] [WARNING] [pdc_tf_server.c:393] PDC_SERVER[1]: SCHED: setting CUDA device to 0 for edge 0 func=zfp_compress
[13:36:36.119186] [WARNING] [pdc_tf_server.c:401] PDC_SERVER[1]: SCHED: executing edge 0 func=zfp_compress dev=GPU
[13:36:36.122664] [WARNING] [pdc_tf_server.c:475] PDC_SERVER[6]: SCHED: done running transformations
[13:36:36.139108] [WARNING] [pdc_tf_server.c:475] PDC_SERVER[1]: SCHED: done running transformations
[13:36:36.161522] [WARNING] [pdc_tf_server.c:393] PDC_SERVER[3]: SCHED: setting CUDA device to 0 for edge 0 func=zfp_compress
[13:36:36.161557] [WARNING] [pdc_tf_server.c:401] PDC_SERVER[3]: SCHED: executing edge 0 func=zfp_compress dev=GPU
[13:36:36.179770] [WARNING] [pdc_tf_server.c:475] PDC_SERVER[3]: SCHED: done running transformations
[INFO] PDC_SERVER[0]: Executing graph with json filepath /pscratch/sd/n/nlewi26/src/work_space/source/pdc/tf_client/graphs/zfp_gpu.json
[13:36:36.225516] [WARNING] [pdc_tf_server.c:393] PDC_SERVER[0]: SCHED: setting CUDA device to 0 for edge 0 func=zfp_compress
[13:36:36.225533] [WARNING] [pdc_tf_server.c:401] PDC_SERVER[0]: SCHED: executing edge 0 func=zfp_compress dev=GPU
[13:36:36.234927] [WARNING] [pdc_tf_server.c:475] PDC_SERVER[0]: SCHED: done running transformations
[13:36:36.252481] [WARNING] [pdc_tf_server.c:393] PDC_SERVER[2]: SCHED: setting CUDA device to 0 for edge 0 func=zfp_compress
[13:36:36.252511] [WARNING] [pdc_tf_server.c:401] PDC_SERVER[2]: SCHED: executing edge 0 func=zfp_compress dev=GPU
[13:36:36.261396] [WARNING] [pdc_tf_server.c:475] PDC_SERVER[2]: SCHED: done running transformations
[13:36:36.272210] [WARNING] [pdc_server_region_cache.c:834] PDC_SERVER[0]: Flushed region via POSIX I/O in 0.309525 s
[13:36:36.272234] [WARNING] [pdc_server_region_cache.c:850] PDC_SERVER[0]: [2026-10-07 13:36:36.272229] Flushed 16.00 / 16.00 MB to storage
[INFO] PDC_SERVER[0]: Region flush iteration took 0.309581 s
[INFO] PDC_SERVER[0]: Starting flush for obj_id 4000000000, ndim=3
[13:36:36.273619] [WARNING] [pdc_server_region_cache.c:823] PDC_SERVER[0]: Region mapping lookup took 0.000001 s
[13:36:36.273624] [WARNING] [pdc_server_region_cache.c:828] PDC_SERVER[0]: No region mapping found for obj_id 4000000000
[13:36:36.382288] [WARNING] [pdc_tf_server.c:393] PDC_SERVER[5]: SCHED: setting CUDA device to 0 for edge 0 func=zfp_compress
[13:36:36.382318] [WARNING] [pdc_tf_server.c:401] PDC_SERVER[5]: SCHED: executing edge 0 func=zfp_compress dev=GPU
[13:36:36.392908] [WARNING] [pdc_tf_server.c:393] PDC_SERVER[7]: SCHED: setting CUDA device to 0 for edge 0 func=zfp_compress
[13:36:36.392937] [WARNING] [pdc_tf_server.c:401] PDC_SERVER[7]: SCHED: executing edge 0 func=zfp_compress dev=GPU
[13:36:36.393283] [WARNING] [pdc_tf_server.c:475] PDC_SERVER[5]: SCHED: done running transformations
[13:36:36.408081] [WARNING] [pdc_tf_server.c:475] PDC_SERVER[7]: SCHED: done running transformations
[13:36:36.417000] [WARNING] [pdc_tf_server.c:393] PDC_SERVER[4]: SCHED: setting CUDA device to 0 for edge 0 func=zfp_compress
[13:36:36.417049] [WARNING] [pdc_tf_server.c:401] PDC_SERVER[4]: SCHED: executing edge 0 func=zfp_compress dev=GPU
[13:36:36.425897] [WARNING] [pdc_tf_server.c:393] PDC_SERVER[1]: SCHED: setting CUDA device to 0 for edge 0 func=zfp_compress
[13:36:36.425925] [WARNING] [pdc_tf_server.c:401] PDC_SERVER[1]: SCHED: executing edge 0 func=zfp_compress dev=GPU
[13:36:36.435651] [WARNING] [pdc_tf_server.c:475] PDC_SERVER[1]: SCHED: done running transformations
[13:36:36.435822] [WARNING] [pdc_tf_server.c:393] PDC_SERVER[6]: SCHED: setting CUDA device to 0 for edge 0 func=zfp_compress
[13:36:36.435882] [WARNING] [pdc_tf_server.c:401] PDC_SERVER[6]: SCHED: executing edge 0 func=zfp_compress dev=GPU
[13:36:36.441663] [WARNING] [pdc_tf_server.c:475] PDC_SERVER[4]: SCHED: done running transformations
[13:36:36.455135] [WARNING] [pdc_tf_server.c:475] PDC_SERVER[6]: SCHED: done running transformations
[13:36:36.477367] [WARNING] [pdc_tf_server.c:393] PDC_SERVER[3]: SCHED: setting CUDA device to 0 for edge 0 func=zfp_compress
[13:36:36.477397] [WARNING] [pdc_tf_server.c:401] PDC_SERVER[3]: SCHED: executing edge 0 func=zfp_compress dev=GPU
[13:36:36.487444] [WARNING] [pdc_tf_server.c:475] PDC_SERVER[3]: SCHED: done running transformations
[INFO] PDC_SERVER[0]: Executing graph with json filepath /pscratch/sd/n/nlewi26/src/work_space/source/pdc/tf_client/graphs/zfp_gpu.json
[13:36:36.548359] [WARNING] [pdc_tf_server.c:393] PDC_SERVER[0]: SCHED: setting CUDA device to 0 for edge 0 func=zfp_compress
[13:36:36.548375] [WARNING] [pdc_tf_server.c:401] PDC_SERVER[0]: SCHED: executing edge 0 func=zfp_compress dev=GPU
[13:36:36.570432] [WARNING] [pdc_tf_server.c:475] PDC_SERVER[0]: SCHED: done running transformations
[13:36:36.580823] [WARNING] [pdc_tf_server.c:393] PDC_SERVER[2]: SCHED: setting CUDA device to 0 for edge 0 func=zfp_compress
[13:36:36.580853] [WARNING] [pdc_tf_server.c:401] PDC_SERVER[2]: SCHED: executing edge 0 func=zfp_compress dev=GPU
[13:36:36.606458] [WARNING] [pdc_tf_server.c:475] PDC_SERVER[2]: SCHED: done running transformations
[13:36:36.614484] [WARNING] [pdc_server_region_cache.c:834] PDC_SERVER[0]: Flushed region via POSIX I/O in 0.340846 s
[13:36:36.614519] [WARNING] [pdc_server_region_cache.c:850] PDC_SERVER[0]: [2026-10-07 13:36:36.614516] Flushed 16.00 / 16.00 MB to storage
[INFO] PDC_SERVER[0]: Region flush iteration took 0.340909 s
[INFO] PDC_SERVER[0]: Starting flush for obj_id 4000000000, ndim=3
[13:36:36.615910] [WARNING] [pdc_server_region_cache.c:823] PDC_SERVER[0]: Region mapping lookup took 0.000000 s
[13:36:36.615916] [WARNING] [pdc_server_region_cache.c:828] PDC_SERVER[0]: No region mapping found for obj_id 4000000000
[13:36:36.705250] [WARNING] [pdc_tf_server.c:393] PDC_SERVER[5]: SCHED: setting CUDA device to 0 for edge 0 func=zfp_compress
[13:36:36.705287] [WARNING] [pdc_tf_server.c:401] PDC_SERVER[5]: SCHED: executing edge 0 func=zfp_compress dev=GPU
[13:36:36.714749] [WARNING] [pdc_tf_server.c:393] PDC_SERVER[7]: SCHED: setting CUDA device to 0 for edge 0 func=zfp_compress
[13:36:36.714782] [WARNING] [pdc_tf_server.c:401] PDC_SERVER[7]: SCHED: executing edge 0 func=zfp_compress dev=GPU
[13:36:36.715446] [WARNING] [pdc_tf_server.c:475] PDC_SERVER[5]: SCHED: done running transformations
[13:36:36.725626] [WARNING] [pdc_tf_server.c:475] PDC_SERVER[7]: SCHED: done running transformations
[13:36:36.730280] [WARNING] [pdc_tf_server.c:393] PDC_SERVER[1]: SCHED: setting CUDA device to 0 for edge 0 func=zfp_compress
[13:36:36.730308] [WARNING] [pdc_tf_server.c:401] PDC_SERVER[1]: SCHED: executing edge 0 func=zfp_compress dev=GPU
[13:36:36.739309] [WARNING] [pdc_tf_server.c:475] PDC_SERVER[1]: SCHED: done running transformations
[13:36:36.752522] [WARNING] [pdc_tf_server.c:393] PDC_SERVER[4]: SCHED: setting CUDA device to 0 for edge 0 func=zfp_compress
[13:36:36.752567] [WARNING] [pdc_tf_server.c:401] PDC_SERVER[4]: SCHED: executing edge 0 func=zfp_compress dev=GPU
[13:36:36.760941] [WARNING] [pdc_tf_server.c:475] PDC_SERVER[4]: SCHED: done running transformations
[13:36:36.764769] [WARNING] [pdc_tf_server.c:393] PDC_SERVER[6]: SCHED: setting CUDA device to 0 for edge 0 func=zfp_compress
[13:36:36.764803] [WARNING] [pdc_tf_server.c:401] PDC_SERVER[6]: SCHED: executing edge 0 func=zfp_compress dev=GPU
[13:36:36.773091] [WARNING] [pdc_tf_server.c:475] PDC_SERVER[6]: SCHED: done running transformations
[13:36:36.799273] [WARNING] [pdc_tf_server.c:393] PDC_SERVER[3]: SCHED: setting CUDA device to 0 for edge 0 func=zfp_compress
[13:36:36.799302] [WARNING] [pdc_tf_server.c:401] PDC_SERVER[3]: SCHED: executing edge 0 func=zfp_compress dev=GPU
[13:36:36.809868] [WARNING] [pdc_tf_server.c:475] PDC_SERVER[3]: SCHED: done running transformations
[INFO] PDC_SERVER[0]: Executing graph with json filepath /pscratch/sd/n/nlewi26/src/work_space/source/pdc/tf_client/graphs/zfp_gpu.json
[13:36:36.884625] [WARNING] [pdc_tf_server.c:393] PDC_SERVER[0]: SCHED: setting CUDA device to 0 for edge 0 func=zfp_compress
[13:36:36.884642] [WARNING] [pdc_tf_server.c:401] PDC_SERVER[0]: SCHED: executing edge 0 func=zfp_compress dev=GPU
[13:36:36.896199] [WARNING] [pdc_tf_server.c:475] PDC_SERVER[0]: SCHED: done running transformations
[13:36:36.910458] [WARNING] [pdc_tf_server.c:393] PDC_SERVER[2]: SCHED: setting CUDA device to 0 for edge 0 func=zfp_compress
[13:36:36.910547] [WARNING] [pdc_tf_server.c:401] PDC_SERVER[2]: SCHED: executing edge 0 func=zfp_compress dev=GPU
[13:36:36.920183] [WARNING] [pdc_tf_server.c:475] PDC_SERVER[2]: SCHED: done running transformations
[13:36:36.934513] [WARNING] [pdc_server_region_cache.c:834] PDC_SERVER[0]: Flushed region via POSIX I/O in 0.318586 s
[13:36:36.934530] [WARNING] [pdc_server_region_cache.c:850] PDC_SERVER[0]: [2026-10-07 13:36:36.934526] Flushed 16.00 / 16.00 MB to storage
[INFO] PDC_SERVER[0]: Region flush iteration took 0.318632 s
[INFO] PDC_SERVER[0]: Starting flush for obj_id 4000000000, ndim=3
[13:36:36.935815] [WARNING] [pdc_server_region_cache.c:823] PDC_SERVER[0]: Region mapping lookup took 0.000000 s
[13:36:36.935819] [WARNING] [pdc_server_region_cache.c:828] PDC_SERVER[0]: No region mapping found for obj_id 4000000000
[13:36:37.022082] [WARNING] [pdc_tf_server.c:393] PDC_SERVER[5]: SCHED: setting CUDA device to 0 for edge 0 func=zfp_compress
[13:36:37.022108] [WARNING] [pdc_tf_server.c:401] PDC_SERVER[5]: SCHED: executing edge 0 func=zfp_compress dev=GPU
[13:36:37.028395] [WARNING] [pdc_tf_server.c:393] PDC_SERVER[1]: SCHED: setting CUDA device to 0 for edge 0 func=zfp_compress
[13:36:37.028424] [WARNING] [pdc_tf_server.c:401] PDC_SERVER[1]: SCHED: executing edge 0 func=zfp_compress dev=GPU
[13:36:37.031085] [WARNING] [pdc_tf_server.c:475] PDC_SERVER[5]: SCHED: done running transformations
[13:36:37.032421] [WARNING] [pdc_tf_server.c:393] PDC_SERVER[7]: SCHED: setting CUDA device to 0 for edge 0 func=zfp_compress
[13:36:37.032449] [WARNING] [pdc_tf_server.c:401] PDC_SERVER[7]: SCHED: executing edge 0 func=zfp_compress dev=GPU
[13:36:37.041169] [WARNING] [pdc_tf_server.c:475] PDC_SERVER[7]: SCHED: done running transformations
[13:36:37.046559] [WARNING] [pdc_tf_server.c:475] PDC_SERVER[1]: SCHED: done running transformations
[13:36:37.071618] [WARNING] [pdc_tf_server.c:393] PDC_SERVER[4]: SCHED: setting CUDA device to 0 for edge 0 func=zfp_compress
[13:36:37.071647] [WARNING] [pdc_tf_server.c:401] PDC_SERVER[4]: SCHED: executing edge 0 func=zfp_compress dev=GPU
[13:36:37.080897] [WARNING] [pdc_tf_server.c:475] PDC_SERVER[4]: SCHED: done running transformations
[13:36:37.083289] [WARNING] [pdc_tf_server.c:393] PDC_SERVER[6]: SCHED: setting CUDA device to 0 for edge 0 func=zfp_compress
[13:36:37.083318] [WARNING] [pdc_tf_server.c:401] PDC_SERVER[6]: SCHED: executing edge 0 func=zfp_compress dev=GPU
[13:36:37.091754] [WARNING] [pdc_tf_server.c:475] PDC_SERVER[6]: SCHED: done running transformations
[13:36:37.114927] [WARNING] [pdc_tf_server.c:393] PDC_SERVER[3]: SCHED: setting CUDA device to 0 for edge 0 func=zfp_compress
[13:36:37.114959] [WARNING] [pdc_tf_server.c:401] PDC_SERVER[3]: SCHED: executing edge 0 func=zfp_compress dev=GPU
[13:36:37.125703] [WARNING] [pdc_tf_server.c:475] PDC_SERVER[3]: SCHED: done running transformations
[INFO] PDC_SERVER[0]: Executing graph with json filepath /pscratch/sd/n/nlewi26/src/work_space/source/pdc/tf_client/graphs/zfp_gpu.json
[13:36:37.207512] [WARNING] [pdc_tf_server.c:393] PDC_SERVER[0]: SCHED: setting CUDA device to 0 for edge 0 func=zfp_compress
[13:36:37.207557] [WARNING] [pdc_tf_server.c:401] PDC_SERVER[0]: SCHED: executing edge 0 func=zfp_compress dev=GPU
[13:36:37.217190] [WARNING] [pdc_tf_server.c:475] PDC_SERVER[0]: SCHED: done running transformations
[13:36:37.222472] [WARNING] [pdc_tf_server.c:393] PDC_SERVER[2]: SCHED: setting CUDA device to 0 for edge 0 func=zfp_compress
[13:36:37.222499] [WARNING] [pdc_tf_server.c:401] PDC_SERVER[2]: SCHED: executing edge 0 func=zfp_compress dev=GPU
[13:36:37.231107] [WARNING] [pdc_tf_server.c:475] PDC_SERVER[2]: SCHED: done running transformations
[13:36:37.254607] [WARNING] [pdc_server_region_cache.c:834] PDC_SERVER[0]: Flushed region via POSIX I/O in 0.318764 s
[13:36:37.254625] [WARNING] [pdc_server_region_cache.c:850] PDC_SERVER[0]: [2026-10-07 13:36:37.254622] Flushed 16.00 / 16.00 MB to storage
[INFO] PDC_SERVER[0]: Region flush iteration took 0.318817 s
[INFO] PDC_SERVER[4]: Fetching region for obj_id=7000000000
[INFO] PDC_SERVER[4]: Checking against Object 2000000000
[INFO] PDC_SERVER[4]: Checking against Object 3000000000
[INFO] PDC_SERVER[4]: Checking against Object 4000000000
[INFO] PDC_SERVER[4]: Object 7000000000 NOT found in cache
[INFO] PDC_SERVER[4]: Fetching region from server for obj_id=7000000000
[INFO] PDC_SERVER[2]: Fetching region for obj_id=7000000000
[INFO] PDC_SERVER[2]: Checking against Object 2000000000
[INFO] PDC_SERVER[2]: Checking against Object 3000000000
[INFO] PDC_SERVER[2]: Checking against Object 4000000000
[INFO] PDC_SERVER[2]: Object 7000000000 NOT found in cache
[INFO] PDC_SERVER[2]: Fetching region from server for obj_id=7000000000
[INFO] PDC_SERVER[0]: Fetching region for obj_id=7000000000
[INFO] PDC_SERVER[0]: Checking against Object 2000000000
[INFO] PDC_SERVER[0]: Checking against Object 3000000000
[INFO] PDC_SERVER[0]: Checking against Object 4000000000
[INFO] PDC_SERVER[0]: Object 7000000000 NOT found in cache
[INFO] PDC_SERVER[0]: Fetching region from server for obj_id=7000000000
[INFO] PDC_SERVER[1]: Fetching region for obj_id=7000000000
[INFO] PDC_SERVER[1]: Checking against Object 2000000000
[INFO] PDC_SERVER[1]: Checking against Object 3000000000
[INFO] PDC_SERVER[1]: Checking against Object 4000000000
[INFO] PDC_SERVER[1]: Object 7000000000 NOT found in cache
[INFO] PDC_SERVER[1]: Fetching region from server for obj_id=7000000000
[INFO] PDC_SERVER[6]: Fetching region for obj_id=7000000000
[INFO] PDC_SERVER[6]: Checking against Object 2000000000
[INFO] PDC_SERVER[6]: Checking against Object 3000000000
[INFO] PDC_SERVER[6]: Checking against Object 4000000000
[INFO] PDC_SERVER[6]: Object 7000000000 NOT found in cache
[INFO] PDC_SERVER[6]: Fetching region from server for obj_id=7000000000
[INFO] PDC_SERVER[5]: Fetching region for obj_id=7000000000
[INFO] PDC_SERVER[5]: Checking against Object 2000000000
[INFO] PDC_SERVER[5]: Checking against Object 3000000000
[INFO] PDC_SERVER[5]: Checking against Object 4000000000
[INFO] PDC_SERVER[5]: Object 7000000000 NOT found in cache
[INFO] PDC_SERVER[5]: Fetching region from server for obj_id=7000000000
[INFO] PDC_SERVER[7]: Fetching region for obj_id=7000000000
[INFO] PDC_SERVER[7]: Checking against Object 2000000000
[INFO] PDC_SERVER[7]: Checking against Object 3000000000
[INFO] PDC_SERVER[7]: Checking against Object 4000000000
[INFO] PDC_SERVER[7]: Object 7000000000 NOT found in cache
[INFO] PDC_SERVER[7]: Fetching region from server for obj_id=7000000000
[INFO] PDC_SERVER[3]: Fetching region for obj_id=7000000000
[INFO] PDC_SERVER[3]: Checking against Object 2000000000
[INFO] PDC_SERVER[3]: Checking against Object 3000000000
[INFO] PDC_SERVER[3]: Checking against Object 4000000000
[INFO] PDC_SERVER[3]: Object 7000000000 NOT found in cache
[INFO] PDC_SERVER[3]: Fetching region from server for obj_id=7000000000
[13:36:37.292364] [WARNING] [pdc_tf_server.c:393] PDC_SERVER[4]: SCHED: setting CUDA device to 0 for edge 0 func=zfp_decompress
[13:36:37.292383] [WARNING] [pdc_tf_server.c:401] PDC_SERVER[4]: SCHED: executing edge 0 func=zfp_decompress dev=GPU
[INFO] PDC_SERVER[0]: Executing graph with json filepath /pscratch/sd/n/nlewi26/src/work_space/source/pdc/tf_client/graphs/zfp_gpu.json
[13:36:37.292627] [WARNING] [pdc_tf_server.c:393] PDC_SERVER[0]: SCHED: setting CUDA device to 0 for edge 0 func=zfp_decompress
[13:36:37.292642] [WARNING] [pdc_tf_server.c:401] PDC_SERVER[0]: SCHED: executing edge 0 func=zfp_decompress dev=GPU
[13:36:37.295171] [WARNING] [pdc_tf_server.c:393] PDC_SERVER[3]: SCHED: setting CUDA device to 0 for edge 0 func=zfp_decompress
[13:36:37.295219] [WARNING] [pdc_tf_server.c:401] PDC_SERVER[3]: SCHED: executing edge 0 func=zfp_decompress dev=GPU
[13:36:37.295828] [WARNING] [pdc_tf_server.c:393] PDC_SERVER[1]: SCHED: setting CUDA device to 0 for edge 0 func=zfp_decompress
[13:36:37.295852] [WARNING] [pdc_tf_server.c:401] PDC_SERVER[1]: SCHED: executing edge 0 func=zfp_decompress dev=GPU
[13:36:37.296279] [WARNING] [pdc_tf_server.c:393] PDC_SERVER[6]: SCHED: setting CUDA device to 0 for edge 0 func=zfp_decompress
[13:36:37.296304] [WARNING] [pdc_tf_server.c:401] PDC_SERVER[6]: SCHED: executing edge 0 func=zfp_decompress dev=GPU
[13:36:37.296327] [WARNING] [pdc_tf_server.c:393] PDC_SERVER[7]: SCHED: setting CUDA device to 0 for edge 0 func=zfp_decompress
[13:36:37.296349] [WARNING] [pdc_tf_server.c:401] PDC_SERVER[7]: SCHED: executing edge 0 func=zfp_decompress dev=GPU
[13:36:37.297783] [WARNING] [pdc_tf_server.c:393] PDC_SERVER[5]: SCHED: setting CUDA device to 0 for edge 0 func=zfp_decompress
[13:36:37.297810] [WARNING] [pdc_tf_server.c:401] PDC_SERVER[5]: SCHED: executing edge 0 func=zfp_decompress dev=GPU
[13:36:37.299153] [WARNING] [pdc_tf_server.c:393] PDC_SERVER[2]: SCHED: setting CUDA device to 0 for edge 0 func=zfp_decompress
[13:36:37.299176] [WARNING] [pdc_tf_server.c:401] PDC_SERVER[2]: SCHED: executing edge 0 func=zfp_decompress dev=GPU
[13:36:37.304938] [WARNING] [pdc_tf_server.c:475] PDC_SERVER[0]: SCHED: done running transformations
[13:36:37.307384] [WARNING] [pdc_tf_server.c:475] PDC_SERVER[1]: SCHED: done running transformations
[13:36:37.307436] [WARNING] [pdc_tf_server.c:475] PDC_SERVER[3]: SCHED: done running transformations
[INFO] PDC_SERVER[0]: Fetching region for obj_id=7000000000
[INFO] PDC_SERVER[0]: Checking against Object 2000000000
[INFO] PDC_SERVER[0]: Checking against Object 3000000000
[INFO] PDC_SERVER[0]: Checking against Object 4000000000
[INFO] PDC_SERVER[0]: Object 7000000000 NOT found in cache
[INFO] PDC_SERVER[0]: Fetching region from server for obj_id=7000000000
[13:36:37.311073] [WARNING] [pdc_tf_server.c:475] PDC_SERVER[2]: SCHED: done running transformations
[INFO] PDC_SERVER[1]: Fetching region for obj_id=7000000000
[INFO] PDC_SERVER[1]: Checking against Object 2000000000
[INFO] PDC_SERVER[1]: Checking against Object 3000000000
[INFO] PDC_SERVER[1]: Checking against Object 4000000000
[INFO] PDC_SERVER[1]: Object 7000000000 NOT found in cache
[INFO] PDC_SERVER[1]: Fetching region from server for obj_id=7000000000
[INFO] PDC_SERVER[2]: Fetching region for obj_id=7000000000
[INFO] PDC_SERVER[2]: Checking against Object 2000000000
[INFO] PDC_SERVER[2]: Checking against Object 3000000000
[INFO] PDC_SERVER[2]: Checking against Object 4000000000
[INFO] PDC_SERVER[2]: Object 7000000000 NOT found in cache
[INFO] PDC_SERVER[2]: Fetching region from server for obj_id=7000000000
[INFO] PDC_SERVER[3]: Fetching region for obj_id=7000000000
[INFO] PDC_SERVER[3]: Checking against Object 2000000000
[INFO] PDC_SERVER[3]: Checking against Object 3000000000
[INFO] PDC_SERVER[3]: Checking against Object 4000000000
[INFO] PDC_SERVER[3]: Object 7000000000 NOT found in cache
[INFO] PDC_SERVER[3]: Fetching region from server for obj_id=7000000000
[INFO] PDC_SERVER[0]: Executing graph with json filepath /pscratch/sd/n/nlewi26/src/work_space/source/pdc/tf_client/graphs/zfp_gpu.json
[13:36:37.324125] [WARNING] [pdc_tf_server.c:393] PDC_SERVER[0]: SCHED: setting CUDA device to 0 for edge 0 func=zfp_decompress
[13:36:37.324137] [WARNING] [pdc_tf_server.c:401] PDC_SERVER[0]: SCHED: executing edge 0 func=zfp_decompress dev=GPU
[13:36:37.326757] [WARNING] [pdc_tf_server.c:475] PDC_SERVER[4]: SCHED: done running transformations
[13:36:37.326753] [WARNING] [pdc_tf_server.c:475] PDC_SERVER[6]: SCHED: done running transformations
[13:36:37.327406] [WARNING] [pdc_tf_server.c:393] PDC_SERVER[1]: SCHED: setting CUDA device to 0 for edge 0 func=zfp_decompress
[13:36:37.327422] [WARNING] [pdc_tf_server.c:401] PDC_SERVER[1]: SCHED: executing edge 0 func=zfp_decompress dev=GPU
[13:36:37.328207] [WARNING] [pdc_tf_server.c:475] PDC_SERVER[5]: SCHED: done running transformations
[13:36:37.328205] [WARNING] [pdc_tf_server.c:475] PDC_SERVER[7]: SCHED: done running transformations
[13:36:37.331288] [WARNING] [pdc_tf_server.c:393] PDC_SERVER[2]: SCHED: setting CUDA device to 0 for edge 0 func=zfp_decompress
[13:36:37.331310] [WARNING] [pdc_tf_server.c:401] PDC_SERVER[2]: SCHED: executing edge 0 func=zfp_decompress dev=GPU
[INFO] PDC_SERVER[4]: Fetching region for obj_id=7000000000
[INFO] PDC_SERVER[4]: Checking against Object 2000000000
[INFO] PDC_SERVER[4]: Checking against Object 3000000000
[INFO] PDC_SERVER[4]: Checking against Object 4000000000
[INFO] PDC_SERVER[4]: Object 7000000000 NOT found in cache
[INFO] PDC_SERVER[4]: Fetching region from server for obj_id=7000000000
[INFO] PDC_SERVER[5]: Fetching region for obj_id=7000000000
[INFO] PDC_SERVER[5]: Checking against Object 2000000000
[INFO] PDC_SERVER[5]: Checking against Object 3000000000
[INFO] PDC_SERVER[5]: Checking against Object 4000000000
[INFO] PDC_SERVER[5]: Object 7000000000 NOT found in cache
[INFO] PDC_SERVER[5]: Fetching region from server for obj_id=7000000000
[INFO] PDC_SERVER[6]: Fetching region for obj_id=7000000000
[INFO] PDC_SERVER[6]: Checking against Object 2000000000
[INFO] PDC_SERVER[6]: Checking against Object 3000000000
[INFO] PDC_SERVER[6]: Checking against Object 4000000000
[INFO] PDC_SERVER[6]: Object 7000000000 NOT found in cache
[INFO] PDC_SERVER[6]: Fetching region from server for obj_id=7000000000
[13:36:37.333439] [WARNING] [pdc_tf_server.c:393] PDC_SERVER[3]: SCHED: setting CUDA device to 0 for edge 0 func=zfp_decompress
[13:36:37.333459] [WARNING] [pdc_tf_server.c:401] PDC_SERVER[3]: SCHED: executing edge 0 func=zfp_decompress dev=GPU
[INFO] PDC_SERVER[7]: Fetching region for obj_id=7000000000
[INFO] PDC_SERVER[7]: Checking against Object 2000000000
[INFO] PDC_SERVER[7]: Checking against Object 3000000000
[INFO] PDC_SERVER[7]: Checking against Object 4000000000
[INFO] PDC_SERVER[7]: Object 7000000000 NOT found in cache
[INFO] PDC_SERVER[7]: Fetching region from server for obj_id=7000000000
[13:36:37.334452] [WARNING] [pdc_tf_server.c:475] PDC_SERVER[0]: SCHED: done running transformations
[13:36:37.336579] [WARNING] [pdc_tf_server.c:475] PDC_SERVER[1]: SCHED: done running transformations
[INFO] PDC_SERVER[0]: Fetching region for obj_id=7000000000
[INFO] PDC_SERVER[0]: Checking against Object 2000000000
[INFO] PDC_SERVER[0]: Checking against Object 3000000000
[INFO] PDC_SERVER[0]: Checking against Object 4000000000
[INFO] PDC_SERVER[0]: Object 7000000000 NOT found in cache
[INFO] PDC_SERVER[0]: Fetching region from server for obj_id=7000000000
[INFO] PDC_SERVER[1]: Fetching region for obj_id=7000000000
[INFO] PDC_SERVER[1]: Checking against Object 2000000000
[INFO] PDC_SERVER[1]: Checking against Object 3000000000
[INFO] PDC_SERVER[1]: Checking against Object 4000000000
[INFO] PDC_SERVER[1]: Object 7000000000 NOT found in cache
[INFO] PDC_SERVER[1]: Fetching region from server for obj_id=7000000000
[13:36:37.341620] [WARNING] [pdc_tf_server.c:475] PDC_SERVER[2]: SCHED: done running transformations
[INFO] PDC_SERVER[2]: Fetching region for obj_id=7000000000
[INFO] PDC_SERVER[2]: Checking against Object 2000000000
[INFO] PDC_SERVER[2]: Checking against Object 3000000000
[INFO] PDC_SERVER[2]: Checking against Object 4000000000
[INFO] PDC_SERVER[2]: Object 7000000000 NOT found in cache
[INFO] PDC_SERVER[2]: Fetching region from server for obj_id=7000000000
[13:36:37.347946] [WARNING] [pdc_tf_server.c:475] PDC_SERVER[3]: SCHED: done running transformations
[13:36:37.349117] [WARNING] [pdc_tf_server.c:393] PDC_SERVER[6]: SCHED: setting CUDA device to 0 for edge 0 func=zfp_decompress
[13:36:37.349131] [WARNING] [pdc_tf_server.c:401] PDC_SERVER[6]: SCHED: executing edge 0 func=zfp_decompress dev=GPU
[13:36:37.350541] [WARNING] [pdc_tf_server.c:393] PDC_SERVER[7]: SCHED: setting CUDA device to 0 for edge 0 func=zfp_decompress
[13:36:37.350564] [WARNING] [pdc_tf_server.c:401] PDC_SERVER[7]: SCHED: executing edge 0 func=zfp_decompress dev=GPU
[INFO] PDC_SERVER[3]: Fetching region for obj_id=7000000000
[INFO] PDC_SERVER[3]: Checking against Object 2000000000
[INFO] PDC_SERVER[3]: Checking against Object 3000000000
[INFO] PDC_SERVER[3]: Checking against Object 4000000000
[INFO] PDC_SERVER[3]: Object 7000000000 NOT found in cache
[INFO] PDC_SERVER[3]: Fetching region from server for obj_id=7000000000
[13:36:37.353563] [WARNING] [pdc_tf_server.c:393] PDC_SERVER[5]: SCHED: setting CUDA device to 0 for edge 0 func=zfp_decompress
[13:36:37.353579] [WARNING] [pdc_tf_server.c:401] PDC_SERVER[5]: SCHED: executing edge 0 func=zfp_decompress dev=GPU
[13:36:37.355695] [WARNING] [pdc_tf_server.c:393] PDC_SERVER[4]: SCHED: setting CUDA device to 0 for edge 0 func=zfp_decompress
[13:36:37.355726] [WARNING] [pdc_tf_server.c:401] PDC_SERVER[4]: SCHED: executing edge 0 func=zfp_decompress dev=GPU
[13:36:37.357313] [WARNING] [pdc_tf_server.c:393] PDC_SERVER[1]: SCHED: setting CUDA device to 0 for edge 0 func=zfp_decompress
[13:36:37.357328] [WARNING] [pdc_tf_server.c:401] PDC_SERVER[1]: SCHED: executing edge 0 func=zfp_decompress dev=GPU
[INFO] PDC_SERVER[0]: Executing graph with json filepath /pscratch/sd/n/nlewi26/src/work_space/source/pdc/tf_client/graphs/zfp_gpu.json
[13:36:37.358349] [WARNING] [pdc_tf_server.c:393] PDC_SERVER[0]: SCHED: setting CUDA device to 0 for edge 0 func=zfp_decompress
[13:36:37.358365] [WARNING] [pdc_tf_server.c:401] PDC_SERVER[0]: SCHED: executing edge 0 func=zfp_decompress dev=GPU
[13:36:37.362853] [WARNING] [pdc_tf_server.c:393] PDC_SERVER[2]: SCHED: setting CUDA device to 0 for edge 0 func=zfp_decompress
[13:36:37.362872] [WARNING] [pdc_tf_server.c:401] PDC_SERVER[2]: SCHED: executing edge 0 func=zfp_decompress dev=GPU
[13:36:37.367068] [WARNING] [pdc_tf_server.c:475] PDC_SERVER[1]: SCHED: done running transformations
[13:36:37.369671] [WARNING] [pdc_tf_server.c:393] PDC_SERVER[3]: SCHED: setting CUDA device to 0 for edge 0 func=zfp_decompress
[13:36:37.369690] [WARNING] [pdc_tf_server.c:401] PDC_SERVER[3]: SCHED: executing edge 0 func=zfp_decompress dev=GPU
[13:36:37.369968] [WARNING] [pdc_tf_server.c:475] PDC_SERVER[0]: SCHED: done running transformations
[INFO] PDC_SERVER[1]: Fetching region for obj_id=7000000000
[INFO] PDC_SERVER[1]: Checking against Object 2000000000
[INFO] PDC_SERVER[1]: Checking against Object 3000000000
[INFO] PDC_SERVER[1]: Checking against Object 4000000000
[INFO] PDC_SERVER[1]: Object 7000000000 NOT found in cache
[INFO] PDC_SERVER[1]: Fetching region from server for obj_id=7000000000
[13:36:37.373651] [WARNING] [pdc_tf_server.c:475] PDC_SERVER[2]: SCHED: done running transformations
[13:36:37.376395] [WARNING] [pdc_tf_server.c:475] PDC_SERVER[7]: SCHED: done running transformations
[INFO] PDC_SERVER[0]: Fetching region for obj_id=7000000000
[INFO] PDC_SERVER[0]: Checking against Object 2000000000
[INFO] PDC_SERVER[0]: Checking against Object 3000000000
[INFO] PDC_SERVER[0]: Checking against Object 4000000000
[INFO] PDC_SERVER[0]: Object 7000000000 NOT found in cache
[INFO] PDC_SERVER[0]: Fetching region from server for obj_id=7000000000
[INFO] PDC_SERVER[2]: Fetching region for obj_id=7000000000
[INFO] PDC_SERVER[2]: Checking against Object 2000000000
[INFO] PDC_SERVER[2]: Checking against Object 3000000000
[INFO] PDC_SERVER[2]: Checking against Object 4000000000
[INFO] PDC_SERVER[2]: Object 7000000000 NOT found in cache
[INFO] PDC_SERVER[2]: Fetching region from server for obj_id=7000000000
[13:36:37.377990] [WARNING] [pdc_tf_server.c:475] PDC_SERVER[5]: SCHED: done running transformations
[13:36:37.377990] [WARNING] [pdc_tf_server.c:475] PDC_SERVER[6]: SCHED: done running transformations
[13:36:37.382117] [WARNING] [pdc_tf_server.c:475] PDC_SERVER[3]: SCHED: done running transformations
[INFO] PDC_SERVER[7]: Fetching region for obj_id=7000000000
[INFO] PDC_SERVER[7]: Checking against Object 2000000000
[INFO] PDC_SERVER[7]: Checking against Object 3000000000
[INFO] PDC_SERVER[7]: Checking against Object 4000000000
[INFO] PDC_SERVER[7]: Object 7000000000 NOT found in cache
[INFO] PDC_SERVER[7]: Fetching region from server for obj_id=7000000000
[13:36:37.382707] [WARNING] [pdc_tf_server.c:475] PDC_SERVER[4]: SCHED: done running transformations
[INFO] PDC_SERVER[5]: Fetching region for obj_id=7000000000
[INFO] PDC_SERVER[5]: Checking against Object 2000000000
[INFO] PDC_SERVER[5]: Checking against Object 3000000000
[INFO] PDC_SERVER[5]: Checking against Object 4000000000
[INFO] PDC_SERVER[5]: Object 7000000000 NOT found in cache
[INFO] PDC_SERVER[5]: Fetching region from server for obj_id=7000000000
[INFO] PDC_SERVER[6]: Fetching region for obj_id=7000000000
[INFO] PDC_SERVER[6]: Checking against Object 2000000000
[INFO] PDC_SERVER[6]: Checking against Object 3000000000
[INFO] PDC_SERVER[6]: Checking against Object 4000000000
[INFO] PDC_SERVER[6]: Object 7000000000 NOT found in cache
[INFO] PDC_SERVER[6]: Fetching region from server for obj_id=7000000000
[INFO] PDC_SERVER[3]: Fetching region for obj_id=7000000000
[INFO] PDC_SERVER[3]: Checking against Object 2000000000
[INFO] PDC_SERVER[3]: Checking against Object 3000000000
[INFO] PDC_SERVER[3]: Checking against Object 4000000000
[INFO] PDC_SERVER[3]: Object 7000000000 NOT found in cache
[INFO] PDC_SERVER[3]: Fetching region from server for obj_id=7000000000
[13:36:37.387325] [WARNING] [pdc_tf_server.c:393] PDC_SERVER[1]: SCHED: setting CUDA device to 0 for edge 0 func=zfp_decompress
[13:36:37.387346] [WARNING] [pdc_tf_server.c:401] PDC_SERVER[1]: SCHED: executing edge 0 func=zfp_decompress dev=GPU
[INFO] PDC_SERVER[4]: Fetching region for obj_id=7000000000
[INFO] PDC_SERVER[4]: Checking against Object 2000000000
[INFO] PDC_SERVER[4]: Checking against Object 3000000000
[INFO] PDC_SERVER[4]: Checking against Object 4000000000
[INFO] PDC_SERVER[4]: Object 7000000000 NOT found in cache
[INFO] PDC_SERVER[4]: Fetching region from server for obj_id=7000000000
[INFO] PDC_SERVER[0]: Executing graph with json filepath /pscratch/sd/n/nlewi26/src/work_space/source/pdc/tf_client/graphs/zfp_gpu.json
[13:36:37.393431] [WARNING] [pdc_tf_server.c:393] PDC_SERVER[0]: SCHED: setting CUDA device to 0 for edge 0 func=zfp_decompress
[13:36:37.393448] [WARNING] [pdc_tf_server.c:401] PDC_SERVER[0]: SCHED: executing edge 0 func=zfp_decompress dev=GPU
[13:36:37.398751] [WARNING] [pdc_tf_server.c:393] PDC_SERVER[5]: SCHED: setting CUDA device to 0 for edge 0 func=zfp_decompress
[13:36:37.398767] [WARNING] [pdc_tf_server.c:401] PDC_SERVER[5]: SCHED: executing edge 0 func=zfp_decompress dev=GPU
[13:36:37.398856] [WARNING] [pdc_tf_server.c:393] PDC_SERVER[2]: SCHED: setting CUDA device to 0 for edge 0 func=zfp_decompress
[13:36:37.398872] [WARNING] [pdc_tf_server.c:401] PDC_SERVER[2]: SCHED: executing edge 0 func=zfp_decompress dev=GPU
[13:36:37.399180] [WARNING] [pdc_tf_server.c:393] PDC_SERVER[7]: SCHED: setting CUDA device to 0 for edge 0 func=zfp_decompress
[13:36:37.399197] [WARNING] [pdc_tf_server.c:401] PDC_SERVER[7]: SCHED: executing edge 0 func=zfp_decompress dev=GPU
[13:36:37.400077] [WARNING] [pdc_tf_server.c:393] PDC_SERVER[6]: SCHED: setting CUDA device to 0 for edge 0 func=zfp_decompress
[13:36:37.400096] [WARNING] [pdc_tf_server.c:401] PDC_SERVER[6]: SCHED: executing edge 0 func=zfp_decompress dev=GPU
[13:36:37.402924] [WARNING] [pdc_tf_server.c:393] PDC_SERVER[3]: SCHED: setting CUDA device to 0 for edge 0 func=zfp_decompress
[13:36:37.402947] [WARNING] [pdc_tf_server.c:401] PDC_SERVER[3]: SCHED: executing edge 0 func=zfp_decompress dev=GPU
[13:36:37.407239] [WARNING] [pdc_tf_server.c:475] PDC_SERVER[1]: SCHED: done running transformations
[13:36:37.409824] [WARNING] [pdc_tf_server.c:475] PDC_SERVER[7]: SCHED: done running transformations
[13:36:37.410254] [WARNING] [pdc_tf_server.c:475] PDC_SERVER[5]: SCHED: done running transformations
[13:36:37.410491] [WARNING] [pdc_tf_server.c:475] PDC_SERVER[6]: SCHED: done running transformations
[INFO] PDC_SERVER[1]: Fetching region for obj_id=7000000000
[INFO] PDC_SERVER[1]: Checking against Object 2000000000
[INFO] PDC_SERVER[1]: Checking against Object 3000000000
[INFO] PDC_SERVER[1]: Checking against Object 4000000000
[INFO] PDC_SERVER[1]: Object 7000000000 NOT found in cache
[INFO] PDC_SERVER[1]: Fetching region from server for obj_id=7000000000
[13:36:37.412808] [WARNING] [pdc_tf_server.c:393] PDC_SERVER[4]: SCHED: setting CUDA device to 0 for edge 0 func=zfp_decompress
[13:36:37.412847] [WARNING] [pdc_tf_server.c:401] PDC_SERVER[4]: SCHED: executing edge 0 func=zfp_decompress dev=GPU
[INFO] PDC_SERVER[5]: Fetching region for obj_id=7000000000
[INFO] PDC_SERVER[5]: Checking against Object 2000000000
[INFO] PDC_SERVER[5]: Checking against Object 3000000000
[INFO] PDC_SERVER[5]: Checking against Object 4000000000
[INFO] PDC_SERVER[5]: Object 7000000000 NOT found in cache
[INFO] PDC_SERVER[5]: Fetching region from server for obj_id=7000000000
[INFO] PDC_SERVER[7]: Fetching region for obj_id=7000000000
[INFO] PDC_SERVER[7]: Checking against Object 2000000000
[INFO] PDC_SERVER[7]: Checking against Object 3000000000
[INFO] PDC_SERVER[7]: Checking against Object 4000000000
[INFO] PDC_SERVER[7]: Object 7000000000 NOT found in cache
[INFO] PDC_SERVER[7]: Fetching region from server for obj_id=7000000000
[INFO] PDC_SERVER[6]: Fetching region for obj_id=7000000000
[INFO] PDC_SERVER[6]: Checking against Object 2000000000
[INFO] PDC_SERVER[6]: Checking against Object 3000000000
[INFO] PDC_SERVER[6]: Checking against Object 4000000000
[INFO] PDC_SERVER[6]: Object 7000000000 NOT found in cache
[INFO] PDC_SERVER[6]: Fetching region from server for obj_id=7000000000
[13:36:37.420428] [WARNING] [pdc_tf_server.c:475] PDC_SERVER[0]: SCHED: done running transformations
[13:36:37.423812] [WARNING] [pdc_tf_server.c:475] PDC_SERVER[3]: SCHED: done running transformations
[13:36:37.423918] [WARNING] [pdc_tf_server.c:475] PDC_SERVER[2]: SCHED: done running transformations
[13:36:37.424205] [WARNING] [pdc_tf_server.c:475] PDC_SERVER[4]: SCHED: done running transformations
[INFO] PDC_SERVER[0]: Fetching region for obj_id=7000000000
[INFO] PDC_SERVER[0]: Checking against Object 2000000000
[INFO] PDC_SERVER[0]: Checking against Object 3000000000
[INFO] PDC_SERVER[0]: Checking against Object 4000000000
[INFO] PDC_SERVER[0]: Object 7000000000 NOT found in cache
[INFO] PDC_SERVER[0]: Fetching region from server for obj_id=7000000000
[13:36:37.428176] [WARNING] [pdc_tf_server.c:393] PDC_SERVER[1]: SCHED: setting CUDA device to 0 for edge 0 func=zfp_decompress
[13:36:37.428191] [WARNING] [pdc_tf_server.c:401] PDC_SERVER[1]: SCHED: executing edge 0 func=zfp_decompress dev=GPU
[INFO] PDC_SERVER[2]: Fetching region for obj_id=7000000000
[INFO] PDC_SERVER[2]: Checking against Object 2000000000
[INFO] PDC_SERVER[2]: Checking against Object 3000000000
[INFO] PDC_SERVER[2]: Checking against Object 4000000000
[INFO] PDC_SERVER[2]: Object 7000000000 NOT found in cache
[INFO] PDC_SERVER[2]: Fetching region from server for obj_id=7000000000
[INFO] PDC_SERVER[3]: Fetching region for obj_id=7000000000
[INFO] PDC_SERVER[3]: Checking against Object 2000000000
[INFO] PDC_SERVER[3]: Checking against Object 3000000000
[INFO] PDC_SERVER[3]: Checking against Object 4000000000
[INFO] PDC_SERVER[3]: Object 7000000000 NOT found in cache
[INFO] PDC_SERVER[3]: Fetching region from server for obj_id=7000000000
[INFO] PDC_SERVER[4]: Fetching region for obj_id=7000000000
[INFO] PDC_SERVER[4]: Checking against Object 2000000000
[INFO] PDC_SERVER[4]: Checking against Object 3000000000
[INFO] PDC_SERVER[4]: Checking against Object 4000000000
[INFO] PDC_SERVER[4]: Object 7000000000 NOT found in cache
[INFO] PDC_SERVER[4]: Fetching region from server for obj_id=7000000000
[13:36:37.431289] [WARNING] [pdc_tf_server.c:393] PDC_SERVER[5]: SCHED: setting CUDA device to 0 for edge 0 func=zfp_decompress
[13:36:37.431308] [WARNING] [pdc_tf_server.c:401] PDC_SERVER[5]: SCHED: executing edge 0 func=zfp_decompress dev=GPU
[13:36:37.433156] [WARNING] [pdc_tf_server.c:393] PDC_SERVER[6]: SCHED: setting CUDA device to 0 for edge 0 func=zfp_decompress
[13:36:37.433174] [WARNING] [pdc_tf_server.c:401] PDC_SERVER[6]: SCHED: executing edge 0 func=zfp_decompress dev=GPU
[13:36:37.433944] [WARNING] [pdc_tf_server.c:393] PDC_SERVER[7]: SCHED: setting CUDA device to 0 for edge 0 func=zfp_decompress
[13:36:37.433967] [WARNING] [pdc_tf_server.c:401] PDC_SERVER[7]: SCHED: executing edge 0 func=zfp_decompress dev=GPU
[13:36:37.439663] [WARNING] [pdc_tf_server.c:475] PDC_SERVER[5]: SCHED: done running transformations
[INFO] PDC_SERVER[0]: Executing graph with json filepath /pscratch/sd/n/nlewi26/src/work_space/source/pdc/tf_client/graphs/zfp_gpu.json
[13:36:37.441598] [WARNING] [pdc_tf_server.c:393] PDC_SERVER[0]: SCHED: setting CUDA device to 0 for edge 0 func=zfp_decompress
[13:36:37.441609] [WARNING] [pdc_tf_server.c:401] PDC_SERVER[0]: SCHED: executing edge 0 func=zfp_decompress dev=GPU
[13:36:37.443194] [WARNING] [pdc_tf_server.c:475] PDC_SERVER[7]: SCHED: done running transformations
[13:36:37.443913] [WARNING] [pdc_tf_server.c:475] PDC_SERVER[1]: SCHED: done running transformations
[INFO] PDC_SERVER[5]: Fetching region for obj_id=7000000000
[INFO] PDC_SERVER[5]: Checking against Object 2000000000
[INFO] PDC_SERVER[5]: Checking against Object 3000000000
[INFO] PDC_SERVER[5]: Checking against Object 4000000000
[INFO] PDC_SERVER[5]: Object 7000000000 NOT found in cache
[INFO] PDC_SERVER[5]: Fetching region from server for obj_id=7000000000
[13:36:37.445036] [WARNING] [pdc_tf_server.c:475] PDC_SERVER[6]: SCHED: done running transformations
[13:36:37.445276] [WARNING] [pdc_tf_server.c:393] PDC_SERVER[3]: SCHED: setting CUDA device to 0 for edge 0 func=zfp_decompress
[13:36:37.445300] [WARNING] [pdc_tf_server.c:401] PDC_SERVER[3]: SCHED: executing edge 0 func=zfp_decompress dev=GPU
[13:36:37.445659] [WARNING] [pdc_tf_server.c:393] PDC_SERVER[2]: SCHED: setting CUDA device to 0 for edge 0 func=zfp_decompress
[13:36:37.445676] [WARNING] [pdc_tf_server.c:401] PDC_SERVER[2]: SCHED: executing edge 0 func=zfp_decompress dev=GPU
[INFO] PDC_SERVER[1]: Fetching region for obj_id=7000000000
[INFO] PDC_SERVER[1]: Checking against Object 2000000000
[INFO] PDC_SERVER[1]: Checking against Object 3000000000
[INFO] PDC_SERVER[1]: Checking against Object 4000000000
[INFO] PDC_SERVER[1]: Object 7000000000 NOT found in cache
[INFO] PDC_SERVER[1]: Fetching region from server for obj_id=7000000000
[INFO] PDC_SERVER[7]: Fetching region for obj_id=7000000000
[INFO] PDC_SERVER[7]: Checking against Object 2000000000
[INFO] PDC_SERVER[7]: Checking against Object 3000000000
[INFO] PDC_SERVER[7]: Checking against Object 4000000000
[INFO] PDC_SERVER[7]: Object 7000000000 NOT found in cache
[INFO] PDC_SERVER[7]: Fetching region from server for obj_id=7000000000
[INFO] PDC_SERVER[6]: Fetching region for obj_id=7000000000
[INFO] PDC_SERVER[6]: Checking against Object 2000000000
[INFO] PDC_SERVER[6]: Checking against Object 3000000000
[INFO] PDC_SERVER[6]: Checking against Object 4000000000
[INFO] PDC_SERVER[6]: Object 7000000000 NOT found in cache
[INFO] PDC_SERVER[6]: Fetching region from server for obj_id=7000000000
[13:36:37.453240] [WARNING] [pdc_tf_server.c:393] PDC_SERVER[4]: SCHED: setting CUDA device to 0 for edge 0 func=zfp_decompress
[13:36:37.453270] [WARNING] [pdc_tf_server.c:401] PDC_SERVER[4]: SCHED: executing edge 0 func=zfp_decompress dev=GPU
[13:36:37.460747] [WARNING] [pdc_tf_server.c:393] PDC_SERVER[5]: SCHED: setting CUDA device to 0 for edge 0 func=zfp_decompress
[13:36:37.460770] [WARNING] [pdc_tf_server.c:401] PDC_SERVER[5]: SCHED: executing edge 0 func=zfp_decompress dev=GPU
[13:36:37.462835] [WARNING] [pdc_tf_server.c:475] PDC_SERVER[4]: SCHED: done running transformations
[13:36:37.466301] [WARNING] [pdc_tf_server.c:393] PDC_SERVER[7]: SCHED: setting CUDA device to 0 for edge 0 func=zfp_decompress
[13:36:37.466328] [WARNING] [pdc_tf_server.c:401] PDC_SERVER[7]: SCHED: executing edge 0 func=zfp_decompress dev=GPU
[13:36:37.466540] [WARNING] [pdc_tf_server.c:475] PDC_SERVER[0]: SCHED: done running transformations
[13:36:37.467813] [WARNING] [pdc_tf_server.c:393] PDC_SERVER[6]: SCHED: setting CUDA device to 0 for edge 0 func=zfp_decompress
[13:36:37.467828] [WARNING] [pdc_tf_server.c:401] PDC_SERVER[6]: SCHED: executing edge 0 func=zfp_decompress dev=GPU
[INFO] PDC_SERVER[4]: Fetching region for obj_id=7000000000
[INFO] PDC_SERVER[4]: Checking against Object 2000000000
[INFO] PDC_SERVER[4]: Checking against Object 3000000000
[INFO] PDC_SERVER[4]: Checking against Object 4000000000
[INFO] PDC_SERVER[4]: Object 7000000000 NOT found in cache
[INFO] PDC_SERVER[4]: Fetching region from server for obj_id=7000000000
[13:36:37.469971] [WARNING] [pdc_tf_server.c:393] PDC_SERVER[1]: SCHED: setting CUDA device to 0 for edge 0 func=zfp_decompress
[13:36:37.469988] [WARNING] [pdc_tf_server.c:401] PDC_SERVER[1]: SCHED: executing edge 0 func=zfp_decompress dev=GPU
[13:36:37.470718] [WARNING] [pdc_tf_server.c:475] PDC_SERVER[5]: SCHED: done running transformations
[13:36:37.472897] [WARNING] [pdc_tf_server.c:475] PDC_SERVER[2]: SCHED: done running transformations
[INFO] PDC_SERVER[0]: Fetching region for obj_id=7000000000
[INFO] PDC_SERVER[0]: Checking against Object 2000000000
[INFO] PDC_SERVER[0]: Checking against Object 3000000000
[INFO] PDC_SERVER[0]: Checking against Object 4000000000
[INFO] PDC_SERVER[0]: Object 7000000000 NOT found in cache
[INFO] PDC_SERVER[0]: Fetching region from server for obj_id=7000000000
[13:36:37.474959] [WARNING] [pdc_tf_server.c:475] PDC_SERVER[3]: SCHED: done running transformations
[13:36:37.475255] [WARNING] [pdc_tf_server.c:475] PDC_SERVER[7]: SCHED: done running transformations
[INFO] PDC_SERVER[5]: Fetching region for obj_id=7000000000
[INFO] PDC_SERVER[5]: Checking against Object 2000000000
[INFO] PDC_SERVER[5]: Checking against Object 3000000000
[INFO] PDC_SERVER[5]: Checking against Object 4000000000
[INFO] PDC_SERVER[5]: Object 7000000000 NOT found in cache
[INFO] PDC_SERVER[5]: Fetching region from server for obj_id=7000000000
[INFO] PDC_SERVER[2]: Fetching region for obj_id=7000000000
[INFO] PDC_SERVER[2]: Checking against Object 2000000000
[INFO] PDC_SERVER[2]: Checking against Object 3000000000
[INFO] PDC_SERVER[2]: Checking against Object 4000000000
[INFO] PDC_SERVER[2]: Object 7000000000 NOT found in cache
[INFO] PDC_SERVER[2]: Fetching region from server for obj_id=7000000000
[INFO] PDC_SERVER[7]: Fetching region for obj_id=7000000000
[INFO] PDC_SERVER[7]: Checking against Object 2000000000
[INFO] PDC_SERVER[7]: Checking against Object 3000000000
[INFO] PDC_SERVER[7]: Checking against Object 4000000000
[INFO] PDC_SERVER[7]: Object 7000000000 NOT found in cache
[INFO] PDC_SERVER[7]: Fetching region from server for obj_id=7000000000
[INFO] PDC_SERVER[3]: Fetching region for obj_id=7000000000
[INFO] PDC_SERVER[3]: Checking against Object 2000000000
[INFO] PDC_SERVER[3]: Checking against Object 3000000000
[INFO] PDC_SERVER[3]: Checking against Object 4000000000
[INFO] PDC_SERVER[3]: Object 7000000000 NOT found in cache
[INFO] PDC_SERVER[3]: Fetching region from server for obj_id=7000000000
[13:36:37.482493] [WARNING] [pdc_tf_server.c:475] PDC_SERVER[6]: SCHED: done running transformations
[INFO] PDC_SERVER[6]: Fetching region for obj_id=7000000000
[INFO] PDC_SERVER[6]: Checking against Object 2000000000
[INFO] PDC_SERVER[6]: Checking against Object 3000000000
[INFO] PDC_SERVER[6]: Checking against Object 4000000000
[INFO] PDC_SERVER[6]: Object 7000000000 NOT found in cache
[INFO] PDC_SERVER[6]: Fetching region from server for obj_id=7000000000
[13:36:37.488905] [WARNING] [pdc_tf_server.c:475] PDC_SERVER[1]: SCHED: done running transformations
[13:36:37.490537] [WARNING] [pdc_tf_server.c:393] PDC_SERVER[4]: SCHED: setting CUDA device to 0 for edge 0 func=zfp_decompress
[13:36:37.490559] [WARNING] [pdc_tf_server.c:401] PDC_SERVER[4]: SCHED: executing edge 0 func=zfp_decompress dev=GPU
[INFO] PDC_SERVER[0]: Executing graph with json filepath /pscratch/sd/n/nlewi26/src/work_space/source/pdc/tf_client/graphs/zfp_gpu.json
[13:36:37.491158] [WARNING] [pdc_tf_server.c:393] PDC_SERVER[0]: SCHED: setting CUDA device to 0 for edge 0 func=zfp_decompress
[13:36:37.491173] [WARNING] [pdc_tf_server.c:401] PDC_SERVER[0]: SCHED: executing edge 0 func=zfp_decompress dev=GPU
[13:36:37.492049] [WARNING] [pdc_tf_server.c:393] PDC_SERVER[5]: SCHED: setting CUDA device to 0 for edge 0 func=zfp_decompress
[13:36:37.492073] [WARNING] [pdc_tf_server.c:401] PDC_SERVER[5]: SCHED: executing edge 0 func=zfp_decompress dev=GPU
[INFO] PDC_SERVER[1]: Fetching region for obj_id=7000000000
[INFO] PDC_SERVER[1]: Checking against Object 2000000000
[INFO] PDC_SERVER[1]: Checking against Object 3000000000
[INFO] PDC_SERVER[1]: Checking against Object 4000000000
[INFO] PDC_SERVER[1]: Object 7000000000 NOT found in cache
[INFO] PDC_SERVER[1]: Fetching region from server for obj_id=7000000000
[13:36:37.495608] [WARNING] [pdc_tf_server.c:393] PDC_SERVER[2]: SCHED: setting CUDA device to 0 for edge 0 func=zfp_decompress
[13:36:37.495632] [WARNING] [pdc_tf_server.c:401] PDC_SERVER[2]: SCHED: executing edge 0 func=zfp_decompress dev=GPU
[13:36:37.497681] [WARNING] [pdc_tf_server.c:393] PDC_SERVER[3]: SCHED: setting CUDA device to 0 for edge 0 func=zfp_decompress
[13:36:37.497704] [WARNING] [pdc_tf_server.c:401] PDC_SERVER[3]: SCHED: executing edge 0 func=zfp_decompress dev=GPU
[13:36:37.498278] [WARNING] [pdc_tf_server.c:393] PDC_SERVER[7]: SCHED: setting CUDA device to 0 for edge 0 func=zfp_decompress
[13:36:37.498292] [WARNING] [pdc_tf_server.c:401] PDC_SERVER[7]: SCHED: executing edge 0 func=zfp_decompress dev=GPU
[13:36:37.500440] [WARNING] [pdc_tf_server.c:475] PDC_SERVER[4]: SCHED: done running transformations
[13:36:37.500578] [WARNING] [pdc_tf_server.c:475] PDC_SERVER[5]: SCHED: done running transformations
[13:36:37.504874] [WARNING] [pdc_tf_server.c:393] PDC_SERVER[6]: SCHED: setting CUDA device to 0 for edge 0 func=zfp_decompress
[13:36:37.504889] [WARNING] [pdc_tf_server.c:401] PDC_SERVER[6]: SCHED: executing edge 0 func=zfp_decompress dev=GPU
[INFO] PDC_SERVER[5]: Fetching region for obj_id=7000000000
[INFO] PDC_SERVER[5]: Checking against Object 2000000000
[INFO] PDC_SERVER[5]: Checking against Object 3000000000
[INFO] PDC_SERVER[5]: Checking against Object 4000000000
[INFO] PDC_SERVER[5]: Object 7000000000 NOT found in cache
[INFO] PDC_SERVER[5]: Fetching region from server for obj_id=7000000000
[INFO] PDC_SERVER[4]: Fetching region for obj_id=7000000000
[INFO] PDC_SERVER[4]: Checking against Object 2000000000
[INFO] PDC_SERVER[4]: Checking against Object 3000000000
[INFO] PDC_SERVER[4]: Checking against Object 4000000000
[INFO] PDC_SERVER[4]: Object 7000000000 NOT found in cache
[INFO] PDC_SERVER[4]: Fetching region from server for obj_id=7000000000
[13:36:37.509883] [WARNING] [pdc_tf_server.c:393] PDC_SERVER[1]: SCHED: setting CUDA device to 0 for edge 0 func=zfp_decompress
[13:36:37.509898] [WARNING] [pdc_tf_server.c:401] PDC_SERVER[1]: SCHED: executing edge 0 func=zfp_decompress dev=GPU
[13:36:37.510227] [WARNING] [pdc_tf_server.c:475] PDC_SERVER[7]: SCHED: done running transformations
[INFO] PDC_SERVER[7]: Fetching region for obj_id=7000000000
[INFO] PDC_SERVER[7]: Checking against Object 2000000000
[INFO] PDC_SERVER[7]: Checking against Object 3000000000
[INFO] PDC_SERVER[7]: Checking against Object 4000000000
[INFO] PDC_SERVER[7]: Object 7000000000 NOT found in cache
[INFO] PDC_SERVER[7]: Fetching region from server for obj_id=7000000000
[13:36:37.516584] [WARNING] [pdc_tf_server.c:475] PDC_SERVER[0]: SCHED: done running transformations
[13:36:37.516782] [WARNING] [pdc_tf_server.c:475] PDC_SERVER[6]: SCHED: done running transformations
[13:36:37.520104] [WARNING] [pdc_tf_server.c:475] PDC_SERVER[3]: SCHED: done running transformations
[13:36:37.520873] [WARNING] [pdc_tf_server.c:475] PDC_SERVER[2]: SCHED: done running transformations
[INFO] PDC_SERVER[0]: Fetching region for obj_id=7000000000
[INFO] PDC_SERVER[0]: Checking against Object 2000000000
[INFO] PDC_SERVER[0]: Checking against Object 3000000000
[INFO] PDC_SERVER[0]: Checking against Object 4000000000
[INFO] PDC_SERVER[0]: Object 7000000000 NOT found in cache
[INFO] PDC_SERVER[0]: Fetching region from server for obj_id=7000000000
[INFO] PDC_SERVER[6]: Fetching region for obj_id=7000000000
[INFO] PDC_SERVER[6]: Checking against Object 2000000000
[INFO] PDC_SERVER[6]: Checking against Object 3000000000
[INFO] PDC_SERVER[6]: Checking against Object 4000000000
[INFO] PDC_SERVER[6]: Object 7000000000 NOT found in cache
[INFO] PDC_SERVER[6]: Fetching region from server for obj_id=7000000000
[13:36:37.523059] [WARNING] [pdc_tf_server.c:393] PDC_SERVER[4]: SCHED: setting CUDA device to 0 for edge 0 func=zfp_decompress
[13:36:37.523087] [WARNING] [pdc_tf_server.c:401] PDC_SERVER[4]: SCHED: executing edge 0 func=zfp_decompress dev=GPU
[INFO] PDC_SERVER[3]: Fetching region for obj_id=7000000000
[INFO] PDC_SERVER[3]: Checking against Object 2000000000
[INFO] PDC_SERVER[3]: Checking against Object 3000000000
[INFO] PDC_SERVER[3]: Checking against Object 4000000000
[INFO] PDC_SERVER[3]: Object 7000000000 NOT found in cache
[INFO] PDC_SERVER[3]: Fetching region from server for obj_id=7000000000
[13:36:37.525309] [WARNING] [pdc_tf_server.c:475] PDC_SERVER[1]: SCHED: done running transformations
[INFO] PDC_SERVER[2]: Fetching region for obj_id=7000000000
[INFO] PDC_SERVER[2]: Checking against Object 2000000000
[INFO] PDC_SERVER[2]: Checking against Object 3000000000
[INFO] PDC_SERVER[2]: Checking against Object 4000000000
[INFO] PDC_SERVER[2]: Object 7000000000 NOT found in cache
[INFO] PDC_SERVER[2]: Fetching region from server for obj_id=7000000000
[13:36:37.527978] [WARNING] [pdc_tf_server.c:393] PDC_SERVER[5]: SCHED: setting CUDA device to 0 for edge 0 func=zfp_decompress
[13:36:37.528005] [WARNING] [pdc_tf_server.c:401] PDC_SERVER[5]: SCHED: executing edge 0 func=zfp_decompress dev=GPU
[INFO] PDC_SERVER[1]: Fetching region for obj_id=7000000000
[INFO] PDC_SERVER[1]: Checking against Object 2000000000
[INFO] PDC_SERVER[1]: Checking against Object 3000000000
[INFO] PDC_SERVER[1]: Checking against Object 4000000000
[INFO] PDC_SERVER[1]: Object 7000000000 NOT found in cache
[INFO] PDC_SERVER[1]: Fetching region from server for obj_id=7000000000
[13:36:37.531593] [WARNING] [pdc_tf_server.c:475] PDC_SERVER[4]: SCHED: done running transformations
[INFO] PDC_SERVER[4]: Fetching region for obj_id=7000000000
[INFO] PDC_SERVER[4]: Checking against Object 2000000000
[INFO] PDC_SERVER[4]: Checking against Object 3000000000
[INFO] PDC_SERVER[4]: Checking against Object 4000000000
[INFO] PDC_SERVER[4]: Object 7000000000 NOT found in cache
[INFO] PDC_SERVER[4]: Fetching region from server for obj_id=7000000000
[13:36:37.536935] [WARNING] [pdc_tf_server.c:393] PDC_SERVER[7]: SCHED: setting CUDA device to 0 for edge 0 func=zfp_decompress
[13:36:37.537057] [WARNING] [pdc_tf_server.c:401] PDC_SERVER[7]: SCHED: executing edge 0 func=zfp_decompress dev=GPU
[13:36:37.537666] [WARNING] [pdc_tf_server.c:475] PDC_SERVER[5]: SCHED: done running transformations
[13:36:37.540002] [WARNING] [pdc_tf_server.c:393] PDC_SERVER[6]: SCHED: setting CUDA device to 0 for edge 0 func=zfp_decompress
[13:36:37.540034] [WARNING] [pdc_tf_server.c:401] PDC_SERVER[6]: SCHED: executing edge 0 func=zfp_decompress dev=GPU
[13:36:37.541787] [WARNING] [pdc_tf_server.c:393] PDC_SERVER[2]: SCHED: setting CUDA device to 0 for edge 0 func=zfp_decompress
[13:36:37.541800] [WARNING] [pdc_tf_server.c:401] PDC_SERVER[2]: SCHED: executing edge 0 func=zfp_decompress dev=GPU
[INFO] PDC_SERVER[0]: Executing graph with json filepath /pscratch/sd/n/nlewi26/src/work_space/source/pdc/tf_client/graphs/zfp_gpu.json
[13:36:37.542033] [WARNING] [pdc_tf_server.c:393] PDC_SERVER[0]: SCHED: setting CUDA device to 0 for edge 0 func=zfp_decompress
[13:36:37.542042] [WARNING] [pdc_tf_server.c:401] PDC_SERVER[0]: SCHED: executing edge 0 func=zfp_decompress dev=GPU
[INFO] PDC_SERVER[5]: Fetching region for obj_id=7000000000
[INFO] PDC_SERVER[5]: Checking against Object 2000000000
[INFO] PDC_SERVER[5]: Checking against Object 3000000000
[INFO] PDC_SERVER[5]: Checking against Object 4000000000
[INFO] PDC_SERVER[5]: Object 7000000000 NOT found in cache
[INFO] PDC_SERVER[5]: Fetching region from server for obj_id=7000000000
[13:36:37.546340] [WARNING] [pdc_tf_server.c:475] PDC_SERVER[7]: SCHED: done running transformations
[13:36:37.546691] [WARNING] [pdc_tf_server.c:393] PDC_SERVER[1]: SCHED: setting CUDA device to 0 for edge 0 func=zfp_decompress
[13:36:37.546707] [WARNING] [pdc_tf_server.c:401] PDC_SERVER[1]: SCHED: executing edge 0 func=zfp_decompress dev=GPU
[13:36:37.547267] [WARNING] [pdc_tf_server.c:393] PDC_SERVER[3]: SCHED: setting CUDA device to 0 for edge 0 func=zfp_decompress
[13:36:37.547305] [WARNING] [pdc_tf_server.c:401] PDC_SERVER[3]: SCHED: executing edge 0 func=zfp_decompress dev=GPU
[13:36:37.551724] [WARNING] [pdc_tf_server.c:475] PDC_SERVER[6]: SCHED: done running transformations
[INFO] PDC_SERVER[7]: Fetching region for obj_id=7000000000
[INFO] PDC_SERVER[7]: Checking against Object 2000000000
[INFO] PDC_SERVER[7]: Checking against Object 3000000000
[INFO] PDC_SERVER[7]: Checking against Object 4000000000
[INFO] PDC_SERVER[7]: Object 7000000000 NOT found in cache
[INFO] PDC_SERVER[7]: Fetching region from server for obj_id=7000000000
[13:36:37.552118] [WARNING] [pdc_tf_server.c:475] PDC_SERVER[2]: SCHED: done running transformations
[13:36:37.553718] [WARNING] [pdc_tf_server.c:393] PDC_SERVER[4]: SCHED: setting CUDA device to 0 for edge 0 func=zfp_decompress
[13:36:37.553744] [WARNING] [pdc_tf_server.c:401] PDC_SERVER[4]: SCHED: executing edge 0 func=zfp_decompress dev=GPU
[13:36:37.553794] [WARNING] [pdc_tf_server.c:475] PDC_SERVER[0]: SCHED: done running transformations
[INFO] PDC_SERVER[2]: Fetching region for obj_id=7000000000
[INFO] PDC_SERVER[2]: Checking against Object 2000000000
[INFO] PDC_SERVER[2]: Checking against Object 3000000000
[INFO] PDC_SERVER[2]: Checking against Object 4000000000
[INFO] PDC_SERVER[2]: Object 7000000000 NOT found in cache
[INFO] PDC_SERVER[2]: Fetching region from server for obj_id=7000000000
[INFO] PDC_SERVER[6]: Fetching region for obj_id=7000000000
[INFO] PDC_SERVER[6]: Checking against Object 2000000000
[INFO] PDC_SERVER[6]: Checking against Object 3000000000
[INFO] PDC_SERVER[6]: Checking against Object 4000000000
[INFO] PDC_SERVER[6]: Object 7000000000 NOT found in cache
[INFO] PDC_SERVER[6]: Fetching region from server for obj_id=7000000000
[INFO] PDC_SERVER[0]: Fetching region for obj_id=7000000000
[INFO] PDC_SERVER[0]: Checking against Object 2000000000
[INFO] PDC_SERVER[0]: Checking against Object 3000000000
[INFO] PDC_SERVER[0]: Checking against Object 4000000000
[INFO] PDC_SERVER[0]: Object 7000000000 NOT found in cache
[INFO] PDC_SERVER[0]: Fetching region from server for obj_id=7000000000
[13:36:37.559978] [WARNING] [pdc_tf_server.c:475] PDC_SERVER[1]: SCHED: done running transformations
[13:36:37.561172] [WARNING] [pdc_tf_server.c:475] PDC_SERVER[3]: SCHED: done running transformations
[13:36:37.562005] [WARNING] [pdc_tf_server.c:475] PDC_SERVER[4]: SCHED: done running transformations
[13:36:37.566828] [WARNING] [pdc_tf_server.c:393] PDC_SERVER[5]: SCHED: setting CUDA device to 0 for edge 0 func=zfp_decompress
[13:36:37.566853] [WARNING] [pdc_tf_server.c:401] PDC_SERVER[5]: SCHED: executing edge 0 func=zfp_decompress dev=GPU
[INFO] PDC_SERVER[4]: Fetching region for obj_id=7000000000
[INFO] PDC_SERVER[4]: Checking against Object 2000000000
[INFO] PDC_SERVER[4]: Checking against Object 3000000000
[INFO] PDC_SERVER[4]: Checking against Object 4000000000
[INFO] PDC_SERVER[4]: Object 7000000000 NOT found in cache
[INFO] PDC_SERVER[4]: Fetching region from server for obj_id=7000000000
[13:36:37.568692] [WARNING] [pdc_tf_server.c:393] PDC_SERVER[7]: SCHED: setting CUDA device to 0 for edge 0 func=zfp_decompress
[13:36:37.568725] [WARNING] [pdc_tf_server.c:401] PDC_SERVER[7]: SCHED: executing edge 0 func=zfp_decompress dev=GPU
[INFO] PDC_SERVER[3]: Fetching region for obj_id=7000000000
[INFO] PDC_SERVER[3]: Checking against Object 2000000000
[INFO] PDC_SERVER[3]: Checking against Object 3000000000
[INFO] PDC_SERVER[3]: Checking against Object 4000000000
[INFO] PDC_SERVER[3]: Object 7000000000 NOT found in cache
[INFO] PDC_SERVER[3]: Fetching region from server for obj_id=7000000000
[13:36:37.573665] [WARNING] [pdc_tf_server.c:393] PDC_SERVER[2]: SCHED: setting CUDA device to 0 for edge 0 func=zfp_decompress
[13:36:37.573657] [WARNING] [pdc_tf_server.c:393] PDC_SERVER[6]: SCHED: setting CUDA device to 0 for edge 0 func=zfp_decompress
[13:36:37.573685] [WARNING] [pdc_tf_server.c:401] PDC_SERVER[6]: SCHED: executing edge 0 func=zfp_decompress dev=GPU
[13:36:37.573685] [WARNING] [pdc_tf_server.c:401] PDC_SERVER[2]: SCHED: executing edge 0 func=zfp_decompress dev=GPU
[13:36:37.576620] [WARNING] [pdc_tf_server.c:475] PDC_SERVER[5]: SCHED: done running transformations
[13:36:37.577092] [WARNING] [pdc_tf_server.c:475] PDC_SERVER[7]: SCHED: done running transformations
[INFO] PDC_SERVER[0]: Executing graph with json filepath /pscratch/sd/n/nlewi26/src/work_space/source/pdc/tf_client/graphs/zfp_gpu.json
[13:36:37.579833] [WARNING] [pdc_tf_server.c:393] PDC_SERVER[0]: SCHED: setting CUDA device to 0 for edge 0 func=zfp_decompress
[13:36:37.579851] [WARNING] [pdc_tf_server.c:401] PDC_SERVER[0]: SCHED: executing edge 0 func=zfp_decompress dev=GPU
[13:36:37.585694] [WARNING] [pdc_tf_server.c:393] PDC_SERVER[4]: SCHED: setting CUDA device to 0 for edge 0 func=zfp_decompress
[13:36:37.585743] [WARNING] [pdc_tf_server.c:401] PDC_SERVER[4]: SCHED: executing edge 0 func=zfp_decompress dev=GPU
[13:36:37.590903] [WARNING] [pdc_tf_server.c:475] PDC_SERVER[2]: SCHED: done running transformations
[13:36:37.592706] [WARNING] [pdc_tf_server.c:393] PDC_SERVER[3]: SCHED: setting CUDA device to 0 for edge 0 func=zfp_decompress
[13:36:37.592735] [WARNING] [pdc_tf_server.c:401] PDC_SERVER[3]: SCHED: executing edge 0 func=zfp_decompress dev=GPU
[13:36:37.593130] [WARNING] [pdc_tf_server.c:475] PDC_SERVER[6]: SCHED: done running transformations
[13:36:37.593890] [WARNING] [pdc_tf_server.c:475] PDC_SERVER[0]: SCHED: done running transformations
[13:36:37.606668] [WARNING] [pdc_tf_server.c:475] PDC_SERVER[4]: SCHED: done running transformations
[13:36:37.609098] [WARNING] [pdc_tf_server.c:475] PDC_SERVER[3]: SCHED: done running transformations
[INFO] PDC_SERVER[0]: Starting flush for obj_id 3000000002, ndim=3
[13:36:37.789864] [WARNING] [pdc_server_region_cache.c:823] PDC_SERVER[0]: Region mapping lookup took 0.000001 s
[13:36:37.789872] [WARNING] [pdc_server_region_cache.c:828] PDC_SERVER[0]: No region mapping found for obj_id 3000000002
[13:36:37.808518] [WARNING] [pdc_server_region_cache.c:834] PDC_SERVER[0]: Flushed region via POSIX I/O in 0.018631 s
[13:36:37.808539] [WARNING] [pdc_server_region_cache.c:850] PDC_SERVER[0]: [2026-10-07 13:36:37.808535] Flushed 16.00 / 16.00 MB to storage
[INFO] PDC_SERVER[0]: Region flush iteration took 0.018683 s
[INFO] PDC_SERVER[0]: Starting flush for obj_id 3000000002, ndim=3
[13:36:37.821133] [WARNING] [pdc_server_region_cache.c:823] PDC_SERVER[0]: Region mapping lookup took 0.000001 s
[13:36:37.821141] [WARNING] [pdc_server_region_cache.c:828] PDC_SERVER[0]: No region mapping found for obj_id 3000000002
[13:36:37.839253] [WARNING] [pdc_server_region_cache.c:834] PDC_SERVER[0]: Flushed region via POSIX I/O in 0.018108 s
[13:36:37.839270] [WARNING] [pdc_server_region_cache.c:850] PDC_SERVER[0]: [2026-10-07 13:36:37.839267] Flushed 16.00 / 16.00 MB to storage
[INFO] PDC_SERVER[0]: Region flush iteration took 0.018144 s
[INFO] PDC_SERVER[0]: Starting flush for obj_id 3000000002, ndim=3
[13:36:37.841996] [WARNING] [pdc_server_region_cache.c:823] PDC_SERVER[0]: Region mapping lookup took 0.000001 s
[13:36:37.842002] [WARNING] [pdc_server_region_cache.c:828] PDC_SERVER[0]: No region mapping found for obj_id 3000000002
[13:36:37.861295] [WARNING] [pdc_server_region_cache.c:834] PDC_SERVER[0]: Flushed region via POSIX I/O in 0.019276 s
[13:36:37.861314] [WARNING] [pdc_server_region_cache.c:850] PDC_SERVER[0]: [2026-10-07 13:36:37.861311] Flushed 16.00 / 16.00 MB to storage
[INFO] PDC_SERVER[0]: Region flush iteration took 0.019326 s
[INFO] PDC_SERVER[0]: Starting flush for obj_id 3000000002, ndim=3
[13:36:37.862959] [WARNING] [pdc_server_region_cache.c:823] PDC_SERVER[0]: Region mapping lookup took 0.000001 s
[13:36:37.862965] [WARNING] [pdc_server_region_cache.c:828] PDC_SERVER[0]: No region mapping found for obj_id 3000000002
[13:36:37.880603] [WARNING] [pdc_server_region_cache.c:834] PDC_SERVER[0]: Flushed region via POSIX I/O in 0.017629 s
[13:36:37.880613] [WARNING] [pdc_server_region_cache.c:850] PDC_SERVER[0]: [2026-10-07 13:36:37.880610] Flushed 16.00 / 16.00 MB to storage
[INFO] PDC_SERVER[0]: Region flush iteration took 0.017661 s
[INFO] PDC_SERVER[0]: Starting flush for obj_id 3000000002, ndim=3
[13:36:37.888526] [WARNING] [pdc_server_region_cache.c:823] PDC_SERVER[0]: Region mapping lookup took 0.000000 s
[13:36:37.888531] [WARNING] [pdc_server_region_cache.c:828] PDC_SERVER[0]: No region mapping found for obj_id 3000000002
[13:36:37.906426] [WARNING] [pdc_server_region_cache.c:834] PDC_SERVER[0]: Flushed region via POSIX I/O in 0.017886 s
[13:36:37.906456] [WARNING] [pdc_server_region_cache.c:850] PDC_SERVER[0]: [2026-10-07 13:36:37.906452] Flushed 16.00 / 16.00 MB to storage
[INFO] PDC_SERVER[0]: Region flush iteration took 0.017939 s
[INFO] PDC_SERVER[0]: Starting flush for obj_id 3000000002, ndim=3
[13:36:37.910111] [WARNING] [pdc_server_region_cache.c:823] PDC_SERVER[0]: Region mapping lookup took 0.000001 s
[13:36:37.910119] [WARNING] [pdc_server_region_cache.c:828] PDC_SERVER[0]: No region mapping found for obj_id 3000000002
[13:36:37.930365] [WARNING] [pdc_server_region_cache.c:834] PDC_SERVER[0]: Flushed region via POSIX I/O in 0.020239 s
[13:36:37.930374] [WARNING] [pdc_server_region_cache.c:850] PDC_SERVER[0]: [2026-10-07 13:36:37.930371] Flushed 16.00 / 16.00 MB to storage
[INFO] PDC_SERVER[0]: Region flush iteration took 0.020270 s
[INFO] PDC_SERVER[0]: Starting flush for obj_id 3000000002, ndim=3
[13:36:37.932385] [WARNING] [pdc_server_region_cache.c:823] PDC_SERVER[0]: Region mapping lookup took 0.000001 s
[13:36:37.932390] [WARNING] [pdc_server_region_cache.c:828] PDC_SERVER[0]: No region mapping found for obj_id 3000000002
[13:36:37.950474] [WARNING] [pdc_server_region_cache.c:834] PDC_SERVER[0]: Flushed region via POSIX I/O in 0.018078 s
[13:36:37.950486] [WARNING] [pdc_server_region_cache.c:850] PDC_SERVER[0]: [2026-10-07 13:36:37.950483] Flushed 16.00 / 16.00 MB to storage
[INFO] PDC_SERVER[0]: Region flush iteration took 0.018108 s
[INFO] PDC_SERVER[0]: Starting flush for obj_id 3000000002, ndim=3
[13:36:37.951986] [WARNING] [pdc_server_region_cache.c:823] PDC_SERVER[0]: Region mapping lookup took 0.000000 s
[13:36:37.951990] [WARNING] [pdc_server_region_cache.c:828] PDC_SERVER[0]: No region mapping found for obj_id 3000000002
[13:36:37.969071] [WARNING] [pdc_server_region_cache.c:834] PDC_SERVER[0]: Flushed region via POSIX I/O in 0.017071 s
[13:36:37.969082] [WARNING] [pdc_server_region_cache.c:850] PDC_SERVER[0]: [2026-10-07 13:36:37.969079] Flushed 16.00 / 16.00 MB to storage
[INFO] PDC_SERVER[0]: Region flush iteration took 0.017104 s
[INFO] PDC_SERVER[0]: Starting flush for obj_id 4000000002, ndim=3
[13:36:37.979182] [WARNING] [pdc_server_region_cache.c:823] PDC_SERVER[0]: Region mapping lookup took 0.000000 s
[13:36:37.979187] [WARNING] [pdc_server_region_cache.c:828] PDC_SERVER[0]: No region mapping found for obj_id 4000000002
[13:36:37.999543] [WARNING] [pdc_server_region_cache.c:834] PDC_SERVER[0]: Flushed region via POSIX I/O in 0.020347 s
[13:36:37.999554] [WARNING] [pdc_server_region_cache.c:850] PDC_SERVER[0]: [2026-10-07 13:36:37.999550] Flushed 16.00 / 16.00 MB to storage
[INFO] PDC_SERVER[0]: Region flush iteration took 0.020378 s
[INFO] PDC_SERVER[0]: Starting flush for obj_id 4000000002, ndim=3
[13:36:38.001282] [WARNING] [pdc_server_region_cache.c:823] PDC_SERVER[0]: Region mapping lookup took 0.000001 s
[13:36:38.001287] [WARNING] [pdc_server_region_cache.c:828] PDC_SERVER[0]: No region mapping found for obj_id 4000000002
[13:36:38.019760] [WARNING] [pdc_server_region_cache.c:834] PDC_SERVER[0]: Flushed region via POSIX I/O in 0.018461 s
[13:36:38.019774] [WARNING] [pdc_server_region_cache.c:850] PDC_SERVER[0]: [2026-10-07 13:36:38.019770] Flushed 16.00 / 16.00 MB to storage
[INFO] PDC_SERVER[0]: Region flush iteration took 0.018499 s
[INFO] PDC_SERVER[0]: Starting flush for obj_id 4000000002, ndim=3
[13:36:38.021319] [WARNING] [pdc_server_region_cache.c:823] PDC_SERVER[0]: Region mapping lookup took 0.000001 s
[13:36:38.021324] [WARNING] [pdc_server_region_cache.c:828] PDC_SERVER[0]: No region mapping found for obj_id 4000000002
[13:36:38.039972] [WARNING] [pdc_server_region_cache.c:834] PDC_SERVER[0]: Flushed region via POSIX I/O in 0.018629 s
[13:36:38.039986] [WARNING] [pdc_server_region_cache.c:850] PDC_SERVER[0]: [2026-10-07 13:36:38.039983] Flushed 16.00 / 16.00 MB to storage
[INFO] PDC_SERVER[0]: Region flush iteration took 0.018676 s
[INFO] PDC_SERVER[0]: Starting flush for obj_id 4000000002, ndim=3
[13:36:38.049300] [WARNING] [pdc_server_region_cache.c:823] PDC_SERVER[0]: Region mapping lookup took 0.000000 s
[13:36:38.049305] [WARNING] [pdc_server_region_cache.c:828] PDC_SERVER[0]: No region mapping found for obj_id 4000000002
[13:36:38.066342] [WARNING] [pdc_server_region_cache.c:834] PDC_SERVER[0]: Flushed region via POSIX I/O in 0.017032 s
[13:36:38.066357] [WARNING] [pdc_server_region_cache.c:850] PDC_SERVER[0]: [2026-10-07 13:36:38.066355] Flushed 16.00 / 16.00 MB to storage
[INFO] PDC_SERVER[0]: Region flush iteration took 0.017063 s
[INFO] PDC_SERVER[0]: Starting flush for obj_id 4000000002, ndim=3
[13:36:38.067515] [WARNING] [pdc_server_region_cache.c:823] PDC_SERVER[0]: Region mapping lookup took 0.000001 s
[13:36:38.067521] [WARNING] [pdc_server_region_cache.c:828] PDC_SERVER[0]: No region mapping found for obj_id 4000000002
[13:36:38.084913] [WARNING] [pdc_server_region_cache.c:834] PDC_SERVER[0]: Flushed region via POSIX I/O in 0.017384 s
[13:36:38.084925] [WARNING] [pdc_server_region_cache.c:850] PDC_SERVER[0]: [2026-10-07 13:36:38.084921] Flushed 16.00 / 16.00 MB to storage
[INFO] PDC_SERVER[0]: Region flush iteration took 0.017417 s
[INFO] PDC_SERVER[0]: Starting flush for obj_id 4000000002, ndim=3
[13:36:38.086003] [WARNING] [pdc_server_region_cache.c:823] PDC_SERVER[0]: Region mapping lookup took 0.000000 s
[13:36:38.086007] [WARNING] [pdc_server_region_cache.c:828] PDC_SERVER[0]: No region mapping found for obj_id 4000000002
[13:36:38.103780] [WARNING] [pdc_server_region_cache.c:834] PDC_SERVER[0]: Flushed region via POSIX I/O in 0.017769 s
[13:36:38.103795] [WARNING] [pdc_server_region_cache.c:850] PDC_SERVER[0]: [2026-10-07 13:36:38.103792] Flushed 16.00 / 16.00 MB to storage
[INFO] PDC_SERVER[0]: Region flush iteration took 0.017800 s
[INFO] PDC_SERVER[0]: Starting flush for obj_id 4000000002, ndim=3
[13:36:38.104794] [WARNING] [pdc_server_region_cache.c:823] PDC_SERVER[0]: Region mapping lookup took 0.000000 s
[13:36:38.104801] [WARNING] [pdc_server_region_cache.c:828] PDC_SERVER[0]: No region mapping found for obj_id 4000000002
[13:36:38.122794] [WARNING] [pdc_server_region_cache.c:834] PDC_SERVER[0]: Flushed region via POSIX I/O in 0.017984 s
[13:36:38.122806] [WARNING] [pdc_server_region_cache.c:850] PDC_SERVER[0]: [2026-10-07 13:36:38.122802] Flushed 16.00 / 16.00 MB to storage
[INFO] PDC_SERVER[0]: Region flush iteration took 0.018021 s
[INFO] PDC_SERVER[0]: Starting flush for obj_id 4000000002, ndim=3
[13:36:38.128483] [WARNING] [pdc_server_region_cache.c:823] PDC_SERVER[0]: Region mapping lookup took 0.000000 s
[13:36:38.128489] [WARNING] [pdc_server_region_cache.c:828] PDC_SERVER[0]: No region mapping found for obj_id 4000000002
[13:36:38.145484] [WARNING] [pdc_server_region_cache.c:834] PDC_SERVER[0]: Flushed region via POSIX I/O in 0.016990 s
[13:36:38.145495] [WARNING] [pdc_server_region_cache.c:850] PDC_SERVER[0]: [2026-10-07 13:36:38.145493] Flushed 16.00 / 16.00 MB to storage
[INFO] PDC_SERVER[0]: Region flush iteration took 0.017020 s
[INFO] PDC_SERVER[0]: Starting flush for obj_id 5000000000, ndim=3
[13:36:38.146510] [WARNING] [pdc_server_region_cache.c:823] PDC_SERVER[0]: Region mapping lookup took 0.000000 s
[13:36:38.146517] [WARNING] [pdc_server_region_cache.c:828] PDC_SERVER[0]: No region mapping found for obj_id 5000000000
[INFO] PDC_SERVER[0]: Executing graph with json filepath /pscratch/sd/n/nlewi26/src/work_space/source/pdc/tf_client/graphs/zfp_gpu.json
[13:36:38.429065] [WARNING] [pdc_tf_server.c:393] PDC_SERVER[0]: SCHED: setting CUDA device to 0 for edge 0 func=zfp_compress
[13:36:38.429110] [WARNING] [pdc_tf_server.c:401] PDC_SERVER[0]: SCHED: executing edge 0 func=zfp_compress dev=GPU
[13:36:38.433126] [WARNING] [pdc_tf_server.c:393] PDC_SERVER[5]: SCHED: setting CUDA device to 0 for edge 0 func=zfp_compress
[13:36:38.433155] [WARNING] [pdc_tf_server.c:401] PDC_SERVER[5]: SCHED: executing edge 0 func=zfp_compress dev=GPU
[13:36:38.437784] [WARNING] [pdc_tf_server.c:393] PDC_SERVER[4]: SCHED: setting CUDA device to 0 for edge 0 func=zfp_compress
[13:36:38.437816] [WARNING] [pdc_tf_server.c:401] PDC_SERVER[4]: SCHED: executing edge 0 func=zfp_compress dev=GPU
[13:36:38.439249] [WARNING] [pdc_tf_server.c:393] PDC_SERVER[3]: SCHED: setting CUDA device to 0 for edge 0 func=zfp_compress
[13:36:38.439357] [WARNING] [pdc_tf_server.c:401] PDC_SERVER[3]: SCHED: executing edge 0 func=zfp_compress dev=GPU
[13:36:38.439603] [WARNING] [pdc_tf_server.c:475] PDC_SERVER[0]: SCHED: done running transformations
[13:36:38.439870] [WARNING] [pdc_tf_server.c:393] PDC_SERVER[2]: SCHED: setting CUDA device to 0 for edge 0 func=zfp_compress
[13:36:38.439899] [WARNING] [pdc_tf_server.c:401] PDC_SERVER[2]: SCHED: executing edge 0 func=zfp_compress dev=GPU
[13:36:38.441372] [WARNING] [pdc_tf_server.c:475] PDC_SERVER[5]: SCHED: done running transformations
[13:36:38.447248] [WARNING] [pdc_tf_server.c:393] PDC_SERVER[1]: SCHED: setting CUDA device to 0 for edge 0 func=zfp_compress
[13:36:38.447297] [WARNING] [pdc_tf_server.c:401] PDC_SERVER[1]: SCHED: executing edge 0 func=zfp_compress dev=GPU
[13:36:38.450273] [WARNING] [pdc_tf_server.c:475] PDC_SERVER[2]: SCHED: done running transformations
[13:36:38.450352] [WARNING] [pdc_tf_server.c:475] PDC_SERVER[4]: SCHED: done running transformations
[13:36:38.451631] [WARNING] [pdc_tf_server.c:475] PDC_SERVER[3]: SCHED: done running transformations
[13:36:38.456028] [WARNING] [pdc_tf_server.c:475] PDC_SERVER[1]: SCHED: done running transformations
[13:36:38.459117] [WARNING] [pdc_tf_server.c:393] PDC_SERVER[6]: SCHED: setting CUDA device to 0 for edge 0 func=zfp_compress
[13:36:38.459141] [WARNING] [pdc_tf_server.c:401] PDC_SERVER[6]: SCHED: executing edge 0 func=zfp_compress dev=GPU
[13:36:38.459344] [WARNING] [pdc_tf_server.c:393] PDC_SERVER[7]: SCHED: setting CUDA device to 0 for edge 0 func=zfp_compress
[13:36:38.459420] [WARNING] [pdc_tf_server.c:401] PDC_SERVER[7]: SCHED: executing edge 0 func=zfp_compress dev=GPU
[13:36:38.468443] [WARNING] [pdc_tf_server.c:475] PDC_SERVER[7]: SCHED: done running transformations
[13:36:38.470580] [WARNING] [pdc_tf_server.c:475] PDC_SERVER[6]: SCHED: done running transformations
[13:36:38.481897] [WARNING] [pdc_server_region_cache.c:834] PDC_SERVER[0]: Flushed region via POSIX I/O in 0.335362 s
[13:36:38.481915] [WARNING] [pdc_server_region_cache.c:850] PDC_SERVER[0]: [2026-10-07 13:36:38.481912] Flushed 16.00 / 16.00 MB to storage
[INFO] PDC_SERVER[0]: Region flush iteration took 0.335417 s
[INFO] PDC_SERVER[0]: Starting flush for obj_id 5000000000, ndim=3
[13:36:38.483357] [WARNING] [pdc_server_region_cache.c:823] PDC_SERVER[0]: Region mapping lookup took 0.000001 s
[13:36:38.483362] [WARNING] [pdc_server_region_cache.c:828] PDC_SERVER[0]: No region mapping found for obj_id 5000000000
[13:36:38.734218] [WARNING] [pdc_tf_server.c:393] PDC_SERVER[5]: SCHED: setting CUDA device to 0 for edge 0 func=zfp_compress
[13:36:38.734248] [WARNING] [pdc_tf_server.c:401] PDC_SERVER[5]: SCHED: executing edge 0 func=zfp_compress dev=GPU
[INFO] PDC_SERVER[0]: Executing graph with json filepath /pscratch/sd/n/nlewi26/src/work_space/source/pdc/tf_client/graphs/zfp_gpu.json
[13:36:38.742380] [WARNING] [pdc_tf_server.c:393] PDC_SERVER[0]: SCHED: setting CUDA device to 0 for edge 0 func=zfp_compress
[13:36:38.742432] [WARNING] [pdc_tf_server.c:401] PDC_SERVER[0]: SCHED: executing edge 0 func=zfp_compress dev=GPU
[13:36:38.743438] [WARNING] [pdc_tf_server.c:475] PDC_SERVER[5]: SCHED: done running transformations
[13:36:38.743455] [WARNING] [pdc_tf_server.c:393] PDC_SERVER[4]: SCHED: setting CUDA device to 0 for edge 0 func=zfp_compress
[13:36:38.743508] [WARNING] [pdc_tf_server.c:401] PDC_SERVER[4]: SCHED: executing edge 0 func=zfp_compress dev=GPU
[13:36:38.746526] [WARNING] [pdc_tf_server.c:393] PDC_SERVER[1]: SCHED: setting CUDA device to 0 for edge 0 func=zfp_compress
[13:36:38.746560] [WARNING] [pdc_tf_server.c:401] PDC_SERVER[1]: SCHED: executing edge 0 func=zfp_compress dev=GPU
[13:36:38.750439] [WARNING] [pdc_tf_server.c:393] PDC_SERVER[2]: SCHED: setting CUDA device to 0 for edge 0 func=zfp_compress
[13:36:38.750477] [WARNING] [pdc_tf_server.c:401] PDC_SERVER[2]: SCHED: executing edge 0 func=zfp_compress dev=GPU
[13:36:38.754046] [WARNING] [pdc_tf_server.c:475] PDC_SERVER[4]: SCHED: done running transformations
[13:36:38.757418] [WARNING] [pdc_tf_server.c:393] PDC_SERVER[3]: SCHED: setting CUDA device to 0 for edge 0 func=zfp_compress
[13:36:38.757514] [WARNING] [pdc_tf_server.c:401] PDC_SERVER[3]: SCHED: executing edge 0 func=zfp_compress dev=GPU
[13:36:38.763534] [WARNING] [pdc_tf_server.c:475] PDC_SERVER[0]: SCHED: done running transformations
[13:36:38.764214] [WARNING] [pdc_tf_server.c:475] PDC_SERVER[1]: SCHED: done running transformations
[13:36:38.769229] [WARNING] [pdc_tf_server.c:393] PDC_SERVER[7]: SCHED: setting CUDA device to 0 for edge 0 func=zfp_compress
[13:36:38.769258] [WARNING] [pdc_tf_server.c:401] PDC_SERVER[7]: SCHED: executing edge 0 func=zfp_compress dev=GPU
[13:36:38.772650] [WARNING] [pdc_tf_server.c:475] PDC_SERVER[2]: SCHED: done running transformations
[13:36:38.778674] [WARNING] [pdc_tf_server.c:475] PDC_SERVER[7]: SCHED: done running transformations
[13:36:38.780376] [WARNING] [pdc_tf_server.c:475] PDC_SERVER[3]: SCHED: done running transformations
[13:36:38.781357] [WARNING] [pdc_tf_server.c:393] PDC_SERVER[6]: SCHED: setting CUDA device to 0 for edge 0 func=zfp_compress
[13:36:38.781378] [WARNING] [pdc_tf_server.c:401] PDC_SERVER[6]: SCHED: executing edge 0 func=zfp_compress dev=GPU
[13:36:38.790091] [WARNING] [pdc_tf_server.c:475] PDC_SERVER[6]: SCHED: done running transformations
[13:36:38.801795] [WARNING] [pdc_server_region_cache.c:834] PDC_SERVER[0]: Flushed region via POSIX I/O in 0.318416 s
[13:36:38.801816] [WARNING] [pdc_server_region_cache.c:850] PDC_SERVER[0]: [2026-10-07 13:36:38.801813] Flushed 16.00 / 16.00 MB to storage
[INFO] PDC_SERVER[0]: Region flush iteration took 0.318467 s
[INFO] PDC_SERVER[0]: Starting flush for obj_id 5000000000, ndim=3
[13:36:38.812878] [WARNING] [pdc_server_region_cache.c:823] PDC_SERVER[0]: Region mapping lookup took 0.000000 s
[13:36:38.812885] [WARNING] [pdc_server_region_cache.c:828] PDC_SERVER[0]: No region mapping found for obj_id 5000000000
[13:36:39.058080] [WARNING] [pdc_tf_server.c:393] PDC_SERVER[4]: SCHED: setting CUDA device to 0 for edge 0 func=zfp_compress
[13:36:39.058143] [WARNING] [pdc_tf_server.c:401] PDC_SERVER[4]: SCHED: executing edge 0 func=zfp_compress dev=GPU
[INFO] PDC_SERVER[0]: Executing graph with json filepath /pscratch/sd/n/nlewi26/src/work_space/source/pdc/tf_client/graphs/zfp_gpu.json
[13:36:39.070262] [WARNING] [pdc_tf_server.c:393] PDC_SERVER[0]: SCHED: setting CUDA device to 0 for edge 0 func=zfp_compress
[13:36:39.070294] [WARNING] [pdc_tf_server.c:401] PDC_SERVER[0]: SCHED: executing edge 0 func=zfp_compress dev=GPU
[13:36:39.072147] [WARNING] [pdc_tf_server.c:393] PDC_SERVER[7]: SCHED: setting CUDA device to 0 for edge 0 func=zfp_compress
[13:36:39.072174] [WARNING] [pdc_tf_server.c:401] PDC_SERVER[7]: SCHED: executing edge 0 func=zfp_compress dev=GPU
[13:36:39.078026] [WARNING] [pdc_tf_server.c:475] PDC_SERVER[4]: SCHED: done running transformations
[13:36:39.078342] [WARNING] [pdc_tf_server.c:393] PDC_SERVER[3]: SCHED: setting CUDA device to 0 for edge 0 func=zfp_compress
[13:36:39.078373] [WARNING] [pdc_tf_server.c:401] PDC_SERVER[3]: SCHED: executing edge 0 func=zfp_compress dev=GPU
[13:36:39.079630] [WARNING] [pdc_tf_server.c:475] PDC_SERVER[0]: SCHED: done running transformations
[13:36:39.081987] [WARNING] [pdc_tf_server.c:393] PDC_SERVER[2]: SCHED: setting CUDA device to 0 for edge 0 func=zfp_compress
[13:36:39.082067] [WARNING] [pdc_tf_server.c:401] PDC_SERVER[2]: SCHED: executing edge 0 func=zfp_compress dev=GPU
[13:36:39.089263] [WARNING] [pdc_tf_server.c:475] PDC_SERVER[3]: SCHED: done running transformations
[13:36:39.091922] [WARNING] [pdc_tf_server.c:475] PDC_SERVER[2]: SCHED: done running transformations
[13:36:39.092794] [WARNING] [pdc_tf_server.c:475] PDC_SERVER[7]: SCHED: done running transformations
[13:36:39.095553] [WARNING] [pdc_tf_server.c:393] PDC_SERVER[6]: SCHED: setting CUDA device to 0 for edge 0 func=zfp_compress
[13:36:39.095583] [WARNING] [pdc_tf_server.c:401] PDC_SERVER[6]: SCHED: executing edge 0 func=zfp_compress dev=GPU
[13:36:39.098713] [WARNING] [pdc_tf_server.c:393] PDC_SERVER[1]: SCHED: setting CUDA device to 0 for edge 0 func=zfp_compress
[13:36:39.098778] [WARNING] [pdc_tf_server.c:401] PDC_SERVER[1]: SCHED: executing edge 0 func=zfp_compress dev=GPU
[13:36:39.109320] [WARNING] [pdc_tf_server.c:475] PDC_SERVER[1]: SCHED: done running transformations
[13:36:39.111759] [WARNING] [pdc_tf_server.c:475] PDC_SERVER[6]: SCHED: done running transformations
[13:36:39.118376] [WARNING] [pdc_server_region_cache.c:834] PDC_SERVER[0]: Flushed region via POSIX I/O in 0.305479 s
[13:36:39.118393] [WARNING] [pdc_server_region_cache.c:850] PDC_SERVER[0]: [2026-10-07 13:36:39.118389] Flushed 16.00 / 16.00 MB to storage
[INFO] PDC_SERVER[0]: Region flush iteration took 0.305522 s
[INFO] PDC_SERVER[0]: Starting flush for obj_id 5000000000, ndim=3
[13:36:39.120000] [WARNING] [pdc_server_region_cache.c:823] PDC_SERVER[0]: Region mapping lookup took 0.000001 s
[13:36:39.120006] [WARNING] [pdc_server_region_cache.c:828] PDC_SERVER[0]: No region mapping found for obj_id 5000000000
[13:36:39.123538] [WARNING] [pdc_tf_server.c:393] PDC_SERVER[5]: SCHED: setting CUDA device to 0 for edge 0 func=zfp_compress
[13:36:39.123616] [WARNING] [pdc_tf_server.c:401] PDC_SERVER[5]: SCHED: executing edge 0 func=zfp_compress dev=GPU
[13:36:39.144920] [WARNING] [pdc_tf_server.c:475] PDC_SERVER[5]: SCHED: done running transformations
[INFO] PDC_SERVER[0]: Executing graph with json filepath /pscratch/sd/n/nlewi26/src/work_space/source/pdc/tf_client/graphs/zfp_gpu.json
[13:36:39.371402] [WARNING] [pdc_tf_server.c:393] PDC_SERVER[0]: SCHED: setting CUDA device to 0 for edge 0 func=zfp_compress
[13:36:39.371447] [WARNING] [pdc_tf_server.c:401] PDC_SERVER[0]: SCHED: executing edge 0 func=zfp_compress dev=GPU
[13:36:39.379844] [WARNING] [pdc_tf_server.c:475] PDC_SERVER[0]: SCHED: done running transformations
[13:36:39.380957] [WARNING] [pdc_tf_server.c:393] PDC_SERVER[4]: SCHED: setting CUDA device to 0 for edge 0 func=zfp_compress
[13:36:39.380988] [WARNING] [pdc_tf_server.c:401] PDC_SERVER[4]: SCHED: executing edge 0 func=zfp_compress dev=GPU
[13:36:39.383187] [WARNING] [pdc_tf_server.c:393] PDC_SERVER[2]: SCHED: setting CUDA device to 0 for edge 0 func=zfp_compress
[13:36:39.383218] [WARNING] [pdc_tf_server.c:401] PDC_SERVER[2]: SCHED: executing edge 0 func=zfp_compress dev=GPU
[13:36:39.389987] [WARNING] [pdc_tf_server.c:475] PDC_SERVER[4]: SCHED: done running transformations
[13:36:39.391252] [WARNING] [pdc_tf_server.c:475] PDC_SERVER[2]: SCHED: done running transformations
[13:36:39.393354] [WARNING] [pdc_tf_server.c:393] PDC_SERVER[3]: SCHED: setting CUDA device to 0 for edge 0 func=zfp_compress
[13:36:39.393428] [WARNING] [pdc_tf_server.c:401] PDC_SERVER[3]: SCHED: executing edge 0 func=zfp_compress dev=GPU
[13:36:39.395382] [WARNING] [pdc_tf_server.c:393] PDC_SERVER[7]: SCHED: setting CUDA device to 0 for edge 0 func=zfp_compress
[13:36:39.395414] [WARNING] [pdc_tf_server.c:401] PDC_SERVER[7]: SCHED: executing edge 0 func=zfp_compress dev=GPU
[13:36:39.400822] [WARNING] [pdc_tf_server.c:475] PDC_SERVER[3]: SCHED: done running transformations
[13:36:39.402617] [WARNING] [pdc_tf_server.c:475] PDC_SERVER[7]: SCHED: done running transformations
[13:36:39.407729] [WARNING] [pdc_tf_server.c:393] PDC_SERVER[1]: SCHED: setting CUDA device to 0 for edge 0 func=zfp_compress
[13:36:39.407782] [WARNING] [pdc_tf_server.c:401] PDC_SERVER[1]: SCHED: executing edge 0 func=zfp_compress dev=GPU
[13:36:39.415760] [WARNING] [pdc_tf_server.c:393] PDC_SERVER[6]: SCHED: setting CUDA device to 0 for edge 0 func=zfp_compress
[13:36:39.415869] [WARNING] [pdc_tf_server.c:401] PDC_SERVER[6]: SCHED: executing edge 0 func=zfp_compress dev=GPU
[13:36:39.416516] [WARNING] [pdc_tf_server.c:475] PDC_SERVER[1]: SCHED: done running transformations
[13:36:39.418461] [WARNING] [pdc_server_region_cache.c:834] PDC_SERVER[0]: Flushed region via POSIX I/O in 0.298443 s
[13:36:39.418476] [WARNING] [pdc_server_region_cache.c:850] PDC_SERVER[0]: [2026-10-07 13:36:39.418473] Flushed 16.00 / 16.00 MB to storage
[INFO] PDC_SERVER[0]: Region flush iteration took 0.298484 s
[INFO] PDC_SERVER[0]: Starting flush for obj_id 5000000000, ndim=3
[13:36:39.420111] [WARNING] [pdc_server_region_cache.c:823] PDC_SERVER[0]: Region mapping lookup took 0.000001 s
[13:36:39.420115] [WARNING] [pdc_server_region_cache.c:828] PDC_SERVER[0]: No region mapping found for obj_id 5000000000
[13:36:39.427153] [WARNING] [pdc_tf_server.c:475] PDC_SERVER[6]: SCHED: done running transformations
[13:36:39.521294] [WARNING] [pdc_tf_server.c:393] PDC_SERVER[5]: SCHED: setting CUDA device to 0 for edge 0 func=zfp_compress
[13:36:39.521329] [WARNING] [pdc_tf_server.c:401] PDC_SERVER[5]: SCHED: executing edge 0 func=zfp_compress dev=GPU
[13:36:39.542215] [WARNING] [pdc_tf_server.c:475] PDC_SERVER[5]: SCHED: done running transformations
[INFO] PDC_SERVER[0]: Executing graph with json filepath /pscratch/sd/n/nlewi26/src/work_space/source/pdc/tf_client/graphs/zfp_gpu.json
[13:36:39.674699] [WARNING] [pdc_tf_server.c:393] PDC_SERVER[0]: SCHED: setting CUDA device to 0 for edge 0 func=zfp_compress
[13:36:39.674716] [WARNING] [pdc_tf_server.c:401] PDC_SERVER[0]: SCHED: executing edge 0 func=zfp_compress dev=GPU
[13:36:39.684148] [WARNING] [pdc_tf_server.c:393] PDC_SERVER[2]: SCHED: setting CUDA device to 0 for edge 0 func=zfp_compress
[13:36:39.684182] [WARNING] [pdc_tf_server.c:401] PDC_SERVER[2]: SCHED: executing edge 0 func=zfp_compress dev=GPU
[13:36:39.687879] [WARNING] [pdc_tf_server.c:393] PDC_SERVER[4]: SCHED: setting CUDA device to 0 for edge 0 func=zfp_compress
[13:36:39.687934] [WARNING] [pdc_tf_server.c:401] PDC_SERVER[4]: SCHED: executing edge 0 func=zfp_compress dev=GPU
[13:36:39.690069] [WARNING] [pdc_tf_server.c:393] PDC_SERVER[7]: SCHED: setting CUDA device to 0 for edge 0 func=zfp_compress
[13:36:39.690098] [WARNING] [pdc_tf_server.c:401] PDC_SERVER[7]: SCHED: executing edge 0 func=zfp_compress dev=GPU
[13:36:39.692246] [WARNING] [pdc_tf_server.c:393] PDC_SERVER[3]: SCHED: setting CUDA device to 0 for edge 0 func=zfp_compress
[13:36:39.692274] [WARNING] [pdc_tf_server.c:401] PDC_SERVER[3]: SCHED: executing edge 0 func=zfp_compress dev=GPU
[13:36:39.698451] [WARNING] [pdc_tf_server.c:475] PDC_SERVER[7]: SCHED: done running transformations
[13:36:39.699247] [WARNING] [pdc_tf_server.c:475] PDC_SERVER[4]: SCHED: done running transformations
[13:36:39.707865] [WARNING] [pdc_tf_server.c:393] PDC_SERVER[1]: SCHED: setting CUDA device to 0 for edge 0 func=zfp_compress
[13:36:39.707918] [WARNING] [pdc_tf_server.c:401] PDC_SERVER[1]: SCHED: executing edge 0 func=zfp_compress dev=GPU
[13:36:39.714563] [WARNING] [pdc_tf_server.c:475] PDC_SERVER[0]: SCHED: done running transformations
[13:36:39.716469] [WARNING] [pdc_tf_server.c:475] PDC_SERVER[3]: SCHED: done running transformations
[13:36:39.721156] [WARNING] [pdc_tf_server.c:475] PDC_SERVER[2]: SCHED: done running transformations
[13:36:39.723137] [WARNING] [pdc_tf_server.c:393] PDC_SERVER[6]: SCHED: setting CUDA device to 0 for edge 0 func=zfp_compress
[13:36:39.723163] [WARNING] [pdc_tf_server.c:401] PDC_SERVER[6]: SCHED: executing edge 0 func=zfp_compress dev=GPU
[13:36:39.725756] [WARNING] [pdc_tf_server.c:475] PDC_SERVER[1]: SCHED: done running transformations
[13:36:39.732226] [WARNING] [pdc_tf_server.c:475] PDC_SERVER[6]: SCHED: done running transformations
[13:36:39.751551] [WARNING] [pdc_server_region_cache.c:834] PDC_SERVER[0]: Flushed region via POSIX I/O in 0.331425 s
[13:36:39.751568] [WARNING] [pdc_server_region_cache.c:850] PDC_SERVER[0]: [2026-10-07 13:36:39.751564] Flushed 16.00 / 16.00 MB to storage
[INFO] PDC_SERVER[0]: Region flush iteration took 0.331464 s
[INFO] PDC_SERVER[0]: Starting flush for obj_id 5000000000, ndim=3
[13:36:39.753210] [WARNING] [pdc_server_region_cache.c:823] PDC_SERVER[0]: Region mapping lookup took 0.000001 s
[13:36:39.753215] [WARNING] [pdc_server_region_cache.c:828] PDC_SERVER[0]: No region mapping found for obj_id 5000000000
[13:36:39.917436] [WARNING] [pdc_tf_server.c:393] PDC_SERVER[5]: SCHED: setting CUDA device to 0 for edge 0 func=zfp_compress
[13:36:39.917470] [WARNING] [pdc_tf_server.c:401] PDC_SERVER[5]: SCHED: executing edge 0 func=zfp_compress dev=GPU
[13:36:39.941476] [WARNING] [pdc_tf_server.c:475] PDC_SERVER[5]: SCHED: done running transformations
[13:36:39.987480] [WARNING] [pdc_tf_server.c:393] PDC_SERVER[7]: SCHED: setting CUDA device to 0 for edge 0 func=zfp_compress
[13:36:39.987508] [WARNING] [pdc_tf_server.c:401] PDC_SERVER[7]: SCHED: executing edge 0 func=zfp_compress dev=GPU
[13:36:39.999841] [WARNING] [pdc_tf_server.c:393] PDC_SERVER[4]: SCHED: setting CUDA device to 0 for edge 0 func=zfp_compress
[13:36:39.999896] [WARNING] [pdc_tf_server.c:401] PDC_SERVER[4]: SCHED: executing edge 0 func=zfp_compress dev=GPU
[13:36:40.005100] [WARNING] [pdc_tf_server.c:475] PDC_SERVER[7]: SCHED: done running transformations
[13:36:40.006946] [WARNING] [pdc_tf_server.c:393] PDC_SERVER[3]: SCHED: setting CUDA device to 0 for edge 0 func=zfp_compress
[13:36:40.006976] [WARNING] [pdc_tf_server.c:401] PDC_SERVER[3]: SCHED: executing edge 0 func=zfp_compress dev=GPU
[INFO] PDC_SERVER[0]: Executing graph with json filepath /pscratch/sd/n/nlewi26/src/work_space/source/pdc/tf_client/graphs/zfp_gpu.json
[13:36:40.007074] [WARNING] [pdc_tf_server.c:393] PDC_SERVER[0]: SCHED: setting CUDA device to 0 for edge 0 func=zfp_compress
[13:36:40.007116] [WARNING] [pdc_tf_server.c:401] PDC_SERVER[0]: SCHED: executing edge 0 func=zfp_compress dev=GPU
[13:36:40.010137] [WARNING] [pdc_tf_server.c:393] PDC_SERVER[2]: SCHED: setting CUDA device to 0 for edge 0 func=zfp_compress
[13:36:40.010175] [WARNING] [pdc_tf_server.c:401] PDC_SERVER[2]: SCHED: executing edge 0 func=zfp_compress dev=GPU
[13:36:40.017372] [WARNING] [pdc_tf_server.c:475] PDC_SERVER[4]: SCHED: done running transformations
[13:36:40.017790] [WARNING] [pdc_tf_server.c:475] PDC_SERVER[3]: SCHED: done running transformations
[13:36:40.019626] [WARNING] [pdc_tf_server.c:393] PDC_SERVER[1]: SCHED: setting CUDA device to 0 for edge 0 func=zfp_compress
[13:36:40.019651] [WARNING] [pdc_tf_server.c:401] PDC_SERVER[1]: SCHED: executing edge 0 func=zfp_compress dev=GPU
[13:36:40.020189] [WARNING] [pdc_tf_server.c:475] PDC_SERVER[0]: SCHED: done running transformations
[13:36:40.021053] [WARNING] [pdc_tf_server.c:475] PDC_SERVER[2]: SCHED: done running transformations
[13:36:40.030667] [WARNING] [pdc_tf_server.c:393] PDC_SERVER[6]: SCHED: setting CUDA device to 0 for edge 0 func=zfp_compress
[13:36:40.030696] [WARNING] [pdc_tf_server.c:401] PDC_SERVER[6]: SCHED: executing edge 0 func=zfp_compress dev=GPU
[13:36:40.033055] [WARNING] [pdc_tf_server.c:475] PDC_SERVER[1]: SCHED: done running transformations
[13:36:40.038868] [WARNING] [pdc_tf_server.c:475] PDC_SERVER[6]: SCHED: done running transformations
[13:36:40.057771] [WARNING] [pdc_server_region_cache.c:834] PDC_SERVER[0]: Flushed region via POSIX I/O in 0.304538 s
[13:36:40.057792] [WARNING] [pdc_server_region_cache.c:850] PDC_SERVER[0]: [2026-10-07 13:36:40.057788] Flushed 16.00 / 16.00 MB to storage
[INFO] PDC_SERVER[0]: Region flush iteration took 0.304590 s
[INFO] PDC_SERVER[0]: Starting flush for obj_id 5000000000, ndim=3
[13:36:40.059815] [WARNING] [pdc_server_region_cache.c:823] PDC_SERVER[0]: Region mapping lookup took 0.000001 s
[13:36:40.059823] [WARNING] [pdc_server_region_cache.c:828] PDC_SERVER[0]: No region mapping found for obj_id 5000000000
[13:36:40.294346] [WARNING] [pdc_tf_server.c:393] PDC_SERVER[7]: SCHED: setting CUDA device to 0 for edge 0 func=zfp_compress
[13:36:40.294376] [WARNING] [pdc_tf_server.c:401] PDC_SERVER[7]: SCHED: executing edge 0 func=zfp_compress dev=GPU
[13:36:40.303204] [WARNING] [pdc_tf_server.c:475] PDC_SERVER[7]: SCHED: done running transformations
[13:36:40.312785] [WARNING] [pdc_tf_server.c:393] PDC_SERVER[4]: SCHED: setting CUDA device to 0 for edge 0 func=zfp_compress
[13:36:40.312846] [WARNING] [pdc_tf_server.c:401] PDC_SERVER[4]: SCHED: executing edge 0 func=zfp_compress dev=GPU
[INFO] PDC_SERVER[0]: Executing graph with json filepath /pscratch/sd/n/nlewi26/src/work_space/source/pdc/tf_client/graphs/zfp_gpu.json
[13:36:40.313156] [WARNING] [pdc_tf_server.c:393] PDC_SERVER[0]: SCHED: setting CUDA device to 0 for edge 0 func=zfp_compress
[13:36:40.313172] [WARNING] [pdc_tf_server.c:401] PDC_SERVER[0]: SCHED: executing edge 0 func=zfp_compress dev=GPU
[13:36:40.314748] [WARNING] [pdc_tf_server.c:393] PDC_SERVER[5]: SCHED: setting CUDA device to 0 for edge 0 func=zfp_compress
[13:36:40.314781] [WARNING] [pdc_tf_server.c:401] PDC_SERVER[5]: SCHED: executing edge 0 func=zfp_compress dev=GPU
[13:36:40.318895] [WARNING] [pdc_tf_server.c:393] PDC_SERVER[3]: SCHED: setting CUDA device to 0 for edge 0 func=zfp_compress
[13:36:40.318924] [WARNING] [pdc_tf_server.c:401] PDC_SERVER[3]: SCHED: executing edge 0 func=zfp_compress dev=GPU
[13:36:40.322619] [WARNING] [pdc_tf_server.c:475] PDC_SERVER[4]: SCHED: done running transformations
[13:36:40.323753] [WARNING] [pdc_tf_server.c:475] PDC_SERVER[0]: SCHED: done running transformations
[13:36:40.326257] [WARNING] [pdc_tf_server.c:475] PDC_SERVER[5]: SCHED: done running transformations
[13:36:40.328626] [WARNING] [pdc_tf_server.c:475] PDC_SERVER[3]: SCHED: done running transformations
[13:36:40.329163] [WARNING] [pdc_tf_server.c:393] PDC_SERVER[2]: SCHED: setting CUDA device to 0 for edge 0 func=zfp_compress
[13:36:40.329197] [WARNING] [pdc_tf_server.c:401] PDC_SERVER[2]: SCHED: executing edge 0 func=zfp_compress dev=GPU
[13:36:40.329785] [WARNING] [pdc_tf_server.c:393] PDC_SERVER[1]: SCHED: setting CUDA device to 0 for edge 0 func=zfp_compress
[13:36:40.329834] [WARNING] [pdc_tf_server.c:401] PDC_SERVER[1]: SCHED: executing edge 0 func=zfp_compress dev=GPU
[13:36:40.340212] [WARNING] [pdc_tf_server.c:475] PDC_SERVER[2]: SCHED: done running transformations
[13:36:40.341008] [WARNING] [pdc_tf_server.c:475] PDC_SERVER[1]: SCHED: done running transformations
[13:36:40.341920] [WARNING] [pdc_tf_server.c:393] PDC_SERVER[6]: SCHED: setting CUDA device to 0 for edge 0 func=zfp_compress
[13:36:40.341952] [WARNING] [pdc_tf_server.c:401] PDC_SERVER[6]: SCHED: executing edge 0 func=zfp_compress dev=GPU
[13:36:40.356386] [WARNING] [pdc_tf_server.c:475] PDC_SERVER[6]: SCHED: done running transformations
[13:36:40.361658] [WARNING] [pdc_server_region_cache.c:834] PDC_SERVER[0]: Flushed region via POSIX I/O in 0.301818 s
[13:36:40.361678] [WARNING] [pdc_server_region_cache.c:850] PDC_SERVER[0]: [2026-10-07 13:36:40.361675] Flushed 16.00 / 16.00 MB to storage
[INFO] PDC_SERVER[0]: Region flush iteration took 0.301877 s
[INFO] PDC_SERVER[0]: Starting flush for obj_id 5000000000, ndim=3
[13:36:40.363265] [WARNING] [pdc_server_region_cache.c:823] PDC_SERVER[0]: Region mapping lookup took 0.000001 s
[13:36:40.363271] [WARNING] [pdc_server_region_cache.c:828] PDC_SERVER[0]: No region mapping found for obj_id 5000000000
[13:36:40.604629] [WARNING] [pdc_tf_server.c:393] PDC_SERVER[7]: SCHED: setting CUDA device to 0 for edge 0 func=zfp_compress
[13:36:40.604659] [WARNING] [pdc_tf_server.c:401] PDC_SERVER[7]: SCHED: executing edge 0 func=zfp_compress dev=GPU
[13:36:40.610675] [WARNING] [pdc_tf_server.c:393] PDC_SERVER[4]: SCHED: setting CUDA device to 0 for edge 0 func=zfp_compress
[13:36:40.610704] [WARNING] [pdc_tf_server.c:401] PDC_SERVER[4]: SCHED: executing edge 0 func=zfp_compress dev=GPU
[13:36:40.613465] [WARNING] [pdc_tf_server.c:475] PDC_SERVER[7]: SCHED: done running transformations
[INFO] PDC_SERVER[0]: Executing graph with json filepath /pscratch/sd/n/nlewi26/src/work_space/source/pdc/tf_client/graphs/zfp_gpu.json
[13:36:40.613650] [WARNING] [pdc_tf_server.c:393] PDC_SERVER[0]: SCHED: setting CUDA device to 0 for edge 0 func=zfp_compress
[13:36:40.613695] [WARNING] [pdc_tf_server.c:401] PDC_SERVER[0]: SCHED: executing edge 0 func=zfp_compress dev=GPU
[13:36:40.619664] [WARNING] [pdc_tf_server.c:393] PDC_SERVER[3]: SCHED: setting CUDA device to 0 for edge 0 func=zfp_compress
[13:36:40.619724] [WARNING] [pdc_tf_server.c:401] PDC_SERVER[3]: SCHED: executing edge 0 func=zfp_compress dev=GPU
[13:36:40.619804] [WARNING] [pdc_tf_server.c:475] PDC_SERVER[4]: SCHED: done running transformations
[13:36:40.624030] [WARNING] [pdc_tf_server.c:475] PDC_SERVER[0]: SCHED: done running transformations
[13:36:40.627909] [WARNING] [pdc_tf_server.c:393] PDC_SERVER[1]: SCHED: setting CUDA device to 0 for edge 0 func=zfp_compress
[13:36:40.627937] [WARNING] [pdc_tf_server.c:401] PDC_SERVER[1]: SCHED: executing edge 0 func=zfp_compress dev=GPU
[13:36:40.628614] [WARNING] [pdc_tf_server.c:475] PDC_SERVER[3]: SCHED: done running transformations
[13:36:40.629767] [WARNING] [pdc_tf_server.c:393] PDC_SERVER[2]: SCHED: setting CUDA device to 0 for edge 0 func=zfp_compress
[13:36:40.629795] [WARNING] [pdc_tf_server.c:401] PDC_SERVER[2]: SCHED: executing edge 0 func=zfp_compress dev=GPU
[13:36:40.639415] [WARNING] [pdc_tf_server.c:475] PDC_SERVER[1]: SCHED: done running transformations
[13:36:40.640056] [WARNING] [pdc_tf_server.c:475] PDC_SERVER[2]: SCHED: done running transformations
[13:36:40.650129] [WARNING] [pdc_tf_server.c:393] PDC_SERVER[6]: SCHED: setting CUDA device to 0 for edge 0 func=zfp_compress
[13:36:40.650158] [WARNING] [pdc_tf_server.c:401] PDC_SERVER[6]: SCHED: executing edge 0 func=zfp_compress dev=GPU
[13:36:40.657901] [WARNING] [pdc_tf_server.c:475] PDC_SERVER[6]: SCHED: done running transformations
[13:36:40.661318] [WARNING] [pdc_server_region_cache.c:834] PDC_SERVER[0]: Flushed region via POSIX I/O in 0.298032 s
[13:36:40.661336] [WARNING] [pdc_server_region_cache.c:850] PDC_SERVER[0]: [2026-10-07 13:36:40.661333] Flushed 16.00 / 16.00 MB to storage
[INFO] PDC_SERVER[0]: Region flush iteration took 0.298081 s
[13:36:40.703397] [WARNING] [pdc_tf_server.c:393] PDC_SERVER[5]: SCHED: setting CUDA device to 0 for edge 0 func=zfp_compress
[13:36:40.703428] [WARNING] [pdc_tf_server.c:401] PDC_SERVER[5]: SCHED: executing edge 0 func=zfp_compress dev=GPU
[13:36:40.713500] [WARNING] [pdc_tf_server.c:475] PDC_SERVER[5]: SCHED: done running transformations
[13:36:41.000198] [WARNING] [pdc_tf_server.c:393] PDC_SERVER[5]: SCHED: setting CUDA device to 0 for edge 0 func=zfp_compress
[13:36:41.000224] [WARNING] [pdc_tf_server.c:401] PDC_SERVER[5]: SCHED: executing edge 0 func=zfp_compress dev=GPU
[13:36:41.008892] [WARNING] [pdc_tf_server.c:475] PDC_SERVER[5]: SCHED: done running transformations
[INFO] PDC_SERVER[6]: Fetching region for obj_id=8000000000
[INFO] PDC_SERVER[6]: Checking against Object 2000000000
[INFO] PDC_SERVER[6]: Checking against Object 3000000000
[INFO] PDC_SERVER[6]: Checking against Object 4000000000
[INFO] PDC_SERVER[6]: Checking against Object 3000000002
[INFO] PDC_SERVER[6]: Checking against Object 4000000002
[INFO] PDC_SERVER[6]: Checking against Object 5000000000
[INFO] PDC_SERVER[6]: Object 8000000000 NOT found in cache
[INFO] PDC_SERVER[6]: Fetching region from server for obj_id=8000000000
[INFO] PDC_SERVER[0]: Fetching region for obj_id=8000000000
[INFO] PDC_SERVER[0]: Checking against Object 2000000000
[INFO] PDC_SERVER[0]: Checking against Object 3000000000
[INFO] PDC_SERVER[0]: Checking against Object 4000000000
[INFO] PDC_SERVER[0]: Checking against Object 3000000002
[INFO] PDC_SERVER[0]: Checking against Object 4000000002
[INFO] PDC_SERVER[0]: Checking against Object 5000000000
[INFO] PDC_SERVER[0]: Object 8000000000 NOT found in cache
[INFO] PDC_SERVER[0]: Fetching region from server for obj_id=8000000000
[INFO] PDC_SERVER[7]: Fetching region for obj_id=8000000000
[INFO] PDC_SERVER[7]: Checking against Object 2000000000
[INFO] PDC_SERVER[7]: Checking against Object 3000000000
[INFO] PDC_SERVER[7]: Checking against Object 4000000000
[INFO] PDC_SERVER[7]: Checking against Object 3000000002
[INFO] PDC_SERVER[7]: Checking against Object 4000000002
[INFO] PDC_SERVER[7]: Checking against Object 5000000000
[INFO] PDC_SERVER[7]: Object 8000000000 NOT found in cache
[INFO] PDC_SERVER[3]: Fetching region for obj_id=8000000000
[INFO] PDC_SERVER[3]: Checking against Object 2000000000
[INFO] PDC_SERVER[3]: Checking against Object 3000000000
[INFO] PDC_SERVER[3]: Checking against Object 4000000000
[INFO] PDC_SERVER[3]: Checking against Object 3000000002
[INFO] PDC_SERVER[3]: Checking against Object 4000000002
[INFO] PDC_SERVER[3]: Checking against Object 5000000000
[INFO] PDC_SERVER[3]: Object 8000000000 NOT found in cache
[INFO] PDC_SERVER[3]: Fetching region from server for obj_id=8000000000
[INFO] PDC_SERVER[7]: Fetching region from server for obj_id=8000000000
[INFO] PDC_SERVER[4]: Fetching region for obj_id=8000000000
[INFO] PDC_SERVER[4]: Checking against Object 2000000000
[INFO] PDC_SERVER[4]: Checking against Object 3000000000
[INFO] PDC_SERVER[4]: Checking against Object 4000000000
[INFO] PDC_SERVER[4]: Checking against Object 3000000002
[INFO] PDC_SERVER[4]: Checking against Object 4000000002
[INFO] PDC_SERVER[4]: Checking against Object 5000000000
[INFO] PDC_SERVER[4]: Object 8000000000 NOT found in cache
[INFO] PDC_SERVER[4]: Fetching region from server for obj_id=8000000000
[INFO] PDC_SERVER[2]: Fetching region for obj_id=8000000000
[INFO] PDC_SERVER[2]: Checking against Object 2000000000
[INFO] PDC_SERVER[2]: Checking against Object 3000000000
[INFO] PDC_SERVER[2]: Checking against Object 4000000000
[INFO] PDC_SERVER[2]: Checking against Object 3000000002
[INFO] PDC_SERVER[2]: Checking against Object 4000000002
[INFO] PDC_SERVER[2]: Checking against Object 5000000000
[INFO] PDC_SERVER[2]: Object 8000000000 NOT found in cache
[INFO] PDC_SERVER[2]: Fetching region from server for obj_id=8000000000
[INFO] PDC_SERVER[5]: Fetching region for obj_id=8000000000
[INFO] PDC_SERVER[5]: Checking against Object 2000000000
[INFO] PDC_SERVER[1]: Fetching region for obj_id=8000000000
[INFO] PDC_SERVER[1]: Checking against Object 2000000000
[INFO] PDC_SERVER[1]: Checking against Object 3000000000
[INFO] PDC_SERVER[1]: Checking against Object 4000000000
[INFO] PDC_SERVER[1]: Checking against Object 3000000002
[INFO] PDC_SERVER[1]: Checking against Object 4000000002
[INFO] PDC_SERVER[1]: Checking against Object 5000000000
[INFO] PDC_SERVER[1]: Object 8000000000 NOT found in cache
[INFO] PDC_SERVER[1]: Fetching region from server for obj_id=8000000000
[INFO] PDC_SERVER[5]: Checking against Object 3000000000
[INFO] PDC_SERVER[5]: Checking against Object 4000000000
[INFO] PDC_SERVER[5]: Checking against Object 3000000002
[INFO] PDC_SERVER[5]: Checking against Object 4000000002
[INFO] PDC_SERVER[5]: Checking against Object 5000000000
[INFO] PDC_SERVER[5]: Object 8000000000 NOT found in cache
[INFO] PDC_SERVER[5]: Fetching region from server for obj_id=8000000000
[INFO] PDC_SERVER[0]: Executing graph with json filepath /pscratch/sd/n/nlewi26/src/work_space/source/pdc/tf_client/graphs/zfp_gpu.json
[13:36:41.078005] [WARNING] [pdc_tf_server.c:393] PDC_SERVER[0]: SCHED: setting CUDA device to 0 for edge 0 func=zfp_decompress
[13:36:41.078019] [WARNING] [pdc_tf_server.c:401] PDC_SERVER[0]: SCHED: executing edge 0 func=zfp_decompress dev=GPU
[13:36:41.078102] [WARNING] [pdc_tf_server.c:393] PDC_SERVER[4]: SCHED: setting CUDA device to 0 for edge 0 func=zfp_decompress
[13:36:41.078145] [WARNING] [pdc_tf_server.c:401] PDC_SERVER[4]: SCHED: executing edge 0 func=zfp_decompress dev=GPU
[13:36:41.079676] [WARNING] [pdc_tf_server.c:393] PDC_SERVER[6]: SCHED: setting CUDA device to 0 for edge 0 func=zfp_decompress
[13:36:41.079700] [WARNING] [pdc_tf_server.c:401] PDC_SERVER[6]: SCHED: executing edge 0 func=zfp_decompress dev=GPU
[13:36:41.080079] [WARNING] [pdc_tf_server.c:393] PDC_SERVER[7]: SCHED: setting CUDA device to 0 for edge 0 func=zfp_decompress
[13:36:41.080123] [WARNING] [pdc_tf_server.c:401] PDC_SERVER[7]: SCHED: executing edge 0 func=zfp_decompress dev=GPU
[13:36:41.083223] [WARNING] [pdc_tf_server.c:393] PDC_SERVER[1]: SCHED: setting CUDA device to 0 for edge 0 func=zfp_decompress
[13:36:41.083272] [WARNING] [pdc_tf_server.c:401] PDC_SERVER[1]: SCHED: executing edge 0 func=zfp_decompress dev=GPU
[13:36:41.083366] [WARNING] [pdc_tf_server.c:393] PDC_SERVER[3]: SCHED: setting CUDA device to 0 for edge 0 func=zfp_decompress
[13:36:41.083390] [WARNING] [pdc_tf_server.c:401] PDC_SERVER[3]: SCHED: executing edge 0 func=zfp_decompress dev=GPU
[13:36:41.083542] [WARNING] [pdc_tf_server.c:393] PDC_SERVER[2]: SCHED: setting CUDA device to 0 for edge 0 func=zfp_decompress
[13:36:41.083577] [WARNING] [pdc_tf_server.c:401] PDC_SERVER[2]: SCHED: executing edge 0 func=zfp_decompress dev=GPU
[13:36:41.085007] [WARNING] [pdc_tf_server.c:393] PDC_SERVER[5]: SCHED: setting CUDA device to 0 for edge 0 func=zfp_decompress
[13:36:41.085034] [WARNING] [pdc_tf_server.c:401] PDC_SERVER[5]: SCHED: executing edge 0 func=zfp_decompress dev=GPU
[13:36:41.088469] [WARNING] [pdc_tf_server.c:475] PDC_SERVER[4]: SCHED: done running transformations
[13:36:41.089501] [WARNING] [pdc_tf_server.c:475] PDC_SERVER[0]: SCHED: done running transformations
[13:36:41.090605] [WARNING] [pdc_tf_server.c:475] PDC_SERVER[6]: SCHED: done running transformations
[13:36:41.090968] [WARNING] [pdc_tf_server.c:475] PDC_SERVER[7]: SCHED: done running transformations
[INFO] PDC_SERVER[4]: Fetching region for obj_id=8000000000
[INFO] PDC_SERVER[4]: Checking against Object 2000000000
[INFO] PDC_SERVER[4]: Checking against Object 3000000000
[INFO] PDC_SERVER[4]: Checking against Object 4000000000
[INFO] PDC_SERVER[4]: Checking against Object 3000000002
[INFO] PDC_SERVER[4]: Checking against Object 4000000002
[INFO] PDC_SERVER[4]: Checking against Object 5000000000
[INFO] PDC_SERVER[4]: Object 8000000000 NOT found in cache
[INFO] PDC_SERVER[4]: Fetching region from server for obj_id=8000000000
[13:36:41.094374] [WARNING] [pdc_tf_server.c:475] PDC_SERVER[5]: SCHED: done running transformations
[INFO] PDC_SERVER[0]: Fetching region for obj_id=8000000000
[INFO] PDC_SERVER[0]: Checking against Object 2000000000
[INFO] PDC_SERVER[0]: Checking against Object 3000000000
[INFO] PDC_SERVER[0]: Checking against Object 4000000000
[INFO] PDC_SERVER[0]: Checking against Object 3000000002
[INFO] PDC_SERVER[0]: Checking against Object 4000000002
[INFO] PDC_SERVER[0]: Checking against Object 5000000000
[INFO] PDC_SERVER[0]: Object 8000000000 NOT found in cache
[INFO] PDC_SERVER[0]: Fetching region from server for obj_id=8000000000
[INFO] PDC_SERVER[6]: Fetching region for obj_id=8000000000
[INFO] PDC_SERVER[6]: Checking against Object 2000000000
[INFO] PDC_SERVER[6]: Checking against Object 3000000000
[INFO] PDC_SERVER[6]: Checking against Object 4000000000
[INFO] PDC_SERVER[6]: Checking against Object 3000000002
[INFO] PDC_SERVER[6]: Checking against Object 4000000002
[INFO] PDC_SERVER[6]: Checking against Object 5000000000
[INFO] PDC_SERVER[6]: Object 8000000000 NOT found in cache
[INFO] PDC_SERVER[6]: Fetching region from server for obj_id=8000000000
[INFO] PDC_SERVER[7]: Fetching region for obj_id=8000000000
[INFO] PDC_SERVER[7]: Checking against Object 2000000000
[INFO] PDC_SERVER[7]: Checking against Object 3000000000
[INFO] PDC_SERVER[7]: Checking against Object 4000000000
[INFO] PDC_SERVER[7]: Checking against Object 3000000002
[INFO] PDC_SERVER[7]: Checking against Object 4000000002
[INFO] PDC_SERVER[7]: Checking against Object 5000000000
[INFO] PDC_SERVER[7]: Object 8000000000 NOT found in cache
[INFO] PDC_SERVER[7]: Fetching region from server for obj_id=8000000000
[13:36:41.098393] [WARNING] [pdc_tf_server.c:475] PDC_SERVER[1]: SCHED: done running transformations
[INFO] PDC_SERVER[5]: Fetching region for obj_id=8000000000
[INFO] PDC_SERVER[5]: Checking against Object 2000000000
[INFO] PDC_SERVER[5]: Checking against Object 3000000000
[INFO] PDC_SERVER[5]: Checking against Object 4000000000
[INFO] PDC_SERVER[5]: Checking against Object 3000000002
[INFO] PDC_SERVER[5]: Checking against Object 4000000002
[INFO] PDC_SERVER[5]: Checking against Object 5000000000
[INFO] PDC_SERVER[5]: Object 8000000000 NOT found in cache
[INFO] PDC_SERVER[5]: Fetching region from server for obj_id=8000000000
[13:36:41.101095] [WARNING] [pdc_tf_server.c:475] PDC_SERVER[3]: SCHED: done running transformations
[13:36:41.102744] [WARNING] [pdc_tf_server.c:475] PDC_SERVER[2]: SCHED: done running transformations
[INFO] PDC_SERVER[1]: Fetching region for obj_id=8000000000
[INFO] PDC_SERVER[1]: Checking against Object 2000000000
[INFO] PDC_SERVER[1]: Checking against Object 3000000000
[INFO] PDC_SERVER[1]: Checking against Object 4000000000
[INFO] PDC_SERVER[1]: Checking against Object 3000000002
[INFO] PDC_SERVER[1]: Checking against Object 4000000002
[INFO] PDC_SERVER[1]: Checking against Object 5000000000
[INFO] PDC_SERVER[1]: Object 8000000000 NOT found in cache
[INFO] PDC_SERVER[1]: Fetching region from server for obj_id=8000000000
[INFO] PDC_SERVER[3]: Fetching region for obj_id=8000000000
[INFO] PDC_SERVER[3]: Checking against Object 2000000000
[INFO] PDC_SERVER[3]: Checking against Object 3000000000
[INFO] PDC_SERVER[3]: Checking against Object 4000000000
[INFO] PDC_SERVER[3]: Checking against Object 3000000002
[INFO] PDC_SERVER[3]: Checking against Object 4000000002
[INFO] PDC_SERVER[3]: Checking against Object 5000000000
[INFO] PDC_SERVER[3]: Object 8000000000 NOT found in cache
[INFO] PDC_SERVER[3]: Fetching region from server for obj_id=8000000000
[INFO] PDC_SERVER[2]: Fetching region for obj_id=8000000000
[INFO] PDC_SERVER[2]: Checking against Object 2000000000
[INFO] PDC_SERVER[2]: Checking against Object 3000000000
[INFO] PDC_SERVER[2]: Checking against Object 4000000000
[INFO] PDC_SERVER[2]: Checking against Object 3000000002
[INFO] PDC_SERVER[2]: Checking against Object 4000000002
[INFO] PDC_SERVER[2]: Checking against Object 5000000000
[INFO] PDC_SERVER[2]: Object 8000000000 NOT found in cache
[INFO] PDC_SERVER[2]: Fetching region from server for obj_id=8000000000
[13:36:41.113744] [WARNING] [pdc_tf_server.c:393] PDC_SERVER[6]: SCHED: setting CUDA device to 0 for edge 0 func=zfp_decompress
[13:36:41.113767] [WARNING] [pdc_tf_server.c:401] PDC_SERVER[6]: SCHED: executing edge 0 func=zfp_decompress dev=GPU
[INFO] PDC_SERVER[0]: Executing graph with json filepath /pscratch/sd/n/nlewi26/src/work_space/source/pdc/tf_client/graphs/zfp_gpu.json
[13:36:41.113782] [WARNING] [pdc_tf_server.c:393] PDC_SERVER[0]: SCHED: setting CUDA device to 0 for edge 0 func=zfp_decompress
[13:36:41.113795] [WARNING] [pdc_tf_server.c:401] PDC_SERVER[0]: SCHED: executing edge 0 func=zfp_decompress dev=GPU
[13:36:41.115301] [WARNING] [pdc_tf_server.c:393] PDC_SERVER[5]: SCHED: setting CUDA device to 0 for edge 0 func=zfp_decompress
[13:36:41.115331] [WARNING] [pdc_tf_server.c:401] PDC_SERVER[5]: SCHED: executing edge 0 func=zfp_decompress dev=GPU
[13:36:41.117621] [WARNING] [pdc_tf_server.c:393] PDC_SERVER[4]: SCHED: setting CUDA device to 0 for edge 0 func=zfp_decompress
[13:36:41.117645] [WARNING] [pdc_tf_server.c:401] PDC_SERVER[4]: SCHED: executing edge 0 func=zfp_decompress dev=GPU
[13:36:41.119247] [WARNING] [pdc_tf_server.c:393] PDC_SERVER[7]: SCHED: setting CUDA device to 0 for edge 0 func=zfp_decompress
[13:36:41.119266] [WARNING] [pdc_tf_server.c:401] PDC_SERVER[7]: SCHED: executing edge 0 func=zfp_decompress dev=GPU
[13:36:41.122556] [WARNING] [pdc_tf_server.c:475] PDC_SERVER[6]: SCHED: done running transformations
[13:36:41.123252] [WARNING] [pdc_tf_server.c:475] PDC_SERVER[0]: SCHED: done running transformations
[13:36:41.125435] [WARNING] [pdc_tf_server.c:393] PDC_SERVER[1]: SCHED: setting CUDA device to 0 for edge 0 func=zfp_decompress
[13:36:41.125458] [WARNING] [pdc_tf_server.c:401] PDC_SERVER[1]: SCHED: executing edge 0 func=zfp_decompress dev=GPU
[13:36:41.125706] [WARNING] [pdc_tf_server.c:475] PDC_SERVER[5]: SCHED: done running transformations
[13:36:41.126232] [WARNING] [pdc_tf_server.c:393] PDC_SERVER[2]: SCHED: setting CUDA device to 0 for edge 0 func=zfp_decompress
[13:36:41.126264] [WARNING] [pdc_tf_server.c:401] PDC_SERVER[2]: SCHED: executing edge 0 func=zfp_decompress dev=GPU
[13:36:41.127671] [WARNING] [pdc_tf_server.c:475] PDC_SERVER[4]: SCHED: done running transformations
[INFO] PDC_SERVER[0]: Fetching region for obj_id=8000000000
[INFO] PDC_SERVER[0]: Checking against Object 2000000000
[INFO] PDC_SERVER[0]: Checking against Object 3000000000
[INFO] PDC_SERVER[0]: Checking against Object 4000000000
[INFO] PDC_SERVER[0]: Checking against Object 3000000002
[INFO] PDC_SERVER[0]: Checking against Object 4000000002
[INFO] PDC_SERVER[0]: Checking against Object 5000000000
[INFO] PDC_SERVER[0]: Object 8000000000 NOT found in cache
[INFO] PDC_SERVER[0]: Fetching region from server for obj_id=8000000000
[INFO] PDC_SERVER[6]: Fetching region for obj_id=8000000000
[INFO] PDC_SERVER[6]: Checking against Object 2000000000
[INFO] PDC_SERVER[6]: Checking against Object 3000000000
[INFO] PDC_SERVER[6]: Checking against Object 4000000000
[INFO] PDC_SERVER[6]: Checking against Object 3000000002
[INFO] PDC_SERVER[6]: Checking against Object 4000000002
[INFO] PDC_SERVER[6]: Checking against Object 5000000000
[INFO] PDC_SERVER[6]: Object 8000000000 NOT found in cache
[INFO] PDC_SERVER[6]: Fetching region from server for obj_id=8000000000
[13:36:41.130340] [WARNING] [pdc_tf_server.c:475] PDC_SERVER[7]: SCHED: done running transformations
[INFO] PDC_SERVER[5]: Fetching region for obj_id=8000000000
[INFO] PDC_SERVER[5]: Checking against Object 2000000000
[INFO] PDC_SERVER[5]: Checking against Object 3000000000
[INFO] PDC_SERVER[5]: Checking against Object 4000000000
[INFO] PDC_SERVER[5]: Checking against Object 3000000002
[INFO] PDC_SERVER[5]: Checking against Object 4000000002
[INFO] PDC_SERVER[5]: Checking against Object 5000000000
[INFO] PDC_SERVER[5]: Object 8000000000 NOT found in cache
[INFO] PDC_SERVER[5]: Fetching region from server for obj_id=8000000000
[INFO] PDC_SERVER[4]: Fetching region for obj_id=8000000000
[INFO] PDC_SERVER[4]: Checking against Object 2000000000
[INFO] PDC_SERVER[4]: Checking against Object 3000000000
[INFO] PDC_SERVER[4]: Checking against Object 4000000000
[INFO] PDC_SERVER[4]: Checking against Object 3000000002
[INFO] PDC_SERVER[4]: Checking against Object 4000000002
[INFO] PDC_SERVER[4]: Checking against Object 5000000000
[INFO] PDC_SERVER[4]: Object 8000000000 NOT found in cache
[INFO] PDC_SERVER[4]: Fetching region from server for obj_id=8000000000
[13:36:41.134189] [WARNING] [pdc_tf_server.c:393] PDC_SERVER[3]: SCHED: setting CUDA device to 0 for edge 0 func=zfp_decompress
[13:36:41.134219] [WARNING] [pdc_tf_server.c:401] PDC_SERVER[3]: SCHED: executing edge 0 func=zfp_decompress dev=GPU
[13:36:41.135560] [WARNING] [pdc_tf_server.c:475] PDC_SERVER[1]: SCHED: done running transformations
[INFO] PDC_SERVER[7]: Fetching region for obj_id=8000000000
[INFO] PDC_SERVER[7]: Checking against Object 2000000000
[INFO] PDC_SERVER[7]: Checking against Object 3000000000
[INFO] PDC_SERVER[7]: Checking against Object 4000000000
[INFO] PDC_SERVER[7]: Checking against Object 3000000002
[INFO] PDC_SERVER[7]: Checking against Object 4000000002
[INFO] PDC_SERVER[7]: Checking against Object 5000000000
[INFO] PDC_SERVER[7]: Object 8000000000 NOT found in cache
[INFO] PDC_SERVER[7]: Fetching region from server for obj_id=8000000000
[13:36:41.136624] [WARNING] [pdc_tf_server.c:475] PDC_SERVER[2]: SCHED: done running transformations
[INFO] PDC_SERVER[1]: Fetching region for obj_id=8000000000
[INFO] PDC_SERVER[1]: Checking against Object 2000000000
[INFO] PDC_SERVER[1]: Checking against Object 3000000000
[INFO] PDC_SERVER[1]: Checking against Object 4000000000
[INFO] PDC_SERVER[1]: Checking against Object 3000000002
[INFO] PDC_SERVER[1]: Checking against Object 4000000002
[INFO] PDC_SERVER[1]: Checking against Object 5000000000
[INFO] PDC_SERVER[1]: Object 8000000000 NOT found in cache
[INFO] PDC_SERVER[1]: Fetching region from server for obj_id=8000000000
[INFO] PDC_SERVER[2]: Fetching region for obj_id=8000000000
[INFO] PDC_SERVER[2]: Checking against Object 2000000000
[INFO] PDC_SERVER[2]: Checking against Object 3000000000
[INFO] PDC_SERVER[2]: Checking against Object 4000000000
[INFO] PDC_SERVER[2]: Checking against Object 3000000002
[INFO] PDC_SERVER[2]: Checking against Object 4000000002
[INFO] PDC_SERVER[2]: Checking against Object 5000000000
[INFO] PDC_SERVER[2]: Object 8000000000 NOT found in cache
[INFO] PDC_SERVER[2]: Fetching region from server for obj_id=8000000000
[13:36:41.144893] [WARNING] [pdc_tf_server.c:393] PDC_SERVER[6]: SCHED: setting CUDA device to 0 for edge 0 func=zfp_decompress
[13:36:41.144907] [WARNING] [pdc_tf_server.c:401] PDC_SERVER[6]: SCHED: executing edge 0 func=zfp_decompress dev=GPU
[13:36:41.146259] [WARNING] [pdc_tf_server.c:393] PDC_SERVER[5]: SCHED: setting CUDA device to 0 for edge 0 func=zfp_decompress
[13:36:41.146275] [WARNING] [pdc_tf_server.c:401] PDC_SERVER[5]: SCHED: executing edge 0 func=zfp_decompress dev=GPU
[INFO] PDC_SERVER[0]: Executing graph with json filepath /pscratch/sd/n/nlewi26/src/work_space/source/pdc/tf_client/graphs/zfp_gpu.json
[13:36:41.146567] [WARNING] [pdc_tf_server.c:393] PDC_SERVER[0]: SCHED: setting CUDA device to 0 for edge 0 func=zfp_decompress
[13:36:41.146583] [WARNING] [pdc_tf_server.c:401] PDC_SERVER[0]: SCHED: executing edge 0 func=zfp_decompress dev=GPU
[13:36:41.147364] [WARNING] [pdc_tf_server.c:475] PDC_SERVER[3]: SCHED: done running transformations
[13:36:41.149694] [WARNING] [pdc_tf_server.c:393] PDC_SERVER[4]: SCHED: setting CUDA device to 0 for edge 0 func=zfp_decompress
[13:36:41.149720] [WARNING] [pdc_tf_server.c:401] PDC_SERVER[4]: SCHED: executing edge 0 func=zfp_decompress dev=GPU
[13:36:41.151914] [WARNING] [pdc_tf_server.c:393] PDC_SERVER[7]: SCHED: setting CUDA device to 0 for edge 0 func=zfp_decompress
[13:36:41.151930] [WARNING] [pdc_tf_server.c:401] PDC_SERVER[7]: SCHED: executing edge 0 func=zfp_decompress dev=GPU
[INFO] PDC_SERVER[3]: Fetching region for obj_id=8000000000
[INFO] PDC_SERVER[3]: Checking against Object 2000000000
[INFO] PDC_SERVER[3]: Checking against Object 3000000000
[INFO] PDC_SERVER[3]: Checking against Object 4000000000
[INFO] PDC_SERVER[3]: Checking against Object 3000000002
[INFO] PDC_SERVER[3]: Checking against Object 4000000002
[INFO] PDC_SERVER[3]: Checking against Object 5000000000
[INFO] PDC_SERVER[3]: Object 8000000000 NOT found in cache
[INFO] PDC_SERVER[3]: Fetching region from server for obj_id=8000000000
[13:36:41.154703] [WARNING] [pdc_tf_server.c:475] PDC_SERVER[5]: SCHED: done running transformations
[13:36:41.155439] [WARNING] [pdc_tf_server.c:475] PDC_SERVER[6]: SCHED: done running transformations
[13:36:41.157009] [WARNING] [pdc_tf_server.c:475] PDC_SERVER[0]: SCHED: done running transformations
[13:36:41.157478] [WARNING] [pdc_tf_server.c:393] PDC_SERVER[1]: SCHED: setting CUDA device to 0 for edge 0 func=zfp_decompress
[13:36:41.157497] [WARNING] [pdc_tf_server.c:401] PDC_SERVER[1]: SCHED: executing edge 0 func=zfp_decompress dev=GPU
[13:36:41.157819] [WARNING] [pdc_tf_server.c:393] PDC_SERVER[2]: SCHED: setting CUDA device to 0 for edge 0 func=zfp_decompress
[13:36:41.157839] [WARNING] [pdc_tf_server.c:401] PDC_SERVER[2]: SCHED: executing edge 0 func=zfp_decompress dev=GPU
[13:36:41.158690] [WARNING] [pdc_tf_server.c:475] PDC_SERVER[4]: SCHED: done running transformations
[INFO] PDC_SERVER[5]: Fetching region for obj_id=8000000000
[INFO] PDC_SERVER[5]: Checking against Object 2000000000
[INFO] PDC_SERVER[5]: Checking against Object 3000000000
[INFO] PDC_SERVER[5]: Checking against Object 4000000000
[INFO] PDC_SERVER[5]: Checking against Object 3000000002
[INFO] PDC_SERVER[5]: Checking against Object 4000000002
[INFO] PDC_SERVER[5]: Checking against Object 5000000000
[INFO] PDC_SERVER[5]: Object 8000000000 NOT found in cache
[INFO] PDC_SERVER[5]: Fetching region from server for obj_id=8000000000
[INFO] PDC_SERVER[6]: Fetching region for obj_id=8000000000
[INFO] PDC_SERVER[6]: Checking against Object 2000000000
[INFO] PDC_SERVER[6]: Checking against Object 3000000000
[INFO] PDC_SERVER[6]: Checking against Object 4000000000
[INFO] PDC_SERVER[6]: Checking against Object 3000000002
[INFO] PDC_SERVER[6]: Checking against Object 4000000002
[INFO] PDC_SERVER[6]: Checking against Object 5000000000
[INFO] PDC_SERVER[6]: Object 8000000000 NOT found in cache
[INFO] PDC_SERVER[6]: Fetching region from server for obj_id=8000000000
[INFO] PDC_SERVER[0]: Fetching region for obj_id=8000000000
[INFO] PDC_SERVER[0]: Checking against Object 2000000000
[INFO] PDC_SERVER[0]: Checking against Object 3000000000
[INFO] PDC_SERVER[0]: Checking against Object 4000000000
[INFO] PDC_SERVER[0]: Checking against Object 3000000002
[INFO] PDC_SERVER[0]: Checking against Object 4000000002
[INFO] PDC_SERVER[0]: Checking against Object 5000000000
[INFO] PDC_SERVER[0]: Object 8000000000 NOT found in cache
[INFO] PDC_SERVER[0]: Fetching region from server for obj_id=8000000000
[INFO] PDC_SERVER[4]: Fetching region for obj_id=8000000000
[INFO] PDC_SERVER[4]: Checking against Object 2000000000
[INFO] PDC_SERVER[4]: Checking against Object 3000000000
[INFO] PDC_SERVER[4]: Checking against Object 4000000000
[INFO] PDC_SERVER[4]: Checking against Object 3000000002
[INFO] PDC_SERVER[4]: Checking against Object 4000000002
[INFO] PDC_SERVER[4]: Checking against Object 5000000000
[INFO] PDC_SERVER[4]: Object 8000000000 NOT found in cache
[INFO] PDC_SERVER[4]: Fetching region from server for obj_id=8000000000
[13:36:41.164607] [WARNING] [pdc_tf_server.c:475] PDC_SERVER[7]: SCHED: done running transformations
[13:36:41.167784] [WARNING] [pdc_tf_server.c:475] PDC_SERVER[1]: SCHED: done running transformations
[13:36:41.167791] [WARNING] [pdc_tf_server.c:475] PDC_SERVER[2]: SCHED: done running transformations
[13:36:41.169262] [WARNING] [pdc_tf_server.c:393] PDC_SERVER[3]: SCHED: setting CUDA device to 0 for edge 0 func=zfp_decompress
[13:36:41.169286] [WARNING] [pdc_tf_server.c:401] PDC_SERVER[3]: SCHED: executing edge 0 func=zfp_decompress dev=GPU
[INFO] PDC_SERVER[7]: Fetching region for obj_id=8000000000
[INFO] PDC_SERVER[7]: Checking against Object 2000000000
[INFO] PDC_SERVER[7]: Checking against Object 3000000000
[INFO] PDC_SERVER[7]: Checking against Object 4000000000
[INFO] PDC_SERVER[7]: Checking against Object 3000000002
[INFO] PDC_SERVER[7]: Checking against Object 4000000002
[INFO] PDC_SERVER[7]: Checking against Object 5000000000
[INFO] PDC_SERVER[7]: Object 8000000000 NOT found in cache
[INFO] PDC_SERVER[7]: Fetching region from server for obj_id=8000000000
[INFO] PDC_SERVER[2]: Fetching region for obj_id=8000000000
[INFO] PDC_SERVER[2]: Checking against Object 2000000000
[INFO] PDC_SERVER[2]: Checking against Object 3000000000
[INFO] PDC_SERVER[2]: Checking against Object 4000000000
[INFO] PDC_SERVER[2]: Checking against Object 3000000002
[INFO] PDC_SERVER[2]: Checking against Object 4000000002
[INFO] PDC_SERVER[2]: Checking against Object 5000000000
[INFO] PDC_SERVER[2]: Object 8000000000 NOT found in cache
[INFO] PDC_SERVER[2]: Fetching region from server for obj_id=8000000000
[INFO] PDC_SERVER[1]: Fetching region for obj_id=8000000000
[INFO] PDC_SERVER[1]: Checking against Object 2000000000
[INFO] PDC_SERVER[1]: Checking against Object 3000000000
[INFO] PDC_SERVER[1]: Checking against Object 4000000000
[INFO] PDC_SERVER[1]: Checking against Object 3000000002
[INFO] PDC_SERVER[1]: Checking against Object 4000000002
[INFO] PDC_SERVER[1]: Checking against Object 5000000000
[INFO] PDC_SERVER[1]: Object 8000000000 NOT found in cache
[INFO] PDC_SERVER[1]: Fetching region from server for obj_id=8000000000
[13:36:41.178042] [WARNING] [pdc_tf_server.c:393] PDC_SERVER[6]: SCHED: setting CUDA device to 0 for edge 0 func=zfp_decompress
[13:36:41.178059] [WARNING] [pdc_tf_server.c:401] PDC_SERVER[6]: SCHED: executing edge 0 func=zfp_decompress dev=GPU
[13:36:41.178499] [WARNING] [pdc_tf_server.c:475] PDC_SERVER[3]: SCHED: done running transformations
[INFO] PDC_SERVER[0]: Executing graph with json filepath /pscratch/sd/n/nlewi26/src/work_space/source/pdc/tf_client/graphs/zfp_gpu.json
[13:36:41.180193] [WARNING] [pdc_tf_server.c:393] PDC_SERVER[0]: SCHED: setting CUDA device to 0 for edge 0 func=zfp_decompress
[13:36:41.180201] [WARNING] [pdc_tf_server.c:401] PDC_SERVER[0]: SCHED: executing edge 0 func=zfp_decompress dev=GPU
[13:36:41.181231] [WARNING] [pdc_tf_server.c:393] PDC_SERVER[5]: SCHED: setting CUDA device to 0 for edge 0 func=zfp_decompress
[13:36:41.181258] [WARNING] [pdc_tf_server.c:401] PDC_SERVER[5]: SCHED: executing edge 0 func=zfp_decompress dev=GPU
[INFO] PDC_SERVER[3]: Fetching region for obj_id=8000000000
[INFO] PDC_SERVER[3]: Checking against Object 2000000000
[INFO] PDC_SERVER[3]: Checking against Object 3000000000
[INFO] PDC_SERVER[3]: Checking against Object 4000000000
[INFO] PDC_SERVER[3]: Checking against Object 3000000002
[INFO] PDC_SERVER[3]: Checking against Object 4000000002
[INFO] PDC_SERVER[3]: Checking against Object 5000000000
[INFO] PDC_SERVER[3]: Object 8000000000 NOT found in cache
[INFO] PDC_SERVER[3]: Fetching region from server for obj_id=8000000000
[13:36:41.186069] [WARNING] [pdc_tf_server.c:393] PDC_SERVER[4]: SCHED: setting CUDA device to 0 for edge 0 func=zfp_decompress
[13:36:41.186086] [WARNING] [pdc_tf_server.c:401] PDC_SERVER[4]: SCHED: executing edge 0 func=zfp_decompress dev=GPU
[13:36:41.186573] [WARNING] [pdc_tf_server.c:393] PDC_SERVER[7]: SCHED: setting CUDA device to 0 for edge 0 func=zfp_decompress
[13:36:41.186594] [WARNING] [pdc_tf_server.c:401] PDC_SERVER[7]: SCHED: executing edge 0 func=zfp_decompress dev=GPU
[13:36:41.188188] [WARNING] [pdc_tf_server.c:475] PDC_SERVER[6]: SCHED: done running transformations
[13:36:41.188705] [WARNING] [pdc_tf_server.c:475] PDC_SERVER[0]: SCHED: done running transformations
[13:36:41.189040] [WARNING] [pdc_tf_server.c:393] PDC_SERVER[2]: SCHED: setting CUDA device to 0 for edge 0 func=zfp_decompress
[13:36:41.189062] [WARNING] [pdc_tf_server.c:401] PDC_SERVER[2]: SCHED: executing edge 0 func=zfp_decompress dev=GPU
[13:36:41.190758] [WARNING] [pdc_tf_server.c:475] PDC_SERVER[5]: SCHED: done running transformations
[INFO] PDC_SERVER[6]: Fetching region for obj_id=8000000000
[INFO] PDC_SERVER[6]: Checking against Object 2000000000
[INFO] PDC_SERVER[6]: Checking against Object 3000000000
[INFO] PDC_SERVER[6]: Checking against Object 4000000000
[INFO] PDC_SERVER[6]: Checking against Object 3000000002
[INFO] PDC_SERVER[6]: Checking against Object 4000000002
[INFO] PDC_SERVER[6]: Checking against Object 5000000000
[INFO] PDC_SERVER[6]: Object 8000000000 NOT found in cache
[INFO] PDC_SERVER[6]: Fetching region from server for obj_id=8000000000
[INFO] PDC_SERVER[0]: Fetching region for obj_id=8000000000
[INFO] PDC_SERVER[0]: Checking against Object 2000000000
[INFO] PDC_SERVER[0]: Checking against Object 3000000000
[INFO] PDC_SERVER[0]: Checking against Object 4000000000
[INFO] PDC_SERVER[0]: Checking against Object 3000000002
[INFO] PDC_SERVER[0]: Checking against Object 4000000002
[INFO] PDC_SERVER[0]: Checking against Object 5000000000
[INFO] PDC_SERVER[0]: Object 8000000000 NOT found in cache
[INFO] PDC_SERVER[0]: Fetching region from server for obj_id=8000000000
[13:36:41.196281] [WARNING] [pdc_tf_server.c:393] PDC_SERVER[1]: SCHED: setting CUDA device to 0 for edge 0 func=zfp_decompress
[13:36:41.196305] [WARNING] [pdc_tf_server.c:401] PDC_SERVER[1]: SCHED: executing edge 0 func=zfp_decompress dev=GPU
[INFO] PDC_SERVER[5]: Fetching region for obj_id=8000000000
[INFO] PDC_SERVER[5]: Checking against Object 2000000000
[INFO] PDC_SERVER[5]: Checking against Object 3000000000
[INFO] PDC_SERVER[5]: Checking against Object 4000000000
[INFO] PDC_SERVER[5]: Checking against Object 3000000002
[INFO] PDC_SERVER[5]: Checking against Object 4000000002
[INFO] PDC_SERVER[5]: Checking against Object 5000000000
[INFO] PDC_SERVER[5]: Object 8000000000 NOT found in cache
[INFO] PDC_SERVER[5]: Fetching region from server for obj_id=8000000000
[13:36:41.198284] [WARNING] [pdc_tf_server.c:475] PDC_SERVER[2]: SCHED: done running transformations
[13:36:41.199299] [WARNING] [pdc_tf_server.c:475] PDC_SERVER[4]: SCHED: done running transformations
[13:36:41.199806] [WARNING] [pdc_tf_server.c:393] PDC_SERVER[3]: SCHED: setting CUDA device to 0 for edge 0 func=zfp_decompress
[13:36:41.199826] [WARNING] [pdc_tf_server.c:401] PDC_SERVER[3]: SCHED: executing edge 0 func=zfp_decompress dev=GPU
[13:36:41.200018] [WARNING] [pdc_tf_server.c:475] PDC_SERVER[7]: SCHED: done running transformations
[INFO] PDC_SERVER[2]: Fetching region for obj_id=8000000000
[INFO] PDC_SERVER[2]: Checking against Object 2000000000
[INFO] PDC_SERVER[2]: Checking against Object 3000000000
[INFO] PDC_SERVER[2]: Checking against Object 4000000000
[INFO] PDC_SERVER[2]: Checking against Object 3000000002
[INFO] PDC_SERVER[2]: Checking against Object 4000000002
[INFO] PDC_SERVER[2]: Checking against Object 5000000000
[INFO] PDC_SERVER[2]: Object 8000000000 NOT found in cache
[INFO] PDC_SERVER[2]: Fetching region from server for obj_id=8000000000
[INFO] PDC_SERVER[4]: Fetching region for obj_id=8000000000
[INFO] PDC_SERVER[4]: Checking against Object 2000000000
[INFO] PDC_SERVER[4]: Checking against Object 3000000000
[INFO] PDC_SERVER[4]: Checking against Object 4000000000
[INFO] PDC_SERVER[4]: Checking against Object 3000000002
[INFO] PDC_SERVER[4]: Checking against Object 4000000002
[INFO] PDC_SERVER[4]: Checking against Object 5000000000
[INFO] PDC_SERVER[4]: Object 8000000000 NOT found in cache
[INFO] PDC_SERVER[4]: Fetching region from server for obj_id=8000000000
[INFO] PDC_SERVER[7]: Fetching region for obj_id=8000000000
[INFO] PDC_SERVER[7]: Checking against Object 2000000000
[INFO] PDC_SERVER[7]: Checking against Object 3000000000
[INFO] PDC_SERVER[7]: Checking against Object 4000000000
[INFO] PDC_SERVER[7]: Checking against Object 3000000002
[INFO] PDC_SERVER[7]: Checking against Object 4000000002
[INFO] PDC_SERVER[7]: Checking against Object 5000000000
[INFO] PDC_SERVER[7]: Object 8000000000 NOT found in cache
[INFO] PDC_SERVER[7]: Fetching region from server for obj_id=8000000000
[13:36:41.208154] [WARNING] [pdc_tf_server.c:475] PDC_SERVER[1]: SCHED: done running transformations
[13:36:41.208237] [WARNING] [pdc_tf_server.c:475] PDC_SERVER[3]: SCHED: done running transformations
[13:36:41.210587] [WARNING] [pdc_tf_server.c:393] PDC_SERVER[6]: SCHED: setting CUDA device to 0 for edge 0 func=zfp_decompress
[13:36:41.210602] [WARNING] [pdc_tf_server.c:401] PDC_SERVER[6]: SCHED: executing edge 0 func=zfp_decompress dev=GPU
[INFO] PDC_SERVER[0]: Executing graph with json filepath /pscratch/sd/n/nlewi26/src/work_space/source/pdc/tf_client/graphs/zfp_gpu.json
[13:36:41.212031] [WARNING] [pdc_tf_server.c:393] PDC_SERVER[0]: SCHED: setting CUDA device to 0 for edge 0 func=zfp_decompress
[13:36:41.212040] [WARNING] [pdc_tf_server.c:401] PDC_SERVER[0]: SCHED: executing edge 0 func=zfp_decompress dev=GPU
[INFO] PDC_SERVER[3]: Fetching region for obj_id=8000000000
[INFO] PDC_SERVER[3]: Checking against Object 2000000000
[INFO] PDC_SERVER[3]: Checking against Object 3000000000
[INFO] PDC_SERVER[3]: Checking against Object 4000000000
[INFO] PDC_SERVER[3]: Checking against Object 3000000002
[INFO] PDC_SERVER[3]: Checking against Object 4000000002
[INFO] PDC_SERVER[3]: Checking against Object 5000000000
[INFO] PDC_SERVER[3]: Object 8000000000 NOT found in cache
[INFO] PDC_SERVER[3]: Fetching region from server for obj_id=8000000000
[INFO] PDC_SERVER[1]: Fetching region for obj_id=8000000000
[INFO] PDC_SERVER[1]: Checking against Object 2000000000
[INFO] PDC_SERVER[1]: Checking against Object 3000000000
[INFO] PDC_SERVER[1]: Checking against Object 4000000000
[INFO] PDC_SERVER[1]: Checking against Object 3000000002
[INFO] PDC_SERVER[1]: Checking against Object 4000000002
[INFO] PDC_SERVER[1]: Checking against Object 5000000000
[INFO] PDC_SERVER[1]: Object 8000000000 NOT found in cache
[INFO] PDC_SERVER[1]: Fetching region from server for obj_id=8000000000
[13:36:41.220249] [WARNING] [pdc_tf_server.c:393] PDC_SERVER[5]: SCHED: setting CUDA device to 0 for edge 0 func=zfp_decompress
[13:36:41.220274] [WARNING] [pdc_tf_server.c:401] PDC_SERVER[5]: SCHED: executing edge 0 func=zfp_decompress dev=GPU
[13:36:41.220441] [WARNING] [pdc_tf_server.c:393] PDC_SERVER[2]: SCHED: setting CUDA device to 0 for edge 0 func=zfp_decompress
[13:36:41.220464] [WARNING] [pdc_tf_server.c:401] PDC_SERVER[2]: SCHED: executing edge 0 func=zfp_decompress dev=GPU
[13:36:41.220662] [WARNING] [pdc_tf_server.c:475] PDC_SERVER[0]: SCHED: done running transformations
[13:36:41.221209] [WARNING] [pdc_tf_server.c:393] PDC_SERVER[4]: SCHED: setting CUDA device to 0 for edge 0 func=zfp_decompress
[13:36:41.221234] [WARNING] [pdc_tf_server.c:401] PDC_SERVER[4]: SCHED: executing edge 0 func=zfp_decompress dev=GPU
[13:36:41.222068] [WARNING] [pdc_tf_server.c:393] PDC_SERVER[7]: SCHED: setting CUDA device to 0 for edge 0 func=zfp_decompress
[13:36:41.222087] [WARNING] [pdc_tf_server.c:401] PDC_SERVER[7]: SCHED: executing edge 0 func=zfp_decompress dev=GPU
[INFO] PDC_SERVER[0]: Fetching region for obj_id=8000000000
[INFO] PDC_SERVER[0]: Checking against Object 2000000000
[INFO] PDC_SERVER[0]: Checking against Object 3000000000
[INFO] PDC_SERVER[0]: Checking against Object 4000000000
[INFO] PDC_SERVER[0]: Checking against Object 3000000002
[INFO] PDC_SERVER[0]: Checking against Object 4000000002
[INFO] PDC_SERVER[0]: Checking against Object 5000000000
[INFO] PDC_SERVER[0]: Object 8000000000 NOT found in cache
[INFO] PDC_SERVER[0]: Fetching region from server for obj_id=8000000000
[13:36:41.229414] [WARNING] [pdc_tf_server.c:393] PDC_SERVER[3]: SCHED: setting CUDA device to 0 for edge 0 func=zfp_decompress
[13:36:41.229438] [WARNING] [pdc_tf_server.c:401] PDC_SERVER[3]: SCHED: executing edge 0 func=zfp_decompress dev=GPU
[13:36:41.230068] [WARNING] [pdc_tf_server.c:475] PDC_SERVER[2]: SCHED: done running transformations
[INFO] PDC_SERVER[2]: Fetching region for obj_id=8000000000
[INFO] PDC_SERVER[2]: Checking against Object 2000000000
[INFO] PDC_SERVER[2]: Checking against Object 3000000000
[INFO] PDC_SERVER[2]: Checking against Object 4000000000
[INFO] PDC_SERVER[2]: Checking against Object 3000000002
[INFO] PDC_SERVER[2]: Checking against Object 4000000002
[INFO] PDC_SERVER[2]: Checking against Object 5000000000
[INFO] PDC_SERVER[2]: Object 8000000000 NOT found in cache
[INFO] PDC_SERVER[2]: Fetching region from server for obj_id=8000000000
[13:36:41.236969] [WARNING] [pdc_tf_server.c:393] PDC_SERVER[1]: SCHED: setting CUDA device to 0 for edge 0 func=zfp_decompress
[13:36:41.236995] [WARNING] [pdc_tf_server.c:401] PDC_SERVER[1]: SCHED: executing edge 0 func=zfp_decompress dev=GPU
[13:36:41.238563] [WARNING] [pdc_tf_server.c:475] PDC_SERVER[3]: SCHED: done running transformations
[INFO] PDC_SERVER[3]: Fetching region for obj_id=8000000000
[INFO] PDC_SERVER[3]: Checking against Object 2000000000
[INFO] PDC_SERVER[0]: Executing graph with json filepath /pscratch/sd/n/nlewi26/src/work_space/source/pdc/tf_client/graphs/zfp_gpu.json
[INFO] PDC_SERVER[3]: Checking against Object 3000000000
[INFO] PDC_SERVER[3]: Checking against Object 4000000000
[INFO] PDC_SERVER[3]: Checking against Object 3000000002
[INFO] PDC_SERVER[3]: Checking against Object 4000000002
[INFO] PDC_SERVER[3]: Checking against Object 5000000000
[INFO] PDC_SERVER[3]: Object 8000000000 NOT found in cache
[13:36:41.243610] [WARNING] [pdc_tf_server.c:393] PDC_SERVER[0]: SCHED: setting CUDA device to 0 for edge 0 func=zfp_decompress
[13:36:41.243619] [WARNING] [pdc_tf_server.c:401] PDC_SERVER[0]: SCHED: executing edge 0 func=zfp_decompress dev=GPU
[INFO] PDC_SERVER[3]: Fetching region from server for obj_id=8000000000
[13:36:41.248018] [WARNING] [pdc_tf_server.c:475] PDC_SERVER[6]: SCHED: done running transformations
[13:36:41.248332] [WARNING] [pdc_tf_server.c:475] PDC_SERVER[1]: SCHED: done running transformations
[13:36:41.251018] [WARNING] [pdc_tf_server.c:393] PDC_SERVER[2]: SCHED: setting CUDA device to 0 for edge 0 func=zfp_decompress
[13:36:41.251041] [WARNING] [pdc_tf_server.c:401] PDC_SERVER[2]: SCHED: executing edge 0 func=zfp_decompress dev=GPU
[13:36:41.252273] [WARNING] [pdc_tf_server.c:475] PDC_SERVER[4]: SCHED: done running transformations
[13:36:41.252380] [WARNING] [pdc_tf_server.c:475] PDC_SERVER[5]: SCHED: done running transformations
[13:36:41.252508] [WARNING] [pdc_tf_server.c:475] PDC_SERVER[0]: SCHED: done running transformations
[INFO] PDC_SERVER[6]: Fetching region for obj_id=8000000000
[INFO] PDC_SERVER[6]: Checking against Object 2000000000
[INFO] PDC_SERVER[6]: Checking against Object 3000000000
[INFO] PDC_SERVER[6]: Checking against Object 4000000000
[INFO] PDC_SERVER[6]: Checking against Object 3000000002
[INFO] PDC_SERVER[6]: Checking against Object 4000000002
[INFO] PDC_SERVER[6]: Checking against Object 5000000000
[INFO] PDC_SERVER[6]: Object 8000000000 NOT found in cache
[INFO] PDC_SERVER[6]: Fetching region from server for obj_id=8000000000
[INFO] PDC_SERVER[1]: Fetching region for obj_id=8000000000
[INFO] PDC_SERVER[1]: Checking against Object 2000000000
[INFO] PDC_SERVER[1]: Checking against Object 3000000000
[INFO] PDC_SERVER[1]: Checking against Object 4000000000
[INFO] PDC_SERVER[1]: Checking against Object 3000000002
[INFO] PDC_SERVER[1]: Checking against Object 4000000002
[INFO] PDC_SERVER[1]: Checking against Object 5000000000
[INFO] PDC_SERVER[1]: Object 8000000000 NOT found in cache
[INFO] PDC_SERVER[1]: Fetching region from server for obj_id=8000000000
[13:36:41.255309] [WARNING] [pdc_tf_server.c:475] PDC_SERVER[7]: SCHED: done running transformations
[INFO] PDC_SERVER[4]: Fetching region for obj_id=8000000000
[INFO] PDC_SERVER[4]: Checking against Object 2000000000
[INFO] PDC_SERVER[4]: Checking against Object 3000000000
[INFO] PDC_SERVER[4]: Checking against Object 4000000000
[INFO] PDC_SERVER[4]: Checking against Object 3000000002
[INFO] PDC_SERVER[4]: Checking against Object 4000000002
[INFO] PDC_SERVER[4]: Checking against Object 5000000000
[INFO] PDC_SERVER[4]: Object 8000000000 NOT found in cache
[INFO] PDC_SERVER[4]: Fetching region from server for obj_id=8000000000
[INFO] PDC_SERVER[5]: Fetching region for obj_id=8000000000
[INFO] PDC_SERVER[5]: Checking against Object 2000000000
[INFO] PDC_SERVER[5]: Checking against Object 3000000000
[INFO] PDC_SERVER[5]: Checking against Object 4000000000
[INFO] PDC_SERVER[5]: Checking against Object 3000000002
[INFO] PDC_SERVER[5]: Checking against Object 4000000002
[INFO] PDC_SERVER[5]: Checking against Object 5000000000
[INFO] PDC_SERVER[5]: Object 8000000000 NOT found in cache
[INFO] PDC_SERVER[5]: Fetching region from server for obj_id=8000000000
[INFO] PDC_SERVER[0]: Fetching region for obj_id=8000000000
[INFO] PDC_SERVER[0]: Checking against Object 2000000000
[INFO] PDC_SERVER[0]: Checking against Object 3000000000
[INFO] PDC_SERVER[0]: Checking against Object 4000000000
[INFO] PDC_SERVER[0]: Checking against Object 3000000002
[INFO] PDC_SERVER[0]: Checking against Object 4000000002
[INFO] PDC_SERVER[0]: Checking against Object 5000000000
[INFO] PDC_SERVER[0]: Object 8000000000 NOT found in cache
[INFO] PDC_SERVER[0]: Fetching region from server for obj_id=8000000000
[13:36:41.259521] [WARNING] [pdc_tf_server.c:393] PDC_SERVER[3]: SCHED: setting CUDA device to 0 for edge 0 func=zfp_decompress
[13:36:41.259539] [WARNING] [pdc_tf_server.c:401] PDC_SERVER[3]: SCHED: executing edge 0 func=zfp_decompress dev=GPU
[INFO] PDC_SERVER[7]: Fetching region for obj_id=8000000000
[INFO] PDC_SERVER[7]: Checking against Object 2000000000
[INFO] PDC_SERVER[7]: Checking against Object 3000000000
[INFO] PDC_SERVER[7]: Checking against Object 4000000000
[INFO] PDC_SERVER[7]: Checking against Object 3000000002
[INFO] PDC_SERVER[7]: Checking against Object 4000000002
[INFO] PDC_SERVER[7]: Checking against Object 5000000000
[INFO] PDC_SERVER[7]: Object 8000000000 NOT found in cache
[INFO] PDC_SERVER[7]: Fetching region from server for obj_id=8000000000
[13:36:41.263870] [WARNING] [pdc_tf_server.c:475] PDC_SERVER[2]: SCHED: done running transformations
[INFO] PDC_SERVER[2]: Fetching region for obj_id=8000000000
[INFO] PDC_SERVER[2]: Checking against Object 2000000000
[INFO] PDC_SERVER[2]: Checking against Object 3000000000
[INFO] PDC_SERVER[2]: Checking against Object 4000000000
[INFO] PDC_SERVER[2]: Checking against Object 3000000002
[INFO] PDC_SERVER[2]: Checking against Object 4000000002
[INFO] PDC_SERVER[2]: Checking against Object 5000000000
[INFO] PDC_SERVER[2]: Object 8000000000 NOT found in cache
[INFO] PDC_SERVER[2]: Fetching region from server for obj_id=8000000000
[13:36:41.271753] [WARNING] [pdc_tf_server.c:475] PDC_SERVER[3]: SCHED: done running transformations
[13:36:41.273262] [WARNING] [pdc_tf_server.c:393] PDC_SERVER[4]: SCHED: setting CUDA device to 0 for edge 0 func=zfp_decompress
[13:36:41.273286] [WARNING] [pdc_tf_server.c:401] PDC_SERVER[4]: SCHED: executing edge 0 func=zfp_decompress dev=GPU
[INFO] PDC_SERVER[0]: Executing graph with json filepath /pscratch/sd/n/nlewi26/src/work_space/source/pdc/tf_client/graphs/zfp_gpu.json
[13:36:41.276090] [WARNING] [pdc_tf_server.c:393] PDC_SERVER[0]: SCHED: setting CUDA device to 0 for edge 0 func=zfp_decompress
[13:36:41.276105] [WARNING] [pdc_tf_server.c:401] PDC_SERVER[0]: SCHED: executing edge 0 func=zfp_decompress dev=GPU
[13:36:41.277683] [WARNING] [pdc_tf_server.c:393] PDC_SERVER[1]: SCHED: setting CUDA device to 0 for edge 0 func=zfp_decompress
[13:36:41.277707] [WARNING] [pdc_tf_server.c:401] PDC_SERVER[1]: SCHED: executing edge 0 func=zfp_decompress dev=GPU
[INFO] PDC_SERVER[3]: Fetching region for obj_id=8000000000
[INFO] PDC_SERVER[3]: Checking against Object 2000000000
[INFO] PDC_SERVER[3]: Checking against Object 3000000000
[INFO] PDC_SERVER[3]: Checking against Object 4000000000
[INFO] PDC_SERVER[3]: Checking against Object 3000000002
[INFO] PDC_SERVER[3]: Checking against Object 4000000002
[INFO] PDC_SERVER[3]: Checking against Object 5000000000
[INFO] PDC_SERVER[3]: Object 8000000000 NOT found in cache
[INFO] PDC_SERVER[3]: Fetching region from server for obj_id=8000000000
[13:36:41.282270] [WARNING] [pdc_tf_server.c:393] PDC_SERVER[5]: SCHED: setting CUDA device to 0 for edge 0 func=zfp_decompress
[13:36:41.282292] [WARNING] [pdc_tf_server.c:401] PDC_SERVER[5]: SCHED: executing edge 0 func=zfp_decompress dev=GPU
[13:36:41.283741] [WARNING] [pdc_tf_server.c:393] PDC_SERVER[6]: SCHED: setting CUDA device to 0 for edge 0 func=zfp_decompress
[13:36:41.283770] [WARNING] [pdc_tf_server.c:401] PDC_SERVER[6]: SCHED: executing edge 0 func=zfp_decompress dev=GPU
[13:36:41.285477] [WARNING] [pdc_tf_server.c:393] PDC_SERVER[2]: SCHED: setting CUDA device to 0 for edge 0 func=zfp_decompress
[13:36:41.285501] [WARNING] [pdc_tf_server.c:401] PDC_SERVER[2]: SCHED: executing edge 0 func=zfp_decompress dev=GPU
[13:36:41.288830] [WARNING] [pdc_tf_server.c:393] PDC_SERVER[7]: SCHED: setting CUDA device to 0 for edge 0 func=zfp_decompress
[13:36:41.288852] [WARNING] [pdc_tf_server.c:401] PDC_SERVER[7]: SCHED: executing edge 0 func=zfp_decompress dev=GPU
[13:36:41.290737] [WARNING] [pdc_tf_server.c:475] PDC_SERVER[4]: SCHED: done running transformations
[13:36:41.295254] [WARNING] [pdc_tf_server.c:393] PDC_SERVER[3]: SCHED: setting CUDA device to 0 for edge 0 func=zfp_decompress
[13:36:41.295275] [WARNING] [pdc_tf_server.c:401] PDC_SERVER[3]: SCHED: executing edge 0 func=zfp_decompress dev=GPU
[INFO] PDC_SERVER[4]: Fetching region for obj_id=8000000000
[INFO] PDC_SERVER[4]: Checking against Object 2000000000
[INFO] PDC_SERVER[4]: Checking against Object 3000000000
[INFO] PDC_SERVER[4]: Checking against Object 4000000000
[INFO] PDC_SERVER[4]: Checking against Object 3000000002
[INFO] PDC_SERVER[4]: Checking against Object 4000000002
[INFO] PDC_SERVER[4]: Checking against Object 5000000000
[INFO] PDC_SERVER[4]: Object 8000000000 NOT found in cache
[INFO] PDC_SERVER[4]: Fetching region from server for obj_id=8000000000
[13:36:41.303022] [WARNING] [pdc_tf_server.c:475] PDC_SERVER[0]: SCHED: done running transformations
[13:36:41.303794] [WARNING] [pdc_tf_server.c:475] PDC_SERVER[5]: SCHED: done running transformations
[13:36:41.306749] [WARNING] [pdc_tf_server.c:475] PDC_SERVER[7]: SCHED: done running transformations
[13:36:41.307192] [WARNING] [pdc_tf_server.c:475] PDC_SERVER[1]: SCHED: done running transformations
[INFO] PDC_SERVER[5]: Fetching region for obj_id=8000000000
[INFO] PDC_SERVER[5]: Checking against Object 2000000000
[INFO] PDC_SERVER[5]: Checking against Object 3000000000
[INFO] PDC_SERVER[5]: Checking against Object 4000000000
[INFO] PDC_SERVER[5]: Checking against Object 3000000002
[INFO] PDC_SERVER[5]: Checking against Object 4000000002
[INFO] PDC_SERVER[5]: Checking against Object 5000000000
[INFO] PDC_SERVER[5]: Object 8000000000 NOT found in cache
[INFO] PDC_SERVER[5]: Fetching region from server for obj_id=8000000000
[13:36:41.309682] [WARNING] [pdc_tf_server.c:475] PDC_SERVER[6]: SCHED: done running transformations
[INFO] PDC_SERVER[0]: Fetching region for obj_id=8000000000
[INFO] PDC_SERVER[0]: Checking against Object 2000000000
[INFO] PDC_SERVER[0]: Checking against Object 3000000000
[INFO] PDC_SERVER[0]: Checking against Object 4000000000
[INFO] PDC_SERVER[0]: Checking against Object 3000000002
[INFO] PDC_SERVER[0]: Checking against Object 4000000002
[INFO] PDC_SERVER[0]: Checking against Object 5000000000
[INFO] PDC_SERVER[0]: Object 8000000000 NOT found in cache
[INFO] PDC_SERVER[0]: Fetching region from server for obj_id=8000000000
[INFO] PDC_SERVER[7]: Fetching region for obj_id=8000000000
[INFO] PDC_SERVER[7]: Checking against Object 2000000000
[INFO] PDC_SERVER[7]: Checking against Object 3000000000
[INFO] PDC_SERVER[7]: Checking against Object 4000000000
[INFO] PDC_SERVER[7]: Checking against Object 3000000002
[INFO] PDC_SERVER[7]: Checking against Object 4000000002
[INFO] PDC_SERVER[7]: Checking against Object 5000000000
[INFO] PDC_SERVER[7]: Object 8000000000 NOT found in cache
[INFO] PDC_SERVER[7]: Fetching region from server for obj_id=8000000000
[13:36:41.312272] [WARNING] [pdc_tf_server.c:475] PDC_SERVER[2]: SCHED: done running transformations
[13:36:41.312412] [WARNING] [pdc_tf_server.c:393] PDC_SERVER[4]: SCHED: setting CUDA device to 0 for edge 0 func=zfp_decompress
[13:36:41.312432] [WARNING] [pdc_tf_server.c:401] PDC_SERVER[4]: SCHED: executing edge 0 func=zfp_decompress dev=GPU
[INFO] PDC_SERVER[1]: Fetching region for obj_id=8000000000
[INFO] PDC_SERVER[1]: Checking against Object 2000000000
[INFO] PDC_SERVER[1]: Checking against Object 3000000000
[INFO] PDC_SERVER[1]: Checking against Object 4000000000
[INFO] PDC_SERVER[1]: Checking against Object 3000000002
[INFO] PDC_SERVER[1]: Checking against Object 4000000002
[INFO] PDC_SERVER[1]: Checking against Object 5000000000
[INFO] PDC_SERVER[1]: Object 8000000000 NOT found in cache
[INFO] PDC_SERVER[1]: Fetching region from server for obj_id=8000000000
[INFO] PDC_SERVER[6]: Fetching region for obj_id=8000000000
[INFO] PDC_SERVER[6]: Checking against Object 2000000000
[INFO] PDC_SERVER[6]: Checking against Object 3000000000
[INFO] PDC_SERVER[6]: Checking against Object 4000000000
[INFO] PDC_SERVER[6]: Checking against Object 3000000002
[INFO] PDC_SERVER[6]: Checking against Object 4000000002
[INFO] PDC_SERVER[6]: Checking against Object 5000000000
[INFO] PDC_SERVER[6]: Object 8000000000 NOT found in cache
[INFO] PDC_SERVER[6]: Fetching region from server for obj_id=8000000000
[INFO] PDC_SERVER[2]: Fetching region for obj_id=8000000000
[INFO] PDC_SERVER[2]: Checking against Object 2000000000
[INFO] PDC_SERVER[2]: Checking against Object 3000000000
[INFO] PDC_SERVER[2]: Checking against Object 4000000000
[INFO] PDC_SERVER[2]: Checking against Object 3000000002
[INFO] PDC_SERVER[2]: Checking against Object 4000000002
[INFO] PDC_SERVER[2]: Checking against Object 5000000000
[INFO] PDC_SERVER[2]: Object 8000000000 NOT found in cache
[INFO] PDC_SERVER[2]: Fetching region from server for obj_id=8000000000
[13:36:41.318446] [WARNING] [pdc_tf_server.c:475] PDC_SERVER[3]: SCHED: done running transformations
[INFO] PDC_SERVER[3]: Fetching region for obj_id=8000000000
[INFO] PDC_SERVER[3]: Checking against Object 2000000000
[INFO] PDC_SERVER[3]: Checking against Object 3000000000
[INFO] PDC_SERVER[3]: Checking against Object 4000000000
[INFO] PDC_SERVER[3]: Checking against Object 3000000002
[INFO] PDC_SERVER[3]: Checking against Object 4000000002
[INFO] PDC_SERVER[3]: Checking against Object 5000000000
[INFO] PDC_SERVER[3]: Object 8000000000 NOT found in cache
[INFO] PDC_SERVER[3]: Fetching region from server for obj_id=8000000000
[INFO] PDC_SERVER[0]: Executing graph with json filepath /pscratch/sd/n/nlewi26/src/work_space/source/pdc/tf_client/graphs/zfp_gpu.json
[13:36:41.326508] [WARNING] [pdc_tf_server.c:393] PDC_SERVER[0]: SCHED: setting CUDA device to 0 for edge 0 func=zfp_decompress
[13:36:41.326518] [WARNING] [pdc_tf_server.c:401] PDC_SERVER[0]: SCHED: executing edge 0 func=zfp_decompress dev=GPU
[13:36:41.327190] [WARNING] [pdc_tf_server.c:393] PDC_SERVER[7]: SCHED: setting CUDA device to 0 for edge 0 func=zfp_decompress
[13:36:41.327205] [WARNING] [pdc_tf_server.c:401] PDC_SERVER[7]: SCHED: executing edge 0 func=zfp_decompress dev=GPU
[13:36:41.332519] [WARNING] [pdc_tf_server.c:393] PDC_SERVER[5]: SCHED: setting CUDA device to 0 for edge 0 func=zfp_decompress
[13:36:41.332538] [WARNING] [pdc_tf_server.c:401] PDC_SERVER[5]: SCHED: executing edge 0 func=zfp_decompress dev=GPU
[13:36:41.336373] [WARNING] [pdc_tf_server.c:393] PDC_SERVER[1]: SCHED: setting CUDA device to 0 for edge 0 func=zfp_decompress
[13:36:41.336395] [WARNING] [pdc_tf_server.c:401] PDC_SERVER[1]: SCHED: executing edge 0 func=zfp_decompress dev=GPU
[13:36:41.337702] [WARNING] [pdc_tf_server.c:475] PDC_SERVER[4]: SCHED: done running transformations
[13:36:41.339042] [WARNING] [pdc_tf_server.c:393] PDC_SERVER[2]: SCHED: setting CUDA device to 0 for edge 0 func=zfp_decompress
[13:36:41.339066] [WARNING] [pdc_tf_server.c:401] PDC_SERVER[2]: SCHED: executing edge 0 func=zfp_decompress dev=GPU
[13:36:41.339504] [WARNING] [pdc_tf_server.c:393] PDC_SERVER[6]: SCHED: setting CUDA device to 0 for edge 0 func=zfp_decompress
[13:36:41.339524] [WARNING] [pdc_tf_server.c:401] PDC_SERVER[6]: SCHED: executing edge 0 func=zfp_decompress dev=GPU
[INFO] PDC_SERVER[4]: Fetching region for obj_id=8000000000
[INFO] PDC_SERVER[4]: Checking against Object 2000000000
[INFO] PDC_SERVER[4]: Checking against Object 3000000000
[INFO] PDC_SERVER[4]: Checking against Object 4000000000
[INFO] PDC_SERVER[4]: Checking against Object 3000000002
[INFO] PDC_SERVER[4]: Checking against Object 4000000002
[INFO] PDC_SERVER[4]: Checking against Object 5000000000
[INFO] PDC_SERVER[4]: Object 8000000000 NOT found in cache
[INFO] PDC_SERVER[4]: Fetching region from server for obj_id=8000000000
[13:36:41.345336] [WARNING] [pdc_tf_server.c:475] PDC_SERVER[0]: SCHED: done running transformations
[13:36:41.345457] [WARNING] [pdc_tf_server.c:393] PDC_SERVER[3]: SCHED: setting CUDA device to 0 for edge 0 func=zfp_decompress
[13:36:41.345478] [WARNING] [pdc_tf_server.c:401] PDC_SERVER[3]: SCHED: executing edge 0 func=zfp_decompress dev=GPU
[13:36:41.346949] [WARNING] [pdc_tf_server.c:475] PDC_SERVER[7]: SCHED: done running transformations
[13:36:41.348323] [WARNING] [pdc_tf_server.c:475] PDC_SERVER[5]: SCHED: done running transformations
[INFO] PDC_SERVER[7]: Fetching region for obj_id=8000000000
[INFO] PDC_SERVER[7]: Checking against Object 2000000000
[INFO] PDC_SERVER[7]: Checking against Object 3000000000
[INFO] PDC_SERVER[7]: Checking against Object 4000000000
[INFO] PDC_SERVER[7]: Checking against Object 3000000002
[INFO] PDC_SERVER[7]: Checking against Object 4000000002
[INFO] PDC_SERVER[7]: Checking against Object 5000000000
[INFO] PDC_SERVER[7]: Object 8000000000 NOT found in cache
[INFO] PDC_SERVER[7]: Fetching region from server for obj_id=8000000000
[13:36:41.354606] [WARNING] [pdc_tf_server.c:475] PDC_SERVER[6]: SCHED: done running transformations
[INFO] PDC_SERVER[5]: Fetching region for obj_id=8000000000
[INFO] PDC_SERVER[5]: Checking against Object 2000000000
[INFO] PDC_SERVER[5]: Checking against Object 3000000000
[INFO] PDC_SERVER[5]: Checking against Object 4000000000
[INFO] PDC_SERVER[5]: Checking against Object 3000000002
[INFO] PDC_SERVER[5]: Checking against Object 4000000002
[INFO] PDC_SERVER[5]: Checking against Object 5000000000
[INFO] PDC_SERVER[5]: Object 8000000000 NOT found in cache
[INFO] PDC_SERVER[5]: Fetching region from server for obj_id=8000000000
[13:36:41.356559] [WARNING] [pdc_tf_server.c:475] PDC_SERVER[1]: SCHED: done running transformations
[13:36:41.360799] [WARNING] [pdc_tf_server.c:475] PDC_SERVER[2]: SCHED: done running transformations
[INFO] PDC_SERVER[6]: Fetching region for obj_id=8000000000
[INFO] PDC_SERVER[6]: Checking against Object 2000000000
[INFO] PDC_SERVER[6]: Checking against Object 3000000000
[INFO] PDC_SERVER[6]: Checking against Object 4000000000
[INFO] PDC_SERVER[6]: Checking against Object 3000000002
[INFO] PDC_SERVER[6]: Checking against Object 4000000002
[INFO] PDC_SERVER[6]: Checking against Object 5000000000
[INFO] PDC_SERVER[6]: Object 8000000000 NOT found in cache
[INFO] PDC_SERVER[6]: Fetching region from server for obj_id=8000000000
[13:36:41.362031] [WARNING] [pdc_tf_server.c:393] PDC_SERVER[4]: SCHED: setting CUDA device to 0 for edge 0 func=zfp_decompress
[13:36:41.362051] [WARNING] [pdc_tf_server.c:401] PDC_SERVER[4]: SCHED: executing edge 0 func=zfp_decompress dev=GPU
[13:36:41.363598] [WARNING] [pdc_tf_server.c:475] PDC_SERVER[3]: SCHED: done running transformations
[INFO] PDC_SERVER[1]: Fetching region for obj_id=8000000000
[INFO] PDC_SERVER[1]: Checking against Object 2000000000
[INFO] PDC_SERVER[1]: Checking against Object 3000000000
[INFO] PDC_SERVER[1]: Checking against Object 4000000000
[INFO] PDC_SERVER[1]: Checking against Object 3000000002
[INFO] PDC_SERVER[1]: Checking against Object 4000000002
[INFO] PDC_SERVER[1]: Checking against Object 5000000000
[INFO] PDC_SERVER[1]: Object 8000000000 NOT found in cache
[INFO] PDC_SERVER[1]: Fetching region from server for obj_id=8000000000
[13:36:41.371275] [WARNING] [pdc_tf_server.c:393] PDC_SERVER[7]: SCHED: setting CUDA device to 0 for edge 0 func=zfp_decompress
[13:36:41.371288] [WARNING] [pdc_tf_server.c:401] PDC_SERVER[7]: SCHED: executing edge 0 func=zfp_decompress dev=GPU
[13:36:41.371556] [WARNING] [pdc_tf_server.c:475] PDC_SERVER[4]: SCHED: done running transformations
[13:36:41.377930] [WARNING] [pdc_tf_server.c:393] PDC_SERVER[5]: SCHED: setting CUDA device to 0 for edge 0 func=zfp_decompress
[13:36:41.377962] [WARNING] [pdc_tf_server.c:401] PDC_SERVER[5]: SCHED: executing edge 0 func=zfp_decompress dev=GPU
[13:36:41.381433] [WARNING] [pdc_tf_server.c:475] PDC_SERVER[7]: SCHED: done running transformations
[13:36:41.384962] [WARNING] [pdc_tf_server.c:393] PDC_SERVER[6]: SCHED: setting CUDA device to 0 for edge 0 func=zfp_decompress
[13:36:41.385039] [WARNING] [pdc_tf_server.c:401] PDC_SERVER[6]: SCHED: executing edge 0 func=zfp_decompress dev=GPU
[13:36:41.391128] [WARNING] [pdc_tf_server.c:475] PDC_SERVER[5]: SCHED: done running transformations
[13:36:41.396903] [WARNING] [pdc_tf_server.c:393] PDC_SERVER[1]: SCHED: setting CUDA device to 0 for edge 0 func=zfp_decompress
[13:36:41.396926] [WARNING] [pdc_tf_server.c:401] PDC_SERVER[1]: SCHED: executing edge 0 func=zfp_decompress dev=GPU
[13:36:41.398677] [WARNING] [pdc_tf_server.c:475] PDC_SERVER[6]: SCHED: done running transformations
[13:36:41.405494] [WARNING] [pdc_tf_server.c:475] PDC_SERVER[1]: SCHED: done running transformations
[INFO] PDC_SERVER[0]: Starting flush for obj_id 4000000004, ndim=3
[13:36:41.572312] [WARNING] [pdc_server_region_cache.c:823] PDC_SERVER[0]: Region mapping lookup took 0.000000 s
[13:36:41.572320] [WARNING] [pdc_server_region_cache.c:828] PDC_SERVER[0]: No region mapping found for obj_id 4000000004
[13:36:41.591257] [WARNING] [pdc_server_region_cache.c:834] PDC_SERVER[0]: Flushed region via POSIX I/O in 0.018928 s
[13:36:41.591268] [WARNING] [pdc_server_region_cache.c:850] PDC_SERVER[0]: [2026-10-07 13:36:41.591265] Flushed 16.00 / 16.00 MB to storage
[INFO] PDC_SERVER[0]: Region flush iteration took 0.018966 s
[INFO] PDC_SERVER[0]: Starting flush for obj_id 4000000004, ndim=3
[13:36:41.601465] [WARNING] [pdc_server_region_cache.c:823] PDC_SERVER[0]: Region mapping lookup took 0.000000 s
[13:36:41.601472] [WARNING] [pdc_server_region_cache.c:828] PDC_SERVER[0]: No region mapping found for obj_id 4000000004
[13:36:41.619805] [WARNING] [pdc_server_region_cache.c:834] PDC_SERVER[0]: Flushed region via POSIX I/O in 0.018328 s
[13:36:41.619830] [WARNING] [pdc_server_region_cache.c:850] PDC_SERVER[0]: [2026-10-07 13:36:41.619827] Flushed 16.00 / 16.00 MB to storage
[INFO] PDC_SERVER[0]: Region flush iteration took 0.018372 s
[INFO] PDC_SERVER[0]: Starting flush for obj_id 4000000004, ndim=3
[13:36:41.621585] [WARNING] [pdc_server_region_cache.c:823] PDC_SERVER[0]: Region mapping lookup took 0.000001 s
[13:36:41.621591] [WARNING] [pdc_server_region_cache.c:828] PDC_SERVER[0]: No region mapping found for obj_id 4000000004
[13:36:41.640609] [WARNING] [pdc_server_region_cache.c:834] PDC_SERVER[0]: Flushed region via POSIX I/O in 0.019008 s
[13:36:41.640625] [WARNING] [pdc_server_region_cache.c:850] PDC_SERVER[0]: [2026-10-07 13:36:41.640622] Flushed 16.00 / 16.00 MB to storage
[INFO] PDC_SERVER[0]: Region flush iteration took 0.019048 s
[INFO] PDC_SERVER[0]: Starting flush for obj_id 4000000004, ndim=3
[13:36:41.642239] [WARNING] [pdc_server_region_cache.c:823] PDC_SERVER[0]: Region mapping lookup took 0.000001 s
[13:36:41.642244] [WARNING] [pdc_server_region_cache.c:828] PDC_SERVER[0]: No region mapping found for obj_id 4000000004
[13:36:41.661001] [WARNING] [pdc_server_region_cache.c:834] PDC_SERVER[0]: Flushed region via POSIX I/O in 0.018749 s
[13:36:41.661011] [WARNING] [pdc_server_region_cache.c:850] PDC_SERVER[0]: [2026-10-07 13:36:41.661008] Flushed 16.00 / 16.00 MB to storage
[INFO] PDC_SERVER[0]: Region flush iteration took 0.018780 s
[INFO] PDC_SERVER[0]: Starting flush for obj_id 4000000004, ndim=3
[13:36:41.662382] [WARNING] [pdc_server_region_cache.c:823] PDC_SERVER[0]: Region mapping lookup took 0.000001 s
[13:36:41.662387] [WARNING] [pdc_server_region_cache.c:828] PDC_SERVER[0]: No region mapping found for obj_id 4000000004
[13:36:41.681481] [WARNING] [pdc_server_region_cache.c:834] PDC_SERVER[0]: Flushed region via POSIX I/O in 0.019085 s
[13:36:41.681492] [WARNING] [pdc_server_region_cache.c:850] PDC_SERVER[0]: [2026-10-07 13:36:41.681489] Flushed 16.00 / 16.00 MB to storage
[INFO] PDC_SERVER[0]: Region flush iteration took 0.019117 s
[INFO] PDC_SERVER[0]: Starting flush for obj_id 4000000004, ndim=3
[13:36:41.691479] [WARNING] [pdc_server_region_cache.c:823] PDC_SERVER[0]: Region mapping lookup took 0.000000 s
[13:36:41.691485] [WARNING] [pdc_server_region_cache.c:828] PDC_SERVER[0]: No region mapping found for obj_id 4000000004
[13:36:41.708425] [WARNING] [pdc_server_region_cache.c:834] PDC_SERVER[0]: Flushed region via POSIX I/O in 0.016935 s
[13:36:41.708442] [WARNING] [pdc_server_region_cache.c:850] PDC_SERVER[0]: [2026-10-07 13:36:41.708439] Flushed 16.00 / 16.00 MB to storage
[INFO] PDC_SERVER[0]: Region flush iteration took 0.016969 s
[INFO] PDC_SERVER[0]: Starting flush for obj_id 4000000004, ndim=3
[13:36:41.710681] [WARNING] [pdc_server_region_cache.c:823] PDC_SERVER[0]: Region mapping lookup took 0.000001 s
[13:36:41.710686] [WARNING] [pdc_server_region_cache.c:828] PDC_SERVER[0]: No region mapping found for obj_id 4000000004
[13:36:41.728497] [WARNING] [pdc_server_region_cache.c:834] PDC_SERVER[0]: Flushed region via POSIX I/O in 0.017803 s
[13:36:41.728507] [WARNING] [pdc_server_region_cache.c:850] PDC_SERVER[0]: [2026-10-07 13:36:41.728504] Flushed 16.00 / 16.00 MB to storage
[INFO] PDC_SERVER[0]: Region flush iteration took 0.017833 s
[INFO] PDC_SERVER[0]: Starting flush for obj_id 4000000004, ndim=3
[13:36:41.729820] [WARNING] [pdc_server_region_cache.c:823] PDC_SERVER[0]: Region mapping lookup took 0.000001 s
[13:36:41.729832] [WARNING] [pdc_server_region_cache.c:828] PDC_SERVER[0]: No region mapping found for obj_id 4000000004
[13:36:41.747617] [WARNING] [pdc_server_region_cache.c:834] PDC_SERVER[0]: Flushed region via POSIX I/O in 0.017774 s
[13:36:41.747633] [WARNING] [pdc_server_region_cache.c:850] PDC_SERVER[0]: [2026-10-07 13:36:41.747629] Flushed 16.00 / 16.00 MB to storage
[INFO] PDC_SERVER[0]: Region flush iteration took 0.017824 s
[INFO] PDC_SERVER[0]: Starting flush for obj_id 5000000002, ndim=3
[13:36:41.756476] [WARNING] [pdc_server_region_cache.c:823] PDC_SERVER[0]: Region mapping lookup took 0.000000 s
[13:36:41.756482] [WARNING] [pdc_server_region_cache.c:828] PDC_SERVER[0]: No region mapping found for obj_id 5000000002
[13:36:41.775257] [WARNING] [pdc_server_region_cache.c:834] PDC_SERVER[0]: Flushed region via POSIX I/O in 0.018766 s
[13:36:41.775267] [WARNING] [pdc_server_region_cache.c:850] PDC_SERVER[0]: [2026-10-07 13:36:41.775264] Flushed 16.00 / 16.00 MB to storage
[INFO] PDC_SERVER[0]: Region flush iteration took 0.018797 s
[INFO] PDC_SERVER[0]: Starting flush for obj_id 5000000002, ndim=3
[13:36:41.776678] [WARNING] [pdc_server_region_cache.c:823] PDC_SERVER[0]: Region mapping lookup took 0.000000 s
[13:36:41.776682] [WARNING] [pdc_server_region_cache.c:828] PDC_SERVER[0]: No region mapping found for obj_id 5000000002
[13:36:41.797889] [WARNING] [pdc_server_region_cache.c:834] PDC_SERVER[0]: Flushed region via POSIX I/O in 0.021197 s
[13:36:41.797901] [WARNING] [pdc_server_region_cache.c:850] PDC_SERVER[0]: [2026-10-07 13:36:41.797898] Flushed 16.00 / 16.00 MB to storage
[INFO] PDC_SERVER[0]: Region flush iteration took 0.021231 s
[INFO] PDC_SERVER[0]: Starting flush for obj_id 5000000002, ndim=3
[13:36:41.799889] [WARNING] [pdc_server_region_cache.c:823] PDC_SERVER[0]: Region mapping lookup took 0.000001 s
[13:36:41.799895] [WARNING] [pdc_server_region_cache.c:828] PDC_SERVER[0]: No region mapping found for obj_id 5000000002
[13:36:41.818151] [WARNING] [pdc_server_region_cache.c:834] PDC_SERVER[0]: Flushed region via POSIX I/O in 0.018247 s
[13:36:41.818163] [WARNING] [pdc_server_region_cache.c:850] PDC_SERVER[0]: [2026-10-07 13:36:41.818159] Flushed 16.00 / 16.00 MB to storage
[INFO] PDC_SERVER[0]: Region flush iteration took 0.018282 s
[INFO] PDC_SERVER[0]: Starting flush for obj_id 5000000002, ndim=3
[13:36:41.820187] [WARNING] [pdc_server_region_cache.c:823] PDC_SERVER[0]: Region mapping lookup took 0.000001 s
[13:36:41.820190] [WARNING] [pdc_server_region_cache.c:828] PDC_SERVER[0]: No region mapping found for obj_id 5000000002
[13:36:41.838242] [WARNING] [pdc_server_region_cache.c:834] PDC_SERVER[0]: Flushed region via POSIX I/O in 0.018048 s
[13:36:41.838255] [WARNING] [pdc_server_region_cache.c:850] PDC_SERVER[0]: [2026-10-07 13:36:41.838253] Flushed 16.00 / 16.00 MB to storage
[INFO] PDC_SERVER[0]: Region flush iteration took 0.018076 s
[INFO] PDC_SERVER[0]: Starting flush for obj_id 5000000002, ndim=3
[13:36:41.846637] [WARNING] [pdc_server_region_cache.c:823] PDC_SERVER[0]: Region mapping lookup took 0.000000 s
[13:36:41.846642] [WARNING] [pdc_server_region_cache.c:828] PDC_SERVER[0]: No region mapping found for obj_id 5000000002
[13:36:41.864438] [WARNING] [pdc_server_region_cache.c:834] PDC_SERVER[0]: Flushed region via POSIX I/O in 0.017792 s
[13:36:41.864447] [WARNING] [pdc_server_region_cache.c:850] PDC_SERVER[0]: [2026-10-07 13:36:41.864445] Flushed 16.00 / 16.00 MB to storage
[INFO] PDC_SERVER[0]: Region flush iteration took 0.017816 s
[INFO] PDC_SERVER[0]: Starting flush for obj_id 5000000002, ndim=3
[13:36:41.866789] [WARNING] [pdc_server_region_cache.c:823] PDC_SERVER[0]: Region mapping lookup took 0.000000 s
[13:36:41.866793] [WARNING] [pdc_server_region_cache.c:828] PDC_SERVER[0]: No region mapping found for obj_id 5000000002
[13:36:41.884136] [WARNING] [pdc_server_region_cache.c:834] PDC_SERVER[0]: Flushed region via POSIX I/O in 0.017335 s
[13:36:41.884149] [WARNING] [pdc_server_region_cache.c:850] PDC_SERVER[0]: [2026-10-07 13:36:41.884146] Flushed 16.00 / 16.00 MB to storage
[INFO] PDC_SERVER[0]: Region flush iteration took 0.017367 s
[INFO] PDC_SERVER[0]: Starting flush for obj_id 5000000002, ndim=3
[13:36:41.886600] [WARNING] [pdc_server_region_cache.c:823] PDC_SERVER[0]: Region mapping lookup took 0.000001 s
[13:36:41.886605] [WARNING] [pdc_server_region_cache.c:828] PDC_SERVER[0]: No region mapping found for obj_id 5000000002
[13:36:41.905009] [WARNING] [pdc_server_region_cache.c:834] PDC_SERVER[0]: Flushed region via POSIX I/O in 0.018396 s
[13:36:41.905020] [WARNING] [pdc_server_region_cache.c:850] PDC_SERVER[0]: [2026-10-07 13:36:41.905017] Flushed 16.00 / 16.00 MB to storage
[INFO] PDC_SERVER[0]: Region flush iteration took 0.018428 s
[INFO] PDC_SERVER[0]: Starting flush for obj_id 5000000002, ndim=3
[13:36:41.915619] [WARNING] [pdc_server_region_cache.c:823] PDC_SERVER[0]: Region mapping lookup took 0.000000 s
[13:36:41.915623] [WARNING] [pdc_server_region_cache.c:828] PDC_SERVER[0]: No region mapping found for obj_id 5000000002
[13:36:41.932470] [WARNING] [pdc_server_region_cache.c:834] PDC_SERVER[0]: Flushed region via POSIX I/O in 0.016842 s
[13:36:41.932481] [WARNING] [pdc_server_region_cache.c:850] PDC_SERVER[0]: [2026-10-07 13:36:41.932479] Flushed 16.00 / 16.00 MB to storage
[INFO] PDC_SERVER[0]: Region flush iteration took 0.016868 s
[INFO] PDC_SERVER[0]: Starting flush for obj_id 6000000000, ndim=3
[13:36:41.933833] [WARNING] [pdc_server_region_cache.c:823] PDC_SERVER[0]: Region mapping lookup took 0.000001 s
[13:36:41.933839] [WARNING] [pdc_server_region_cache.c:828] PDC_SERVER[0]: No region mapping found for obj_id 6000000000
[13:36:42.198257] [WARNING] [pdc_tf_server.c:393] PDC_SERVER[3]: SCHED: setting CUDA device to 0 for edge 0 func=zfp_compress
[13:36:42.198288] [WARNING] [pdc_tf_server.c:401] PDC_SERVER[3]: SCHED: executing edge 0 func=zfp_compress dev=GPU
[INFO] PDC_SERVER[0]: Executing graph with json filepath /pscratch/sd/n/nlewi26/src/work_space/source/pdc/tf_client/graphs/zfp_gpu.json
[13:36:42.204266] [WARNING] [pdc_tf_server.c:393] PDC_SERVER[0]: SCHED: setting CUDA device to 0 for edge 0 func=zfp_compress
[13:36:42.204319] [WARNING] [pdc_tf_server.c:401] PDC_SERVER[0]: SCHED: executing edge 0 func=zfp_compress dev=GPU
[13:36:42.207217] [WARNING] [pdc_tf_server.c:475] PDC_SERVER[3]: SCHED: done running transformations
[13:36:42.217838] [WARNING] [pdc_tf_server.c:475] PDC_SERVER[0]: SCHED: done running transformations
[13:36:42.222028] [WARNING] [pdc_tf_server.c:393] PDC_SERVER[1]: SCHED: setting CUDA device to 0 for edge 0 func=zfp_compress
[13:36:42.222085] [WARNING] [pdc_tf_server.c:401] PDC_SERVER[1]: SCHED: executing edge 0 func=zfp_compress dev=GPU
[13:36:42.223689] [WARNING] [pdc_tf_server.c:393] PDC_SERVER[4]: SCHED: setting CUDA device to 0 for edge 0 func=zfp_compress
[13:36:42.223796] [WARNING] [pdc_tf_server.c:401] PDC_SERVER[4]: SCHED: executing edge 0 func=zfp_compress dev=GPU
[13:36:42.230027] [WARNING] [pdc_tf_server.c:393] PDC_SERVER[2]: SCHED: setting CUDA device to 0 for edge 0 func=zfp_compress
[13:36:42.230054] [WARNING] [pdc_tf_server.c:401] PDC_SERVER[2]: SCHED: executing edge 0 func=zfp_compress dev=GPU
[13:36:42.230629] [WARNING] [pdc_tf_server.c:475] PDC_SERVER[1]: SCHED: done running transformations
[13:36:42.231268] [WARNING] [pdc_tf_server.c:393] PDC_SERVER[7]: SCHED: setting CUDA device to 0 for edge 0 func=zfp_compress
[13:36:42.231324] [WARNING] [pdc_tf_server.c:401] PDC_SERVER[7]: SCHED: executing edge 0 func=zfp_compress dev=GPU
[13:36:42.232298] [WARNING] [pdc_tf_server.c:475] PDC_SERVER[4]: SCHED: done running transformations
[13:36:42.240497] [WARNING] [pdc_tf_server.c:475] PDC_SERVER[2]: SCHED: done running transformations
[13:36:42.240990] [WARNING] [pdc_tf_server.c:475] PDC_SERVER[7]: SCHED: done running transformations
[13:36:42.256610] [WARNING] [pdc_server_region_cache.c:834] PDC_SERVER[0]: Flushed region via POSIX I/O in 0.322760 s
[13:36:42.256624] [WARNING] [pdc_server_region_cache.c:850] PDC_SERVER[0]: [2026-10-07 13:36:42.256621] Flushed 16.00 / 16.00 MB to storage
[INFO] PDC_SERVER[0]: Region flush iteration took 0.322801 s
[INFO] PDC_SERVER[0]: Starting flush for obj_id 6000000000, ndim=3
[13:36:42.258450] [WARNING] [pdc_server_region_cache.c:823] PDC_SERVER[0]: Region mapping lookup took 0.000001 s
[13:36:42.258454] [WARNING] [pdc_server_region_cache.c:828] PDC_SERVER[0]: No region mapping found for obj_id 6000000000
[13:36:42.264546] [WARNING] [pdc_tf_server.c:393] PDC_SERVER[5]: SCHED: setting CUDA device to 0 for edge 0 func=zfp_compress
[13:36:42.264579] [WARNING] [pdc_tf_server.c:401] PDC_SERVER[5]: SCHED: executing edge 0 func=zfp_compress dev=GPU
[13:36:42.272917] [WARNING] [pdc_tf_server.c:475] PDC_SERVER[5]: SCHED: done running transformations
[13:36:42.295607] [WARNING] [pdc_tf_server.c:393] PDC_SERVER[6]: SCHED: setting CUDA device to 0 for edge 0 func=zfp_compress
[13:36:42.295638] [WARNING] [pdc_tf_server.c:401] PDC_SERVER[6]: SCHED: executing edge 0 func=zfp_compress dev=GPU
[13:36:42.307192] [WARNING] [pdc_tf_server.c:475] PDC_SERVER[6]: SCHED: done running transformations
[13:36:42.516172] [WARNING] [pdc_tf_server.c:393] PDC_SERVER[3]: SCHED: setting CUDA device to 0 for edge 0 func=zfp_compress
[13:36:42.516232] [WARNING] [pdc_tf_server.c:401] PDC_SERVER[3]: SCHED: executing edge 0 func=zfp_compress dev=GPU
[INFO] PDC_SERVER[0]: Executing graph with json filepath /pscratch/sd/n/nlewi26/src/work_space/source/pdc/tf_client/graphs/zfp_gpu.json
[13:36:42.518025] [WARNING] [pdc_tf_server.c:393] PDC_SERVER[0]: SCHED: setting CUDA device to 0 for edge 0 func=zfp_compress
[13:36:42.518082] [WARNING] [pdc_tf_server.c:401] PDC_SERVER[0]: SCHED: executing edge 0 func=zfp_compress dev=GPU
[13:36:42.526818] [WARNING] [pdc_tf_server.c:475] PDC_SERVER[3]: SCHED: done running transformations
[13:36:42.531812] [WARNING] [pdc_tf_server.c:475] PDC_SERVER[0]: SCHED: done running transformations
[13:36:42.535713] [WARNING] [pdc_tf_server.c:393] PDC_SERVER[4]: SCHED: setting CUDA device to 0 for edge 0 func=zfp_compress
[13:36:42.535795] [WARNING] [pdc_tf_server.c:401] PDC_SERVER[4]: SCHED: executing edge 0 func=zfp_compress dev=GPU
[13:36:42.538163] [WARNING] [pdc_tf_server.c:393] PDC_SERVER[7]: SCHED: setting CUDA device to 0 for edge 0 func=zfp_compress
[13:36:42.538198] [WARNING] [pdc_tf_server.c:401] PDC_SERVER[7]: SCHED: executing edge 0 func=zfp_compress dev=GPU
[13:36:42.549214] [WARNING] [pdc_tf_server.c:393] PDC_SERVER[2]: SCHED: setting CUDA device to 0 for edge 0 func=zfp_compress
[13:36:42.549244] [WARNING] [pdc_tf_server.c:401] PDC_SERVER[2]: SCHED: executing edge 0 func=zfp_compress dev=GPU
[13:36:42.552580] [WARNING] [pdc_tf_server.c:475] PDC_SERVER[4]: SCHED: done running transformations
[13:36:42.552622] [WARNING] [pdc_tf_server.c:475] PDC_SERVER[7]: SCHED: done running transformations
[13:36:42.553221] [WARNING] [pdc_tf_server.c:393] PDC_SERVER[1]: SCHED: setting CUDA device to 0 for edge 0 func=zfp_compress
[13:36:42.553275] [WARNING] [pdc_tf_server.c:401] PDC_SERVER[1]: SCHED: executing edge 0 func=zfp_compress dev=GPU
[13:36:42.560563] [WARNING] [pdc_tf_server.c:475] PDC_SERVER[2]: SCHED: done running transformations
[13:36:42.564043] [WARNING] [pdc_tf_server.c:475] PDC_SERVER[1]: SCHED: done running transformations
[13:36:42.569050] [WARNING] [pdc_server_region_cache.c:834] PDC_SERVER[0]: Flushed region via POSIX I/O in 0.310584 s
[13:36:42.569064] [WARNING] [pdc_server_region_cache.c:850] PDC_SERVER[0]: [2026-10-07 13:36:42.569061] Flushed 16.00 / 16.00 MB to storage
[INFO] PDC_SERVER[0]: Region flush iteration took 0.310624 s
[INFO] PDC_SERVER[0]: Starting flush for obj_id 6000000000, ndim=3
[13:36:42.575113] [WARNING] [pdc_server_region_cache.c:823] PDC_SERVER[0]: Region mapping lookup took 0.000000 s
[13:36:42.575118] [WARNING] [pdc_server_region_cache.c:828] PDC_SERVER[0]: No region mapping found for obj_id 6000000000
[13:36:42.590691] [WARNING] [pdc_tf_server.c:393] PDC_SERVER[5]: SCHED: setting CUDA device to 0 for edge 0 func=zfp_compress
[13:36:42.590724] [WARNING] [pdc_tf_server.c:401] PDC_SERVER[5]: SCHED: executing edge 0 func=zfp_compress dev=GPU
[13:36:42.609672] [WARNING] [pdc_tf_server.c:475] PDC_SERVER[5]: SCHED: done running transformations
[13:36:42.622924] [WARNING] [pdc_tf_server.c:393] PDC_SERVER[6]: SCHED: setting CUDA device to 0 for edge 0 func=zfp_compress
[13:36:42.622957] [WARNING] [pdc_tf_server.c:401] PDC_SERVER[6]: SCHED: executing edge 0 func=zfp_compress dev=GPU
[13:36:42.648093] [WARNING] [pdc_tf_server.c:475] PDC_SERVER[6]: SCHED: done running transformations
[13:36:42.824089] [WARNING] [pdc_tf_server.c:393] PDC_SERVER[3]: SCHED: setting CUDA device to 0 for edge 0 func=zfp_compress
[13:36:42.824127] [WARNING] [pdc_tf_server.c:401] PDC_SERVER[3]: SCHED: executing edge 0 func=zfp_compress dev=GPU
[13:36:42.835374] [WARNING] [pdc_tf_server.c:475] PDC_SERVER[3]: SCHED: done running transformations
[INFO] PDC_SERVER[0]: Executing graph with json filepath /pscratch/sd/n/nlewi26/src/work_space/source/pdc/tf_client/graphs/zfp_gpu.json
[13:36:42.837533] [WARNING] [pdc_tf_server.c:393] PDC_SERVER[0]: SCHED: setting CUDA device to 0 for edge 0 func=zfp_compress
[13:36:42.837549] [WARNING] [pdc_tf_server.c:401] PDC_SERVER[0]: SCHED: executing edge 0 func=zfp_compress dev=GPU
[13:36:42.846535] [WARNING] [pdc_tf_server.c:393] PDC_SERVER[7]: SCHED: setting CUDA device to 0 for edge 0 func=zfp_compress
[13:36:42.846593] [WARNING] [pdc_tf_server.c:401] PDC_SERVER[7]: SCHED: executing edge 0 func=zfp_compress dev=GPU
[13:36:42.847086] [WARNING] [pdc_tf_server.c:393] PDC_SERVER[4]: SCHED: setting CUDA device to 0 for edge 0 func=zfp_compress
[13:36:42.847121] [WARNING] [pdc_tf_server.c:401] PDC_SERVER[4]: SCHED: executing edge 0 func=zfp_compress dev=GPU
[13:36:42.855793] [WARNING] [pdc_tf_server.c:475] PDC_SERVER[0]: SCHED: done running transformations
[13:36:42.856010] [WARNING] [pdc_tf_server.c:393] PDC_SERVER[2]: SCHED: setting CUDA device to 0 for edge 0 func=zfp_compress
[13:36:42.856033] [WARNING] [pdc_tf_server.c:401] PDC_SERVER[2]: SCHED: executing edge 0 func=zfp_compress dev=GPU
[13:36:42.856143] [WARNING] [pdc_tf_server.c:393] PDC_SERVER[1]: SCHED: setting CUDA device to 0 for edge 0 func=zfp_compress
[13:36:42.856213] [WARNING] [pdc_tf_server.c:401] PDC_SERVER[1]: SCHED: executing edge 0 func=zfp_compress dev=GPU
[13:36:42.860977] [WARNING] [pdc_tf_server.c:475] PDC_SERVER[4]: SCHED: done running transformations
[13:36:42.863461] [WARNING] [pdc_tf_server.c:475] PDC_SERVER[7]: SCHED: done running transformations
[13:36:42.877291] [WARNING] [pdc_tf_server.c:475] PDC_SERVER[2]: SCHED: done running transformations
[13:36:42.877338] [WARNING] [pdc_tf_server.c:475] PDC_SERVER[1]: SCHED: done running transformations
[13:36:42.894704] [WARNING] [pdc_server_region_cache.c:834] PDC_SERVER[0]: Flushed region via POSIX I/O in 0.319575 s
[13:36:42.894729] [WARNING] [pdc_server_region_cache.c:850] PDC_SERVER[0]: [2026-10-07 13:36:42.894719] Flushed 16.00 / 16.00 MB to storage
[INFO] PDC_SERVER[0]: Region flush iteration took 0.319624 s
[INFO] PDC_SERVER[0]: Starting flush for obj_id 6000000000, ndim=3
[13:36:42.896294] [WARNING] [pdc_server_region_cache.c:823] PDC_SERVER[0]: Region mapping lookup took 0.000001 s
[13:36:42.896299] [WARNING] [pdc_server_region_cache.c:828] PDC_SERVER[0]: No region mapping found for obj_id 6000000000
[13:36:42.949790] [WARNING] [pdc_tf_server.c:393] PDC_SERVER[6]: SCHED: setting CUDA device to 0 for edge 0 func=zfp_compress
[13:36:42.949822] [WARNING] [pdc_tf_server.c:401] PDC_SERVER[6]: SCHED: executing edge 0 func=zfp_compress dev=GPU
[13:36:42.964252] [WARNING] [pdc_tf_server.c:475] PDC_SERVER[6]: SCHED: done running transformations
[13:36:42.986955] [WARNING] [pdc_tf_server.c:393] PDC_SERVER[5]: SCHED: setting CUDA device to 0 for edge 0 func=zfp_compress
[13:36:42.987043] [WARNING] [pdc_tf_server.c:401] PDC_SERVER[5]: SCHED: executing edge 0 func=zfp_compress dev=GPU
[13:36:42.997731] [WARNING] [pdc_tf_server.c:475] PDC_SERVER[5]: SCHED: done running transformations
[13:36:43.125817] [WARNING] [pdc_tf_server.c:393] PDC_SERVER[3]: SCHED: setting CUDA device to 0 for edge 0 func=zfp_compress
[13:36:43.125875] [WARNING] [pdc_tf_server.c:401] PDC_SERVER[3]: SCHED: executing edge 0 func=zfp_compress dev=GPU
[13:36:43.134233] [WARNING] [pdc_tf_server.c:475] PDC_SERVER[3]: SCHED: done running transformations
[13:36:43.150475] [WARNING] [pdc_tf_server.c:393] PDC_SERVER[4]: SCHED: setting CUDA device to 0 for edge 0 func=zfp_compress
[13:36:43.150534] [WARNING] [pdc_tf_server.c:401] PDC_SERVER[4]: SCHED: executing edge 0 func=zfp_compress dev=GPU
[INFO] PDC_SERVER[0]: Executing graph with json filepath /pscratch/sd/n/nlewi26/src/work_space/source/pdc/tf_client/graphs/zfp_gpu.json
[13:36:43.155420] [WARNING] [pdc_tf_server.c:393] PDC_SERVER[0]: SCHED: setting CUDA device to 0 for edge 0 func=zfp_compress
[13:36:43.155461] [WARNING] [pdc_tf_server.c:401] PDC_SERVER[0]: SCHED: executing edge 0 func=zfp_compress dev=GPU
[13:36:43.157711] [WARNING] [pdc_tf_server.c:475] PDC_SERVER[4]: SCHED: done running transformations
[13:36:43.164156] [WARNING] [pdc_tf_server.c:475] PDC_SERVER[0]: SCHED: done running transformations
[13:36:43.169031] [WARNING] [pdc_tf_server.c:393] PDC_SERVER[7]: SCHED: setting CUDA device to 0 for edge 0 func=zfp_compress
[13:36:43.169088] [WARNING] [pdc_tf_server.c:401] PDC_SERVER[7]: SCHED: executing edge 0 func=zfp_compress dev=GPU
[13:36:43.176571] [WARNING] [pdc_tf_server.c:393] PDC_SERVER[2]: SCHED: setting CUDA device to 0 for edge 0 func=zfp_compress
[13:36:43.176632] [WARNING] [pdc_tf_server.c:401] PDC_SERVER[2]: SCHED: executing edge 0 func=zfp_compress dev=GPU
[13:36:43.177092] [WARNING] [pdc_tf_server.c:475] PDC_SERVER[7]: SCHED: done running transformations
[13:36:43.182493] [WARNING] [pdc_tf_server.c:393] PDC_SERVER[1]: SCHED: setting CUDA device to 0 for edge 0 func=zfp_compress
[13:36:43.182545] [WARNING] [pdc_tf_server.c:401] PDC_SERVER[1]: SCHED: executing edge 0 func=zfp_compress dev=GPU
[13:36:43.186261] [WARNING] [pdc_tf_server.c:475] PDC_SERVER[2]: SCHED: done running transformations
[13:36:43.192046] [WARNING] [pdc_tf_server.c:475] PDC_SERVER[1]: SCHED: done running transformations
[13:36:43.200594] [WARNING] [pdc_server_region_cache.c:834] PDC_SERVER[0]: Flushed region via POSIX I/O in 0.304283 s
[13:36:43.200612] [WARNING] [pdc_server_region_cache.c:850] PDC_SERVER[0]: [2026-10-07 13:36:43.200608] Flushed 16.00 / 16.00 MB to storage
[INFO] PDC_SERVER[0]: Region flush iteration took 0.304328 s
[INFO] PDC_SERVER[0]: Starting flush for obj_id 6000000000, ndim=3
[13:36:43.202167] [WARNING] [pdc_server_region_cache.c:823] PDC_SERVER[0]: Region mapping lookup took 0.000000 s
[13:36:43.202171] [WARNING] [pdc_server_region_cache.c:828] PDC_SERVER[0]: No region mapping found for obj_id 6000000000
[13:36:43.263719] [WARNING] [pdc_tf_server.c:393] PDC_SERVER[6]: SCHED: setting CUDA device to 0 for edge 0 func=zfp_compress
[13:36:43.263754] [WARNING] [pdc_tf_server.c:401] PDC_SERVER[6]: SCHED: executing edge 0 func=zfp_compress dev=GPU
[13:36:43.283796] [WARNING] [pdc_tf_server.c:475] PDC_SERVER[6]: SCHED: done running transformations
[13:36:43.379560] [WARNING] [pdc_tf_server.c:393] PDC_SERVER[5]: SCHED: setting CUDA device to 0 for edge 0 func=zfp_compress
[13:36:43.379690] [WARNING] [pdc_tf_server.c:401] PDC_SERVER[5]: SCHED: executing edge 0 func=zfp_compress dev=GPU
[13:36:43.388907] [WARNING] [pdc_tf_server.c:475] PDC_SERVER[5]: SCHED: done running transformations
[13:36:43.422885] [WARNING] [pdc_tf_server.c:393] PDC_SERVER[3]: SCHED: setting CUDA device to 0 for edge 0 func=zfp_compress
[13:36:43.422914] [WARNING] [pdc_tf_server.c:401] PDC_SERVER[3]: SCHED: executing edge 0 func=zfp_compress dev=GPU
[13:36:43.431915] [WARNING] [pdc_tf_server.c:475] PDC_SERVER[3]: SCHED: done running transformations
[13:36:43.448262] [WARNING] [pdc_tf_server.c:393] PDC_SERVER[4]: SCHED: setting CUDA device to 0 for edge 0 func=zfp_compress
[13:36:43.448349] [WARNING] [pdc_tf_server.c:401] PDC_SERVER[4]: SCHED: executing edge 0 func=zfp_compress dev=GPU
[INFO] PDC_SERVER[0]: Executing graph with json filepath /pscratch/sd/n/nlewi26/src/work_space/source/pdc/tf_client/graphs/zfp_gpu.json
[13:36:43.453098] [WARNING] [pdc_tf_server.c:393] PDC_SERVER[0]: SCHED: setting CUDA device to 0 for edge 0 func=zfp_compress
[13:36:43.453115] [WARNING] [pdc_tf_server.c:401] PDC_SERVER[0]: SCHED: executing edge 0 func=zfp_compress dev=GPU
[13:36:43.457041] [WARNING] [pdc_tf_server.c:475] PDC_SERVER[4]: SCHED: done running transformations
[13:36:43.462434] [WARNING] [pdc_tf_server.c:475] PDC_SERVER[0]: SCHED: done running transformations
[13:36:43.475772] [WARNING] [pdc_tf_server.c:393] PDC_SERVER[2]: SCHED: setting CUDA device to 0 for edge 0 func=zfp_compress
[13:36:43.475802] [WARNING] [pdc_tf_server.c:401] PDC_SERVER[2]: SCHED: executing edge 0 func=zfp_compress dev=GPU
[13:36:43.483986] [WARNING] [pdc_tf_server.c:393] PDC_SERVER[7]: SCHED: setting CUDA device to 0 for edge 0 func=zfp_compress
[13:36:43.484056] [WARNING] [pdc_tf_server.c:401] PDC_SERVER[7]: SCHED: executing edge 0 func=zfp_compress dev=GPU
[13:36:43.484675] [WARNING] [pdc_tf_server.c:475] PDC_SERVER[2]: SCHED: done running transformations
[13:36:43.492558] [WARNING] [pdc_tf_server.c:475] PDC_SERVER[7]: SCHED: done running transformations
[13:36:43.498975] [WARNING] [pdc_server_region_cache.c:834] PDC_SERVER[0]: Flushed region via POSIX I/O in 0.296787 s
[13:36:43.498991] [WARNING] [pdc_server_region_cache.c:850] PDC_SERVER[0]: [2026-10-07 13:36:43.498988] Flushed 16.00 / 16.00 MB to storage
[INFO] PDC_SERVER[0]: Region flush iteration took 0.296832 s
[INFO] PDC_SERVER[0]: Starting flush for obj_id 6000000000, ndim=3
[13:36:43.500431] [WARNING] [pdc_server_region_cache.c:823] PDC_SERVER[0]: Region mapping lookup took 0.000002 s
[13:36:43.500436] [WARNING] [pdc_server_region_cache.c:828] PDC_SERVER[0]: No region mapping found for obj_id 6000000000
[13:36:43.517022] [WARNING] [pdc_tf_server.c:393] PDC_SERVER[1]: SCHED: setting CUDA device to 0 for edge 0 func=zfp_compress
[13:36:43.517074] [WARNING] [pdc_tf_server.c:401] PDC_SERVER[1]: SCHED: executing edge 0 func=zfp_compress dev=GPU
[13:36:43.526117] [WARNING] [pdc_tf_server.c:475] PDC_SERVER[1]: SCHED: done running transformations
[13:36:43.584245] [WARNING] [pdc_tf_server.c:393] PDC_SERVER[6]: SCHED: setting CUDA device to 0 for edge 0 func=zfp_compress
[13:36:43.584299] [WARNING] [pdc_tf_server.c:401] PDC_SERVER[6]: SCHED: executing edge 0 func=zfp_compress dev=GPU
[13:36:43.594196] [WARNING] [pdc_tf_server.c:475] PDC_SERVER[6]: SCHED: done running transformations
[13:36:43.739187] [WARNING] [pdc_tf_server.c:393] PDC_SERVER[3]: SCHED: setting CUDA device to 0 for edge 0 func=zfp_compress
[13:36:43.739218] [WARNING] [pdc_tf_server.c:401] PDC_SERVER[3]: SCHED: executing edge 0 func=zfp_compress dev=GPU
[13:36:43.750498] [WARNING] [pdc_tf_server.c:393] PDC_SERVER[4]: SCHED: setting CUDA device to 0 for edge 0 func=zfp_compress
[13:36:43.750533] [WARNING] [pdc_tf_server.c:401] PDC_SERVER[4]: SCHED: executing edge 0 func=zfp_compress dev=GPU
[INFO] PDC_SERVER[0]: Executing graph with json filepath /pscratch/sd/n/nlewi26/src/work_space/source/pdc/tf_client/graphs/zfp_gpu.json
[13:36:43.751560] [WARNING] [pdc_tf_server.c:393] PDC_SERVER[0]: SCHED: setting CUDA device to 0 for edge 0 func=zfp_compress
[13:36:43.751604] [WARNING] [pdc_tf_server.c:401] PDC_SERVER[0]: SCHED: executing edge 0 func=zfp_compress dev=GPU
[13:36:43.756275] [WARNING] [pdc_tf_server.c:475] PDC_SERVER[3]: SCHED: done running transformations
[13:36:43.757367] [WARNING] [pdc_tf_server.c:393] PDC_SERVER[5]: SCHED: setting CUDA device to 0 for edge 0 func=zfp_compress
[13:36:43.757399] [WARNING] [pdc_tf_server.c:401] PDC_SERVER[5]: SCHED: executing edge 0 func=zfp_compress dev=GPU
[13:36:43.765668] [WARNING] [pdc_tf_server.c:475] PDC_SERVER[4]: SCHED: done running transformations
[13:36:43.771820] [WARNING] [pdc_tf_server.c:475] PDC_SERVER[0]: SCHED: done running transformations
[13:36:43.773084] [WARNING] [pdc_tf_server.c:393] PDC_SERVER[2]: SCHED: setting CUDA device to 0 for edge 0 func=zfp_compress
[13:36:43.773113] [WARNING] [pdc_tf_server.c:401] PDC_SERVER[2]: SCHED: executing edge 0 func=zfp_compress dev=GPU
[13:36:43.773732] [WARNING] [pdc_tf_server.c:475] PDC_SERVER[5]: SCHED: done running transformations
[13:36:43.788564] [WARNING] [pdc_tf_server.c:475] PDC_SERVER[2]: SCHED: done running transformations
[13:36:43.790298] [WARNING] [pdc_tf_server.c:393] PDC_SERVER[7]: SCHED: setting CUDA device to 0 for edge 0 func=zfp_compress
[13:36:43.790329] [WARNING] [pdc_tf_server.c:401] PDC_SERVER[7]: SCHED: executing edge 0 func=zfp_compress dev=GPU
[13:36:43.799005] [WARNING] [pdc_tf_server.c:475] PDC_SERVER[7]: SCHED: done running transformations
[13:36:43.809019] [WARNING] [pdc_tf_server.c:393] PDC_SERVER[1]: SCHED: setting CUDA device to 0 for edge 0 func=zfp_compress
[13:36:43.809044] [WARNING] [pdc_tf_server.c:401] PDC_SERVER[1]: SCHED: executing edge 0 func=zfp_compress dev=GPU
[13:36:43.809147] [WARNING] [pdc_server_region_cache.c:834] PDC_SERVER[0]: Flushed region via POSIX I/O in 0.308698 s
[13:36:43.809167] [WARNING] [pdc_server_region_cache.c:850] PDC_SERVER[0]: [2026-10-07 13:36:43.809164] Flushed 16.00 / 16.00 MB to storage
[INFO] PDC_SERVER[0]: Region flush iteration took 0.308754 s
[INFO] PDC_SERVER[0]: Starting flush for obj_id 6000000000, ndim=3
[13:36:43.810753] [WARNING] [pdc_server_region_cache.c:823] PDC_SERVER[0]: Region mapping lookup took 0.000000 s
[13:36:43.810758] [WARNING] [pdc_server_region_cache.c:828] PDC_SERVER[0]: No region mapping found for obj_id 6000000000
[13:36:43.825392] [WARNING] [pdc_tf_server.c:475] PDC_SERVER[1]: SCHED: done running transformations
[13:36:43.897751] [WARNING] [pdc_tf_server.c:393] PDC_SERVER[6]: SCHED: setting CUDA device to 0 for edge 0 func=zfp_compress
[13:36:43.897811] [WARNING] [pdc_tf_server.c:401] PDC_SERVER[6]: SCHED: executing edge 0 func=zfp_compress dev=GPU
[13:36:43.906947] [WARNING] [pdc_tf_server.c:475] PDC_SERVER[6]: SCHED: done running transformations
[13:36:44.050885] [WARNING] [pdc_tf_server.c:393] PDC_SERVER[3]: SCHED: setting CUDA device to 0 for edge 0 func=zfp_compress
[13:36:44.050944] [WARNING] [pdc_tf_server.c:401] PDC_SERVER[3]: SCHED: executing edge 0 func=zfp_compress dev=GPU
[13:36:44.056320] [WARNING] [pdc_tf_server.c:393] PDC_SERVER[4]: SCHED: setting CUDA device to 0 for edge 0 func=zfp_compress
[13:36:44.056351] [WARNING] [pdc_tf_server.c:401] PDC_SERVER[4]: SCHED: executing edge 0 func=zfp_compress dev=GPU
[13:36:44.060150] [WARNING] [pdc_tf_server.c:475] PDC_SERVER[3]: SCHED: done running transformations
[INFO] PDC_SERVER[0]: Executing graph with json filepath /pscratch/sd/n/nlewi26/src/work_space/source/pdc/tf_client/graphs/zfp_gpu.json
[13:36:44.061028] [WARNING] [pdc_tf_server.c:393] PDC_SERVER[0]: SCHED: setting CUDA device to 0 for edge 0 func=zfp_compress
[13:36:44.061042] [WARNING] [pdc_tf_server.c:401] PDC_SERVER[0]: SCHED: executing edge 0 func=zfp_compress dev=GPU
[13:36:44.064816] [WARNING] [pdc_tf_server.c:475] PDC_SERVER[4]: SCHED: done running transformations
[13:36:44.070693] [WARNING] [pdc_tf_server.c:475] PDC_SERVER[0]: SCHED: done running transformations
[13:36:44.080038] [WARNING] [pdc_tf_server.c:393] PDC_SERVER[2]: SCHED: setting CUDA device to 0 for edge 0 func=zfp_compress
[13:36:44.080068] [WARNING] [pdc_tf_server.c:401] PDC_SERVER[2]: SCHED: executing edge 0 func=zfp_compress dev=GPU
[13:36:44.089123] [WARNING] [pdc_tf_server.c:475] PDC_SERVER[2]: SCHED: done running transformations
[13:36:44.097836] [WARNING] [pdc_tf_server.c:393] PDC_SERVER[7]: SCHED: setting CUDA device to 0 for edge 0 func=zfp_compress
[13:36:44.097893] [WARNING] [pdc_tf_server.c:401] PDC_SERVER[7]: SCHED: executing edge 0 func=zfp_compress dev=GPU
[13:36:44.107481] [WARNING] [pdc_server_region_cache.c:834] PDC_SERVER[0]: Flushed region via POSIX I/O in 0.296700 s
[13:36:44.107511] [WARNING] [pdc_server_region_cache.c:850] PDC_SERVER[0]: [2026-10-07 13:36:44.107507] Flushed 16.00 / 16.00 MB to storage
[INFO] PDC_SERVER[0]: Region flush iteration took 0.296770 s
[13:36:44.108709] [WARNING] [pdc_tf_server.c:475] PDC_SERVER[7]: SCHED: done running transformations
[INFO] PDC_SERVER[0]: Starting flush for obj_id 6000000000, ndim=3
[13:36:44.109055] [WARNING] [pdc_server_region_cache.c:823] PDC_SERVER[0]: Region mapping lookup took 0.000001 s
[13:36:44.109061] [WARNING] [pdc_server_region_cache.c:828] PDC_SERVER[0]: No region mapping found for obj_id 6000000000
[13:36:44.111578] [WARNING] [pdc_tf_server.c:393] PDC_SERVER[1]: SCHED: setting CUDA device to 0 for edge 0 func=zfp_compress
[13:36:44.111634] [WARNING] [pdc_tf_server.c:401] PDC_SERVER[1]: SCHED: executing edge 0 func=zfp_compress dev=GPU
[13:36:44.121457] [WARNING] [pdc_tf_server.c:475] PDC_SERVER[1]: SCHED: done running transformations
[13:36:44.141590] [WARNING] [pdc_tf_server.c:393] PDC_SERVER[5]: SCHED: setting CUDA device to 0 for edge 0 func=zfp_compress
[13:36:44.141620] [WARNING] [pdc_tf_server.c:401] PDC_SERVER[5]: SCHED: executing edge 0 func=zfp_compress dev=GPU
[13:36:44.158678] [WARNING] [pdc_tf_server.c:475] PDC_SERVER[5]: SCHED: done running transformations
[13:36:44.203025] [WARNING] [pdc_tf_server.c:393] PDC_SERVER[6]: SCHED: setting CUDA device to 0 for edge 0 func=zfp_compress
[13:36:44.203071] [WARNING] [pdc_tf_server.c:401] PDC_SERVER[6]: SCHED: executing edge 0 func=zfp_compress dev=GPU
[13:36:44.220322] [WARNING] [pdc_tf_server.c:475] PDC_SERVER[6]: SCHED: done running transformations
[13:36:44.348752] [WARNING] [pdc_tf_server.c:393] PDC_SERVER[3]: SCHED: setting CUDA device to 0 for edge 0 func=zfp_compress
[13:36:44.348780] [WARNING] [pdc_tf_server.c:401] PDC_SERVER[3]: SCHED: executing edge 0 func=zfp_compress dev=GPU
[13:36:44.358263] [WARNING] [pdc_tf_server.c:393] PDC_SERVER[4]: SCHED: setting CUDA device to 0 for edge 0 func=zfp_compress
[13:36:44.358323] [WARNING] [pdc_tf_server.c:401] PDC_SERVER[4]: SCHED: executing edge 0 func=zfp_compress dev=GPU
[13:36:44.359786] [WARNING] [pdc_tf_server.c:475] PDC_SERVER[3]: SCHED: done running transformations
[13:36:44.366201] [WARNING] [pdc_tf_server.c:475] PDC_SERVER[4]: SCHED: done running transformations
[INFO] PDC_SERVER[0]: Executing graph with json filepath /pscratch/sd/n/nlewi26/src/work_space/source/pdc/tf_client/graphs/zfp_gpu.json
[13:36:44.372506] [WARNING] [pdc_tf_server.c:393] PDC_SERVER[0]: SCHED: setting CUDA device to 0 for edge 0 func=zfp_compress
[13:36:44.372523] [WARNING] [pdc_tf_server.c:401] PDC_SERVER[0]: SCHED: executing edge 0 func=zfp_compress dev=GPU
[13:36:44.383332] [WARNING] [pdc_tf_server.c:475] PDC_SERVER[0]: SCHED: done running transformations
[13:36:44.387642] [WARNING] [pdc_tf_server.c:393] PDC_SERVER[2]: SCHED: setting CUDA device to 0 for edge 0 func=zfp_compress
[13:36:44.387670] [WARNING] [pdc_tf_server.c:401] PDC_SERVER[2]: SCHED: executing edge 0 func=zfp_compress dev=GPU
[13:36:44.397897] [WARNING] [pdc_tf_server.c:475] PDC_SERVER[2]: SCHED: done running transformations
[13:36:44.406981] [WARNING] [pdc_tf_server.c:393] PDC_SERVER[7]: SCHED: setting CUDA device to 0 for edge 0 func=zfp_compress
[13:36:44.407010] [WARNING] [pdc_tf_server.c:401] PDC_SERVER[7]: SCHED: executing edge 0 func=zfp_compress dev=GPU
[13:36:44.411792] [WARNING] [pdc_tf_server.c:393] PDC_SERVER[1]: SCHED: setting CUDA device to 0 for edge 0 func=zfp_compress
[13:36:44.411819] [WARNING] [pdc_tf_server.c:401] PDC_SERVER[1]: SCHED: executing edge 0 func=zfp_compress dev=GPU
[13:36:44.415024] [WARNING] [pdc_tf_server.c:475] PDC_SERVER[7]: SCHED: done running transformations
[13:36:44.420955] [WARNING] [pdc_tf_server.c:475] PDC_SERVER[1]: SCHED: done running transformations
[13:36:44.421864] [WARNING] [pdc_server_region_cache.c:834] PDC_SERVER[0]: Flushed region via POSIX I/O in 0.312788 s
[13:36:44.421896] [WARNING] [pdc_server_region_cache.c:850] PDC_SERVER[0]: [2026-10-07 13:36:44.421892] Flushed 16.00 / 16.00 MB to storage
[INFO] PDC_SERVER[0]: Region flush iteration took 0.312850 s
[13:36:44.463342] [WARNING] [pdc_tf_server.c:393] PDC_SERVER[5]: SCHED: setting CUDA device to 0 for edge 0 func=zfp_compress
[13:36:44.463372] [WARNING] [pdc_tf_server.c:401] PDC_SERVER[5]: SCHED: executing edge 0 func=zfp_compress dev=GPU
[13:36:44.472347] [WARNING] [pdc_tf_server.c:475] PDC_SERVER[5]: SCHED: done running transformations
[13:36:44.518316] [WARNING] [pdc_tf_server.c:393] PDC_SERVER[6]: SCHED: setting CUDA device to 0 for edge 0 func=zfp_compress
[13:36:44.518343] [WARNING] [pdc_tf_server.c:401] PDC_SERVER[6]: SCHED: executing edge 0 func=zfp_compress dev=GPU
[13:36:44.526106] [WARNING] [pdc_tf_server.c:475] PDC_SERVER[6]: SCHED: done running transformations
[13:36:44.754726] [WARNING] [pdc_tf_server.c:393] PDC_SERVER[5]: SCHED: setting CUDA device to 0 for edge 0 func=zfp_compress
[13:36:44.754752] [WARNING] [pdc_tf_server.c:401] PDC_SERVER[5]: SCHED: executing edge 0 func=zfp_compress dev=GPU
[13:36:44.763621] [WARNING] [pdc_tf_server.c:475] PDC_SERVER[5]: SCHED: done running transformations
[INFO] PDC_SERVER[0]: Fetching region for obj_id=1000000001
[INFO] PDC_SERVER[0]: Checking against Object 2000000000
[INFO] PDC_SERVER[0]: Checking against Object 3000000000
[INFO] PDC_SERVER[0]: Checking against Object 4000000000
[INFO] PDC_SERVER[0]: Checking against Object 3000000002
[INFO] PDC_SERVER[0]: Checking against Object 4000000002
[INFO] PDC_SERVER[0]: Checking against Object 5000000000
[INFO] PDC_SERVER[0]: Checking against Object 4000000004
[INFO] PDC_SERVER[0]: Checking against Object 5000000002
[INFO] PDC_SERVER[0]: Checking against Object 6000000000
[INFO] PDC_SERVER[0]: Object 1000000001 NOT found in cache
[INFO] PDC_SERVER[0]: Fetching region from server for obj_id=1000000001
[INFO] PDC_SERVER[4]: Fetching region for obj_id=1000000001
[INFO] PDC_SERVER[4]: Checking against Object 2000000000
[INFO] PDC_SERVER[4]: Checking against Object 3000000000
[INFO] PDC_SERVER[4]: Checking against Object 4000000000
[INFO] PDC_SERVER[4]: Checking against Object 3000000002
[INFO] PDC_SERVER[4]: Checking against Object 4000000002
[INFO] PDC_SERVER[4]: Checking against Object 5000000000
[INFO] PDC_SERVER[4]: Checking against Object 4000000004
[INFO] PDC_SERVER[4]: Checking against Object 5000000002
[INFO] PDC_SERVER[4]: Checking against Object 6000000000
[INFO] PDC_SERVER[4]: Object 1000000001 NOT found in cache
[INFO] PDC_SERVER[2]: Fetching region for obj_id=1000000001
[INFO] PDC_SERVER[2]: Checking against Object 2000000000
[INFO] PDC_SERVER[2]: Checking against Object 3000000000
[INFO] PDC_SERVER[2]: Checking against Object 4000000000
[INFO] PDC_SERVER[2]: Checking against Object 3000000002
[INFO] PDC_SERVER[2]: Checking against Object 4000000002
[INFO] PDC_SERVER[2]: Checking against Object 5000000000
[INFO] PDC_SERVER[2]: Checking against Object 4000000004
[INFO] PDC_SERVER[2]: Checking against Object 5000000002
[INFO] PDC_SERVER[2]: Checking against Object 6000000000
[INFO] PDC_SERVER[2]: Object 1000000001 NOT found in cache
[INFO] PDC_SERVER[2]: Fetching region from server for obj_id=1000000001
[INFO] PDC_SERVER[5]: Fetching region for obj_id=1000000001
[INFO] PDC_SERVER[5]: Checking against Object 2000000000
[INFO] PDC_SERVER[5]: Checking against Object 3000000000
[INFO] PDC_SERVER[5]: Checking against Object 4000000000
[INFO] PDC_SERVER[5]: Checking against Object 3000000002
[INFO] PDC_SERVER[5]: Checking against Object 4000000002
[INFO] PDC_SERVER[5]: Checking against Object 5000000000
[INFO] PDC_SERVER[5]: Checking against Object 4000000004
[INFO] PDC_SERVER[5]: Checking against Object 5000000002
[INFO] PDC_SERVER[5]: Checking against Object 6000000000
[INFO] PDC_SERVER[5]: Object 1000000001 NOT found in cache
[INFO] PDC_SERVER[5]: Fetching region from server for obj_id=1000000001
[INFO] PDC_SERVER[3]: Fetching region for obj_id=1000000001
[INFO] PDC_SERVER[3]: Checking against Object 2000000000
[INFO] PDC_SERVER[3]: Checking against Object 3000000000
[INFO] PDC_SERVER[3]: Checking against Object 4000000000
[INFO] PDC_SERVER[3]: Checking against Object 3000000002
[INFO] PDC_SERVER[3]: Checking against Object 4000000002
[INFO] PDC_SERVER[3]: Checking against Object 5000000000
[INFO] PDC_SERVER[3]: Checking against Object 4000000004
[INFO] PDC_SERVER[3]: Checking against Object 5000000002
[INFO] PDC_SERVER[3]: Checking against Object 6000000000
[INFO] PDC_SERVER[3]: Object 1000000001 NOT found in cache
[INFO] PDC_SERVER[3]: Fetching region from server for obj_id=1000000001
[INFO] PDC_SERVER[4]: Fetching region from server for obj_id=1000000001
[INFO] PDC_SERVER[1]: Fetching region for obj_id=1000000001
[INFO] PDC_SERVER[1]: Checking against Object 2000000000
[INFO] PDC_SERVER[6]: Fetching region for obj_id=1000000001
[INFO] PDC_SERVER[6]: Checking against Object 2000000000
[INFO] PDC_SERVER[1]: Checking against Object 3000000000
[INFO] PDC_SERVER[1]: Checking against Object 4000000000
[INFO] PDC_SERVER[1]: Checking against Object 3000000002
[INFO] PDC_SERVER[1]: Checking against Object 4000000002
[INFO] PDC_SERVER[1]: Checking against Object 5000000000
[INFO] PDC_SERVER[1]: Checking against Object 4000000004
[INFO] PDC_SERVER[1]: Checking against Object 5000000002
[INFO] PDC_SERVER[1]: Checking against Object 6000000000
[INFO] PDC_SERVER[1]: Object 1000000001 NOT found in cache
[INFO] PDC_SERVER[1]: Fetching region from server for obj_id=1000000001
[INFO] PDC_SERVER[6]: Checking against Object 3000000000
[INFO] PDC_SERVER[6]: Checking against Object 4000000000
[INFO] PDC_SERVER[6]: Checking against Object 3000000002
[INFO] PDC_SERVER[6]: Checking against Object 4000000002
[INFO] PDC_SERVER[6]: Checking against Object 5000000000
[INFO] PDC_SERVER[6]: Checking against Object 4000000004
[INFO] PDC_SERVER[6]: Checking against Object 5000000002
[INFO] PDC_SERVER[6]: Checking against Object 6000000000
[INFO] PDC_SERVER[6]: Object 1000000001 NOT found in cache
[INFO] PDC_SERVER[6]: Fetching region from server for obj_id=1000000001
[INFO] PDC_SERVER[7]: Fetching region for obj_id=1000000001
[INFO] PDC_SERVER[7]: Checking against Object 2000000000
[INFO] PDC_SERVER[7]: Checking against Object 3000000000
[INFO] PDC_SERVER[7]: Checking against Object 4000000000
[INFO] PDC_SERVER[7]: Checking against Object 3000000002
[INFO] PDC_SERVER[7]: Checking against Object 4000000002
[INFO] PDC_SERVER[7]: Checking against Object 5000000000
[INFO] PDC_SERVER[7]: Checking against Object 4000000004
[INFO] PDC_SERVER[7]: Checking against Object 5000000002
[INFO] PDC_SERVER[7]: Checking against Object 6000000000
[INFO] PDC_SERVER[7]: Object 1000000001 NOT found in cache
[INFO] PDC_SERVER[7]: Fetching region from server for obj_id=1000000001
[INFO] PDC_SERVER[0]: Executing graph with json filepath /pscratch/sd/n/nlewi26/src/work_space/source/pdc/tf_client/graphs/zfp_gpu.json
[13:36:44.824579] [WARNING] [pdc_tf_server.c:393] PDC_SERVER[0]: SCHED: setting CUDA device to 0 for edge 0 func=zfp_decompress
[13:36:44.824599] [WARNING] [pdc_tf_server.c:401] PDC_SERVER[0]: SCHED: executing edge 0 func=zfp_decompress dev=GPU
[13:36:44.824809] [WARNING] [pdc_tf_server.c:393] PDC_SERVER[2]: SCHED: setting CUDA device to 0 for edge 0 func=zfp_decompress
[13:36:44.824824] [WARNING] [pdc_tf_server.c:401] PDC_SERVER[2]: SCHED: executing edge 0 func=zfp_decompress dev=GPU
[13:36:44.824815] [WARNING] [pdc_tf_server.c:393] PDC_SERVER[3]: SCHED: setting CUDA device to 0 for edge 0 func=zfp_decompress
[13:36:44.824834] [WARNING] [pdc_tf_server.c:401] PDC_SERVER[3]: SCHED: executing edge 0 func=zfp_decompress dev=GPU
[13:36:44.826374] [WARNING] [pdc_tf_server.c:393] PDC_SERVER[4]: SCHED: setting CUDA device to 0 for edge 0 func=zfp_decompress
[13:36:44.826434] [WARNING] [pdc_tf_server.c:401] PDC_SERVER[4]: SCHED: executing edge 0 func=zfp_decompress dev=GPU
[13:36:44.828193] [WARNING] [pdc_tf_server.c:393] PDC_SERVER[1]: SCHED: setting CUDA device to 0 for edge 0 func=zfp_decompress
[13:36:44.828220] [WARNING] [pdc_tf_server.c:401] PDC_SERVER[1]: SCHED: executing edge 0 func=zfp_decompress dev=GPU
[13:36:44.828603] [WARNING] [pdc_tf_server.c:393] PDC_SERVER[6]: SCHED: setting CUDA device to 0 for edge 0 func=zfp_decompress
[13:36:44.828641] [WARNING] [pdc_tf_server.c:401] PDC_SERVER[6]: SCHED: executing edge 0 func=zfp_decompress dev=GPU
[13:36:44.828893] [WARNING] [pdc_tf_server.c:393] PDC_SERVER[7]: SCHED: setting CUDA device to 0 for edge 0 func=zfp_decompress
[13:36:44.828951] [WARNING] [pdc_tf_server.c:401] PDC_SERVER[7]: SCHED: executing edge 0 func=zfp_decompress dev=GPU
[13:36:44.831977] [WARNING] [pdc_tf_server.c:393] PDC_SERVER[5]: SCHED: setting CUDA device to 0 for edge 0 func=zfp_decompress
[13:36:44.832005] [WARNING] [pdc_tf_server.c:401] PDC_SERVER[5]: SCHED: executing edge 0 func=zfp_decompress dev=GPU
[13:36:44.836582] [WARNING] [pdc_tf_server.c:475] PDC_SERVER[3]: SCHED: done running transformations
[13:36:44.837400] [WARNING] [pdc_tf_server.c:475] PDC_SERVER[4]: SCHED: done running transformations
[13:36:44.839828] [WARNING] [pdc_tf_server.c:475] PDC_SERVER[6]: SCHED: done running transformations
[13:36:44.840058] [WARNING] [pdc_tf_server.c:475] PDC_SERVER[1]: SCHED: done running transformations
[13:36:44.840791] [WARNING] [pdc_tf_server.c:475] PDC_SERVER[7]: SCHED: done running transformations
[INFO] PDC_SERVER[3]: Fetching region for obj_id=1000000001
[INFO] PDC_SERVER[3]: Checking against Object 2000000000
[INFO] PDC_SERVER[3]: Checking against Object 3000000000
[INFO] PDC_SERVER[3]: Checking against Object 4000000000
[INFO] PDC_SERVER[3]: Checking against Object 3000000002
[INFO] PDC_SERVER[3]: Checking against Object 4000000002
[INFO] PDC_SERVER[3]: Checking against Object 5000000000
[INFO] PDC_SERVER[3]: Checking against Object 4000000004
[INFO] PDC_SERVER[3]: Checking against Object 5000000002
[INFO] PDC_SERVER[3]: Checking against Object 6000000000
[INFO] PDC_SERVER[3]: Object 1000000001 NOT found in cache
[INFO] PDC_SERVER[3]: Fetching region from server for obj_id=1000000001
[13:36:44.842170] [WARNING] [pdc_tf_server.c:475] PDC_SERVER[5]: SCHED: done running transformations
[13:36:44.842285] [WARNING] [pdc_tf_server.c:475] PDC_SERVER[0]: SCHED: done running transformations
[INFO] PDC_SERVER[4]: Fetching region for obj_id=1000000001
[INFO] PDC_SERVER[4]: Checking against Object 2000000000
[INFO] PDC_SERVER[4]: Checking against Object 3000000000
[INFO] PDC_SERVER[4]: Checking against Object 4000000000
[INFO] PDC_SERVER[4]: Checking against Object 3000000002
[INFO] PDC_SERVER[4]: Checking against Object 4000000002
[INFO] PDC_SERVER[4]: Checking against Object 5000000000
[INFO] PDC_SERVER[4]: Checking against Object 4000000004
[INFO] PDC_SERVER[4]: Checking against Object 5000000002
[INFO] PDC_SERVER[4]: Checking against Object 6000000000
[INFO] PDC_SERVER[4]: Object 1000000001 NOT found in cache
[INFO] PDC_SERVER[4]: Fetching region from server for obj_id=1000000001
[13:36:44.843531] [WARNING] [pdc_tf_server.c:475] PDC_SERVER[2]: SCHED: done running transformations
[INFO] PDC_SERVER[1]: Fetching region for obj_id=1000000001
[INFO] PDC_SERVER[1]: Checking against Object 2000000000
[INFO] PDC_SERVER[1]: Checking against Object 3000000000
[INFO] PDC_SERVER[1]: Checking against Object 4000000000
[INFO] PDC_SERVER[1]: Checking against Object 3000000002
[INFO] PDC_SERVER[1]: Checking against Object 4000000002
[INFO] PDC_SERVER[1]: Checking against Object 5000000000
[INFO] PDC_SERVER[1]: Checking against Object 4000000004
[INFO] PDC_SERVER[1]: Checking against Object 5000000002
[INFO] PDC_SERVER[1]: Checking against Object 6000000000
[INFO] PDC_SERVER[1]: Object 1000000001 NOT found in cache
[INFO] PDC_SERVER[1]: Fetching region from server for obj_id=1000000001
[INFO] PDC_SERVER[6]: Fetching region for obj_id=1000000001
[INFO] PDC_SERVER[6]: Checking against Object 2000000000
[INFO] PDC_SERVER[6]: Checking against Object 3000000000
[INFO] PDC_SERVER[6]: Checking against Object 4000000000
[INFO] PDC_SERVER[6]: Checking against Object 3000000002
[INFO] PDC_SERVER[6]: Checking against Object 4000000002
[INFO] PDC_SERVER[6]: Checking against Object 5000000000
[INFO] PDC_SERVER[6]: Checking against Object 4000000004
[INFO] PDC_SERVER[6]: Checking against Object 5000000002
[INFO] PDC_SERVER[6]: Checking against Object 6000000000
[INFO] PDC_SERVER[6]: Object 1000000001 NOT found in cache
[INFO] PDC_SERVER[6]: Fetching region from server for obj_id=1000000001
[INFO] PDC_SERVER[5]: Fetching region for obj_id=1000000001
[INFO] PDC_SERVER[5]: Checking against Object 2000000000
[INFO] PDC_SERVER[5]: Checking against Object 3000000000
[INFO] PDC_SERVER[5]: Checking against Object 4000000000
[INFO] PDC_SERVER[5]: Checking against Object 3000000002
[INFO] PDC_SERVER[5]: Checking against Object 4000000002
[INFO] PDC_SERVER[5]: Checking against Object 5000000000
[INFO] PDC_SERVER[5]: Checking against Object 4000000004
[INFO] PDC_SERVER[5]: Checking against Object 5000000002
[INFO] PDC_SERVER[5]: Checking against Object 6000000000
[INFO] PDC_SERVER[5]: Object 1000000001 NOT found in cache
[INFO] PDC_SERVER[5]: Fetching region from server for obj_id=1000000001
[INFO] PDC_SERVER[7]: Fetching region for obj_id=1000000001
[INFO] PDC_SERVER[7]: Checking against Object 2000000000
[INFO] PDC_SERVER[7]: Checking against Object 3000000000
[INFO] PDC_SERVER[7]: Checking against Object 4000000000
[INFO] PDC_SERVER[7]: Checking against Object 3000000002
[INFO] PDC_SERVER[7]: Checking against Object 4000000002
[INFO] PDC_SERVER[7]: Checking against Object 5000000000
[INFO] PDC_SERVER[7]: Checking against Object 4000000004
[INFO] PDC_SERVER[7]: Checking against Object 5000000002
[INFO] PDC_SERVER[7]: Checking against Object 6000000000
[INFO] PDC_SERVER[7]: Object 1000000001 NOT found in cache
[INFO] PDC_SERVER[7]: Fetching region from server for obj_id=1000000001
[INFO] PDC_SERVER[0]: Fetching region for obj_id=1000000001
[INFO] PDC_SERVER[0]: Checking against Object 2000000000
[INFO] PDC_SERVER[0]: Checking against Object 3000000000
[INFO] PDC_SERVER[0]: Checking against Object 4000000000
[INFO] PDC_SERVER[0]: Checking against Object 3000000002
[INFO] PDC_SERVER[0]: Checking against Object 4000000002
[INFO] PDC_SERVER[0]: Checking against Object 5000000000
[INFO] PDC_SERVER[0]: Checking against Object 4000000004
[INFO] PDC_SERVER[0]: Checking against Object 5000000002
[INFO] PDC_SERVER[0]: Checking against Object 6000000000
[INFO] PDC_SERVER[0]: Object 1000000001 NOT found in cache
[INFO] PDC_SERVER[0]: Fetching region from server for obj_id=1000000001
[INFO] PDC_SERVER[2]: Fetching region for obj_id=1000000001
[INFO] PDC_SERVER[2]: Checking against Object 2000000000
[INFO] PDC_SERVER[2]: Checking against Object 3000000000
[INFO] PDC_SERVER[2]: Checking against Object 4000000000
[INFO] PDC_SERVER[2]: Checking against Object 3000000002
[INFO] PDC_SERVER[2]: Checking against Object 4000000002
[INFO] PDC_SERVER[2]: Checking against Object 5000000000
[INFO] PDC_SERVER[2]: Checking against Object 4000000004
[INFO] PDC_SERVER[2]: Checking against Object 5000000002
[INFO] PDC_SERVER[2]: Checking against Object 6000000000
[INFO] PDC_SERVER[2]: Object 1000000001 NOT found in cache
[INFO] PDC_SERVER[2]: Fetching region from server for obj_id=1000000001
[13:36:44.858335] [WARNING] [pdc_tf_server.c:393] PDC_SERVER[3]: SCHED: setting CUDA device to 0 for edge 0 func=zfp_decompress
[13:36:44.858361] [WARNING] [pdc_tf_server.c:401] PDC_SERVER[3]: SCHED: executing edge 0 func=zfp_decompress dev=GPU
[13:36:44.859331] [WARNING] [pdc_tf_server.c:393] PDC_SERVER[4]: SCHED: setting CUDA device to 0 for edge 0 func=zfp_decompress
[13:36:44.859360] [WARNING] [pdc_tf_server.c:401] PDC_SERVER[4]: SCHED: executing edge 0 func=zfp_decompress dev=GPU
[13:36:44.860694] [WARNING] [pdc_tf_server.c:393] PDC_SERVER[1]: SCHED: setting CUDA device to 0 for edge 0 func=zfp_decompress
[13:36:44.860715] [WARNING] [pdc_tf_server.c:401] PDC_SERVER[1]: SCHED: executing edge 0 func=zfp_decompress dev=GPU
[13:36:44.862805] [WARNING] [pdc_tf_server.c:393] PDC_SERVER[6]: SCHED: setting CUDA device to 0 for edge 0 func=zfp_decompress
[13:36:44.862829] [WARNING] [pdc_tf_server.c:401] PDC_SERVER[6]: SCHED: executing edge 0 func=zfp_decompress dev=GPU
[13:36:44.864524] [WARNING] [pdc_tf_server.c:393] PDC_SERVER[7]: SCHED: setting CUDA device to 0 for edge 0 func=zfp_decompress
[13:36:44.864539] [WARNING] [pdc_tf_server.c:401] PDC_SERVER[7]: SCHED: executing edge 0 func=zfp_decompress dev=GPU
[13:36:44.866866] [WARNING] [pdc_tf_server.c:475] PDC_SERVER[3]: SCHED: done running transformations
[13:36:44.868231] [WARNING] [pdc_tf_server.c:393] PDC_SERVER[2]: SCHED: setting CUDA device to 0 for edge 0 func=zfp_decompress
[13:36:44.868251] [WARNING] [pdc_tf_server.c:401] PDC_SERVER[2]: SCHED: executing edge 0 func=zfp_decompress dev=GPU
[13:36:44.869962] [WARNING] [pdc_tf_server.c:475] PDC_SERVER[1]: SCHED: done running transformations
[13:36:44.871255] [WARNING] [pdc_tf_server.c:393] PDC_SERVER[5]: SCHED: setting CUDA device to 0 for edge 0 func=zfp_decompress
[13:36:44.871278] [WARNING] [pdc_tf_server.c:401] PDC_SERVER[5]: SCHED: executing edge 0 func=zfp_decompress dev=GPU
[13:36:44.871861] [WARNING] [pdc_tf_server.c:475] PDC_SERVER[4]: SCHED: done running transformations
[INFO] PDC_SERVER[3]: Fetching region for obj_id=1000000001
[INFO] PDC_SERVER[3]: Checking against Object 2000000000
[INFO] PDC_SERVER[3]: Checking against Object 3000000000
[INFO] PDC_SERVER[3]: Checking against Object 4000000000
[INFO] PDC_SERVER[3]: Checking against Object 3000000002
[INFO] PDC_SERVER[3]: Checking against Object 4000000002
[INFO] PDC_SERVER[3]: Checking against Object 5000000000
[INFO] PDC_SERVER[3]: Checking against Object 4000000004
[INFO] PDC_SERVER[3]: Checking against Object 5000000002
[INFO] PDC_SERVER[3]: Checking against Object 6000000000
[INFO] PDC_SERVER[3]: Object 1000000001 NOT found in cache
[INFO] PDC_SERVER[3]: Fetching region from server for obj_id=1000000001
[INFO] PDC_SERVER[0]: Executing graph with json filepath /pscratch/sd/n/nlewi26/src/work_space/source/pdc/tf_client/graphs/zfp_gpu.json
[13:36:44.872279] [WARNING] [pdc_tf_server.c:393] PDC_SERVER[0]: SCHED: setting CUDA device to 0 for edge 0 func=zfp_decompress
[13:36:44.872290] [WARNING] [pdc_tf_server.c:401] PDC_SERVER[0]: SCHED: executing edge 0 func=zfp_decompress dev=GPU
[13:36:44.873020] [WARNING] [pdc_tf_server.c:475] PDC_SERVER[6]: SCHED: done running transformations
[INFO] PDC_SERVER[1]: Fetching region for obj_id=1000000001
[INFO] PDC_SERVER[1]: Checking against Object 2000000000
[INFO] PDC_SERVER[1]: Checking against Object 3000000000
[INFO] PDC_SERVER[1]: Checking against Object 4000000000
[INFO] PDC_SERVER[1]: Checking against Object 3000000002
[INFO] PDC_SERVER[1]: Checking against Object 4000000002
[INFO] PDC_SERVER[1]: Checking against Object 5000000000
[INFO] PDC_SERVER[1]: Checking against Object 4000000004
[INFO] PDC_SERVER[1]: Checking against Object 5000000002
[INFO] PDC_SERVER[1]: Checking against Object 6000000000
[INFO] PDC_SERVER[1]: Object 1000000001 NOT found in cache
[INFO] PDC_SERVER[1]: Fetching region from server for obj_id=1000000001
[13:36:44.875138] [WARNING] [pdc_tf_server.c:475] PDC_SERVER[7]: SCHED: done running transformations
[INFO] PDC_SERVER[4]: Fetching region for obj_id=1000000001
[INFO] PDC_SERVER[4]: Checking against Object 2000000000
[INFO] PDC_SERVER[4]: Checking against Object 3000000000
[INFO] PDC_SERVER[4]: Checking against Object 4000000000
[INFO] PDC_SERVER[4]: Checking against Object 3000000002
[INFO] PDC_SERVER[4]: Checking against Object 4000000002
[INFO] PDC_SERVER[4]: Checking against Object 5000000000
[INFO] PDC_SERVER[4]: Checking against Object 4000000004
[INFO] PDC_SERVER[4]: Checking against Object 5000000002
[INFO] PDC_SERVER[4]: Checking against Object 6000000000
[INFO] PDC_SERVER[4]: Object 1000000001 NOT found in cache
[INFO] PDC_SERVER[4]: Fetching region from server for obj_id=1000000001
[INFO] PDC_SERVER[6]: Fetching region for obj_id=1000000001
[INFO] PDC_SERVER[6]: Checking against Object 2000000000
[INFO] PDC_SERVER[6]: Checking against Object 3000000000
[INFO] PDC_SERVER[6]: Checking against Object 4000000000
[INFO] PDC_SERVER[6]: Checking against Object 3000000002
[INFO] PDC_SERVER[6]: Checking against Object 4000000002
[INFO] PDC_SERVER[6]: Checking against Object 5000000000
[INFO] PDC_SERVER[6]: Checking against Object 4000000004
[INFO] PDC_SERVER[6]: Checking against Object 5000000002
[INFO] PDC_SERVER[6]: Checking against Object 6000000000
[INFO] PDC_SERVER[6]: Object 1000000001 NOT found in cache
[INFO] PDC_SERVER[6]: Fetching region from server for obj_id=1000000001
[13:36:44.879958] [WARNING] [pdc_tf_server.c:475] PDC_SERVER[2]: SCHED: done running transformations
[INFO] PDC_SERVER[7]: Fetching region for obj_id=1000000001
[INFO] PDC_SERVER[7]: Checking against Object 2000000000
[INFO] PDC_SERVER[7]: Checking against Object 3000000000
[INFO] PDC_SERVER[7]: Checking against Object 4000000000
[INFO] PDC_SERVER[7]: Checking against Object 3000000002
[INFO] PDC_SERVER[7]: Checking against Object 4000000002
[INFO] PDC_SERVER[7]: Checking against Object 5000000000
[INFO] PDC_SERVER[7]: Checking against Object 4000000004
[INFO] PDC_SERVER[7]: Checking against Object 5000000002
[INFO] PDC_SERVER[7]: Checking against Object 6000000000
[INFO] PDC_SERVER[7]: Object 1000000001 NOT found in cache
[INFO] PDC_SERVER[7]: Fetching region from server for obj_id=1000000001
[13:36:44.883096] [WARNING] [pdc_tf_server.c:475] PDC_SERVER[0]: SCHED: done running transformations
[INFO] PDC_SERVER[2]: Fetching region for obj_id=1000000001
[INFO] PDC_SERVER[2]: Checking against Object 2000000000
[INFO] PDC_SERVER[2]: Checking against Object 3000000000
[INFO] PDC_SERVER[2]: Checking against Object 4000000000
[INFO] PDC_SERVER[2]: Checking against Object 3000000002
[INFO] PDC_SERVER[2]: Checking against Object 4000000002
[INFO] PDC_SERVER[2]: Checking against Object 5000000000
[INFO] PDC_SERVER[2]: Checking against Object 4000000004
[INFO] PDC_SERVER[2]: Checking against Object 5000000002
[INFO] PDC_SERVER[2]: Checking against Object 6000000000
[INFO] PDC_SERVER[2]: Object 1000000001 NOT found in cache
[INFO] PDC_SERVER[2]: Fetching region from server for obj_id=1000000001
[13:36:44.886919] [WARNING] [pdc_tf_server.c:475] PDC_SERVER[5]: SCHED: done running transformations
[INFO] PDC_SERVER[0]: Fetching region for obj_id=1000000001
[INFO] PDC_SERVER[0]: Checking against Object 2000000000
[INFO] PDC_SERVER[0]: Checking against Object 3000000000
[INFO] PDC_SERVER[0]: Checking against Object 4000000000
[INFO] PDC_SERVER[0]: Checking against Object 3000000002
[INFO] PDC_SERVER[0]: Checking against Object 4000000002
[INFO] PDC_SERVER[0]: Checking against Object 5000000000
[INFO] PDC_SERVER[0]: Checking against Object 4000000004
[INFO] PDC_SERVER[0]: Checking against Object 5000000002
[INFO] PDC_SERVER[0]: Checking against Object 6000000000
[INFO] PDC_SERVER[0]: Object 1000000001 NOT found in cache
[INFO] PDC_SERVER[0]: Fetching region from server for obj_id=1000000001
[13:36:44.888567] [WARNING] [pdc_tf_server.c:393] PDC_SERVER[3]: SCHED: setting CUDA device to 0 for edge 0 func=zfp_decompress
[13:36:44.888584] [WARNING] [pdc_tf_server.c:401] PDC_SERVER[3]: SCHED: executing edge 0 func=zfp_decompress dev=GPU
[13:36:44.891173] [WARNING] [pdc_tf_server.c:393] PDC_SERVER[1]: SCHED: setting CUDA device to 0 for edge 0 func=zfp_decompress
[13:36:44.891203] [WARNING] [pdc_tf_server.c:401] PDC_SERVER[1]: SCHED: executing edge 0 func=zfp_decompress dev=GPU
[INFO] PDC_SERVER[5]: Fetching region for obj_id=1000000001
[INFO] PDC_SERVER[5]: Checking against Object 2000000000
[INFO] PDC_SERVER[5]: Checking against Object 3000000000
[INFO] PDC_SERVER[5]: Checking against Object 4000000000
[INFO] PDC_SERVER[5]: Checking against Object 3000000002
[INFO] PDC_SERVER[5]: Checking against Object 4000000002
[INFO] PDC_SERVER[5]: Checking against Object 5000000000
[INFO] PDC_SERVER[5]: Checking against Object 4000000004
[INFO] PDC_SERVER[5]: Checking against Object 5000000002
[INFO] PDC_SERVER[5]: Checking against Object 6000000000
[INFO] PDC_SERVER[5]: Object 1000000001 NOT found in cache
[INFO] PDC_SERVER[5]: Fetching region from server for obj_id=1000000001
[13:36:44.895434] [WARNING] [pdc_tf_server.c:393] PDC_SERVER[6]: SCHED: setting CUDA device to 0 for edge 0 func=zfp_decompress
[13:36:44.895459] [WARNING] [pdc_tf_server.c:401] PDC_SERVER[6]: SCHED: executing edge 0 func=zfp_decompress dev=GPU
[13:36:44.896769] [WARNING] [pdc_tf_server.c:393] PDC_SERVER[7]: SCHED: setting CUDA device to 0 for edge 0 func=zfp_decompress
[13:36:44.896786] [WARNING] [pdc_tf_server.c:401] PDC_SERVER[7]: SCHED: executing edge 0 func=zfp_decompress dev=GPU
[13:36:44.897085] [WARNING] [pdc_tf_server.c:475] PDC_SERVER[3]: SCHED: done running transformations
[13:36:44.897555] [WARNING] [pdc_tf_server.c:393] PDC_SERVER[4]: SCHED: setting CUDA device to 0 for edge 0 func=zfp_decompress
[13:36:44.897583] [WARNING] [pdc_tf_server.c:401] PDC_SERVER[4]: SCHED: executing edge 0 func=zfp_decompress dev=GPU
[13:36:44.899617] [WARNING] [pdc_tf_server.c:475] PDC_SERVER[1]: SCHED: done running transformations
[INFO] PDC_SERVER[3]: Fetching region for obj_id=1000000001
[INFO] PDC_SERVER[3]: Checking against Object 2000000000
[INFO] PDC_SERVER[3]: Checking against Object 3000000000
[INFO] PDC_SERVER[3]: Checking against Object 4000000000
[INFO] PDC_SERVER[3]: Checking against Object 3000000002
[INFO] PDC_SERVER[3]: Checking against Object 4000000002
[INFO] PDC_SERVER[3]: Checking against Object 5000000000
[INFO] PDC_SERVER[3]: Checking against Object 4000000004
[INFO] PDC_SERVER[3]: Checking against Object 5000000002
[INFO] PDC_SERVER[3]: Checking against Object 6000000000
[INFO] PDC_SERVER[3]: Object 1000000001 NOT found in cache
[INFO] PDC_SERVER[3]: Fetching region from server for obj_id=1000000001
[13:36:44.902692] [WARNING] [pdc_tf_server.c:393] PDC_SERVER[2]: SCHED: setting CUDA device to 0 for edge 0 func=zfp_decompress
[13:36:44.902721] [WARNING] [pdc_tf_server.c:401] PDC_SERVER[2]: SCHED: executing edge 0 func=zfp_decompress dev=GPU
[INFO] PDC_SERVER[1]: Fetching region for obj_id=1000000001
[INFO] PDC_SERVER[1]: Checking against Object 2000000000
[INFO] PDC_SERVER[1]: Checking against Object 3000000000
[INFO] PDC_SERVER[1]: Checking against Object 4000000000
[INFO] PDC_SERVER[1]: Checking against Object 3000000002
[INFO] PDC_SERVER[1]: Checking against Object 4000000002
[INFO] PDC_SERVER[1]: Checking against Object 5000000000
[INFO] PDC_SERVER[1]: Checking against Object 4000000004
[INFO] PDC_SERVER[1]: Checking against Object 5000000002
[INFO] PDC_SERVER[1]: Checking against Object 6000000000
[INFO] PDC_SERVER[1]: Object 1000000001 NOT found in cache
[INFO] PDC_SERVER[1]: Fetching region from server for obj_id=1000000001
[13:36:44.906994] [WARNING] [pdc_tf_server.c:475] PDC_SERVER[6]: SCHED: done running transformations
[13:36:44.907112] [WARNING] [pdc_tf_server.c:475] PDC_SERVER[7]: SCHED: done running transformations
[13:36:44.908085] [WARNING] [pdc_tf_server.c:475] PDC_SERVER[4]: SCHED: done running transformations
[13:36:44.909672] [WARNING] [pdc_tf_server.c:393] PDC_SERVER[5]: SCHED: setting CUDA device to 0 for edge 0 func=zfp_decompress
[13:36:44.909691] [WARNING] [pdc_tf_server.c:401] PDC_SERVER[5]: SCHED: executing edge 0 func=zfp_decompress dev=GPU
[INFO] PDC_SERVER[0]: Executing graph with json filepath /pscratch/sd/n/nlewi26/src/work_space/source/pdc/tf_client/graphs/zfp_gpu.json
[13:36:44.910430] [WARNING] [pdc_tf_server.c:393] PDC_SERVER[0]: SCHED: setting CUDA device to 0 for edge 0 func=zfp_decompress
[13:36:44.910443] [WARNING] [pdc_tf_server.c:401] PDC_SERVER[0]: SCHED: executing edge 0 func=zfp_decompress dev=GPU
[13:36:44.910497] [WARNING] [pdc_tf_server.c:475] PDC_SERVER[2]: SCHED: done running transformations
[INFO] PDC_SERVER[4]: Fetching region for obj_id=1000000001
[INFO] PDC_SERVER[4]: Checking against Object 2000000000
[INFO] PDC_SERVER[4]: Checking against Object 3000000000
[INFO] PDC_SERVER[4]: Checking against Object 4000000000
[INFO] PDC_SERVER[4]: Checking against Object 3000000002
[INFO] PDC_SERVER[4]: Checking against Object 4000000002
[INFO] PDC_SERVER[4]: Checking against Object 5000000000
[INFO] PDC_SERVER[4]: Checking against Object 4000000004
[INFO] PDC_SERVER[4]: Checking against Object 5000000002
[INFO] PDC_SERVER[4]: Checking against Object 6000000000
[INFO] PDC_SERVER[4]: Object 1000000001 NOT found in cache
[INFO] PDC_SERVER[4]: Fetching region from server for obj_id=1000000001
[INFO] PDC_SERVER[6]: Fetching region for obj_id=1000000001
[INFO] PDC_SERVER[6]: Checking against Object 2000000000
[INFO] PDC_SERVER[6]: Checking against Object 3000000000
[INFO] PDC_SERVER[6]: Checking against Object 4000000000
[INFO] PDC_SERVER[6]: Checking against Object 3000000002
[INFO] PDC_SERVER[6]: Checking against Object 4000000002
[INFO] PDC_SERVER[6]: Checking against Object 5000000000
[INFO] PDC_SERVER[6]: Checking against Object 4000000004
[INFO] PDC_SERVER[6]: Checking against Object 5000000002
[INFO] PDC_SERVER[6]: Checking against Object 6000000000
[INFO] PDC_SERVER[6]: Object 1000000001 NOT found in cache
[INFO] PDC_SERVER[6]: Fetching region from server for obj_id=1000000001
[INFO] PDC_SERVER[7]: Fetching region for obj_id=1000000001
[INFO] PDC_SERVER[7]: Checking against Object 2000000000
[INFO] PDC_SERVER[7]: Checking against Object 3000000000
[INFO] PDC_SERVER[7]: Checking against Object 4000000000
[INFO] PDC_SERVER[7]: Checking against Object 3000000002
[INFO] PDC_SERVER[7]: Checking against Object 4000000002
[INFO] PDC_SERVER[7]: Checking against Object 5000000000
[INFO] PDC_SERVER[7]: Checking against Object 4000000004
[INFO] PDC_SERVER[7]: Checking against Object 5000000002
[INFO] PDC_SERVER[7]: Checking against Object 6000000000
[INFO] PDC_SERVER[7]: Object 1000000001 NOT found in cache
[INFO] PDC_SERVER[7]: Fetching region from server for obj_id=1000000001
[INFO] PDC_SERVER[2]: Fetching region for obj_id=1000000001
[INFO] PDC_SERVER[2]: Checking against Object 2000000000
[INFO] PDC_SERVER[2]: Checking against Object 3000000000
[INFO] PDC_SERVER[2]: Checking against Object 4000000000
[INFO] PDC_SERVER[2]: Checking against Object 3000000002
[INFO] PDC_SERVER[2]: Checking against Object 4000000002
[INFO] PDC_SERVER[2]: Checking against Object 5000000000
[INFO] PDC_SERVER[2]: Checking against Object 4000000004
[INFO] PDC_SERVER[2]: Checking against Object 5000000002
[INFO] PDC_SERVER[2]: Checking against Object 6000000000
[INFO] PDC_SERVER[2]: Object 1000000001 NOT found in cache
[INFO] PDC_SERVER[2]: Fetching region from server for obj_id=1000000001
[13:36:44.918347] [WARNING] [pdc_tf_server.c:393] PDC_SERVER[3]: SCHED: setting CUDA device to 0 for edge 0 func=zfp_decompress
[13:36:44.918365] [WARNING] [pdc_tf_server.c:401] PDC_SERVER[3]: SCHED: executing edge 0 func=zfp_decompress dev=GPU
[13:36:44.919733] [WARNING] [pdc_tf_server.c:475] PDC_SERVER[5]: SCHED: done running transformations
[13:36:44.920509] [WARNING] [pdc_tf_server.c:475] PDC_SERVER[0]: SCHED: done running transformations
[13:36:44.920829] [WARNING] [pdc_tf_server.c:393] PDC_SERVER[1]: SCHED: setting CUDA device to 0 for edge 0 func=zfp_decompress
[13:36:44.920852] [WARNING] [pdc_tf_server.c:401] PDC_SERVER[1]: SCHED: executing edge 0 func=zfp_decompress dev=GPU
[INFO] PDC_SERVER[5]: Fetching region for obj_id=1000000001
[INFO] PDC_SERVER[5]: Checking against Object 2000000000
[INFO] PDC_SERVER[5]: Checking against Object 3000000000
[INFO] PDC_SERVER[5]: Checking against Object 4000000000
[INFO] PDC_SERVER[5]: Checking against Object 3000000002
[INFO] PDC_SERVER[5]: Checking against Object 4000000002
[INFO] PDC_SERVER[5]: Checking against Object 5000000000
[INFO] PDC_SERVER[5]: Checking against Object 4000000004
[INFO] PDC_SERVER[5]: Checking against Object 5000000002
[INFO] PDC_SERVER[5]: Checking against Object 6000000000
[INFO] PDC_SERVER[5]: Object 1000000001 NOT found in cache
[INFO] PDC_SERVER[5]: Fetching region from server for obj_id=1000000001
[INFO] PDC_SERVER[0]: Fetching region for obj_id=1000000001
[INFO] PDC_SERVER[0]: Checking against Object 2000000000
[INFO] PDC_SERVER[0]: Checking against Object 3000000000
[INFO] PDC_SERVER[0]: Checking against Object 4000000000
[INFO] PDC_SERVER[0]: Checking against Object 3000000002
[INFO] PDC_SERVER[0]: Checking against Object 4000000002
[INFO] PDC_SERVER[0]: Checking against Object 5000000000
[INFO] PDC_SERVER[0]: Checking against Object 4000000004
[INFO] PDC_SERVER[0]: Checking against Object 5000000002
[INFO] PDC_SERVER[0]: Checking against Object 6000000000
[INFO] PDC_SERVER[0]: Object 1000000001 NOT found in cache
[INFO] PDC_SERVER[0]: Fetching region from server for obj_id=1000000001
[13:36:44.929037] [WARNING] [pdc_tf_server.c:475] PDC_SERVER[3]: SCHED: done running transformations
[13:36:44.930071] [WARNING] [pdc_tf_server.c:475] PDC_SERVER[1]: SCHED: done running transformations
[13:36:44.930866] [WARNING] [pdc_tf_server.c:393] PDC_SERVER[4]: SCHED: setting CUDA device to 0 for edge 0 func=zfp_decompress
[13:36:44.930884] [WARNING] [pdc_tf_server.c:401] PDC_SERVER[4]: SCHED: executing edge 0 func=zfp_decompress dev=GPU
[13:36:44.931134] [WARNING] [pdc_tf_server.c:393] PDC_SERVER[2]: SCHED: setting CUDA device to 0 for edge 0 func=zfp_decompress
[13:36:44.931158] [WARNING] [pdc_tf_server.c:401] PDC_SERVER[2]: SCHED: executing edge 0 func=zfp_decompress dev=GPU
[13:36:44.931369] [WARNING] [pdc_tf_server.c:393] PDC_SERVER[7]: SCHED: setting CUDA device to 0 for edge 0 func=zfp_decompress
[13:36:44.931401] [WARNING] [pdc_tf_server.c:401] PDC_SERVER[7]: SCHED: executing edge 0 func=zfp_decompress dev=GPU
[13:36:44.931778] [WARNING] [pdc_tf_server.c:393] PDC_SERVER[6]: SCHED: setting CUDA device to 0 for edge 0 func=zfp_decompress
[13:36:44.931800] [WARNING] [pdc_tf_server.c:401] PDC_SERVER[6]: SCHED: executing edge 0 func=zfp_decompress dev=GPU
[INFO] PDC_SERVER[3]: Fetching region for obj_id=1000000001
[INFO] PDC_SERVER[3]: Checking against Object 2000000000
[INFO] PDC_SERVER[3]: Checking against Object 3000000000
[INFO] PDC_SERVER[3]: Checking against Object 4000000000
[INFO] PDC_SERVER[3]: Checking against Object 3000000002
[INFO] PDC_SERVER[3]: Checking against Object 4000000002
[INFO] PDC_SERVER[3]: Checking against Object 5000000000
[INFO] PDC_SERVER[3]: Checking against Object 4000000004
[INFO] PDC_SERVER[3]: Checking against Object 5000000002
[INFO] PDC_SERVER[3]: Checking against Object 6000000000
[INFO] PDC_SERVER[3]: Object 1000000001 NOT found in cache
[INFO] PDC_SERVER[3]: Fetching region from server for obj_id=1000000001
[INFO] PDC_SERVER[1]: Fetching region for obj_id=1000000001
[INFO] PDC_SERVER[1]: Checking against Object 2000000000
[INFO] PDC_SERVER[1]: Checking against Object 3000000000
[INFO] PDC_SERVER[1]: Checking against Object 4000000000
[INFO] PDC_SERVER[1]: Checking against Object 3000000002
[INFO] PDC_SERVER[1]: Checking against Object 4000000002
[INFO] PDC_SERVER[1]: Checking against Object 5000000000
[INFO] PDC_SERVER[1]: Checking against Object 4000000004
[INFO] PDC_SERVER[1]: Checking against Object 5000000002
[INFO] PDC_SERVER[1]: Checking against Object 6000000000
[INFO] PDC_SERVER[1]: Object 1000000001 NOT found in cache
[INFO] PDC_SERVER[1]: Fetching region from server for obj_id=1000000001
[13:36:44.939342] [WARNING] [pdc_tf_server.c:475] PDC_SERVER[2]: SCHED: done running transformations
[13:36:44.941835] [WARNING] [pdc_tf_server.c:475] PDC_SERVER[4]: SCHED: done running transformations
[13:36:44.942125] [WARNING] [pdc_tf_server.c:393] PDC_SERVER[5]: SCHED: setting CUDA device to 0 for edge 0 func=zfp_decompress
[13:36:44.942145] [WARNING] [pdc_tf_server.c:401] PDC_SERVER[5]: SCHED: executing edge 0 func=zfp_decompress dev=GPU
[13:36:44.943218] [WARNING] [pdc_tf_server.c:475] PDC_SERVER[7]: SCHED: done running transformations
[INFO] PDC_SERVER[0]: Executing graph with json filepath /pscratch/sd/n/nlewi26/src/work_space/source/pdc/tf_client/graphs/zfp_gpu.json
[13:36:44.943502] [WARNING] [pdc_tf_server.c:393] PDC_SERVER[0]: SCHED: setting CUDA device to 0 for edge 0 func=zfp_decompress
[13:36:44.943512] [WARNING] [pdc_tf_server.c:401] PDC_SERVER[0]: SCHED: executing edge 0 func=zfp_decompress dev=GPU
[INFO] PDC_SERVER[2]: Fetching region for obj_id=1000000001
[INFO] PDC_SERVER[2]: Checking against Object 2000000000
[INFO] PDC_SERVER[2]: Checking against Object 3000000000
[INFO] PDC_SERVER[2]: Checking against Object 4000000000
[INFO] PDC_SERVER[2]: Checking against Object 3000000002
[INFO] PDC_SERVER[2]: Checking against Object 4000000002
[INFO] PDC_SERVER[2]: Checking against Object 5000000000
[INFO] PDC_SERVER[2]: Checking against Object 4000000004
[INFO] PDC_SERVER[2]: Checking against Object 5000000002
[INFO] PDC_SERVER[2]: Checking against Object 6000000000
[INFO] PDC_SERVER[2]: Object 1000000001 NOT found in cache
[INFO] PDC_SERVER[2]: Fetching region from server for obj_id=1000000001
[13:36:44.945201] [WARNING] [pdc_tf_server.c:475] PDC_SERVER[6]: SCHED: done running transformations
[INFO] PDC_SERVER[4]: Fetching region for obj_id=1000000001
[INFO] PDC_SERVER[4]: Checking against Object 2000000000
[INFO] PDC_SERVER[4]: Checking against Object 3000000000
[INFO] PDC_SERVER[4]: Checking against Object 4000000000
[INFO] PDC_SERVER[4]: Checking against Object 3000000002
[INFO] PDC_SERVER[4]: Checking against Object 4000000002
[INFO] PDC_SERVER[4]: Checking against Object 5000000000
[INFO] PDC_SERVER[4]: Checking against Object 4000000004
[INFO] PDC_SERVER[4]: Checking against Object 5000000002
[INFO] PDC_SERVER[4]: Checking against Object 6000000000
[INFO] PDC_SERVER[4]: Object 1000000001 NOT found in cache
[INFO] PDC_SERVER[4]: Fetching region from server for obj_id=1000000001
[INFO] PDC_SERVER[7]: Fetching region for obj_id=1000000001
[INFO] PDC_SERVER[7]: Checking against Object 2000000000
[INFO] PDC_SERVER[7]: Checking against Object 3000000000
[INFO] PDC_SERVER[7]: Checking against Object 4000000000
[INFO] PDC_SERVER[7]: Checking against Object 3000000002
[INFO] PDC_SERVER[7]: Checking against Object 4000000002
[INFO] PDC_SERVER[7]: Checking against Object 5000000000
[INFO] PDC_SERVER[7]: Checking against Object 4000000004
[INFO] PDC_SERVER[7]: Checking against Object 5000000002
[INFO] PDC_SERVER[7]: Checking against Object 6000000000
[INFO] PDC_SERVER[7]: Object 1000000001 NOT found in cache
[INFO] PDC_SERVER[7]: Fetching region from server for obj_id=1000000001
[13:36:44.950975] [WARNING] [pdc_tf_server.c:393] PDC_SERVER[3]: SCHED: setting CUDA device to 0 for edge 0 func=zfp_decompress
[13:36:44.950991] [WARNING] [pdc_tf_server.c:401] PDC_SERVER[3]: SCHED: executing edge 0 func=zfp_decompress dev=GPU
[INFO] PDC_SERVER[6]: Fetching region for obj_id=1000000001
[INFO] PDC_SERVER[6]: Checking against Object 2000000000
[INFO] PDC_SERVER[6]: Checking against Object 3000000000
[INFO] PDC_SERVER[6]: Checking against Object 4000000000
[INFO] PDC_SERVER[6]: Checking against Object 3000000002
[INFO] PDC_SERVER[6]: Checking against Object 4000000002
[INFO] PDC_SERVER[6]: Checking against Object 5000000000
[INFO] PDC_SERVER[6]: Checking against Object 4000000004
[INFO] PDC_SERVER[6]: Checking against Object 5000000002
[INFO] PDC_SERVER[6]: Checking against Object 6000000000
[INFO] PDC_SERVER[6]: Object 1000000001 NOT found in cache
[INFO] PDC_SERVER[6]: Fetching region from server for obj_id=1000000001
[13:36:44.951744] [WARNING] [pdc_tf_server.c:393] PDC_SERVER[1]: SCHED: setting CUDA device to 0 for edge 0 func=zfp_decompress
[13:36:44.951761] [WARNING] [pdc_tf_server.c:401] PDC_SERVER[1]: SCHED: executing edge 0 func=zfp_decompress dev=GPU
[13:36:44.952131] [WARNING] [pdc_tf_server.c:475] PDC_SERVER[0]: SCHED: done running transformations
[13:36:44.954319] [WARNING] [pdc_tf_server.c:475] PDC_SERVER[5]: SCHED: done running transformations
[INFO] PDC_SERVER[0]: Fetching region for obj_id=1000000001
[INFO] PDC_SERVER[0]: Checking against Object 2000000000
[INFO] PDC_SERVER[0]: Checking against Object 3000000000
[INFO] PDC_SERVER[0]: Checking against Object 4000000000
[INFO] PDC_SERVER[0]: Checking against Object 3000000002
[INFO] PDC_SERVER[0]: Checking against Object 4000000002
[INFO] PDC_SERVER[0]: Checking against Object 5000000000
[INFO] PDC_SERVER[0]: Checking against Object 4000000004
[INFO] PDC_SERVER[0]: Checking against Object 5000000002
[INFO] PDC_SERVER[0]: Checking against Object 6000000000
[INFO] PDC_SERVER[0]: Object 1000000001 NOT found in cache
[INFO] PDC_SERVER[0]: Fetching region from server for obj_id=1000000001
[INFO] PDC_SERVER[5]: Fetching region for obj_id=1000000001
[INFO] PDC_SERVER[5]: Checking against Object 2000000000
[INFO] PDC_SERVER[5]: Checking against Object 3000000000
[INFO] PDC_SERVER[5]: Checking against Object 4000000000
[INFO] PDC_SERVER[5]: Checking against Object 3000000002
[INFO] PDC_SERVER[5]: Checking against Object 4000000002
[INFO] PDC_SERVER[5]: Checking against Object 5000000000
[INFO] PDC_SERVER[5]: Checking against Object 4000000004
[INFO] PDC_SERVER[5]: Checking against Object 5000000002
[INFO] PDC_SERVER[5]: Checking against Object 6000000000
[INFO] PDC_SERVER[5]: Object 1000000001 NOT found in cache
[INFO] PDC_SERVER[5]: Fetching region from server for obj_id=1000000001
[13:36:44.961961] [WARNING] [pdc_tf_server.c:475] PDC_SERVER[3]: SCHED: done running transformations
[13:36:44.962225] [WARNING] [pdc_tf_server.c:475] PDC_SERVER[1]: SCHED: done running transformations
[13:36:44.964661] [WARNING] [pdc_tf_server.c:393] PDC_SERVER[4]: SCHED: setting CUDA device to 0 for edge 0 func=zfp_decompress
[13:36:44.964681] [WARNING] [pdc_tf_server.c:401] PDC_SERVER[4]: SCHED: executing edge 0 func=zfp_decompress dev=GPU
[13:36:44.964673] [WARNING] [pdc_tf_server.c:393] PDC_SERVER[2]: SCHED: setting CUDA device to 0 for edge 0 func=zfp_decompress
[13:36:44.964697] [WARNING] [pdc_tf_server.c:401] PDC_SERVER[2]: SCHED: executing edge 0 func=zfp_decompress dev=GPU
[13:36:44.966765] [WARNING] [pdc_tf_server.c:393] PDC_SERVER[7]: SCHED: setting CUDA device to 0 for edge 0 func=zfp_decompress
[13:36:44.966791] [WARNING] [pdc_tf_server.c:401] PDC_SERVER[7]: SCHED: executing edge 0 func=zfp_decompress dev=GPU
[INFO] PDC_SERVER[1]: Fetching region for obj_id=1000000001
[INFO] PDC_SERVER[1]: Checking against Object 2000000000
[INFO] PDC_SERVER[1]: Checking against Object 3000000000
[INFO] PDC_SERVER[1]: Checking against Object 4000000000
[INFO] PDC_SERVER[1]: Checking against Object 3000000002
[INFO] PDC_SERVER[3]: Fetching region for obj_id=1000000001
[INFO] PDC_SERVER[3]: Checking against Object 2000000000
[INFO] PDC_SERVER[3]: Checking against Object 3000000000
[INFO] PDC_SERVER[3]: Checking against Object 4000000000
[INFO] PDC_SERVER[3]: Checking against Object 3000000002
[INFO] PDC_SERVER[3]: Checking against Object 4000000002
[INFO] PDC_SERVER[3]: Checking against Object 5000000000
[INFO] PDC_SERVER[1]: Checking against Object 4000000002
[INFO] PDC_SERVER[1]: Checking against Object 5000000000
[INFO] PDC_SERVER[1]: Checking against Object 4000000004
[INFO] PDC_SERVER[1]: Checking against Object 5000000002
[INFO] PDC_SERVER[1]: Checking against Object 6000000000
[INFO] PDC_SERVER[1]: Object 1000000001 NOT found in cache
[INFO] PDC_SERVER[3]: Checking against Object 4000000004
[INFO] PDC_SERVER[3]: Checking against Object 5000000002
[INFO] PDC_SERVER[3]: Checking against Object 6000000000
[INFO] PDC_SERVER[3]: Object 1000000001 NOT found in cache
[INFO] PDC_SERVER[3]: Fetching region from server for obj_id=1000000001
[INFO] PDC_SERVER[1]: Fetching region from server for obj_id=1000000001
[13:36:44.967486] [WARNING] [pdc_tf_server.c:393] PDC_SERVER[6]: SCHED: setting CUDA device to 0 for edge 0 func=zfp_decompress
[13:36:44.967505] [WARNING] [pdc_tf_server.c:401] PDC_SERVER[6]: SCHED: executing edge 0 func=zfp_decompress dev=GPU
[13:36:44.972572] [WARNING] [pdc_tf_server.c:475] PDC_SERVER[2]: SCHED: done running transformations
[13:36:44.975077] [WARNING] [pdc_tf_server.c:475] PDC_SERVER[4]: SCHED: done running transformations
[INFO] PDC_SERVER[0]: Executing graph with json filepath /pscratch/sd/n/nlewi26/src/work_space/source/pdc/tf_client/graphs/zfp_gpu.json
[13:36:44.975329] [WARNING] [pdc_tf_server.c:393] PDC_SERVER[0]: SCHED: setting CUDA device to 0 for edge 0 func=zfp_decompress
[13:36:44.975340] [WARNING] [pdc_tf_server.c:401] PDC_SERVER[0]: SCHED: executing edge 0 func=zfp_decompress dev=GPU
[13:36:44.977296] [WARNING] [pdc_tf_server.c:475] PDC_SERVER[7]: SCHED: done running transformations
[INFO] PDC_SERVER[2]: Fetching region for obj_id=1000000001
[INFO] PDC_SERVER[2]: Checking against Object 2000000000
[INFO] PDC_SERVER[2]: Checking against Object 3000000000
[INFO] PDC_SERVER[2]: Checking against Object 4000000000
[INFO] PDC_SERVER[2]: Checking against Object 3000000002
[INFO] PDC_SERVER[2]: Checking against Object 4000000002
[INFO] PDC_SERVER[2]: Checking against Object 5000000000
[INFO] PDC_SERVER[2]: Checking against Object 4000000004
[INFO] PDC_SERVER[2]: Checking against Object 5000000002
[INFO] PDC_SERVER[2]: Checking against Object 6000000000
[INFO] PDC_SERVER[2]: Object 1000000001 NOT found in cache
[INFO] PDC_SERVER[2]: Fetching region from server for obj_id=1000000001
[13:36:44.980835] [WARNING] [pdc_tf_server.c:475] PDC_SERVER[6]: SCHED: done running transformations
[INFO] PDC_SERVER[4]: Fetching region for obj_id=1000000001
[INFO] PDC_SERVER[4]: Checking against Object 2000000000
[INFO] PDC_SERVER[4]: Checking against Object 3000000000
[INFO] PDC_SERVER[4]: Checking against Object 4000000000
[INFO] PDC_SERVER[4]: Checking against Object 3000000002
[INFO] PDC_SERVER[4]: Checking against Object 4000000002
[INFO] PDC_SERVER[4]: Checking against Object 5000000000
[INFO] PDC_SERVER[4]: Checking against Object 4000000004
[INFO] PDC_SERVER[4]: Checking against Object 5000000002
[INFO] PDC_SERVER[4]: Checking against Object 6000000000
[INFO] PDC_SERVER[4]: Object 1000000001 NOT found in cache
[INFO] PDC_SERVER[4]: Fetching region from server for obj_id=1000000001
[13:36:44.983335] [WARNING] [pdc_tf_server.c:393] PDC_SERVER[1]: SCHED: setting CUDA device to 0 for edge 0 func=zfp_decompress
[13:36:44.983360] [WARNING] [pdc_tf_server.c:401] PDC_SERVER[1]: SCHED: executing edge 0 func=zfp_decompress dev=GPU
[13:36:44.983362] [WARNING] [pdc_tf_server.c:393] PDC_SERVER[3]: SCHED: setting CUDA device to 0 for edge 0 func=zfp_decompress
[13:36:44.983382] [WARNING] [pdc_tf_server.c:401] PDC_SERVER[3]: SCHED: executing edge 0 func=zfp_decompress dev=GPU
[INFO] PDC_SERVER[7]: Fetching region for obj_id=1000000001
[INFO] PDC_SERVER[7]: Checking against Object 2000000000
[INFO] PDC_SERVER[7]: Checking against Object 3000000000
[INFO] PDC_SERVER[7]: Checking against Object 4000000000
[INFO] PDC_SERVER[7]: Checking against Object 3000000002
[INFO] PDC_SERVER[7]: Checking against Object 4000000002
[INFO] PDC_SERVER[7]: Checking against Object 5000000000
[INFO] PDC_SERVER[7]: Checking against Object 4000000004
[INFO] PDC_SERVER[7]: Checking against Object 5000000002
[INFO] PDC_SERVER[7]: Checking against Object 6000000000
[INFO] PDC_SERVER[7]: Object 1000000001 NOT found in cache
[INFO] PDC_SERVER[7]: Fetching region from server for obj_id=1000000001
[13:36:44.984273] [WARNING] [pdc_tf_server.c:475] PDC_SERVER[0]: SCHED: done running transformations
[13:36:44.985307] [WARNING] [pdc_tf_server.c:393] PDC_SERVER[5]: SCHED: setting CUDA device to 0 for edge 0 func=zfp_decompress
[13:36:44.985340] [WARNING] [pdc_tf_server.c:401] PDC_SERVER[5]: SCHED: executing edge 0 func=zfp_decompress dev=GPU
[INFO] PDC_SERVER[6]: Fetching region for obj_id=1000000001
[INFO] PDC_SERVER[6]: Checking against Object 2000000000
[INFO] PDC_SERVER[6]: Checking against Object 3000000000
[INFO] PDC_SERVER[6]: Checking against Object 4000000000
[INFO] PDC_SERVER[6]: Checking against Object 3000000002
[INFO] PDC_SERVER[6]: Checking against Object 4000000002
[INFO] PDC_SERVER[6]: Checking against Object 5000000000
[INFO] PDC_SERVER[6]: Checking against Object 4000000004
[INFO] PDC_SERVER[6]: Checking against Object 5000000002
[INFO] PDC_SERVER[6]: Checking against Object 6000000000
[INFO] PDC_SERVER[6]: Object 1000000001 NOT found in cache
[INFO] PDC_SERVER[6]: Fetching region from server for obj_id=1000000001
[INFO] PDC_SERVER[0]: Fetching region for obj_id=1000000001
[INFO] PDC_SERVER[0]: Checking against Object 2000000000
[INFO] PDC_SERVER[0]: Checking against Object 3000000000
[INFO] PDC_SERVER[0]: Checking against Object 4000000000
[INFO] PDC_SERVER[0]: Checking against Object 3000000002
[INFO] PDC_SERVER[0]: Checking against Object 4000000002
[INFO] PDC_SERVER[0]: Checking against Object 5000000000
[INFO] PDC_SERVER[0]: Checking against Object 4000000004
[INFO] PDC_SERVER[0]: Checking against Object 5000000002
[INFO] PDC_SERVER[0]: Checking against Object 6000000000
[INFO] PDC_SERVER[0]: Object 1000000001 NOT found in cache
[INFO] PDC_SERVER[0]: Fetching region from server for obj_id=1000000001
[13:36:44.993880] [WARNING] [pdc_tf_server.c:393] PDC_SERVER[2]: SCHED: setting CUDA device to 0 for edge 0 func=zfp_decompress
[13:36:44.993908] [WARNING] [pdc_tf_server.c:401] PDC_SERVER[2]: SCHED: executing edge 0 func=zfp_decompress dev=GPU
[13:36:44.994828] [WARNING] [pdc_tf_server.c:475] PDC_SERVER[3]: SCHED: done running transformations
[13:36:44.995080] [WARNING] [pdc_tf_server.c:475] PDC_SERVER[1]: SCHED: done running transformations
[13:36:44.997467] [WARNING] [pdc_tf_server.c:475] PDC_SERVER[5]: SCHED: done running transformations
[13:36:44.997888] [WARNING] [pdc_tf_server.c:393] PDC_SERVER[4]: SCHED: setting CUDA device to 0 for edge 0 func=zfp_decompress
[13:36:44.997908] [WARNING] [pdc_tf_server.c:401] PDC_SERVER[4]: SCHED: executing edge 0 func=zfp_decompress dev=GPU
[INFO] PDC_SERVER[3]: Fetching region for obj_id=1000000001
[INFO] PDC_SERVER[3]: Checking against Object 2000000000
[INFO] PDC_SERVER[3]: Checking against Object 3000000000
[INFO] PDC_SERVER[3]: Checking against Object 4000000000
[INFO] PDC_SERVER[3]: Checking against Object 3000000002
[INFO] PDC_SERVER[3]: Checking against Object 4000000002
[INFO] PDC_SERVER[3]: Checking against Object 5000000000
[INFO] PDC_SERVER[3]: Checking against Object 4000000004
[INFO] PDC_SERVER[3]: Checking against Object 5000000002
[INFO] PDC_SERVER[3]: Checking against Object 6000000000
[INFO] PDC_SERVER[3]: Object 1000000001 NOT found in cache
[INFO] PDC_SERVER[3]: Fetching region from server for obj_id=1000000001
[INFO] PDC_SERVER[1]: Fetching region for obj_id=1000000001
[INFO] PDC_SERVER[1]: Checking against Object 2000000000
[INFO] PDC_SERVER[1]: Checking against Object 3000000000
[INFO] PDC_SERVER[1]: Checking against Object 4000000000
[INFO] PDC_SERVER[1]: Checking against Object 3000000002
[INFO] PDC_SERVER[1]: Checking against Object 4000000002
[INFO] PDC_SERVER[1]: Checking against Object 5000000000
[INFO] PDC_SERVER[1]: Checking against Object 4000000004
[INFO] PDC_SERVER[1]: Checking against Object 5000000002
[INFO] PDC_SERVER[1]: Checking against Object 6000000000
[INFO] PDC_SERVER[1]: Object 1000000001 NOT found in cache
[INFO] PDC_SERVER[1]: Fetching region from server for obj_id=1000000001
[13:36:45.000476] [WARNING] [pdc_tf_server.c:393] PDC_SERVER[7]: SCHED: setting CUDA device to 0 for edge 0 func=zfp_decompress
[13:36:45.000494] [WARNING] [pdc_tf_server.c:401] PDC_SERVER[7]: SCHED: executing edge 0 func=zfp_decompress dev=GPU
[INFO] PDC_SERVER[5]: Fetching region for obj_id=1000000001
[INFO] PDC_SERVER[5]: Checking against Object 2000000000
[INFO] PDC_SERVER[5]: Checking against Object 3000000000
[INFO] PDC_SERVER[5]: Checking against Object 4000000000
[INFO] PDC_SERVER[5]: Checking against Object 3000000002
[INFO] PDC_SERVER[5]: Checking against Object 4000000002
[INFO] PDC_SERVER[5]: Checking against Object 5000000000
[INFO] PDC_SERVER[5]: Checking against Object 4000000004
[INFO] PDC_SERVER[5]: Checking against Object 5000000002
[INFO] PDC_SERVER[5]: Checking against Object 6000000000
[INFO] PDC_SERVER[5]: Object 1000000001 NOT found in cache
[INFO] PDC_SERVER[5]: Fetching region from server for obj_id=1000000001
[13:36:45.005151] [WARNING] [pdc_tf_server.c:393] PDC_SERVER[6]: SCHED: setting CUDA device to 0 for edge 0 func=zfp_decompress
[13:36:45.005166] [WARNING] [pdc_tf_server.c:401] PDC_SERVER[6]: SCHED: executing edge 0 func=zfp_decompress dev=GPU
[13:36:45.006195] [WARNING] [pdc_tf_server.c:475] PDC_SERVER[2]: SCHED: done running transformations
[INFO] PDC_SERVER[0]: Executing graph with json filepath /pscratch/sd/n/nlewi26/src/work_space/source/pdc/tf_client/graphs/zfp_gpu.json
[13:36:45.008523] [WARNING] [pdc_tf_server.c:393] PDC_SERVER[0]: SCHED: setting CUDA device to 0 for edge 0 func=zfp_decompress
[13:36:45.008535] [WARNING] [pdc_tf_server.c:401] PDC_SERVER[0]: SCHED: executing edge 0 func=zfp_decompress dev=GPU
[INFO] PDC_SERVER[2]: Fetching region for obj_id=1000000001
[INFO] PDC_SERVER[2]: Checking against Object 2000000000
[INFO] PDC_SERVER[2]: Checking against Object 3000000000
[INFO] PDC_SERVER[2]: Checking against Object 4000000000
[INFO] PDC_SERVER[2]: Checking against Object 3000000002
[INFO] PDC_SERVER[2]: Checking against Object 4000000002
[INFO] PDC_SERVER[2]: Checking against Object 5000000000
[INFO] PDC_SERVER[2]: Checking against Object 4000000004
[INFO] PDC_SERVER[2]: Checking against Object 5000000002
[INFO] PDC_SERVER[2]: Checking against Object 6000000000
[INFO] PDC_SERVER[2]: Object 1000000001 NOT found in cache
[INFO] PDC_SERVER[2]: Fetching region from server for obj_id=1000000001
[13:36:45.013728] [WARNING] [pdc_tf_server.c:475] PDC_SERVER[4]: SCHED: done running transformations
[13:36:45.015927] [WARNING] [pdc_tf_server.c:393] PDC_SERVER[1]: SCHED: setting CUDA device to 0 for edge 0 func=zfp_decompress
[13:36:45.015945] [WARNING] [pdc_tf_server.c:401] PDC_SERVER[1]: SCHED: executing edge 0 func=zfp_decompress dev=GPU
[13:36:45.016023] [WARNING] [pdc_tf_server.c:393] PDC_SERVER[3]: SCHED: setting CUDA device to 0 for edge 0 func=zfp_decompress
[13:36:45.016045] [WARNING] [pdc_tf_server.c:401] PDC_SERVER[3]: SCHED: executing edge 0 func=zfp_decompress dev=GPU
[13:36:45.016399] [WARNING] [pdc_tf_server.c:475] PDC_SERVER[7]: SCHED: done running transformations
[13:36:45.017319] [WARNING] [pdc_tf_server.c:475] PDC_SERVER[0]: SCHED: done running transformations
[INFO] PDC_SERVER[4]: Fetching region for obj_id=1000000001
[INFO] PDC_SERVER[4]: Checking against Object 2000000000
[INFO] PDC_SERVER[4]: Checking against Object 3000000000
[INFO] PDC_SERVER[4]: Checking against Object 4000000000
[INFO] PDC_SERVER[4]: Checking against Object 3000000002
[INFO] PDC_SERVER[4]: Checking against Object 4000000002
[INFO] PDC_SERVER[4]: Checking against Object 5000000000
[INFO] PDC_SERVER[4]: Checking against Object 4000000004
[INFO] PDC_SERVER[4]: Checking against Object 5000000002
[INFO] PDC_SERVER[4]: Checking against Object 6000000000
[INFO] PDC_SERVER[4]: Object 1000000001 NOT found in cache
[INFO] PDC_SERVER[4]: Fetching region from server for obj_id=1000000001
[13:36:45.021462] [WARNING] [pdc_tf_server.c:393] PDC_SERVER[5]: SCHED: setting CUDA device to 0 for edge 0 func=zfp_decompress
[13:36:45.021494] [WARNING] [pdc_tf_server.c:401] PDC_SERVER[5]: SCHED: executing edge 0 func=zfp_decompress dev=GPU
[INFO] PDC_SERVER[7]: Fetching region for obj_id=1000000001
[INFO] PDC_SERVER[7]: Checking against Object 2000000000
[INFO] PDC_SERVER[7]: Checking against Object 3000000000
[INFO] PDC_SERVER[7]: Checking against Object 4000000000
[INFO] PDC_SERVER[7]: Checking against Object 3000000002
[INFO] PDC_SERVER[7]: Checking against Object 4000000002
[INFO] PDC_SERVER[7]: Checking against Object 5000000000
[INFO] PDC_SERVER[7]: Checking against Object 4000000004
[INFO] PDC_SERVER[7]: Checking against Object 5000000002
[INFO] PDC_SERVER[7]: Checking against Object 6000000000
[INFO] PDC_SERVER[7]: Object 1000000001 NOT found in cache
[INFO] PDC_SERVER[7]: Fetching region from server for obj_id=1000000001
[INFO] PDC_SERVER[0]: Fetching region for obj_id=1000000001
[INFO] PDC_SERVER[0]: Checking against Object 2000000000
[INFO] PDC_SERVER[0]: Checking against Object 3000000000
[INFO] PDC_SERVER[0]: Checking against Object 4000000000
[INFO] PDC_SERVER[0]: Checking against Object 3000000002
[INFO] PDC_SERVER[0]: Checking against Object 4000000002
[INFO] PDC_SERVER[0]: Checking against Object 5000000000
[INFO] PDC_SERVER[0]: Checking against Object 4000000004
[INFO] PDC_SERVER[0]: Checking against Object 5000000002
[INFO] PDC_SERVER[0]: Checking against Object 6000000000
[INFO] PDC_SERVER[0]: Object 1000000001 NOT found in cache
[INFO] PDC_SERVER[0]: Fetching region from server for obj_id=1000000001
[13:36:45.027527] [WARNING] [pdc_tf_server.c:475] PDC_SERVER[3]: SCHED: done running transformations
[13:36:45.027781] [WARNING] [pdc_tf_server.c:475] PDC_SERVER[1]: SCHED: done running transformations
[13:36:45.031356] [WARNING] [pdc_tf_server.c:475] PDC_SERVER[6]: SCHED: done running transformations
[INFO] PDC_SERVER[3]: Fetching region for obj_id=1000000001
[INFO] PDC_SERVER[3]: Checking against Object 2000000000
[INFO] PDC_SERVER[3]: Checking against Object 3000000000
[INFO] PDC_SERVER[3]: Checking against Object 4000000000
[INFO] PDC_SERVER[3]: Checking against Object 3000000002
[INFO] PDC_SERVER[3]: Checking against Object 4000000002
[INFO] PDC_SERVER[3]: Checking against Object 5000000000
[INFO] PDC_SERVER[3]: Checking against Object 4000000004
[INFO] PDC_SERVER[3]: Checking against Object 5000000002
[INFO] PDC_SERVER[3]: Checking against Object 6000000000
[INFO] PDC_SERVER[3]: Object 1000000001 NOT found in cache
[INFO] PDC_SERVER[3]: Fetching region from server for obj_id=1000000001
[INFO] PDC_SERVER[1]: Fetching region for obj_id=1000000001
[INFO] PDC_SERVER[1]: Checking against Object 2000000000
[INFO] PDC_SERVER[1]: Checking against Object 3000000000
[INFO] PDC_SERVER[1]: Checking against Object 4000000000
[INFO] PDC_SERVER[1]: Checking against Object 3000000002
[INFO] PDC_SERVER[1]: Checking against Object 4000000002
[INFO] PDC_SERVER[1]: Checking against Object 5000000000
[INFO] PDC_SERVER[1]: Checking against Object 4000000004
[INFO] PDC_SERVER[1]: Checking against Object 5000000002
[INFO] PDC_SERVER[1]: Checking against Object 6000000000
[INFO] PDC_SERVER[1]: Object 1000000001 NOT found in cache
[INFO] PDC_SERVER[1]: Fetching region from server for obj_id=1000000001
[13:36:45.034889] [WARNING] [pdc_tf_server.c:393] PDC_SERVER[2]: SCHED: setting CUDA device to 0 for edge 0 func=zfp_decompress
[13:36:45.034920] [WARNING] [pdc_tf_server.c:401] PDC_SERVER[2]: SCHED: executing edge 0 func=zfp_decompress dev=GPU
[13:36:45.035505] [WARNING] [pdc_tf_server.c:393] PDC_SERVER[4]: SCHED: setting CUDA device to 0 for edge 0 func=zfp_decompress
[13:36:45.035523] [WARNING] [pdc_tf_server.c:401] PDC_SERVER[4]: SCHED: executing edge 0 func=zfp_decompress dev=GPU
[INFO] PDC_SERVER[6]: Fetching region for obj_id=1000000001
[INFO] PDC_SERVER[6]: Checking against Object 2000000000
[INFO] PDC_SERVER[6]: Checking against Object 3000000000
[INFO] PDC_SERVER[6]: Checking against Object 4000000000
[INFO] PDC_SERVER[6]: Checking against Object 3000000002
[INFO] PDC_SERVER[6]: Checking against Object 4000000002
[INFO] PDC_SERVER[6]: Checking against Object 5000000000
[INFO] PDC_SERVER[6]: Checking against Object 4000000004
[INFO] PDC_SERVER[6]: Checking against Object 5000000002
[INFO] PDC_SERVER[6]: Checking against Object 6000000000
[INFO] PDC_SERVER[6]: Object 1000000001 NOT found in cache
[INFO] PDC_SERVER[6]: Fetching region from server for obj_id=1000000001
[13:36:45.039090] [WARNING] [pdc_tf_server.c:475] PDC_SERVER[5]: SCHED: done running transformations
[13:36:45.040480] [WARNING] [pdc_tf_server.c:393] PDC_SERVER[7]: SCHED: setting CUDA device to 0 for edge 0 func=zfp_decompress
[13:36:45.040498] [WARNING] [pdc_tf_server.c:401] PDC_SERVER[7]: SCHED: executing edge 0 func=zfp_decompress dev=GPU
[INFO] PDC_SERVER[0]: Executing graph with json filepath /pscratch/sd/n/nlewi26/src/work_space/source/pdc/tf_client/graphs/zfp_gpu.json
[13:36:45.041001] [WARNING] [pdc_tf_server.c:393] PDC_SERVER[0]: SCHED: setting CUDA device to 0 for edge 0 func=zfp_decompress
[13:36:45.041015] [WARNING] [pdc_tf_server.c:401] PDC_SERVER[0]: SCHED: executing edge 0 func=zfp_decompress dev=GPU
[INFO] PDC_SERVER[5]: Fetching region for obj_id=1000000001
[INFO] PDC_SERVER[5]: Checking against Object 2000000000
[INFO] PDC_SERVER[5]: Checking against Object 3000000000
[INFO] PDC_SERVER[5]: Checking against Object 4000000000
[INFO] PDC_SERVER[5]: Checking against Object 3000000002
[INFO] PDC_SERVER[5]: Checking against Object 4000000002
[INFO] PDC_SERVER[5]: Checking against Object 5000000000
[INFO] PDC_SERVER[5]: Checking against Object 4000000004
[INFO] PDC_SERVER[5]: Checking against Object 5000000002
[INFO] PDC_SERVER[5]: Checking against Object 6000000000
[INFO] PDC_SERVER[5]: Object 1000000001 NOT found in cache
[INFO] PDC_SERVER[5]: Fetching region from server for obj_id=1000000001
[13:36:45.047749] [WARNING] [pdc_tf_server.c:475] PDC_SERVER[2]: SCHED: done running transformations
[13:36:45.048877] [WARNING] [pdc_tf_server.c:393] PDC_SERVER[3]: SCHED: setting CUDA device to 0 for edge 0 func=zfp_decompress
[13:36:45.048903] [WARNING] [pdc_tf_server.c:401] PDC_SERVER[3]: SCHED: executing edge 0 func=zfp_decompress dev=GPU
[13:36:45.052861] [WARNING] [pdc_tf_server.c:475] PDC_SERVER[4]: SCHED: done running transformations
[INFO] PDC_SERVER[2]: Fetching region for obj_id=1000000001
[INFO] PDC_SERVER[2]: Checking against Object 2000000000
[INFO] PDC_SERVER[2]: Checking against Object 3000000000
[INFO] PDC_SERVER[2]: Checking against Object 4000000000
[INFO] PDC_SERVER[2]: Checking against Object 3000000002
[INFO] PDC_SERVER[2]: Checking against Object 4000000002
[INFO] PDC_SERVER[2]: Checking against Object 5000000000
[INFO] PDC_SERVER[2]: Checking against Object 4000000004
[INFO] PDC_SERVER[2]: Checking against Object 5000000002
[INFO] PDC_SERVER[2]: Checking against Object 6000000000
[INFO] PDC_SERVER[2]: Object 1000000001 NOT found in cache
[INFO] PDC_SERVER[2]: Fetching region from server for obj_id=1000000001
[13:36:45.053999] [WARNING] [pdc_tf_server.c:393] PDC_SERVER[1]: SCHED: setting CUDA device to 0 for edge 0 func=zfp_decompress
[13:36:45.054024] [WARNING] [pdc_tf_server.c:401] PDC_SERVER[1]: SCHED: executing edge 0 func=zfp_decompress dev=GPU
[13:36:45.054132] [WARNING] [pdc_tf_server.c:393] PDC_SERVER[6]: SCHED: setting CUDA device to 0 for edge 0 func=zfp_decompress
[13:36:45.054150] [WARNING] [pdc_tf_server.c:401] PDC_SERVER[6]: SCHED: executing edge 0 func=zfp_decompress dev=GPU
[13:36:45.056700] [WARNING] [pdc_tf_server.c:475] PDC_SERVER[0]: SCHED: done running transformations
[INFO] PDC_SERVER[4]: Fetching region for obj_id=1000000001
[INFO] PDC_SERVER[4]: Checking against Object 2000000000
[INFO] PDC_SERVER[4]: Checking against Object 3000000000
[INFO] PDC_SERVER[4]: Checking against Object 4000000000
[INFO] PDC_SERVER[4]: Checking against Object 3000000002
[INFO] PDC_SERVER[4]: Checking against Object 4000000002
[INFO] PDC_SERVER[4]: Checking against Object 5000000000
[INFO] PDC_SERVER[4]: Checking against Object 4000000004
[INFO] PDC_SERVER[4]: Checking against Object 5000000002
[INFO] PDC_SERVER[4]: Checking against Object 6000000000
[INFO] PDC_SERVER[4]: Object 1000000001 NOT found in cache
[INFO] PDC_SERVER[4]: Fetching region from server for obj_id=1000000001
[13:36:45.058725] [WARNING] [pdc_tf_server.c:475] PDC_SERVER[7]: SCHED: done running transformations
[13:36:45.060699] [WARNING] [pdc_tf_server.c:393] PDC_SERVER[5]: SCHED: setting CUDA device to 0 for edge 0 func=zfp_decompress
[13:36:45.060736] [WARNING] [pdc_tf_server.c:401] PDC_SERVER[5]: SCHED: executing edge 0 func=zfp_decompress dev=GPU
[INFO] PDC_SERVER[0]: Fetching region for obj_id=1000000001
[INFO] PDC_SERVER[0]: Checking against Object 2000000000
[INFO] PDC_SERVER[0]: Checking against Object 3000000000
[INFO] PDC_SERVER[0]: Checking against Object 4000000000
[INFO] PDC_SERVER[0]: Checking against Object 3000000002
[INFO] PDC_SERVER[0]: Checking against Object 4000000002
[INFO] PDC_SERVER[0]: Checking against Object 5000000000
[INFO] PDC_SERVER[0]: Checking against Object 4000000004
[INFO] PDC_SERVER[0]: Checking against Object 5000000002
[INFO] PDC_SERVER[0]: Checking against Object 6000000000
[INFO] PDC_SERVER[0]: Object 1000000001 NOT found in cache
[INFO] PDC_SERVER[0]: Fetching region from server for obj_id=1000000001
[INFO] PDC_SERVER[7]: Fetching region for obj_id=1000000001
[INFO] PDC_SERVER[7]: Checking against Object 2000000000
[INFO] PDC_SERVER[7]: Checking against Object 3000000000
[INFO] PDC_SERVER[7]: Checking against Object 4000000000
[INFO] PDC_SERVER[7]: Checking against Object 3000000002
[INFO] PDC_SERVER[7]: Checking against Object 4000000002
[INFO] PDC_SERVER[7]: Checking against Object 5000000000
[INFO] PDC_SERVER[7]: Checking against Object 4000000004
[INFO] PDC_SERVER[7]: Checking against Object 5000000002
[INFO] PDC_SERVER[7]: Checking against Object 6000000000
[INFO] PDC_SERVER[7]: Object 1000000001 NOT found in cache
[INFO] PDC_SERVER[7]: Fetching region from server for obj_id=1000000001
[13:36:45.066033] [WARNING] [pdc_tf_server.c:475] PDC_SERVER[3]: SCHED: done running transformations
[13:36:45.073147] [WARNING] [pdc_tf_server.c:475] PDC_SERVER[6]: SCHED: done running transformations
[13:36:45.073440] [WARNING] [pdc_tf_server.c:475] PDC_SERVER[1]: SCHED: done running transformations
[13:36:45.074688] [WARNING] [pdc_tf_server.c:393] PDC_SERVER[4]: SCHED: setting CUDA device to 0 for edge 0 func=zfp_decompress
[13:36:45.074708] [WARNING] [pdc_tf_server.c:401] PDC_SERVER[4]: SCHED: executing edge 0 func=zfp_decompress dev=GPU
[13:36:45.076636] [WARNING] [pdc_tf_server.c:393] PDC_SERVER[2]: SCHED: setting CUDA device to 0 for edge 0 func=zfp_decompress
[13:36:45.076684] [WARNING] [pdc_tf_server.c:401] PDC_SERVER[2]: SCHED: executing edge 0 func=zfp_decompress dev=GPU
[INFO] PDC_SERVER[6]: Fetching region for obj_id=1000000001
[INFO] PDC_SERVER[6]: Checking against Object 2000000000
[INFO] PDC_SERVER[6]: Checking against Object 3000000000
[INFO] PDC_SERVER[6]: Checking against Object 4000000000
[INFO] PDC_SERVER[6]: Checking against Object 3000000002
[INFO] PDC_SERVER[6]: Checking against Object 4000000002
[INFO] PDC_SERVER[6]: Checking against Object 5000000000
[INFO] PDC_SERVER[6]: Checking against Object 4000000004
[INFO] PDC_SERVER[6]: Checking against Object 5000000002
[INFO] PDC_SERVER[6]: Checking against Object 6000000000
[INFO] PDC_SERVER[6]: Object 1000000001 NOT found in cache
[INFO] PDC_SERVER[6]: Fetching region from server for obj_id=1000000001
[13:36:45.079044] [WARNING] [pdc_tf_server.c:475] PDC_SERVER[5]: SCHED: done running transformations
[INFO] PDC_SERVER[0]: Executing graph with json filepath /pscratch/sd/n/nlewi26/src/work_space/source/pdc/tf_client/graphs/zfp_gpu.json
[13:36:45.079596] [WARNING] [pdc_tf_server.c:393] PDC_SERVER[0]: SCHED: setting CUDA device to 0 for edge 0 func=zfp_decompress
[13:36:45.079615] [WARNING] [pdc_tf_server.c:401] PDC_SERVER[0]: SCHED: executing edge 0 func=zfp_decompress dev=GPU
[13:36:45.081778] [WARNING] [pdc_tf_server.c:393] PDC_SERVER[7]: SCHED: setting CUDA device to 0 for edge 0 func=zfp_decompress
[13:36:45.081791] [WARNING] [pdc_tf_server.c:401] PDC_SERVER[7]: SCHED: executing edge 0 func=zfp_decompress dev=GPU
[INFO] PDC_SERVER[5]: Fetching region for obj_id=1000000001
[INFO] PDC_SERVER[5]: Checking against Object 2000000000
[INFO] PDC_SERVER[5]: Checking against Object 3000000000
[INFO] PDC_SERVER[5]: Checking against Object 4000000000
[INFO] PDC_SERVER[5]: Checking against Object 3000000002
[INFO] PDC_SERVER[5]: Checking against Object 4000000002
[INFO] PDC_SERVER[5]: Checking against Object 5000000000
[INFO] PDC_SERVER[5]: Checking against Object 4000000004
[INFO] PDC_SERVER[5]: Checking against Object 5000000002
[INFO] PDC_SERVER[5]: Checking against Object 6000000000
[INFO] PDC_SERVER[5]: Object 1000000001 NOT found in cache
[INFO] PDC_SERVER[5]: Fetching region from server for obj_id=1000000001
[13:36:45.091344] [WARNING] [pdc_tf_server.c:475] PDC_SERVER[4]: SCHED: done running transformations
[13:36:45.095408] [WARNING] [pdc_tf_server.c:393] PDC_SERVER[6]: SCHED: setting CUDA device to 0 for edge 0 func=zfp_decompress
[13:36:45.095433] [WARNING] [pdc_tf_server.c:401] PDC_SERVER[6]: SCHED: executing edge 0 func=zfp_decompress dev=GPU
[13:36:45.100978] [WARNING] [pdc_tf_server.c:475] PDC_SERVER[7]: SCHED: done running transformations
[13:36:45.107065] [WARNING] [pdc_tf_server.c:475] PDC_SERVER[0]: SCHED: done running transformations
[13:36:45.109833] [WARNING] [pdc_tf_server.c:475] PDC_SERVER[2]: SCHED: done running transformations
[13:36:45.110838] [WARNING] [pdc_tf_server.c:393] PDC_SERVER[5]: SCHED: setting CUDA device to 0 for edge 0 func=zfp_decompress
[13:36:45.110880] [WARNING] [pdc_tf_server.c:401] PDC_SERVER[5]: SCHED: executing edge 0 func=zfp_decompress dev=GPU
[13:36:45.122478] [WARNING] [pdc_tf_server.c:475] PDC_SERVER[6]: SCHED: done running transformations
[13:36:45.122644] [WARNING] [pdc_tf_server.c:475] PDC_SERVER[5]: SCHED: done running transformations
[INFO] PDC_SERVER[0]: Starting flush for obj_id 2000000000, ndim=3
[INFO] PDC_SERVER[0]: Starting flush for obj_id 3000000000, ndim=3
[INFO] PDC_SERVER[0]: Starting flush for obj_id 4000000000, ndim=3
[INFO] PDC_SERVER[0]: Starting flush for obj_id 3000000002, ndim=3
[INFO] PDC_SERVER[0]: Starting flush for obj_id 4000000002, ndim=3
[INFO] PDC_SERVER[0]: Starting flush for obj_id 5000000000, ndim=3
[INFO] PDC_SERVER[0]: Starting flush for obj_id 4000000004, ndim=3
[INFO] PDC_SERVER[0]: Starting flush for obj_id 5000000002, ndim=3
[INFO] PDC_SERVER[0]: Starting flush for obj_id 6000000000, ndim=3
[INFO] PDC_SERVER[0]: Starting flush for obj_id 2000000000, ndim=3
[INFO] PDC_SERVER[0]: Starting flush for obj_id 3000000000, ndim=3
[INFO] PDC_SERVER[0]: Starting flush for obj_id 4000000000, ndim=3
[INFO] PDC_SERVER[0]: Starting flush for obj_id 3000000002, ndim=3
[INFO] PDC_SERVER[0]: Starting flush for obj_id 4000000002, ndim=3
[INFO] PDC_SERVER[0]: Starting flush for obj_id 5000000000, ndim=3
[INFO] PDC_SERVER[0]: Starting flush for obj_id 4000000004, ndim=3
[INFO] PDC_SERVER[0]: Starting flush for obj_id 5000000002, ndim=3
[INFO] PDC_SERVER[0]: Starting flush for obj_id 6000000000, ndim=3
[13:36:49.945075] [WARNING] [pdc_server.c:1323] PDC_SERVER[0]: Checkpoint start
[INFO] PDC_SERVER[0]: Checkpoint file [/pscratch/sd/n/nlewi26/pdc_curl_analysis_bench//0/metadata_checkpoint.0]
[13:36:49.948013] [WARNING] [pdc_server.c:1536] PDC_SERVER[0]: Writing checkpoint transformations start
[13:36:49.948057] [WARNING] [pdc_server.c:1718] PDC_SERVER[0]: Writing checkpoint transformations done
[13:36:49.948060] [WARNING] [pdc_server.c:1721] PDC_SERVER[0]: Writing checkpoint region-analysis state start
[13:36:49.948107] [WARNING] [pdc_server.c:1724] PDC_SERVER[0]: Writing checkpoint region-analysis state done
[13:36:50.109805] [WARNING] [pdc_server.c:1761] PDC_SERVER[0]: Rank[ALL]: Total checkpoint time = 0.164726
[13:36:50.109814] [WARNING] [pdc_server.c:1770] PDC_SERVER[0]: Checkpointing done
[13:36:50.109828] [WARNING] [pdc_client_server_common.c:119] PDC_SERVER[0]: metric,rank0_avg_s/n,rank1_avg_s/n,rank2_avg_s/n,rank3_avg_s/n,rank4_avg_s/n,rank5_avg_s/n,rank6_avg_s/n,rank7_avg_s/n
[13:36:50.109884] [WARNING] [pdc_client_server_common.c:144] PDC_SERVER[0]: compress,0.014587/24,0.013678/24,0.014098/24,0.012703/24,0.012357/24,0.012747/24,0.013086/24,0.011611/24
[13:36:50.109894] [WARNING] [pdc_client_server_common.c:144] PDC_SERVER[0]: decompress,0.014282/24,0.013215/24,0.015188/24,0.014082/24,0.014792/24,0.013947/24,0.016560/24,0.014488/24
[13:36:50.109903] [WARNING] [pdc_client_server_common.c:144] PDC_SERVER[0]: magnitude,0.020842/24,0.021007/24,0.020802/24,0.020478/24,0.020139/24,0.027262/24,0.021355/24,0.020326/24
[13:36:50.109912] [WARNING] [pdc_client_server_common.c:144] PDC_SERVER[0]: posix_open,0.000093/288,0.000088/288,0.000098/288,0.000098/288,0.000091/288,0.000092/288,0.000096/288,0.000097/288
[13:36:50.109921] [WARNING] [pdc_client_server_common.c:144] PDC_SERVER[0]: posix_close,0.000000/0,0.000000/0,0.000000/0,0.000000/0,0.000000/0,0.000000/0,0.000000/0,0.000000/0
[13:36:50.109930] [WARNING] [pdc_client_server_common.c:144] PDC_SERVER[0]: posix_write,0.027125/144,0.027235/144,0.027068/144,0.027063/144,0.027483/144,0.028496/144,0.027639/144,0.027274/144
[13:36:50.109938] [WARNING] [pdc_client_server_common.c:144] PDC_SERVER[0]: posix_read,0.000000/0,0.000000/0,0.000000/0,0.000000/0,0.000000/0,0.000000/0,0.000000/0,0.000000/0
