[INFO] PDC_SERVER[0]: Starting server with no previous data
[INFO] PDC_SERVER[0]: Using [/pscratch/sd/n/nlewi26/pdc_curl_analysis_bench/] as tmp dir, 1 OSTs, 1 OSTs per data file, 0% to BB
[INFO] PDC_SERVER[0]: Environment variable HG_TRANSPORT was NOT set, default to ofi+cxi
[INFO] PDC_SERVER[0]: Environment variable HG_HOST was set
[INFO] PDC_SERVER[0]: Connection string: ofi+cxi://cxi0:0:7000
[INFO] PDC_SERVER[3]: Environment variable HG_HOST was set
[INFO] PDC_SERVER[1]: Environment variable HG_HOST was set
[INFO] PDC_SERVER[4]: Environment variable HG_HOST was set
[INFO] PDC_SERVER[5]: Environment variable HG_HOST was set
[INFO] PDC_SERVER[7]: Environment variable HG_HOST was set
[INFO] PDC_SERVER[2]: Environment variable HG_HOST was set
[INFO] PDC_SERVER[6]: Environment variable HG_HOST was set
[INFO] PDC_SERVER[8]: Environment variable HG_HOST was set
[INFO] PDC_SERVER[9]: Environment variable HG_HOST was set
[INFO] PDC_SERVER[10]: Environment variable HG_HOST was set
[INFO] PDC_SERVER[11]: Environment variable HG_HOST was set
[INFO] PDC_SERVER[12]: Environment variable HG_HOST was set
[INFO] PDC_SERVER[13]: Environment variable HG_HOST was set
[INFO] PDC_SERVER[14]: Environment variable HG_HOST was set
[INFO] PDC_SERVER[15]: Environment variable HG_HOST was set
[INFO] PDC_SERVER[0]: Scoped Slingshot CXI auth for Mercury: svc=1 vni=1 device=cxi0
[INFO] PDC_SERVER[0]: Without multi-thread
[INFO] PDC_SERVER[0]: Read cache enabled
[INFO] PDC_SERVER[0]: Max cache size: 68719476736
[INFO] PDC_SERVER[0]: Max transformation cache size: 68719476736
[INFO] PDC_SERVER[0]: Successfully established connection to 15 other PDC servers
[INFO] PDC_SERVER[0]: Succesfully wrote address to config in dir /pscratch/sd/n/nlewi26/pdc_curl_analysis_bench/
[INFO] PDC_SERVER[0]: Server ready!


[INFO] PDC_SERVER[0]: Starting flush for obj_id 10000000000, ndim=3
[13:37:13.648074] [WARNING] [pdc_server_region_cache.c:823] PDC_SERVER[0]: Region mapping lookup took 0.000000 s
[13:37:13.648092] [WARNING] [pdc_server_region_cache.c:828] PDC_SERVER[0]: No region mapping found for obj_id 10000000000
[13:37:13.667846] [WARNING] [pdc_server_region_cache.c:834] PDC_SERVER[0]: Flushed region via POSIX I/O in 0.019750 s
[13:37:13.667863] [WARNING] [pdc_server_region_cache.c:850] PDC_SERVER[0]: [2026-10-07 13:37:13.667859] Flushed 16.00 / 16.00 MB to storage
[INFO] PDC_SERVER[0]: Region flush iteration took 0.020028 s
[INFO] PDC_SERVER[0]: Starting flush for obj_id 10000000000, ndim=3
[13:37:13.679526] [WARNING] [pdc_server_region_cache.c:823] PDC_SERVER[0]: Region mapping lookup took 0.000000 s
[13:37:13.679531] [WARNING] [pdc_server_region_cache.c:828] PDC_SERVER[0]: No region mapping found for obj_id 10000000000
[13:37:13.698663] [WARNING] [pdc_server_region_cache.c:834] PDC_SERVER[0]: Flushed region via POSIX I/O in 0.019124 s
[13:37:13.698673] [WARNING] [pdc_server_region_cache.c:850] PDC_SERVER[0]: [2026-10-07 13:37:13.698669] Flushed 16.00 / 16.00 MB to storage
[INFO] PDC_SERVER[0]: Region flush iteration took 0.019151 s
[INFO] PDC_SERVER[0]: Starting flush for obj_id 10000000000, ndim=3
[13:37:13.700468] [WARNING] [pdc_server_region_cache.c:823] PDC_SERVER[0]: Region mapping lookup took 0.000000 s
[13:37:13.700472] [WARNING] [pdc_server_region_cache.c:828] PDC_SERVER[0]: No region mapping found for obj_id 10000000000
[13:37:13.722175] [WARNING] [pdc_server_region_cache.c:834] PDC_SERVER[0]: Flushed region via POSIX I/O in 0.021687 s
[13:37:13.722195] [WARNING] [pdc_server_region_cache.c:850] PDC_SERVER[0]: [2026-10-07 13:37:13.722191] Flushed 16.00 / 16.00 MB to storage
[INFO] PDC_SERVER[0]: Region flush iteration took 0.021736 s
[INFO] PDC_SERVER[0]: Starting flush for obj_id 10000000000, ndim=3
[13:37:13.732347] [WARNING] [pdc_server_region_cache.c:823] PDC_SERVER[0]: Region mapping lookup took 0.000000 s
[13:37:13.732354] [WARNING] [pdc_server_region_cache.c:828] PDC_SERVER[0]: No region mapping found for obj_id 10000000000
[13:37:13.755838] [WARNING] [pdc_server_region_cache.c:834] PDC_SERVER[0]: Flushed region via POSIX I/O in 0.023477 s
[13:37:13.755861] [WARNING] [pdc_server_region_cache.c:850] PDC_SERVER[0]: [2026-10-07 13:37:13.755858] Flushed 16.00 / 16.00 MB to storage
[INFO] PDC_SERVER[0]: Region flush iteration took 0.023521 s
[INFO] PDC_SERVER[0]: Starting flush for obj_id 11000000000, ndim=3
[13:37:13.759934] [WARNING] [pdc_server_region_cache.c:823] PDC_SERVER[0]: Region mapping lookup took 0.000000 s
[13:37:13.759941] [WARNING] [pdc_server_region_cache.c:828] PDC_SERVER[0]: No region mapping found for obj_id 11000000000
[13:37:13.783750] [WARNING] [pdc_server_region_cache.c:834] PDC_SERVER[0]: Flushed region via POSIX I/O in 0.023791 s
[13:37:13.783770] [WARNING] [pdc_server_region_cache.c:850] PDC_SERVER[0]: [2026-10-07 13:37:13.783766] Flushed 16.00 / 16.00 MB to storage
[INFO] PDC_SERVER[0]: Region flush iteration took 0.023843 s
[INFO] PDC_SERVER[0]: Starting flush for obj_id 11000000000, ndim=3
[13:37:13.786569] [WARNING] [pdc_server_region_cache.c:823] PDC_SERVER[0]: Region mapping lookup took 0.000001 s
[13:37:13.786574] [WARNING] [pdc_server_region_cache.c:828] PDC_SERVER[0]: No region mapping found for obj_id 11000000000
[13:37:13.807659] [WARNING] [pdc_server_region_cache.c:834] PDC_SERVER[0]: Flushed region via POSIX I/O in 0.021075 s
[13:37:13.807674] [WARNING] [pdc_server_region_cache.c:850] PDC_SERVER[0]: [2026-10-07 13:37:13.807671] Flushed 16.00 / 16.00 MB to storage
[INFO] PDC_SERVER[0]: Region flush iteration took 0.021113 s
[INFO] PDC_SERVER[0]: Starting flush for obj_id 11000000000, ndim=3
[13:37:13.815193] [WARNING] [pdc_server_region_cache.c:823] PDC_SERVER[0]: Region mapping lookup took 0.000000 s
[13:37:13.815198] [WARNING] [pdc_server_region_cache.c:828] PDC_SERVER[0]: No region mapping found for obj_id 11000000000
[13:37:13.835140] [WARNING] [pdc_server_region_cache.c:834] PDC_SERVER[0]: Flushed region via POSIX I/O in 0.019936 s
[13:37:13.835165] [WARNING] [pdc_server_region_cache.c:850] PDC_SERVER[0]: [2026-10-07 13:37:13.835162] Flushed 16.00 / 16.00 MB to storage
[INFO] PDC_SERVER[0]: Region flush iteration took 0.019979 s
[INFO] PDC_SERVER[0]: Starting flush for obj_id 11000000000, ndim=3
[13:37:13.839746] [WARNING] [pdc_server_region_cache.c:823] PDC_SERVER[0]: Region mapping lookup took 0.000000 s
[13:37:13.839753] [WARNING] [pdc_server_region_cache.c:828] PDC_SERVER[0]: No region mapping found for obj_id 11000000000
[13:37:13.860396] [WARNING] [pdc_server_region_cache.c:834] PDC_SERVER[0]: Flushed region via POSIX I/O in 0.020637 s
[13:37:13.860421] [WARNING] [pdc_server_region_cache.c:850] PDC_SERVER[0]: [2026-10-07 13:37:13.860419] Flushed 16.00 / 16.00 MB to storage
[INFO] PDC_SERVER[0]: Region flush iteration took 0.020682 s
[INFO] PDC_SERVER[0]: Starting flush for obj_id 12000000000, ndim=3
[13:37:13.862415] [WARNING] [pdc_server_region_cache.c:823] PDC_SERVER[0]: Region mapping lookup took 0.000001 s
[13:37:13.862422] [WARNING] [pdc_server_region_cache.c:828] PDC_SERVER[0]: No region mapping found for obj_id 12000000000
[13:37:14.149001] [WARNING] [pdc_tf_server.c:393] PDC_SERVER[1]: SCHED: setting CUDA device to 0 for edge 0 func=zfp_compress
[INFO] PDC_SERVER[0]: Executing graph with json filepath /pscratch/sd/n/nlewi26/src/work_space/source/pdc/tf_client/graphs/zfp_gpu.json
[13:37:14.154138] [WARNING] [pdc_tf_server.c:393] PDC_SERVER[0]: SCHED: setting CUDA device to 0 for edge 0 func=zfp_compress
[13:37:14.158885] [WARNING] [pdc_tf_server.c:393] PDC_SERVER[11]: SCHED: setting CUDA device to 0 for edge 0 func=zfp_compress
[13:37:14.165253] [WARNING] [pdc_tf_server.c:393] PDC_SERVER[3]: SCHED: setting CUDA device to 0 for edge 0 func=zfp_compress
[13:37:14.173831] [WARNING] [pdc_tf_server.c:393] PDC_SERVER[9]: SCHED: setting CUDA device to 0 for edge 0 func=zfp_compress
[13:37:14.174125] [WARNING] [pdc_tf_server.c:393] PDC_SERVER[2]: SCHED: setting CUDA device to 0 for edge 0 func=zfp_compress
[13:37:14.174840] [WARNING] [pdc_tf_server.c:393] PDC_SERVER[8]: SCHED: setting CUDA device to 0 for edge 0 func=zfp_compress
[13:37:14.177511] [WARNING] [pdc_tf_server.c:393] PDC_SERVER[14]: SCHED: setting CUDA device to 0 for edge 0 func=zfp_compress
[13:37:14.179281] [WARNING] [pdc_tf_server.c:393] PDC_SERVER[7]: SCHED: setting CUDA device to 0 for edge 0 func=zfp_compress
[13:37:14.180018] [WARNING] [pdc_tf_server.c:393] PDC_SERVER[13]: SCHED: setting CUDA device to 0 for edge 0 func=zfp_compress
[13:37:14.180231] [WARNING] [pdc_tf_server.c:393] PDC_SERVER[10]: SCHED: setting CUDA device to 0 for edge 0 func=zfp_compress
[13:37:14.180300] [WARNING] [pdc_tf_server.c:393] PDC_SERVER[12]: SCHED: setting CUDA device to 0 for edge 0 func=zfp_compress
[13:37:14.181682] [WARNING] [pdc_tf_server.c:393] PDC_SERVER[4]: SCHED: setting CUDA device to 0 for edge 0 func=zfp_compress
[13:37:14.207590] [WARNING] [pdc_tf_server.c:393] PDC_SERVER[6]: SCHED: setting CUDA device to 0 for edge 0 func=zfp_compress
[13:37:14.210132] [WARNING] [pdc_tf_server.c:393] PDC_SERVER[15]: SCHED: setting CUDA device to 0 for edge 0 func=zfp_compress
[13:37:14.221775] [WARNING] [pdc_tf_server.c:393] PDC_SERVER[5]: SCHED: setting CUDA device to 0 for edge 0 func=zfp_compress
[13:37:15.568701] [WARNING] [pdc_tf_server.c:401] PDC_SERVER[11]: SCHED: executing edge 0 func=zfp_compress dev=GPU
[13:37:15.605848] [WARNING] [pdc_tf_server.c:401] PDC_SERVER[0]: SCHED: executing edge 0 func=zfp_compress dev=GPU
[13:37:15.608751] [WARNING] [pdc_tf_server.c:401] PDC_SERVER[10]: SCHED: executing edge 0 func=zfp_compress dev=GPU
[13:37:15.636084] [WARNING] [pdc_tf_server.c:401] PDC_SERVER[8]: SCHED: executing edge 0 func=zfp_compress dev=GPU
[13:37:15.644030] [WARNING] [pdc_tf_server.c:401] PDC_SERVER[9]: SCHED: executing edge 0 func=zfp_compress dev=GPU
[13:37:15.647657] [WARNING] [pdc_tf_server.c:401] PDC_SERVER[1]: SCHED: executing edge 0 func=zfp_compress dev=GPU
[13:37:15.663088] [WARNING] [pdc_tf_server.c:475] PDC_SERVER[11]: SCHED: done running transformations
[13:37:15.685364] [WARNING] [pdc_tf_server.c:475] PDC_SERVER[10]: SCHED: done running transformations
[13:37:15.700556] [WARNING] [pdc_tf_server.c:475] PDC_SERVER[0]: SCHED: done running transformations
[13:37:15.704978] [WARNING] [pdc_tf_server.c:475] PDC_SERVER[8]: SCHED: done running transformations
[13:37:15.714955] [WARNING] [pdc_tf_server.c:475] PDC_SERVER[9]: SCHED: done running transformations
[13:37:15.716727] [WARNING] [pdc_tf_server.c:401] PDC_SERVER[14]: SCHED: executing edge 0 func=zfp_compress dev=GPU
[13:37:15.726267] [WARNING] [pdc_tf_server.c:401] PDC_SERVER[13]: SCHED: executing edge 0 func=zfp_compress dev=GPU
[13:37:15.729492] [WARNING] [pdc_tf_server.c:401] PDC_SERVER[3]: SCHED: executing edge 0 func=zfp_compress dev=GPU
[13:37:15.736971] [WARNING] [pdc_server_region_cache.c:834] PDC_SERVER[0]: Flushed region via POSIX I/O in 1.874537 s
[13:37:15.736984] [WARNING] [pdc_server_region_cache.c:850] PDC_SERVER[0]: [2026-10-07 13:37:15.736981] Flushed 16.00 / 16.00 MB to storage
[INFO] PDC_SERVER[0]: Region flush iteration took 1.874586 s
[13:37:15.737880] [WARNING] [pdc_tf_server.c:401] PDC_SERVER[15]: SCHED: executing edge 0 func=zfp_compress dev=GPU
[13:37:15.738069] [WARNING] [pdc_tf_server.c:401] PDC_SERVER[12]: SCHED: executing edge 0 func=zfp_compress dev=GPU
[13:37:15.741763] [WARNING] [pdc_tf_server.c:475] PDC_SERVER[1]: SCHED: done running transformations
[INFO] PDC_SERVER[0]: Starting flush for obj_id 12000000000, ndim=3
[13:37:15.742895] [WARNING] [pdc_server_region_cache.c:823] PDC_SERVER[0]: Region mapping lookup took 0.000000 s
[13:37:15.742900] [WARNING] [pdc_server_region_cache.c:828] PDC_SERVER[0]: No region mapping found for obj_id 12000000000
[13:37:15.748111] [WARNING] [pdc_tf_server.c:401] PDC_SERVER[5]: SCHED: executing edge 0 func=zfp_compress dev=GPU
[13:37:15.751920] [WARNING] [pdc_tf_server.c:401] PDC_SERVER[7]: SCHED: executing edge 0 func=zfp_compress dev=GPU
[13:37:15.758860] [WARNING] [pdc_tf_server.c:475] PDC_SERVER[14]: SCHED: done running transformations
[13:37:15.760131] [WARNING] [pdc_tf_server.c:475] PDC_SERVER[13]: SCHED: done running transformations
[13:37:15.760764] [WARNING] [pdc_tf_server.c:401] PDC_SERVER[6]: SCHED: executing edge 0 func=zfp_compress dev=GPU
[13:37:15.760952] [WARNING] [pdc_tf_server.c:401] PDC_SERVER[2]: SCHED: executing edge 0 func=zfp_compress dev=GPU
[13:37:15.761713] [WARNING] [pdc_tf_server.c:401] PDC_SERVER[4]: SCHED: executing edge 0 func=zfp_compress dev=GPU
[13:37:15.763016] [WARNING] [pdc_tf_server.c:475] PDC_SERVER[15]: SCHED: done running transformations
[13:37:15.764578] [WARNING] [pdc_tf_server.c:475] PDC_SERVER[3]: SCHED: done running transformations
[13:37:15.765441] [WARNING] [pdc_tf_server.c:475] PDC_SERVER[12]: SCHED: done running transformations
[13:37:15.776491] [WARNING] [pdc_tf_server.c:475] PDC_SERVER[5]: SCHED: done running transformations
[13:37:15.782304] [WARNING] [pdc_tf_server.c:475] PDC_SERVER[7]: SCHED: done running transformations
[13:37:15.793831] [WARNING] [pdc_tf_server.c:475] PDC_SERVER[4]: SCHED: done running transformations
[13:37:15.794533] [WARNING] [pdc_tf_server.c:475] PDC_SERVER[6]: SCHED: done running transformations
[13:37:15.794824] [WARNING] [pdc_tf_server.c:475] PDC_SERVER[2]: SCHED: done running transformations
[13:37:16.004871] [WARNING] [pdc_tf_server.c:393] PDC_SERVER[11]: SCHED: setting CUDA device to 0 for edge 0 func=zfp_compress
[13:37:16.004920] [WARNING] [pdc_tf_server.c:401] PDC_SERVER[11]: SCHED: executing edge 0 func=zfp_compress dev=GPU
[INFO] PDC_SERVER[0]: Executing graph with json filepath /pscratch/sd/n/nlewi26/src/work_space/source/pdc/tf_client/graphs/zfp_gpu.json
[13:37:16.006749] [WARNING] [pdc_tf_server.c:393] PDC_SERVER[0]: SCHED: setting CUDA device to 0 for edge 0 func=zfp_compress
[13:37:16.006764] [WARNING] [pdc_tf_server.c:401] PDC_SERVER[0]: SCHED: executing edge 0 func=zfp_compress dev=GPU
[13:37:16.014561] [WARNING] [pdc_tf_server.c:393] PDC_SERVER[10]: SCHED: setting CUDA device to 0 for edge 0 func=zfp_compress
[13:37:16.014599] [WARNING] [pdc_tf_server.c:401] PDC_SERVER[10]: SCHED: executing edge 0 func=zfp_compress dev=GPU
[13:37:16.017156] [WARNING] [pdc_tf_server.c:475] PDC_SERVER[0]: SCHED: done running transformations
[13:37:16.019644] [WARNING] [pdc_tf_server.c:475] PDC_SERVER[11]: SCHED: done running transformations
[13:37:16.034831] [WARNING] [pdc_tf_server.c:475] PDC_SERVER[10]: SCHED: done running transformations
[13:37:16.052958] [WARNING] [pdc_tf_server.c:393] PDC_SERVER[8]: SCHED: setting CUDA device to 0 for edge 0 func=zfp_compress
[13:37:16.053040] [WARNING] [pdc_tf_server.c:401] PDC_SERVER[8]: SCHED: executing edge 0 func=zfp_compress dev=GPU
[13:37:16.054271] [WARNING] [pdc_server_region_cache.c:834] PDC_SERVER[0]: Flushed region via POSIX I/O in 0.311356 s
[13:37:16.054294] [WARNING] [pdc_server_region_cache.c:850] PDC_SERVER[0]: [2026-10-07 13:37:16.054290] Flushed 16.00 / 16.00 MB to storage
[INFO] PDC_SERVER[0]: Region flush iteration took 0.311408 s
[INFO] PDC_SERVER[0]: Starting flush for obj_id 12000000000, ndim=3
[13:37:16.056206] [WARNING] [pdc_server_region_cache.c:823] PDC_SERVER[0]: Region mapping lookup took 0.000001 s
[13:37:16.056211] [WARNING] [pdc_server_region_cache.c:828] PDC_SERVER[0]: No region mapping found for obj_id 12000000000
[13:37:16.079829] [WARNING] [pdc_tf_server.c:393] PDC_SERVER[15]: SCHED: setting CUDA device to 0 for edge 0 func=zfp_compress
[13:37:16.079865] [WARNING] [pdc_tf_server.c:401] PDC_SERVER[15]: SCHED: executing edge 0 func=zfp_compress dev=GPU
[13:37:16.086448] [WARNING] [pdc_tf_server.c:475] PDC_SERVER[8]: SCHED: done running transformations
[13:37:16.088044] [WARNING] [pdc_tf_server.c:393] PDC_SERVER[9]: SCHED: setting CUDA device to 0 for edge 0 func=zfp_compress
[13:37:16.088091] [WARNING] [pdc_tf_server.c:401] PDC_SERVER[9]: SCHED: executing edge 0 func=zfp_compress dev=GPU
[13:37:16.093016] [WARNING] [pdc_tf_server.c:393] PDC_SERVER[13]: SCHED: setting CUDA device to 0 for edge 0 func=zfp_compress
[13:37:16.093104] [WARNING] [pdc_tf_server.c:401] PDC_SERVER[13]: SCHED: executing edge 0 func=zfp_compress dev=GPU
[13:37:16.096651] [WARNING] [pdc_tf_server.c:393] PDC_SERVER[12]: SCHED: setting CUDA device to 0 for edge 0 func=zfp_compress
[13:37:16.096759] [WARNING] [pdc_tf_server.c:401] PDC_SERVER[12]: SCHED: executing edge 0 func=zfp_compress dev=GPU
[13:37:16.100001] [WARNING] [pdc_tf_server.c:475] PDC_SERVER[15]: SCHED: done running transformations
[13:37:16.107616] [WARNING] [pdc_tf_server.c:393] PDC_SERVER[1]: SCHED: setting CUDA device to 0 for edge 0 func=zfp_compress
[13:37:16.107762] [WARNING] [pdc_tf_server.c:401] PDC_SERVER[1]: SCHED: executing edge 0 func=zfp_compress dev=GPU
[13:37:16.108411] [WARNING] [pdc_tf_server.c:475] PDC_SERVER[9]: SCHED: done running transformations
[13:37:16.113272] [WARNING] [pdc_tf_server.c:475] PDC_SERVER[13]: SCHED: done running transformations
[13:37:16.113872] [WARNING] [pdc_tf_server.c:393] PDC_SERVER[2]: SCHED: setting CUDA device to 0 for edge 0 func=zfp_compress
[13:37:16.113944] [WARNING] [pdc_tf_server.c:401] PDC_SERVER[2]: SCHED: executing edge 0 func=zfp_compress dev=GPU
[13:37:16.115343] [WARNING] [pdc_tf_server.c:393] PDC_SERVER[4]: SCHED: setting CUDA device to 0 for edge 0 func=zfp_compress
[13:37:16.115376] [WARNING] [pdc_tf_server.c:401] PDC_SERVER[4]: SCHED: executing edge 0 func=zfp_compress dev=GPU
[13:37:16.115350] [WARNING] [pdc_tf_server.c:393] PDC_SERVER[7]: SCHED: setting CUDA device to 0 for edge 0 func=zfp_compress
[13:37:16.115378] [WARNING] [pdc_tf_server.c:401] PDC_SERVER[7]: SCHED: executing edge 0 func=zfp_compress dev=GPU
[13:37:16.117436] [WARNING] [pdc_tf_server.c:393] PDC_SERVER[14]: SCHED: setting CUDA device to 0 for edge 0 func=zfp_compress
[13:37:16.117523] [WARNING] [pdc_tf_server.c:401] PDC_SERVER[14]: SCHED: executing edge 0 func=zfp_compress dev=GPU
[13:37:16.120021] [WARNING] [pdc_tf_server.c:475] PDC_SERVER[12]: SCHED: done running transformations
[13:37:16.122625] [WARNING] [pdc_tf_server.c:393] PDC_SERVER[3]: SCHED: setting CUDA device to 0 for edge 0 func=zfp_compress
[13:37:16.122698] [WARNING] [pdc_tf_server.c:401] PDC_SERVER[3]: SCHED: executing edge 0 func=zfp_compress dev=GPU
[13:37:16.123536] [WARNING] [pdc_tf_server.c:475] PDC_SERVER[1]: SCHED: done running transformations
[13:37:16.127192] [WARNING] [pdc_tf_server.c:475] PDC_SERVER[2]: SCHED: done running transformations
[13:37:16.127308] [WARNING] [pdc_tf_server.c:475] PDC_SERVER[4]: SCHED: done running transformations
[13:37:16.128066] [WARNING] [pdc_tf_server.c:475] PDC_SERVER[7]: SCHED: done running transformations
[13:37:16.131308] [WARNING] [pdc_tf_server.c:393] PDC_SERVER[6]: SCHED: setting CUDA device to 0 for edge 0 func=zfp_compress
[13:37:16.131335] [WARNING] [pdc_tf_server.c:401] PDC_SERVER[6]: SCHED: executing edge 0 func=zfp_compress dev=GPU
[13:37:16.134299] [WARNING] [pdc_tf_server.c:475] PDC_SERVER[14]: SCHED: done running transformations
[13:37:16.142222] [WARNING] [pdc_tf_server.c:475] PDC_SERVER[6]: SCHED: done running transformations
[13:37:16.142501] [WARNING] [pdc_tf_server.c:475] PDC_SERVER[3]: SCHED: done running transformations
[13:37:16.143737] [WARNING] [pdc_tf_server.c:393] PDC_SERVER[5]: SCHED: setting CUDA device to 0 for edge 0 func=zfp_compress
[13:37:16.143778] [WARNING] [pdc_tf_server.c:401] PDC_SERVER[5]: SCHED: executing edge 0 func=zfp_compress dev=GPU
[13:37:16.156361] [WARNING] [pdc_tf_server.c:475] PDC_SERVER[5]: SCHED: done running transformations
[INFO] PDC_SERVER[0]: Executing graph with json filepath /pscratch/sd/n/nlewi26/src/work_space/source/pdc/tf_client/graphs/zfp_gpu.json
[13:37:16.318540] [WARNING] [pdc_tf_server.c:393] PDC_SERVER[0]: SCHED: setting CUDA device to 0 for edge 0 func=zfp_compress
[13:37:16.318555] [WARNING] [pdc_tf_server.c:401] PDC_SERVER[0]: SCHED: executing edge 0 func=zfp_compress dev=GPU
[13:37:16.342233] [WARNING] [pdc_tf_server.c:475] PDC_SERVER[0]: SCHED: done running transformations
[13:37:16.352028] [WARNING] [pdc_tf_server.c:393] PDC_SERVER[10]: SCHED: setting CUDA device to 0 for edge 0 func=zfp_compress
[13:37:16.352065] [WARNING] [pdc_tf_server.c:401] PDC_SERVER[10]: SCHED: executing edge 0 func=zfp_compress dev=GPU
[13:37:16.363279] [WARNING] [pdc_tf_server.c:475] PDC_SERVER[10]: SCHED: done running transformations
[13:37:16.368832] [WARNING] [pdc_tf_server.c:393] PDC_SERVER[11]: SCHED: setting CUDA device to 0 for edge 0 func=zfp_compress
[13:37:16.368863] [WARNING] [pdc_tf_server.c:401] PDC_SERVER[11]: SCHED: executing edge 0 func=zfp_compress dev=GPU
[13:37:16.380655] [WARNING] [pdc_tf_server.c:475] PDC_SERVER[11]: SCHED: done running transformations
[13:37:16.380732] [WARNING] [pdc_server_region_cache.c:834] PDC_SERVER[0]: Flushed region via POSIX I/O in 0.324506 s
[13:37:16.380753] [WARNING] [pdc_server_region_cache.c:850] PDC_SERVER[0]: [2026-10-07 13:37:16.380750] Flushed 16.00 / 16.00 MB to storage
[INFO] PDC_SERVER[0]: Region flush iteration took 0.324554 s
[INFO] PDC_SERVER[0]: Starting flush for obj_id 12000000000, ndim=3
[13:37:16.382612] [WARNING] [pdc_server_region_cache.c:823] PDC_SERVER[0]: Region mapping lookup took 0.000000 s
[13:37:16.382618] [WARNING] [pdc_server_region_cache.c:828] PDC_SERVER[0]: No region mapping found for obj_id 12000000000
[13:37:16.406379] [WARNING] [pdc_tf_server.c:393] PDC_SERVER[15]: SCHED: setting CUDA device to 0 for edge 0 func=zfp_compress
[13:37:16.406459] [WARNING] [pdc_tf_server.c:401] PDC_SERVER[15]: SCHED: executing edge 0 func=zfp_compress dev=GPU
[13:37:16.411180] [WARNING] [pdc_tf_server.c:393] PDC_SERVER[8]: SCHED: setting CUDA device to 0 for edge 0 func=zfp_compress
[13:37:16.411214] [WARNING] [pdc_tf_server.c:401] PDC_SERVER[8]: SCHED: executing edge 0 func=zfp_compress dev=GPU
[13:37:16.417627] [WARNING] [pdc_tf_server.c:475] PDC_SERVER[15]: SCHED: done running transformations
[13:37:16.421653] [WARNING] [pdc_tf_server.c:475] PDC_SERVER[8]: SCHED: done running transformations
[13:37:16.426815] [WARNING] [pdc_tf_server.c:393] PDC_SERVER[12]: SCHED: setting CUDA device to 0 for edge 0 func=zfp_compress
[13:37:16.426844] [WARNING] [pdc_tf_server.c:401] PDC_SERVER[12]: SCHED: executing edge 0 func=zfp_compress dev=GPU
[13:37:16.428998] [WARNING] [pdc_tf_server.c:393] PDC_SERVER[13]: SCHED: setting CUDA device to 0 for edge 0 func=zfp_compress
[13:37:16.429032] [WARNING] [pdc_tf_server.c:401] PDC_SERVER[13]: SCHED: executing edge 0 func=zfp_compress dev=GPU
[13:37:16.436879] [WARNING] [pdc_tf_server.c:393] PDC_SERVER[4]: SCHED: setting CUDA device to 0 for edge 0 func=zfp_compress
[13:37:16.436917] [WARNING] [pdc_tf_server.c:401] PDC_SERVER[4]: SCHED: executing edge 0 func=zfp_compress dev=GPU
[13:37:16.438113] [WARNING] [pdc_tf_server.c:393] PDC_SERVER[2]: SCHED: setting CUDA device to 0 for edge 0 func=zfp_compress
[13:37:16.438148] [WARNING] [pdc_tf_server.c:401] PDC_SERVER[2]: SCHED: executing edge 0 func=zfp_compress dev=GPU
[13:37:16.438639] [WARNING] [pdc_tf_server.c:475] PDC_SERVER[12]: SCHED: done running transformations
[13:37:16.442617] [WARNING] [pdc_tf_server.c:475] PDC_SERVER[13]: SCHED: done running transformations
[13:37:16.444214] [WARNING] [pdc_tf_server.c:393] PDC_SERVER[9]: SCHED: setting CUDA device to 0 for edge 0 func=zfp_compress
[13:37:16.444307] [WARNING] [pdc_tf_server.c:401] PDC_SERVER[9]: SCHED: executing edge 0 func=zfp_compress dev=GPU
[13:37:16.445861] [WARNING] [pdc_tf_server.c:475] PDC_SERVER[4]: SCHED: done running transformations
[13:37:16.449578] [WARNING] [pdc_tf_server.c:475] PDC_SERVER[2]: SCHED: done running transformations
[13:37:16.455780] [WARNING] [pdc_tf_server.c:393] PDC_SERVER[7]: SCHED: setting CUDA device to 0 for edge 0 func=zfp_compress
[13:37:16.455816] [WARNING] [pdc_tf_server.c:401] PDC_SERVER[7]: SCHED: executing edge 0 func=zfp_compress dev=GPU
[13:37:16.461165] [WARNING] [pdc_tf_server.c:393] PDC_SERVER[14]: SCHED: setting CUDA device to 0 for edge 0 func=zfp_compress
[13:37:16.461202] [WARNING] [pdc_tf_server.c:401] PDC_SERVER[14]: SCHED: executing edge 0 func=zfp_compress dev=GPU
[13:37:16.462453] [WARNING] [pdc_tf_server.c:475] PDC_SERVER[9]: SCHED: done running transformations
[13:37:16.466263] [WARNING] [pdc_tf_server.c:475] PDC_SERVER[7]: SCHED: done running transformations
[13:37:16.468425] [WARNING] [pdc_tf_server.c:393] PDC_SERVER[6]: SCHED: setting CUDA device to 0 for edge 0 func=zfp_compress
[13:37:16.468512] [WARNING] [pdc_tf_server.c:401] PDC_SERVER[6]: SCHED: executing edge 0 func=zfp_compress dev=GPU
[13:37:16.472200] [WARNING] [pdc_tf_server.c:393] PDC_SERVER[1]: SCHED: setting CUDA device to 0 for edge 0 func=zfp_compress
[13:37:16.472234] [WARNING] [pdc_tf_server.c:401] PDC_SERVER[1]: SCHED: executing edge 0 func=zfp_compress dev=GPU
[13:37:16.477111] [WARNING] [pdc_tf_server.c:475] PDC_SERVER[14]: SCHED: done running transformations
[13:37:16.478159] [WARNING] [pdc_tf_server.c:475] PDC_SERVER[6]: SCHED: done running transformations
[13:37:16.485468] [WARNING] [pdc_tf_server.c:475] PDC_SERVER[1]: SCHED: done running transformations
[13:37:16.490863] [WARNING] [pdc_tf_server.c:393] PDC_SERVER[3]: SCHED: setting CUDA device to 0 for edge 0 func=zfp_compress
[13:37:16.490885] [WARNING] [pdc_tf_server.c:401] PDC_SERVER[3]: SCHED: executing edge 0 func=zfp_compress dev=GPU
[13:37:16.496244] [WARNING] [pdc_tf_server.c:393] PDC_SERVER[5]: SCHED: setting CUDA device to 0 for edge 0 func=zfp_compress
[13:37:16.496330] [WARNING] [pdc_tf_server.c:401] PDC_SERVER[5]: SCHED: executing edge 0 func=zfp_compress dev=GPU
[13:37:16.501694] [WARNING] [pdc_tf_server.c:475] PDC_SERVER[3]: SCHED: done running transformations
[13:37:16.505425] [WARNING] [pdc_tf_server.c:475] PDC_SERVER[5]: SCHED: done running transformations
[INFO] PDC_SERVER[0]: Executing graph with json filepath /pscratch/sd/n/nlewi26/src/work_space/source/pdc/tf_client/graphs/zfp_gpu.json
[13:37:16.651114] [WARNING] [pdc_tf_server.c:393] PDC_SERVER[0]: SCHED: setting CUDA device to 0 for edge 0 func=zfp_compress
[13:37:16.651130] [WARNING] [pdc_tf_server.c:401] PDC_SERVER[0]: SCHED: executing edge 0 func=zfp_compress dev=GPU
[13:37:16.660840] [WARNING] [pdc_tf_server.c:475] PDC_SERVER[0]: SCHED: done running transformations
[13:37:16.684367] [WARNING] [pdc_tf_server.c:393] PDC_SERVER[10]: SCHED: setting CUDA device to 0 for edge 0 func=zfp_compress
[13:37:16.684421] [WARNING] [pdc_tf_server.c:401] PDC_SERVER[10]: SCHED: executing edge 0 func=zfp_compress dev=GPU
[13:37:16.697649] [WARNING] [pdc_tf_server.c:475] PDC_SERVER[10]: SCHED: done running transformations
[13:37:16.700307] [WARNING] [pdc_server_region_cache.c:834] PDC_SERVER[0]: Flushed region via POSIX I/O in 0.317677 s
[13:37:16.700326] [WARNING] [pdc_server_region_cache.c:850] PDC_SERVER[0]: [2026-10-07 13:37:16.700322] Flushed 16.00 / 16.00 MB to storage
[INFO] PDC_SERVER[0]: Region flush iteration took 0.317722 s
[13:37:16.719990] [WARNING] [pdc_tf_server.c:393] PDC_SERVER[11]: SCHED: setting CUDA device to 0 for edge 0 func=zfp_compress
[13:37:16.720029] [WARNING] [pdc_tf_server.c:401] PDC_SERVER[11]: SCHED: executing edge 0 func=zfp_compress dev=GPU
[13:37:16.730780] [WARNING] [pdc_tf_server.c:475] PDC_SERVER[11]: SCHED: done running transformations
[13:37:16.733461] [WARNING] [pdc_tf_server.c:393] PDC_SERVER[15]: SCHED: setting CUDA device to 0 for edge 0 func=zfp_compress
[13:37:16.733495] [WARNING] [pdc_tf_server.c:401] PDC_SERVER[15]: SCHED: executing edge 0 func=zfp_compress dev=GPU
[13:37:16.742864] [WARNING] [pdc_tf_server.c:475] PDC_SERVER[15]: SCHED: done running transformations
[13:37:16.747789] [WARNING] [pdc_tf_server.c:393] PDC_SERVER[12]: SCHED: setting CUDA device to 0 for edge 0 func=zfp_compress
[13:37:16.747818] [WARNING] [pdc_tf_server.c:401] PDC_SERVER[12]: SCHED: executing edge 0 func=zfp_compress dev=GPU
[13:37:16.755146] [WARNING] [pdc_tf_server.c:393] PDC_SERVER[13]: SCHED: setting CUDA device to 0 for edge 0 func=zfp_compress
[13:37:16.755176] [WARNING] [pdc_tf_server.c:401] PDC_SERVER[13]: SCHED: executing edge 0 func=zfp_compress dev=GPU
[13:37:16.755560] [WARNING] [pdc_tf_server.c:393] PDC_SERVER[4]: SCHED: setting CUDA device to 0 for edge 0 func=zfp_compress
[13:37:16.755591] [WARNING] [pdc_tf_server.c:401] PDC_SERVER[4]: SCHED: executing edge 0 func=zfp_compress dev=GPU
[13:37:16.756846] [WARNING] [pdc_tf_server.c:393] PDC_SERVER[8]: SCHED: setting CUDA device to 0 for edge 0 func=zfp_compress
[13:37:16.756883] [WARNING] [pdc_tf_server.c:401] PDC_SERVER[8]: SCHED: executing edge 0 func=zfp_compress dev=GPU
[13:37:16.757427] [WARNING] [pdc_tf_server.c:475] PDC_SERVER[12]: SCHED: done running transformations
[13:37:16.759251] [WARNING] [pdc_tf_server.c:393] PDC_SERVER[2]: SCHED: setting CUDA device to 0 for edge 0 func=zfp_compress
[13:37:16.759284] [WARNING] [pdc_tf_server.c:401] PDC_SERVER[2]: SCHED: executing edge 0 func=zfp_compress dev=GPU
[13:37:16.767400] [WARNING] [pdc_tf_server.c:475] PDC_SERVER[8]: SCHED: done running transformations
[13:37:16.769091] [WARNING] [pdc_tf_server.c:475] PDC_SERVER[13]: SCHED: done running transformations
[13:37:16.775656] [WARNING] [pdc_tf_server.c:475] PDC_SERVER[4]: SCHED: done running transformations
[13:37:16.780066] [WARNING] [pdc_tf_server.c:475] PDC_SERVER[2]: SCHED: done running transformations
[13:37:16.785719] [WARNING] [pdc_tf_server.c:393] PDC_SERVER[9]: SCHED: setting CUDA device to 0 for edge 0 func=zfp_compress
[13:37:16.785749] [WARNING] [pdc_tf_server.c:401] PDC_SERVER[9]: SCHED: executing edge 0 func=zfp_compress dev=GPU
[13:37:16.789711] [WARNING] [pdc_tf_server.c:393] PDC_SERVER[7]: SCHED: setting CUDA device to 0 for edge 0 func=zfp_compress
[13:37:16.789739] [WARNING] [pdc_tf_server.c:401] PDC_SERVER[7]: SCHED: executing edge 0 func=zfp_compress dev=GPU
[13:37:16.796194] [WARNING] [pdc_tf_server.c:475] PDC_SERVER[9]: SCHED: done running transformations
[13:37:16.798711] [WARNING] [pdc_tf_server.c:475] PDC_SERVER[7]: SCHED: done running transformations
[13:37:16.800332] [WARNING] [pdc_tf_server.c:393] PDC_SERVER[6]: SCHED: setting CUDA device to 0 for edge 0 func=zfp_compress
[13:37:16.800352] [WARNING] [pdc_tf_server.c:401] PDC_SERVER[6]: SCHED: executing edge 0 func=zfp_compress dev=GPU
[13:37:16.809960] [WARNING] [pdc_tf_server.c:475] PDC_SERVER[6]: SCHED: done running transformations
[13:37:16.831770] [WARNING] [pdc_tf_server.c:393] PDC_SERVER[14]: SCHED: setting CUDA device to 0 for edge 0 func=zfp_compress
[13:37:16.831805] [WARNING] [pdc_tf_server.c:401] PDC_SERVER[14]: SCHED: executing edge 0 func=zfp_compress dev=GPU
[13:37:16.832440] [WARNING] [pdc_tf_server.c:393] PDC_SERVER[5]: SCHED: setting CUDA device to 0 for edge 0 func=zfp_compress
[13:37:16.832470] [WARNING] [pdc_tf_server.c:401] PDC_SERVER[5]: SCHED: executing edge 0 func=zfp_compress dev=GPU
[13:37:16.839302] [WARNING] [pdc_tf_server.c:475] PDC_SERVER[14]: SCHED: done running transformations
[13:37:16.840793] [WARNING] [pdc_tf_server.c:475] PDC_SERVER[5]: SCHED: done running transformations
[13:37:16.842497] [WARNING] [pdc_tf_server.c:393] PDC_SERVER[1]: SCHED: setting CUDA device to 0 for edge 0 func=zfp_compress
[13:37:16.842534] [WARNING] [pdc_tf_server.c:401] PDC_SERVER[1]: SCHED: executing edge 0 func=zfp_compress dev=GPU
[13:37:16.854114] [WARNING] [pdc_tf_server.c:475] PDC_SERVER[1]: SCHED: done running transformations
[13:37:16.868144] [WARNING] [pdc_tf_server.c:393] PDC_SERVER[3]: SCHED: setting CUDA device to 0 for edge 0 func=zfp_compress
[13:37:16.868214] [WARNING] [pdc_tf_server.c:401] PDC_SERVER[3]: SCHED: executing edge 0 func=zfp_compress dev=GPU
[13:37:16.878853] [WARNING] [pdc_tf_server.c:475] PDC_SERVER[3]: SCHED: done running transformations
[INFO] PDC_SERVER[3]: Fetching region for obj_id=15000000000
[INFO] PDC_SERVER[3]: Checking against Object 10000000000
[INFO] PDC_SERVER[3]: Checking against Object 11000000000
[INFO] PDC_SERVER[3]: Checking against Object 12000000000
[INFO] PDC_SERVER[3]: Object 15000000000 NOT found in cache
[INFO] PDC_SERVER[3]: Fetching region from server for obj_id=15000000000
[INFO] PDC_SERVER[0]: Fetching region for obj_id=15000000000
[INFO] PDC_SERVER[0]: Checking against Object 10000000000
[INFO] PDC_SERVER[0]: Checking against Object 11000000000
[INFO] PDC_SERVER[0]: Checking against Object 12000000000
[INFO] PDC_SERVER[0]: Object 15000000000 NOT found in cache
[INFO] PDC_SERVER[0]: Fetching region from server for obj_id=15000000000
[INFO] PDC_SERVER[1]: Fetching region for obj_id=15000000000
[INFO] PDC_SERVER[1]: Checking against Object 10000000000
[INFO] PDC_SERVER[1]: Checking against Object 11000000000
[INFO] PDC_SERVER[1]: Checking against Object 12000000000
[INFO] PDC_SERVER[1]: Object 15000000000 NOT found in cache
[INFO] PDC_SERVER[1]: Fetching region from server for obj_id=15000000000
[INFO] PDC_SERVER[4]: Fetching region for obj_id=15000000000
[INFO] PDC_SERVER[4]: Checking against Object 10000000000
[INFO] PDC_SERVER[4]: Checking against Object 11000000000
[INFO] PDC_SERVER[4]: Checking against Object 12000000000
[INFO] PDC_SERVER[4]: Object 15000000000 NOT found in cache
[INFO] PDC_SERVER[4]: Fetching region from server for obj_id=15000000000
[INFO] PDC_SERVER[6]: Fetching region for obj_id=15000000000
[INFO] PDC_SERVER[6]: Checking against Object 10000000000
[INFO] PDC_SERVER[6]: Checking against Object 11000000000
[INFO] PDC_SERVER[6]: Checking against Object 12000000000
[INFO] PDC_SERVER[6]: Object 15000000000 NOT found in cache
[INFO] PDC_SERVER[6]: Fetching region from server for obj_id=15000000000
[INFO] PDC_SERVER[5]: Fetching region for obj_id=15000000000
[INFO] PDC_SERVER[5]: Checking against Object 10000000000
[INFO] PDC_SERVER[5]: Checking against Object 11000000000
[INFO] PDC_SERVER[5]: Checking against Object 12000000000
[INFO] PDC_SERVER[5]: Object 15000000000 NOT found in cache
[INFO] PDC_SERVER[5]: Fetching region from server for obj_id=15000000000
[INFO] PDC_SERVER[9]: Fetching region for obj_id=15000000000
[INFO] PDC_SERVER[9]: Checking against Object 10000000000
[INFO] PDC_SERVER[9]: Checking against Object 11000000000
[INFO] PDC_SERVER[9]: Checking against Object 12000000000
[INFO] PDC_SERVER[9]: Object 15000000000 NOT found in cache
[INFO] PDC_SERVER[9]: Fetching region from server for obj_id=15000000000
[INFO] PDC_SERVER[8]: Fetching region for obj_id=15000000000
[INFO] PDC_SERVER[8]: Checking against Object 10000000000
[INFO] PDC_SERVER[8]: Checking against Object 11000000000
[INFO] PDC_SERVER[8]: Checking against Object 12000000000
[INFO] PDC_SERVER[8]: Object 15000000000 NOT found in cache
[INFO] PDC_SERVER[8]: Fetching region from server for obj_id=15000000000
[INFO] PDC_SERVER[10]: Fetching region for obj_id=15000000000
[INFO] PDC_SERVER[10]: Checking against Object 10000000000
[INFO] PDC_SERVER[10]: Checking against Object 11000000000
[INFO] PDC_SERVER[10]: Checking against Object 12000000000
[INFO] PDC_SERVER[10]: Object 15000000000 NOT found in cache
[INFO] PDC_SERVER[10]: Fetching region from server for obj_id=15000000000
[INFO] PDC_SERVER[13]: Fetching region for obj_id=15000000000
[INFO] PDC_SERVER[13]: Checking against Object 10000000000
[INFO] PDC_SERVER[13]: Checking against Object 11000000000
[INFO] PDC_SERVER[13]: Checking against Object 12000000000
[INFO] PDC_SERVER[13]: Object 15000000000 NOT found in cache
[INFO] PDC_SERVER[13]: Fetching region from server for obj_id=15000000000
[INFO] PDC_SERVER[14]: Fetching region for obj_id=15000000000
[INFO] PDC_SERVER[14]: Checking against Object 10000000000
[INFO] PDC_SERVER[14]: Checking against Object 11000000000
[INFO] PDC_SERVER[14]: Checking against Object 12000000000
[INFO] PDC_SERVER[14]: Object 15000000000 NOT found in cache
[INFO] PDC_SERVER[14]: Fetching region from server for obj_id=15000000000
[INFO] PDC_SERVER[12]: Fetching region for obj_id=15000000000
[INFO] PDC_SERVER[12]: Checking against Object 10000000000
[INFO] PDC_SERVER[12]: Checking against Object 11000000000
[INFO] PDC_SERVER[12]: Checking against Object 12000000000
[INFO] PDC_SERVER[12]: Object 15000000000 NOT found in cache
[INFO] PDC_SERVER[12]: Fetching region from server for obj_id=15000000000
[INFO] PDC_SERVER[15]: Fetching region for obj_id=15000000000
[INFO] PDC_SERVER[15]: Checking against Object 10000000000
[INFO] PDC_SERVER[15]: Checking against Object 11000000000
[INFO] PDC_SERVER[15]: Checking against Object 12000000000
[INFO] PDC_SERVER[15]: Object 15000000000 NOT found in cache
[INFO] PDC_SERVER[15]: Fetching region from server for obj_id=15000000000
[INFO] PDC_SERVER[11]: Fetching region for obj_id=15000000000
[INFO] PDC_SERVER[11]: Checking against Object 10000000000
[INFO] PDC_SERVER[11]: Checking against Object 11000000000
[INFO] PDC_SERVER[11]: Checking against Object 12000000000
[INFO] PDC_SERVER[11]: Object 15000000000 NOT found in cache
[INFO] PDC_SERVER[11]: Fetching region from server for obj_id=15000000000
[INFO] PDC_SERVER[2]: Fetching region for obj_id=15000000000
[INFO] PDC_SERVER[2]: Checking against Object 10000000000
[INFO] PDC_SERVER[2]: Checking against Object 11000000000
[INFO] PDC_SERVER[2]: Checking against Object 12000000000
[INFO] PDC_SERVER[2]: Object 15000000000 NOT found in cache
[INFO] PDC_SERVER[2]: Fetching region from server for obj_id=15000000000
[INFO] PDC_SERVER[7]: Fetching region for obj_id=15000000000
[INFO] PDC_SERVER[7]: Checking against Object 10000000000
[INFO] PDC_SERVER[7]: Checking against Object 11000000000
[INFO] PDC_SERVER[7]: Checking against Object 12000000000
[INFO] PDC_SERVER[7]: Object 15000000000 NOT found in cache
[INFO] PDC_SERVER[7]: Fetching region from server for obj_id=15000000000
[INFO] PDC_SERVER[0]: Executing graph with json filepath /pscratch/sd/n/nlewi26/src/work_space/source/pdc/tf_client/graphs/zfp_gpu.json
[13:37:16.939305] [WARNING] [pdc_tf_server.c:393] PDC_SERVER[0]: SCHED: setting CUDA device to 0 for edge 0 func=zfp_decompress
[13:37:16.939323] [WARNING] [pdc_tf_server.c:401] PDC_SERVER[0]: SCHED: executing edge 0 func=zfp_decompress dev=GPU
[13:37:16.940254] [WARNING] [pdc_tf_server.c:393] PDC_SERVER[3]: SCHED: setting CUDA device to 0 for edge 0 func=zfp_decompress
[13:37:16.940286] [WARNING] [pdc_tf_server.c:401] PDC_SERVER[3]: SCHED: executing edge 0 func=zfp_decompress dev=GPU
[13:37:16.940554] [WARNING] [pdc_tf_server.c:393] PDC_SERVER[1]: SCHED: setting CUDA device to 0 for edge 0 func=zfp_decompress
[13:37:16.940593] [WARNING] [pdc_tf_server.c:401] PDC_SERVER[1]: SCHED: executing edge 0 func=zfp_decompress dev=GPU
[13:37:16.942017] [WARNING] [pdc_tf_server.c:393] PDC_SERVER[5]: SCHED: setting CUDA device to 0 for edge 0 func=zfp_decompress
[13:37:16.942041] [WARNING] [pdc_tf_server.c:401] PDC_SERVER[5]: SCHED: executing edge 0 func=zfp_decompress dev=GPU
[13:37:16.942508] [WARNING] [pdc_tf_server.c:393] PDC_SERVER[6]: SCHED: setting CUDA device to 0 for edge 0 func=zfp_decompress
[13:37:16.942534] [WARNING] [pdc_tf_server.c:401] PDC_SERVER[6]: SCHED: executing edge 0 func=zfp_decompress dev=GPU
[13:37:16.943746] [WARNING] [pdc_tf_server.c:393] PDC_SERVER[10]: SCHED: setting CUDA device to 0 for edge 0 func=zfp_decompress
[13:37:16.943769] [WARNING] [pdc_tf_server.c:401] PDC_SERVER[10]: SCHED: executing edge 0 func=zfp_decompress dev=GPU
[13:37:16.943784] [WARNING] [pdc_tf_server.c:393] PDC_SERVER[8]: SCHED: setting CUDA device to 0 for edge 0 func=zfp_decompress
[13:37:16.943809] [WARNING] [pdc_tf_server.c:401] PDC_SERVER[8]: SCHED: executing edge 0 func=zfp_decompress dev=GPU
[13:37:16.944464] [WARNING] [pdc_tf_server.c:393] PDC_SERVER[14]: SCHED: setting CUDA device to 0 for edge 0 func=zfp_decompress
[13:37:16.944482] [WARNING] [pdc_tf_server.c:401] PDC_SERVER[14]: SCHED: executing edge 0 func=zfp_decompress dev=GPU
[13:37:16.945430] [WARNING] [pdc_tf_server.c:393] PDC_SERVER[13]: SCHED: setting CUDA device to 0 for edge 0 func=zfp_decompress
[13:37:16.945454] [WARNING] [pdc_tf_server.c:401] PDC_SERVER[13]: SCHED: executing edge 0 func=zfp_decompress dev=GPU
[13:37:16.945739] [WARNING] [pdc_tf_server.c:393] PDC_SERVER[15]: SCHED: setting CUDA device to 0 for edge 0 func=zfp_decompress
[13:37:16.945757] [WARNING] [pdc_tf_server.c:401] PDC_SERVER[15]: SCHED: executing edge 0 func=zfp_decompress dev=GPU
[13:37:16.945843] [WARNING] [pdc_tf_server.c:393] PDC_SERVER[12]: SCHED: setting CUDA device to 0 for edge 0 func=zfp_decompress
[13:37:16.945860] [WARNING] [pdc_tf_server.c:401] PDC_SERVER[12]: SCHED: executing edge 0 func=zfp_decompress dev=GPU
[13:37:16.946600] [WARNING] [pdc_tf_server.c:393] PDC_SERVER[11]: SCHED: setting CUDA device to 0 for edge 0 func=zfp_decompress
[13:37:16.946620] [WARNING] [pdc_tf_server.c:401] PDC_SERVER[11]: SCHED: executing edge 0 func=zfp_decompress dev=GPU
[13:37:16.946986] [WARNING] [pdc_tf_server.c:393] PDC_SERVER[2]: SCHED: setting CUDA device to 0 for edge 0 func=zfp_decompress
[13:37:16.947000] [WARNING] [pdc_tf_server.c:401] PDC_SERVER[2]: SCHED: executing edge 0 func=zfp_decompress dev=GPU
[13:37:16.947531] [WARNING] [pdc_tf_server.c:393] PDC_SERVER[9]: SCHED: setting CUDA device to 0 for edge 0 func=zfp_decompress
[13:37:16.947549] [WARNING] [pdc_tf_server.c:401] PDC_SERVER[9]: SCHED: executing edge 0 func=zfp_decompress dev=GPU
[13:37:16.952149] [WARNING] [pdc_tf_server.c:475] PDC_SERVER[0]: SCHED: done running transformations
[13:37:16.954130] [WARNING] [pdc_tf_server.c:393] PDC_SERVER[4]: SCHED: setting CUDA device to 0 for edge 0 func=zfp_decompress
[13:37:16.954158] [WARNING] [pdc_tf_server.c:401] PDC_SERVER[4]: SCHED: executing edge 0 func=zfp_decompress dev=GPU
[INFO] PDC_SERVER[0]: Fetching region for obj_id=15000000000
[INFO] PDC_SERVER[0]: Checking against Object 10000000000
[INFO] PDC_SERVER[0]: Checking against Object 11000000000
[INFO] PDC_SERVER[0]: Checking against Object 12000000000
[INFO] PDC_SERVER[0]: Object 15000000000 NOT found in cache
[INFO] PDC_SERVER[0]: Fetching region from server for obj_id=15000000000
[13:37:16.956301] [WARNING] [pdc_tf_server.c:393] PDC_SERVER[7]: SCHED: setting CUDA device to 0 for edge 0 func=zfp_decompress
[13:37:16.956316] [WARNING] [pdc_tf_server.c:401] PDC_SERVER[7]: SCHED: executing edge 0 func=zfp_decompress dev=GPU
[13:37:16.957789] [WARNING] [pdc_tf_server.c:475] PDC_SERVER[1]: SCHED: done running transformations
[13:37:16.958434] [WARNING] [pdc_tf_server.c:475] PDC_SERVER[3]: SCHED: done running transformations
[INFO] PDC_SERVER[1]: Fetching region for obj_id=15000000000
[INFO] PDC_SERVER[1]: Checking against Object 10000000000
[INFO] PDC_SERVER[1]: Checking against Object 11000000000
[INFO] PDC_SERVER[1]: Checking against Object 12000000000
[INFO] PDC_SERVER[1]: Object 15000000000 NOT found in cache
[INFO] PDC_SERVER[1]: Fetching region from server for obj_id=15000000000
[13:37:16.961200] [WARNING] [pdc_tf_server.c:475] PDC_SERVER[6]: SCHED: done running transformations
[13:37:16.962992] [WARNING] [pdc_tf_server.c:475] PDC_SERVER[5]: SCHED: done running transformations
[13:37:16.963261] [WARNING] [pdc_tf_server.c:475] PDC_SERVER[10]: SCHED: done running transformations
[13:37:16.963622] [WARNING] [pdc_tf_server.c:475] PDC_SERVER[2]: SCHED: done running transformations
[INFO] PDC_SERVER[6]: Fetching region for obj_id=15000000000
[INFO] PDC_SERVER[6]: Checking against Object 10000000000
[INFO] PDC_SERVER[6]: Checking against Object 11000000000
[INFO] PDC_SERVER[6]: Checking against Object 12000000000
[INFO] PDC_SERVER[6]: Object 15000000000 NOT found in cache
[INFO] PDC_SERVER[6]: Fetching region from server for obj_id=15000000000
[INFO] PDC_SERVER[5]: Fetching region for obj_id=15000000000
[INFO] PDC_SERVER[5]: Checking against Object 10000000000
[INFO] PDC_SERVER[5]: Checking against Object 11000000000
[INFO] PDC_SERVER[5]: Checking against Object 12000000000
[INFO] PDC_SERVER[5]: Object 15000000000 NOT found in cache
[INFO] PDC_SERVER[5]: Fetching region from server for obj_id=15000000000
[INFO] PDC_SERVER[10]: Fetching region for obj_id=15000000000
[INFO] PDC_SERVER[10]: Checking against Object 10000000000
[INFO] PDC_SERVER[10]: Checking against Object 11000000000
[INFO] PDC_SERVER[10]: Checking against Object 12000000000
[INFO] PDC_SERVER[10]: Object 15000000000 NOT found in cache
[INFO] PDC_SERVER[10]: Fetching region from server for obj_id=15000000000
[INFO] PDC_SERVER[2]: Fetching region for obj_id=15000000000
[INFO] PDC_SERVER[2]: Checking against Object 10000000000
[INFO] PDC_SERVER[2]: Checking against Object 11000000000
[INFO] PDC_SERVER[2]: Checking against Object 12000000000
[INFO] PDC_SERVER[2]: Object 15000000000 NOT found in cache
[INFO] PDC_SERVER[2]: Fetching region from server for obj_id=15000000000
[INFO] PDC_SERVER[3]: Fetching region for obj_id=15000000000
[INFO] PDC_SERVER[3]: Checking against Object 10000000000
[INFO] PDC_SERVER[3]: Checking against Object 11000000000
[INFO] PDC_SERVER[3]: Checking against Object 12000000000
[INFO] PDC_SERVER[3]: Object 15000000000 NOT found in cache
[INFO] PDC_SERVER[3]: Fetching region from server for obj_id=15000000000
[13:37:16.971346] [WARNING] [pdc_tf_server.c:475] PDC_SERVER[4]: SCHED: done running transformations
[INFO] PDC_SERVER[0]: Executing graph with json filepath /pscratch/sd/n/nlewi26/src/work_space/source/pdc/tf_client/graphs/zfp_gpu.json
[13:37:16.972418] [WARNING] [pdc_tf_server.c:393] PDC_SERVER[0]: SCHED: setting CUDA device to 0 for edge 0 func=zfp_decompress
[13:37:16.972428] [WARNING] [pdc_tf_server.c:401] PDC_SERVER[0]: SCHED: executing edge 0 func=zfp_decompress dev=GPU
[INFO] PDC_SERVER[4]: Fetching region for obj_id=15000000000
[INFO] PDC_SERVER[4]: Checking against Object 10000000000
[INFO] PDC_SERVER[4]: Checking against Object 11000000000
[INFO] PDC_SERVER[4]: Checking against Object 12000000000
[INFO] PDC_SERVER[4]: Object 15000000000 NOT found in cache
[INFO] PDC_SERVER[4]: Fetching region from server for obj_id=15000000000
[13:37:16.977929] [WARNING] [pdc_tf_server.c:475] PDC_SERVER[7]: SCHED: done running transformations
[13:37:16.979064] [WARNING] [pdc_tf_server.c:475] PDC_SERVER[15]: SCHED: done running transformations
[13:37:16.979196] [WARNING] [pdc_tf_server.c:393] PDC_SERVER[1]: SCHED: setting CUDA device to 0 for edge 0 func=zfp_decompress
[13:37:16.979217] [WARNING] [pdc_tf_server.c:401] PDC_SERVER[1]: SCHED: executing edge 0 func=zfp_decompress dev=GPU
[13:37:16.980266] [WARNING] [pdc_tf_server.c:475] PDC_SERVER[12]: SCHED: done running transformations
[13:37:16.980550] [WARNING] [pdc_tf_server.c:475] PDC_SERVER[8]: SCHED: done running transformations
[13:37:16.980914] [WARNING] [pdc_tf_server.c:393] PDC_SERVER[6]: SCHED: setting CUDA device to 0 for edge 0 func=zfp_decompress
[13:37:16.980935] [WARNING] [pdc_tf_server.c:401] PDC_SERVER[6]: SCHED: executing edge 0 func=zfp_decompress dev=GPU
[INFO] PDC_SERVER[7]: Fetching region for obj_id=15000000000
[INFO] PDC_SERVER[7]: Checking against Object 10000000000
[INFO] PDC_SERVER[7]: Checking against Object 11000000000
[INFO] PDC_SERVER[7]: Checking against Object 12000000000
[INFO] PDC_SERVER[7]: Object 15000000000 NOT found in cache
[INFO] PDC_SERVER[7]: Fetching region from server for obj_id=15000000000
[INFO] PDC_SERVER[15]: Fetching region for obj_id=15000000000
[INFO] PDC_SERVER[15]: Checking against Object 10000000000
[INFO] PDC_SERVER[15]: Checking against Object 11000000000
[INFO] PDC_SERVER[15]: Checking against Object 12000000000
[INFO] PDC_SERVER[15]: Object 15000000000 NOT found in cache
[INFO] PDC_SERVER[15]: Fetching region from server for obj_id=15000000000
[13:37:16.982596] [WARNING] [pdc_tf_server.c:475] PDC_SERVER[9]: SCHED: done running transformations
[INFO] PDC_SERVER[8]: Fetching region for obj_id=15000000000
[INFO] PDC_SERVER[8]: Checking against Object 10000000000
[INFO] PDC_SERVER[8]: Checking against Object 11000000000
[INFO] PDC_SERVER[8]: Checking against Object 12000000000
[INFO] PDC_SERVER[8]: Object 15000000000 NOT found in cache
[INFO] PDC_SERVER[8]: Fetching region from server for obj_id=15000000000
[13:37:16.983819] [WARNING] [pdc_tf_server.c:475] PDC_SERVER[13]: SCHED: done running transformations
[13:37:16.983895] [WARNING] [pdc_tf_server.c:475] PDC_SERVER[14]: SCHED: done running transformations
[13:37:16.983965] [WARNING] [pdc_tf_server.c:393] PDC_SERVER[2]: SCHED: setting CUDA device to 0 for edge 0 func=zfp_decompress
[13:37:16.983982] [WARNING] [pdc_tf_server.c:401] PDC_SERVER[2]: SCHED: executing edge 0 func=zfp_decompress dev=GPU
[INFO] PDC_SERVER[12]: Fetching region for obj_id=15000000000
[INFO] PDC_SERVER[12]: Checking against Object 10000000000
[INFO] PDC_SERVER[12]: Checking against Object 11000000000
[INFO] PDC_SERVER[12]: Checking against Object 12000000000
[INFO] PDC_SERVER[12]: Object 15000000000 NOT found in cache
[INFO] PDC_SERVER[12]: Fetching region from server for obj_id=15000000000
[13:37:16.985294] [WARNING] [pdc_tf_server.c:475] PDC_SERVER[0]: SCHED: done running transformations
[INFO] PDC_SERVER[9]: Fetching region for obj_id=15000000000
[INFO] PDC_SERVER[9]: Checking against Object 10000000000
[INFO] PDC_SERVER[9]: Checking against Object 11000000000
[INFO] PDC_SERVER[9]: Checking against Object 12000000000
[INFO] PDC_SERVER[9]: Object 15000000000 NOT found in cache
[INFO] PDC_SERVER[9]: Fetching region from server for obj_id=15000000000
[13:37:16.986620] [WARNING] [pdc_tf_server.c:393] PDC_SERVER[3]: SCHED: setting CUDA device to 0 for edge 0 func=zfp_decompress
[13:37:16.986636] [WARNING] [pdc_tf_server.c:401] PDC_SERVER[3]: SCHED: executing edge 0 func=zfp_decompress dev=GPU
[INFO] PDC_SERVER[14]: Fetching region for obj_id=15000000000
[INFO] PDC_SERVER[14]: Checking against Object 10000000000
[INFO] PDC_SERVER[14]: Checking against Object 11000000000
[INFO] PDC_SERVER[14]: Checking against Object 12000000000
[INFO] PDC_SERVER[14]: Object 15000000000 NOT found in cache
[INFO] PDC_SERVER[14]: Fetching region from server for obj_id=15000000000
[13:37:16.989070] [WARNING] [pdc_tf_server.c:393] PDC_SERVER[4]: SCHED: setting CUDA device to 0 for edge 0 func=zfp_decompress
[13:37:16.989092] [WARNING] [pdc_tf_server.c:401] PDC_SERVER[4]: SCHED: executing edge 0 func=zfp_decompress dev=GPU
[13:37:16.989499] [WARNING] [pdc_tf_server.c:475] PDC_SERVER[11]: SCHED: done running transformations
[13:37:16.989901] [WARNING] [pdc_tf_server.c:393] PDC_SERVER[10]: SCHED: setting CUDA device to 0 for edge 0 func=zfp_decompress
[13:37:16.989930] [WARNING] [pdc_tf_server.c:401] PDC_SERVER[10]: SCHED: executing edge 0 func=zfp_decompress dev=GPU
[13:37:16.990738] [WARNING] [pdc_tf_server.c:475] PDC_SERVER[1]: SCHED: done running transformations
[INFO] PDC_SERVER[13]: Fetching region for obj_id=15000000000
[INFO] PDC_SERVER[13]: Checking against Object 10000000000
[INFO] PDC_SERVER[13]: Checking against Object 11000000000
[INFO] PDC_SERVER[13]: Checking against Object 12000000000
[INFO] PDC_SERVER[13]: Object 15000000000 NOT found in cache
[INFO] PDC_SERVER[13]: Fetching region from server for obj_id=15000000000
[INFO] PDC_SERVER[0]: Fetching region for obj_id=15000000000
[INFO] PDC_SERVER[0]: Checking against Object 10000000000
[INFO] PDC_SERVER[0]: Checking against Object 11000000000
[INFO] PDC_SERVER[0]: Checking against Object 12000000000
[INFO] PDC_SERVER[0]: Object 15000000000 NOT found in cache
[INFO] PDC_SERVER[0]: Fetching region from server for obj_id=15000000000
[INFO] PDC_SERVER[11]: Fetching region for obj_id=15000000000
[INFO] PDC_SERVER[11]: Checking against Object 10000000000
[INFO] PDC_SERVER[11]: Checking against Object 11000000000
[INFO] PDC_SERVER[11]: Checking against Object 12000000000
[INFO] PDC_SERVER[11]: Object 15000000000 NOT found in cache
[INFO] PDC_SERVER[11]: Fetching region from server for obj_id=15000000000
[13:37:16.994369] [WARNING] [pdc_tf_server.c:393] PDC_SERVER[5]: SCHED: setting CUDA device to 0 for edge 0 func=zfp_decompress
[13:37:16.994387] [WARNING] [pdc_tf_server.c:401] PDC_SERVER[5]: SCHED: executing edge 0 func=zfp_decompress dev=GPU
[13:37:16.994853] [WARNING] [pdc_tf_server.c:475] PDC_SERVER[6]: SCHED: done running transformations
[INFO] PDC_SERVER[1]: Fetching region for obj_id=15000000000
[INFO] PDC_SERVER[1]: Checking against Object 10000000000
[INFO] PDC_SERVER[1]: Checking against Object 11000000000
[INFO] PDC_SERVER[1]: Checking against Object 12000000000
[INFO] PDC_SERVER[1]: Object 15000000000 NOT found in cache
[INFO] PDC_SERVER[1]: Fetching region from server for obj_id=15000000000
[13:37:16.998608] [WARNING] [pdc_tf_server.c:393] PDC_SERVER[7]: SCHED: setting CUDA device to 0 for edge 0 func=zfp_decompress
[13:37:16.998625] [WARNING] [pdc_tf_server.c:401] PDC_SERVER[7]: SCHED: executing edge 0 func=zfp_decompress dev=GPU
[13:37:16.998624] [WARNING] [pdc_tf_server.c:393] PDC_SERVER[15]: SCHED: setting CUDA device to 0 for edge 0 func=zfp_decompress
[13:37:16.998648] [WARNING] [pdc_tf_server.c:401] PDC_SERVER[15]: SCHED: executing edge 0 func=zfp_decompress dev=GPU
[13:37:17.000987] [WARNING] [pdc_tf_server.c:475] PDC_SERVER[3]: SCHED: done running transformations
[13:37:17.001175] [WARNING] [pdc_tf_server.c:393] PDC_SERVER[8]: SCHED: setting CUDA device to 0 for edge 0 func=zfp_decompress
[13:37:17.001191] [WARNING] [pdc_tf_server.c:401] PDC_SERVER[8]: SCHED: executing edge 0 func=zfp_decompress dev=GPU
[13:37:17.001727] [WARNING] [pdc_tf_server.c:393] PDC_SERVER[12]: SCHED: setting CUDA device to 0 for edge 0 func=zfp_decompress
[13:37:17.001747] [WARNING] [pdc_tf_server.c:401] PDC_SERVER[12]: SCHED: executing edge 0 func=zfp_decompress dev=GPU
[13:37:17.002633] [WARNING] [pdc_tf_server.c:475] PDC_SERVER[2]: SCHED: done running transformations
[13:37:17.003275] [WARNING] [pdc_tf_server.c:475] PDC_SERVER[4]: SCHED: done running transformations
[INFO] PDC_SERVER[6]: Fetching region for obj_id=15000000000
[INFO] PDC_SERVER[6]: Checking against Object 10000000000
[INFO] PDC_SERVER[6]: Checking against Object 11000000000
[INFO] PDC_SERVER[6]: Checking against Object 12000000000
[INFO] PDC_SERVER[6]: Object 15000000000 NOT found in cache
[INFO] PDC_SERVER[6]: Fetching region from server for obj_id=15000000000
[13:37:17.004076] [WARNING] [pdc_tf_server.c:393] PDC_SERVER[9]: SCHED: setting CUDA device to 0 for edge 0 func=zfp_decompress
[13:37:17.004090] [WARNING] [pdc_tf_server.c:401] PDC_SERVER[9]: SCHED: executing edge 0 func=zfp_decompress dev=GPU
[INFO] PDC_SERVER[3]: Fetching region for obj_id=15000000000
[INFO] PDC_SERVER[3]: Checking against Object 10000000000
[INFO] PDC_SERVER[3]: Checking against Object 11000000000
[INFO] PDC_SERVER[3]: Checking against Object 12000000000
[INFO] PDC_SERVER[3]: Object 15000000000 NOT found in cache
[INFO] PDC_SERVER[3]: Fetching region from server for obj_id=15000000000
[INFO] PDC_SERVER[4]: Fetching region for obj_id=15000000000
[INFO] PDC_SERVER[4]: Checking against Object 10000000000
[INFO] PDC_SERVER[4]: Checking against Object 11000000000
[INFO] PDC_SERVER[4]: Checking against Object 12000000000
[INFO] PDC_SERVER[4]: Object 15000000000 NOT found in cache
[INFO] PDC_SERVER[4]: Fetching region from server for obj_id=15000000000
[13:37:17.008926] [WARNING] [pdc_tf_server.c:393] PDC_SERVER[13]: SCHED: setting CUDA device to 0 for edge 0 func=zfp_decompress
[13:37:17.008946] [WARNING] [pdc_tf_server.c:401] PDC_SERVER[13]: SCHED: executing edge 0 func=zfp_decompress dev=GPU
[13:37:17.009104] [WARNING] [pdc_tf_server.c:393] PDC_SERVER[14]: SCHED: setting CUDA device to 0 for edge 0 func=zfp_decompress
[13:37:17.009129] [WARNING] [pdc_tf_server.c:401] PDC_SERVER[14]: SCHED: executing edge 0 func=zfp_decompress dev=GPU
[INFO] PDC_SERVER[0]: Executing graph with json filepath /pscratch/sd/n/nlewi26/src/work_space/source/pdc/tf_client/graphs/zfp_gpu.json
[13:37:17.009635] [WARNING] [pdc_tf_server.c:393] PDC_SERVER[0]: SCHED: setting CUDA device to 0 for edge 0 func=zfp_decompress
[13:37:17.009647] [WARNING] [pdc_tf_server.c:401] PDC_SERVER[0]: SCHED: executing edge 0 func=zfp_decompress dev=GPU
[INFO] PDC_SERVER[2]: Fetching region for obj_id=15000000000
[INFO] PDC_SERVER[2]: Checking against Object 10000000000
[INFO] PDC_SERVER[2]: Checking against Object 11000000000
[INFO] PDC_SERVER[2]: Checking against Object 12000000000
[INFO] PDC_SERVER[2]: Object 15000000000 NOT found in cache
[INFO] PDC_SERVER[2]: Fetching region from server for obj_id=15000000000
[13:37:17.014429] [WARNING] [pdc_tf_server.c:475] PDC_SERVER[10]: SCHED: done running transformations
[13:37:17.014547] [WARNING] [pdc_tf_server.c:393] PDC_SERVER[1]: SCHED: setting CUDA device to 0 for edge 0 func=zfp_decompress
[13:37:17.014563] [WARNING] [pdc_tf_server.c:401] PDC_SERVER[1]: SCHED: executing edge 0 func=zfp_decompress dev=GPU
[13:37:17.014617] [WARNING] [pdc_tf_server.c:475] PDC_SERVER[15]: SCHED: done running transformations
[13:37:17.015410] [WARNING] [pdc_tf_server.c:393] PDC_SERVER[11]: SCHED: setting CUDA device to 0 for edge 0 func=zfp_decompress
[13:37:17.015427] [WARNING] [pdc_tf_server.c:401] PDC_SERVER[11]: SCHED: executing edge 0 func=zfp_decompress dev=GPU
[13:37:17.018402] [WARNING] [pdc_tf_server.c:475] PDC_SERVER[5]: SCHED: done running transformations
[INFO] PDC_SERVER[10]: Fetching region for obj_id=15000000000
[INFO] PDC_SERVER[10]: Checking against Object 10000000000
[INFO] PDC_SERVER[10]: Checking against Object 11000000000
[INFO] PDC_SERVER[10]: Checking against Object 12000000000
[INFO] PDC_SERVER[10]: Object 15000000000 NOT found in cache
[INFO] PDC_SERVER[10]: Fetching region from server for obj_id=15000000000
[INFO] PDC_SERVER[15]: Fetching region for obj_id=15000000000
[INFO] PDC_SERVER[15]: Checking against Object 10000000000
[INFO] PDC_SERVER[15]: Checking against Object 11000000000
[INFO] PDC_SERVER[15]: Checking against Object 12000000000
[INFO] PDC_SERVER[15]: Object 15000000000 NOT found in cache
[INFO] PDC_SERVER[15]: Fetching region from server for obj_id=15000000000
[13:37:17.022159] [WARNING] [pdc_tf_server.c:393] PDC_SERVER[6]: SCHED: setting CUDA device to 0 for edge 0 func=zfp_decompress
[13:37:17.022175] [WARNING] [pdc_tf_server.c:401] PDC_SERVER[6]: SCHED: executing edge 0 func=zfp_decompress dev=GPU
[13:37:17.023519] [WARNING] [pdc_tf_server.c:393] PDC_SERVER[3]: SCHED: setting CUDA device to 0 for edge 0 func=zfp_decompress
[13:37:17.023534] [WARNING] [pdc_tf_server.c:401] PDC_SERVER[3]: SCHED: executing edge 0 func=zfp_decompress dev=GPU
[13:37:17.024542] [WARNING] [pdc_tf_server.c:393] PDC_SERVER[4]: SCHED: setting CUDA device to 0 for edge 0 func=zfp_decompress
[13:37:17.024558] [WARNING] [pdc_tf_server.c:401] PDC_SERVER[4]: SCHED: executing edge 0 func=zfp_decompress dev=GPU
[13:37:17.024680] [WARNING] [pdc_tf_server.c:475] PDC_SERVER[0]: SCHED: done running transformations
[13:37:17.025350] [WARNING] [pdc_tf_server.c:475] PDC_SERVER[1]: SCHED: done running transformations
[13:37:17.025762] [WARNING] [pdc_tf_server.c:475] PDC_SERVER[7]: SCHED: done running transformations
[13:37:17.027251] [WARNING] [pdc_tf_server.c:393] PDC_SERVER[2]: SCHED: setting CUDA device to 0 for edge 0 func=zfp_decompress
[13:37:17.027266] [WARNING] [pdc_tf_server.c:401] PDC_SERVER[2]: SCHED: executing edge 0 func=zfp_decompress dev=GPU
[INFO] PDC_SERVER[5]: Fetching region for obj_id=15000000000
[INFO] PDC_SERVER[5]: Checking against Object 10000000000
[INFO] PDC_SERVER[5]: Checking against Object 11000000000
[INFO] PDC_SERVER[5]: Checking against Object 12000000000
[INFO] PDC_SERVER[5]: Object 15000000000 NOT found in cache
[INFO] PDC_SERVER[5]: Fetching region from server for obj_id=15000000000
[INFO] PDC_SERVER[1]: Fetching region for obj_id=15000000000
[INFO] PDC_SERVER[1]: Checking against Object 10000000000
[INFO] PDC_SERVER[1]: Checking against Object 11000000000
[INFO] PDC_SERVER[1]: Checking against Object 12000000000
[INFO] PDC_SERVER[1]: Object 15000000000 NOT found in cache
[INFO] PDC_SERVER[1]: Fetching region from server for obj_id=15000000000
[INFO] PDC_SERVER[0]: Fetching region for obj_id=15000000000
[INFO] PDC_SERVER[0]: Checking against Object 10000000000
[INFO] PDC_SERVER[0]: Checking against Object 11000000000
[INFO] PDC_SERVER[0]: Checking against Object 12000000000
[INFO] PDC_SERVER[0]: Object 15000000000 NOT found in cache
[INFO] PDC_SERVER[0]: Fetching region from server for obj_id=15000000000
[INFO] PDC_SERVER[7]: Fetching region for obj_id=15000000000
[INFO] PDC_SERVER[7]: Checking against Object 10000000000
[INFO] PDC_SERVER[7]: Checking against Object 11000000000
[INFO] PDC_SERVER[7]: Checking against Object 12000000000
[INFO] PDC_SERVER[7]: Object 15000000000 NOT found in cache
[INFO] PDC_SERVER[7]: Fetching region from server for obj_id=15000000000
[13:37:17.036041] [WARNING] [pdc_tf_server.c:475] PDC_SERVER[9]: SCHED: done running transformations
[13:37:17.036175] [WARNING] [pdc_tf_server.c:393] PDC_SERVER[10]: SCHED: setting CUDA device to 0 for edge 0 func=zfp_decompress
[13:37:17.036192] [WARNING] [pdc_tf_server.c:401] PDC_SERVER[10]: SCHED: executing edge 0 func=zfp_decompress dev=GPU
[13:37:17.038113] [WARNING] [pdc_tf_server.c:475] PDC_SERVER[14]: SCHED: done running transformations
[13:37:17.038893] [WARNING] [pdc_tf_server.c:475] PDC_SERVER[8]: SCHED: done running transformations
[13:37:17.039026] [WARNING] [pdc_tf_server.c:475] PDC_SERVER[12]: SCHED: done running transformations
[13:37:17.039228] [WARNING] [pdc_tf_server.c:475] PDC_SERVER[13]: SCHED: done running transformations
[13:37:17.039677] [WARNING] [pdc_tf_server.c:475] PDC_SERVER[11]: SCHED: done running transformations
[13:37:17.042243] [WARNING] [pdc_tf_server.c:475] PDC_SERVER[6]: SCHED: done running transformations
[INFO] PDC_SERVER[9]: Fetching region for obj_id=15000000000
[INFO] PDC_SERVER[9]: Checking against Object 10000000000
[INFO] PDC_SERVER[9]: Checking against Object 11000000000
[INFO] PDC_SERVER[9]: Checking against Object 12000000000
[INFO] PDC_SERVER[9]: Object 15000000000 NOT found in cache
[INFO] PDC_SERVER[9]: Fetching region from server for obj_id=15000000000
[13:37:17.042990] [WARNING] [pdc_tf_server.c:475] PDC_SERVER[4]: SCHED: done running transformations
[13:37:17.042977] [WARNING] [pdc_tf_server.c:393] PDC_SERVER[15]: SCHED: setting CUDA device to 0 for edge 0 func=zfp_decompress
[13:37:17.042995] [WARNING] [pdc_tf_server.c:401] PDC_SERVER[15]: SCHED: executing edge 0 func=zfp_decompress dev=GPU
[13:37:17.043084] [WARNING] [pdc_tf_server.c:475] PDC_SERVER[3]: SCHED: done running transformations
[INFO] PDC_SERVER[12]: Fetching region for obj_id=15000000000
[INFO] PDC_SERVER[12]: Checking against Object 10000000000
[INFO] PDC_SERVER[12]: Checking against Object 11000000000
[INFO] PDC_SERVER[12]: Checking against Object 12000000000
[INFO] PDC_SERVER[12]: Object 15000000000 NOT found in cache
[INFO] PDC_SERVER[12]: Fetching region from server for obj_id=15000000000
[13:37:17.044183] [WARNING] [pdc_tf_server.c:475] PDC_SERVER[2]: SCHED: done running transformations
[INFO] PDC_SERVER[8]: Fetching region for obj_id=15000000000
[INFO] PDC_SERVER[8]: Checking against Object 10000000000
[INFO] PDC_SERVER[8]: Checking against Object 11000000000
[INFO] PDC_SERVER[8]: Checking against Object 12000000000
[INFO] PDC_SERVER[8]: Object 15000000000 NOT found in cache
[INFO] PDC_SERVER[8]: Fetching region from server for obj_id=15000000000
[INFO] PDC_SERVER[14]: Fetching region for obj_id=15000000000
[INFO] PDC_SERVER[14]: Checking against Object 10000000000
[INFO] PDC_SERVER[14]: Checking against Object 11000000000
[INFO] PDC_SERVER[14]: Checking against Object 12000000000
[INFO] PDC_SERVER[14]: Object 15000000000 NOT found in cache
[INFO] PDC_SERVER[14]: Fetching region from server for obj_id=15000000000
[INFO] PDC_SERVER[13]: Fetching region for obj_id=15000000000
[INFO] PDC_SERVER[13]: Checking against Object 10000000000
[INFO] PDC_SERVER[13]: Checking against Object 11000000000
[INFO] PDC_SERVER[13]: Checking against Object 12000000000
[INFO] PDC_SERVER[13]: Object 15000000000 NOT found in cache
[INFO] PDC_SERVER[13]: Fetching region from server for obj_id=15000000000
[13:37:17.048085] [WARNING] [pdc_tf_server.c:393] PDC_SERVER[1]: SCHED: setting CUDA device to 0 for edge 0 func=zfp_decompress
[13:37:17.048101] [WARNING] [pdc_tf_server.c:401] PDC_SERVER[1]: SCHED: executing edge 0 func=zfp_decompress dev=GPU
[13:37:17.048319] [WARNING] [pdc_tf_server.c:393] PDC_SERVER[5]: SCHED: setting CUDA device to 0 for edge 0 func=zfp_decompress
[13:37:17.048344] [WARNING] [pdc_tf_server.c:401] PDC_SERVER[5]: SCHED: executing edge 0 func=zfp_decompress dev=GPU
[INFO] PDC_SERVER[4]: Fetching region for obj_id=15000000000
[INFO] PDC_SERVER[4]: Checking against Object 10000000000
[INFO] PDC_SERVER[4]: Checking against Object 11000000000
[INFO] PDC_SERVER[4]: Checking against Object 12000000000
[INFO] PDC_SERVER[4]: Object 15000000000 NOT found in cache
[INFO] PDC_SERVER[4]: Fetching region from server for obj_id=15000000000
[INFO] PDC_SERVER[3]: Fetching region for obj_id=15000000000
[INFO] PDC_SERVER[3]: Checking against Object 10000000000
[INFO] PDC_SERVER[3]: Checking against Object 11000000000
[INFO] PDC_SERVER[3]: Checking against Object 12000000000
[INFO] PDC_SERVER[6]: Fetching region for obj_id=15000000000
[INFO] PDC_SERVER[6]: Checking against Object 10000000000
[INFO] PDC_SERVER[6]: Checking against Object 11000000000
[INFO] PDC_SERVER[6]: Checking against Object 12000000000
[INFO] PDC_SERVER[6]: Object 15000000000 NOT found in cache
[INFO] PDC_SERVER[6]: Fetching region from server for obj_id=15000000000
[INFO] PDC_SERVER[3]: Object 15000000000 NOT found in cache
[INFO] PDC_SERVER[3]: Fetching region from server for obj_id=15000000000
[INFO] PDC_SERVER[11]: Fetching region for obj_id=15000000000
[INFO] PDC_SERVER[11]: Checking against Object 10000000000
[INFO] PDC_SERVER[11]: Checking against Object 11000000000
[INFO] PDC_SERVER[11]: Checking against Object 12000000000
[INFO] PDC_SERVER[11]: Object 15000000000 NOT found in cache
[INFO] PDC_SERVER[11]: Fetching region from server for obj_id=15000000000
[INFO] PDC_SERVER[2]: Fetching region for obj_id=15000000000
[INFO] PDC_SERVER[2]: Checking against Object 10000000000
[INFO] PDC_SERVER[2]: Checking against Object 11000000000
[INFO] PDC_SERVER[2]: Checking against Object 12000000000
[INFO] PDC_SERVER[2]: Object 15000000000 NOT found in cache
[INFO] PDC_SERVER[2]: Fetching region from server for obj_id=15000000000
[INFO] PDC_SERVER[0]: Executing graph with json filepath /pscratch/sd/n/nlewi26/src/work_space/source/pdc/tf_client/graphs/zfp_gpu.json
[13:37:17.052076] [WARNING] [pdc_tf_server.c:393] PDC_SERVER[0]: SCHED: setting CUDA device to 0 for edge 0 func=zfp_decompress
[13:37:17.052093] [WARNING] [pdc_tf_server.c:401] PDC_SERVER[0]: SCHED: executing edge 0 func=zfp_decompress dev=GPU
[13:37:17.052137] [WARNING] [pdc_tf_server.c:393] PDC_SERVER[7]: SCHED: setting CUDA device to 0 for edge 0 func=zfp_decompress
[13:37:17.052150] [WARNING] [pdc_tf_server.c:401] PDC_SERVER[7]: SCHED: executing edge 0 func=zfp_decompress dev=GPU
[13:37:17.054926] [WARNING] [pdc_tf_server.c:475] PDC_SERVER[10]: SCHED: done running transformations
[13:37:17.057814] [WARNING] [pdc_tf_server.c:475] PDC_SERVER[15]: SCHED: done running transformations
[13:37:17.058534] [WARNING] [pdc_tf_server.c:475] PDC_SERVER[1]: SCHED: done running transformations
[13:37:17.059864] [WARNING] [pdc_tf_server.c:393] PDC_SERVER[9]: SCHED: setting CUDA device to 0 for edge 0 func=zfp_decompress
[13:37:17.059886] [WARNING] [pdc_tf_server.c:401] PDC_SERVER[9]: SCHED: executing edge 0 func=zfp_decompress dev=GPU
[INFO] PDC_SERVER[10]: Fetching region for obj_id=15000000000
[INFO] PDC_SERVER[10]: Checking against Object 10000000000
[INFO] PDC_SERVER[10]: Checking against Object 11000000000
[INFO] PDC_SERVER[10]: Checking against Object 12000000000
[INFO] PDC_SERVER[10]: Object 15000000000 NOT found in cache
[INFO] PDC_SERVER[10]: Fetching region from server for obj_id=15000000000
[13:37:17.063056] [WARNING] [pdc_tf_server.c:393] PDC_SERVER[8]: SCHED: setting CUDA device to 0 for edge 0 func=zfp_decompress
[13:37:17.063073] [WARNING] [pdc_tf_server.c:401] PDC_SERVER[8]: SCHED: executing edge 0 func=zfp_decompress dev=GPU
[13:37:17.063200] [WARNING] [pdc_tf_server.c:393] PDC_SERVER[14]: SCHED: setting CUDA device to 0 for edge 0 func=zfp_decompress
[13:37:17.063223] [WARNING] [pdc_tf_server.c:401] PDC_SERVER[14]: SCHED: executing edge 0 func=zfp_decompress dev=GPU
[13:37:17.063526] [WARNING] [pdc_tf_server.c:475] PDC_SERVER[5]: SCHED: done running transformations
[INFO] PDC_SERVER[15]: Fetching region for obj_id=15000000000
[INFO] PDC_SERVER[15]: Checking against Object 10000000000
[INFO] PDC_SERVER[15]: Checking against Object 11000000000
[INFO] PDC_SERVER[15]: Checking against Object 12000000000
[INFO] PDC_SERVER[15]: Object 15000000000 NOT found in cache
[INFO] PDC_SERVER[15]: Fetching region from server for obj_id=15000000000
[13:37:17.064868] [WARNING] [pdc_tf_server.c:393] PDC_SERVER[12]: SCHED: setting CUDA device to 0 for edge 0 func=zfp_decompress
[13:37:17.064891] [WARNING] [pdc_tf_server.c:401] PDC_SERVER[12]: SCHED: executing edge 0 func=zfp_decompress dev=GPU
[13:37:17.066581] [WARNING] [pdc_tf_server.c:393] PDC_SERVER[3]: SCHED: setting CUDA device to 0 for edge 0 func=zfp_decompress
[13:37:17.066602] [WARNING] [pdc_tf_server.c:401] PDC_SERVER[3]: SCHED: executing edge 0 func=zfp_decompress dev=GPU
[13:37:17.067352] [WARNING] [pdc_tf_server.c:393] PDC_SERVER[6]: SCHED: setting CUDA device to 0 for edge 0 func=zfp_decompress
[13:37:17.067376] [WARNING] [pdc_tf_server.c:401] PDC_SERVER[6]: SCHED: executing edge 0 func=zfp_decompress dev=GPU
[13:37:17.069707] [WARNING] [pdc_tf_server.c:393] PDC_SERVER[2]: SCHED: setting CUDA device to 0 for edge 0 func=zfp_decompress
[13:37:17.069725] [WARNING] [pdc_tf_server.c:401] PDC_SERVER[2]: SCHED: executing edge 0 func=zfp_decompress dev=GPU
[13:37:17.070122] [WARNING] [pdc_tf_server.c:475] PDC_SERVER[0]: SCHED: done running transformations
[13:37:17.070413] [WARNING] [pdc_tf_server.c:393] PDC_SERVER[4]: SCHED: setting CUDA device to 0 for edge 0 func=zfp_decompress
[13:37:17.070566] [WARNING] [pdc_tf_server.c:401] PDC_SERVER[4]: SCHED: executing edge 0 func=zfp_decompress dev=GPU
[13:37:17.071008] [WARNING] [pdc_tf_server.c:393] PDC_SERVER[13]: SCHED: setting CUDA device to 0 for edge 0 func=zfp_decompress
[13:37:17.071043] [WARNING] [pdc_tf_server.c:401] PDC_SERVER[13]: SCHED: executing edge 0 func=zfp_decompress dev=GPU
[13:37:17.073199] [WARNING] [pdc_tf_server.c:393] PDC_SERVER[11]: SCHED: setting CUDA device to 0 for edge 0 func=zfp_decompress
[13:37:17.073232] [WARNING] [pdc_tf_server.c:401] PDC_SERVER[11]: SCHED: executing edge 0 func=zfp_decompress dev=GPU
[13:37:17.074883] [WARNING] [pdc_tf_server.c:475] PDC_SERVER[9]: SCHED: done running transformations
[13:37:17.075050] [WARNING] [pdc_tf_server.c:475] PDC_SERVER[7]: SCHED: done running transformations
[13:37:17.075980] [WARNING] [pdc_tf_server.c:475] PDC_SERVER[8]: SCHED: done running transformations
[INFO] PDC_SERVER[5]: Fetching region for obj_id=15000000000
[INFO] PDC_SERVER[5]: Checking against Object 10000000000
[INFO] PDC_SERVER[5]: Checking against Object 11000000000
[INFO] PDC_SERVER[5]: Checking against Object 12000000000
[INFO] PDC_SERVER[5]: Object 15000000000 NOT found in cache
[INFO] PDC_SERVER[5]: Fetching region from server for obj_id=15000000000
[13:37:17.077113] [WARNING] [pdc_tf_server.c:393] PDC_SERVER[10]: SCHED: setting CUDA device to 0 for edge 0 func=zfp_decompress
[13:37:17.077125] [WARNING] [pdc_tf_server.c:401] PDC_SERVER[10]: SCHED: executing edge 0 func=zfp_decompress dev=GPU
[13:37:17.077095] [WARNING] [pdc_tf_server.c:475] PDC_SERVER[12]: SCHED: done running transformations
[13:37:17.077480] [WARNING] [pdc_tf_server.c:475] PDC_SERVER[14]: SCHED: done running transformations
[INFO] PDC_SERVER[9]: Fetching region for obj_id=15000000000
[INFO] PDC_SERVER[9]: Checking against Object 10000000000
[INFO] PDC_SERVER[9]: Checking against Object 11000000000
[INFO] PDC_SERVER[9]: Checking against Object 12000000000
[INFO] PDC_SERVER[9]: Object 15000000000 NOT found in cache
[INFO] PDC_SERVER[9]: Fetching region from server for obj_id=15000000000
[13:37:17.082274] [WARNING] [pdc_tf_server.c:475] PDC_SERVER[3]: SCHED: done running transformations
[INFO] PDC_SERVER[8]: Fetching region for obj_id=15000000000
[INFO] PDC_SERVER[8]: Checking against Object 10000000000
[INFO] PDC_SERVER[8]: Checking against Object 11000000000
[INFO] PDC_SERVER[8]: Checking against Object 12000000000
[INFO] PDC_SERVER[8]: Object 15000000000 NOT found in cache
[INFO] PDC_SERVER[8]: Fetching region from server for obj_id=15000000000
[INFO] PDC_SERVER[12]: Fetching region for obj_id=15000000000
[INFO] PDC_SERVER[12]: Checking against Object 10000000000
[INFO] PDC_SERVER[12]: Checking against Object 11000000000
[INFO] PDC_SERVER[12]: Checking against Object 12000000000
[INFO] PDC_SERVER[12]: Object 15000000000 NOT found in cache
[INFO] PDC_SERVER[12]: Fetching region from server for obj_id=15000000000
[INFO] PDC_SERVER[14]: Fetching region for obj_id=15000000000
[INFO] PDC_SERVER[14]: Checking against Object 10000000000
[INFO] PDC_SERVER[14]: Checking against Object 11000000000
[INFO] PDC_SERVER[14]: Checking against Object 12000000000
[INFO] PDC_SERVER[14]: Object 15000000000 NOT found in cache
[INFO] PDC_SERVER[14]: Fetching region from server for obj_id=15000000000
[INFO] PDC_SERVER[7]: Fetching region for obj_id=15000000000
[INFO] PDC_SERVER[7]: Checking against Object 10000000000
[INFO] PDC_SERVER[7]: Checking against Object 11000000000
[INFO] PDC_SERVER[7]: Checking against Object 12000000000
[INFO] PDC_SERVER[7]: Object 15000000000 NOT found in cache
[INFO] PDC_SERVER[7]: Fetching region from server for obj_id=15000000000
[13:37:17.087250] [WARNING] [pdc_tf_server.c:393] PDC_SERVER[15]: SCHED: setting CUDA device to 0 for edge 0 func=zfp_decompress
[13:37:17.087285] [WARNING] [pdc_tf_server.c:401] PDC_SERVER[15]: SCHED: executing edge 0 func=zfp_decompress dev=GPU
[13:37:17.088878] [WARNING] [pdc_tf_server.c:475] PDC_SERVER[6]: SCHED: done running transformations
[13:37:17.090118] [WARNING] [pdc_tf_server.c:475] PDC_SERVER[2]: SCHED: done running transformations
[13:37:17.090693] [WARNING] [pdc_tf_server.c:475] PDC_SERVER[4]: SCHED: done running transformations
[13:37:17.092704] [WARNING] [pdc_tf_server.c:475] PDC_SERVER[10]: SCHED: done running transformations
[13:37:17.097248] [WARNING] [pdc_tf_server.c:393] PDC_SERVER[5]: SCHED: setting CUDA device to 0 for edge 0 func=zfp_decompress
[13:37:17.097294] [WARNING] [pdc_tf_server.c:401] PDC_SERVER[5]: SCHED: executing edge 0 func=zfp_decompress dev=GPU
[13:37:17.097583] [WARNING] [pdc_tf_server.c:475] PDC_SERVER[11]: SCHED: done running transformations
[13:37:17.097685] [WARNING] [pdc_tf_server.c:475] PDC_SERVER[13]: SCHED: done running transformations
[13:37:17.098530] [WARNING] [pdc_tf_server.c:475] PDC_SERVER[15]: SCHED: done running transformations
[13:37:17.098895] [WARNING] [pdc_tf_server.c:393] PDC_SERVER[9]: SCHED: setting CUDA device to 0 for edge 0 func=zfp_decompress
[13:37:17.098934] [WARNING] [pdc_tf_server.c:401] PDC_SERVER[9]: SCHED: executing edge 0 func=zfp_decompress dev=GPU
[13:37:17.099701] [WARNING] [pdc_tf_server.c:393] PDC_SERVER[8]: SCHED: setting CUDA device to 0 for edge 0 func=zfp_decompress
[13:37:17.099721] [WARNING] [pdc_tf_server.c:401] PDC_SERVER[8]: SCHED: executing edge 0 func=zfp_decompress dev=GPU
[13:37:17.104660] [WARNING] [pdc_tf_server.c:393] PDC_SERVER[7]: SCHED: setting CUDA device to 0 for edge 0 func=zfp_decompress
[13:37:17.104680] [WARNING] [pdc_tf_server.c:401] PDC_SERVER[7]: SCHED: executing edge 0 func=zfp_decompress dev=GPU
[INFO] PDC_SERVER[13]: Fetching region for obj_id=15000000000
[INFO] PDC_SERVER[13]: Checking against Object 10000000000
[INFO] PDC_SERVER[13]: Checking against Object 11000000000
[INFO] PDC_SERVER[13]: Checking against Object 12000000000
[INFO] PDC_SERVER[13]: Object 15000000000 NOT found in cache
[INFO] PDC_SERVER[13]: Fetching region from server for obj_id=15000000000
[INFO] PDC_SERVER[11]: Fetching region for obj_id=15000000000
[INFO] PDC_SERVER[11]: Checking against Object 10000000000
[INFO] PDC_SERVER[11]: Checking against Object 11000000000
[INFO] PDC_SERVER[11]: Checking against Object 12000000000
[INFO] PDC_SERVER[11]: Object 15000000000 NOT found in cache
[INFO] PDC_SERVER[11]: Fetching region from server for obj_id=15000000000
[13:37:17.108450] [WARNING] [pdc_tf_server.c:393] PDC_SERVER[12]: SCHED: setting CUDA device to 0 for edge 0 func=zfp_decompress
[13:37:17.108478] [WARNING] [pdc_tf_server.c:401] PDC_SERVER[12]: SCHED: executing edge 0 func=zfp_decompress dev=GPU
[13:37:17.113613] [WARNING] [pdc_tf_server.c:393] PDC_SERVER[14]: SCHED: setting CUDA device to 0 for edge 0 func=zfp_decompress
[13:37:17.113651] [WARNING] [pdc_tf_server.c:401] PDC_SERVER[14]: SCHED: executing edge 0 func=zfp_decompress dev=GPU
[13:37:17.120246] [WARNING] [pdc_tf_server.c:475] PDC_SERVER[9]: SCHED: done running transformations
[13:37:17.120308] [WARNING] [pdc_tf_server.c:475] PDC_SERVER[8]: SCHED: done running transformations
[13:37:17.122452] [WARNING] [pdc_tf_server.c:475] PDC_SERVER[5]: SCHED: done running transformations
[13:37:17.126466] [WARNING] [pdc_tf_server.c:475] PDC_SERVER[12]: SCHED: done running transformations
[13:37:17.128758] [WARNING] [pdc_tf_server.c:475] PDC_SERVER[14]: SCHED: done running transformations
[13:37:17.130064] [WARNING] [pdc_tf_server.c:393] PDC_SERVER[13]: SCHED: setting CUDA device to 0 for edge 0 func=zfp_decompress
[13:37:17.130094] [WARNING] [pdc_tf_server.c:401] PDC_SERVER[13]: SCHED: executing edge 0 func=zfp_decompress dev=GPU
[13:37:17.131037] [WARNING] [pdc_tf_server.c:475] PDC_SERVER[7]: SCHED: done running transformations
[13:37:17.136824] [WARNING] [pdc_tf_server.c:393] PDC_SERVER[11]: SCHED: setting CUDA device to 0 for edge 0 func=zfp_decompress
[13:37:17.136861] [WARNING] [pdc_tf_server.c:401] PDC_SERVER[11]: SCHED: executing edge 0 func=zfp_decompress dev=GPU
[13:37:17.168026] [WARNING] [pdc_tf_server.c:475] PDC_SERVER[11]: SCHED: done running transformations
[13:37:17.167998] [WARNING] [pdc_tf_server.c:475] PDC_SERVER[13]: SCHED: done running transformations
[INFO] PDC_SERVER[0]: Starting flush for obj_id 11000000001, ndim=3
[13:37:17.363683] [WARNING] [pdc_server_region_cache.c:823] PDC_SERVER[0]: Region mapping lookup took 0.000000 s
[13:37:17.363694] [WARNING] [pdc_server_region_cache.c:828] PDC_SERVER[0]: No region mapping found for obj_id 11000000001
[13:37:17.383332] [WARNING] [pdc_server_region_cache.c:834] PDC_SERVER[0]: Flushed region via POSIX I/O in 0.019621 s
[13:37:17.383352] [WARNING] [pdc_server_region_cache.c:850] PDC_SERVER[0]: [2026-10-07 13:37:17.383348] Flushed 16.00 / 16.00 MB to storage
[INFO] PDC_SERVER[0]: Region flush iteration took 0.019677 s
[INFO] PDC_SERVER[0]: Starting flush for obj_id 11000000001, ndim=3
[13:37:17.384989] [WARNING] [pdc_server_region_cache.c:823] PDC_SERVER[0]: Region mapping lookup took 0.000000 s
[13:37:17.384994] [WARNING] [pdc_server_region_cache.c:828] PDC_SERVER[0]: No region mapping found for obj_id 11000000001
[13:37:17.405232] [WARNING] [pdc_server_region_cache.c:834] PDC_SERVER[0]: Flushed region via POSIX I/O in 0.020234 s
[13:37:17.405246] [WARNING] [pdc_server_region_cache.c:850] PDC_SERVER[0]: [2026-10-07 13:37:17.405243] Flushed 16.00 / 16.00 MB to storage
[INFO] PDC_SERVER[0]: Region flush iteration took 0.020264 s
[INFO] PDC_SERVER[0]: Starting flush for obj_id 11000000001, ndim=3
[13:37:17.406893] [WARNING] [pdc_server_region_cache.c:823] PDC_SERVER[0]: Region mapping lookup took 0.000000 s
[13:37:17.406900] [WARNING] [pdc_server_region_cache.c:828] PDC_SERVER[0]: No region mapping found for obj_id 11000000001
[13:37:17.425459] [WARNING] [pdc_server_region_cache.c:834] PDC_SERVER[0]: Flushed region via POSIX I/O in 0.018545 s
[13:37:17.425476] [WARNING] [pdc_server_region_cache.c:850] PDC_SERVER[0]: [2026-10-07 13:37:17.425473] Flushed 16.00 / 16.00 MB to storage
[INFO] PDC_SERVER[0]: Region flush iteration took 0.018592 s
[INFO] PDC_SERVER[0]: Starting flush for obj_id 11000000001, ndim=3
[13:37:17.435641] [WARNING] [pdc_server_region_cache.c:823] PDC_SERVER[0]: Region mapping lookup took 0.000000 s
[13:37:17.435647] [WARNING] [pdc_server_region_cache.c:828] PDC_SERVER[0]: No region mapping found for obj_id 11000000001
[13:37:17.454206] [WARNING] [pdc_server_region_cache.c:834] PDC_SERVER[0]: Flushed region via POSIX I/O in 0.018552 s
[13:37:17.454233] [WARNING] [pdc_server_region_cache.c:850] PDC_SERVER[0]: [2026-10-07 13:37:17.454229] Flushed 16.00 / 16.00 MB to storage
[INFO] PDC_SERVER[0]: Region flush iteration took 0.018602 s
[INFO] PDC_SERVER[0]: Starting flush for obj_id 12000000001, ndim=3
[13:37:17.459087] [WARNING] [pdc_server_region_cache.c:823] PDC_SERVER[0]: Region mapping lookup took 0.000001 s
[13:37:17.459100] [WARNING] [pdc_server_region_cache.c:828] PDC_SERVER[0]: No region mapping found for obj_id 12000000001
[13:37:17.478623] [WARNING] [pdc_server_region_cache.c:834] PDC_SERVER[0]: Flushed region via POSIX I/O in 0.019511 s
[13:37:17.478639] [WARNING] [pdc_server_region_cache.c:850] PDC_SERVER[0]: [2026-10-07 13:37:17.478635] Flushed 16.00 / 16.00 MB to storage
[INFO] PDC_SERVER[0]: Region flush iteration took 0.019563 s
[INFO] PDC_SERVER[0]: Starting flush for obj_id 12000000001, ndim=3
[13:37:17.487085] [WARNING] [pdc_server_region_cache.c:823] PDC_SERVER[0]: Region mapping lookup took 0.000001 s
[13:37:17.487098] [WARNING] [pdc_server_region_cache.c:828] PDC_SERVER[0]: No region mapping found for obj_id 12000000001
[13:37:17.506005] [WARNING] [pdc_server_region_cache.c:834] PDC_SERVER[0]: Flushed region via POSIX I/O in 0.018900 s
[13:37:17.506033] [WARNING] [pdc_server_region_cache.c:850] PDC_SERVER[0]: [2026-10-07 13:37:17.506030] Flushed 16.00 / 16.00 MB to storage
[INFO] PDC_SERVER[0]: Region flush iteration took 0.018956 s
[INFO] PDC_SERVER[0]: Starting flush for obj_id 12000000001, ndim=3
[13:37:17.507735] [WARNING] [pdc_server_region_cache.c:823] PDC_SERVER[0]: Region mapping lookup took 0.000000 s
[13:37:17.507740] [WARNING] [pdc_server_region_cache.c:828] PDC_SERVER[0]: No region mapping found for obj_id 12000000001
[13:37:17.526150] [WARNING] [pdc_server_region_cache.c:834] PDC_SERVER[0]: Flushed region via POSIX I/O in 0.018406 s
[13:37:17.526160] [WARNING] [pdc_server_region_cache.c:850] PDC_SERVER[0]: [2026-10-07 13:37:17.526158] Flushed 16.00 / 16.00 MB to storage
[INFO] PDC_SERVER[0]: Region flush iteration took 0.018432 s
[INFO] PDC_SERVER[0]: Starting flush for obj_id 12000000001, ndim=3
[13:37:17.528253] [WARNING] [pdc_server_region_cache.c:823] PDC_SERVER[0]: Region mapping lookup took 0.000001 s
[13:37:17.528258] [WARNING] [pdc_server_region_cache.c:828] PDC_SERVER[0]: No region mapping found for obj_id 12000000001
[13:37:17.546351] [WARNING] [pdc_server_region_cache.c:834] PDC_SERVER[0]: Flushed region via POSIX I/O in 0.018075 s
[13:37:17.546376] [WARNING] [pdc_server_region_cache.c:850] PDC_SERVER[0]: [2026-10-07 13:37:17.546372] Flushed 16.00 / 16.00 MB to storage
[INFO] PDC_SERVER[0]: Region flush iteration took 0.018132 s
[INFO] PDC_SERVER[0]: Starting flush for obj_id 13000000000, ndim=3
[13:37:17.557196] [WARNING] [pdc_server_region_cache.c:823] PDC_SERVER[0]: Region mapping lookup took 0.000000 s
[13:37:17.557202] [WARNING] [pdc_server_region_cache.c:828] PDC_SERVER[0]: No region mapping found for obj_id 13000000000
[INFO] PDC_SERVER[0]: Executing graph with json filepath /pscratch/sd/n/nlewi26/src/work_space/source/pdc/tf_client/graphs/zfp_gpu.json
[13:37:17.861680] [WARNING] [pdc_tf_server.c:393] PDC_SERVER[0]: SCHED: setting CUDA device to 0 for edge 0 func=zfp_compress
[13:37:17.861719] [WARNING] [pdc_tf_server.c:401] PDC_SERVER[0]: SCHED: executing edge 0 func=zfp_compress dev=GPU
[13:37:17.872261] [WARNING] [pdc_tf_server.c:475] PDC_SERVER[0]: SCHED: done running transformations
[13:37:17.882623] [WARNING] [pdc_tf_server.c:393] PDC_SERVER[10]: SCHED: setting CUDA device to 0 for edge 0 func=zfp_compress
[13:37:17.882663] [WARNING] [pdc_tf_server.c:401] PDC_SERVER[10]: SCHED: executing edge 0 func=zfp_compress dev=GPU
[13:37:17.891019] [WARNING] [pdc_tf_server.c:393] PDC_SERVER[13]: SCHED: setting CUDA device to 0 for edge 0 func=zfp_compress
[13:37:17.891110] [WARNING] [pdc_tf_server.c:401] PDC_SERVER[13]: SCHED: executing edge 0 func=zfp_compress dev=GPU
[13:37:17.892021] [WARNING] [pdc_tf_server.c:393] PDC_SERVER[15]: SCHED: setting CUDA device to 0 for edge 0 func=zfp_compress
[13:37:17.892058] [WARNING] [pdc_tf_server.c:401] PDC_SERVER[15]: SCHED: executing edge 0 func=zfp_compress dev=GPU
[13:37:17.893892] [WARNING] [pdc_tf_server.c:393] PDC_SERVER[8]: SCHED: setting CUDA device to 0 for edge 0 func=zfp_compress
[13:37:17.893927] [WARNING] [pdc_tf_server.c:401] PDC_SERVER[8]: SCHED: executing edge 0 func=zfp_compress dev=GPU
[13:37:17.896498] [WARNING] [pdc_tf_server.c:475] PDC_SERVER[10]: SCHED: done running transformations
[13:37:17.902162] [WARNING] [pdc_tf_server.c:393] PDC_SERVER[12]: SCHED: setting CUDA device to 0 for edge 0 func=zfp_compress
[13:37:17.902186] [WARNING] [pdc_tf_server.c:401] PDC_SERVER[12]: SCHED: executing edge 0 func=zfp_compress dev=GPU
[13:37:17.902710] [WARNING] [pdc_tf_server.c:475] PDC_SERVER[15]: SCHED: done running transformations
[13:37:17.905984] [WARNING] [pdc_tf_server.c:393] PDC_SERVER[1]: SCHED: setting CUDA device to 0 for edge 0 func=zfp_compress
[13:37:17.906017] [WARNING] [pdc_tf_server.c:401] PDC_SERVER[1]: SCHED: executing edge 0 func=zfp_compress dev=GPU
[13:37:17.907259] [WARNING] [pdc_tf_server.c:393] PDC_SERVER[3]: SCHED: setting CUDA device to 0 for edge 0 func=zfp_compress
[13:37:17.907326] [WARNING] [pdc_tf_server.c:401] PDC_SERVER[3]: SCHED: executing edge 0 func=zfp_compress dev=GPU
[13:37:17.907484] [WARNING] [pdc_tf_server.c:475] PDC_SERVER[8]: SCHED: done running transformations
[13:37:17.907613] [WARNING] [pdc_tf_server.c:475] PDC_SERVER[13]: SCHED: done running transformations
[13:37:17.909192] [WARNING] [pdc_server_region_cache.c:834] PDC_SERVER[0]: Flushed region via POSIX I/O in 0.351982 s
[13:37:17.909206] [WARNING] [pdc_server_region_cache.c:850] PDC_SERVER[0]: [2026-10-07 13:37:17.909202] Flushed 16.00 / 16.00 MB to storage
[INFO] PDC_SERVER[0]: Region flush iteration took 0.352017 s
[13:37:17.910545] [WARNING] [pdc_tf_server.c:393] PDC_SERVER[11]: SCHED: setting CUDA device to 0 for edge 0 func=zfp_compress
[13:37:17.910567] [WARNING] [pdc_tf_server.c:401] PDC_SERVER[11]: SCHED: executing edge 0 func=zfp_compress dev=GPU
[13:37:17.911419] [WARNING] [pdc_tf_server.c:393] PDC_SERVER[14]: SCHED: setting CUDA device to 0 for edge 0 func=zfp_compress
[13:37:17.911440] [WARNING] [pdc_tf_server.c:401] PDC_SERVER[14]: SCHED: executing edge 0 func=zfp_compress dev=GPU
[13:37:17.912103] [WARNING] [pdc_tf_server.c:393] PDC_SERVER[6]: SCHED: setting CUDA device to 0 for edge 0 func=zfp_compress
[INFO] PDC_SERVER[0]: Starting flush for obj_id 13000000000, ndim=3
[13:37:17.912312] [WARNING] [pdc_server_region_cache.c:823] PDC_SERVER[0]: Region mapping lookup took 0.000000 s
[13:37:17.912316] [WARNING] [pdc_server_region_cache.c:828] PDC_SERVER[0]: No region mapping found for obj_id 13000000000
[13:37:17.912327] [WARNING] [pdc_tf_server.c:401] PDC_SERVER[6]: SCHED: executing edge 0 func=zfp_compress dev=GPU
[13:37:17.914827] [WARNING] [pdc_tf_server.c:393] PDC_SERVER[9]: SCHED: setting CUDA device to 0 for edge 0 func=zfp_compress
[13:37:17.914848] [WARNING] [pdc_tf_server.c:401] PDC_SERVER[9]: SCHED: executing edge 0 func=zfp_compress dev=GPU
[13:37:17.915189] [WARNING] [pdc_tf_server.c:475] PDC_SERVER[12]: SCHED: done running transformations
[13:37:17.915675] [WARNING] [pdc_tf_server.c:393] PDC_SERVER[5]: SCHED: setting CUDA device to 0 for edge 0 func=zfp_compress
[13:37:17.915715] [WARNING] [pdc_tf_server.c:401] PDC_SERVER[5]: SCHED: executing edge 0 func=zfp_compress dev=GPU
[13:37:17.923310] [WARNING] [pdc_tf_server.c:393] PDC_SERVER[4]: SCHED: setting CUDA device to 0 for edge 0 func=zfp_compress
[13:37:17.923374] [WARNING] [pdc_tf_server.c:401] PDC_SERVER[4]: SCHED: executing edge 0 func=zfp_compress dev=GPU
[13:37:17.925212] [WARNING] [pdc_tf_server.c:393] PDC_SERVER[7]: SCHED: setting CUDA device to 0 for edge 0 func=zfp_compress
[13:37:17.925425] [WARNING] [pdc_tf_server.c:401] PDC_SERVER[7]: SCHED: executing edge 0 func=zfp_compress dev=GPU
[13:37:17.926155] [WARNING] [pdc_tf_server.c:475] PDC_SERVER[1]: SCHED: done running transformations
[13:37:17.926516] [WARNING] [pdc_tf_server.c:475] PDC_SERVER[9]: SCHED: done running transformations
[13:37:17.926899] [WARNING] [pdc_tf_server.c:475] PDC_SERVER[3]: SCHED: done running transformations
[13:37:17.927075] [WARNING] [pdc_tf_server.c:475] PDC_SERVER[14]: SCHED: done running transformations
[13:37:17.927633] [WARNING] [pdc_tf_server.c:475] PDC_SERVER[11]: SCHED: done running transformations
[13:37:17.929917] [WARNING] [pdc_tf_server.c:475] PDC_SERVER[6]: SCHED: done running transformations
[13:37:17.930567] [WARNING] [pdc_tf_server.c:475] PDC_SERVER[5]: SCHED: done running transformations
[13:37:17.939352] [WARNING] [pdc_tf_server.c:475] PDC_SERVER[4]: SCHED: done running transformations
[13:37:17.942538] [WARNING] [pdc_tf_server.c:475] PDC_SERVER[7]: SCHED: done running transformations
[13:37:17.943415] [WARNING] [pdc_tf_server.c:393] PDC_SERVER[2]: SCHED: setting CUDA device to 0 for edge 0 func=zfp_compress
[13:37:17.943443] [WARNING] [pdc_tf_server.c:401] PDC_SERVER[2]: SCHED: executing edge 0 func=zfp_compress dev=GPU
[13:37:17.952677] [WARNING] [pdc_tf_server.c:475] PDC_SERVER[2]: SCHED: done running transformations
[INFO] PDC_SERVER[0]: Executing graph with json filepath /pscratch/sd/n/nlewi26/src/work_space/source/pdc/tf_client/graphs/zfp_gpu.json
[13:37:18.176087] [WARNING] [pdc_tf_server.c:393] PDC_SERVER[0]: SCHED: setting CUDA device to 0 for edge 0 func=zfp_compress
[13:37:18.176103] [WARNING] [pdc_tf_server.c:401] PDC_SERVER[0]: SCHED: executing edge 0 func=zfp_compress dev=GPU
[13:37:18.187375] [WARNING] [pdc_tf_server.c:475] PDC_SERVER[0]: SCHED: done running transformations
[13:37:18.223565] [WARNING] [pdc_server_region_cache.c:834] PDC_SERVER[0]: Flushed region via POSIX I/O in 0.311238 s
[13:37:18.223584] [WARNING] [pdc_server_region_cache.c:850] PDC_SERVER[0]: [2026-10-07 13:37:18.223580] Flushed 16.00 / 16.00 MB to storage
[INFO] PDC_SERVER[0]: Region flush iteration took 0.311285 s
[INFO] PDC_SERVER[0]: Starting flush for obj_id 13000000000, ndim=3
[13:37:18.225382] [WARNING] [pdc_server_region_cache.c:823] PDC_SERVER[0]: Region mapping lookup took 0.000001 s
[13:37:18.225263] [WARNING] [pdc_tf_server.c:393] PDC_SERVER[15]: SCHED: setting CUDA device to 0 for edge 0 func=zfp_compress
[13:37:18.225304] [WARNING] [pdc_tf_server.c:401] PDC_SERVER[15]: SCHED: executing edge 0 func=zfp_compress dev=GPU
[13:37:18.225388] [WARNING] [pdc_server_region_cache.c:828] PDC_SERVER[0]: No region mapping found for obj_id 13000000000
[13:37:18.234786] [WARNING] [pdc_tf_server.c:393] PDC_SERVER[12]: SCHED: setting CUDA device to 0 for edge 0 func=zfp_compress
[13:37:18.234866] [WARNING] [pdc_tf_server.c:401] PDC_SERVER[12]: SCHED: executing edge 0 func=zfp_compress dev=GPU
[13:37:18.241135] [WARNING] [pdc_tf_server.c:393] PDC_SERVER[10]: SCHED: setting CUDA device to 0 for edge 0 func=zfp_compress
[13:37:18.241170] [WARNING] [pdc_tf_server.c:401] PDC_SERVER[10]: SCHED: executing edge 0 func=zfp_compress dev=GPU
[13:37:18.242326] [WARNING] [pdc_tf_server.c:393] PDC_SERVER[8]: SCHED: setting CUDA device to 0 for edge 0 func=zfp_compress
[13:37:18.242352] [WARNING] [pdc_tf_server.c:401] PDC_SERVER[8]: SCHED: executing edge 0 func=zfp_compress dev=GPU
[13:37:18.245133] [WARNING] [pdc_tf_server.c:393] PDC_SERVER[4]: SCHED: setting CUDA device to 0 for edge 0 func=zfp_compress
[13:37:18.245163] [WARNING] [pdc_tf_server.c:401] PDC_SERVER[4]: SCHED: executing edge 0 func=zfp_compress dev=GPU
[13:37:18.247713] [WARNING] [pdc_tf_server.c:475] PDC_SERVER[15]: SCHED: done running transformations
[13:37:18.254944] [WARNING] [pdc_tf_server.c:475] PDC_SERVER[4]: SCHED: done running transformations
[13:37:18.255693] [WARNING] [pdc_tf_server.c:393] PDC_SERVER[3]: SCHED: setting CUDA device to 0 for edge 0 func=zfp_compress
[13:37:18.255730] [WARNING] [pdc_tf_server.c:401] PDC_SERVER[3]: SCHED: executing edge 0 func=zfp_compress dev=GPU
[13:37:18.255775] [WARNING] [pdc_tf_server.c:393] PDC_SERVER[1]: SCHED: setting CUDA device to 0 for edge 0 func=zfp_compress
[13:37:18.255816] [WARNING] [pdc_tf_server.c:401] PDC_SERVER[1]: SCHED: executing edge 0 func=zfp_compress dev=GPU
[13:37:18.257404] [WARNING] [pdc_tf_server.c:393] PDC_SERVER[5]: SCHED: setting CUDA device to 0 for edge 0 func=zfp_compress
[13:37:18.257445] [WARNING] [pdc_tf_server.c:401] PDC_SERVER[5]: SCHED: executing edge 0 func=zfp_compress dev=GPU
[13:37:18.259793] [WARNING] [pdc_tf_server.c:475] PDC_SERVER[12]: SCHED: done running transformations
[13:37:18.268761] [WARNING] [pdc_tf_server.c:475] PDC_SERVER[1]: SCHED: done running transformations
[13:37:18.270107] [WARNING] [pdc_tf_server.c:393] PDC_SERVER[13]: SCHED: setting CUDA device to 0 for edge 0 func=zfp_compress
[13:37:18.270148] [WARNING] [pdc_tf_server.c:401] PDC_SERVER[13]: SCHED: executing edge 0 func=zfp_compress dev=GPU
[13:37:18.273281] [WARNING] [pdc_tf_server.c:475] PDC_SERVER[5]: SCHED: done running transformations
[13:37:18.273477] [WARNING] [pdc_tf_server.c:475] PDC_SERVER[3]: SCHED: done running transformations
[13:37:18.274102] [WARNING] [pdc_tf_server.c:393] PDC_SERVER[6]: SCHED: setting CUDA device to 0 for edge 0 func=zfp_compress
[13:37:18.274194] [WARNING] [pdc_tf_server.c:401] PDC_SERVER[6]: SCHED: executing edge 0 func=zfp_compress dev=GPU
[13:37:18.274196] [WARNING] [pdc_tf_server.c:475] PDC_SERVER[8]: SCHED: done running transformations
[13:37:18.276440] [WARNING] [pdc_tf_server.c:393] PDC_SERVER[2]: SCHED: setting CUDA device to 0 for edge 0 func=zfp_compress
[13:37:18.276479] [WARNING] [pdc_tf_server.c:401] PDC_SERVER[2]: SCHED: executing edge 0 func=zfp_compress dev=GPU
[13:37:18.277552] [WARNING] [pdc_tf_server.c:475] PDC_SERVER[10]: SCHED: done running transformations
[13:37:18.289564] [WARNING] [pdc_tf_server.c:475] PDC_SERVER[6]: SCHED: done running transformations
[13:37:18.290184] [WARNING] [pdc_tf_server.c:475] PDC_SERVER[2]: SCHED: done running transformations
[13:37:18.293024] [WARNING] [pdc_tf_server.c:475] PDC_SERVER[13]: SCHED: done running transformations
[13:37:18.295038] [WARNING] [pdc_tf_server.c:393] PDC_SERVER[9]: SCHED: setting CUDA device to 0 for edge 0 func=zfp_compress
[13:37:18.295073] [WARNING] [pdc_tf_server.c:401] PDC_SERVER[9]: SCHED: executing edge 0 func=zfp_compress dev=GPU
[13:37:18.303942] [WARNING] [pdc_tf_server.c:393] PDC_SERVER[11]: SCHED: setting CUDA device to 0 for edge 0 func=zfp_compress
[13:37:18.304022] [WARNING] [pdc_tf_server.c:401] PDC_SERVER[11]: SCHED: executing edge 0 func=zfp_compress dev=GPU
[13:37:18.314288] [WARNING] [pdc_tf_server.c:475] PDC_SERVER[9]: SCHED: done running transformations
[13:37:18.317821] [WARNING] [pdc_tf_server.c:393] PDC_SERVER[14]: SCHED: setting CUDA device to 0 for edge 0 func=zfp_compress
[13:37:18.317906] [WARNING] [pdc_tf_server.c:401] PDC_SERVER[14]: SCHED: executing edge 0 func=zfp_compress dev=GPU
[13:37:18.326652] [WARNING] [pdc_tf_server.c:475] PDC_SERVER[11]: SCHED: done running transformations
[13:37:18.334797] [WARNING] [pdc_tf_server.c:475] PDC_SERVER[14]: SCHED: done running transformations
[13:37:18.335055] [WARNING] [pdc_tf_server.c:393] PDC_SERVER[7]: SCHED: setting CUDA device to 0 for edge 0 func=zfp_compress
[13:37:18.335094] [WARNING] [pdc_tf_server.c:401] PDC_SERVER[7]: SCHED: executing edge 0 func=zfp_compress dev=GPU
[13:37:18.352043] [WARNING] [pdc_tf_server.c:475] PDC_SERVER[7]: SCHED: done running transformations
[INFO] PDC_SERVER[0]: Executing graph with json filepath /pscratch/sd/n/nlewi26/src/work_space/source/pdc/tf_client/graphs/zfp_gpu.json
[13:37:18.485066] [WARNING] [pdc_tf_server.c:393] PDC_SERVER[0]: SCHED: setting CUDA device to 0 for edge 0 func=zfp_compress
[13:37:18.485106] [WARNING] [pdc_tf_server.c:401] PDC_SERVER[0]: SCHED: executing edge 0 func=zfp_compress dev=GPU
[13:37:18.494763] [WARNING] [pdc_tf_server.c:475] PDC_SERVER[0]: SCHED: done running transformations
[13:37:18.533034] [WARNING] [pdc_server_region_cache.c:834] PDC_SERVER[0]: Flushed region via POSIX I/O in 0.307635 s
[13:37:18.533050] [WARNING] [pdc_server_region_cache.c:850] PDC_SERVER[0]: [2026-10-07 13:37:18.533047] Flushed 16.00 / 16.00 MB to storage
[INFO] PDC_SERVER[0]: Region flush iteration took 0.307677 s
[INFO] PDC_SERVER[0]: Starting flush for obj_id 13000000000, ndim=3
[13:37:18.534752] [WARNING] [pdc_server_region_cache.c:823] PDC_SERVER[0]: Region mapping lookup took 0.000000 s
[13:37:18.534756] [WARNING] [pdc_server_region_cache.c:828] PDC_SERVER[0]: No region mapping found for obj_id 13000000000
[13:37:18.555899] [WARNING] [pdc_tf_server.c:393] PDC_SERVER[4]: SCHED: setting CUDA device to 0 for edge 0 func=zfp_compress
[13:37:18.556056] [WARNING] [pdc_tf_server.c:401] PDC_SERVER[4]: SCHED: executing edge 0 func=zfp_compress dev=GPU
[13:37:18.563492] [WARNING] [pdc_tf_server.c:393] PDC_SERVER[15]: SCHED: setting CUDA device to 0 for edge 0 func=zfp_compress
[13:37:18.563538] [WARNING] [pdc_tf_server.c:401] PDC_SERVER[15]: SCHED: executing edge 0 func=zfp_compress dev=GPU
[13:37:18.565355] [WARNING] [pdc_tf_server.c:475] PDC_SERVER[4]: SCHED: done running transformations
[13:37:18.573713] [WARNING] [pdc_tf_server.c:475] PDC_SERVER[15]: SCHED: done running transformations
[13:37:18.573963] [WARNING] [pdc_tf_server.c:393] PDC_SERVER[12]: SCHED: setting CUDA device to 0 for edge 0 func=zfp_compress
[13:37:18.573996] [WARNING] [pdc_tf_server.c:401] PDC_SERVER[12]: SCHED: executing edge 0 func=zfp_compress dev=GPU
[13:37:18.586255] [WARNING] [pdc_tf_server.c:475] PDC_SERVER[12]: SCHED: done running transformations
[13:37:18.595229] [WARNING] [pdc_tf_server.c:393] PDC_SERVER[8]: SCHED: setting CUDA device to 0 for edge 0 func=zfp_compress
[13:37:18.595287] [WARNING] [pdc_tf_server.c:401] PDC_SERVER[8]: SCHED: executing edge 0 func=zfp_compress dev=GPU
[13:37:18.600409] [WARNING] [pdc_tf_server.c:393] PDC_SERVER[10]: SCHED: setting CUDA device to 0 for edge 0 func=zfp_compress
[13:37:18.600474] [WARNING] [pdc_tf_server.c:401] PDC_SERVER[10]: SCHED: executing edge 0 func=zfp_compress dev=GPU
[13:37:18.600634] [WARNING] [pdc_tf_server.c:393] PDC_SERVER[5]: SCHED: setting CUDA device to 0 for edge 0 func=zfp_compress
[13:37:18.600668] [WARNING] [pdc_tf_server.c:401] PDC_SERVER[5]: SCHED: executing edge 0 func=zfp_compress dev=GPU
[13:37:18.606811] [WARNING] [pdc_tf_server.c:475] PDC_SERVER[8]: SCHED: done running transformations
[13:37:18.608630] [WARNING] [pdc_tf_server.c:393] PDC_SERVER[3]: SCHED: setting CUDA device to 0 for edge 0 func=zfp_compress
[13:37:18.608656] [WARNING] [pdc_tf_server.c:401] PDC_SERVER[3]: SCHED: executing edge 0 func=zfp_compress dev=GPU
[13:37:18.610795] [WARNING] [pdc_tf_server.c:475] PDC_SERVER[10]: SCHED: done running transformations
[13:37:18.611396] [WARNING] [pdc_tf_server.c:393] PDC_SERVER[1]: SCHED: setting CUDA device to 0 for edge 0 func=zfp_compress
[13:37:18.611456] [WARNING] [pdc_tf_server.c:401] PDC_SERVER[1]: SCHED: executing edge 0 func=zfp_compress dev=GPU
[13:37:18.613457] [WARNING] [pdc_tf_server.c:393] PDC_SERVER[2]: SCHED: setting CUDA device to 0 for edge 0 func=zfp_compress
[13:37:18.613496] [WARNING] [pdc_tf_server.c:401] PDC_SERVER[2]: SCHED: executing edge 0 func=zfp_compress dev=GPU
[13:37:18.614286] [WARNING] [pdc_tf_server.c:475] PDC_SERVER[5]: SCHED: done running transformations
[13:37:18.621818] [WARNING] [pdc_tf_server.c:393] PDC_SERVER[6]: SCHED: setting CUDA device to 0 for edge 0 func=zfp_compress
[13:37:18.621847] [WARNING] [pdc_tf_server.c:401] PDC_SERVER[6]: SCHED: executing edge 0 func=zfp_compress dev=GPU
[13:37:18.626082] [WARNING] [pdc_tf_server.c:475] PDC_SERVER[3]: SCHED: done running transformations
[13:37:18.628362] [WARNING] [pdc_tf_server.c:475] PDC_SERVER[1]: SCHED: done running transformations
[13:37:18.629372] [WARNING] [pdc_tf_server.c:475] PDC_SERVER[2]: SCHED: done running transformations
[13:37:18.633365] [WARNING] [pdc_tf_server.c:475] PDC_SERVER[6]: SCHED: done running transformations
[13:37:18.637336] [WARNING] [pdc_tf_server.c:393] PDC_SERVER[13]: SCHED: setting CUDA device to 0 for edge 0 func=zfp_compress
[13:37:18.637369] [WARNING] [pdc_tf_server.c:401] PDC_SERVER[13]: SCHED: executing edge 0 func=zfp_compress dev=GPU
[13:37:18.647083] [WARNING] [pdc_tf_server.c:393] PDC_SERVER[11]: SCHED: setting CUDA device to 0 for edge 0 func=zfp_compress
[13:37:18.647104] [WARNING] [pdc_tf_server.c:401] PDC_SERVER[11]: SCHED: executing edge 0 func=zfp_compress dev=GPU
[13:37:18.650565] [WARNING] [pdc_tf_server.c:475] PDC_SERVER[13]: SCHED: done running transformations
[13:37:18.659195] [WARNING] [pdc_tf_server.c:393] PDC_SERVER[14]: SCHED: setting CUDA device to 0 for edge 0 func=zfp_compress
[13:37:18.659228] [WARNING] [pdc_tf_server.c:401] PDC_SERVER[14]: SCHED: executing edge 0 func=zfp_compress dev=GPU
[13:37:18.662624] [WARNING] [pdc_tf_server.c:475] PDC_SERVER[11]: SCHED: done running transformations
[13:37:18.669875] [WARNING] [pdc_tf_server.c:393] PDC_SERVER[9]: SCHED: setting CUDA device to 0 for edge 0 func=zfp_compress
[13:37:18.669909] [WARNING] [pdc_tf_server.c:401] PDC_SERVER[9]: SCHED: executing edge 0 func=zfp_compress dev=GPU
[13:37:18.678517] [WARNING] [pdc_tf_server.c:475] PDC_SERVER[14]: SCHED: done running transformations
[13:37:18.692767] [WARNING] [pdc_tf_server.c:475] PDC_SERVER[9]: SCHED: done running transformations
[13:37:18.732858] [WARNING] [pdc_tf_server.c:393] PDC_SERVER[7]: SCHED: setting CUDA device to 0 for edge 0 func=zfp_compress
[13:37:18.732896] [WARNING] [pdc_tf_server.c:401] PDC_SERVER[7]: SCHED: executing edge 0 func=zfp_compress dev=GPU
[13:37:18.750266] [WARNING] [pdc_tf_server.c:475] PDC_SERVER[7]: SCHED: done running transformations
[INFO] PDC_SERVER[0]: Executing graph with json filepath /pscratch/sd/n/nlewi26/src/work_space/source/pdc/tf_client/graphs/zfp_gpu.json
[13:37:18.786880] [WARNING] [pdc_tf_server.c:393] PDC_SERVER[0]: SCHED: setting CUDA device to 0 for edge 0 func=zfp_compress
[13:37:18.786896] [WARNING] [pdc_tf_server.c:401] PDC_SERVER[0]: SCHED: executing edge 0 func=zfp_compress dev=GPU
[13:37:18.801857] [WARNING] [pdc_tf_server.c:475] PDC_SERVER[0]: SCHED: done running transformations
[13:37:18.840935] [WARNING] [pdc_server_region_cache.c:834] PDC_SERVER[0]: Flushed region via POSIX I/O in 0.306168 s
[13:37:18.840964] [WARNING] [pdc_server_region_cache.c:850] PDC_SERVER[0]: [2026-10-07 13:37:18.840960] Flushed 16.00 / 16.00 MB to storage
[INFO] PDC_SERVER[0]: Region flush iteration took 0.306220 s
[13:37:18.862958] [WARNING] [pdc_tf_server.c:393] PDC_SERVER[4]: SCHED: setting CUDA device to 0 for edge 0 func=zfp_compress
[13:37:18.862986] [WARNING] [pdc_tf_server.c:401] PDC_SERVER[4]: SCHED: executing edge 0 func=zfp_compress dev=GPU
[13:37:18.871707] [WARNING] [pdc_tf_server.c:475] PDC_SERVER[4]: SCHED: done running transformations
[13:37:18.887714] [WARNING] [pdc_tf_server.c:393] PDC_SERVER[15]: SCHED: setting CUDA device to 0 for edge 0 func=zfp_compress
[13:37:18.887781] [WARNING] [pdc_tf_server.c:401] PDC_SERVER[15]: SCHED: executing edge 0 func=zfp_compress dev=GPU
[13:37:18.897197] [WARNING] [pdc_tf_server.c:475] PDC_SERVER[15]: SCHED: done running transformations
[13:37:18.905409] [WARNING] [pdc_tf_server.c:393] PDC_SERVER[12]: SCHED: setting CUDA device to 0 for edge 0 func=zfp_compress
[13:37:18.905466] [WARNING] [pdc_tf_server.c:401] PDC_SERVER[12]: SCHED: executing edge 0 func=zfp_compress dev=GPU
[13:37:18.916239] [WARNING] [pdc_tf_server.c:475] PDC_SERVER[12]: SCHED: done running transformations
[13:37:18.928536] [WARNING] [pdc_tf_server.c:393] PDC_SERVER[10]: SCHED: setting CUDA device to 0 for edge 0 func=zfp_compress
[13:37:18.928565] [WARNING] [pdc_tf_server.c:401] PDC_SERVER[10]: SCHED: executing edge 0 func=zfp_compress dev=GPU
[13:37:18.938012] [WARNING] [pdc_tf_server.c:475] PDC_SERVER[10]: SCHED: done running transformations
[13:37:18.943179] [WARNING] [pdc_tf_server.c:393] PDC_SERVER[8]: SCHED: setting CUDA device to 0 for edge 0 func=zfp_compress
[13:37:18.943238] [WARNING] [pdc_tf_server.c:401] PDC_SERVER[8]: SCHED: executing edge 0 func=zfp_compress dev=GPU
[13:37:18.948912] [WARNING] [pdc_tf_server.c:393] PDC_SERVER[2]: SCHED: setting CUDA device to 0 for edge 0 func=zfp_compress
[13:37:18.948975] [WARNING] [pdc_tf_server.c:401] PDC_SERVER[2]: SCHED: executing edge 0 func=zfp_compress dev=GPU
[13:37:18.952558] [WARNING] [pdc_tf_server.c:475] PDC_SERVER[8]: SCHED: done running transformations
[13:37:18.953650] [WARNING] [pdc_tf_server.c:393] PDC_SERVER[5]: SCHED: setting CUDA device to 0 for edge 0 func=zfp_compress
[13:37:18.953730] [WARNING] [pdc_tf_server.c:401] PDC_SERVER[5]: SCHED: executing edge 0 func=zfp_compress dev=GPU
[13:37:18.959297] [WARNING] [pdc_tf_server.c:475] PDC_SERVER[2]: SCHED: done running transformations
[13:37:18.959515] [WARNING] [pdc_tf_server.c:393] PDC_SERVER[3]: SCHED: setting CUDA device to 0 for edge 0 func=zfp_compress
[13:37:18.959536] [WARNING] [pdc_tf_server.c:401] PDC_SERVER[3]: SCHED: executing edge 0 func=zfp_compress dev=GPU
[13:37:18.960596] [WARNING] [pdc_tf_server.c:393] PDC_SERVER[13]: SCHED: setting CUDA device to 0 for edge 0 func=zfp_compress
[13:37:18.960625] [WARNING] [pdc_tf_server.c:401] PDC_SERVER[13]: SCHED: executing edge 0 func=zfp_compress dev=GPU
[13:37:18.960981] [WARNING] [pdc_tf_server.c:393] PDC_SERVER[6]: SCHED: setting CUDA device to 0 for edge 0 func=zfp_compress
[13:37:18.961019] [WARNING] [pdc_tf_server.c:401] PDC_SERVER[6]: SCHED: executing edge 0 func=zfp_compress dev=GPU
[13:37:18.965210] [WARNING] [pdc_tf_server.c:393] PDC_SERVER[1]: SCHED: setting CUDA device to 0 for edge 0 func=zfp_compress
[13:37:18.965237] [WARNING] [pdc_tf_server.c:401] PDC_SERVER[1]: SCHED: executing edge 0 func=zfp_compress dev=GPU
[13:37:18.965582] [WARNING] [pdc_tf_server.c:475] PDC_SERVER[5]: SCHED: done running transformations
[13:37:18.971478] [WARNING] [pdc_tf_server.c:475] PDC_SERVER[6]: SCHED: done running transformations
[13:37:18.973083] [WARNING] [pdc_tf_server.c:475] PDC_SERVER[13]: SCHED: done running transformations
[13:37:18.974855] [WARNING] [pdc_tf_server.c:475] PDC_SERVER[3]: SCHED: done running transformations
[13:37:18.978973] [WARNING] [pdc_tf_server.c:475] PDC_SERVER[1]: SCHED: done running transformations
[13:37:18.981442] [WARNING] [pdc_tf_server.c:393] PDC_SERVER[11]: SCHED: setting CUDA device to 0 for edge 0 func=zfp_compress
[13:37:18.981472] [WARNING] [pdc_tf_server.c:401] PDC_SERVER[11]: SCHED: executing edge 0 func=zfp_compress dev=GPU
[13:37:18.990101] [WARNING] [pdc_tf_server.c:393] PDC_SERVER[14]: SCHED: setting CUDA device to 0 for edge 0 func=zfp_compress
[13:37:18.990161] [WARNING] [pdc_tf_server.c:401] PDC_SERVER[14]: SCHED: executing edge 0 func=zfp_compress dev=GPU
[13:37:18.990721] [WARNING] [pdc_tf_server.c:475] PDC_SERVER[11]: SCHED: done running transformations
[13:37:18.999835] [WARNING] [pdc_tf_server.c:475] PDC_SERVER[14]: SCHED: done running transformations
[13:37:19.044177] [WARNING] [pdc_tf_server.c:393] PDC_SERVER[9]: SCHED: setting CUDA device to 0 for edge 0 func=zfp_compress
[13:37:19.044231] [WARNING] [pdc_tf_server.c:401] PDC_SERVER[9]: SCHED: executing edge 0 func=zfp_compress dev=GPU
[13:37:19.053154] [WARNING] [pdc_tf_server.c:475] PDC_SERVER[9]: SCHED: done running transformations
[13:37:19.095619] [WARNING] [pdc_tf_server.c:393] PDC_SERVER[7]: SCHED: setting CUDA device to 0 for edge 0 func=zfp_compress
[13:37:19.095644] [WARNING] [pdc_tf_server.c:401] PDC_SERVER[7]: SCHED: executing edge 0 func=zfp_compress dev=GPU
[13:37:19.102475] [WARNING] [pdc_tf_server.c:475] PDC_SERVER[7]: SCHED: done running transformations
[INFO] PDC_SERVER[4]: Fetching region for obj_id=16000000000
[INFO] PDC_SERVER[4]: Checking against Object 10000000000
[INFO] PDC_SERVER[4]: Checking against Object 11000000000
[INFO] PDC_SERVER[4]: Checking against Object 12000000000
[INFO] PDC_SERVER[4]: Checking against Object 11000000001
[INFO] PDC_SERVER[4]: Checking against Object 12000000001
[INFO] PDC_SERVER[4]: Checking against Object 13000000000
[INFO] PDC_SERVER[4]: Object 16000000000 NOT found in cache
[INFO] PDC_SERVER[4]: Fetching region from server for obj_id=16000000000
[INFO] PDC_SERVER[0]: Fetching region for obj_id=16000000000
[INFO] PDC_SERVER[0]: Checking against Object 10000000000
[INFO] PDC_SERVER[0]: Checking against Object 11000000000
[INFO] PDC_SERVER[0]: Checking against Object 12000000000
[INFO] PDC_SERVER[0]: Checking against Object 11000000001
[INFO] PDC_SERVER[0]: Checking against Object 12000000001
[INFO] PDC_SERVER[0]: Checking against Object 13000000000
[INFO] PDC_SERVER[0]: Object 16000000000 NOT found in cache
[INFO] PDC_SERVER[0]: Fetching region from server for obj_id=16000000000
[INFO] PDC_SERVER[13]: Fetching region for obj_id=16000000000
[INFO] PDC_SERVER[13]: Checking against Object 10000000000
[INFO] PDC_SERVER[13]: Checking against Object 11000000000
[INFO] PDC_SERVER[13]: Checking against Object 12000000000
[INFO] PDC_SERVER[13]: Checking against Object 11000000001
[INFO] PDC_SERVER[13]: Checking against Object 12000000001
[INFO] PDC_SERVER[13]: Checking against Object 13000000000
[INFO] PDC_SERVER[13]: Object 16000000000 NOT found in cache
[INFO] PDC_SERVER[13]: Fetching region from server for obj_id=16000000000
[INFO] PDC_SERVER[3]: Fetching region for obj_id=16000000000
[INFO] PDC_SERVER[3]: Checking against Object 10000000000
[INFO] PDC_SERVER[3]: Checking against Object 11000000000
[INFO] PDC_SERVER[3]: Checking against Object 12000000000
[INFO] PDC_SERVER[3]: Checking against Object 11000000001
[INFO] PDC_SERVER[3]: Checking against Object 12000000001
[INFO] PDC_SERVER[3]: Checking against Object 13000000000
[INFO] PDC_SERVER[3]: Object 16000000000 NOT found in cache
[INFO] PDC_SERVER[3]: Fetching region from server for obj_id=16000000000
[INFO] PDC_SERVER[14]: Fetching region for obj_id=16000000000
[INFO] PDC_SERVER[1]: Fetching region for obj_id=16000000000
[INFO] PDC_SERVER[1]: Checking against Object 10000000000
[INFO] PDC_SERVER[1]: Checking against Object 11000000000
[INFO] PDC_SERVER[1]: Checking against Object 12000000000
[INFO] PDC_SERVER[1]: Checking against Object 11000000001
[INFO] PDC_SERVER[1]: Checking against Object 12000000001
[INFO] PDC_SERVER[1]: Checking against Object 13000000000
[INFO] PDC_SERVER[1]: Object 16000000000 NOT found in cache
[INFO] PDC_SERVER[1]: Fetching region from server for obj_id=16000000000
[INFO] PDC_SERVER[14]: Checking against Object 10000000000
[INFO] PDC_SERVER[14]: Checking against Object 11000000000
[INFO] PDC_SERVER[14]: Checking against Object 12000000000
[INFO] PDC_SERVER[14]: Checking against Object 11000000001
[INFO] PDC_SERVER[6]: Fetching region for obj_id=16000000000
[INFO] PDC_SERVER[6]: Checking against Object 10000000000
[INFO] PDC_SERVER[6]: Checking against Object 11000000000
[INFO] PDC_SERVER[6]: Checking against Object 12000000000
[INFO] PDC_SERVER[6]: Checking against Object 11000000001
[INFO] PDC_SERVER[6]: Checking against Object 12000000001
[INFO] PDC_SERVER[6]: Checking against Object 13000000000
[INFO] PDC_SERVER[6]: Object 16000000000 NOT found in cache
[INFO] PDC_SERVER[14]: Checking against Object 12000000001
[INFO] PDC_SERVER[14]: Checking against Object 13000000000
[INFO] PDC_SERVER[14]: Object 16000000000 NOT found in cache
[INFO] PDC_SERVER[14]: Fetching region from server for obj_id=16000000000
[INFO] PDC_SERVER[6]: Fetching region from server for obj_id=16000000000
[INFO] PDC_SERVER[9]: Fetching region for obj_id=16000000000
[INFO] PDC_SERVER[9]: Checking against Object 10000000000
[INFO] PDC_SERVER[9]: Checking against Object 11000000000
[INFO] PDC_SERVER[9]: Checking against Object 12000000000
[INFO] PDC_SERVER[9]: Checking against Object 11000000001
[INFO] PDC_SERVER[5]: Fetching region for obj_id=16000000000
[INFO] PDC_SERVER[5]: Checking against Object 10000000000
[INFO] PDC_SERVER[5]: Checking against Object 11000000000
[INFO] PDC_SERVER[5]: Checking against Object 12000000000
[INFO] PDC_SERVER[5]: Checking against Object 11000000001
[INFO] PDC_SERVER[5]: Checking against Object 12000000001
[INFO] PDC_SERVER[5]: Checking against Object 13000000000
[INFO] PDC_SERVER[5]: Object 16000000000 NOT found in cache
[INFO] PDC_SERVER[5]: Fetching region from server for obj_id=16000000000
[INFO] PDC_SERVER[9]: Checking against Object 12000000001
[INFO] PDC_SERVER[9]: Checking against Object 13000000000
[INFO] PDC_SERVER[9]: Object 16000000000 NOT found in cache
[INFO] PDC_SERVER[9]: Fetching region from server for obj_id=16000000000
[INFO] PDC_SERVER[7]: Fetching region for obj_id=16000000000
[INFO] PDC_SERVER[7]: Checking against Object 10000000000
[INFO] PDC_SERVER[7]: Checking against Object 11000000000
[INFO] PDC_SERVER[7]: Checking against Object 12000000000
[INFO] PDC_SERVER[7]: Checking against Object 11000000001
[INFO] PDC_SERVER[7]: Checking against Object 12000000001
[INFO] PDC_SERVER[7]: Checking against Object 13000000000
[INFO] PDC_SERVER[7]: Object 16000000000 NOT found in cache
[INFO] PDC_SERVER[7]: Fetching region from server for obj_id=16000000000
[INFO] PDC_SERVER[15]: Fetching region for obj_id=16000000000
[INFO] PDC_SERVER[15]: Checking against Object 10000000000
[INFO] PDC_SERVER[15]: Checking against Object 11000000000
[INFO] PDC_SERVER[15]: Checking against Object 12000000000
[INFO] PDC_SERVER[15]: Checking against Object 11000000001
[INFO] PDC_SERVER[15]: Checking against Object 12000000001
[INFO] PDC_SERVER[15]: Checking against Object 13000000000
[INFO] PDC_SERVER[15]: Object 16000000000 NOT found in cache
[INFO] PDC_SERVER[15]: Fetching region from server for obj_id=16000000000
[INFO] PDC_SERVER[8]: Fetching region for obj_id=16000000000
[INFO] PDC_SERVER[8]: Checking against Object 10000000000
[INFO] PDC_SERVER[8]: Checking against Object 11000000000
[INFO] PDC_SERVER[8]: Checking against Object 12000000000
[INFO] PDC_SERVER[8]: Checking against Object 11000000001
[INFO] PDC_SERVER[8]: Checking against Object 12000000001
[INFO] PDC_SERVER[8]: Checking against Object 13000000000
[INFO] PDC_SERVER[8]: Object 16000000000 NOT found in cache
[INFO] PDC_SERVER[8]: Fetching region from server for obj_id=16000000000
[INFO] PDC_SERVER[11]: Fetching region for obj_id=16000000000
[INFO] PDC_SERVER[11]: Checking against Object 10000000000
[INFO] PDC_SERVER[11]: Checking against Object 11000000000
[INFO] PDC_SERVER[11]: Checking against Object 12000000000
[INFO] PDC_SERVER[11]: Checking against Object 11000000001
[INFO] PDC_SERVER[11]: Checking against Object 12000000001
[INFO] PDC_SERVER[2]: Fetching region for obj_id=16000000000
[INFO] PDC_SERVER[2]: Checking against Object 10000000000
[INFO] PDC_SERVER[2]: Checking against Object 11000000000
[INFO] PDC_SERVER[2]: Checking against Object 12000000000
[INFO] PDC_SERVER[2]: Checking against Object 11000000001
[INFO] PDC_SERVER[2]: Checking against Object 12000000001
[INFO] PDC_SERVER[2]: Checking against Object 13000000000
[INFO] PDC_SERVER[11]: Checking against Object 13000000000
[INFO] PDC_SERVER[2]: Object 16000000000 NOT found in cache
[INFO] PDC_SERVER[2]: Fetching region from server for obj_id=16000000000
[INFO] PDC_SERVER[11]: Object 16000000000 NOT found in cache
[INFO] PDC_SERVER[11]: Fetching region from server for obj_id=16000000000
[INFO] PDC_SERVER[12]: Fetching region for obj_id=16000000000
[INFO] PDC_SERVER[12]: Checking against Object 10000000000
[INFO] PDC_SERVER[12]: Checking against Object 11000000000
[INFO] PDC_SERVER[12]: Checking against Object 12000000000
[INFO] PDC_SERVER[12]: Checking against Object 11000000001
[INFO] PDC_SERVER[12]: Checking against Object 12000000001
[INFO] PDC_SERVER[12]: Checking against Object 13000000000
[INFO] PDC_SERVER[12]: Object 16000000000 NOT found in cache
[INFO] PDC_SERVER[12]: Fetching region from server for obj_id=16000000000
[INFO] PDC_SERVER[10]: Fetching region for obj_id=16000000000
[INFO] PDC_SERVER[10]: Checking against Object 10000000000
[INFO] PDC_SERVER[10]: Checking against Object 11000000000
[INFO] PDC_SERVER[10]: Checking against Object 12000000000
[INFO] PDC_SERVER[10]: Checking against Object 11000000001
[INFO] PDC_SERVER[10]: Checking against Object 12000000001
[INFO] PDC_SERVER[10]: Checking against Object 13000000000
[INFO] PDC_SERVER[10]: Object 16000000000 NOT found in cache
[INFO] PDC_SERVER[10]: Fetching region from server for obj_id=16000000000
[INFO] PDC_SERVER[0]: Executing graph with json filepath /pscratch/sd/n/nlewi26/src/work_space/source/pdc/tf_client/graphs/zfp_gpu.json
[13:37:19.162251] [WARNING] [pdc_tf_server.c:393] PDC_SERVER[0]: SCHED: setting CUDA device to 0 for edge 0 func=zfp_decompress
[13:37:19.162288] [WARNING] [pdc_tf_server.c:401] PDC_SERVER[0]: SCHED: executing edge 0 func=zfp_decompress dev=GPU
[13:37:19.162737] [WARNING] [pdc_tf_server.c:393] PDC_SERVER[1]: SCHED: setting CUDA device to 0 for edge 0 func=zfp_decompress
[13:37:19.162797] [WARNING] [pdc_tf_server.c:401] PDC_SERVER[1]: SCHED: executing edge 0 func=zfp_decompress dev=GPU
[13:37:19.163004] [WARNING] [pdc_tf_server.c:393] PDC_SERVER[3]: SCHED: setting CUDA device to 0 for edge 0 func=zfp_decompress
[13:37:19.163029] [WARNING] [pdc_tf_server.c:401] PDC_SERVER[3]: SCHED: executing edge 0 func=zfp_decompress dev=GPU
[13:37:19.165245] [WARNING] [pdc_tf_server.c:393] PDC_SERVER[7]: SCHED: setting CUDA device to 0 for edge 0 func=zfp_decompress
[13:37:19.165260] [WARNING] [pdc_tf_server.c:401] PDC_SERVER[7]: SCHED: executing edge 0 func=zfp_decompress dev=GPU
[13:37:19.165374] [WARNING] [pdc_tf_server.c:393] PDC_SERVER[5]: SCHED: setting CUDA device to 0 for edge 0 func=zfp_decompress
[13:37:19.165389] [WARNING] [pdc_tf_server.c:401] PDC_SERVER[5]: SCHED: executing edge 0 func=zfp_decompress dev=GPU
[13:37:19.165385] [WARNING] [pdc_tf_server.c:393] PDC_SERVER[15]: SCHED: setting CUDA device to 0 for edge 0 func=zfp_decompress
[13:37:19.165410] [WARNING] [pdc_tf_server.c:401] PDC_SERVER[15]: SCHED: executing edge 0 func=zfp_decompress dev=GPU
[13:37:19.165789] [WARNING] [pdc_tf_server.c:393] PDC_SERVER[8]: SCHED: setting CUDA device to 0 for edge 0 func=zfp_decompress
[13:37:19.165822] [WARNING] [pdc_tf_server.c:401] PDC_SERVER[8]: SCHED: executing edge 0 func=zfp_decompress dev=GPU
[13:37:19.165797] [WARNING] [pdc_tf_server.c:393] PDC_SERVER[13]: SCHED: setting CUDA device to 0 for edge 0 func=zfp_decompress
[13:37:19.165823] [WARNING] [pdc_tf_server.c:401] PDC_SERVER[13]: SCHED: executing edge 0 func=zfp_decompress dev=GPU
[13:37:19.165865] [WARNING] [pdc_tf_server.c:393] PDC_SERVER[6]: SCHED: setting CUDA device to 0 for edge 0 func=zfp_decompress
[13:37:19.165890] [WARNING] [pdc_tf_server.c:401] PDC_SERVER[6]: SCHED: executing edge 0 func=zfp_decompress dev=GPU
[13:37:19.165817] [WARNING] [pdc_tf_server.c:393] PDC_SERVER[9]: SCHED: setting CUDA device to 0 for edge 0 func=zfp_decompress
[13:37:19.165832] [WARNING] [pdc_tf_server.c:401] PDC_SERVER[9]: SCHED: executing edge 0 func=zfp_decompress dev=GPU
[13:37:19.167582] [WARNING] [pdc_tf_server.c:393] PDC_SERVER[14]: SCHED: setting CUDA device to 0 for edge 0 func=zfp_decompress
[13:37:19.167607] [WARNING] [pdc_tf_server.c:401] PDC_SERVER[14]: SCHED: executing edge 0 func=zfp_decompress dev=GPU
[13:37:19.170065] [WARNING] [pdc_tf_server.c:393] PDC_SERVER[2]: SCHED: setting CUDA device to 0 for edge 0 func=zfp_decompress
[13:37:19.170080] [WARNING] [pdc_tf_server.c:401] PDC_SERVER[2]: SCHED: executing edge 0 func=zfp_decompress dev=GPU
[13:37:19.171274] [WARNING] [pdc_tf_server.c:393] PDC_SERVER[4]: SCHED: setting CUDA device to 0 for edge 0 func=zfp_decompress
[13:37:19.171305] [WARNING] [pdc_tf_server.c:401] PDC_SERVER[4]: SCHED: executing edge 0 func=zfp_decompress dev=GPU
[13:37:19.175966] [WARNING] [pdc_tf_server.c:393] PDC_SERVER[12]: SCHED: setting CUDA device to 0 for edge 0 func=zfp_decompress
[13:37:19.175990] [WARNING] [pdc_tf_server.c:401] PDC_SERVER[12]: SCHED: executing edge 0 func=zfp_decompress dev=GPU
[13:37:19.176665] [WARNING] [pdc_tf_server.c:393] PDC_SERVER[10]: SCHED: setting CUDA device to 0 for edge 0 func=zfp_decompress
[13:37:19.176700] [WARNING] [pdc_tf_server.c:401] PDC_SERVER[10]: SCHED: executing edge 0 func=zfp_decompress dev=GPU
[13:37:19.178503] [WARNING] [pdc_tf_server.c:393] PDC_SERVER[11]: SCHED: setting CUDA device to 0 for edge 0 func=zfp_decompress
[13:37:19.178533] [WARNING] [pdc_tf_server.c:401] PDC_SERVER[11]: SCHED: executing edge 0 func=zfp_decompress dev=GPU
[13:37:19.186333] [WARNING] [pdc_tf_server.c:475] PDC_SERVER[0]: SCHED: done running transformations
[13:37:19.186391] [WARNING] [pdc_tf_server.c:475] PDC_SERVER[6]: SCHED: done running transformations
[13:37:19.188684] [WARNING] [pdc_tf_server.c:475] PDC_SERVER[3]: SCHED: done running transformations
[INFO] PDC_SERVER[0]: Fetching region for obj_id=16000000000
[INFO] PDC_SERVER[0]: Checking against Object 10000000000
[INFO] PDC_SERVER[0]: Checking against Object 11000000000
[INFO] PDC_SERVER[0]: Checking against Object 12000000000
[INFO] PDC_SERVER[0]: Checking against Object 11000000001
[INFO] PDC_SERVER[0]: Checking against Object 12000000001
[INFO] PDC_SERVER[0]: Checking against Object 13000000000
[INFO] PDC_SERVER[0]: Object 16000000000 NOT found in cache
[INFO] PDC_SERVER[0]: Fetching region from server for obj_id=16000000000
[INFO] PDC_SERVER[6]: Fetching region for obj_id=16000000000
[INFO] PDC_SERVER[6]: Checking against Object 10000000000
[INFO] PDC_SERVER[6]: Checking against Object 11000000000
[INFO] PDC_SERVER[6]: Checking against Object 12000000000
[INFO] PDC_SERVER[6]: Checking against Object 11000000001
[INFO] PDC_SERVER[6]: Checking against Object 12000000001
[INFO] PDC_SERVER[6]: Checking against Object 13000000000
[INFO] PDC_SERVER[6]: Object 16000000000 NOT found in cache
[INFO] PDC_SERVER[6]: Fetching region from server for obj_id=16000000000
[INFO] PDC_SERVER[3]: Fetching region for obj_id=16000000000
[INFO] PDC_SERVER[3]: Checking against Object 10000000000
[INFO] PDC_SERVER[3]: Checking against Object 11000000000
[INFO] PDC_SERVER[3]: Checking against Object 12000000000
[INFO] PDC_SERVER[3]: Checking against Object 11000000001
[INFO] PDC_SERVER[3]: Checking against Object 12000000001
[INFO] PDC_SERVER[3]: Checking against Object 13000000000
[INFO] PDC_SERVER[3]: Object 16000000000 NOT found in cache
[INFO] PDC_SERVER[3]: Fetching region from server for obj_id=16000000000
[13:37:19.202635] [WARNING] [pdc_tf_server.c:475] PDC_SERVER[4]: SCHED: done running transformations
[13:37:19.204096] [WARNING] [pdc_tf_server.c:475] PDC_SERVER[8]: SCHED: done running transformations
[13:37:19.206274] [WARNING] [pdc_tf_server.c:475] PDC_SERVER[2]: SCHED: done running transformations
[13:37:19.206701] [WARNING] [pdc_tf_server.c:475] PDC_SERVER[14]: SCHED: done running transformations
[13:37:19.207055] [WARNING] [pdc_tf_server.c:475] PDC_SERVER[15]: SCHED: done running transformations
[13:37:19.207223] [WARNING] [pdc_tf_server.c:475] PDC_SERVER[12]: SCHED: done running transformations
[13:37:19.207378] [WARNING] [pdc_tf_server.c:475] PDC_SERVER[9]: SCHED: done running transformations
[13:37:19.207435] [WARNING] [pdc_tf_server.c:475] PDC_SERVER[13]: SCHED: done running transformations
[13:37:19.207526] [WARNING] [pdc_tf_server.c:475] PDC_SERVER[11]: SCHED: done running transformations
[13:37:19.207661] [WARNING] [pdc_tf_server.c:475] PDC_SERVER[10]: SCHED: done running transformations
[INFO] PDC_SERVER[4]: Fetching region for obj_id=16000000000
[INFO] PDC_SERVER[4]: Checking against Object 10000000000
[INFO] PDC_SERVER[4]: Checking against Object 11000000000
[INFO] PDC_SERVER[4]: Checking against Object 12000000000
[INFO] PDC_SERVER[4]: Checking against Object 11000000001
[INFO] PDC_SERVER[4]: Checking against Object 12000000001
[INFO] PDC_SERVER[4]: Checking against Object 13000000000
[INFO] PDC_SERVER[4]: Object 16000000000 NOT found in cache
[INFO] PDC_SERVER[4]: Fetching region from server for obj_id=16000000000
[INFO] PDC_SERVER[0]: Executing graph with json filepath /pscratch/sd/n/nlewi26/src/work_space/source/pdc/tf_client/graphs/zfp_gpu.json
[13:37:19.207805] [WARNING] [pdc_tf_server.c:393] PDC_SERVER[0]: SCHED: setting CUDA device to 0 for edge 0 func=zfp_decompress
[13:37:19.207818] [WARNING] [pdc_tf_server.c:401] PDC_SERVER[0]: SCHED: executing edge 0 func=zfp_decompress dev=GPU
[INFO] PDC_SERVER[8]: Fetching region for obj_id=16000000000
[INFO] PDC_SERVER[8]: Checking against Object 10000000000
[INFO] PDC_SERVER[8]: Checking against Object 11000000000
[INFO] PDC_SERVER[8]: Checking against Object 12000000000
[INFO] PDC_SERVER[8]: Checking against Object 11000000001
[INFO] PDC_SERVER[8]: Checking against Object 12000000001
[INFO] PDC_SERVER[8]: Checking against Object 13000000000
[INFO] PDC_SERVER[8]: Object 16000000000 NOT found in cache
[INFO] PDC_SERVER[8]: Fetching region from server for obj_id=16000000000
[INFO] PDC_SERVER[2]: Fetching region for obj_id=16000000000
[INFO] PDC_SERVER[2]: Checking against Object 10000000000
[INFO] PDC_SERVER[2]: Checking against Object 11000000000
[INFO] PDC_SERVER[2]: Checking against Object 12000000000
[INFO] PDC_SERVER[2]: Checking against Object 11000000001
[INFO] PDC_SERVER[2]: Checking against Object 12000000001
[INFO] PDC_SERVER[2]: Checking against Object 13000000000
[INFO] PDC_SERVER[2]: Object 16000000000 NOT found in cache
[INFO] PDC_SERVER[2]: Fetching region from server for obj_id=16000000000
[INFO] PDC_SERVER[12]: Fetching region for obj_id=16000000000
[INFO] PDC_SERVER[12]: Checking against Object 10000000000
[INFO] PDC_SERVER[12]: Checking against Object 11000000000
[INFO] PDC_SERVER[12]: Checking against Object 12000000000
[INFO] PDC_SERVER[12]: Checking against Object 11000000001
[INFO] PDC_SERVER[12]: Checking against Object 12000000001
[INFO] PDC_SERVER[12]: Checking against Object 13000000000
[INFO] PDC_SERVER[12]: Object 16000000000 NOT found in cache
[INFO] PDC_SERVER[12]: Fetching region from server for obj_id=16000000000
[INFO] PDC_SERVER[15]: Fetching region for obj_id=16000000000
[INFO] PDC_SERVER[15]: Checking against Object 10000000000
[INFO] PDC_SERVER[15]: Checking against Object 11000000000
[INFO] PDC_SERVER[15]: Checking against Object 12000000000
[INFO] PDC_SERVER[15]: Checking against Object 11000000001
[INFO] PDC_SERVER[15]: Checking against Object 12000000001
[INFO] PDC_SERVER[15]: Checking against Object 13000000000
[INFO] PDC_SERVER[15]: Object 16000000000 NOT found in cache
[INFO] PDC_SERVER[15]: Fetching region from server for obj_id=16000000000
[13:37:19.216268] [WARNING] [pdc_tf_server.c:393] PDC_SERVER[6]: SCHED: setting CUDA device to 0 for edge 0 func=zfp_decompress
[13:37:19.216285] [WARNING] [pdc_tf_server.c:401] PDC_SERVER[6]: SCHED: executing edge 0 func=zfp_decompress dev=GPU
[13:37:19.216718] [WARNING] [pdc_tf_server.c:393] PDC_SERVER[3]: SCHED: setting CUDA device to 0 for edge 0 func=zfp_decompress
[13:37:19.216734] [WARNING] [pdc_tf_server.c:401] PDC_SERVER[3]: SCHED: executing edge 0 func=zfp_decompress dev=GPU
[INFO] PDC_SERVER[14]: Fetching region for obj_id=16000000000
[INFO] PDC_SERVER[14]: Checking against Object 10000000000
[INFO] PDC_SERVER[14]: Checking against Object 11000000000
[INFO] PDC_SERVER[14]: Checking against Object 12000000000
[INFO] PDC_SERVER[14]: Checking against Object 11000000001
[INFO] PDC_SERVER[14]: Checking against Object 12000000001
[INFO] PDC_SERVER[14]: Checking against Object 13000000000
[INFO] PDC_SERVER[14]: Object 16000000000 NOT found in cache
[INFO] PDC_SERVER[14]: Fetching region from server for obj_id=16000000000
[13:37:19.218236] [WARNING] [pdc_tf_server.c:475] PDC_SERVER[7]: SCHED: done running transformations
[INFO] PDC_SERVER[11]: Fetching region for obj_id=16000000000
[INFO] PDC_SERVER[11]: Checking against Object 10000000000
[INFO] PDC_SERVER[11]: Checking against Object 11000000000
[INFO] PDC_SERVER[11]: Checking against Object 12000000000
[INFO] PDC_SERVER[11]: Checking against Object 11000000001
[INFO] PDC_SERVER[11]: Checking against Object 12000000001
[INFO] PDC_SERVER[11]: Checking against Object 13000000000
[INFO] PDC_SERVER[11]: Object 16000000000 NOT found in cache
[INFO] PDC_SERVER[11]: Fetching region from server for obj_id=16000000000
[INFO] PDC_SERVER[9]: Fetching region for obj_id=16000000000
[INFO] PDC_SERVER[9]: Checking against Object 10000000000
[INFO] PDC_SERVER[9]: Checking against Object 11000000000
[INFO] PDC_SERVER[9]: Checking against Object 12000000000
[INFO] PDC_SERVER[9]: Checking against Object 11000000001
[INFO] PDC_SERVER[9]: Checking against Object 12000000001
[INFO] PDC_SERVER[9]: Checking against Object 13000000000
[INFO] PDC_SERVER[9]: Object 16000000000 NOT found in cache
[INFO] PDC_SERVER[9]: Fetching region from server for obj_id=16000000000
[INFO] PDC_SERVER[13]: Fetching region for obj_id=16000000000
[INFO] PDC_SERVER[13]: Checking against Object 10000000000
[INFO] PDC_SERVER[13]: Checking against Object 11000000000
[INFO] PDC_SERVER[13]: Checking against Object 12000000000
[INFO] PDC_SERVER[13]: Checking against Object 11000000001
[INFO] PDC_SERVER[13]: Checking against Object 12000000001
[INFO] PDC_SERVER[13]: Checking against Object 13000000000
[INFO] PDC_SERVER[13]: Object 16000000000 NOT found in cache
[INFO] PDC_SERVER[13]: Fetching region from server for obj_id=16000000000
[INFO] PDC_SERVER[10]: Fetching region for obj_id=16000000000
[INFO] PDC_SERVER[10]: Checking against Object 10000000000
[INFO] PDC_SERVER[10]: Checking against Object 11000000000
[INFO] PDC_SERVER[10]: Checking against Object 12000000000
[INFO] PDC_SERVER[10]: Checking against Object 11000000001
[INFO] PDC_SERVER[10]: Checking against Object 12000000001
[INFO] PDC_SERVER[10]: Checking against Object 13000000000
[INFO] PDC_SERVER[10]: Object 16000000000 NOT found in cache
[INFO] PDC_SERVER[10]: Fetching region from server for obj_id=16000000000
[13:37:19.221744] [WARNING] [pdc_tf_server.c:475] PDC_SERVER[5]: SCHED: done running transformations
[INFO] PDC_SERVER[7]: Fetching region for obj_id=16000000000
[INFO] PDC_SERVER[7]: Checking against Object 10000000000
[INFO] PDC_SERVER[7]: Checking against Object 11000000000
[INFO] PDC_SERVER[7]: Checking against Object 12000000000
[INFO] PDC_SERVER[7]: Checking against Object 11000000001
[INFO] PDC_SERVER[7]: Checking against Object 12000000001
[INFO] PDC_SERVER[7]: Checking against Object 13000000000
[INFO] PDC_SERVER[7]: Object 16000000000 NOT found in cache
[INFO] PDC_SERVER[7]: Fetching region from server for obj_id=16000000000
[13:37:19.223853] [WARNING] [pdc_tf_server.c:393] PDC_SERVER[4]: SCHED: setting CUDA device to 0 for edge 0 func=zfp_decompress
[13:37:19.223872] [WARNING] [pdc_tf_server.c:401] PDC_SERVER[4]: SCHED: executing edge 0 func=zfp_decompress dev=GPU
[13:37:19.224858] [WARNING] [pdc_tf_server.c:475] PDC_SERVER[1]: SCHED: done running transformations
[13:37:19.229228] [WARNING] [pdc_tf_server.c:393] PDC_SERVER[2]: SCHED: setting CUDA device to 0 for edge 0 func=zfp_decompress
[13:37:19.229249] [WARNING] [pdc_tf_server.c:401] PDC_SERVER[2]: SCHED: executing edge 0 func=zfp_decompress dev=GPU
[INFO] PDC_SERVER[5]: Fetching region for obj_id=16000000000
[INFO] PDC_SERVER[5]: Checking against Object 10000000000
[INFO] PDC_SERVER[5]: Checking against Object 11000000000
[INFO] PDC_SERVER[5]: Checking against Object 12000000000
[INFO] PDC_SERVER[5]: Checking against Object 11000000001
[INFO] PDC_SERVER[5]: Checking against Object 12000000001
[13:37:19.230804] [WARNING] [pdc_tf_server.c:393] PDC_SERVER[8]: SCHED: setting CUDA device to 0 for edge 0 func=zfp_decompress
[13:37:19.230823] [WARNING] [pdc_tf_server.c:401] PDC_SERVER[8]: SCHED: executing edge 0 func=zfp_decompress dev=GPU
[INFO] PDC_SERVER[5]: Checking against Object 13000000000
[INFO] PDC_SERVER[5]: Object 16000000000 NOT found in cache
[INFO] PDC_SERVER[5]: Fetching region from server for obj_id=16000000000
[INFO] PDC_SERVER[1]: Fetching region for obj_id=16000000000
[INFO] PDC_SERVER[1]: Checking against Object 10000000000
[INFO] PDC_SERVER[1]: Checking against Object 11000000000
[INFO] PDC_SERVER[1]: Checking against Object 12000000000
[INFO] PDC_SERVER[1]: Checking against Object 11000000001
[INFO] PDC_SERVER[1]: Checking against Object 12000000001
[INFO] PDC_SERVER[1]: Checking against Object 13000000000
[INFO] PDC_SERVER[1]: Object 16000000000 NOT found in cache
[INFO] PDC_SERVER[1]: Fetching region from server for obj_id=16000000000
[13:37:19.234196] [WARNING] [pdc_tf_server.c:393] PDC_SERVER[14]: SCHED: setting CUDA device to 0 for edge 0 func=zfp_decompress
[13:37:19.234219] [WARNING] [pdc_tf_server.c:401] PDC_SERVER[14]: SCHED: executing edge 0 func=zfp_decompress dev=GPU
[13:37:19.235531] [WARNING] [pdc_tf_server.c:393] PDC_SERVER[12]: SCHED: setting CUDA device to 0 for edge 0 func=zfp_decompress
[13:37:19.235551] [WARNING] [pdc_tf_server.c:401] PDC_SERVER[12]: SCHED: executing edge 0 func=zfp_decompress dev=GPU
[13:37:19.236356] [WARNING] [pdc_tf_server.c:393] PDC_SERVER[11]: SCHED: setting CUDA device to 0 for edge 0 func=zfp_decompress
[13:37:19.236377] [WARNING] [pdc_tf_server.c:401] PDC_SERVER[11]: SCHED: executing edge 0 func=zfp_decompress dev=GPU
[13:37:19.237419] [WARNING] [pdc_tf_server.c:393] PDC_SERVER[13]: SCHED: setting CUDA device to 0 for edge 0 func=zfp_decompress
[13:37:19.237437] [WARNING] [pdc_tf_server.c:401] PDC_SERVER[13]: SCHED: executing edge 0 func=zfp_decompress dev=GPU
[13:37:19.238532] [WARNING] [pdc_tf_server.c:475] PDC_SERVER[0]: SCHED: done running transformations
[13:37:19.239406] [WARNING] [pdc_tf_server.c:393] PDC_SERVER[10]: SCHED: setting CUDA device to 0 for edge 0 func=zfp_decompress
[13:37:19.239430] [WARNING] [pdc_tf_server.c:401] PDC_SERVER[10]: SCHED: executing edge 0 func=zfp_decompress dev=GPU
[13:37:19.239451] [WARNING] [pdc_tf_server.c:393] PDC_SERVER[15]: SCHED: setting CUDA device to 0 for edge 0 func=zfp_decompress
[13:37:19.239479] [WARNING] [pdc_tf_server.c:401] PDC_SERVER[15]: SCHED: executing edge 0 func=zfp_decompress dev=GPU
[13:37:19.242162] [WARNING] [pdc_tf_server.c:475] PDC_SERVER[8]: SCHED: done running transformations
[13:37:19.243170] [WARNING] [pdc_tf_server.c:393] PDC_SERVER[7]: SCHED: setting CUDA device to 0 for edge 0 func=zfp_decompress
[13:37:19.243192] [WARNING] [pdc_tf_server.c:401] PDC_SERVER[7]: SCHED: executing edge 0 func=zfp_decompress dev=GPU
[INFO] PDC_SERVER[0]: Fetching region for obj_id=16000000000
[INFO] PDC_SERVER[0]: Checking against Object 10000000000
[INFO] PDC_SERVER[0]: Checking against Object 11000000000
[INFO] PDC_SERVER[0]: Checking against Object 12000000000
[INFO] PDC_SERVER[0]: Checking against Object 11000000001
[INFO] PDC_SERVER[0]: Checking against Object 12000000001
[INFO] PDC_SERVER[0]: Checking against Object 13000000000
[INFO] PDC_SERVER[0]: Object 16000000000 NOT found in cache
[INFO] PDC_SERVER[0]: Fetching region from server for obj_id=16000000000
[13:37:19.244689] [WARNING] [pdc_tf_server.c:393] PDC_SERVER[9]: SCHED: setting CUDA device to 0 for edge 0 func=zfp_decompress
[13:37:19.244719] [WARNING] [pdc_tf_server.c:401] PDC_SERVER[9]: SCHED: executing edge 0 func=zfp_decompress dev=GPU
[13:37:19.246244] [WARNING] [pdc_tf_server.c:475] PDC_SERVER[14]: SCHED: done running transformations
[INFO] PDC_SERVER[8]: Fetching region for obj_id=16000000000
[INFO] PDC_SERVER[8]: Checking against Object 10000000000
[INFO] PDC_SERVER[8]: Checking against Object 11000000000
[INFO] PDC_SERVER[8]: Checking against Object 12000000000
[INFO] PDC_SERVER[8]: Checking against Object 11000000001
[INFO] PDC_SERVER[8]: Checking against Object 12000000001
[INFO] PDC_SERVER[8]: Checking against Object 13000000000
[INFO] PDC_SERVER[8]: Object 16000000000 NOT found in cache
[INFO] PDC_SERVER[8]: Fetching region from server for obj_id=16000000000
[13:37:19.248622] [WARNING] [pdc_tf_server.c:475] PDC_SERVER[12]: SCHED: done running transformations
[13:37:19.248737] [WARNING] [pdc_tf_server.c:475] PDC_SERVER[11]: SCHED: done running transformations
[13:37:19.250862] [WARNING] [pdc_tf_server.c:393] PDC_SERVER[1]: SCHED: setting CUDA device to 0 for edge 0 func=zfp_decompress
[13:37:19.250884] [WARNING] [pdc_tf_server.c:401] PDC_SERVER[1]: SCHED: executing edge 0 func=zfp_decompress dev=GPU
[13:37:19.251162] [WARNING] [pdc_tf_server.c:475] PDC_SERVER[4]: SCHED: done running transformations
[INFO] PDC_SERVER[14]: Fetching region for obj_id=16000000000
[INFO] PDC_SERVER[14]: Checking against Object 10000000000
[INFO] PDC_SERVER[14]: Checking against Object 11000000000
[INFO] PDC_SERVER[14]: Checking against Object 12000000000
[INFO] PDC_SERVER[14]: Checking against Object 11000000001
[INFO] PDC_SERVER[14]: Checking against Object 12000000001
[INFO] PDC_SERVER[14]: Checking against Object 13000000000
[INFO] PDC_SERVER[14]: Object 16000000000 NOT found in cache
[INFO] PDC_SERVER[14]: Fetching region from server for obj_id=16000000000
[13:37:19.254062] [WARNING] [pdc_tf_server.c:475] PDC_SERVER[6]: SCHED: done running transformations
[13:37:19.254460] [WARNING] [pdc_tf_server.c:393] PDC_SERVER[5]: SCHED: setting CUDA device to 0 for edge 0 func=zfp_decompress
[13:37:19.254483] [WARNING] [pdc_tf_server.c:401] PDC_SERVER[5]: SCHED: executing edge 0 func=zfp_decompress dev=GPU
[13:37:19.254544] [WARNING] [pdc_tf_server.c:475] PDC_SERVER[3]: SCHED: done running transformations
[13:37:19.254692] [WARNING] [pdc_tf_server.c:475] PDC_SERVER[2]: SCHED: done running transformations
[INFO] PDC_SERVER[12]: Fetching region for obj_id=16000000000
[INFO] PDC_SERVER[12]: Checking against Object 10000000000
[INFO] PDC_SERVER[12]: Checking against Object 11000000000
[INFO] PDC_SERVER[12]: Checking against Object 12000000000
[INFO] PDC_SERVER[12]: Checking against Object 11000000001
[INFO] PDC_SERVER[12]: Checking against Object 12000000001
[INFO] PDC_SERVER[12]: Checking against Object 13000000000
[INFO] PDC_SERVER[12]: Object 16000000000 NOT found in cache
[INFO] PDC_SERVER[12]: Fetching region from server for obj_id=16000000000
[INFO] PDC_SERVER[4]: Fetching region for obj_id=16000000000
[INFO] PDC_SERVER[4]: Checking against Object 10000000000
[INFO] PDC_SERVER[4]: Checking against Object 11000000000
[INFO] PDC_SERVER[4]: Checking against Object 12000000000
[INFO] PDC_SERVER[4]: Checking against Object 11000000001
[INFO] PDC_SERVER[4]: Checking against Object 12000000001
[INFO] PDC_SERVER[4]: Checking against Object 13000000000
[INFO] PDC_SERVER[4]: Object 16000000000 NOT found in cache
[INFO] PDC_SERVER[4]: Fetching region from server for obj_id=16000000000
[INFO] PDC_SERVER[11]: Fetching region for obj_id=16000000000
[INFO] PDC_SERVER[11]: Checking against Object 10000000000
[INFO] PDC_SERVER[11]: Checking against Object 11000000000
[INFO] PDC_SERVER[11]: Checking against Object 12000000000
[INFO] PDC_SERVER[11]: Checking against Object 11000000001
[INFO] PDC_SERVER[11]: Checking against Object 12000000001
[INFO] PDC_SERVER[11]: Checking against Object 13000000000
[INFO] PDC_SERVER[11]: Object 16000000000 NOT found in cache
[INFO] PDC_SERVER[11]: Fetching region from server for obj_id=16000000000
[INFO] PDC_SERVER[0]: Executing graph with json filepath /pscratch/sd/n/nlewi26/src/work_space/source/pdc/tf_client/graphs/zfp_gpu.json
[13:37:19.259910] [WARNING] [pdc_tf_server.c:393] PDC_SERVER[0]: SCHED: setting CUDA device to 0 for edge 0 func=zfp_decompress
[13:37:19.259922] [WARNING] [pdc_tf_server.c:401] PDC_SERVER[0]: SCHED: executing edge 0 func=zfp_decompress dev=GPU
[INFO] PDC_SERVER[6]: Fetching region for obj_id=16000000000
[INFO] PDC_SERVER[6]: Checking against Object 10000000000
[INFO] PDC_SERVER[6]: Checking against Object 11000000000
[INFO] PDC_SERVER[6]: Checking against Object 12000000000
[INFO] PDC_SERVER[6]: Checking against Object 11000000001
[INFO] PDC_SERVER[6]: Checking against Object 12000000001
[INFO] PDC_SERVER[6]: Checking against Object 13000000000
[INFO] PDC_SERVER[6]: Object 16000000000 NOT found in cache
[INFO] PDC_SERVER[6]: Fetching region from server for obj_id=16000000000
[13:37:19.261844] [WARNING] [pdc_tf_server.c:475] PDC_SERVER[13]: SCHED: done running transformations
[INFO] PDC_SERVER[2]: Fetching region for obj_id=16000000000
[INFO] PDC_SERVER[2]: Checking against Object 10000000000
[INFO] PDC_SERVER[2]: Checking against Object 11000000000
[INFO] PDC_SERVER[2]: Checking against Object 12000000000
[INFO] PDC_SERVER[2]: Checking against Object 11000000001
[INFO] PDC_SERVER[2]: Checking against Object 12000000001
[INFO] PDC_SERVER[2]: Checking against Object 13000000000
[INFO] PDC_SERVER[2]: Object 16000000000 NOT found in cache
[INFO] PDC_SERVER[2]: Fetching region from server for obj_id=16000000000
[INFO] PDC_SERVER[3]: Fetching region for obj_id=16000000000
[INFO] PDC_SERVER[3]: Checking against Object 10000000000
[INFO] PDC_SERVER[3]: Checking against Object 11000000000
[INFO] PDC_SERVER[3]: Checking against Object 12000000000
[INFO] PDC_SERVER[3]: Checking against Object 11000000001
[INFO] PDC_SERVER[3]: Checking against Object 12000000001
[INFO] PDC_SERVER[3]: Checking against Object 13000000000
[INFO] PDC_SERVER[3]: Object 16000000000 NOT found in cache
[INFO] PDC_SERVER[3]: Fetching region from server for obj_id=16000000000
[13:37:19.263932] [WARNING] [pdc_tf_server.c:475] PDC_SERVER[10]: SCHED: done running transformations
[13:37:19.265582] [WARNING] [pdc_tf_server.c:475] PDC_SERVER[15]: SCHED: done running transformations
[13:37:19.265984] [WARNING] [pdc_tf_server.c:475] PDC_SERVER[9]: SCHED: done running transformations
[INFO] PDC_SERVER[13]: Fetching region for obj_id=16000000000
[INFO] PDC_SERVER[13]: Checking against Object 10000000000
[INFO] PDC_SERVER[13]: Checking against Object 11000000000
[INFO] PDC_SERVER[13]: Checking against Object 12000000000
[INFO] PDC_SERVER[13]: Checking against Object 11000000001
[INFO] PDC_SERVER[13]: Checking against Object 12000000001
[INFO] PDC_SERVER[13]: Checking against Object 13000000000
[INFO] PDC_SERVER[13]: Object 16000000000 NOT found in cache
[INFO] PDC_SERVER[13]: Fetching region from server for obj_id=16000000000
[INFO] PDC_SERVER[10]: Fetching region for obj_id=16000000000
[INFO] PDC_SERVER[10]: Checking against Object 10000000000
[INFO] PDC_SERVER[10]: Checking against Object 11000000000
[INFO] PDC_SERVER[10]: Checking against Object 12000000000
[INFO] PDC_SERVER[10]: Checking against Object 11000000001
[INFO] PDC_SERVER[10]: Checking against Object 12000000001
[INFO] PDC_SERVER[10]: Checking against Object 13000000000
[INFO] PDC_SERVER[10]: Object 16000000000 NOT found in cache
[INFO] PDC_SERVER[10]: Fetching region from server for obj_id=16000000000
[13:37:19.271415] [WARNING] [pdc_tf_server.c:475] PDC_SERVER[0]: SCHED: done running transformations
[INFO] PDC_SERVER[15]: Fetching region for obj_id=16000000000
[INFO] PDC_SERVER[15]: Checking against Object 10000000000
[INFO] PDC_SERVER[15]: Checking against Object 11000000000
[INFO] PDC_SERVER[15]: Checking against Object 12000000000
[INFO] PDC_SERVER[15]: Checking against Object 11000000001
[INFO] PDC_SERVER[15]: Checking against Object 12000000001
[INFO] PDC_SERVER[15]: Checking against Object 13000000000
[INFO] PDC_SERVER[15]: Object 16000000000 NOT found in cache
[INFO] PDC_SERVER[15]: Fetching region from server for obj_id=16000000000
[INFO] PDC_SERVER[9]: Fetching region for obj_id=16000000000
[INFO] PDC_SERVER[9]: Checking against Object 10000000000
[INFO] PDC_SERVER[9]: Checking against Object 11000000000
[INFO] PDC_SERVER[9]: Checking against Object 12000000000
[INFO] PDC_SERVER[9]: Checking against Object 11000000001
[INFO] PDC_SERVER[9]: Checking against Object 12000000001
[INFO] PDC_SERVER[9]: Checking against Object 13000000000
[INFO] PDC_SERVER[9]: Object 16000000000 NOT found in cache
[INFO] PDC_SERVER[9]: Fetching region from server for obj_id=16000000000
[13:37:19.272214] [WARNING] [pdc_tf_server.c:393] PDC_SERVER[14]: SCHED: setting CUDA device to 0 for edge 0 func=zfp_decompress
[13:37:19.272235] [WARNING] [pdc_tf_server.c:401] PDC_SERVER[14]: SCHED: executing edge 0 func=zfp_decompress dev=GPU
[13:37:19.272306] [WARNING] [pdc_tf_server.c:393] PDC_SERVER[8]: SCHED: setting CUDA device to 0 for edge 0 func=zfp_decompress
[13:37:19.272326] [WARNING] [pdc_tf_server.c:401] PDC_SERVER[8]: SCHED: executing edge 0 func=zfp_decompress dev=GPU
[13:37:19.272665] [WARNING] [pdc_tf_server.c:393] PDC_SERVER[4]: SCHED: setting CUDA device to 0 for edge 0 func=zfp_decompress
[13:37:19.272683] [WARNING] [pdc_tf_server.c:401] PDC_SERVER[4]: SCHED: executing edge 0 func=zfp_decompress dev=GPU
[13:37:19.274152] [WARNING] [pdc_tf_server.c:475] PDC_SERVER[5]: SCHED: done running transformations
[13:37:19.275151] [WARNING] [pdc_tf_server.c:475] PDC_SERVER[1]: SCHED: done running transformations
[13:37:19.275750] [WARNING] [pdc_tf_server.c:475] PDC_SERVER[7]: SCHED: done running transformations
[INFO] PDC_SERVER[0]: Fetching region for obj_id=16000000000
[INFO] PDC_SERVER[0]: Checking against Object 10000000000
[INFO] PDC_SERVER[0]: Checking against Object 11000000000
[INFO] PDC_SERVER[0]: Checking against Object 12000000000
[INFO] PDC_SERVER[0]: Checking against Object 11000000001
[INFO] PDC_SERVER[0]: Checking against Object 12000000001
[INFO] PDC_SERVER[0]: Checking against Object 13000000000
[INFO] PDC_SERVER[0]: Object 16000000000 NOT found in cache
[INFO] PDC_SERVER[0]: Fetching region from server for obj_id=16000000000
[13:37:19.278489] [WARNING] [pdc_tf_server.c:393] PDC_SERVER[6]: SCHED: setting CUDA device to 0 for edge 0 func=zfp_decompress
[13:37:19.278511] [WARNING] [pdc_tf_server.c:401] PDC_SERVER[6]: SCHED: executing edge 0 func=zfp_decompress dev=GPU
[13:37:19.278730] [WARNING] [pdc_tf_server.c:393] PDC_SERVER[2]: SCHED: setting CUDA device to 0 for edge 0 func=zfp_decompress
[13:37:19.278743] [WARNING] [pdc_tf_server.c:401] PDC_SERVER[2]: SCHED: executing edge 0 func=zfp_decompress dev=GPU
[13:37:19.278915] [WARNING] [pdc_tf_server.c:393] PDC_SERVER[12]: SCHED: setting CUDA device to 0 for edge 0 func=zfp_decompress
[13:37:19.278936] [WARNING] [pdc_tf_server.c:401] PDC_SERVER[12]: SCHED: executing edge 0 func=zfp_decompress dev=GPU
[13:37:19.279145] [WARNING] [pdc_tf_server.c:393] PDC_SERVER[11]: SCHED: setting CUDA device to 0 for edge 0 func=zfp_decompress
[13:37:19.279162] [WARNING] [pdc_tf_server.c:401] PDC_SERVER[11]: SCHED: executing edge 0 func=zfp_decompress dev=GPU
[13:37:19.282298] [WARNING] [pdc_tf_server.c:475] PDC_SERVER[14]: SCHED: done running transformations
[INFO] PDC_SERVER[5]: Fetching region for obj_id=16000000000
[INFO] PDC_SERVER[5]: Checking against Object 10000000000
[INFO] PDC_SERVER[5]: Checking against Object 11000000000
[INFO] PDC_SERVER[5]: Checking against Object 12000000000
[INFO] PDC_SERVER[5]: Checking against Object 11000000001
[INFO] PDC_SERVER[5]: Checking against Object 12000000001
[INFO] PDC_SERVER[5]: Checking against Object 13000000000
[INFO] PDC_SERVER[5]: Object 16000000000 NOT found in cache
[INFO] PDC_SERVER[5]: Fetching region from server for obj_id=16000000000
[INFO] PDC_SERVER[7]: Fetching region for obj_id=16000000000
[INFO] PDC_SERVER[7]: Checking against Object 10000000000
[INFO] PDC_SERVER[7]: Checking against Object 11000000000
[INFO] PDC_SERVER[7]: Checking against Object 12000000000
[13:37:19.285887] [WARNING] [pdc_tf_server.c:475] PDC_SERVER[8]: SCHED: done running transformations
[INFO] PDC_SERVER[1]: Fetching region for obj_id=16000000000
[INFO] PDC_SERVER[1]: Checking against Object 10000000000
[INFO] PDC_SERVER[1]: Checking against Object 11000000000
[INFO] PDC_SERVER[7]: Checking against Object 11000000001
[INFO] PDC_SERVER[7]: Checking against Object 12000000001
[INFO] PDC_SERVER[7]: Checking against Object 13000000000
[INFO] PDC_SERVER[7]: Object 16000000000 NOT found in cache
[INFO] PDC_SERVER[7]: Fetching region from server for obj_id=16000000000
[INFO] PDC_SERVER[1]: Checking against Object 12000000000
[INFO] PDC_SERVER[1]: Checking against Object 11000000001
[INFO] PDC_SERVER[1]: Checking against Object 12000000001
[INFO] PDC_SERVER[1]: Checking against Object 13000000000
[INFO] PDC_SERVER[1]: Object 16000000000 NOT found in cache
[INFO] PDC_SERVER[1]: Fetching region from server for obj_id=16000000000
[13:37:19.286291] [WARNING] [pdc_tf_server.c:393] PDC_SERVER[10]: SCHED: setting CUDA device to 0 for edge 0 func=zfp_decompress
[13:37:19.286308] [WARNING] [pdc_tf_server.c:401] PDC_SERVER[10]: SCHED: executing edge 0 func=zfp_decompress dev=GPU
[13:37:19.287415] [WARNING] [pdc_tf_server.c:475] PDC_SERVER[4]: SCHED: done running transformations
[13:37:19.288206] [WARNING] [pdc_tf_server.c:393] PDC_SERVER[15]: SCHED: setting CUDA device to 0 for edge 0 func=zfp_decompress
[13:37:19.288224] [WARNING] [pdc_tf_server.c:401] PDC_SERVER[15]: SCHED: executing edge 0 func=zfp_decompress dev=GPU
[INFO] PDC_SERVER[14]: Fetching region for obj_id=16000000000
[INFO] PDC_SERVER[14]: Checking against Object 10000000000
[INFO] PDC_SERVER[14]: Checking against Object 11000000000
[INFO] PDC_SERVER[14]: Checking against Object 12000000000
[INFO] PDC_SERVER[14]: Checking against Object 11000000001
[INFO] PDC_SERVER[14]: Checking against Object 12000000001
[INFO] PDC_SERVER[14]: Checking against Object 13000000000
[INFO] PDC_SERVER[14]: Object 16000000000 NOT found in cache
[INFO] PDC_SERVER[14]: Fetching region from server for obj_id=16000000000
[13:37:19.290634] [WARNING] [pdc_tf_server.c:393] PDC_SERVER[3]: SCHED: setting CUDA device to 0 for edge 0 func=zfp_decompress
[13:37:19.290661] [WARNING] [pdc_tf_server.c:401] PDC_SERVER[3]: SCHED: executing edge 0 func=zfp_decompress dev=GPU
[INFO] PDC_SERVER[0]: Executing graph with json filepath /pscratch/sd/n/nlewi26/src/work_space/source/pdc/tf_client/graphs/zfp_gpu.json
[13:37:19.292524] [WARNING] [pdc_tf_server.c:393] PDC_SERVER[0]: SCHED: setting CUDA device to 0 for edge 0 func=zfp_decompress
[13:37:19.292537] [WARNING] [pdc_tf_server.c:401] PDC_SERVER[0]: SCHED: executing edge 0 func=zfp_decompress dev=GPU
[13:37:19.292626] [WARNING] [pdc_tf_server.c:393] PDC_SERVER[13]: SCHED: setting CUDA device to 0 for edge 0 func=zfp_decompress
[13:37:19.292646] [WARNING] [pdc_tf_server.c:401] PDC_SERVER[13]: SCHED: executing edge 0 func=zfp_decompress dev=GPU
[INFO] PDC_SERVER[4]: Fetching region for obj_id=16000000000
[INFO] PDC_SERVER[4]: Checking against Object 10000000000
[INFO] PDC_SERVER[4]: Checking against Object 11000000000
[INFO] PDC_SERVER[4]: Checking against Object 12000000000
[INFO] PDC_SERVER[4]: Checking against Object 11000000001
[INFO] PDC_SERVER[4]: Checking against Object 12000000001
[INFO] PDC_SERVER[4]: Checking against Object 13000000000
[INFO] PDC_SERVER[4]: Object 16000000000 NOT found in cache
[INFO] PDC_SERVER[4]: Fetching region from server for obj_id=16000000000
[13:37:19.293441] [WARNING] [pdc_tf_server.c:475] PDC_SERVER[2]: SCHED: done running transformations
[13:37:19.293495] [WARNING] [pdc_tf_server.c:475] PDC_SERVER[12]: SCHED: done running transformations
[13:37:19.294326] [WARNING] [pdc_tf_server.c:475] PDC_SERVER[6]: SCHED: done running transformations
[INFO] PDC_SERVER[8]: Fetching region for obj_id=16000000000
[INFO] PDC_SERVER[8]: Checking against Object 10000000000
[INFO] PDC_SERVER[8]: Checking against Object 11000000000
[INFO] PDC_SERVER[8]: Checking against Object 12000000000
[INFO] PDC_SERVER[8]: Checking against Object 11000000001
[INFO] PDC_SERVER[8]: Checking against Object 12000000001
[INFO] PDC_SERVER[8]: Checking against Object 13000000000
[INFO] PDC_SERVER[8]: Object 16000000000 NOT found in cache
[INFO] PDC_SERVER[8]: Fetching region from server for obj_id=16000000000
[13:37:19.296117] [WARNING] [pdc_tf_server.c:393] PDC_SERVER[9]: SCHED: setting CUDA device to 0 for edge 0 func=zfp_decompress
[13:37:19.296152] [WARNING] [pdc_tf_server.c:401] PDC_SERVER[9]: SCHED: executing edge 0 func=zfp_decompress dev=GPU
[13:37:19.297730] [WARNING] [pdc_tf_server.c:475] PDC_SERVER[11]: SCHED: done running transformations
[13:37:19.300606] [WARNING] [pdc_tf_server.c:475] PDC_SERVER[10]: SCHED: done running transformations
[INFO] PDC_SERVER[12]: Fetching region for obj_id=16000000000
[INFO] PDC_SERVER[12]: Checking against Object 10000000000
[INFO] PDC_SERVER[12]: Checking against Object 11000000000
[INFO] PDC_SERVER[12]: Checking against Object 12000000000
[INFO] PDC_SERVER[12]: Checking against Object 11000000001
[INFO] PDC_SERVER[12]: Checking against Object 12000000001
[INFO] PDC_SERVER[12]: Checking against Object 13000000000
[INFO] PDC_SERVER[12]: Object 16000000000 NOT found in cache
[INFO] PDC_SERVER[12]: Fetching region from server for obj_id=16000000000
[INFO] PDC_SERVER[2]: Fetching region for obj_id=16000000000
[INFO] PDC_SERVER[2]: Checking against Object 10000000000
[INFO] PDC_SERVER[2]: Checking against Object 11000000000
[INFO] PDC_SERVER[2]: Checking against Object 12000000000
[INFO] PDC_SERVER[2]: Checking against Object 11000000001
[INFO] PDC_SERVER[2]: Checking against Object 12000000001
[INFO] PDC_SERVER[2]: Checking against Object 13000000000
[INFO] PDC_SERVER[2]: Object 16000000000 NOT found in cache
[INFO] PDC_SERVER[2]: Fetching region from server for obj_id=16000000000
[INFO] PDC_SERVER[6]: Fetching region for obj_id=16000000000
[INFO] PDC_SERVER[6]: Checking against Object 10000000000
[INFO] PDC_SERVER[6]: Checking against Object 11000000000
[INFO] PDC_SERVER[6]: Checking against Object 12000000000
[INFO] PDC_SERVER[6]: Checking against Object 11000000001
[INFO] PDC_SERVER[6]: Checking against Object 12000000001
[INFO] PDC_SERVER[6]: Checking against Object 13000000000
[INFO] PDC_SERVER[6]: Object 16000000000 NOT found in cache
[INFO] PDC_SERVER[6]: Fetching region from server for obj_id=16000000000
[13:37:19.302339] [WARNING] [pdc_tf_server.c:475] PDC_SERVER[15]: SCHED: done running transformations
[13:37:19.304079] [WARNING] [pdc_tf_server.c:393] PDC_SERVER[5]: SCHED: setting CUDA device to 0 for edge 0 func=zfp_decompress
[13:37:19.304107] [WARNING] [pdc_tf_server.c:401] PDC_SERVER[5]: SCHED: executing edge 0 func=zfp_decompress dev=GPU
[13:37:19.305010] [WARNING] [pdc_tf_server.c:475] PDC_SERVER[0]: SCHED: done running transformations
[13:37:19.305032] [WARNING] [pdc_tf_server.c:393] PDC_SERVER[7]: SCHED: setting CUDA device to 0 for edge 0 func=zfp_decompress
[13:37:19.305048] [WARNING] [pdc_tf_server.c:401] PDC_SERVER[7]: SCHED: executing edge 0 func=zfp_decompress dev=GPU
[INFO] PDC_SERVER[11]: Fetching region for obj_id=16000000000
[INFO] PDC_SERVER[11]: Checking against Object 10000000000
[INFO] PDC_SERVER[11]: Checking against Object 11000000000
[INFO] PDC_SERVER[11]: Checking against Object 12000000000
[INFO] PDC_SERVER[11]: Checking against Object 11000000001
[INFO] PDC_SERVER[11]: Checking against Object 12000000001
[INFO] PDC_SERVER[11]: Checking against Object 13000000000
[INFO] PDC_SERVER[11]: Object 16000000000 NOT found in cache
[INFO] PDC_SERVER[11]: Fetching region from server for obj_id=16000000000
[13:37:19.305633] [WARNING] [pdc_tf_server.c:393] PDC_SERVER[14]: SCHED: setting CUDA device to 0 for edge 0 func=zfp_decompress
[13:37:19.305649] [WARNING] [pdc_tf_server.c:401] PDC_SERVER[14]: SCHED: executing edge 0 func=zfp_decompress dev=GPU
[INFO] PDC_SERVER[10]: Fetching region for obj_id=16000000000
[INFO] PDC_SERVER[10]: Checking against Object 10000000000
[INFO] PDC_SERVER[10]: Checking against Object 11000000000
[INFO] PDC_SERVER[10]: Checking against Object 12000000000
[INFO] PDC_SERVER[10]: Checking against Object 11000000001
[INFO] PDC_SERVER[10]: Checking against Object 12000000001
[INFO] PDC_SERVER[10]: Checking against Object 13000000000
[INFO] PDC_SERVER[10]: Object 16000000000 NOT found in cache
[INFO] PDC_SERVER[10]: Fetching region from server for obj_id=16000000000
[13:37:19.306658] [WARNING] [pdc_tf_server.c:475] PDC_SERVER[3]: SCHED: done running transformations
[INFO] PDC_SERVER[15]: Fetching region for obj_id=16000000000
[INFO] PDC_SERVER[15]: Checking against Object 10000000000
[INFO] PDC_SERVER[15]: Checking against Object 11000000000
[INFO] PDC_SERVER[15]: Checking against Object 12000000000
[INFO] PDC_SERVER[15]: Checking against Object 11000000001
[INFO] PDC_SERVER[15]: Checking against Object 12000000001
[INFO] PDC_SERVER[15]: Checking against Object 13000000000
[INFO] PDC_SERVER[15]: Object 16000000000 NOT found in cache
[INFO] PDC_SERVER[15]: Fetching region from server for obj_id=16000000000
[13:37:19.309231] [WARNING] [pdc_tf_server.c:393] PDC_SERVER[4]: SCHED: setting CUDA device to 0 for edge 0 func=zfp_decompress
[13:37:19.309252] [WARNING] [pdc_tf_server.c:401] PDC_SERVER[4]: SCHED: executing edge 0 func=zfp_decompress dev=GPU
[13:37:19.311349] [WARNING] [pdc_tf_server.c:393] PDC_SERVER[1]: SCHED: setting CUDA device to 0 for edge 0 func=zfp_decompress
[13:37:19.311384] [WARNING] [pdc_tf_server.c:401] PDC_SERVER[1]: SCHED: executing edge 0 func=zfp_decompress dev=GPU
[13:37:19.312702] [WARNING] [pdc_tf_server.c:475] PDC_SERVER[9]: SCHED: done running transformations
[INFO] PDC_SERVER[3]: Fetching region for obj_id=16000000000
[INFO] PDC_SERVER[3]: Checking against Object 10000000000
[INFO] PDC_SERVER[3]: Checking against Object 11000000000
[INFO] PDC_SERVER[3]: Checking against Object 12000000000
[INFO] PDC_SERVER[3]: Checking against Object 11000000001
[INFO] PDC_SERVER[3]: Checking against Object 12000000001
[INFO] PDC_SERVER[3]: Checking against Object 13000000000
[INFO] PDC_SERVER[3]: Object 16000000000 NOT found in cache
[INFO] PDC_SERVER[3]: Fetching region from server for obj_id=16000000000
[13:37:19.317101] [WARNING] [pdc_tf_server.c:475] PDC_SERVER[14]: SCHED: done running transformations
[INFO] PDC_SERVER[9]: Fetching region for obj_id=16000000000
[INFO] PDC_SERVER[9]: Checking against Object 10000000000
[INFO] PDC_SERVER[9]: Checking against Object 11000000000
[INFO] PDC_SERVER[9]: Checking against Object 12000000000
[INFO] PDC_SERVER[9]: Checking against Object 11000000001
[INFO] PDC_SERVER[9]: Checking against Object 12000000001
[INFO] PDC_SERVER[9]: Checking against Object 13000000000
[INFO] PDC_SERVER[9]: Object 16000000000 NOT found in cache
[INFO] PDC_SERVER[9]: Fetching region from server for obj_id=16000000000
[13:37:19.319045] [WARNING] [pdc_tf_server.c:475] PDC_SERVER[13]: SCHED: done running transformations
[13:37:19.320102] [WARNING] [pdc_tf_server.c:393] PDC_SERVER[8]: SCHED: setting CUDA device to 0 for edge 0 func=zfp_decompress
[13:37:19.320124] [WARNING] [pdc_tf_server.c:401] PDC_SERVER[8]: SCHED: executing edge 0 func=zfp_decompress dev=GPU
[13:37:19.320734] [WARNING] [pdc_tf_server.c:393] PDC_SERVER[6]: SCHED: setting CUDA device to 0 for edge 0 func=zfp_decompress
[13:37:19.320786] [WARNING] [pdc_tf_server.c:401] PDC_SERVER[6]: SCHED: executing edge 0 func=zfp_decompress dev=GPU
[13:37:19.321868] [WARNING] [pdc_tf_server.c:475] PDC_SERVER[4]: SCHED: done running transformations
[13:37:19.322349] [WARNING] [pdc_tf_server.c:393] PDC_SERVER[10]: SCHED: setting CUDA device to 0 for edge 0 func=zfp_decompress
[13:37:19.322377] [WARNING] [pdc_tf_server.c:401] PDC_SERVER[10]: SCHED: executing edge 0 func=zfp_decompress dev=GPU
[13:37:19.323496] [WARNING] [pdc_tf_server.c:393] PDC_SERVER[12]: SCHED: setting CUDA device to 0 for edge 0 func=zfp_decompress
[13:37:19.323517] [WARNING] [pdc_tf_server.c:401] PDC_SERVER[12]: SCHED: executing edge 0 func=zfp_decompress dev=GPU
[13:37:19.323798] [WARNING] [pdc_tf_server.c:393] PDC_SERVER[2]: SCHED: setting CUDA device to 0 for edge 0 func=zfp_decompress
[13:37:19.323823] [WARNING] [pdc_tf_server.c:401] PDC_SERVER[2]: SCHED: executing edge 0 func=zfp_decompress dev=GPU
[13:37:19.324915] [WARNING] [pdc_tf_server.c:393] PDC_SERVER[11]: SCHED: setting CUDA device to 0 for edge 0 func=zfp_decompress
[13:37:19.324935] [WARNING] [pdc_tf_server.c:401] PDC_SERVER[11]: SCHED: executing edge 0 func=zfp_decompress dev=GPU
[13:37:19.325079] [WARNING] [pdc_tf_server.c:393] PDC_SERVER[15]: SCHED: setting CUDA device to 0 for edge 0 func=zfp_decompress
[13:37:19.325107] [WARNING] [pdc_tf_server.c:401] PDC_SERVER[15]: SCHED: executing edge 0 func=zfp_decompress dev=GPU
[13:37:19.327323] [WARNING] [pdc_tf_server.c:475] PDC_SERVER[5]: SCHED: done running transformations
[13:37:19.328194] [WARNING] [pdc_tf_server.c:475] PDC_SERVER[7]: SCHED: done running transformations
[INFO] PDC_SERVER[13]: Fetching region for obj_id=16000000000
[INFO] PDC_SERVER[13]: Checking against Object 10000000000
[INFO] PDC_SERVER[13]: Checking against Object 11000000000
[INFO] PDC_SERVER[13]: Checking against Object 12000000000
[INFO] PDC_SERVER[13]: Checking against Object 11000000001
[INFO] PDC_SERVER[13]: Checking against Object 12000000001
[INFO] PDC_SERVER[13]: Checking against Object 13000000000
[INFO] PDC_SERVER[13]: Object 16000000000 NOT found in cache
[INFO] PDC_SERVER[13]: Fetching region from server for obj_id=16000000000
[13:37:19.334959] [WARNING] [pdc_tf_server.c:475] PDC_SERVER[8]: SCHED: done running transformations
[13:37:19.336225] [WARNING] [pdc_tf_server.c:475] PDC_SERVER[1]: SCHED: done running transformations
[13:37:19.338008] [WARNING] [pdc_tf_server.c:393] PDC_SERVER[3]: SCHED: setting CUDA device to 0 for edge 0 func=zfp_decompress
[13:37:19.338037] [WARNING] [pdc_tf_server.c:401] PDC_SERVER[3]: SCHED: executing edge 0 func=zfp_decompress dev=GPU
[INFO] PDC_SERVER[5]: Fetching region for obj_id=16000000000
[INFO] PDC_SERVER[5]: Checking against Object 10000000000
[INFO] PDC_SERVER[5]: Checking against Object 11000000000
[INFO] PDC_SERVER[5]: Checking against Object 12000000000
[INFO] PDC_SERVER[5]: Checking against Object 11000000001
[INFO] PDC_SERVER[5]: Checking against Object 12000000001
[INFO] PDC_SERVER[5]: Checking against Object 13000000000
[INFO] PDC_SERVER[5]: Object 16000000000 NOT found in cache
[INFO] PDC_SERVER[5]: Fetching region from server for obj_id=16000000000
[13:37:19.340415] [WARNING] [pdc_tf_server.c:475] PDC_SERVER[10]: SCHED: done running transformations
[13:37:19.340575] [WARNING] [pdc_tf_server.c:475] PDC_SERVER[15]: SCHED: done running transformations
[13:37:19.340682] [WARNING] [pdc_tf_server.c:475] PDC_SERVER[12]: SCHED: done running transformations
[13:37:19.340812] [WARNING] [pdc_tf_server.c:393] PDC_SERVER[9]: SCHED: setting CUDA device to 0 for edge 0 func=zfp_decompress
[13:37:19.340834] [WARNING] [pdc_tf_server.c:401] PDC_SERVER[9]: SCHED: executing edge 0 func=zfp_decompress dev=GPU
[13:37:19.342360] [WARNING] [pdc_tf_server.c:475] PDC_SERVER[2]: SCHED: done running transformations
[13:37:19.342556] [WARNING] [pdc_tf_server.c:475] PDC_SERVER[11]: SCHED: done running transformations
[13:37:19.342720] [WARNING] [pdc_tf_server.c:475] PDC_SERVER[6]: SCHED: done running transformations
[INFO] PDC_SERVER[7]: Fetching region for obj_id=16000000000
[INFO] PDC_SERVER[7]: Checking against Object 10000000000
[INFO] PDC_SERVER[7]: Checking against Object 11000000000
[INFO] PDC_SERVER[7]: Checking against Object 12000000000
[INFO] PDC_SERVER[7]: Checking against Object 11000000001
[INFO] PDC_SERVER[7]: Checking against Object 12000000001
[INFO] PDC_SERVER[7]: Checking against Object 13000000000
[INFO] PDC_SERVER[7]: Object 16000000000 NOT found in cache
[INFO] PDC_SERVER[7]: Fetching region from server for obj_id=16000000000
[13:37:19.345715] [WARNING] [pdc_tf_server.c:393] PDC_SERVER[13]: SCHED: setting CUDA device to 0 for edge 0 func=zfp_decompress
[13:37:19.345742] [WARNING] [pdc_tf_server.c:401] PDC_SERVER[13]: SCHED: executing edge 0 func=zfp_decompress dev=GPU
[INFO] PDC_SERVER[1]: Fetching region for obj_id=16000000000
[INFO] PDC_SERVER[1]: Checking against Object 10000000000
[INFO] PDC_SERVER[1]: Checking against Object 11000000000
[INFO] PDC_SERVER[1]: Checking against Object 12000000000
[INFO] PDC_SERVER[1]: Checking against Object 11000000001
[INFO] PDC_SERVER[1]: Checking against Object 12000000001
[INFO] PDC_SERVER[1]: Checking against Object 13000000000
[INFO] PDC_SERVER[1]: Object 16000000000 NOT found in cache
[INFO] PDC_SERVER[1]: Fetching region from server for obj_id=16000000000
[13:37:19.357201] [WARNING] [pdc_tf_server.c:475] PDC_SERVER[3]: SCHED: done running transformations
[13:37:19.360334] [WARNING] [pdc_tf_server.c:475] PDC_SERVER[9]: SCHED: done running transformations
[13:37:19.361050] [WARNING] [pdc_tf_server.c:393] PDC_SERVER[5]: SCHED: setting CUDA device to 0 for edge 0 func=zfp_decompress
[13:37:19.361083] [WARNING] [pdc_tf_server.c:401] PDC_SERVER[5]: SCHED: executing edge 0 func=zfp_decompress dev=GPU
[13:37:19.363254] [WARNING] [pdc_tf_server.c:475] PDC_SERVER[13]: SCHED: done running transformations
[13:37:19.365145] [WARNING] [pdc_tf_server.c:393] PDC_SERVER[7]: SCHED: setting CUDA device to 0 for edge 0 func=zfp_decompress
[13:37:19.365165] [WARNING] [pdc_tf_server.c:401] PDC_SERVER[7]: SCHED: executing edge 0 func=zfp_decompress dev=GPU
[13:37:19.369793] [WARNING] [pdc_tf_server.c:393] PDC_SERVER[1]: SCHED: setting CUDA device to 0 for edge 0 func=zfp_decompress
[13:37:19.369829] [WARNING] [pdc_tf_server.c:401] PDC_SERVER[1]: SCHED: executing edge 0 func=zfp_decompress dev=GPU
[13:37:19.378249] [WARNING] [pdc_tf_server.c:475] PDC_SERVER[5]: SCHED: done running transformations
[13:37:19.378420] [WARNING] [pdc_tf_server.c:475] PDC_SERVER[7]: SCHED: done running transformations
[13:37:19.388229] [WARNING] [pdc_tf_server.c:475] PDC_SERVER[1]: SCHED: done running transformations
[INFO] PDC_SERVER[0]: Starting flush for obj_id 12000000002, ndim=3
[13:37:19.553079] [WARNING] [pdc_server_region_cache.c:823] PDC_SERVER[0]: Region mapping lookup took 0.000000 s
[13:37:19.553092] [WARNING] [pdc_server_region_cache.c:828] PDC_SERVER[0]: No region mapping found for obj_id 12000000002
[13:37:19.572185] [WARNING] [pdc_server_region_cache.c:834] PDC_SERVER[0]: Flushed region via POSIX I/O in 0.019083 s
[13:37:19.572195] [WARNING] [pdc_server_region_cache.c:850] PDC_SERVER[0]: [2026-10-07 13:37:19.572192] Flushed 16.00 / 16.00 MB to storage
[INFO] PDC_SERVER[0]: Region flush iteration took 0.019126 s
[INFO] PDC_SERVER[0]: Starting flush for obj_id 12000000002, ndim=3
[13:37:19.581965] [WARNING] [pdc_server_region_cache.c:823] PDC_SERVER[0]: Region mapping lookup took 0.000000 s
[13:37:19.581984] [WARNING] [pdc_server_region_cache.c:828] PDC_SERVER[0]: No region mapping found for obj_id 12000000002
[13:37:19.600019] [WARNING] [pdc_server_region_cache.c:834] PDC_SERVER[0]: Flushed region via POSIX I/O in 0.018031 s
[13:37:19.600030] [WARNING] [pdc_server_region_cache.c:850] PDC_SERVER[0]: [2026-10-07 13:37:19.600028] Flushed 16.00 / 16.00 MB to storage
[INFO] PDC_SERVER[0]: Region flush iteration took 0.018071 s
[INFO] PDC_SERVER[0]: Starting flush for obj_id 12000000002, ndim=3
[13:37:19.603177] [WARNING] [pdc_server_region_cache.c:823] PDC_SERVER[0]: Region mapping lookup took 0.000000 s
[13:37:19.603181] [WARNING] [pdc_server_region_cache.c:828] PDC_SERVER[0]: No region mapping found for obj_id 12000000002
[13:37:19.622080] [WARNING] [pdc_server_region_cache.c:834] PDC_SERVER[0]: Flushed region via POSIX I/O in 0.018893 s
[13:37:19.622100] [WARNING] [pdc_server_region_cache.c:850] PDC_SERVER[0]: [2026-10-07 13:37:19.622098] Flushed 16.00 / 16.00 MB to storage
[INFO] PDC_SERVER[0]: Region flush iteration took 0.018930 s
[INFO] PDC_SERVER[0]: Starting flush for obj_id 12000000002, ndim=3
[13:37:19.623686] [WARNING] [pdc_server_region_cache.c:823] PDC_SERVER[0]: Region mapping lookup took 0.000001 s
[13:37:19.623691] [WARNING] [pdc_server_region_cache.c:828] PDC_SERVER[0]: No region mapping found for obj_id 12000000002
[13:37:19.642485] [WARNING] [pdc_server_region_cache.c:834] PDC_SERVER[0]: Flushed region via POSIX I/O in 0.018784 s
[13:37:19.642496] [WARNING] [pdc_server_region_cache.c:850] PDC_SERVER[0]: [2026-10-07 13:37:19.642493] Flushed 16.00 / 16.00 MB to storage
[INFO] PDC_SERVER[0]: Region flush iteration took 0.018818 s
[INFO] PDC_SERVER[0]: Starting flush for obj_id 13000000001, ndim=3
[13:37:19.648114] [WARNING] [pdc_server_region_cache.c:823] PDC_SERVER[0]: Region mapping lookup took 0.000001 s
[13:37:19.648121] [WARNING] [pdc_server_region_cache.c:828] PDC_SERVER[0]: No region mapping found for obj_id 13000000001
[13:37:19.667090] [WARNING] [pdc_server_region_cache.c:834] PDC_SERVER[0]: Flushed region via POSIX I/O in 0.018962 s
[13:37:19.667100] [WARNING] [pdc_server_region_cache.c:850] PDC_SERVER[0]: [2026-10-07 13:37:19.667097] Flushed 16.00 / 16.00 MB to storage
[INFO] PDC_SERVER[0]: Region flush iteration took 0.018992 s
[INFO] PDC_SERVER[0]: Starting flush for obj_id 13000000001, ndim=3
[13:37:19.668730] [WARNING] [pdc_server_region_cache.c:823] PDC_SERVER[0]: Region mapping lookup took 0.000000 s
[13:37:19.668735] [WARNING] [pdc_server_region_cache.c:828] PDC_SERVER[0]: No region mapping found for obj_id 13000000001
[13:37:19.687374] [WARNING] [pdc_server_region_cache.c:834] PDC_SERVER[0]: Flushed region via POSIX I/O in 0.018636 s
[13:37:19.687385] [WARNING] [pdc_server_region_cache.c:850] PDC_SERVER[0]: [2026-10-07 13:37:19.687383] Flushed 16.00 / 16.00 MB to storage
[INFO] PDC_SERVER[0]: Region flush iteration took 0.018660 s
[INFO] PDC_SERVER[0]: Starting flush for obj_id 13000000001, ndim=3
[13:37:19.689011] [WARNING] [pdc_server_region_cache.c:823] PDC_SERVER[0]: Region mapping lookup took 0.000000 s
[13:37:19.689015] [WARNING] [pdc_server_region_cache.c:828] PDC_SERVER[0]: No region mapping found for obj_id 13000000001
[13:37:19.708621] [WARNING] [pdc_server_region_cache.c:834] PDC_SERVER[0]: Flushed region via POSIX I/O in 0.019588 s
[13:37:19.708642] [WARNING] [pdc_server_region_cache.c:850] PDC_SERVER[0]: [2026-10-07 13:37:19.708639] Flushed 16.00 / 16.00 MB to storage
[INFO] PDC_SERVER[0]: Region flush iteration took 0.019640 s
[INFO] PDC_SERVER[0]: Starting flush for obj_id 14000000000, ndim=3
[13:37:19.722417] [WARNING] [pdc_server_region_cache.c:823] PDC_SERVER[0]: Region mapping lookup took 0.000000 s
[13:37:19.722422] [WARNING] [pdc_server_region_cache.c:828] PDC_SERVER[0]: No region mapping found for obj_id 14000000000
[INFO] PDC_SERVER[0]: Executing graph with json filepath /pscratch/sd/n/nlewi26/src/work_space/source/pdc/tf_client/graphs/zfp_gpu.json
[13:37:20.005939] [WARNING] [pdc_tf_server.c:393] PDC_SERVER[0]: SCHED: setting CUDA device to 0 for edge 0 func=zfp_compress
[13:37:20.005955] [WARNING] [pdc_tf_server.c:401] PDC_SERVER[0]: SCHED: executing edge 0 func=zfp_compress dev=GPU
[13:37:20.014950] [WARNING] [pdc_tf_server.c:475] PDC_SERVER[0]: SCHED: done running transformations
[13:37:20.050776] [WARNING] [pdc_server_region_cache.c:834] PDC_SERVER[0]: Flushed region via POSIX I/O in 0.328344 s
[13:37:20.050790] [WARNING] [pdc_server_region_cache.c:850] PDC_SERVER[0]: [2026-10-07 13:37:20.050787] Flushed 16.00 / 16.00 MB to storage
[INFO] PDC_SERVER[0]: Region flush iteration took 0.328380 s
[13:37:20.050785] [WARNING] [pdc_tf_server.c:393] PDC_SERVER[3]: SCHED: setting CUDA device to 0 for edge 0 func=zfp_compress
[13:37:20.050851] [WARNING] [pdc_tf_server.c:401] PDC_SERVER[3]: SCHED: executing edge 0 func=zfp_compress dev=GPU
[INFO] PDC_SERVER[0]: Starting flush for obj_id 13000000001, ndim=3
[13:37:20.052431] [WARNING] [pdc_server_region_cache.c:823] PDC_SERVER[0]: Region mapping lookup took 0.000000 s
[13:37:20.052436] [WARNING] [pdc_server_region_cache.c:828] PDC_SERVER[0]: No region mapping found for obj_id 13000000001
[13:37:20.068286] [WARNING] [pdc_server_region_cache.c:834] PDC_SERVER[0]: Flushed region via POSIX I/O in 0.015844 s
[13:37:20.068295] [WARNING] [pdc_server_region_cache.c:850] PDC_SERVER[0]: [2026-10-07 13:37:20.068292] Flushed 16.00 / 16.00 MB to storage
[INFO] PDC_SERVER[0]: Region flush iteration took 0.015870 s
[INFO] PDC_SERVER[0]: Starting flush for obj_id 14000000000, ndim=3
[13:37:20.069965] [WARNING] [pdc_server_region_cache.c:823] PDC_SERVER[0]: Region mapping lookup took 0.000001 s
[13:37:20.069969] [WARNING] [pdc_server_region_cache.c:828] PDC_SERVER[0]: No region mapping found for obj_id 14000000000
[13:37:20.072456] [WARNING] [pdc_tf_server.c:393] PDC_SERVER[12]: SCHED: setting CUDA device to 0 for edge 0 func=zfp_compress
[13:37:20.072523] [WARNING] [pdc_tf_server.c:401] PDC_SERVER[12]: SCHED: executing edge 0 func=zfp_compress dev=GPU
[13:37:20.073699] [WARNING] [pdc_tf_server.c:475] PDC_SERVER[3]: SCHED: done running transformations
[13:37:20.073702] [WARNING] [pdc_tf_server.c:393] PDC_SERVER[7]: SCHED: setting CUDA device to 0 for edge 0 func=zfp_compress
[13:37:20.073761] [WARNING] [pdc_tf_server.c:401] PDC_SERVER[7]: SCHED: executing edge 0 func=zfp_compress dev=GPU
[13:37:20.073936] [WARNING] [pdc_tf_server.c:393] PDC_SERVER[5]: SCHED: setting CUDA device to 0 for edge 0 func=zfp_compress
[13:37:20.073971] [WARNING] [pdc_tf_server.c:401] PDC_SERVER[5]: SCHED: executing edge 0 func=zfp_compress dev=GPU
[13:37:20.076615] [WARNING] [pdc_tf_server.c:393] PDC_SERVER[1]: SCHED: setting CUDA device to 0 for edge 0 func=zfp_compress
[13:37:20.076666] [WARNING] [pdc_tf_server.c:401] PDC_SERVER[1]: SCHED: executing edge 0 func=zfp_compress dev=GPU
[13:37:20.078502] [WARNING] [pdc_tf_server.c:393] PDC_SERVER[6]: SCHED: setting CUDA device to 0 for edge 0 func=zfp_compress
[13:37:20.078537] [WARNING] [pdc_tf_server.c:401] PDC_SERVER[6]: SCHED: executing edge 0 func=zfp_compress dev=GPU
[13:37:20.083114] [WARNING] [pdc_tf_server.c:393] PDC_SERVER[14]: SCHED: setting CUDA device to 0 for edge 0 func=zfp_compress
[13:37:20.083146] [WARNING] [pdc_tf_server.c:401] PDC_SERVER[14]: SCHED: executing edge 0 func=zfp_compress dev=GPU
[13:37:20.084876] [WARNING] [pdc_tf_server.c:393] PDC_SERVER[4]: SCHED: setting CUDA device to 0 for edge 0 func=zfp_compress
[13:37:20.084937] [WARNING] [pdc_tf_server.c:401] PDC_SERVER[4]: SCHED: executing edge 0 func=zfp_compress dev=GPU
[13:37:20.089490] [WARNING] [pdc_tf_server.c:393] PDC_SERVER[10]: SCHED: setting CUDA device to 0 for edge 0 func=zfp_compress
[13:37:20.089521] [WARNING] [pdc_tf_server.c:401] PDC_SERVER[10]: SCHED: executing edge 0 func=zfp_compress dev=GPU
[13:37:20.092515] [WARNING] [pdc_tf_server.c:475] PDC_SERVER[12]: SCHED: done running transformations
[13:37:20.094164] [WARNING] [pdc_tf_server.c:393] PDC_SERVER[2]: SCHED: setting CUDA device to 0 for edge 0 func=zfp_compress
[13:37:20.094229] [WARNING] [pdc_tf_server.c:401] PDC_SERVER[2]: SCHED: executing edge 0 func=zfp_compress dev=GPU
[13:37:20.098455] [WARNING] [pdc_tf_server.c:393] PDC_SERVER[11]: SCHED: setting CUDA device to 0 for edge 0 func=zfp_compress
[13:37:20.098485] [WARNING] [pdc_tf_server.c:401] PDC_SERVER[11]: SCHED: executing edge 0 func=zfp_compress dev=GPU
[13:37:20.099921] [WARNING] [pdc_tf_server.c:393] PDC_SERVER[13]: SCHED: setting CUDA device to 0 for edge 0 func=zfp_compress
[13:37:20.100015] [WARNING] [pdc_tf_server.c:401] PDC_SERVER[13]: SCHED: executing edge 0 func=zfp_compress dev=GPU
[13:37:20.100173] [WARNING] [pdc_tf_server.c:393] PDC_SERVER[8]: SCHED: setting CUDA device to 0 for edge 0 func=zfp_compress
[13:37:20.100240] [WARNING] [pdc_tf_server.c:401] PDC_SERVER[8]: SCHED: executing edge 0 func=zfp_compress dev=GPU
[13:37:20.103188] [WARNING] [pdc_tf_server.c:393] PDC_SERVER[9]: SCHED: setting CUDA device to 0 for edge 0 func=zfp_compress
[13:37:20.103219] [WARNING] [pdc_tf_server.c:401] PDC_SERVER[9]: SCHED: executing edge 0 func=zfp_compress dev=GPU
[13:37:20.103758] [WARNING] [pdc_tf_server.c:475] PDC_SERVER[14]: SCHED: done running transformations
[13:37:20.103902] [WARNING] [pdc_tf_server.c:475] PDC_SERVER[1]: SCHED: done running transformations
[13:37:20.104607] [WARNING] [pdc_tf_server.c:475] PDC_SERVER[6]: SCHED: done running transformations
[13:37:20.105316] [WARNING] [pdc_tf_server.c:475] PDC_SERVER[5]: SCHED: done running transformations
[13:37:20.105888] [WARNING] [pdc_tf_server.c:475] PDC_SERVER[10]: SCHED: done running transformations
[13:37:20.107438] [WARNING] [pdc_tf_server.c:475] PDC_SERVER[7]: SCHED: done running transformations
[13:37:20.109581] [WARNING] [pdc_tf_server.c:475] PDC_SERVER[4]: SCHED: done running transformations
[13:37:20.116107] [WARNING] [pdc_tf_server.c:393] PDC_SERVER[15]: SCHED: setting CUDA device to 0 for edge 0 func=zfp_compress
[13:37:20.116187] [WARNING] [pdc_tf_server.c:401] PDC_SERVER[15]: SCHED: executing edge 0 func=zfp_compress dev=GPU
[13:37:20.118648] [WARNING] [pdc_tf_server.c:475] PDC_SERVER[2]: SCHED: done running transformations
[13:37:20.120829] [WARNING] [pdc_tf_server.c:475] PDC_SERVER[11]: SCHED: done running transformations
[13:37:20.121307] [WARNING] [pdc_tf_server.c:475] PDC_SERVER[8]: SCHED: done running transformations
[13:37:20.121696] [WARNING] [pdc_tf_server.c:475] PDC_SERVER[9]: SCHED: done running transformations
[13:37:20.125706] [WARNING] [pdc_tf_server.c:475] PDC_SERVER[13]: SCHED: done running transformations
[13:37:20.127290] [WARNING] [pdc_tf_server.c:475] PDC_SERVER[15]: SCHED: done running transformations
[INFO] PDC_SERVER[0]: Executing graph with json filepath /pscratch/sd/n/nlewi26/src/work_space/source/pdc/tf_client/graphs/zfp_gpu.json
[13:37:20.343508] [WARNING] [pdc_tf_server.c:393] PDC_SERVER[0]: SCHED: setting CUDA device to 0 for edge 0 func=zfp_compress
[13:37:20.343525] [WARNING] [pdc_tf_server.c:401] PDC_SERVER[0]: SCHED: executing edge 0 func=zfp_compress dev=GPU
[13:37:20.356593] [WARNING] [pdc_tf_server.c:475] PDC_SERVER[0]: SCHED: done running transformations
[13:37:20.393065] [WARNING] [pdc_server_region_cache.c:834] PDC_SERVER[0]: Flushed region via POSIX I/O in 0.323086 s
[13:37:20.393081] [WARNING] [pdc_server_region_cache.c:850] PDC_SERVER[0]: [2026-10-07 13:37:20.393077] Flushed 16.00 / 16.00 MB to storage
[INFO] PDC_SERVER[0]: Region flush iteration took 0.323123 s
[INFO] PDC_SERVER[0]: Starting flush for obj_id 14000000000, ndim=3
[13:37:20.394763] [WARNING] [pdc_server_region_cache.c:823] PDC_SERVER[0]: Region mapping lookup took 0.000001 s
[13:37:20.394769] [WARNING] [pdc_server_region_cache.c:828] PDC_SERVER[0]: No region mapping found for obj_id 14000000000
[13:37:20.410110] [WARNING] [pdc_tf_server.c:393] PDC_SERVER[12]: SCHED: setting CUDA device to 0 for edge 0 func=zfp_compress
[13:37:20.410145] [WARNING] [pdc_tf_server.c:401] PDC_SERVER[12]: SCHED: executing edge 0 func=zfp_compress dev=GPU
[13:37:20.416233] [WARNING] [pdc_tf_server.c:393] PDC_SERVER[4]: SCHED: setting CUDA device to 0 for edge 0 func=zfp_compress
[13:37:20.416407] [WARNING] [pdc_tf_server.c:401] PDC_SERVER[4]: SCHED: executing edge 0 func=zfp_compress dev=GPU
[13:37:20.419519] [WARNING] [pdc_tf_server.c:475] PDC_SERVER[12]: SCHED: done running transformations
[13:37:20.426791] [WARNING] [pdc_tf_server.c:475] PDC_SERVER[4]: SCHED: done running transformations
[13:37:20.430979] [WARNING] [pdc_tf_server.c:393] PDC_SERVER[10]: SCHED: setting CUDA device to 0 for edge 0 func=zfp_compress
[13:37:20.431011] [WARNING] [pdc_tf_server.c:401] PDC_SERVER[10]: SCHED: executing edge 0 func=zfp_compress dev=GPU
[13:37:20.431299] [WARNING] [pdc_tf_server.c:393] PDC_SERVER[14]: SCHED: setting CUDA device to 0 for edge 0 func=zfp_compress
[13:37:20.431338] [WARNING] [pdc_tf_server.c:401] PDC_SERVER[14]: SCHED: executing edge 0 func=zfp_compress dev=GPU
[13:37:20.436397] [WARNING] [pdc_tf_server.c:393] PDC_SERVER[5]: SCHED: setting CUDA device to 0 for edge 0 func=zfp_compress
[13:37:20.436440] [WARNING] [pdc_tf_server.c:401] PDC_SERVER[5]: SCHED: executing edge 0 func=zfp_compress dev=GPU
[13:37:20.441664] [WARNING] [pdc_tf_server.c:393] PDC_SERVER[15]: SCHED: setting CUDA device to 0 for edge 0 func=zfp_compress
[13:37:20.441690] [WARNING] [pdc_tf_server.c:401] PDC_SERVER[15]: SCHED: executing edge 0 func=zfp_compress dev=GPU
[13:37:20.451393] [WARNING] [pdc_tf_server.c:475] PDC_SERVER[5]: SCHED: done running transformations
[13:37:20.453316] [WARNING] [pdc_tf_server.c:393] PDC_SERVER[11]: SCHED: setting CUDA device to 0 for edge 0 func=zfp_compress
[13:37:20.453381] [WARNING] [pdc_tf_server.c:401] PDC_SERVER[11]: SCHED: executing edge 0 func=zfp_compress dev=GPU
[13:37:20.454117] [WARNING] [pdc_tf_server.c:393] PDC_SERVER[8]: SCHED: setting CUDA device to 0 for edge 0 func=zfp_compress
[13:37:20.454147] [WARNING] [pdc_tf_server.c:401] PDC_SERVER[8]: SCHED: executing edge 0 func=zfp_compress dev=GPU
[13:37:20.454783] [WARNING] [pdc_tf_server.c:475] PDC_SERVER[10]: SCHED: done running transformations
[13:37:20.458957] [WARNING] [pdc_tf_server.c:475] PDC_SERVER[14]: SCHED: done running transformations
[13:37:20.465064] [WARNING] [pdc_tf_server.c:393] PDC_SERVER[1]: SCHED: setting CUDA device to 0 for edge 0 func=zfp_compress
[13:37:20.465093] [WARNING] [pdc_tf_server.c:401] PDC_SERVER[1]: SCHED: executing edge 0 func=zfp_compress dev=GPU
[13:37:20.466679] [WARNING] [pdc_tf_server.c:393] PDC_SERVER[3]: SCHED: setting CUDA device to 0 for edge 0 func=zfp_compress
[13:37:20.466713] [WARNING] [pdc_tf_server.c:401] PDC_SERVER[3]: SCHED: executing edge 0 func=zfp_compress dev=GPU
[13:37:20.469093] [WARNING] [pdc_tf_server.c:393] PDC_SERVER[13]: SCHED: setting CUDA device to 0 for edge 0 func=zfp_compress
[13:37:20.469169] [WARNING] [pdc_tf_server.c:401] PDC_SERVER[13]: SCHED: executing edge 0 func=zfp_compress dev=GPU
[13:37:20.474852] [WARNING] [pdc_tf_server.c:393] PDC_SERVER[6]: SCHED: setting CUDA device to 0 for edge 0 func=zfp_compress
[13:37:20.474888] [WARNING] [pdc_tf_server.c:401] PDC_SERVER[6]: SCHED: executing edge 0 func=zfp_compress dev=GPU
[13:37:20.475402] [WARNING] [pdc_tf_server.c:475] PDC_SERVER[8]: SCHED: done running transformations
[13:37:20.475433] [WARNING] [pdc_tf_server.c:475] PDC_SERVER[11]: SCHED: done running transformations
[13:37:20.475507] [WARNING] [pdc_tf_server.c:475] PDC_SERVER[15]: SCHED: done running transformations
[13:37:20.485443] [WARNING] [pdc_tf_server.c:393] PDC_SERVER[2]: SCHED: setting CUDA device to 0 for edge 0 func=zfp_compress
[13:37:20.485587] [WARNING] [pdc_tf_server.c:401] PDC_SERVER[2]: SCHED: executing edge 0 func=zfp_compress dev=GPU
[13:37:20.490625] [WARNING] [pdc_tf_server.c:393] PDC_SERVER[7]: SCHED: setting CUDA device to 0 for edge 0 func=zfp_compress
[13:37:20.490751] [WARNING] [pdc_tf_server.c:401] PDC_SERVER[7]: SCHED: executing edge 0 func=zfp_compress dev=GPU
[13:37:20.491078] [WARNING] [pdc_tf_server.c:475] PDC_SERVER[13]: SCHED: done running transformations
[13:37:20.493999] [WARNING] [pdc_tf_server.c:475] PDC_SERVER[1]: SCHED: done running transformations
[13:37:20.494035] [WARNING] [pdc_tf_server.c:475] PDC_SERVER[6]: SCHED: done running transformations
[13:37:20.497574] [WARNING] [pdc_tf_server.c:475] PDC_SERVER[3]: SCHED: done running transformations
[13:37:20.497933] [WARNING] [pdc_tf_server.c:393] PDC_SERVER[9]: SCHED: setting CUDA device to 0 for edge 0 func=zfp_compress
[13:37:20.497970] [WARNING] [pdc_tf_server.c:401] PDC_SERVER[9]: SCHED: executing edge 0 func=zfp_compress dev=GPU
[13:37:20.507206] [WARNING] [pdc_tf_server.c:475] PDC_SERVER[2]: SCHED: done running transformations
[13:37:20.513342] [WARNING] [pdc_tf_server.c:475] PDC_SERVER[7]: SCHED: done running transformations
[13:37:20.521364] [WARNING] [pdc_tf_server.c:475] PDC_SERVER[9]: SCHED: done running transformations
[INFO] PDC_SERVER[0]: Executing graph with json filepath /pscratch/sd/n/nlewi26/src/work_space/source/pdc/tf_client/graphs/zfp_gpu.json
[13:37:20.659244] [WARNING] [pdc_tf_server.c:393] PDC_SERVER[0]: SCHED: setting CUDA device to 0 for edge 0 func=zfp_compress
[13:37:20.659259] [WARNING] [pdc_tf_server.c:401] PDC_SERVER[0]: SCHED: executing edge 0 func=zfp_compress dev=GPU
[13:37:20.669274] [WARNING] [pdc_tf_server.c:475] PDC_SERVER[0]: SCHED: done running transformations
[13:37:20.708991] [WARNING] [pdc_server_region_cache.c:834] PDC_SERVER[0]: Flushed region via POSIX I/O in 0.314213 s
[13:37:20.709006] [WARNING] [pdc_server_region_cache.c:850] PDC_SERVER[0]: [2026-10-07 13:37:20.709003] Flushed 16.00 / 16.00 MB to storage
[INFO] PDC_SERVER[0]: Region flush iteration took 0.314253 s
[INFO] PDC_SERVER[0]: Starting flush for obj_id 14000000000, ndim=3
[13:37:20.712874] [WARNING] [pdc_server_region_cache.c:823] PDC_SERVER[0]: Region mapping lookup took 0.000000 s
[13:37:20.712878] [WARNING] [pdc_server_region_cache.c:828] PDC_SERVER[0]: No region mapping found for obj_id 14000000000
[13:37:20.720777] [WARNING] [pdc_tf_server.c:393] PDC_SERVER[12]: SCHED: setting CUDA device to 0 for edge 0 func=zfp_compress
[13:37:20.720808] [WARNING] [pdc_tf_server.c:401] PDC_SERVER[12]: SCHED: executing edge 0 func=zfp_compress dev=GPU
[13:37:20.732281] [WARNING] [pdc_tf_server.c:475] PDC_SERVER[12]: SCHED: done running transformations
[13:37:20.775695] [WARNING] [pdc_tf_server.c:393] PDC_SERVER[10]: SCHED: setting CUDA device to 0 for edge 0 func=zfp_compress
[13:37:20.775767] [WARNING] [pdc_tf_server.c:401] PDC_SERVER[10]: SCHED: executing edge 0 func=zfp_compress dev=GPU
[13:37:20.778469] [WARNING] [pdc_tf_server.c:393] PDC_SERVER[5]: SCHED: setting CUDA device to 0 for edge 0 func=zfp_compress
[13:37:20.778499] [WARNING] [pdc_tf_server.c:401] PDC_SERVER[5]: SCHED: executing edge 0 func=zfp_compress dev=GPU
[13:37:20.783374] [WARNING] [pdc_tf_server.c:393] PDC_SERVER[4]: SCHED: setting CUDA device to 0 for edge 0 func=zfp_compress
[13:37:20.783421] [WARNING] [pdc_tf_server.c:401] PDC_SERVER[4]: SCHED: executing edge 0 func=zfp_compress dev=GPU
[13:37:20.786427] [WARNING] [pdc_tf_server.c:475] PDC_SERVER[10]: SCHED: done running transformations
[13:37:20.787829] [WARNING] [pdc_tf_server.c:393] PDC_SERVER[8]: SCHED: setting CUDA device to 0 for edge 0 func=zfp_compress
[13:37:20.787869] [WARNING] [pdc_tf_server.c:401] PDC_SERVER[8]: SCHED: executing edge 0 func=zfp_compress dev=GPU
[13:37:20.788920] [WARNING] [pdc_tf_server.c:475] PDC_SERVER[5]: SCHED: done running transformations
[13:37:20.788891] [WARNING] [pdc_tf_server.c:393] PDC_SERVER[11]: SCHED: setting CUDA device to 0 for edge 0 func=zfp_compress
[13:37:20.788986] [WARNING] [pdc_tf_server.c:401] PDC_SERVER[11]: SCHED: executing edge 0 func=zfp_compress dev=GPU
[13:37:20.794914] [WARNING] [pdc_tf_server.c:475] PDC_SERVER[4]: SCHED: done running transformations
[13:37:20.799581] [WARNING] [pdc_tf_server.c:393] PDC_SERVER[15]: SCHED: setting CUDA device to 0 for edge 0 func=zfp_compress
[13:37:20.799611] [WARNING] [pdc_tf_server.c:401] PDC_SERVER[15]: SCHED: executing edge 0 func=zfp_compress dev=GPU
[13:37:20.799864] [WARNING] [pdc_tf_server.c:475] PDC_SERVER[8]: SCHED: done running transformations
[13:37:20.800305] [WARNING] [pdc_tf_server.c:393] PDC_SERVER[6]: SCHED: setting CUDA device to 0 for edge 0 func=zfp_compress
[13:37:20.800400] [WARNING] [pdc_tf_server.c:401] PDC_SERVER[6]: SCHED: executing edge 0 func=zfp_compress dev=GPU
[13:37:20.800965] [WARNING] [pdc_tf_server.c:475] PDC_SERVER[11]: SCHED: done running transformations
[13:37:20.811559] [WARNING] [pdc_tf_server.c:393] PDC_SERVER[13]: SCHED: setting CUDA device to 0 for edge 0 func=zfp_compress
[13:37:20.811590] [WARNING] [pdc_tf_server.c:401] PDC_SERVER[13]: SCHED: executing edge 0 func=zfp_compress dev=GPU
[13:37:20.811851] [WARNING] [pdc_tf_server.c:475] PDC_SERVER[6]: SCHED: done running transformations
[13:37:20.812759] [WARNING] [pdc_tf_server.c:475] PDC_SERVER[15]: SCHED: done running transformations
[13:37:20.815315] [WARNING] [pdc_tf_server.c:393] PDC_SERVER[3]: SCHED: setting CUDA device to 0 for edge 0 func=zfp_compress
[13:37:20.815345] [WARNING] [pdc_tf_server.c:401] PDC_SERVER[3]: SCHED: executing edge 0 func=zfp_compress dev=GPU
[13:37:20.815560] [WARNING] [pdc_tf_server.c:393] PDC_SERVER[14]: SCHED: setting CUDA device to 0 for edge 0 func=zfp_compress
[13:37:20.815596] [WARNING] [pdc_tf_server.c:401] PDC_SERVER[14]: SCHED: executing edge 0 func=zfp_compress dev=GPU
[13:37:20.818657] [WARNING] [pdc_tf_server.c:393] PDC_SERVER[1]: SCHED: setting CUDA device to 0 for edge 0 func=zfp_compress
[13:37:20.818692] [WARNING] [pdc_tf_server.c:401] PDC_SERVER[1]: SCHED: executing edge 0 func=zfp_compress dev=GPU
[13:37:20.823974] [WARNING] [pdc_tf_server.c:393] PDC_SERVER[7]: SCHED: setting CUDA device to 0 for edge 0 func=zfp_compress
[13:37:20.824032] [WARNING] [pdc_tf_server.c:401] PDC_SERVER[7]: SCHED: executing edge 0 func=zfp_compress dev=GPU
[13:37:20.824953] [WARNING] [pdc_tf_server.c:475] PDC_SERVER[13]: SCHED: done running transformations
[13:37:20.826921] [WARNING] [pdc_tf_server.c:475] PDC_SERVER[14]: SCHED: done running transformations
[13:37:20.829978] [WARNING] [pdc_tf_server.c:475] PDC_SERVER[3]: SCHED: done running transformations
[13:37:20.831544] [WARNING] [pdc_tf_server.c:475] PDC_SERVER[1]: SCHED: done running transformations
[13:37:20.835808] [WARNING] [pdc_tf_server.c:475] PDC_SERVER[7]: SCHED: done running transformations
[13:37:20.837119] [WARNING] [pdc_tf_server.c:393] PDC_SERVER[2]: SCHED: setting CUDA device to 0 for edge 0 func=zfp_compress
[13:37:20.837186] [WARNING] [pdc_tf_server.c:401] PDC_SERVER[2]: SCHED: executing edge 0 func=zfp_compress dev=GPU
[13:37:20.839604] [WARNING] [pdc_tf_server.c:393] PDC_SERVER[9]: SCHED: setting CUDA device to 0 for edge 0 func=zfp_compress
[13:37:20.839643] [WARNING] [pdc_tf_server.c:401] PDC_SERVER[9]: SCHED: executing edge 0 func=zfp_compress dev=GPU
[13:37:20.849197] [WARNING] [pdc_tf_server.c:475] PDC_SERVER[2]: SCHED: done running transformations
[13:37:20.853201] [WARNING] [pdc_tf_server.c:475] PDC_SERVER[9]: SCHED: done running transformations
[INFO] PDC_SERVER[0]: Executing graph with json filepath /pscratch/sd/n/nlewi26/src/work_space/source/pdc/tf_client/graphs/zfp_gpu.json
[13:37:20.983440] [WARNING] [pdc_tf_server.c:393] PDC_SERVER[0]: SCHED: setting CUDA device to 0 for edge 0 func=zfp_compress
[13:37:20.983456] [WARNING] [pdc_tf_server.c:401] PDC_SERVER[0]: SCHED: executing edge 0 func=zfp_compress dev=GPU
[13:37:21.000892] [WARNING] [pdc_tf_server.c:475] PDC_SERVER[0]: SCHED: done running transformations
[13:37:21.040517] [WARNING] [pdc_tf_server.c:393] PDC_SERVER[12]: SCHED: setting CUDA device to 0 for edge 0 func=zfp_compress
[13:37:21.040547] [WARNING] [pdc_tf_server.c:401] PDC_SERVER[12]: SCHED: executing edge 0 func=zfp_compress dev=GPU
[13:37:21.040872] [WARNING] [pdc_server_region_cache.c:834] PDC_SERVER[0]: Flushed region via POSIX I/O in 0.327981 s
[13:37:21.040890] [WARNING] [pdc_server_region_cache.c:850] PDC_SERVER[0]: [2026-10-07 13:37:21.040887] Flushed 16.00 / 16.00 MB to storage
[INFO] PDC_SERVER[0]: Region flush iteration took 0.328025 s
[13:37:21.051237] [WARNING] [pdc_tf_server.c:475] PDC_SERVER[12]: SCHED: done running transformations
[13:37:21.095700] [WARNING] [pdc_tf_server.c:393] PDC_SERVER[10]: SCHED: setting CUDA device to 0 for edge 0 func=zfp_compress
[13:37:21.095758] [WARNING] [pdc_tf_server.c:401] PDC_SERVER[10]: SCHED: executing edge 0 func=zfp_compress dev=GPU
[13:37:21.105285] [WARNING] [pdc_tf_server.c:475] PDC_SERVER[10]: SCHED: done running transformations
[13:37:21.106260] [WARNING] [pdc_tf_server.c:393] PDC_SERVER[8]: SCHED: setting CUDA device to 0 for edge 0 func=zfp_compress
[13:37:21.106290] [WARNING] [pdc_tf_server.c:401] PDC_SERVER[8]: SCHED: executing edge 0 func=zfp_compress dev=GPU
[13:37:21.107192] [WARNING] [pdc_tf_server.c:393] PDC_SERVER[5]: SCHED: setting CUDA device to 0 for edge 0 func=zfp_compress
[13:37:21.107221] [WARNING] [pdc_tf_server.c:401] PDC_SERVER[5]: SCHED: executing edge 0 func=zfp_compress dev=GPU
[13:37:21.114480] [WARNING] [pdc_tf_server.c:393] PDC_SERVER[11]: SCHED: setting CUDA device to 0 for edge 0 func=zfp_compress
[13:37:21.114514] [WARNING] [pdc_tf_server.c:401] PDC_SERVER[11]: SCHED: executing edge 0 func=zfp_compress dev=GPU
[13:37:21.116508] [WARNING] [pdc_tf_server.c:475] PDC_SERVER[5]: SCHED: done running transformations
[13:37:21.117028] [WARNING] [pdc_tf_server.c:475] PDC_SERVER[8]: SCHED: done running transformations
[13:37:21.117693] [WARNING] [pdc_tf_server.c:393] PDC_SERVER[6]: SCHED: setting CUDA device to 0 for edge 0 func=zfp_compress
[13:37:21.117748] [WARNING] [pdc_tf_server.c:401] PDC_SERVER[6]: SCHED: executing edge 0 func=zfp_compress dev=GPU
[13:37:21.121829] [WARNING] [pdc_tf_server.c:393] PDC_SERVER[15]: SCHED: setting CUDA device to 0 for edge 0 func=zfp_compress
[13:37:21.121888] [WARNING] [pdc_tf_server.c:401] PDC_SERVER[15]: SCHED: executing edge 0 func=zfp_compress dev=GPU
[13:37:21.126537] [WARNING] [pdc_tf_server.c:475] PDC_SERVER[11]: SCHED: done running transformations
[13:37:21.128478] [WARNING] [pdc_tf_server.c:475] PDC_SERVER[6]: SCHED: done running transformations
[13:37:21.131493] [WARNING] [pdc_tf_server.c:475] PDC_SERVER[15]: SCHED: done running transformations
[13:37:21.134431] [WARNING] [pdc_tf_server.c:393] PDC_SERVER[4]: SCHED: setting CUDA device to 0 for edge 0 func=zfp_compress
[13:37:21.134487] [WARNING] [pdc_tf_server.c:401] PDC_SERVER[4]: SCHED: executing edge 0 func=zfp_compress dev=GPU
[13:37:21.138708] [WARNING] [pdc_tf_server.c:393] PDC_SERVER[7]: SCHED: setting CUDA device to 0 for edge 0 func=zfp_compress
[13:37:21.138744] [WARNING] [pdc_tf_server.c:401] PDC_SERVER[7]: SCHED: executing edge 0 func=zfp_compress dev=GPU
[13:37:21.143073] [WARNING] [pdc_tf_server.c:475] PDC_SERVER[4]: SCHED: done running transformations
[13:37:21.147216] [WARNING] [pdc_tf_server.c:475] PDC_SERVER[7]: SCHED: done running transformations
[13:37:21.149831] [WARNING] [pdc_tf_server.c:393] PDC_SERVER[1]: SCHED: setting CUDA device to 0 for edge 0 func=zfp_compress
[13:37:21.149858] [WARNING] [pdc_tf_server.c:401] PDC_SERVER[1]: SCHED: executing edge 0 func=zfp_compress dev=GPU
[13:37:21.160678] [WARNING] [pdc_tf_server.c:475] PDC_SERVER[1]: SCHED: done running transformations
[13:37:21.160831] [WARNING] [pdc_tf_server.c:393] PDC_SERVER[3]: SCHED: setting CUDA device to 0 for edge 0 func=zfp_compress
[13:37:21.160918] [WARNING] [pdc_tf_server.c:401] PDC_SERVER[3]: SCHED: executing edge 0 func=zfp_compress dev=GPU
[13:37:21.162294] [WARNING] [pdc_tf_server.c:393] PDC_SERVER[13]: SCHED: setting CUDA device to 0 for edge 0 func=zfp_compress
[13:37:21.162345] [WARNING] [pdc_tf_server.c:401] PDC_SERVER[13]: SCHED: executing edge 0 func=zfp_compress dev=GPU
[13:37:21.163813] [WARNING] [pdc_tf_server.c:393] PDC_SERVER[9]: SCHED: setting CUDA device to 0 for edge 0 func=zfp_compress
[13:37:21.163866] [WARNING] [pdc_tf_server.c:401] PDC_SERVER[9]: SCHED: executing edge 0 func=zfp_compress dev=GPU
[13:37:21.166720] [WARNING] [pdc_tf_server.c:393] PDC_SERVER[2]: SCHED: setting CUDA device to 0 for edge 0 func=zfp_compress
[13:37:21.166784] [WARNING] [pdc_tf_server.c:401] PDC_SERVER[2]: SCHED: executing edge 0 func=zfp_compress dev=GPU
[13:37:21.170843] [WARNING] [pdc_tf_server.c:475] PDC_SERVER[3]: SCHED: done running transformations
[13:37:21.173490] [WARNING] [pdc_tf_server.c:475] PDC_SERVER[9]: SCHED: done running transformations
[13:37:21.173959] [WARNING] [pdc_tf_server.c:475] PDC_SERVER[13]: SCHED: done running transformations
[13:37:21.176059] [WARNING] [pdc_tf_server.c:475] PDC_SERVER[2]: SCHED: done running transformations
[13:37:21.194128] [WARNING] [pdc_tf_server.c:393] PDC_SERVER[14]: SCHED: setting CUDA device to 0 for edge 0 func=zfp_compress
[13:37:21.194180] [WARNING] [pdc_tf_server.c:401] PDC_SERVER[14]: SCHED: executing edge 0 func=zfp_compress dev=GPU
[13:37:21.202113] [WARNING] [pdc_tf_server.c:475] PDC_SERVER[14]: SCHED: done running transformations
[INFO] PDC_SERVER[3]: Fetching region for obj_id=1000000001
[INFO] PDC_SERVER[3]: Checking against Object 10000000000
[INFO] PDC_SERVER[3]: Checking against Object 11000000000
[INFO] PDC_SERVER[3]: Checking against Object 12000000000
[INFO] PDC_SERVER[3]: Checking against Object 11000000001
[INFO] PDC_SERVER[3]: Checking against Object 12000000001
[INFO] PDC_SERVER[3]: Checking against Object 13000000000
[INFO] PDC_SERVER[3]: Checking against Object 12000000002
[INFO] PDC_SERVER[3]: Checking against Object 13000000001
[INFO] PDC_SERVER[3]: Checking against Object 14000000000
[INFO] PDC_SERVER[3]: Object 1000000001 NOT found in cache
[INFO] PDC_SERVER[3]: Fetching region from server for obj_id=1000000001
[INFO] PDC_SERVER[0]: Fetching region for obj_id=1000000001
[INFO] PDC_SERVER[0]: Checking against Object 10000000000
[INFO] PDC_SERVER[0]: Checking against Object 11000000000
[INFO] PDC_SERVER[0]: Checking against Object 12000000000
[INFO] PDC_SERVER[0]: Checking against Object 11000000001
[INFO] PDC_SERVER[0]: Checking against Object 12000000001
[INFO] PDC_SERVER[0]: Checking against Object 13000000000
[INFO] PDC_SERVER[0]: Checking against Object 12000000002
[INFO] PDC_SERVER[1]: Fetching region for obj_id=1000000001
[INFO] PDC_SERVER[1]: Checking against Object 10000000000
[INFO] PDC_SERVER[1]: Checking against Object 11000000000
[INFO] PDC_SERVER[0]: Checking against Object 13000000001
[INFO] PDC_SERVER[0]: Checking against Object 14000000000
[INFO] PDC_SERVER[0]: Object 1000000001 NOT found in cache
[INFO] PDC_SERVER[0]: Fetching region from server for obj_id=1000000001
[INFO] PDC_SERVER[1]: Checking against Object 12000000000
[INFO] PDC_SERVER[1]: Checking against Object 11000000001
[INFO] PDC_SERVER[1]: Checking against Object 12000000001
[INFO] PDC_SERVER[1]: Checking against Object 13000000000
[INFO] PDC_SERVER[1]: Checking against Object 12000000002
[INFO] PDC_SERVER[1]: Checking against Object 13000000001
[INFO] PDC_SERVER[1]: Checking against Object 14000000000
[INFO] PDC_SERVER[1]: Object 1000000001 NOT found in cache
[INFO] PDC_SERVER[1]: Fetching region from server for obj_id=1000000001
[INFO] PDC_SERVER[4]: Fetching region for obj_id=1000000001
[INFO] PDC_SERVER[4]: Checking against Object 10000000000
[INFO] PDC_SERVER[4]: Checking against Object 11000000000
[INFO] PDC_SERVER[4]: Checking against Object 12000000000
[INFO] PDC_SERVER[4]: Checking against Object 11000000001
[INFO] PDC_SERVER[4]: Checking against Object 12000000001
[INFO] PDC_SERVER[4]: Checking against Object 13000000000
[INFO] PDC_SERVER[4]: Checking against Object 12000000002
[INFO] PDC_SERVER[4]: Checking against Object 13000000001
[INFO] PDC_SERVER[4]: Checking against Object 14000000000
[INFO] PDC_SERVER[4]: Object 1000000001 NOT found in cache
[INFO] PDC_SERVER[4]: Fetching region from server for obj_id=1000000001
[INFO] PDC_SERVER[6]: Fetching region for obj_id=1000000001
[INFO] PDC_SERVER[6]: Checking against Object 10000000000
[INFO] PDC_SERVER[6]: Checking against Object 11000000000
[INFO] PDC_SERVER[6]: Checking against Object 12000000000
[INFO] PDC_SERVER[6]: Checking against Object 11000000001
[INFO] PDC_SERVER[6]: Checking against Object 12000000001
[INFO] PDC_SERVER[6]: Checking against Object 13000000000
[INFO] PDC_SERVER[13]: Fetching region for obj_id=1000000001
[INFO] PDC_SERVER[13]: Checking against Object 10000000000
[INFO] PDC_SERVER[13]: Checking against Object 11000000000
[INFO] PDC_SERVER[13]: Checking against Object 12000000000
[INFO] PDC_SERVER[13]: Checking against Object 11000000001
[INFO] PDC_SERVER[13]: Checking against Object 12000000001
[INFO] PDC_SERVER[6]: Checking against Object 12000000002
[INFO] PDC_SERVER[6]: Checking against Object 13000000001
[INFO] PDC_SERVER[6]: Checking against Object 14000000000
[INFO] PDC_SERVER[6]: Object 1000000001 NOT found in cache
[INFO] PDC_SERVER[6]: Fetching region from server for obj_id=1000000001
[INFO] PDC_SERVER[13]: Checking against Object 13000000000
[INFO] PDC_SERVER[13]: Checking against Object 12000000002
[INFO] PDC_SERVER[13]: Checking against Object 13000000001
[INFO] PDC_SERVER[13]: Checking against Object 14000000000
[INFO] PDC_SERVER[13]: Object 1000000001 NOT found in cache
[INFO] PDC_SERVER[13]: Fetching region from server for obj_id=1000000001
[INFO] PDC_SERVER[14]: Fetching region for obj_id=1000000001
[INFO] PDC_SERVER[14]: Checking against Object 10000000000
[INFO] PDC_SERVER[14]: Checking against Object 11000000000
[INFO] PDC_SERVER[14]: Checking against Object 12000000000
[INFO] PDC_SERVER[14]: Checking against Object 11000000001
[INFO] PDC_SERVER[14]: Checking against Object 12000000001
[INFO] PDC_SERVER[14]: Checking against Object 13000000000
[INFO] PDC_SERVER[14]: Checking against Object 12000000002
[INFO] PDC_SERVER[14]: Checking against Object 13000000001
[INFO] PDC_SERVER[14]: Checking against Object 14000000000
[INFO] PDC_SERVER[14]: Object 1000000001 NOT found in cache
[INFO] PDC_SERVER[14]: Fetching region from server for obj_id=1000000001
[INFO] PDC_SERVER[9]: Fetching region for obj_id=1000000001
[INFO] PDC_SERVER[9]: Checking against Object 10000000000
[INFO] PDC_SERVER[9]: Checking against Object 11000000000
[INFO] PDC_SERVER[9]: Checking against Object 12000000000
[INFO] PDC_SERVER[9]: Checking against Object 11000000001
[INFO] PDC_SERVER[9]: Checking against Object 12000000001
[INFO] PDC_SERVER[9]: Checking against Object 13000000000
[INFO] PDC_SERVER[9]: Checking against Object 12000000002
[INFO] PDC_SERVER[9]: Checking against Object 13000000001
[INFO] PDC_SERVER[9]: Checking against Object 14000000000
[INFO] PDC_SERVER[9]: Object 1000000001 NOT found in cache
[INFO] PDC_SERVER[9]: Fetching region from server for obj_id=1000000001
[INFO] PDC_SERVER[15]: Fetching region for obj_id=1000000001
[INFO] PDC_SERVER[15]: Checking against Object 10000000000
[INFO] PDC_SERVER[5]: Fetching region for obj_id=1000000001
[INFO] PDC_SERVER[5]: Checking against Object 10000000000
[INFO] PDC_SERVER[5]: Checking against Object 11000000000
[INFO] PDC_SERVER[5]: Checking against Object 12000000000
[INFO] PDC_SERVER[5]: Checking against Object 11000000001
[INFO] PDC_SERVER[15]: Checking against Object 11000000000
[INFO] PDC_SERVER[15]: Checking against Object 12000000000
[INFO] PDC_SERVER[15]: Checking against Object 11000000001
[INFO] PDC_SERVER[15]: Checking against Object 12000000001
[INFO] PDC_SERVER[5]: Checking against Object 12000000001
[INFO] PDC_SERVER[5]: Checking against Object 13000000000
[INFO] PDC_SERVER[5]: Checking against Object 12000000002
[INFO] PDC_SERVER[5]: Checking against Object 13000000001
[INFO] PDC_SERVER[5]: Checking against Object 14000000000
[INFO] PDC_SERVER[5]: Object 1000000001 NOT found in cache
[INFO] PDC_SERVER[5]: Fetching region from server for obj_id=1000000001
[INFO] PDC_SERVER[15]: Checking against Object 13000000000
[INFO] PDC_SERVER[15]: Checking against Object 12000000002
[INFO] PDC_SERVER[15]: Checking against Object 13000000001
[INFO] PDC_SERVER[15]: Checking against Object 14000000000
[INFO] PDC_SERVER[15]: Object 1000000001 NOT found in cache
[INFO] PDC_SERVER[15]: Fetching region from server for obj_id=1000000001
[INFO] PDC_SERVER[7]: Fetching region for obj_id=1000000001
[INFO] PDC_SERVER[7]: Checking against Object 10000000000
[INFO] PDC_SERVER[7]: Checking against Object 11000000000
[INFO] PDC_SERVER[7]: Checking against Object 12000000000
[INFO] PDC_SERVER[7]: Checking against Object 11000000001
[INFO] PDC_SERVER[7]: Checking against Object 12000000001
[INFO] PDC_SERVER[7]: Checking against Object 13000000000
[INFO] PDC_SERVER[10]: Fetching region for obj_id=1000000001
[INFO] PDC_SERVER[7]: Checking against Object 12000000002
[INFO] PDC_SERVER[7]: Checking against Object 13000000001
[INFO] PDC_SERVER[7]: Checking against Object 14000000000
[INFO] PDC_SERVER[7]: Object 1000000001 NOT found in cache
[INFO] PDC_SERVER[7]: Fetching region from server for obj_id=1000000001
[INFO] PDC_SERVER[10]: Checking against Object 10000000000
[INFO] PDC_SERVER[10]: Checking against Object 11000000000
[INFO] PDC_SERVER[10]: Checking against Object 12000000000
[INFO] PDC_SERVER[10]: Checking against Object 11000000001
[INFO] PDC_SERVER[10]: Checking against Object 12000000001
[INFO] PDC_SERVER[10]: Checking against Object 13000000000
[INFO] PDC_SERVER[10]: Checking against Object 12000000002
[INFO] PDC_SERVER[10]: Checking against Object 13000000001
[INFO] PDC_SERVER[10]: Checking against Object 14000000000
[INFO] PDC_SERVER[10]: Object 1000000001 NOT found in cache
[INFO] PDC_SERVER[10]: Fetching region from server for obj_id=1000000001
[INFO] PDC_SERVER[12]: Fetching region for obj_id=1000000001
[INFO] PDC_SERVER[12]: Checking against Object 10000000000
[INFO] PDC_SERVER[12]: Checking against Object 11000000000
[INFO] PDC_SERVER[12]: Checking against Object 12000000000
[INFO] PDC_SERVER[12]: Checking against Object 11000000001
[INFO] PDC_SERVER[12]: Checking against Object 12000000001
[INFO] PDC_SERVER[12]: Checking against Object 13000000000
[INFO] PDC_SERVER[12]: Checking against Object 12000000002
[INFO] PDC_SERVER[12]: Checking against Object 13000000001
[INFO] PDC_SERVER[12]: Checking against Object 14000000000
[INFO] PDC_SERVER[12]: Object 1000000001 NOT found in cache
[INFO] PDC_SERVER[12]: Fetching region from server for obj_id=1000000001
[INFO] PDC_SERVER[11]: Fetching region for obj_id=1000000001
[INFO] PDC_SERVER[11]: Checking against Object 10000000000
[INFO] PDC_SERVER[11]: Checking against Object 11000000000
[INFO] PDC_SERVER[11]: Checking against Object 12000000000
[INFO] PDC_SERVER[11]: Checking against Object 11000000001
[INFO] PDC_SERVER[11]: Checking against Object 12000000001
[INFO] PDC_SERVER[11]: Checking against Object 13000000000
[INFO] PDC_SERVER[11]: Checking against Object 12000000002
[INFO] PDC_SERVER[11]: Checking against Object 13000000001
[INFO] PDC_SERVER[11]: Checking against Object 14000000000
[INFO] PDC_SERVER[11]: Object 1000000001 NOT found in cache
[INFO] PDC_SERVER[11]: Fetching region from server for obj_id=1000000001
[INFO] PDC_SERVER[2]: Fetching region for obj_id=1000000001
[INFO] PDC_SERVER[2]: Checking against Object 10000000000
[INFO] PDC_SERVER[2]: Checking against Object 11000000000
[INFO] PDC_SERVER[2]: Checking against Object 12000000000
[INFO] PDC_SERVER[2]: Checking against Object 11000000001
[INFO] PDC_SERVER[2]: Checking against Object 12000000001
[INFO] PDC_SERVER[2]: Checking against Object 13000000000
[INFO] PDC_SERVER[2]: Checking against Object 12000000002
[INFO] PDC_SERVER[2]: Checking against Object 13000000001
[INFO] PDC_SERVER[2]: Checking against Object 14000000000
[INFO] PDC_SERVER[2]: Object 1000000001 NOT found in cache
[INFO] PDC_SERVER[2]: Fetching region from server for obj_id=1000000001
[INFO] PDC_SERVER[8]: Fetching region for obj_id=1000000001
[INFO] PDC_SERVER[8]: Checking against Object 10000000000
[INFO] PDC_SERVER[8]: Checking against Object 11000000000
[INFO] PDC_SERVER[8]: Checking against Object 12000000000
[INFO] PDC_SERVER[8]: Checking against Object 11000000001
[INFO] PDC_SERVER[8]: Checking against Object 12000000001
[INFO] PDC_SERVER[8]: Checking against Object 13000000000
[INFO] PDC_SERVER[8]: Checking against Object 12000000002
[INFO] PDC_SERVER[8]: Checking against Object 13000000001
[INFO] PDC_SERVER[8]: Checking against Object 14000000000
[INFO] PDC_SERVER[8]: Object 1000000001 NOT found in cache
[INFO] PDC_SERVER[8]: Fetching region from server for obj_id=1000000001
[13:37:21.263059] [WARNING] [pdc_tf_server.c:393] PDC_SERVER[3]: SCHED: setting CUDA device to 0 for edge 0 func=zfp_decompress
[13:37:21.263092] [WARNING] [pdc_tf_server.c:401] PDC_SERVER[3]: SCHED: executing edge 0 func=zfp_decompress dev=GPU
[INFO] PDC_SERVER[0]: Executing graph with json filepath /pscratch/sd/n/nlewi26/src/work_space/source/pdc/tf_client/graphs/zfp_gpu.json
[13:37:21.263672] [WARNING] [pdc_tf_server.c:393] PDC_SERVER[0]: SCHED: setting CUDA device to 0 for edge 0 func=zfp_decompress
[13:37:21.263688] [WARNING] [pdc_tf_server.c:401] PDC_SERVER[0]: SCHED: executing edge 0 func=zfp_decompress dev=GPU
[13:37:21.263944] [WARNING] [pdc_tf_server.c:393] PDC_SERVER[1]: SCHED: setting CUDA device to 0 for edge 0 func=zfp_decompress
[13:37:21.263974] [WARNING] [pdc_tf_server.c:401] PDC_SERVER[1]: SCHED: executing edge 0 func=zfp_decompress dev=GPU
[13:37:21.266158] [WARNING] [pdc_tf_server.c:393] PDC_SERVER[9]: SCHED: setting CUDA device to 0 for edge 0 func=zfp_decompress
[13:37:21.266180] [WARNING] [pdc_tf_server.c:401] PDC_SERVER[9]: SCHED: executing edge 0 func=zfp_decompress dev=GPU
[13:37:21.266363] [WARNING] [pdc_tf_server.c:393] PDC_SERVER[6]: SCHED: setting CUDA device to 0 for edge 0 func=zfp_decompress
[13:37:21.266391] [WARNING] [pdc_tf_server.c:401] PDC_SERVER[6]: SCHED: executing edge 0 func=zfp_decompress dev=GPU
[13:37:21.266483] [WARNING] [pdc_tf_server.c:393] PDC_SERVER[7]: SCHED: setting CUDA device to 0 for edge 0 func=zfp_decompress
[13:37:21.266498] [WARNING] [pdc_tf_server.c:401] PDC_SERVER[7]: SCHED: executing edge 0 func=zfp_decompress dev=GPU
[13:37:21.267028] [WARNING] [pdc_tf_server.c:393] PDC_SERVER[10]: SCHED: setting CUDA device to 0 for edge 0 func=zfp_decompress
[13:37:21.267052] [WARNING] [pdc_tf_server.c:401] PDC_SERVER[10]: SCHED: executing edge 0 func=zfp_decompress dev=GPU
[13:37:21.267028] [WARNING] [pdc_tf_server.c:393] PDC_SERVER[12]: SCHED: setting CUDA device to 0 for edge 0 func=zfp_decompress
[13:37:21.267052] [WARNING] [pdc_tf_server.c:401] PDC_SERVER[12]: SCHED: executing edge 0 func=zfp_decompress dev=GPU
[13:37:21.267080] [WARNING] [pdc_tf_server.c:393] PDC_SERVER[14]: SCHED: setting CUDA device to 0 for edge 0 func=zfp_decompress
[13:37:21.267097] [WARNING] [pdc_tf_server.c:401] PDC_SERVER[14]: SCHED: executing edge 0 func=zfp_decompress dev=GPU
[13:37:21.267542] [WARNING] [pdc_tf_server.c:393] PDC_SERVER[5]: SCHED: setting CUDA device to 0 for edge 0 func=zfp_decompress
[13:37:21.267559] [WARNING] [pdc_tf_server.c:401] PDC_SERVER[5]: SCHED: executing edge 0 func=zfp_decompress dev=GPU
[13:37:21.267698] [WARNING] [pdc_tf_server.c:393] PDC_SERVER[2]: SCHED: setting CUDA device to 0 for edge 0 func=zfp_decompress
[13:37:21.267714] [WARNING] [pdc_tf_server.c:401] PDC_SERVER[2]: SCHED: executing edge 0 func=zfp_decompress dev=GPU
[13:37:21.269292] [WARNING] [pdc_tf_server.c:393] PDC_SERVER[8]: SCHED: setting CUDA device to 0 for edge 0 func=zfp_decompress
[13:37:21.269310] [WARNING] [pdc_tf_server.c:401] PDC_SERVER[8]: SCHED: executing edge 0 func=zfp_decompress dev=GPU
[13:37:21.269904] [WARNING] [pdc_tf_server.c:393] PDC_SERVER[13]: SCHED: setting CUDA device to 0 for edge 0 func=zfp_decompress
[13:37:21.269924] [WARNING] [pdc_tf_server.c:401] PDC_SERVER[13]: SCHED: executing edge 0 func=zfp_decompress dev=GPU
[13:37:21.270378] [WARNING] [pdc_tf_server.c:393] PDC_SERVER[15]: SCHED: setting CUDA device to 0 for edge 0 func=zfp_decompress
[13:37:21.270387] [WARNING] [pdc_tf_server.c:393] PDC_SERVER[11]: SCHED: setting CUDA device to 0 for edge 0 func=zfp_decompress
[13:37:21.270400] [WARNING] [pdc_tf_server.c:401] PDC_SERVER[15]: SCHED: executing edge 0 func=zfp_decompress dev=GPU
[13:37:21.270468] [WARNING] [pdc_tf_server.c:401] PDC_SERVER[11]: SCHED: executing edge 0 func=zfp_decompress dev=GPU
[13:37:21.275347] [WARNING] [pdc_tf_server.c:393] PDC_SERVER[4]: SCHED: setting CUDA device to 0 for edge 0 func=zfp_decompress
[13:37:21.275375] [WARNING] [pdc_tf_server.c:401] PDC_SERVER[4]: SCHED: executing edge 0 func=zfp_decompress dev=GPU
[13:37:21.278488] [WARNING] [pdc_tf_server.c:475] PDC_SERVER[3]: SCHED: done running transformations
[13:37:21.278704] [WARNING] [pdc_tf_server.c:475] PDC_SERVER[0]: SCHED: done running transformations
[13:37:21.281661] [WARNING] [pdc_tf_server.c:475] PDC_SERVER[1]: SCHED: done running transformations
[13:37:21.281783] [WARNING] [pdc_tf_server.c:475] PDC_SERVER[9]: SCHED: done running transformations
[13:37:21.282394] [WARNING] [pdc_tf_server.c:475] PDC_SERVER[14]: SCHED: done running transformations
[13:37:21.285709] [WARNING] [pdc_tf_server.c:475] PDC_SERVER[7]: SCHED: done running transformations
[INFO] PDC_SERVER[0]: Fetching region for obj_id=1000000001
[INFO] PDC_SERVER[0]: Checking against Object 10000000000
[INFO] PDC_SERVER[0]: Checking against Object 11000000000
[INFO] PDC_SERVER[0]: Checking against Object 12000000000
[INFO] PDC_SERVER[0]: Checking against Object 11000000001
[INFO] PDC_SERVER[0]: Checking against Object 12000000001
[INFO] PDC_SERVER[0]: Checking against Object 13000000000
[INFO] PDC_SERVER[0]: Checking against Object 12000000002
[INFO] PDC_SERVER[0]: Checking against Object 13000000001
[INFO] PDC_SERVER[0]: Checking against Object 14000000000
[INFO] PDC_SERVER[0]: Object 1000000001 NOT found in cache
[INFO] PDC_SERVER[0]: Fetching region from server for obj_id=1000000001
[13:37:21.286817] [WARNING] [pdc_tf_server.c:475] PDC_SERVER[6]: SCHED: done running transformations
[INFO] PDC_SERVER[3]: Fetching region for obj_id=1000000001
[INFO] PDC_SERVER[3]: Checking against Object 10000000000
[INFO] PDC_SERVER[3]: Checking against Object 11000000000
[INFO] PDC_SERVER[3]: Checking against Object 12000000000
[INFO] PDC_SERVER[3]: Checking against Object 11000000001
[INFO] PDC_SERVER[3]: Checking against Object 12000000001
[INFO] PDC_SERVER[3]: Checking against Object 13000000000
[INFO] PDC_SERVER[3]: Checking against Object 12000000002
[INFO] PDC_SERVER[3]: Checking against Object 13000000001
[INFO] PDC_SERVER[3]: Checking against Object 14000000000
[INFO] PDC_SERVER[3]: Object 1000000001 NOT found in cache
[INFO] PDC_SERVER[3]: Fetching region from server for obj_id=1000000001
[13:37:21.287147] [WARNING] [pdc_tf_server.c:475] PDC_SERVER[2]: SCHED: done running transformations
[INFO] PDC_SERVER[14]: Fetching region for obj_id=1000000001
[INFO] PDC_SERVER[14]: Checking against Object 10000000000
[INFO] PDC_SERVER[14]: Checking against Object 11000000000
[INFO] PDC_SERVER[14]: Checking against Object 12000000000
[INFO] PDC_SERVER[14]: Checking against Object 11000000001
[INFO] PDC_SERVER[14]: Checking against Object 12000000001
[INFO] PDC_SERVER[14]: Checking against Object 13000000000
[INFO] PDC_SERVER[14]: Checking against Object 12000000002
[INFO] PDC_SERVER[14]: Checking against Object 13000000001
[INFO] PDC_SERVER[14]: Checking against Object 14000000000
[INFO] PDC_SERVER[14]: Object 1000000001 NOT found in cache
[INFO] PDC_SERVER[14]: Fetching region from server for obj_id=1000000001
[INFO] PDC_SERVER[9]: Fetching region for obj_id=1000000001
[INFO] PDC_SERVER[9]: Checking against Object 10000000000
[INFO] PDC_SERVER[9]: Checking against Object 11000000000
[INFO] PDC_SERVER[9]: Checking against Object 12000000000
[INFO] PDC_SERVER[9]: Checking against Object 11000000001
[INFO] PDC_SERVER[9]: Checking against Object 12000000001
[INFO] PDC_SERVER[9]: Checking against Object 13000000000
[INFO] PDC_SERVER[9]: Checking against Object 12000000002
[INFO] PDC_SERVER[9]: Checking against Object 13000000001
[INFO] PDC_SERVER[9]: Checking against Object 14000000000
[INFO] PDC_SERVER[9]: Object 1000000001 NOT found in cache
[INFO] PDC_SERVER[9]: Fetching region from server for obj_id=1000000001
[13:37:21.287826] [WARNING] [pdc_tf_server.c:475] PDC_SERVER[10]: SCHED: done running transformations
[INFO] PDC_SERVER[1]: Fetching region for obj_id=1000000001
[INFO] PDC_SERVER[1]: Checking against Object 10000000000
[INFO] PDC_SERVER[1]: Checking against Object 11000000000
[INFO] PDC_SERVER[1]: Checking against Object 12000000000
[INFO] PDC_SERVER[1]: Checking against Object 11000000001
[INFO] PDC_SERVER[1]: Checking against Object 12000000001
[INFO] PDC_SERVER[1]: Checking against Object 13000000000
[INFO] PDC_SERVER[1]: Checking against Object 12000000002
[INFO] PDC_SERVER[1]: Checking against Object 13000000001
[INFO] PDC_SERVER[1]: Checking against Object 14000000000
[INFO] PDC_SERVER[1]: Object 1000000001 NOT found in cache
[INFO] PDC_SERVER[1]: Fetching region from server for obj_id=1000000001
[13:37:21.291025] [WARNING] [pdc_tf_server.c:475] PDC_SERVER[5]: SCHED: done running transformations
[13:37:21.291765] [WARNING] [pdc_tf_server.c:475] PDC_SERVER[12]: SCHED: done running transformations
[INFO] PDC_SERVER[7]: Fetching region for obj_id=1000000001
[INFO] PDC_SERVER[7]: Checking against Object 10000000000
[INFO] PDC_SERVER[7]: Checking against Object 11000000000
[INFO] PDC_SERVER[7]: Checking against Object 12000000000
[INFO] PDC_SERVER[7]: Checking against Object 11000000001
[INFO] PDC_SERVER[7]: Checking against Object 12000000001
[INFO] PDC_SERVER[7]: Checking against Object 13000000000
[INFO] PDC_SERVER[7]: Checking against Object 12000000002
[INFO] PDC_SERVER[7]: Checking against Object 13000000001
[INFO] PDC_SERVER[7]: Checking against Object 14000000000
[INFO] PDC_SERVER[7]: Object 1000000001 NOT found in cache
[INFO] PDC_SERVER[7]: Fetching region from server for obj_id=1000000001
[13:37:21.293211] [WARNING] [pdc_tf_server.c:475] PDC_SERVER[11]: SCHED: done running transformations
[INFO] PDC_SERVER[6]: Fetching region for obj_id=1000000001
[INFO] PDC_SERVER[6]: Checking against Object 10000000000
[INFO] PDC_SERVER[6]: Checking against Object 11000000000
[INFO] PDC_SERVER[6]: Checking against Object 12000000000
[INFO] PDC_SERVER[6]: Checking against Object 11000000001
[INFO] PDC_SERVER[6]: Checking against Object 12000000001
[INFO] PDC_SERVER[6]: Checking against Object 13000000000
[INFO] PDC_SERVER[6]: Checking against Object 12000000002
[INFO] PDC_SERVER[6]: Checking against Object 13000000001
[INFO] PDC_SERVER[6]: Checking against Object 14000000000
[INFO] PDC_SERVER[6]: Object 1000000001 NOT found in cache
[INFO] PDC_SERVER[6]: Fetching region from server for obj_id=1000000001
[INFO] PDC_SERVER[2]: Fetching region for obj_id=1000000001
[INFO] PDC_SERVER[2]: Checking against Object 10000000000
[INFO] PDC_SERVER[2]: Checking against Object 11000000000
[INFO] PDC_SERVER[2]: Checking against Object 12000000000
[INFO] PDC_SERVER[2]: Checking against Object 11000000001
[INFO] PDC_SERVER[2]: Checking against Object 12000000001
[INFO] PDC_SERVER[2]: Checking against Object 13000000000
[INFO] PDC_SERVER[2]: Checking against Object 12000000002
[INFO] PDC_SERVER[2]: Checking against Object 13000000001
[INFO] PDC_SERVER[2]: Checking against Object 14000000000
[INFO] PDC_SERVER[2]: Object 1000000001 NOT found in cache
[INFO] PDC_SERVER[2]: Fetching region from server for obj_id=1000000001
[INFO] PDC_SERVER[10]: Fetching region for obj_id=1000000001
[INFO] PDC_SERVER[10]: Checking against Object 10000000000
[13:37:21.293973] [WARNING] [pdc_tf_server.c:475] PDC_SERVER[13]: SCHED: done running transformations
[INFO] PDC_SERVER[10]: Checking against Object 11000000000
[INFO] PDC_SERVER[10]: Checking against Object 12000000000
[INFO] PDC_SERVER[10]: Checking against Object 11000000001
[INFO] PDC_SERVER[10]: Checking against Object 12000000001
[INFO] PDC_SERVER[10]: Checking against Object 13000000000
[INFO] PDC_SERVER[10]: Checking against Object 12000000002
[INFO] PDC_SERVER[10]: Checking against Object 13000000001
[INFO] PDC_SERVER[10]: Checking against Object 14000000000
[INFO] PDC_SERVER[10]: Object 1000000001 NOT found in cache
[INFO] PDC_SERVER[10]: Fetching region from server for obj_id=1000000001
[13:37:21.297610] [WARNING] [pdc_tf_server.c:475] PDC_SERVER[8]: SCHED: done running transformations
[13:37:21.298430] [WARNING] [pdc_tf_server.c:475] PDC_SERVER[15]: SCHED: done running transformations
[13:37:21.298686] [WARNING] [pdc_tf_server.c:475] PDC_SERVER[4]: SCHED: done running transformations
[INFO] PDC_SERVER[12]: Fetching region for obj_id=1000000001
[INFO] PDC_SERVER[12]: Checking against Object 10000000000
[INFO] PDC_SERVER[12]: Checking against Object 11000000000
[INFO] PDC_SERVER[12]: Checking against Object 12000000000
[INFO] PDC_SERVER[12]: Checking against Object 11000000001
[INFO] PDC_SERVER[12]: Checking against Object 12000000001
[INFO] PDC_SERVER[12]: Checking against Object 13000000000
[INFO] PDC_SERVER[12]: Checking against Object 12000000002
[INFO] PDC_SERVER[12]: Checking against Object 13000000001
[INFO] PDC_SERVER[12]: Checking against Object 14000000000
[INFO] PDC_SERVER[12]: Object 1000000001 NOT found in cache
[INFO] PDC_SERVER[12]: Fetching region from server for obj_id=1000000001
[INFO] PDC_SERVER[5]: Fetching region for obj_id=1000000001
[INFO] PDC_SERVER[5]: Checking against Object 10000000000
[INFO] PDC_SERVER[5]: Checking against Object 11000000000
[INFO] PDC_SERVER[5]: Checking against Object 12000000000
[INFO] PDC_SERVER[5]: Checking against Object 11000000001
[INFO] PDC_SERVER[5]: Checking against Object 12000000001
[INFO] PDC_SERVER[5]: Checking against Object 13000000000
[INFO] PDC_SERVER[5]: Checking against Object 12000000002
[INFO] PDC_SERVER[5]: Checking against Object 13000000001
[INFO] PDC_SERVER[5]: Checking against Object 14000000000
[INFO] PDC_SERVER[5]: Object 1000000001 NOT found in cache
[INFO] PDC_SERVER[5]: Fetching region from server for obj_id=1000000001
[INFO] PDC_SERVER[11]: Fetching region for obj_id=1000000001
[INFO] PDC_SERVER[11]: Checking against Object 10000000000
[INFO] PDC_SERVER[11]: Checking against Object 11000000000
[INFO] PDC_SERVER[11]: Checking against Object 12000000000
[INFO] PDC_SERVER[11]: Checking against Object 11000000001
[INFO] PDC_SERVER[11]: Checking against Object 12000000001
[INFO] PDC_SERVER[11]: Checking against Object 13000000000
[INFO] PDC_SERVER[11]: Checking against Object 12000000002
[INFO] PDC_SERVER[11]: Checking against Object 13000000001
[INFO] PDC_SERVER[11]: Checking against Object 14000000000
[INFO] PDC_SERVER[11]: Object 1000000001 NOT found in cache
[INFO] PDC_SERVER[11]: Fetching region from server for obj_id=1000000001
[INFO] PDC_SERVER[13]: Fetching region for obj_id=1000000001
[INFO] PDC_SERVER[13]: Checking against Object 10000000000
[INFO] PDC_SERVER[13]: Checking against Object 11000000000
[INFO] PDC_SERVER[13]: Checking against Object 12000000000
[INFO] PDC_SERVER[13]: Checking against Object 11000000001
[INFO] PDC_SERVER[13]: Checking against Object 12000000001
[INFO] PDC_SERVER[13]: Checking against Object 13000000000
[INFO] PDC_SERVER[13]: Checking against Object 12000000002
[INFO] PDC_SERVER[13]: Checking against Object 13000000001
[INFO] PDC_SERVER[13]: Checking against Object 14000000000
[INFO] PDC_SERVER[13]: Object 1000000001 NOT found in cache
[INFO] PDC_SERVER[13]: Fetching region from server for obj_id=1000000001
[INFO] PDC_SERVER[0]: Executing graph with json filepath /pscratch/sd/n/nlewi26/src/work_space/source/pdc/tf_client/graphs/zfp_gpu.json
[13:37:21.303603] [WARNING] [pdc_tf_server.c:393] PDC_SERVER[0]: SCHED: setting CUDA device to 0 for edge 0 func=zfp_decompress
[13:37:21.303615] [WARNING] [pdc_tf_server.c:401] PDC_SERVER[0]: SCHED: executing edge 0 func=zfp_decompress dev=GPU
[13:37:21.303909] [WARNING] [pdc_tf_server.c:393] PDC_SERVER[14]: SCHED: setting CUDA device to 0 for edge 0 func=zfp_decompress
[13:37:21.303949] [WARNING] [pdc_tf_server.c:401] PDC_SERVER[14]: SCHED: executing edge 0 func=zfp_decompress dev=GPU
[INFO] PDC_SERVER[4]: Fetching region for obj_id=1000000001
[INFO] PDC_SERVER[4]: Checking against Object 10000000000
[INFO] PDC_SERVER[4]: Checking against Object 11000000000
[INFO] PDC_SERVER[4]: Checking against Object 12000000000
[INFO] PDC_SERVER[4]: Checking against Object 11000000001
[INFO] PDC_SERVER[4]: Checking against Object 12000000001
[INFO] PDC_SERVER[4]: Checking against Object 13000000000
[INFO] PDC_SERVER[4]: Checking against Object 12000000002
[INFO] PDC_SERVER[4]: Checking against Object 13000000001
[INFO] PDC_SERVER[4]: Checking against Object 14000000000
[INFO] PDC_SERVER[4]: Object 1000000001 NOT found in cache
[INFO] PDC_SERVER[4]: Fetching region from server for obj_id=1000000001
[13:37:21.305801] [WARNING] [pdc_tf_server.c:393] PDC_SERVER[3]: SCHED: setting CUDA device to 0 for edge 0 func=zfp_decompress
[13:37:21.305822] [WARNING] [pdc_tf_server.c:401] PDC_SERVER[3]: SCHED: executing edge 0 func=zfp_decompress dev=GPU
[INFO] PDC_SERVER[8]: Fetching region for obj_id=1000000001
[INFO] PDC_SERVER[8]: Checking against Object 10000000000
[INFO] PDC_SERVER[8]: Checking against Object 11000000000
[INFO] PDC_SERVER[8]: Checking against Object 12000000000
[INFO] PDC_SERVER[8]: Checking against Object 11000000001
[INFO] PDC_SERVER[8]: Checking against Object 12000000001
[INFO] PDC_SERVER[8]: Checking against Object 13000000000
[INFO] PDC_SERVER[8]: Checking against Object 12000000002
[INFO] PDC_SERVER[8]: Checking against Object 13000000001
[INFO] PDC_SERVER[8]: Checking against Object 14000000000
[INFO] PDC_SERVER[8]: Object 1000000001 NOT found in cache
[INFO] PDC_SERVER[8]: Fetching region from server for obj_id=1000000001
[13:37:21.308478] [WARNING] [pdc_tf_server.c:393] PDC_SERVER[9]: SCHED: setting CUDA device to 0 for edge 0 func=zfp_decompress
[13:37:21.308680] [WARNING] [pdc_tf_server.c:401] PDC_SERVER[9]: SCHED: executing edge 0 func=zfp_decompress dev=GPU
[INFO] PDC_SERVER[15]: Fetching region for obj_id=1000000001
[INFO] PDC_SERVER[15]: Checking against Object 10000000000
[INFO] PDC_SERVER[15]: Checking against Object 11000000000
[INFO] PDC_SERVER[15]: Checking against Object 12000000000
[INFO] PDC_SERVER[15]: Checking against Object 11000000001
[INFO] PDC_SERVER[15]: Checking against Object 12000000001
[INFO] PDC_SERVER[15]: Checking against Object 13000000000
[INFO] PDC_SERVER[15]: Checking against Object 12000000002
[INFO] PDC_SERVER[15]: Checking against Object 13000000001
[INFO] PDC_SERVER[15]: Checking against Object 14000000000
[INFO] PDC_SERVER[15]: Object 1000000001 NOT found in cache
[INFO] PDC_SERVER[15]: Fetching region from server for obj_id=1000000001
[13:37:21.308991] [WARNING] [pdc_tf_server.c:393] PDC_SERVER[1]: SCHED: setting CUDA device to 0 for edge 0 func=zfp_decompress
[13:37:21.309020] [WARNING] [pdc_tf_server.c:401] PDC_SERVER[1]: SCHED: executing edge 0 func=zfp_decompress dev=GPU
[13:37:21.309738] [WARNING] [pdc_tf_server.c:393] PDC_SERVER[7]: SCHED: setting CUDA device to 0 for edge 0 func=zfp_decompress
[13:37:21.309762] [WARNING] [pdc_tf_server.c:401] PDC_SERVER[7]: SCHED: executing edge 0 func=zfp_decompress dev=GPU
[13:37:21.310194] [WARNING] [pdc_tf_server.c:393] PDC_SERVER[6]: SCHED: setting CUDA device to 0 for edge 0 func=zfp_decompress
[13:37:21.310212] [WARNING] [pdc_tf_server.c:401] PDC_SERVER[6]: SCHED: executing edge 0 func=zfp_decompress dev=GPU
[13:37:21.310975] [WARNING] [pdc_tf_server.c:393] PDC_SERVER[2]: SCHED: setting CUDA device to 0 for edge 0 func=zfp_decompress
[13:37:21.310991] [WARNING] [pdc_tf_server.c:401] PDC_SERVER[2]: SCHED: executing edge 0 func=zfp_decompress dev=GPU
[13:37:21.314458] [WARNING] [pdc_tf_server.c:393] PDC_SERVER[10]: SCHED: setting CUDA device to 0 for edge 0 func=zfp_decompress
[13:37:21.314477] [WARNING] [pdc_tf_server.c:401] PDC_SERVER[10]: SCHED: executing edge 0 func=zfp_decompress dev=GPU
[13:37:21.315658] [WARNING] [pdc_tf_server.c:475] PDC_SERVER[0]: SCHED: done running transformations
[13:37:21.315890] [WARNING] [pdc_tf_server.c:393] PDC_SERVER[12]: SCHED: setting CUDA device to 0 for edge 0 func=zfp_decompress
[13:37:21.315905] [WARNING] [pdc_tf_server.c:401] PDC_SERVER[12]: SCHED: executing edge 0 func=zfp_decompress dev=GPU
[13:37:21.317311] [WARNING] [pdc_tf_server.c:475] PDC_SERVER[14]: SCHED: done running transformations
[13:37:21.317994] [WARNING] [pdc_tf_server.c:393] PDC_SERVER[13]: SCHED: setting CUDA device to 0 for edge 0 func=zfp_decompress
[13:37:21.318008] [WARNING] [pdc_tf_server.c:401] PDC_SERVER[13]: SCHED: executing edge 0 func=zfp_decompress dev=GPU
[13:37:21.319897] [WARNING] [pdc_tf_server.c:393] PDC_SERVER[5]: SCHED: setting CUDA device to 0 for edge 0 func=zfp_decompress
[13:37:21.319920] [WARNING] [pdc_tf_server.c:401] PDC_SERVER[5]: SCHED: executing edge 0 func=zfp_decompress dev=GPU
[13:37:21.320783] [WARNING] [pdc_tf_server.c:475] PDC_SERVER[3]: SCHED: done running transformations
[INFO] PDC_SERVER[0]: Fetching region for obj_id=1000000001
[INFO] PDC_SERVER[0]: Checking against Object 10000000000
[INFO] PDC_SERVER[0]: Checking against Object 11000000000
[INFO] PDC_SERVER[0]: Checking against Object 12000000000
[INFO] PDC_SERVER[0]: Checking against Object 11000000001
[INFO] PDC_SERVER[0]: Checking against Object 12000000001
[INFO] PDC_SERVER[0]: Checking against Object 13000000000
[INFO] PDC_SERVER[0]: Checking against Object 12000000002
[INFO] PDC_SERVER[0]: Checking against Object 13000000001
[INFO] PDC_SERVER[0]: Checking against Object 14000000000
[INFO] PDC_SERVER[0]: Object 1000000001 NOT found in cache
[INFO] PDC_SERVER[0]: Fetching region from server for obj_id=1000000001
[INFO] PDC_SERVER[14]: Fetching region for obj_id=1000000001
[INFO] PDC_SERVER[14]: Checking against Object 10000000000
[INFO] PDC_SERVER[14]: Checking against Object 11000000000
[INFO] PDC_SERVER[14]: Checking against Object 12000000000
[INFO] PDC_SERVER[14]: Checking against Object 11000000001
[INFO] PDC_SERVER[14]: Checking against Object 12000000001
[INFO] PDC_SERVER[14]: Checking against Object 13000000000
[INFO] PDC_SERVER[14]: Checking against Object 12000000002
[INFO] PDC_SERVER[14]: Checking against Object 13000000001
[INFO] PDC_SERVER[14]: Checking against Object 14000000000
[INFO] PDC_SERVER[14]: Object 1000000001 NOT found in cache
[INFO] PDC_SERVER[14]: Fetching region from server for obj_id=1000000001
[13:37:21.324239] [WARNING] [pdc_tf_server.c:393] PDC_SERVER[4]: SCHED: setting CUDA device to 0 for edge 0 func=zfp_decompress
[13:37:21.324384] [WARNING] [pdc_tf_server.c:401] PDC_SERVER[4]: SCHED: executing edge 0 func=zfp_decompress dev=GPU
[13:37:21.324612] [WARNING] [pdc_tf_server.c:393] PDC_SERVER[8]: SCHED: setting CUDA device to 0 for edge 0 func=zfp_decompress
[13:37:21.324636] [WARNING] [pdc_tf_server.c:401] PDC_SERVER[8]: SCHED: executing edge 0 func=zfp_decompress dev=GPU
[13:37:21.325304] [WARNING] [pdc_tf_server.c:393] PDC_SERVER[15]: SCHED: setting CUDA device to 0 for edge 0 func=zfp_decompress
[13:37:21.325326] [WARNING] [pdc_tf_server.c:401] PDC_SERVER[15]: SCHED: executing edge 0 func=zfp_decompress dev=GPU
[13:37:21.326174] [WARNING] [pdc_tf_server.c:393] PDC_SERVER[11]: SCHED: setting CUDA device to 0 for edge 0 func=zfp_decompress
[13:37:21.326198] [WARNING] [pdc_tf_server.c:401] PDC_SERVER[11]: SCHED: executing edge 0 func=zfp_decompress dev=GPU
[INFO] PDC_SERVER[3]: Fetching region for obj_id=1000000001
[INFO] PDC_SERVER[3]: Checking against Object 10000000000
[INFO] PDC_SERVER[3]: Checking against Object 11000000000
[INFO] PDC_SERVER[3]: Checking against Object 12000000000
[INFO] PDC_SERVER[3]: Checking against Object 11000000001
[INFO] PDC_SERVER[3]: Checking against Object 12000000001
[INFO] PDC_SERVER[3]: Checking against Object 13000000000
[INFO] PDC_SERVER[3]: Checking against Object 12000000002
[INFO] PDC_SERVER[3]: Checking against Object 13000000001
[INFO] PDC_SERVER[3]: Checking against Object 14000000000
[INFO] PDC_SERVER[3]: Object 1000000001 NOT found in cache
[INFO] PDC_SERVER[3]: Fetching region from server for obj_id=1000000001
[13:37:21.330172] [WARNING] [pdc_tf_server.c:475] PDC_SERVER[7]: SCHED: done running transformations
[13:37:21.330324] [WARNING] [pdc_tf_server.c:475] PDC_SERVER[1]: SCHED: done running transformations
[13:37:21.333198] [WARNING] [pdc_tf_server.c:475] PDC_SERVER[2]: SCHED: done running transformations
[13:37:21.333554] [WARNING] [pdc_tf_server.c:475] PDC_SERVER[6]: SCHED: done running transformations
[13:37:21.334942] [WARNING] [pdc_tf_server.c:475] PDC_SERVER[9]: SCHED: done running transformations
[INFO] PDC_SERVER[7]: Fetching region for obj_id=1000000001
[INFO] PDC_SERVER[7]: Checking against Object 10000000000
[INFO] PDC_SERVER[7]: Checking against Object 11000000000
[INFO] PDC_SERVER[7]: Checking against Object 12000000000
[INFO] PDC_SERVER[7]: Checking against Object 11000000001
[INFO] PDC_SERVER[7]: Checking against Object 12000000001
[INFO] PDC_SERVER[7]: Checking against Object 13000000000
[INFO] PDC_SERVER[7]: Checking against Object 12000000002
[INFO] PDC_SERVER[7]: Checking against Object 13000000001
[INFO] PDC_SERVER[7]: Checking against Object 14000000000
[INFO] PDC_SERVER[7]: Object 1000000001 NOT found in cache
[INFO] PDC_SERVER[7]: Fetching region from server for obj_id=1000000001
[13:37:21.337358] [WARNING] [pdc_tf_server.c:475] PDC_SERVER[5]: SCHED: done running transformations
[13:37:21.338714] [WARNING] [pdc_tf_server.c:475] PDC_SERVER[4]: SCHED: done running transformations
[INFO] PDC_SERVER[0]: Executing graph with json filepath /pscratch/sd/n/nlewi26/src/work_space/source/pdc/tf_client/graphs/zfp_gpu.json
[13:37:21.338780] [WARNING] [pdc_tf_server.c:393] PDC_SERVER[0]: SCHED: setting CUDA device to 0 for edge 0 func=zfp_decompress
[13:37:21.338788] [WARNING] [pdc_tf_server.c:401] PDC_SERVER[0]: SCHED: executing edge 0 func=zfp_decompress dev=GPU
[INFO] PDC_SERVER[1]: Fetching region for obj_id=1000000001
[INFO] PDC_SERVER[1]: Checking against Object 10000000000
[INFO] PDC_SERVER[1]: Checking against Object 11000000000
[INFO] PDC_SERVER[1]: Checking against Object 12000000000
[INFO] PDC_SERVER[1]: Checking against Object 11000000001
[INFO] PDC_SERVER[1]: Checking against Object 12000000001
[INFO] PDC_SERVER[1]: Checking against Object 13000000000
[INFO] PDC_SERVER[1]: Checking against Object 12000000002
[INFO] PDC_SERVER[1]: Checking against Object 13000000001
[INFO] PDC_SERVER[1]: Checking against Object 14000000000
[INFO] PDC_SERVER[1]: Object 1000000001 NOT found in cache
[INFO] PDC_SERVER[1]: Fetching region from server for obj_id=1000000001
[13:37:21.340226] [WARNING] [pdc_tf_server.c:393] PDC_SERVER[14]: SCHED: setting CUDA device to 0 for edge 0 func=zfp_decompress
[13:37:21.340241] [WARNING] [pdc_tf_server.c:401] PDC_SERVER[14]: SCHED: executing edge 0 func=zfp_decompress dev=GPU
[INFO] PDC_SERVER[9]: Fetching region for obj_id=1000000001
[INFO] PDC_SERVER[9]: Checking against Object 10000000000
[INFO] PDC_SERVER[9]: Checking against Object 11000000000
[INFO] PDC_SERVER[9]: Checking against Object 12000000000
[INFO] PDC_SERVER[9]: Checking against Object 11000000001
[INFO] PDC_SERVER[9]: Checking against Object 12000000001
[INFO] PDC_SERVER[9]: Checking against Object 13000000000
[INFO] PDC_SERVER[9]: Checking against Object 12000000002
[INFO] PDC_SERVER[9]: Checking against Object 13000000001
[INFO] PDC_SERVER[9]: Checking against Object 14000000000
[INFO] PDC_SERVER[9]: Object 1000000001 NOT found in cache
[INFO] PDC_SERVER[9]: Fetching region from server for obj_id=1000000001
[13:37:21.341545] [WARNING] [pdc_tf_server.c:475] PDC_SERVER[12]: SCHED: done running transformations
[INFO] PDC_SERVER[2]: Fetching region for obj_id=1000000001
[INFO] PDC_SERVER[2]: Checking against Object 10000000000
[INFO] PDC_SERVER[2]: Checking against Object 11000000000
[INFO] PDC_SERVER[2]: Checking against Object 12000000000
[INFO] PDC_SERVER[2]: Checking against Object 11000000001
[INFO] PDC_SERVER[2]: Checking against Object 12000000001
[INFO] PDC_SERVER[2]: Checking against Object 13000000000
[INFO] PDC_SERVER[2]: Checking against Object 12000000002
[INFO] PDC_SERVER[2]: Checking against Object 13000000001
[INFO] PDC_SERVER[2]: Checking against Object 14000000000
[INFO] PDC_SERVER[2]: Object 1000000001 NOT found in cache
[INFO] PDC_SERVER[2]: Fetching region from server for obj_id=1000000001
[INFO] PDC_SERVER[6]: Fetching region for obj_id=1000000001
[INFO] PDC_SERVER[6]: Checking against Object 10000000000
[INFO] PDC_SERVER[6]: Checking against Object 11000000000
[INFO] PDC_SERVER[6]: Checking against Object 12000000000
[INFO] PDC_SERVER[6]: Checking against Object 11000000001
[INFO] PDC_SERVER[6]: Checking against Object 12000000001
[INFO] PDC_SERVER[6]: Checking against Object 13000000000
[INFO] PDC_SERVER[6]: Checking against Object 12000000002
[INFO] PDC_SERVER[6]: Checking against Object 13000000001
[INFO] PDC_SERVER[6]: Checking against Object 14000000000
[INFO] PDC_SERVER[6]: Object 1000000001 NOT found in cache
[INFO] PDC_SERVER[6]: Fetching region from server for obj_id=1000000001
[INFO] PDC_SERVER[5]: Fetching region for obj_id=1000000001
[INFO] PDC_SERVER[5]: Checking against Object 10000000000
[INFO] PDC_SERVER[5]: Checking against Object 11000000000
[INFO] PDC_SERVER[5]: Checking against Object 12000000000
[INFO] PDC_SERVER[5]: Checking against Object 11000000001
[INFO] PDC_SERVER[5]: Checking against Object 12000000001
[INFO] PDC_SERVER[5]: Checking against Object 13000000000
[INFO] PDC_SERVER[5]: Checking against Object 12000000002
[INFO] PDC_SERVER[5]: Checking against Object 13000000001
[INFO] PDC_SERVER[5]: Checking against Object 14000000000
[INFO] PDC_SERVER[5]: Object 1000000001 NOT found in cache
[INFO] PDC_SERVER[5]: Fetching region from server for obj_id=1000000001
[INFO] PDC_SERVER[4]: Fetching region for obj_id=1000000001
[INFO] PDC_SERVER[4]: Checking against Object 10000000000
[INFO] PDC_SERVER[4]: Checking against Object 11000000000
[INFO] PDC_SERVER[4]: Checking against Object 12000000000
[INFO] PDC_SERVER[4]: Checking against Object 11000000001
[INFO] PDC_SERVER[4]: Checking against Object 12000000001
[INFO] PDC_SERVER[4]: Checking against Object 13000000000
[INFO] PDC_SERVER[4]: Checking against Object 12000000002
[INFO] PDC_SERVER[4]: Checking against Object 13000000001
[INFO] PDC_SERVER[4]: Checking against Object 14000000000
[INFO] PDC_SERVER[4]: Object 1000000001 NOT found in cache
[INFO] PDC_SERVER[4]: Fetching region from server for obj_id=1000000001
[INFO] PDC_SERVER[12]: Fetching region for obj_id=1000000001
[INFO] PDC_SERVER[12]: Checking against Object 10000000000
[INFO] PDC_SERVER[12]: Checking against Object 11000000000
[INFO] PDC_SERVER[12]: Checking against Object 12000000000
[INFO] PDC_SERVER[12]: Checking against Object 11000000001
[INFO] PDC_SERVER[12]: Checking against Object 12000000001
[INFO] PDC_SERVER[12]: Checking against Object 13000000000
[INFO] PDC_SERVER[12]: Checking against Object 12000000002
[INFO] PDC_SERVER[12]: Checking against Object 13000000001
[INFO] PDC_SERVER[12]: Checking against Object 14000000000
[INFO] PDC_SERVER[12]: Object 1000000001 NOT found in cache
[INFO] PDC_SERVER[12]: Fetching region from server for obj_id=1000000001
[13:37:21.347118] [WARNING] [pdc_tf_server.c:393] PDC_SERVER[3]: SCHED: setting CUDA device to 0 for edge 0 func=zfp_decompress
[13:37:21.347164] [WARNING] [pdc_tf_server.c:401] PDC_SERVER[3]: SCHED: executing edge 0 func=zfp_decompress dev=GPU
[13:37:21.347767] [WARNING] [pdc_tf_server.c:475] PDC_SERVER[13]: SCHED: done running transformations
[INFO] PDC_SERVER[13]: Fetching region for obj_id=1000000001
[INFO] PDC_SERVER[13]: Checking against Object 10000000000
[INFO] PDC_SERVER[13]: Checking against Object 11000000000
[INFO] PDC_SERVER[13]: Checking against Object 12000000000
[INFO] PDC_SERVER[13]: Checking against Object 11000000001
[INFO] PDC_SERVER[13]: Checking against Object 12000000001
[INFO] PDC_SERVER[13]: Checking against Object 13000000000
[INFO] PDC_SERVER[13]: Checking against Object 12000000002
[INFO] PDC_SERVER[13]: Checking against Object 13000000001
[INFO] PDC_SERVER[13]: Checking against Object 14000000000
[INFO] PDC_SERVER[13]: Object 1000000001 NOT found in cache
[INFO] PDC_SERVER[13]: Fetching region from server for obj_id=1000000001
[13:37:21.355026] [WARNING] [pdc_tf_server.c:475] PDC_SERVER[10]: SCHED: done running transformations
[13:37:21.354996] [WARNING] [pdc_tf_server.c:393] PDC_SERVER[7]: SCHED: setting CUDA device to 0 for edge 0 func=zfp_decompress
[13:37:21.355017] [WARNING] [pdc_tf_server.c:401] PDC_SERVER[7]: SCHED: executing edge 0 func=zfp_decompress dev=GPU
[13:37:21.358234] [WARNING] [pdc_tf_server.c:393] PDC_SERVER[9]: SCHED: setting CUDA device to 0 for edge 0 func=zfp_decompress
[13:37:21.358254] [WARNING] [pdc_tf_server.c:401] PDC_SERVER[9]: SCHED: executing edge 0 func=zfp_decompress dev=GPU
[13:37:21.359752] [WARNING] [pdc_tf_server.c:475] PDC_SERVER[11]: SCHED: done running transformations
[13:37:21.359813] [WARNING] [pdc_tf_server.c:475] PDC_SERVER[15]: SCHED: done running transformations
[13:37:21.360211] [WARNING] [pdc_tf_server.c:475] PDC_SERVER[8]: SCHED: done running transformations
[13:37:21.360508] [WARNING] [pdc_tf_server.c:393] PDC_SERVER[4]: SCHED: setting CUDA device to 0 for edge 0 func=zfp_decompress
[13:37:21.360524] [WARNING] [pdc_tf_server.c:401] PDC_SERVER[4]: SCHED: executing edge 0 func=zfp_decompress dev=GPU
[13:37:21.360673] [WARNING] [pdc_tf_server.c:393] PDC_SERVER[2]: SCHED: setting CUDA device to 0 for edge 0 func=zfp_decompress
[13:37:21.360699] [WARNING] [pdc_tf_server.c:401] PDC_SERVER[2]: SCHED: executing edge 0 func=zfp_decompress dev=GPU
[13:37:21.360833] [WARNING] [pdc_tf_server.c:393] PDC_SERVER[6]: SCHED: setting CUDA device to 0 for edge 0 func=zfp_decompress
[13:37:21.360848] [WARNING] [pdc_tf_server.c:401] PDC_SERVER[6]: SCHED: executing edge 0 func=zfp_decompress dev=GPU
[INFO] PDC_SERVER[10]: Fetching region for obj_id=1000000001
[INFO] PDC_SERVER[10]: Checking against Object 10000000000
[INFO] PDC_SERVER[10]: Checking against Object 11000000000
[INFO] PDC_SERVER[10]: Checking against Object 12000000000
[INFO] PDC_SERVER[10]: Checking against Object 11000000001
[INFO] PDC_SERVER[10]: Checking against Object 12000000001
[INFO] PDC_SERVER[10]: Checking against Object 13000000000
[INFO] PDC_SERVER[10]: Checking against Object 12000000002
[INFO] PDC_SERVER[10]: Checking against Object 13000000001
[INFO] PDC_SERVER[10]: Checking against Object 14000000000
[INFO] PDC_SERVER[10]: Object 1000000001 NOT found in cache
[INFO] PDC_SERVER[10]: Fetching region from server for obj_id=1000000001
[13:37:21.361615] [WARNING] [pdc_tf_server.c:475] PDC_SERVER[0]: SCHED: done running transformations
[13:37:21.361870] [WARNING] [pdc_tf_server.c:393] PDC_SERVER[5]: SCHED: setting CUDA device to 0 for edge 0 func=zfp_decompress
[13:37:21.361887] [WARNING] [pdc_tf_server.c:401] PDC_SERVER[5]: SCHED: executing edge 0 func=zfp_decompress dev=GPU
[13:37:21.362727] [WARNING] [pdc_tf_server.c:393] PDC_SERVER[12]: SCHED: setting CUDA device to 0 for edge 0 func=zfp_decompress
[13:37:21.362740] [WARNING] [pdc_tf_server.c:401] PDC_SERVER[12]: SCHED: executing edge 0 func=zfp_decompress dev=GPU
[13:37:21.363274] [WARNING] [pdc_tf_server.c:393] PDC_SERVER[1]: SCHED: setting CUDA device to 0 for edge 0 func=zfp_decompress
[13:37:21.363295] [WARNING] [pdc_tf_server.c:401] PDC_SERVER[1]: SCHED: executing edge 0 func=zfp_decompress dev=GPU
[INFO] PDC_SERVER[15]: Fetching region for obj_id=1000000001
[INFO] PDC_SERVER[15]: Checking against Object 10000000000
[INFO] PDC_SERVER[15]: Checking against Object 11000000000
[INFO] PDC_SERVER[15]: Checking against Object 12000000000
[INFO] PDC_SERVER[15]: Checking against Object 11000000001
[INFO] PDC_SERVER[15]: Checking against Object 12000000001
[INFO] PDC_SERVER[15]: Checking against Object 13000000000
[INFO] PDC_SERVER[15]: Checking against Object 12000000002
[INFO] PDC_SERVER[15]: Checking against Object 13000000001
[INFO] PDC_SERVER[15]: Checking against Object 14000000000
[INFO] PDC_SERVER[15]: Object 1000000001 NOT found in cache
[INFO] PDC_SERVER[15]: Fetching region from server for obj_id=1000000001
[INFO] PDC_SERVER[11]: Fetching region for obj_id=1000000001
[INFO] PDC_SERVER[11]: Checking against Object 10000000000
[INFO] PDC_SERVER[11]: Checking against Object 11000000000
[INFO] PDC_SERVER[11]: Checking against Object 12000000000
[INFO] PDC_SERVER[11]: Checking against Object 11000000001
[INFO] PDC_SERVER[11]: Checking against Object 12000000001
[INFO] PDC_SERVER[11]: Checking against Object 13000000000
[INFO] PDC_SERVER[11]: Checking against Object 12000000002
[INFO] PDC_SERVER[11]: Checking against Object 13000000001
[INFO] PDC_SERVER[11]: Checking against Object 14000000000
[INFO] PDC_SERVER[11]: Object 1000000001 NOT found in cache
[INFO] PDC_SERVER[11]: Fetching region from server for obj_id=1000000001
[INFO] PDC_SERVER[0]: Fetching region for obj_id=1000000001
[INFO] PDC_SERVER[0]: Checking against Object 10000000000
[INFO] PDC_SERVER[0]: Checking against Object 11000000000
[INFO] PDC_SERVER[0]: Checking against Object 12000000000
[INFO] PDC_SERVER[0]: Checking against Object 11000000001
[INFO] PDC_SERVER[0]: Checking against Object 12000000001
[INFO] PDC_SERVER[0]: Checking against Object 13000000000
[INFO] PDC_SERVER[0]: Checking against Object 12000000002
[INFO] PDC_SERVER[0]: Checking against Object 13000000001
[INFO] PDC_SERVER[0]: Checking against Object 14000000000
[INFO] PDC_SERVER[0]: Object 1000000001 NOT found in cache
[INFO] PDC_SERVER[0]: Fetching region from server for obj_id=1000000001
[INFO] PDC_SERVER[8]: Fetching region for obj_id=1000000001
[INFO] PDC_SERVER[8]: Checking against Object 10000000000
[INFO] PDC_SERVER[8]: Checking against Object 11000000000
[INFO] PDC_SERVER[8]: Checking against Object 12000000000
[INFO] PDC_SERVER[8]: Checking against Object 11000000001
[INFO] PDC_SERVER[8]: Checking against Object 12000000001
[INFO] PDC_SERVER[8]: Checking against Object 13000000000
[INFO] PDC_SERVER[8]: Checking against Object 12000000002
[INFO] PDC_SERVER[8]: Checking against Object 13000000001
[INFO] PDC_SERVER[8]: Checking against Object 14000000000
[INFO] PDC_SERVER[8]: Object 1000000001 NOT found in cache
[INFO] PDC_SERVER[8]: Fetching region from server for obj_id=1000000001
[13:37:21.370343] [WARNING] [pdc_tf_server.c:393] PDC_SERVER[13]: SCHED: setting CUDA device to 0 for edge 0 func=zfp_decompress
[13:37:21.370358] [WARNING] [pdc_tf_server.c:401] PDC_SERVER[13]: SCHED: executing edge 0 func=zfp_decompress dev=GPU
[13:37:21.379033] [WARNING] [pdc_tf_server.c:475] PDC_SERVER[3]: SCHED: done running transformations
[13:37:21.379987] [WARNING] [pdc_tf_server.c:393] PDC_SERVER[10]: SCHED: setting CUDA device to 0 for edge 0 func=zfp_decompress
[13:37:21.380004] [WARNING] [pdc_tf_server.c:401] PDC_SERVER[10]: SCHED: executing edge 0 func=zfp_decompress dev=GPU
[13:37:21.380075] [WARNING] [pdc_tf_server.c:475] PDC_SERVER[14]: SCHED: done running transformations
[13:37:21.381628] [WARNING] [pdc_tf_server.c:393] PDC_SERVER[15]: SCHED: setting CUDA device to 0 for edge 0 func=zfp_decompress
[13:37:21.381641] [WARNING] [pdc_tf_server.c:401] PDC_SERVER[15]: SCHED: executing edge 0 func=zfp_decompress dev=GPU
[13:37:21.382545] [WARNING] [pdc_tf_server.c:393] PDC_SERVER[11]: SCHED: setting CUDA device to 0 for edge 0 func=zfp_decompress
[13:37:21.382566] [WARNING] [pdc_tf_server.c:401] PDC_SERVER[11]: SCHED: executing edge 0 func=zfp_decompress dev=GPU
[INFO] PDC_SERVER[0]: Executing graph with json filepath /pscratch/sd/n/nlewi26/src/work_space/source/pdc/tf_client/graphs/zfp_gpu.json
[13:37:21.383914] [WARNING] [pdc_tf_server.c:393] PDC_SERVER[0]: SCHED: setting CUDA device to 0 for edge 0 func=zfp_decompress
[13:37:21.383923] [WARNING] [pdc_tf_server.c:401] PDC_SERVER[0]: SCHED: executing edge 0 func=zfp_decompress dev=GPU
[13:37:21.384557] [WARNING] [pdc_tf_server.c:475] PDC_SERVER[7]: SCHED: done running transformations
[13:37:21.384992] [WARNING] [pdc_tf_server.c:393] PDC_SERVER[8]: SCHED: setting CUDA device to 0 for edge 0 func=zfp_decompress
[13:37:21.385009] [WARNING] [pdc_tf_server.c:401] PDC_SERVER[8]: SCHED: executing edge 0 func=zfp_decompress dev=GPU
[INFO] PDC_SERVER[3]: Fetching region for obj_id=1000000001
[INFO] PDC_SERVER[3]: Checking against Object 10000000000
[INFO] PDC_SERVER[3]: Checking against Object 11000000000
[INFO] PDC_SERVER[3]: Checking against Object 12000000000
[INFO] PDC_SERVER[3]: Checking against Object 11000000001
[INFO] PDC_SERVER[3]: Checking against Object 12000000001
[INFO] PDC_SERVER[14]: Fetching region for obj_id=1000000001
[INFO] PDC_SERVER[14]: Checking against Object 10000000000
[INFO] PDC_SERVER[14]: Checking against Object 11000000000
[INFO] PDC_SERVER[3]: Checking against Object 13000000000
[INFO] PDC_SERVER[3]: Checking against Object 12000000002
[INFO] PDC_SERVER[3]: Checking against Object 13000000001
[INFO] PDC_SERVER[3]: Checking against Object 14000000000
[INFO] PDC_SERVER[3]: Object 1000000001 NOT found in cache
[INFO] PDC_SERVER[3]: Fetching region from server for obj_id=1000000001
[INFO] PDC_SERVER[14]: Checking against Object 12000000000
[INFO] PDC_SERVER[14]: Checking against Object 11000000001
[INFO] PDC_SERVER[14]: Checking against Object 12000000001
[INFO] PDC_SERVER[14]: Checking against Object 13000000000
[INFO] PDC_SERVER[14]: Checking against Object 12000000002
[INFO] PDC_SERVER[14]: Checking against Object 13000000001
[INFO] PDC_SERVER[14]: Checking against Object 14000000000
[INFO] PDC_SERVER[14]: Object 1000000001 NOT found in cache
[INFO] PDC_SERVER[14]: Fetching region from server for obj_id=1000000001
[INFO] PDC_SERVER[7]: Fetching region for obj_id=1000000001
[INFO] PDC_SERVER[7]: Checking against Object 10000000000
[INFO] PDC_SERVER[7]: Checking against Object 11000000000
[INFO] PDC_SERVER[7]: Checking against Object 12000000000
[INFO] PDC_SERVER[7]: Checking against Object 11000000001
[INFO] PDC_SERVER[7]: Checking against Object 12000000001
[INFO] PDC_SERVER[7]: Checking against Object 13000000000
[INFO] PDC_SERVER[7]: Checking against Object 12000000002
[INFO] PDC_SERVER[7]: Checking against Object 13000000001
[INFO] PDC_SERVER[7]: Checking against Object 14000000000
[INFO] PDC_SERVER[7]: Object 1000000001 NOT found in cache
[INFO] PDC_SERVER[7]: Fetching region from server for obj_id=1000000001
[13:37:21.391676] [WARNING] [pdc_tf_server.c:475] PDC_SERVER[9]: SCHED: done running transformations
[13:37:21.393188] [WARNING] [pdc_tf_server.c:475] PDC_SERVER[12]: SCHED: done running transformations
[INFO] PDC_SERVER[9]: Fetching region for obj_id=1000000001
[INFO] PDC_SERVER[9]: Checking against Object 10000000000
[INFO] PDC_SERVER[9]: Checking against Object 11000000000
[INFO] PDC_SERVER[9]: Checking against Object 12000000000
[INFO] PDC_SERVER[9]: Checking against Object 11000000001
[INFO] PDC_SERVER[9]: Checking against Object 12000000001
[INFO] PDC_SERVER[9]: Checking against Object 13000000000
[INFO] PDC_SERVER[9]: Checking against Object 12000000002
[INFO] PDC_SERVER[9]: Checking against Object 13000000001
[INFO] PDC_SERVER[9]: Checking against Object 14000000000
[INFO] PDC_SERVER[9]: Object 1000000001 NOT found in cache
[INFO] PDC_SERVER[9]: Fetching region from server for obj_id=1000000001
[13:37:21.397989] [WARNING] [pdc_tf_server.c:475] PDC_SERVER[13]: SCHED: done running transformations
[13:37:21.398310] [WARNING] [pdc_tf_server.c:475] PDC_SERVER[4]: SCHED: done running transformations
[13:37:21.398385] [WARNING] [pdc_tf_server.c:475] PDC_SERVER[1]: SCHED: done running transformations
[INFO] PDC_SERVER[12]: Fetching region for obj_id=1000000001
[INFO] PDC_SERVER[12]: Checking against Object 10000000000
[INFO] PDC_SERVER[12]: Checking against Object 11000000000
[INFO] PDC_SERVER[12]: Checking against Object 12000000000
[INFO] PDC_SERVER[12]: Checking against Object 11000000001
[INFO] PDC_SERVER[12]: Checking against Object 12000000001
[INFO] PDC_SERVER[12]: Checking against Object 13000000000
[INFO] PDC_SERVER[12]: Checking against Object 12000000002
[INFO] PDC_SERVER[12]: Checking against Object 13000000001
[INFO] PDC_SERVER[12]: Checking against Object 14000000000
[INFO] PDC_SERVER[12]: Object 1000000001 NOT found in cache
[INFO] PDC_SERVER[12]: Fetching region from server for obj_id=1000000001
[13:37:21.401745] [WARNING] [pdc_tf_server.c:393] PDC_SERVER[14]: SCHED: setting CUDA device to 0 for edge 0 func=zfp_decompress
[13:37:21.401768] [WARNING] [pdc_tf_server.c:475] PDC_SERVER[6]: SCHED: done running transformations
[13:37:21.401764] [WARNING] [pdc_tf_server.c:401] PDC_SERVER[14]: SCHED: executing edge 0 func=zfp_decompress dev=GPU
[13:37:21.402169] [WARNING] [pdc_tf_server.c:393] PDC_SERVER[3]: SCHED: setting CUDA device to 0 for edge 0 func=zfp_decompress
[13:37:21.402187] [WARNING] [pdc_tf_server.c:401] PDC_SERVER[3]: SCHED: executing edge 0 func=zfp_decompress dev=GPU
[INFO] PDC_SERVER[13]: Fetching region for obj_id=1000000001
[INFO] PDC_SERVER[13]: Checking against Object 10000000000
[INFO] PDC_SERVER[13]: Checking against Object 11000000000
[INFO] PDC_SERVER[13]: Checking against Object 12000000000
[INFO] PDC_SERVER[13]: Checking against Object 11000000001
[INFO] PDC_SERVER[13]: Checking against Object 12000000001
[INFO] PDC_SERVER[13]: Checking against Object 13000000000
[INFO] PDC_SERVER[13]: Checking against Object 12000000002
[INFO] PDC_SERVER[13]: Checking against Object 13000000001
[INFO] PDC_SERVER[13]: Checking against Object 14000000000
[INFO] PDC_SERVER[13]: Object 1000000001 NOT found in cache
[INFO] PDC_SERVER[13]: Fetching region from server for obj_id=1000000001
[INFO] PDC_SERVER[4]: Fetching region for obj_id=1000000001
[INFO] PDC_SERVER[4]: Checking against Object 10000000000
[INFO] PDC_SERVER[4]: Checking against Object 11000000000
[INFO] PDC_SERVER[4]: Checking against Object 12000000000
[INFO] PDC_SERVER[4]: Checking against Object 11000000001
[INFO] PDC_SERVER[4]: Checking against Object 12000000001
[INFO] PDC_SERVER[4]: Checking against Object 13000000000
[INFO] PDC_SERVER[4]: Checking against Object 12000000002
[INFO] PDC_SERVER[4]: Checking against Object 13000000001
[INFO] PDC_SERVER[4]: Checking against Object 14000000000
[INFO] PDC_SERVER[4]: Object 1000000001 NOT found in cache
[INFO] PDC_SERVER[4]: Fetching region from server for obj_id=1000000001
[INFO] PDC_SERVER[1]: Fetching region for obj_id=1000000001
[INFO] PDC_SERVER[1]: Checking against Object 10000000000
[INFO] PDC_SERVER[1]: Checking against Object 11000000000
[INFO] PDC_SERVER[1]: Checking against Object 12000000000
[INFO] PDC_SERVER[1]: Checking against Object 11000000001
[INFO] PDC_SERVER[1]: Checking against Object 12000000001
[INFO] PDC_SERVER[1]: Checking against Object 13000000000
[INFO] PDC_SERVER[1]: Checking against Object 12000000002
[INFO] PDC_SERVER[1]: Checking against Object 13000000001
[INFO] PDC_SERVER[1]: Checking against Object 14000000000
[INFO] PDC_SERVER[1]: Object 1000000001 NOT found in cache
[INFO] PDC_SERVER[1]: Fetching region from server for obj_id=1000000001
[13:37:21.407192] [WARNING] [pdc_tf_server.c:393] PDC_SERVER[7]: SCHED: setting CUDA device to 0 for edge 0 func=zfp_decompress
[13:37:21.407233] [WARNING] [pdc_tf_server.c:401] PDC_SERVER[7]: SCHED: executing edge 0 func=zfp_decompress dev=GPU
[INFO] PDC_SERVER[6]: Fetching region for obj_id=1000000001
[INFO] PDC_SERVER[6]: Checking against Object 10000000000
[INFO] PDC_SERVER[6]: Checking against Object 11000000000
[INFO] PDC_SERVER[6]: Checking against Object 12000000000
[INFO] PDC_SERVER[6]: Checking against Object 11000000001
[INFO] PDC_SERVER[6]: Checking against Object 12000000001
[INFO] PDC_SERVER[6]: Checking against Object 13000000000
[INFO] PDC_SERVER[6]: Checking against Object 12000000002
[INFO] PDC_SERVER[6]: Checking against Object 13000000001
[INFO] PDC_SERVER[6]: Checking against Object 14000000000
[INFO] PDC_SERVER[6]: Object 1000000001 NOT found in cache
[INFO] PDC_SERVER[6]: Fetching region from server for obj_id=1000000001
[13:37:21.414309] [WARNING] [pdc_tf_server.c:475] PDC_SERVER[10]: SCHED: done running transformations
[13:37:21.414365] [WARNING] [pdc_tf_server.c:475] PDC_SERVER[11]: SCHED: done running transformations
[13:37:21.415287] [WARNING] [pdc_tf_server.c:393] PDC_SERVER[9]: SCHED: setting CUDA device to 0 for edge 0 func=zfp_decompress
[13:37:21.415308] [WARNING] [pdc_tf_server.c:401] PDC_SERVER[9]: SCHED: executing edge 0 func=zfp_decompress dev=GPU
[13:37:21.416521] [WARNING] [pdc_tf_server.c:393] PDC_SERVER[12]: SCHED: setting CUDA device to 0 for edge 0 func=zfp_decompress
[13:37:21.416538] [WARNING] [pdc_tf_server.c:401] PDC_SERVER[12]: SCHED: executing edge 0 func=zfp_decompress dev=GPU
[13:37:21.417608] [WARNING] [pdc_tf_server.c:475] PDC_SERVER[5]: SCHED: done running transformations
[13:37:21.417966] [WARNING] [pdc_tf_server.c:475] PDC_SERVER[0]: SCHED: done running transformations
[13:37:21.419314] [WARNING] [pdc_tf_server.c:475] PDC_SERVER[15]: SCHED: done running transformations
[INFO] PDC_SERVER[10]: Fetching region for obj_id=1000000001
[INFO] PDC_SERVER[10]: Checking against Object 10000000000
[INFO] PDC_SERVER[10]: Checking against Object 11000000000
[INFO] PDC_SERVER[10]: Checking against Object 12000000000
[INFO] PDC_SERVER[10]: Checking against Object 11000000001
[INFO] PDC_SERVER[10]: Checking against Object 12000000001
[INFO] PDC_SERVER[10]: Checking against Object 13000000000
[INFO] PDC_SERVER[10]: Checking against Object 12000000002
[INFO] PDC_SERVER[10]: Checking against Object 13000000001
[INFO] PDC_SERVER[10]: Checking against Object 14000000000
[INFO] PDC_SERVER[10]: Object 1000000001 NOT found in cache
[INFO] PDC_SERVER[10]: Fetching region from server for obj_id=1000000001
[13:37:21.420087] [WARNING] [pdc_tf_server.c:475] PDC_SERVER[2]: SCHED: done running transformations
[INFO] PDC_SERVER[11]: Fetching region for obj_id=1000000001
[INFO] PDC_SERVER[11]: Checking against Object 10000000000
[INFO] PDC_SERVER[11]: Checking against Object 11000000000
[INFO] PDC_SERVER[11]: Checking against Object 12000000000
[INFO] PDC_SERVER[11]: Checking against Object 11000000001
[INFO] PDC_SERVER[11]: Checking against Object 12000000001
[INFO] PDC_SERVER[11]: Checking against Object 13000000000
[INFO] PDC_SERVER[11]: Checking against Object 12000000002
[INFO] PDC_SERVER[11]: Checking against Object 13000000001
[INFO] PDC_SERVER[11]: Checking against Object 14000000000
[INFO] PDC_SERVER[11]: Object 1000000001 NOT found in cache
[INFO] PDC_SERVER[11]: Fetching region from server for obj_id=1000000001
[13:37:21.420618] [WARNING] [pdc_tf_server.c:475] PDC_SERVER[8]: SCHED: done running transformations
[13:37:21.421138] [WARNING] [pdc_tf_server.c:393] PDC_SERVER[13]: SCHED: setting CUDA device to 0 for edge 0 func=zfp_decompress
[13:37:21.421161] [WARNING] [pdc_tf_server.c:401] PDC_SERVER[13]: SCHED: executing edge 0 func=zfp_decompress dev=GPU
[13:37:21.421565] [WARNING] [pdc_tf_server.c:475] PDC_SERVER[14]: SCHED: done running transformations
[INFO] PDC_SERVER[5]: Fetching region for obj_id=1000000001
[INFO] PDC_SERVER[5]: Checking against Object 10000000000
[INFO] PDC_SERVER[5]: Checking against Object 11000000000
[INFO] PDC_SERVER[5]: Checking against Object 12000000000
[INFO] PDC_SERVER[5]: Checking against Object 11000000001
[INFO] PDC_SERVER[5]: Checking against Object 12000000001
[INFO] PDC_SERVER[5]: Checking against Object 13000000000
[INFO] PDC_SERVER[5]: Checking against Object 12000000002
[INFO] PDC_SERVER[5]: Checking against Object 13000000001
[INFO] PDC_SERVER[5]: Checking against Object 14000000000
[INFO] PDC_SERVER[5]: Object 1000000001 NOT found in cache
[INFO] PDC_SERVER[5]: Fetching region from server for obj_id=1000000001
[13:37:21.426035] [WARNING] [pdc_tf_server.c:393] PDC_SERVER[6]: SCHED: setting CUDA device to 0 for edge 0 func=zfp_decompress
[13:37:21.426089] [WARNING] [pdc_tf_server.c:401] PDC_SERVER[6]: SCHED: executing edge 0 func=zfp_decompress dev=GPU
[INFO] PDC_SERVER[15]: Fetching region for obj_id=1000000001
[INFO] PDC_SERVER[15]: Checking against Object 10000000000
[INFO] PDC_SERVER[15]: Checking against Object 11000000000
[INFO] PDC_SERVER[15]: Checking against Object 12000000000
[INFO] PDC_SERVER[15]: Checking against Object 11000000001
[INFO] PDC_SERVER[15]: Checking against Object 12000000001
[INFO] PDC_SERVER[15]: Checking against Object 13000000000
[INFO] PDC_SERVER[15]: Checking against Object 12000000002
[INFO] PDC_SERVER[15]: Checking against Object 13000000001
[INFO] PDC_SERVER[15]: Checking against Object 14000000000
[INFO] PDC_SERVER[15]: Object 1000000001 NOT found in cache
[INFO] PDC_SERVER[15]: Fetching region from server for obj_id=1000000001
[INFO] PDC_SERVER[2]: Fetching region for obj_id=1000000001
[INFO] PDC_SERVER[2]: Checking against Object 10000000000
[INFO] PDC_SERVER[2]: Checking against Object 11000000000
[INFO] PDC_SERVER[2]: Checking against Object 12000000000
[INFO] PDC_SERVER[2]: Checking against Object 11000000001
[INFO] PDC_SERVER[2]: Checking against Object 12000000001
[INFO] PDC_SERVER[2]: Checking against Object 13000000000
[INFO] PDC_SERVER[2]: Checking against Object 12000000002
[INFO] PDC_SERVER[2]: Checking against Object 13000000001
[INFO] PDC_SERVER[2]: Checking against Object 14000000000
[INFO] PDC_SERVER[2]: Object 1000000001 NOT found in cache
[INFO] PDC_SERVER[2]: Fetching region from server for obj_id=1000000001
[13:37:21.427897] [WARNING] [pdc_tf_server.c:393] PDC_SERVER[4]: SCHED: setting CUDA device to 0 for edge 0 func=zfp_decompress
[13:37:21.427921] [WARNING] [pdc_tf_server.c:401] PDC_SERVER[4]: SCHED: executing edge 0 func=zfp_decompress dev=GPU
[INFO] PDC_SERVER[8]: Fetching region for obj_id=1000000001
[INFO] PDC_SERVER[8]: Checking against Object 10000000000
[INFO] PDC_SERVER[8]: Checking against Object 11000000000
[INFO] PDC_SERVER[8]: Checking against Object 12000000000
[INFO] PDC_SERVER[8]: Checking against Object 11000000001
[INFO] PDC_SERVER[8]: Checking against Object 12000000001
[INFO] PDC_SERVER[8]: Checking against Object 13000000000
[INFO] PDC_SERVER[8]: Checking against Object 12000000002
[INFO] PDC_SERVER[8]: Checking against Object 13000000001
[INFO] PDC_SERVER[8]: Checking against Object 14000000000
[INFO] PDC_SERVER[8]: Object 1000000001 NOT found in cache
[INFO] PDC_SERVER[8]: Fetching region from server for obj_id=1000000001
[13:37:21.431331] [WARNING] [pdc_tf_server.c:393] PDC_SERVER[1]: SCHED: setting CUDA device to 0 for edge 0 func=zfp_decompress
[13:37:21.431350] [WARNING] [pdc_tf_server.c:401] PDC_SERVER[1]: SCHED: executing edge 0 func=zfp_decompress dev=GPU
[13:37:21.433299] [WARNING] [pdc_tf_server.c:475] PDC_SERVER[12]: SCHED: done running transformations
[13:37:21.438136] [WARNING] [pdc_tf_server.c:393] PDC_SERVER[10]: SCHED: setting CUDA device to 0 for edge 0 func=zfp_decompress
[13:37:21.438176] [WARNING] [pdc_tf_server.c:401] PDC_SERVER[10]: SCHED: executing edge 0 func=zfp_decompress dev=GPU
[13:37:21.440034] [WARNING] [pdc_tf_server.c:475] PDC_SERVER[9]: SCHED: done running transformations
[13:37:21.442951] [WARNING] [pdc_tf_server.c:393] PDC_SERVER[5]: SCHED: setting CUDA device to 0 for edge 0 func=zfp_decompress
[13:37:21.442972] [WARNING] [pdc_tf_server.c:401] PDC_SERVER[5]: SCHED: executing edge 0 func=zfp_decompress dev=GPU
[13:37:21.443862] [WARNING] [pdc_tf_server.c:393] PDC_SERVER[15]: SCHED: setting CUDA device to 0 for edge 0 func=zfp_decompress
[13:37:21.443883] [WARNING] [pdc_tf_server.c:401] PDC_SERVER[15]: SCHED: executing edge 0 func=zfp_decompress dev=GPU
[13:37:21.445236] [WARNING] [pdc_tf_server.c:393] PDC_SERVER[11]: SCHED: setting CUDA device to 0 for edge 0 func=zfp_decompress
[13:37:21.445274] [WARNING] [pdc_tf_server.c:401] PDC_SERVER[11]: SCHED: executing edge 0 func=zfp_decompress dev=GPU
[13:37:21.446564] [WARNING] [pdc_tf_server.c:475] PDC_SERVER[13]: SCHED: done running transformations
[13:37:21.446583] [WARNING] [pdc_tf_server.c:475] PDC_SERVER[7]: SCHED: done running transformations
[13:37:21.450010] [WARNING] [pdc_tf_server.c:475] PDC_SERVER[10]: SCHED: done running transformations
[13:37:21.450580] [WARNING] [pdc_tf_server.c:393] PDC_SERVER[8]: SCHED: setting CUDA device to 0 for edge 0 func=zfp_decompress
[13:37:21.450604] [WARNING] [pdc_tf_server.c:401] PDC_SERVER[8]: SCHED: executing edge 0 func=zfp_decompress dev=GPU
[13:37:21.452182] [WARNING] [pdc_tf_server.c:393] PDC_SERVER[2]: SCHED: setting CUDA device to 0 for edge 0 func=zfp_decompress
[13:37:21.452245] [WARNING] [pdc_tf_server.c:401] PDC_SERVER[2]: SCHED: executing edge 0 func=zfp_decompress dev=GPU
[13:37:21.453614] [WARNING] [pdc_tf_server.c:475] PDC_SERVER[3]: SCHED: done running transformations
[13:37:21.456537] [WARNING] [pdc_tf_server.c:475] PDC_SERVER[6]: SCHED: done running transformations
[13:37:21.456816] [WARNING] [pdc_tf_server.c:475] PDC_SERVER[1]: SCHED: done running transformations
[13:37:21.456809] [WARNING] [pdc_tf_server.c:475] PDC_SERVER[4]: SCHED: done running transformations
[13:37:21.459787] [WARNING] [pdc_tf_server.c:475] PDC_SERVER[15]: SCHED: done running transformations
[13:37:21.464940] [WARNING] [pdc_tf_server.c:475] PDC_SERVER[11]: SCHED: done running transformations
[13:37:21.472456] [WARNING] [pdc_tf_server.c:475] PDC_SERVER[8]: SCHED: done running transformations
[13:37:21.473938] [WARNING] [pdc_tf_server.c:475] PDC_SERVER[5]: SCHED: done running transformations
[13:37:21.482673] [WARNING] [pdc_tf_server.c:475] PDC_SERVER[2]: SCHED: done running transformations
[INFO] PDC_SERVER[0]: Starting flush for obj_id 10000000000, ndim=3
[INFO] PDC_SERVER[0]: Starting flush for obj_id 11000000000, ndim=3
[INFO] PDC_SERVER[0]: Starting flush for obj_id 12000000000, ndim=3
[INFO] PDC_SERVER[0]: Starting flush for obj_id 11000000001, ndim=3
[INFO] PDC_SERVER[0]: Starting flush for obj_id 12000000001, ndim=3
[INFO] PDC_SERVER[0]: Starting flush for obj_id 13000000000, ndim=3
[INFO] PDC_SERVER[0]: Starting flush for obj_id 12000000002, ndim=3
[INFO] PDC_SERVER[0]: Starting flush for obj_id 13000000001, ndim=3
[INFO] PDC_SERVER[0]: Starting flush for obj_id 14000000000, ndim=3
[INFO] PDC_SERVER[0]: Starting flush for obj_id 10000000000, ndim=3
[INFO] PDC_SERVER[0]: Starting flush for obj_id 11000000000, ndim=3
[INFO] PDC_SERVER[0]: Starting flush for obj_id 12000000000, ndim=3
[INFO] PDC_SERVER[0]: Starting flush for obj_id 11000000001, ndim=3
[INFO] PDC_SERVER[0]: Starting flush for obj_id 12000000001, ndim=3
[INFO] PDC_SERVER[0]: Starting flush for obj_id 13000000000, ndim=3
[INFO] PDC_SERVER[0]: Starting flush for obj_id 12000000002, ndim=3
[INFO] PDC_SERVER[0]: Starting flush for obj_id 13000000001, ndim=3
[INFO] PDC_SERVER[0]: Starting flush for obj_id 14000000000, ndim=3
[13:37:26.248430] [WARNING] [pdc_server.c:1323] PDC_SERVER[0]: Checkpoint start
[INFO] PDC_SERVER[0]: Checkpoint file [/pscratch/sd/n/nlewi26/pdc_curl_analysis_bench//0/metadata_checkpoint.0]
[13:37:26.250634] [WARNING] [pdc_server.c:1536] PDC_SERVER[0]: Writing checkpoint transformations start
[13:37:26.250690] [WARNING] [pdc_server.c:1718] PDC_SERVER[0]: Writing checkpoint transformations done
[13:37:26.250695] [WARNING] [pdc_server.c:1721] PDC_SERVER[0]: Writing checkpoint region-analysis state start
[13:37:26.250713] [WARNING] [pdc_server.c:1724] PDC_SERVER[0]: Writing checkpoint region-analysis state done
[13:37:26.431926] [WARNING] [pdc_server.c:1761] PDC_SERVER[0]: Rank[ALL]: Total checkpoint time = 0.183491
[13:37:26.431936] [WARNING] [pdc_server.c:1770] PDC_SERVER[0]: Checkpointing done
[13:37:26.431949] [WARNING] [pdc_client_server_common.c:119] PDC_SERVER[0]: metric,rank0_avg_s/n,rank1_avg_s/n,rank2_avg_s/n,rank3_avg_s/n,rank4_avg_s/n,rank5_avg_s/n,rank6_avg_s/n,rank7_avg_s/n,rank8_avg_s/n,rank9_avg_s/n,rank10_avg_s/n,rank11_avg_s/n,rank12_avg_s/n,rank13_avg_s/n,rank14_avg_s/n,rank15_avg_s/n
[13:37:26.431996] [WARNING] [pdc_client_server_common.c:144] PDC_SERVER[0]: compress,0.019526/12,0.023173/12,0.016305/12,0.018711/12,0.014317/12,0.015034/12,0.015509/12,0.016426/12,0.021201/12,0.020619/12,0.020956/12,0.022032/12,0.015366/12,0.018246/12,0.017596/12,0.015499/12
[13:37:26.432008] [WARNING] [pdc_client_server_common.c:144] PDC_SERVER[0]: decompress,0.018202/12,0.022982/12,0.024642/12,0.023066/12,0.021430/12,0.027152/12,0.023521/12,0.027105/12,0.025347/12,0.024921/12,0.022558/12,0.025391/12,0.022695/12,0.028856/12,0.021303/12,0.023802/12
[13:37:26.432018] [WARNING] [pdc_client_server_common.c:144] PDC_SERVER[0]: magnitude,0.020595/12,0.023185/12,0.021753/12,0.021681/12,0.021823/12,0.023350/12,0.022664/12,0.023175/12,0.023473/12,0.023388/12,0.021809/12,0.021755/12,0.021256/12,0.023241/12,0.022758/12,0.022512/12
[13:37:26.432029] [WARNING] [pdc_client_server_common.c:144] PDC_SERVER[0]: posix_open,0.000151/144,0.000151/144,0.000176/144,0.000150/144,0.000146/144,0.000144/144,0.000148/144,0.000148/144,0.000155/144,0.000141/144,0.000142/144,0.000149/144,0.000146/144,0.000151/144,0.000143/144,0.000152/144
[13:37:26.432039] [WARNING] [pdc_client_server_common.c:144] PDC_SERVER[0]: posix_close,0.000000/0,0.000000/0,0.000000/0,0.000000/0,0.000000/0,0.000000/0,0.000000/0,0.000000/0,0.000000/0,0.000000/0,0.000000/0,0.000000/0,0.000000/0,0.000000/0,0.000000/0,0.000000/0
[13:37:26.432050] [WARNING] [pdc_client_server_common.c:144] PDC_SERVER[0]: posix_write,0.028259/72,0.029539/72,0.029656/72,0.029477/72,0.029562/72,0.029661/72,0.029389/72,0.029085/72,0.030112/72,0.029964/72,0.029607/72,0.030397/72,0.029063/72,0.030013/72,0.030001/72,0.029422/72
[13:37:26.432060] [WARNING] [pdc_client_server_common.c:144] PDC_SERVER[0]: posix_read,0.000000/0,0.000000/0,0.000000/0,0.000000/0,0.000000/0,0.000000/0,0.000000/0,0.000000/0,0.000000/0,0.000000/0,0.000000/0,0.000000/0,0.000000/0,0.000000/0,0.000000/0,0.000000/0
