HDF5-DIAG: Error detected in HDF5 (2.2.0) MPI-process 1:
HDF5-DIAG: Error detected in HDF5 (2.2.0) MPI-process 20:
HDF5-DIAG: Error detected in HDF5 (2.2.0) MPI-process 21:
HDF5-DIAG: Error detected in HDF5 (2.2.0) MPI-process 26:
HDF5-DIAG: Error detected in HDF5 (2.2.0) MPI-process 0:
HDF5-DIAG: Error detected in HDF5 (2.2.0) MPI-process 2:
HDF5-DIAG: Error detected in HDF5 (2.2.0) MPI-process 3:
HDF5-DIAG: Error detected in HDF5 (2.2.0) MPI-process 6:
HDF5-DIAG: Error detected in HDF5 (2.2.0) MPI-process 8:
HDF5-DIAG: Error detected in HDF5 (2.2.0) MPI-process 9:
HDF5-DIAG: Error detected in HDF5 (2.2.0) MPI-process 12:
HDF5-DIAG: Error detected in HDF5 (2.2.0) MPI-process 14:
HDF5-DIAG: Error detected in HDF5 (2.2.0) MPI-process 15:
HDF5-DIAG: Error detected in HDF5 (2.2.0) MPI-process 17:
HDF5-DIAG: Error detected in HDF5 (2.2.0) MPI-process 19:
HDF5-DIAG: Error detected in HDF5 (2.2.0) MPI-process 23:
HDF5-DIAG: Error detected in HDF5 (2.2.0) MPI-process 24:
HDF5-DIAG: Error detected in HDF5 (2.2.0) MPI-process 27:
HDF5-DIAG: Error detected in HDF5 (2.2.0) MPI-process 28:
HDF5-DIAG: Error detected in HDF5 (2.2.0) MPI-process 4:
HDF5-DIAG: Error detected in HDF5 (2.2.0) MPI-process 5:
HDF5-DIAG: Error detected in HDF5 (2.2.0) MPI-process 7:
HDF5-DIAG: Error detected in HDF5 (2.2.0) MPI-process 10:
HDF5-DIAG: Error detected in HDF5 (2.2.0) MPI-process 11:
HDF5-DIAG: Error detected in HDF5 (2.2.0) MPI-process 13:
HDF5-DIAG: Error detected in HDF5 (2.2.0) MPI-process 16:
HDF5-DIAG: Error detected in HDF5 (2.2.0) MPI-process 18:
HDF5-DIAG: Error detected in HDF5 (2.2.0) MPI-process 22:
HDF5-DIAG: Error detected in HDF5 (2.2.0) MPI-process 25:
HDF5-DIAG: Error detected in HDF5 (2.2.0) MPI-process 29:
HDF5-DIAG: Error detected in HDF5 (2.2.0) MPI-process 30:
HDF5-DIAG: Error detected in HDF5 (2.2.0) MPI-process 31:
  #000: /pscratch/sd/n/nlewi26/src/hdf5/src/H5D.c line 401 in H5Dopen2(): unable to synchronously open dataset
    major: Dataset
    minor: Can't open object
  #001: /pscratch/sd/n/nlewi26/src/hdf5/src/H5D.c line 363 in H5D__open_api_common(): unable to open dataset
    major: Dataset
    minor: Can't open object
  #000: /pscratch/sd/n/nlewi26/src/hdf5/src/H5D.c line 401 in H5Dopen2(): unable to synchronously open dataset
    major: Dataset
    minor: Can't open object
  #001: /pscratch/sd/n/nlewi26/src/hdf5/src/H5D.c line 363 in H5D__open_api_common(): unable to open dataset
    major: Dataset
    minor: Can't open object
  #000: /pscratch/sd/n/nlewi26/src/hdf5/src/H5D.c line 401 in H5Dopen2(): unable to synchronously open dataset
    major: Dataset
    minor: Can't open object
  #001: /pscratch/sd/n/nlewi26/src/hdf5/src/H5D.c line 363 in H5D__open_api_common(): unable to open dataset
    major: Dataset
    minor: Can't open object
  #000: /pscratch/sd/n/nlewi26/src/hdf5/src/H5D.c line 401 in H5Dopen2(): unable to synchronously open dataset
    major: Dataset
    minor: Can't open object
  #001: /pscratch/sd/n/nlewi26/src/hdf5/src/H5D.c line 363 in H5D__open_api_common(): unable to open dataset
    major: Dataset
    minor: Can't open object
  #000: /pscratch/sd/n/nlewi26/src/hdf5/src/H5D.c line 401 in H5Dopen2(): unable to synchronously open dataset
    major: Dataset
    minor: Can't open object
  #001: /pscratch/sd/n/nlewi26/src/hdf5/src/H5D.c line 363 in H5D__open_api_common(): unable to open dataset
    major: Dataset
    minor: Can't open object
  #000: /pscratch/sd/n/nlewi26/src/hdf5/src/H5D.c line 401 in H5Dopen2(): unable to synchronously open dataset
    major: Dataset
    minor: Can't open object
  #001: /pscratch/sd/n/nlewi26/src/hdf5/src/H5D.c line 363 in H5D__open_api_common(): unable to open dataset
    major: Dataset
  #000: /pscratch/sd/n/nlewi26/src/hdf5/src/H5D.c line 401 in H5Dopen2(): unable to synchronously open dataset
    major: Dataset
    minor: Can't open object
  #001: /pscratch/sd/n/nlewi26/src/hdf5/src/H5D.c line 363 in H5D__open_api_common(): unable to open dataset
    major: Dataset
    minor: Can't open object
  #000: /pscratch/sd/n/nlewi26/src/hdf5/src/H5D.c line 401 in H5Dopen2(): unable to synchronously open dataset
    major: Dataset
    minor: Can't open object
  #001: /pscratch/sd/n/nlewi26/src/hdf5/src/H5D.c line 363 in H5D__open_api_common(): unable to open dataset
    major: Dataset
    minor: Can't open object
  #000: /pscratch/sd/n/nlewi26/src/hdf5/src/H5D.c line 401 in H5Dopen2(): unable to synchronously open dataset
    major: Dataset
    minor: Can't open object
  #001: /pscratch/sd/n/nlewi26/src/hdf5/src/H5D.c line 363 in H5D__open_api_common(): unable to open dataset
    major: Dataset
    minor: Can't open object
    minor: Can't open object
  #000: /pscratch/sd/n/nlewi26/src/hdf5/src/H5D.c line 401 in H5Dopen2(): unable to synchronously open dataset
    major: Dataset
    minor: Can't open object
  #001: /pscratch/sd/n/nlewi26/src/hdf5/src/H5D.c line 363 in H5D__open_api_common(): unable to open dataset
    major: Dataset
    minor: Can't open object
  #000: /pscratch/sd/n/nlewi26/src/hdf5/src/H5D.c line 401 in H5Dopen2(): unable to synchronously open dataset
    major: Dataset
    minor: Can't open object
  #001: /pscratch/sd/n/nlewi26/src/hdf5/src/H5D.c line 363 in H5D__open_api_common(): unable to open dataset
    major: Dataset
    minor: Can't open object
  #000: /pscratch/sd/n/nlewi26/src/hdf5/src/H5D.c line 401 in H5Dopen2(): unable to synchronously open dataset
    major: Dataset
    minor: Can't open object
  #001: /pscratch/sd/n/nlewi26/src/hdf5/src/H5D.c line 363 in H5D__open_api_common(): unable to open dataset
    major: Dataset
    minor: Can't open object
  #000: /pscratch/sd/n/nlewi26/src/hdf5/src/H5D.c line 401 in H5Dopen2(): unable to synchronously open dataset
    major: Dataset
    minor: Can't open object
  #001: /pscratch/sd/n/nlewi26/src/hdf5/src/H5D.c line 363 in H5D__open_api_common(): unable to open dataset
    major: Dataset
    minor: Can't open object
  #000: /pscratch/sd/n/nlewi26/src/hdf5/src/H5D.c line 401 in H5Dopen2(): unable to synchronously open dataset
    major: Dataset
    minor: Can't open object
  #001: /pscratch/sd/n/nlewi26/src/hdf5/src/H5D.c line 363 in H5D__open_api_common(): unable to open dataset
    major: Dataset
    minor: Can't open object
  #000: /pscratch/sd/n/nlewi26/src/hdf5/src/H5D.c line 401 in H5Dopen2(): unable to synchronously open dataset
    major: Dataset
    minor: Can't open object
  #001: /pscratch/sd/n/nlewi26/src/hdf5/src/H5D.c line 363 in H5D__open_api_common(): unable to open dataset
    major: Dataset
    minor: Can't open object
  #000: /pscratch/sd/n/nlewi26/src/hdf5/src/H5D.c line 401 in H5Dopen2(): unable to synchronously open dataset
    major: Dataset
    minor: Can't open object
  #001: /pscratch/sd/n/nlewi26/src/hdf5/src/H5D.c line 363 in H5D__open_api_common(): unable to open dataset
    major: Dataset
    minor: Can't open object
  #000: /pscratch/sd/n/nlewi26/src/hdf5/src/H5D.c line 401 in H5Dopen2(): unable to synchronously open dataset
    major: Dataset
    minor: Can't open object
  #001: /pscratch/sd/n/nlewi26/src/hdf5/src/H5D.c line 363 in H5D__open_api_common(): unable to open dataset
    major: Dataset
    minor: Can't open object
  #000: /pscratch/sd/n/nlewi26/src/hdf5/src/H5D.c line 401 in H5Dopen2(): unable to synchronously open dataset
    major: Dataset
    minor: Can't open object
  #001: /pscratch/sd/n/nlewi26/src/hdf5/src/H5D.c line 363 in H5D__open_api_common(): unable to open dataset
    major: Dataset
    minor: Can't open object
  #000: /pscratch/sd/n/nlewi26/src/hdf5/src/H5D.c line 401 in H5Dopen2(): unable to synchronously open dataset
    major: Dataset
    minor: Can't open object
  #001: /pscratch/sd/n/nlewi26/src/hdf5/src/H5D.c line 363 in H5D__open_api_common(): unable to open dataset
    major: Dataset
    minor: Can't open object
  #000: /pscratch/sd/n/nlewi26/src/hdf5/src/H5D.c line 401 in H5Dopen2(): unable to synchronously open dataset
    major: Dataset
    minor: Can't open object
  #001: /pscratch/sd/n/nlewi26/src/hdf5/src/H5D.c line 363 in H5D__open_api_common(): unable to open dataset
    major: Dataset
    minor: Can't open object
  #000: /pscratch/sd/n/nlewi26/src/hdf5/src/H5D.c line 401 in H5Dopen2(): unable to synchronously open dataset
    major: Dataset
    minor: Can't open object
  #001: /pscratch/sd/n/nlewi26/src/hdf5/src/H5D.c line 363 in H5D__open_api_common(): unable to open dataset
    major: Dataset
    minor: Can't open object
  #000: /pscratch/sd/n/nlewi26/src/hdf5/src/H5D.c line 401 in H5Dopen2(): unable to synchronously open dataset
    major: Dataset
    minor: Can't open object
  #001: /pscratch/sd/n/nlewi26/src/hdf5/src/H5D.c line 363 in H5D__open_api_common(): unable to open dataset
    major: Dataset
    minor: Can't open object
  #000: /pscratch/sd/n/nlewi26/src/hdf5/src/H5D.c line 401 in H5Dopen2(): unable to synchronously open dataset
    major: Dataset
    minor: Can't open object
  #001: /pscratch/sd/n/nlewi26/src/hdf5/src/H5D.c line 363 in H5D__open_api_common(): unable to open dataset
    major: Dataset
    minor: Can't open object
  #000: /pscratch/sd/n/nlewi26/src/hdf5/src/H5D.c line 401 in H5Dopen2(): unable to synchronously open dataset
    major: Dataset
    minor: Can't open object
  #001: /pscratch/sd/n/nlewi26/src/hdf5/src/H5D.c line 363 in H5D__open_api_common(): unable to open dataset
    major: Dataset
    minor: Can't open object
  #000: /pscratch/sd/n/nlewi26/src/hdf5/src/H5D.c line 401 in H5Dopen2(): unable to synchronously open dataset
    major: Dataset
    minor: Can't open object
  #001: /pscratch/sd/n/nlewi26/src/hdf5/src/H5D.c line 363 in H5D__open_api_common(): unable to open dataset
    major: Dataset
    minor: Can't open object
  #000: /pscratch/sd/n/nlewi26/src/hdf5/src/H5D.c line 401 in H5Dopen2(): unable to synchronously open dataset
    major: Dataset
    minor: Can't open object
  #001: /pscratch/sd/n/nlewi26/src/hdf5/src/H5D.c line 363 in H5D__open_api_common(): unable to open dataset
    major: Dataset
    minor: Can't open object
  #000: /pscratch/sd/n/nlewi26/src/hdf5/src/H5D.c line 401 in H5Dopen2(): unable to synchronously open dataset
    major: Dataset
    minor: Can't open object
  #001: /pscratch/sd/n/nlewi26/src/hdf5/src/H5D.c line 363 in H5D__open_api_common(): unable to open dataset
    major: Dataset
    minor: Can't open object
  #000: /pscratch/sd/n/nlewi26/src/hdf5/src/H5D.c line 401 in H5Dopen2(): unable to synchronously open dataset
    major: Dataset
    minor: Can't open object
  #001: /pscratch/sd/n/nlewi26/src/hdf5/src/H5D.c line 363 in H5D__open_api_common(): unable to open dataset
    major: Dataset
    minor: Can't open object
  #000: /pscratch/sd/n/nlewi26/src/hdf5/src/H5D.c line 401 in H5Dopen2(): unable to synchronously open dataset
    major: Dataset
    minor: Can't open object
  #001: /pscratch/sd/n/nlewi26/src/hdf5/src/H5D.c line 363 in H5D__open_api_common(): unable to open dataset
    major: Dataset
    minor: Can't open object
  #000: /pscratch/sd/n/nlewi26/src/hdf5/src/H5D.c line 401 in H5Dopen2(): unable to synchronously open dataset
    major: Dataset
    minor: Can't open object
  #001: /pscratch/sd/n/nlewi26/src/hdf5/src/H5D.c line 363 in H5D__open_api_common(): unable to open dataset
    major: Dataset
    minor: Can't open object
  #000: /pscratch/sd/n/nlewi26/src/hdf5/src/H5D.c line 401 in H5Dopen2(): unable to synchronously open dataset
    major: Dataset
    minor: Can't open object
  #001: /pscratch/sd/n/nlewi26/src/hdf5/src/H5D.c line 363 in H5D__open_api_common(): unable to open dataset
    major: Dataset
    minor: Can't open object
  #000: /pscratch/sd/n/nlewi26/src/hdf5/src/H5D.c line 401 in H5Dopen2(): unable to synchronously open dataset
    major: Dataset
    minor: Can't open object
  #001: /pscratch/sd/n/nlewi26/src/hdf5/src/H5D.c line 363 in H5D__open_api_common(): unable to open dataset
    major: Dataset
    minor: Can't open object
  #002: /pscratch/sd/n/nlewi26/src/hdf5/src/H5VLcallback.c line 2090 in H5VL_dataset_open(): dataset open failed
    major: Virtual Object Layer
    minor: Can't open object
  #003: /pscratch/sd/n/nlewi26/src/hdf5/src/H5VLcallback.c line 2057 in H5VL__dataset_open(): dataset open failed
    major: Virtual Object Layer
    minor: Can't open object
  #002: /pscratch/sd/n/nlewi26/src/hdf5/src/H5VLcallback.c line 2090 in H5VL_dataset_open(): dataset open failed
    major: Virtual Object Layer
    minor: Can't open object
  #003: /pscratch/sd/n/nlewi26/src/hdf5/src/H5VLcallback.c line 2057 in H5VL__dataset_open(): dataset open failed
    major: Virtual Object Layer
    minor: Can't open object
  #002: /pscratch/sd/n/nlewi26/src/hdf5/src/H5VLcallback.c line 2090 in H5VL_dataset_open(): dataset open failed
    major: Virtual Object Layer
    minor: Can't open object
  #003: /pscratch/sd/n/nlewi26/src/hdf5/src/H5VLcallback.c line 2057 in H5VL__dataset_open(): dataset open failed
    major: Virtual Object Layer
    minor: Can't open object
  #002: /pscratch/sd/n/nlewi26/src/hdf5/src/H5VLcallback.c line 2090 in H5VL_dataset_open(): dataset open failed
    major: Virtual Object Layer
    minor: Can't open object
  #003: /pscratch/sd/n/nlewi26/src/hdf5/src/H5VLcallback.c line 2057 in H5VL__dataset_open(): dataset open failed
    major: Virtual Object Layer
    minor: Can't open object
  #002: /pscratch/sd/n/nlewi26/src/hdf5/src/H5VLcallback.c line 2090 in H5VL_dataset_open(): dataset open failed
    major: Virtual Object Layer
    minor: Can't open object
  #003: /pscratch/sd/n/nlewi26/src/hdf5/src/H5VLcallback.c line 2057 in H5VL__dataset_open(): dataset open failed
    major: Virtual Object Layer
    minor: Can't open object
  #002: /pscratch/sd/n/nlewi26/src/hdf5/src/H5VLcallback.c line 2090 in H5VL_dataset_open(): dataset open failed
    major: Virtual Object Layer
    minor: Can't open object
  #003: /pscratch/sd/n/nlewi26/src/hdf5/src/H5VLcallback.c line 2057 in H5VL__dataset_open(): dataset open failed
    major: Virtual Object Layer
    minor: Can't open object
  #002: /pscratch/sd/n/nlewi26/src/hdf5/src/H5VLcallback.c line 2090 in H5VL_dataset_open(): dataset open failed
    major: Virtual Object Layer
    minor: Can't open object
  #003: /pscratch/sd/n/nlewi26/src/hdf5/src/H5VLcallback.c line 2057 in H5VL__dataset_open(): dataset open failed
    major: Virtual Object Layer
    minor: Can't open object
  #002: /pscratch/sd/n/nlewi26/src/hdf5/src/H5VLcallback.c line 2090 in H5VL_dataset_open(): dataset open failed
    major: Virtual Object Layer
    minor: Can't open object
  #003: /pscratch/sd/n/nlewi26/src/hdf5/src/H5VLcallback.c line 2057 in H5VL__dataset_open(): dataset open failed
    major: Virtual Object Layer
    minor: Can't open object
  #002: /pscratch/sd/n/nlewi26/src/hdf5/src/H5VLcallback.c line 2090 in H5VL_dataset_open(): dataset open failed
    major: Virtual Object Layer
    minor: Can't open object
  #003: /pscratch/sd/n/nlewi26/src/hdf5/src/H5VLcallback.c line 2057 in H5VL__dataset_open(): dataset open failed
    major: Virtual Object Layer
    minor: Can't open object
  #002: /pscratch/sd/n/nlewi26/src/hdf5/src/H5VLcallback.c line 2090 in H5VL_dataset_open(): dataset open failed
    major: Virtual Object Layer
    minor: Can't open object
  #003: /pscratch/sd/n/nlewi26/src/hdf5/src/H5VLcallback.c line 2057 in H5VL__dataset_open(): dataset open failed
    major: Virtual Object Layer
    minor: Can't open object
  #002: /pscratch/sd/n/nlewi26/src/hdf5/src/H5VLcallback.c line 2090 in H5VL_dataset_open(): dataset open failed
    major: Virtual Object Layer
    minor: Can't open object
  #003: /pscratch/sd/n/nlewi26/src/hdf5/src/H5VLcallback.c line 2057 in H5VL__dataset_open(): dataset open failed
    major: Virtual Object Layer
    minor: Can't open object
  #002: /pscratch/sd/n/nlewi26/src/hdf5/src/H5VLcallback.c line 2090 in H5VL_dataset_open(): dataset open failed
    major: Virtual Object Layer
    minor: Can't open object
  #003: /pscratch/sd/n/nlewi26/src/hdf5/src/H5VLcallback.c line 2057 in H5VL__dataset_open(): dataset open failed
    major: Virtual Object Layer
    minor: Can't open object
  #002: /pscratch/sd/n/nlewi26/src/hdf5/src/H5VLcallback.c line 2090 in H5VL_dataset_open(): dataset open failed
    major: Virtual Object Layer
    minor: Can't open object
  #003: /pscratch/sd/n/nlewi26/src/hdf5/src/H5VLcallback.c line 2057 in H5VL__dataset_open(): dataset open failed
    major: Virtual Object Layer
    minor: Can't open object
  #002: /pscratch/sd/n/nlewi26/src/hdf5/src/H5VLcallback.c line 2090 in H5VL_dataset_open(): dataset open failed
    major: Virtual Object Layer
    minor: Can't open object
  #003: /pscratch/sd/n/nlewi26/src/hdf5/src/H5VLcallback.c line 2057 in H5VL__dataset_open(): dataset open failed
    major: Virtual Object Layer
    minor: Can't open object
  #002: /pscratch/sd/n/nlewi26/src/hdf5/src/H5VLcallback.c line 2090 in H5VL_dataset_open(): dataset open failed
    major: Virtual Object Layer
    minor: Can't open object
  #003: /pscratch/sd/n/nlewi26/src/hdf5/src/H5VLcallback.c line 2057 in H5VL__dataset_open(): dataset open failed
    major: Virtual Object Layer
    minor: Can't open object
  #002: /pscratch/sd/n/nlewi26/src/hdf5/src/H5VLcallback.c line 2090 in H5VL_dataset_open(): dataset open failed
    major: Virtual Object Layer
    minor: Can't open object
  #003: /pscratch/sd/n/nlewi26/src/hdf5/src/H5VLcallback.c line 2057 in H5VL__dataset_open(): dataset open failed
    major: Virtual Object Layer
    minor: Can't open object
  #002: /pscratch/sd/n/nlewi26/src/hdf5/src/H5VLcallback.c line 2090 in H5VL_dataset_open(): dataset open failed
    major: Virtual Object Layer
    minor: Can't open object
  #003: /pscratch/sd/n/nlewi26/src/hdf5/src/H5VLcallback.c line 2057 in H5VL__dataset_open(): dataset open failed
    major: Virtual Object Layer
    minor: Can't open object
  #002: /pscratch/sd/n/nlewi26/src/hdf5/src/H5VLcallback.c line 2090 in H5VL_dataset_open(): dataset open failed
    major: Virtual Object Layer
    minor: Can't open object
  #003: /pscratch/sd/n/nlewi26/src/hdf5/src/H5VLcallback.c line 2057 in H5VL__dataset_open(): dataset open failed
    major: Virtual Object Layer
    minor: Can't open object
  #002: /pscratch/sd/n/nlewi26/src/hdf5/src/H5VLcallback.c line 2090 in H5VL_dataset_open(): dataset open failed
    major: Virtual Object Layer
    minor: Can't open object
  #003: /pscratch/sd/n/nlewi26/src/hdf5/src/H5VLcallback.c line 2057 in H5VL__dataset_open(): dataset open failed
    major: Virtual Object Layer
    minor: Can't open object
  #002: /pscratch/sd/n/nlewi26/src/hdf5/src/H5VLcallback.c line 2090 in H5VL_dataset_open(): dataset open failed
    major: Virtual Object Layer
    minor: Can't open object
  #003: /pscratch/sd/n/nlewi26/src/hdf5/src/H5VLcallback.c line 2057 in H5VL__dataset_open(): dataset open failed
    major: Virtual Object Layer
    minor: Can't open object
  #002: /pscratch/sd/n/nlewi26/src/hdf5/src/H5VLcallback.c line 2090 in H5VL_dataset_open(): dataset open failed
    major: Virtual Object Layer
    minor: Can't open object
  #003: /pscratch/sd/n/nlewi26/src/hdf5/src/H5VLcallback.c line 2057 in H5VL__dataset_open(): dataset open failed
    major: Virtual Object Layer
    minor: Can't open object
  #002: /pscratch/sd/n/nlewi26/src/hdf5/src/H5VLcallback.c line 2090 in H5VL_dataset_open(): dataset open failed
    major: Virtual Object Layer
    minor: Can't open object
  #003: /pscratch/sd/n/nlewi26/src/hdf5/src/H5VLcallback.c line 2057 in H5VL__dataset_open(): dataset open failed
    major: Virtual Object Layer
    minor: Can't open object
  #002: /pscratch/sd/n/nlewi26/src/hdf5/src/H5VLcallback.c line 2090 in H5VL_dataset_open(): dataset open failed
    major: Virtual Object Layer
    minor: Can't open object
  #003: /pscratch/sd/n/nlewi26/src/hdf5/src/H5VLcallback.c line 2057 in H5VL__dataset_open(): dataset open failed
    major: Virtual Object Layer
    minor: Can't open object
  #002: /pscratch/sd/n/nlewi26/src/hdf5/src/H5VLcallback.c line 2090 in H5VL_dataset_open(): dataset open failed
    major: Virtual Object Layer
    minor: Can't open object
  #003: /pscratch/sd/n/nlewi26/src/hdf5/src/H5VLcallback.c line 2057 in H5VL__dataset_open(): dataset open failed
    major: Virtual Object Layer
    minor: Can't open object
  #002: /pscratch/sd/n/nlewi26/src/hdf5/src/H5VLcallback.c line 2090 in H5VL_dataset_open(): dataset open failed
    major: Virtual Object Layer
    minor: Can't open object
  #003: /pscratch/sd/n/nlewi26/src/hdf5/src/H5VLcallback.c line 2057 in H5VL__dataset_open(): dataset open failed
    major: Virtual Object Layer
    minor: Can't open object
  #002: /pscratch/sd/n/nlewi26/src/hdf5/src/H5VLcallback.c line 2090 in H5VL_dataset_open(): dataset open failed
    major: Virtual Object Layer
    minor: Can't open object
  #003: /pscratch/sd/n/nlewi26/src/hdf5/src/H5VLcallback.c line 2057 in H5VL__dataset_open(): dataset open failed
    major: Virtual Object Layer
    minor: Can't open object
  #002: /pscratch/sd/n/nlewi26/src/hdf5/src/H5VLcallback.c line 2090 in H5VL_dataset_open(): dataset open failed
    major: Virtual Object Layer
    minor: Can't open object
  #003: /pscratch/sd/n/nlewi26/src/hdf5/src/H5VLcallback.c line 2057 in H5VL__dataset_open(): dataset open failed
    major: Virtual Object Layer
    minor: Can't open object
  #002: /pscratch/sd/n/nlewi26/src/hdf5/src/H5VLcallback.c line 2090 in H5VL_dataset_open(): dataset open failed
    major: Virtual Object Layer
    minor: Can't open object
  #003: /pscratch/sd/n/nlewi26/src/hdf5/src/H5VLcallback.c line 2057 in H5VL__dataset_open(): dataset open failed
    major: Virtual Object Layer
    minor: Can't open object
  #002: /pscratch/sd/n/nlewi26/src/hdf5/src/H5VLcallback.c line 2090 in H5VL_dataset_open(): dataset open failed
    major: Virtual Object Layer
    minor: Can't open object
  #003: /pscratch/sd/n/nlewi26/src/hdf5/src/H5VLcallback.c line 2057 in H5VL__dataset_open(): dataset open failed
    major: Virtual Object Layer
    minor: Can't open object
  #002: /pscratch/sd/n/nlewi26/src/hdf5/src/H5VLcallback.c line 2090 in H5VL_dataset_open(): dataset open failed
    major: Virtual Object Layer
    minor: Can't open object
  #003: /pscratch/sd/n/nlewi26/src/hdf5/src/H5VLcallback.c line 2057 in H5VL__dataset_open(): dataset open failed
    major: Virtual Object Layer
    minor: Can't open object
  #002: /pscratch/sd/n/nlewi26/src/hdf5/src/H5VLcallback.c line 2090 in H5VL_dataset_open(): dataset open failed
    major: Virtual Object Layer
    minor: Can't open object
  #003: /pscratch/sd/n/nlewi26/src/hdf5/src/H5VLcallback.c line 2057 in H5VL__dataset_open(): dataset open failed
    major: Virtual Object Layer
    minor: Can't open object
  #002: /pscratch/sd/n/nlewi26/src/hdf5/src/H5VLcallback.c line 2090 in H5VL_dataset_open(): dataset open failed
    major: Virtual Object Layer
    minor: Can't open object
  #003: /pscratch/sd/n/nlewi26/src/hdf5/src/H5VLcallback.c line 2057 in H5VL__dataset_open(): dataset open failed
    major: Virtual Object Layer
    minor: Can't open object
  #004: /pscratch/sd/n/nlewi26/src/hdf5/src/H5VLnative_dataset.c line 332 in H5VL__native_dataset_open(): unable to open dataset
    major: Dataset
    minor: Can't open object
  #004: /pscratch/sd/n/nlewi26/src/hdf5/src/H5VLnative_dataset.c line 332 in H5VL__native_dataset_open(): unable to open dataset
    major: Dataset
    minor: Can't open object
  #004: /pscratch/sd/n/nlewi26/src/hdf5/src/H5VLnative_dataset.c line 332 in H5VL__native_dataset_open(): unable to open dataset
    major: Dataset
    minor: Can't open object
  #004: /pscratch/sd/n/nlewi26/src/hdf5/src/H5VLnative_dataset.c line 332 in H5VL__native_dataset_open(): unable to open dataset
    major: Dataset
    minor: Can't open object
  #004: /pscratch/sd/n/nlewi26/src/hdf5/src/H5VLnative_dataset.c line 332 in H5VL__native_dataset_open(): unable to open dataset
    major: Dataset
    minor: Can't open object
  #004: /pscratch/sd/n/nlewi26/src/hdf5/src/H5VLnative_dataset.c line 332 in H5VL__native_dataset_open(): unable to open dataset
    major: Dataset
    minor: Can't open object
  #004: /pscratch/sd/n/nlewi26/src/hdf5/src/H5VLnative_dataset.c line 332 in H5VL__native_dataset_open(): unable to open dataset
    major: Dataset
    minor: Can't open object
  #004: /pscratch/sd/n/nlewi26/src/hdf5/src/H5VLnative_dataset.c line 332 in H5VL__native_dataset_open(): unable to open dataset
    major: Dataset
    minor: Can't open object
  #004: /pscratch/sd/n/nlewi26/src/hdf5/src/H5VLnative_dataset.c line 332 in H5VL__native_dataset_open(): unable to open dataset
    major: Dataset
    minor: Can't open object
  #004: /pscratch/sd/n/nlewi26/src/hdf5/src/H5VLnative_dataset.c line 332 in H5VL__native_dataset_open(): unable to open dataset
    major: Dataset
    minor: Can't open object
  #004: /pscratch/sd/n/nlewi26/src/hdf5/src/H5VLnative_dataset.c line 332 in H5VL__native_dataset_open(): unable to open dataset
    major: Dataset
    minor: Can't open object
  #004: /pscratch/sd/n/nlewi26/src/hdf5/src/H5VLnative_dataset.c line 332 in H5VL__native_dataset_open(): unable to open dataset
    major: Dataset
    minor: Can't open object
  #004: /pscratch/sd/n/nlewi26/src/hdf5/src/H5VLnative_dataset.c line 332 in H5VL__native_dataset_open(): unable to open dataset
    major: Dataset
    minor: Can't open object
  #004: /pscratch/sd/n/nlewi26/src/hdf5/src/H5VLnative_dataset.c line 332 in H5VL__native_dataset_open(): unable to open dataset
    major: Dataset
    minor: Can't open object
  #004: /pscratch/sd/n/nlewi26/src/hdf5/src/H5VLnative_dataset.c line 332 in H5VL__native_dataset_open(): unable to open dataset
    major: Dataset
    minor: Can't open object
  #004: /pscratch/sd/n/nlewi26/src/hdf5/src/H5VLnative_dataset.c line 332 in H5VL__native_dataset_open(): unable to open dataset
    major: Dataset
    minor: Can't open object
  #004: /pscratch/sd/n/nlewi26/src/hdf5/src/H5VLnative_dataset.c line 332 in H5VL__native_dataset_open(): unable to open dataset
    major: Dataset
    minor: Can't open object
  #004: /pscratch/sd/n/nlewi26/src/hdf5/src/H5VLnative_dataset.c line 332 in H5VL__native_dataset_open(): unable to open dataset
    major: Dataset
    minor: Can't open object
  #004: /pscratch/sd/n/nlewi26/src/hdf5/src/H5VLnative_dataset.c line 332 in H5VL__native_dataset_open(): unable to open dataset
    major: Dataset
    minor: Can't open object
  #004: /pscratch/sd/n/nlewi26/src/hdf5/src/H5VLnative_dataset.c line 332 in H5VL__native_dataset_open(): unable to open dataset
    major: Dataset
    minor: Can't open object
  #004: /pscratch/sd/n/nlewi26/src/hdf5/src/H5VLnative_dataset.c line 332 in H5VL__native_dataset_open(): unable to open dataset
    major: Dataset
    minor: Can't open object
  #004: /pscratch/sd/n/nlewi26/src/hdf5/src/H5VLnative_dataset.c line 332 in H5VL__native_dataset_open(): unable to open dataset
    major: Dataset
    minor: Can't open object
  #004: /pscratch/sd/n/nlewi26/src/hdf5/src/H5VLnative_dataset.c line 332 in H5VL__native_dataset_open(): unable to open dataset
    major: Dataset
    minor: Can't open object
  #004: /pscratch/sd/n/nlewi26/src/hdf5/src/H5VLnative_dataset.c line 332 in H5VL__native_dataset_open(): unable to open dataset
    major: Dataset
    minor: Can't open object
  #004: /pscratch/sd/n/nlewi26/src/hdf5/src/H5VLnative_dataset.c line 332 in H5VL__native_dataset_open(): unable to open dataset
    major: Dataset
    minor: Can't open object
  #004: /pscratch/sd/n/nlewi26/src/hdf5/src/H5VLnative_dataset.c line 332 in H5VL__native_dataset_open(): unable to open dataset
    major: Dataset
    minor: Can't open object
  #004: /pscratch/sd/n/nlewi26/src/hdf5/src/H5VLnative_dataset.c line 332 in H5VL__native_dataset_open(): unable to open dataset
    major: Dataset
    minor: Can't open object
  #004: /pscratch/sd/n/nlewi26/src/hdf5/src/H5VLnative_dataset.c line 332 in H5VL__native_dataset_open(): unable to open dataset
    major: Dataset
    minor: Can't open object
  #004: /pscratch/sd/n/nlewi26/src/hdf5/src/H5VLnative_dataset.c line 332 in H5VL__native_dataset_open(): unable to open dataset
    major: Dataset
    minor: Can't open object
  #004: /pscratch/sd/n/nlewi26/src/hdf5/src/H5VLnative_dataset.c line 332 in H5VL__native_dataset_open(): unable to open dataset
    major: Dataset
    minor: Can't open object
  #004: /pscratch/sd/n/nlewi26/src/hdf5/src/H5VLnative_dataset.c line 332 in H5VL__native_dataset_open(): unable to open dataset
    major: Dataset
    minor: Can't open object
  #004: /pscratch/sd/n/nlewi26/src/hdf5/src/H5VLnative_dataset.c line 332 in H5VL__native_dataset_open(): unable to open dataset
    major: Dataset
    minor: Can't open object
  #005: /pscratch/sd/n/nlewi26/src/hdf5/src/H5Dint.c line 1476 in H5D__open_name(): not found
    major: Dataset
    minor: Object not found
  #005: /pscratch/sd/n/nlewi26/src/hdf5/src/H5Dint.c line 1476 in H5D__open_name(): not found
    major: Dataset
    minor: Object not found
  #005: /pscratch/sd/n/nlewi26/src/hdf5/src/H5Dint.c line 1476 in H5D__open_name(): not found
    major: Dataset
    minor: Object not found
  #005: /pscratch/sd/n/nlewi26/src/hdf5/src/H5Dint.c line 1476 in H5D__open_name(): not found
    major: Dataset
    minor: Object not found
  #005: /pscratch/sd/n/nlewi26/src/hdf5/src/H5Dint.c line 1476 in H5D__open_name(): not found
    major: Dataset
    minor: Object not found
  #005: /pscratch/sd/n/nlewi26/src/hdf5/src/H5Dint.c line 1476 in H5D__open_name(): not found
    major: Dataset
    minor: Object not found
  #005: /pscratch/sd/n/nlewi26/src/hdf5/src/H5Dint.c line 1476 in H5D__open_name(): not found
    major: Dataset
    minor: Object not found
  #005: /pscratch/sd/n/nlewi26/src/hdf5/src/H5Dint.c line 1476 in H5D__open_name(): not found
    major: Dataset
    minor: Object not found
  #005: /pscratch/sd/n/nlewi26/src/hdf5/src/H5Dint.c line 1476 in H5D__open_name(): not found
    major: Dataset
    minor: Object not found
  #005: /pscratch/sd/n/nlewi26/src/hdf5/src/H5Dint.c line 1476 in H5D__open_name(): not found
    major: Dataset
    minor: Object not found
  #005: /pscratch/sd/n/nlewi26/src/hdf5/src/H5Dint.c line 1476 in H5D__open_name(): not found
    major: Dataset
    minor: Object not found
  #005: /pscratch/sd/n/nlewi26/src/hdf5/src/H5Dint.c line 1476 in H5D__open_name(): not found
    major: Dataset
    minor: Object not found
  #005: /pscratch/sd/n/nlewi26/src/hdf5/src/H5Dint.c line 1476 in H5D__open_name(): not found
    major: Dataset
    minor: Object not found
  #005: /pscratch/sd/n/nlewi26/src/hdf5/src/H5Dint.c line 1476 in H5D__open_name(): not found
    major: Dataset
    minor: Object not found
  #005: /pscratch/sd/n/nlewi26/src/hdf5/src/H5Dint.c line 1476 in H5D__open_name(): not found
    major: Dataset
    minor: Object not found
  #005: /pscratch/sd/n/nlewi26/src/hdf5/src/H5Dint.c line 1476 in H5D__open_name(): not found
    major: Dataset
    minor: Object not found
  #005: /pscratch/sd/n/nlewi26/src/hdf5/src/H5Dint.c line 1476 in H5D__open_name(): not found
    major: Dataset
    minor: Object not found
  #005: /pscratch/sd/n/nlewi26/src/hdf5/src/H5Dint.c line 1476 in H5D__open_name(): not found
    major: Dataset
    minor: Object not found
  #005: /pscratch/sd/n/nlewi26/src/hdf5/src/H5Dint.c line 1476 in H5D__open_name(): not found
    major: Dataset
    minor: Object not found
  #005: /pscratch/sd/n/nlewi26/src/hdf5/src/H5Dint.c line 1476 in H5D__open_name(): not found
    major: Dataset
    minor: Object not found
  #005: /pscratch/sd/n/nlewi26/src/hdf5/src/H5Dint.c line 1476 in H5D__open_name(): not found
    major: Dataset
    minor: Object not found
  #005: /pscratch/sd/n/nlewi26/src/hdf5/src/H5Dint.c line 1476 in H5D__open_name(): not found
    major: Dataset
    minor: Object not found
  #005: /pscratch/sd/n/nlewi26/src/hdf5/src/H5Dint.c line 1476 in H5D__open_name(): not found
    major: Dataset
    minor: Object not found
  #005: /pscratch/sd/n/nlewi26/src/hdf5/src/H5Dint.c line 1476 in H5D__open_name(): not found
    major: Dataset
    minor: Object not found
  #005: /pscratch/sd/n/nlewi26/src/hdf5/src/H5Dint.c line 1476 in H5D__open_name(): not found
    major: Dataset
    minor: Object not found
  #005: /pscratch/sd/n/nlewi26/src/hdf5/src/H5Dint.c line 1476 in H5D__open_name(): not found
    major: Dataset
    minor: Object not found
  #005: /pscratch/sd/n/nlewi26/src/hdf5/src/H5Dint.c line 1476 in H5D__open_name(): not found
    major: Dataset
    minor: Object not found
  #005: /pscratch/sd/n/nlewi26/src/hdf5/src/H5Dint.c line 1476 in H5D__open_name(): not found
    major: Dataset
    minor: Object not found
  #005: /pscratch/sd/n/nlewi26/src/hdf5/src/H5Dint.c line 1476 in H5D__open_name(): not found
    major: Dataset
    minor: Object not found
  #005: /pscratch/sd/n/nlewi26/src/hdf5/src/H5Dint.c line 1476 in H5D__open_name(): not found
    major: Dataset
    minor: Object not found
  #005: /pscratch/sd/n/nlewi26/src/hdf5/src/H5Dint.c line 1476 in H5D__open_name(): not found
    major: Dataset
    minor: Object not found
  #005: /pscratch/sd/n/nlewi26/src/hdf5/src/H5Dint.c line 1476 in H5D__open_name(): not found
    major: Dataset
    minor: Object not found
  #006: /pscratch/sd/n/nlewi26/src/hdf5/src/H5Gloc.c line 424 in H5G_loc_find(): can't find object
    major: Symbol table
    minor: Object not found
  #006: /pscratch/sd/n/nlewi26/src/hdf5/src/H5Gloc.c line 424 in H5G_loc_find(): can't find object
    major: Symbol table
    minor: Object not found
  #007: /pscratch/sd/n/nlewi26/src/hdf5/src/H5Gtraverse.c line 846 in H5G_traverse(): internal path traversal failed
    major: Symbol table
    minor: Object not found
  #008: /pscratch/sd/n/nlewi26/src/hdf5/src/H5Gtraverse.c line 618 in H5G__traverse_real(): traversal operator failed
    major: Symbol table
    minor: Callback failed
  #007: /pscratch/sd/n/nlewi26/src/hdf5/src/H5Gtraverse.c line 846 in H5G_traverse(): internal path traversal failed
    major: Symbol table
    minor: Object not found
  #008: /pscratch/sd/n/nlewi26/src/hdf5/src/H5Gtraverse.c line 618 in H5G__traverse_real(): traversal operator failed
    major: Symbol table
    minor: Callback failed
  #009: /pscratch/sd/n/nlewi26/src/hdf5/src/H5Gloc.c line 381 in H5G__loc_find_cb(): object 'curl_x' doesn't exist
    major: Symbol table
    minor: Object not found
H5Dopen2 failed
  #006: /pscratch/sd/n/nlewi26/src/hdf5/src/H5Gloc.c line 424 in H5G_loc_find(): can't find object
    major: Symbol table
    minor: Object not found
  #007: /pscratch/sd/n/nlewi26/src/hdf5/src/H5Gtraverse.c line 846 in H5G_traverse(): internal path traversal failed
    major: Symbol table
    minor: Object not found
  #008: /pscratch/sd/n/nlewi26/src/hdf5/src/H5Gtraverse.c line 618 in H5G__traverse_real(): traversal operator failed
    major: Symbol table
    minor: Callback failed
  #009: /pscratch/sd/n/nlewi26/src/hdf5/src/H5Gloc.c line 381 in H5G__loc_find_cb(): object 'curl_x' doesn't exist
    major: Symbol table
    minor: Object not found
H5Dopen2 failed
  #006: /pscratch/sd/n/nlewi26/src/hdf5/src/H5Gloc.c line 424 in H5G_loc_find(): can't find object
    major: Symbol table
    minor: Object not found
  #007: /pscratch/sd/n/nlewi26/src/hdf5/src/H5Gtraverse.c line 846 in H5G_traverse(): internal path traversal failed
    major: Symbol table
    minor: Object not found
  #008: /pscratch/sd/n/nlewi26/src/hdf5/src/H5Gtraverse.c line 618 in H5G__traverse_real(): traversal operator failed
    major: Symbol table
    minor: Callback failed
  #009: /pscratch/sd/n/nlewi26/src/hdf5/src/H5Gloc.c line 381 in H5G__loc_find_cb(): object 'curl_x' doesn't exist
    major: Symbol table
    minor: Object not found
H5Dopen2 failed
  #006: /pscratch/sd/n/nlewi26/src/hdf5/src/H5Gloc.c line 424 in H5G_loc_find(): can't find object
    major: Symbol table
    minor: Object not found
  #007: /pscratch/sd/n/nlewi26/src/hdf5/src/H5Gtraverse.c line 846 in H5G_traverse(): internal path traversal failed
    major: Symbol table
    minor: Object not found
  #008: /pscratch/sd/n/nlewi26/src/hdf5/src/H5Gtraverse.c line 618 in H5G__traverse_real(): traversal operator failed
    major: Symbol table
    minor: Callback failed
  #009: /pscratch/sd/n/nlewi26/src/hdf5/src/H5Gloc.c line 381 in H5G__loc_find_cb(): object 'curl_x' doesn't exist
    major: Symbol table
    minor: Object not found
H5Dopen2 failed
  #009: /pscratch/sd/n/nlewi26/src/hdf5/src/H5Gloc.c line 381 in H5G__loc_find_cb(): object 'curl_x' doesn't exist
    major: Symbol table
    minor: Object not found
H5Dopen2 failed
  #006: /pscratch/sd/n/nlewi26/src/hdf5/src/H5Gloc.c line 424 in H5G_loc_find(): can't find object
    major: Symbol table
    minor: Object not found
  #007: /pscratch/sd/n/nlewi26/src/hdf5/src/H5Gtraverse.c line 846 in H5G_traverse(): internal path traversal failed
    major: Symbol table
    minor: Object not found
  #008: /pscratch/sd/n/nlewi26/src/hdf5/src/H5Gtraverse.c line 618 in H5G__traverse_real(): traversal operator failed
    major: Symbol table
    minor: Callback failed
  #009: /pscratch/sd/n/nlewi26/src/hdf5/src/H5Gloc.c line 381 in H5G__loc_find_cb(): object 'curl_x' doesn't exist
    major: Symbol table
    minor: Object not found
H5Dopen2 failed
  #006: /pscratch/sd/n/nlewi26/src/hdf5/src/H5Gloc.c line 424 in H5G_loc_find(): can't find object
    major: Symbol table
    minor: Object not found
  #007: /pscratch/sd/n/nlewi26/src/hdf5/src/H5Gtraverse.c line 846 in H5G_traverse(): internal path traversal failed
    major: Symbol table
    minor: Object not found
  #008: /pscratch/sd/n/nlewi26/src/hdf5/src/H5Gtraverse.c line 618 in H5G__traverse_real(): traversal operator failed
    major: Symbol table
    minor: Callback failed
  #009: /pscratch/sd/n/nlewi26/src/hdf5/src/H5Gloc.c line 381 in H5G__loc_find_cb(): object 'curl_x' doesn't exist
    major: Symbol table
    minor: Object not found
H5Dopen2 failed
  #006: /pscratch/sd/n/nlewi26/src/hdf5/src/H5Gloc.c line 424 in H5G_loc_find(): can't find object
    major: Symbol table
    minor: Object not found
  #007: /pscratch/sd/n/nlewi26/src/hdf5/src/H5Gtraverse.c line 846 in H5G_traverse(): internal path traversal failed
    major: Symbol table
    minor: Object not found
  #008: /pscratch/sd/n/nlewi26/src/hdf5/src/H5Gtraverse.c line 618 in H5G__traverse_real(): traversal operator failed
    major: Symbol table
    minor: Callback failed
  #009: /pscratch/sd/n/nlewi26/src/hdf5/src/H5Gloc.c line 381 in H5G__loc_find_cb(): object 'curl_x' doesn't exist
    major: Symbol table
    minor: Object not found
H5Dopen2 failed
  #006: /pscratch/sd/n/nlewi26/src/hdf5/src/H5Gloc.c line 424 in H5G_loc_find(): can't find object
    major: Symbol table
    minor: Object not found
  #007: /pscratch/sd/n/nlewi26/src/hdf5/src/H5Gtraverse.c line 846 in H5G_traverse(): internal path traversal failed
    major: Symbol table
    minor: Object not found
  #008: /pscratch/sd/n/nlewi26/src/hdf5/src/H5Gtraverse.c line 618 in H5G__traverse_real(): traversal operator failed
    major: Symbol table
    minor: Callback failed
  #009: /pscratch/sd/n/nlewi26/src/hdf5/src/H5Gloc.c line 381 in H5G__loc_find_cb(): object 'curl_x' doesn't exist
    major: Symbol table
    minor: Object not found
H5Dopen2 failed
MPICH ERROR [Rank 19] [job id 58702648.1] [Mon Sep 21 11:17:34 2026] [nid006837] - Abort(1) (rank 19 in comm 0): application called MPI_Abort(MPI_COMM_WORLD, 1) - process 19

aborting job:
application called MPI_Abort(MPI_COMM_WORLD, 1) - process 19
  #006: /pscratch/sd/n/nlewi26/src/hdf5/src/H5Gloc.c line 424 in H5G_loc_find(): can't find object
    major: Symbol table
    minor: Object not found
  #007: /pscratch/sd/n/nlewi26/src/hdf5/src/H5Gtraverse.c line 846 in H5G_traverse(): internal path traversal failed
    major: Symbol table
    minor: Object not found
  #008: /pscratch/sd/n/nlewi26/src/hdf5/src/H5Gtraverse.c line 618 in H5G__traverse_real(): traversal operator failed
    major: Symbol table
    minor: Callback failed
  #009: /pscratch/sd/n/nlewi26/src/hdf5/src/H5Gloc.c line 381 in H5G__loc_find_cb(): object 'curl_x' doesn't exist
    major: Symbol table
    minor: Object not found
H5Dopen2 failed
MPICH ERROR [Rank 20] [job id 58702648.1] [Mon Sep 21 11:17:34 2026] [nid006837] - Abort(1) (rank 20 in comm 0): application called MPI_Abort(MPI_COMM_WORLD, 1) - process 20
  #006: /pscratch/sd/n/nlewi26/src/hdf5/src/H5Gloc.c line 424 in H5G_loc_find(): can't find object
    major: Symbol table
    minor: Object not found
  #007: /pscratch/sd/n/nlewi26/src/hdf5/src/H5Gtraverse.c line 846 in H5G_traverse(): internal path traversal failed
    major: Symbol table
    minor: Object not found
  #008: /pscratch/sd/n/nlewi26/src/hdf5/src/H5Gtraverse.c line 618 in H5G__traverse_real(): traversal operator failed
    major: Symbol table
    minor: Callback failed
  #009: /pscratch/sd/n/nlewi26/src/hdf5/src/H5Gloc.c line 381 in H5G__loc_find_cb(): object 'curl_x' doesn't exist
    major: Symbol table
    minor: Object not found
H5Dopen2 failed
MPICH ERROR [Rank 27] [job id 58702648.1] [Mon Sep 21 11:17:34 2026] [nid006837] - Abort(1) (rank 27 in comm 0): application called MPI_Abort(MPI_COMM_WORLD, 1) - process 27

aborting job:
application called MPI_Abort(MPI_COMM_WORLD, 1) - process 27
  #006: /pscratch/sd/n/nlewi26/src/hdf5/src/H5Gloc.c line 424 in H5G_loc_find(): can't find object
    major: Symbol table
    minor: Object not found
  #007: /pscratch/sd/n/nlewi26/src/hdf5/src/H5Gtraverse.c line 846 in H5G_traverse(): internal path traversal failed
    major: Symbol table
    minor: Object not found
  #008: /pscratch/sd/n/nlewi26/src/hdf5/src/H5Gtraverse.c line 618 in H5G__traverse_real(): traversal operator failed
    major: Symbol table
    minor: Callback failed
  #009: /pscratch/sd/n/nlewi26/src/hdf5/src/H5Gloc.c line 381 in H5G__loc_find_cb(): object 'curl_x' doesn't exist
    major: Symbol table
    minor: Object not found
H5Dopen2 failed
MPICH ERROR [Rank 29] [job id 58702648.1] [Mon Sep 21 11:17:34 2026] [nid006837] - Abort(1) (rank 29 in comm 0): application called MPI_Abort(MPI_COMM_WORLD, 1) - process 29

aborting job:
application called MPI_Abort(MPI_COMM_WORLD, 1) - process 29
  #006: /pscratch/sd/n/nlewi26/src/hdf5/src/H5Gloc.c line 424 in H5G_loc_find(): can't find object
    major: Symbol table
    minor: Object not found
  #007: /pscratch/sd/n/nlewi26/src/hdf5/src/H5Gtraverse.c line 846 in H5G_traverse(): internal path traversal failed
    major: Symbol table
    minor: Object not found
  #008: /pscratch/sd/n/nlewi26/src/hdf5/src/H5Gtraverse.c line 618 in H5G__traverse_real(): traversal operator failed
    major: Symbol table
    minor: Callback failed
  #009: /pscratch/sd/n/nlewi26/src/hdf5/src/H5Gloc.c line 381 in H5G__loc_find_cb(): object 'curl_x' doesn't exist
    major: Symbol table
    minor: Object not found
H5Dopen2 failed
MPICH ERROR [Rank 0] [job id 58702648.1] [Mon Sep 21 11:17:34 2026] [nid006837] - Abort(1) (rank 0 in comm 0): application called MPI_Abort(MPI_COMM_WORLD, 1) - process 0

aborting job:
application called MPI_Abort(MPI_COMM_WORLD, 1) - process 0
MPICH ERROR [Rank 1] [job id 58702648.1] [Mon Sep 21 11:17:34 2026] [nid006837] - Abort(1) (rank 1 in comm 0): application called MPI_Abort(MPI_COMM_WORLD, 1) - process 1

aborting job:
application called MPI_Abort(MPI_COMM_WORLD, 1) - process 1
  #006: /pscratch/sd/n/nlewi26/src/hdf5/src/H5Gloc.c line 424 in H5G_loc_find(): can't find object
    major: Symbol table
    minor: Object not found
  #007: /pscratch/sd/n/nlewi26/src/hdf5/src/H5Gtraverse.c line 846 in H5G_traverse(): internal path traversal failed
    major: Symbol table
    minor: Object not found
  #008: /pscratch/sd/n/nlewi26/src/hdf5/src/H5Gtraverse.c line 618 in H5G__traverse_real(): traversal operator failed
    major: Symbol table
    minor: Callback failed
  #009: /pscratch/sd/n/nlewi26/src/hdf5/src/H5Gloc.c line 381 in H5G__loc_find_cb(): object 'curl_x' doesn't exist
    major: Symbol table
    minor: Object not found
H5Dopen2 failed
  #006: /pscratch/sd/n/nlewi26/src/hdf5/src/H5Gloc.c line 424 in H5G_loc_find(): can't find object
    major: Symbol table
    minor: Object not found
  #006: /pscratch/sd/n/nlewi26/src/hdf5/src/H5Gloc.c line 424 in H5G_loc_find(): can't find object
    major: Symbol table
    minor: Object not found
  #006: /pscratch/sd/n/nlewi26/src/hdf5/src/H5Gloc.c line 424 in H5G_loc_find(): can't find object
    major: Symbol table
    minor: Object not found
MPICH ERROR [Rank 6] [job id 58702648.1] [Mon Sep 21 11:17:34 2026] [nid006837] - Abort(1) (rank 6 in comm 0): application called MPI_Abort(MPI_COMM_WORLD, 1) - process 6

aborting job:
application called MPI_Abort(MPI_COMM_WORLD, 1) - process 6
  #006: /pscratch/sd/n/nlewi26/src/hdf5/src/H5Gloc.c line 424 in H5G_loc_find(): can't find object
    major: Symbol table
    minor: Object not found
  #007: /pscratch/sd/n/nlewi26/src/hdf5/src/H5Gtraverse.c line 846 in H5G_traverse(): internal path traversal failed
    major: Symbol table
    minor: Object not found
  #008: /pscratch/sd/n/nlewi26/src/hdf5/src/H5Gtraverse.c line 618 in H5G__traverse_real(): traversal operator failed
    major: Symbol table
    minor: Callback failed
  #009: /pscratch/sd/n/nlewi26/src/hdf5/src/H5Gloc.c line 381 in H5G__loc_find_cb(): object 'curl_x' doesn't exist
    major: Symbol table
    minor: Object not found
H5Dopen2 failed
MPICH ERROR [Rank 7] [job id 58702648.1] [Mon Sep 21 11:17:34 2026] [nid006837] - Abort(1) (rank 7 in comm 0): application called MPI_Abort(MPI_COMM_WORLD, 1) - process 7

aborting job:
application called MPI_Abort(MPI_COMM_WORLD, 1) - process 7
MPICH ERROR [Rank 8] [job id 58702648.1] [Mon Sep 21 11:17:34 2026] [nid006837] - Abort(1) (rank 8 in comm 0): application called MPI_Abort(MPI_COMM_WORLD, 1) - process 8

aborting job:
application called MPI_Abort(MPI_COMM_WORLD, 1) - process 8
  #006: /pscratch/sd/n/nlewi26/src/hdf5/src/H5Gloc.c line 424 in H5G_loc_find(): can't find object
    major: Symbol table
    minor: Object not found
  #007: /pscratch/sd/n/nlewi26/src/hdf5/src/H5Gtraverse.c line 846 in H5G_traverse(): internal path traversal failed
    major: Symbol table
    minor: Object not found
  #008: /pscratch/sd/n/nlewi26/src/hdf5/src/H5Gtraverse.c line 618 in H5G__traverse_real(): traversal operator failed
    major: Symbol table
    minor: Callback failed
  #009: /pscratch/sd/n/nlewi26/src/hdf5/src/H5Gloc.c line 381 in H5G__loc_find_cb(): object 'curl_x' doesn't exist
    major: Symbol table
    minor: Object not found
H5Dopen2 failed
MPICH ERROR [Rank 9] [job id 58702648.1] [Mon Sep 21 11:17:34 2026] [nid006837] - Abort(1) (rank 9 in comm 0): application called MPI_Abort(MPI_COMM_WORLD, 1) - process 9

aborting job:
application called MPI_Abort(MPI_COMM_WORLD, 1) - process 9
MPICH ERROR [Rank 11] [job id 58702648.1] [Mon Sep 21 11:17:34 2026] [nid006837] - Abort(1) (rank 11 in comm 0): application called MPI_Abort(MPI_COMM_WORLD, 1) - process 11

aborting job:
application called MPI_Abort(MPI_COMM_WORLD, 1) - process 11
  #006: /pscratch/sd/n/nlewi26/src/hdf5/src/H5Gloc.c line 424 in H5G_loc_find(): can't find object
    major: Symbol table
    minor: Object not found
  #007: /pscratch/sd/n/nlewi26/src/hdf5/src/H5Gtraverse.c line 846 in H5G_traverse(): internal path traversal failed
    major: Symbol table
    minor: Object not found
  #008: /pscratch/sd/n/nlewi26/src/hdf5/src/H5Gtraverse.c line 618 in H5G__traverse_real(): traversal operator failed
    major: Symbol table
    minor: Callback failed
  #009: /pscratch/sd/n/nlewi26/src/hdf5/src/H5Gloc.c line 381 in H5G__loc_find_cb(): object 'curl_x' doesn't exist
    major: Symbol table
    minor: Object not found
H5Dopen2 failed
MPICH ERROR [Rank 12] [job id 58702648.1] [Mon Sep 21 11:17:34 2026] [nid006837] - Abort(1) (rank 12 in comm 0): application called MPI_Abort(MPI_COMM_WORLD, 1) - process 12

aborting job:
application called MPI_Abort(MPI_COMM_WORLD, 1) - process 12
  #006: /pscratch/sd/n/nlewi26/src/hdf5/src/H5Gloc.c line 424 in H5G_loc_find(): can't find object
    major: Symbol table
    minor: Object not found
  #007: /pscratch/sd/n/nlewi26/src/hdf5/src/H5Gtraverse.c line 846 in H5G_traverse(): internal path traversal failed
    major: Symbol table
    minor: Object not found
  #008: /pscratch/sd/n/nlewi26/src/hdf5/src/H5Gtraverse.c line 618 in H5G__traverse_real(): traversal operator failed
    major: Symbol table
    minor: Callback failed
  #009: /pscratch/sd/n/nlewi26/src/hdf5/src/H5Gloc.c line 381 in H5G__loc_find_cb(): object 'curl_x' doesn't exist
    major: Symbol table
    minor: Object not found
H5Dopen2 failed
MPICH ERROR [Rank 13] [job id 58702648.1] [Mon Sep 21 11:17:34 2026] [nid006837] - Abort(1) (rank 13 in comm 0): application called MPI_Abort(MPI_COMM_WORLD, 1) - process 13

aborting job:
application called MPI_Abort(MPI_COMM_WORLD, 1) - process 13
  #006: /pscratch/sd/n/nlewi26/src/hdf5/src/H5Gloc.c line 424 in H5G_loc_find(): can't find object
    major: Symbol table
    minor: Object not found
  #007: /pscratch/sd/n/nlewi26/src/hdf5/src/H5Gtraverse.c line 846 in H5G_traverse(): internal path traversal failed
    major: Symbol table
    minor: Object not found
  #008: /pscratch/sd/n/nlewi26/src/hdf5/src/H5Gtraverse.c line 618 in H5G__traverse_real(): traversal operator failed
    major: Symbol table
    minor: Callback failed
  #009: /pscratch/sd/n/nlewi26/src/hdf5/src/H5Gloc.c line 381 in H5G__loc_find_cb(): object 'curl_x' doesn't exist
    major: Symbol table
    minor: Object not found
H5Dopen2 failed
MPICH ERROR [Rank 14] [job id 58702648.1] [Mon Sep 21 11:17:34 2026] [nid006837] - Abort(1) (rank 14 in comm 0): application called MPI_Abort(MPI_COMM_WORLD, 1) - process 14

aborting job:
application called MPI_Abort(MPI_COMM_WORLD, 1) - process 14
  #006: /pscratch/sd/n/nlewi26/src/hdf5/src/H5Gloc.c line 424 in H5G_loc_find(): can't find object
    major: Symbol table
    minor: Object not found
  #007: /pscratch/sd/n/nlewi26/src/hdf5/src/H5Gtraverse.c line 846 in H5G_traverse(): internal path traversal failed
    major: Symbol table
    minor: Object not found
  #008: /pscratch/sd/n/nlewi26/src/hdf5/src/H5Gtraverse.c line 618 in H5G__traverse_real(): traversal operator failed
    major: Symbol table
    minor: Callback failed
  #009: /pscratch/sd/n/nlewi26/src/hdf5/src/H5Gloc.c line 381 in H5G__loc_find_cb(): object 'curl_x' doesn't exist
    major: Symbol table
    minor: Object not found
H5Dopen2 failed
MPICH ERROR [Rank 15] [job id 58702648.1] [Mon Sep 21 11:17:34 2026] [nid006837] - Abort(1) (rank 15 in comm 0): application called MPI_Abort(MPI_COMM_WORLD, 1) - process 15

  #006: /pscratch/sd/n/nlewi26/src/hdf5/src/H5Gloc.c line 424 in H5G_loc_find(): can't find object
    major: Symbol table
    minor: Object not found
  #007: /pscratch/sd/n/nlewi26/src/hdf5/src/H5Gtraverse.c line 846 in H5G_traverse(): internal path traversal failed
    major: Symbol table
    minor: Object not found
  #008: /pscratch/sd/n/nlewi26/src/hdf5/src/H5Gtraverse.c line 618 in H5G__traverse_real(): traversal operator failed
    major: Symbol table
    minor: Callback failed
  #009: /pscratch/sd/n/nlewi26/src/hdf5/src/H5Gloc.c line 381 in H5G__loc_find_cb(): object 'curl_x' doesn't exist
    major: Symbol table
    minor: Object not found
H5Dopen2 failed
MPICH ERROR [Rank 17] [job id 58702648.1] [Mon Sep 21 11:17:34 2026] [nid006837] - Abort(1) (rank 17 in comm 0): application called MPI_Abort(MPI_COMM_WORLD, 1) - process 17

aborting job:
application called MPI_Abort(MPI_COMM_WORLD, 1) - process 17
MPICH ERROR [Rank 18] [job id 58702648.1] [Mon Sep 21 11:17:34 2026] [nid006837] - Abort(1) (rank 18 in comm 0): application called MPI_Abort(MPI_COMM_WORLD, 1) - process 18

aborting job:
application called MPI_Abort(MPI_COMM_WORLD, 1) - process 18

aborting job:
application called MPI_Abort(MPI_COMM_WORLD, 1) - process 20
MPICH ERROR [Rank 21] [job id 58702648.1] [Mon Sep 21 11:17:34 2026] [nid006837] - Abort(1) (rank 21 in comm 0): application called MPI_Abort(MPI_COMM_WORLD, 1) - process 21

aborting job:
application called MPI_Abort(MPI_COMM_WORLD, 1) - process 21
MPICH ERROR [Rank 23] [job id 58702648.1] [Mon Sep 21 11:17:34 2026] [nid006837] - Abort(1) (rank 23 in comm 0): application called MPI_Abort(MPI_COMM_WORLD, 1) - process 23

aborting job:
application called MPI_Abort(MPI_COMM_WORLD, 1) - process 23
  #006: /pscratch/sd/n/nlewi26/src/hdf5/src/H5Gloc.c line 424 in H5G_loc_find(): can't find object
    major: Symbol table
    minor: Object not found
  #007: /pscratch/sd/n/nlewi26/src/hdf5/src/H5Gtraverse.c line 846 in H5G_traverse(): internal path traversal failed
    major: Symbol table
    minor: Object not found
  #008: /pscratch/sd/n/nlewi26/src/hdf5/src/H5Gtraverse.c line 618 in H5G__traverse_real(): traversal operator failed
    major: Symbol table
    minor: Callback failed
  #009: /pscratch/sd/n/nlewi26/src/hdf5/src/H5Gloc.c line 381 in H5G__loc_find_cb(): object 'curl_x' doesn't exist
    major: Symbol table
    minor: Object not found
H5Dopen2 failed
MPICH ERROR [Rank 24] [job id 58702648.1] [Mon Sep 21 11:17:34 2026] [nid006837] - Abort(1) (rank 24 in comm 0): application called MPI_Abort(MPI_COMM_WORLD, 1) - process 24

aborting job:
application called MPI_Abort(MPI_COMM_WORLD, 1) - process 24
  #006: /pscratch/sd/n/nlewi26/src/hdf5/src/H5Gloc.c line 424 in H5G_loc_find(): can't find object
    major: Symbol table
    minor: Object not found
  #007: /pscratch/sd/n/nlewi26/src/hdf5/src/H5Gtraverse.c line 846 in H5G_traverse(): internal path traversal failed
    major: Symbol table
    minor: Object not found
  #008: /pscratch/sd/n/nlewi26/src/hdf5/src/H5Gtraverse.c line 618 in H5G__traverse_real(): traversal operator failed
    major: Symbol table
    minor: Callback failed
  #009: /pscratch/sd/n/nlewi26/src/hdf5/src/H5Gloc.c line 381 in H5G__loc_find_cb(): object 'curl_x' doesn't exist
    major: Symbol table
    minor: Object not found
H5Dopen2 failed
MPICH ERROR [Rank 25] [job id 58702648.1] [Mon Sep 21 11:17:34 2026] [nid006837] - Abort(1) (rank 25 in comm 0): application called MPI_Abort(MPI_COMM_WORLD, 1) - process 25

aborting job:
application called MPI_Abort(MPI_COMM_WORLD, 1) - process 25
  #006: /pscratch/sd/n/nlewi26/src/hdf5/src/H5Gloc.c line 424 in H5G_loc_find(): can't find object
    major: Symbol table
    minor: Object not found
  #007: /pscratch/sd/n/nlewi26/src/hdf5/src/H5Gtraverse.c line 846 in H5G_traverse(): internal path traversal failed
    major: Symbol table
    minor: Object not found
  #008: /pscratch/sd/n/nlewi26/src/hdf5/src/H5Gtraverse.c line 618 in H5G__traverse_real(): traversal operator failed
    major: Symbol table
    minor: Callback failed
  #009: /pscratch/sd/n/nlewi26/src/hdf5/src/H5Gloc.c line 381 in H5G__loc_find_cb(): object 'curl_x' doesn't exist
    major: Symbol table
    minor: Object not found
H5Dopen2 failed
MPICH ERROR [Rank 26] [job id 58702648.1] [Mon Sep 21 11:17:34 2026] [nid006837] - Abort(1) (rank 26 in comm 0): application called MPI_Abort(MPI_COMM_WORLD, 1) - process 26

aborting job:
application called MPI_Abort(MPI_COMM_WORLD, 1) - process 26
  #006: /pscratch/sd/n/nlewi26/src/hdf5/src/H5Gloc.c line 424 in H5G_loc_find(): can't find object
    major: Symbol table
    minor: Object not found
  #007: /pscratch/sd/n/nlewi26/src/hdf5/src/H5Gtraverse.c line 846 in H5G_traverse(): internal path traversal failed
    major: Symbol table
    minor: Object not found
  #008: /pscratch/sd/n/nlewi26/src/hdf5/src/H5Gtraverse.c line 618 in H5G__traverse_real(): traversal operator failed
    major: Symbol table
    minor: Callback failed
  #009: /pscratch/sd/n/nlewi26/src/hdf5/src/H5Gloc.c line 381 in H5G__loc_find_cb(): object 'curl_x' doesn't exist
    major: Symbol table
    minor: Object not found
H5Dopen2 failed
MPICH ERROR [Rank 30] [job id 58702648.1] [Mon Sep 21 11:17:34 2026] [nid006837] - Abort(1) (rank 30 in comm 0): application called MPI_Abort(MPI_COMM_WORLD, 1) - process 30

aborting job:
application called MPI_Abort(MPI_COMM_WORLD, 1) - process 30
  #006: /pscratch/sd/n/nlewi26/src/hdf5/src/H5Gloc.c line 424 in H5G_loc_find(): can't find object
    major: Symbol table
    minor: Object not found
  #007: /pscratch/sd/n/nlewi26/src/hdf5/src/H5Gtraverse.c line 846 in H5G_traverse(): internal path traversal failed
    major: Symbol table
    minor: Object not found
  #008: /pscratch/sd/n/nlewi26/src/hdf5/src/H5Gtraverse.c line 618 in H5G__traverse_real(): traversal operator failed
    major: Symbol table
    minor: Callback failed
  #009: /pscratch/sd/n/nlewi26/src/hdf5/src/H5Gloc.c line 381 in H5G__loc_find_cb(): object 'curl_x' doesn't exist
    major: Symbol table
    minor: Object not found
H5Dopen2 failed
MPICH ERROR [Rank 31] [job id 58702648.1] [Mon Sep 21 11:17:34 2026] [nid006837] - Abort(1) (rank 31 in comm 0): application called MPI_Abort(MPI_COMM_WORLD, 1) - process 31

aborting job:
application called MPI_Abort(MPI_COMM_WORLD, 1) - process 31
MPICH ERROR [Rank 2] [job id 58702648.1] [Mon Sep 21 11:17:34 2026] [nid006837] - Abort(1) (rank 2 in comm 0): application called MPI_Abort(MPI_COMM_WORLD, 1) - process 2

aborting job:
application called MPI_Abort(MPI_COMM_WORLD, 1) - process 2
  #007: /pscratch/sd/n/nlewi26/src/hdf5/src/H5Gtraverse.c line 846 in H5G_traverse(): internal path traversal failed
    major: Symbol table
    minor: Object not found
  #008: /pscratch/sd/n/nlewi26/src/hdf5/src/H5Gtraverse.c line 618 in H5G__traverse_real(): traversal operator failed
    major: Symbol table
    minor: Callback failed
  #009: /pscratch/sd/n/nlewi26/src/hdf5/src/H5Gloc.c line 381 in H5G__loc_find_cb(): object 'curl_x' doesn't exist
    major: Symbol table
    minor: Object not found
H5Dopen2 failed
MPICH ERROR [Rank 3] [job id 58702648.1] [Mon Sep 21 11:17:34 2026] [nid006837] - Abort(1) (rank 3 in comm 0): application called MPI_Abort(MPI_COMM_WORLD, 1) - process 3

aborting job:
application called MPI_Abort(MPI_COMM_WORLD, 1) - process 3
  #007: /pscratch/sd/n/nlewi26/src/hdf5/src/H5Gtraverse.c line 846 in H5G_traverse(): internal path traversal failed
    major: Symbol table
    minor: Object not found
  #008: /pscratch/sd/n/nlewi26/src/hdf5/src/H5Gtraverse.c line 618 in H5G__traverse_real(): traversal operator failed
    major: Symbol table
    minor: Callback failed
  #009: /pscratch/sd/n/nlewi26/src/hdf5/src/H5Gloc.c line 381 in H5G__loc_find_cb(): object 'curl_x' doesn't exist
    major: Symbol table
    minor: Object not found
H5Dopen2 failed
MPICH ERROR [Rank 4] [job id 58702648.1] [Mon Sep 21 11:17:34 2026] [nid006837] - Abort(1) (rank 4 in comm 0): application called MPI_Abort(MPI_COMM_WORLD, 1) - process 4

aborting job:
application called MPI_Abort(MPI_COMM_WORLD, 1) - process 4
  #007: /pscratch/sd/n/nlewi26/src/hdf5/src/H5Gtraverse.c line 846 in H5G_traverse(): internal path traversal failed
    major: Symbol table
    minor: Object not found
  #008: /pscratch/sd/n/nlewi26/src/hdf5/src/H5Gtraverse.c line 618 in H5G__traverse_real(): traversal operator failed
    major: Symbol table
    minor: Callback failed
  #009: /pscratch/sd/n/nlewi26/src/hdf5/src/H5Gloc.c line 381 in H5G__loc_find_cb(): object 'curl_x' doesn't exist
    major: Symbol table
    minor: Object not found
H5Dopen2 failed
MPICH ERROR [Rank 5] [job id 58702648.1] [Mon Sep 21 11:17:34 2026] [nid006837] - Abort(1) (rank 5 in comm 0): application called MPI_Abort(MPI_COMM_WORLD, 1) - process 5

aborting job:
application called MPI_Abort(MPI_COMM_WORLD, 1) - process 5
  #006: /pscratch/sd/n/nlewi26/src/hdf5/src/H5Gloc.c line 424 in H5G_loc_find(): can't find object
    major: Symbol table
    minor: Object not found
  #007: /pscratch/sd/n/nlewi26/src/hdf5/src/H5Gtraverse.c line 846 in H5G_traverse(): internal path traversal failed
    major: Symbol table
    minor: Object not found
  #008: /pscratch/sd/n/nlewi26/src/hdf5/src/H5Gtraverse.c line 618 in H5G__traverse_real(): traversal operator failed
    major: Symbol table
    minor: Callback failed
  #009: /pscratch/sd/n/nlewi26/src/hdf5/src/H5Gloc.c line 381 in H5G__loc_find_cb(): object 'curl_x' doesn't exist
    major: Symbol table
    minor: Object not found
H5Dopen2 failed
MPICH ERROR [Rank 10] [job id 58702648.1] [Mon Sep 21 11:17:34 2026] [nid006837] - Abort(1) (rank 10 in comm 0): application called MPI_Abort(MPI_COMM_WORLD, 1) - process 10

aborting job:
application called MPI_Abort(MPI_COMM_WORLD, 1) - process 10
aborting job:
application called MPI_Abort(MPI_COMM_WORLD, 1) - process 15
MPICH ERROR [Rank 16] [job id 58702648.1] [Mon Sep 21 11:17:34 2026] [nid006837] - Abort(1) (rank 16 in comm 0): application called MPI_Abort(MPI_COMM_WORLD, 1) - process 16

aborting job:
application called MPI_Abort(MPI_COMM_WORLD, 1) - process 16
  #006: /pscratch/sd/n/nlewi26/src/hdf5/src/H5Gloc.c line 424 in H5G_loc_find(): can't find object
    major: Symbol table
    minor: Object not found
  #007: /pscratch/sd/n/nlewi26/src/hdf5/src/H5Gtraverse.c line 846 in H5G_traverse(): internal path traversal failed
    major: Symbol table
    minor: Object not found
  #008: /pscratch/sd/n/nlewi26/src/hdf5/src/H5Gtraverse.c line 618 in H5G__traverse_real(): traversal operator failed
    major: Symbol table
    minor: Callback failed
  #009: /pscratch/sd/n/nlewi26/src/hdf5/src/H5Gloc.c line 381 in H5G__loc_find_cb(): object 'curl_x' doesn't exist
    major: Symbol table
    minor: Object not found
H5Dopen2 failed
MPICH ERROR [Rank 22] [job id 58702648.1] [Mon Sep 21 11:17:34 2026] [nid006837] - Abort(1) (rank 22 in comm 0): application called MPI_Abort(MPI_COMM_WORLD, 1) - process 22

aborting job:
application called MPI_Abort(MPI_COMM_WORLD, 1) - process 22
  #006: /pscratch/sd/n/nlewi26/src/hdf5/src/H5Gloc.c line 424 in H5G_loc_find(): can't find object
    major: Symbol table
    minor: Object not found
  #007: /pscratch/sd/n/nlewi26/src/hdf5/src/H5Gtraverse.c line 846 in H5G_traverse(): internal path traversal failed
    major: Symbol table
    minor: Object not found
  #008: /pscratch/sd/n/nlewi26/src/hdf5/src/H5Gtraverse.c line 618 in H5G__traverse_real(): traversal operator failed
    major: Symbol table
    minor: Callback failed
  #009: /pscratch/sd/n/nlewi26/src/hdf5/src/H5Gloc.c line 381 in H5G__loc_find_cb(): object 'curl_x' doesn't exist
    major: Symbol table
    minor: Object not found
H5Dopen2 failed
MPICH ERROR [Rank 28] [job id 58702648.1] [Mon Sep 21 11:17:34 2026] [nid006837] - Abort(1) (rank 28 in comm 0): application called MPI_Abort(MPI_COMM_WORLD, 1) - process 28

aborting job:
application called MPI_Abort(MPI_COMM_WORLD, 1) - process 28
HDF5-DIAG: Error detected in HDF5 (2.2.0) MPI-process 39:
HDF5-DIAG: Error detected in HDF5 (2.2.0) MPI-process 42:
  #000: /pscratch/sd/n/nlewi26/src/hdf5/src/H5D.c line 401 in H5Dopen2(): unable to synchronously open dataset
    major: Dataset
    minor: Can't open object
  #001: /pscratch/sd/n/nlewi26/src/hdf5/src/H5D.c line 363 in H5D__open_api_common(): unable to open dataset
    major: Dataset
    minor: Can't open object
HDF5-DIAG: Error detected in HDF5 (2.2.0) MPI-process 43:
  #000: /pscratch/sd/n/nlewi26/src/hdf5/src/H5D.c line 401 in H5Dopen2(): unable to synchronously open dataset
    major: Dataset
    minor: Can't open object
  #001: /pscratch/sd/n/nlewi26/src/hdf5/src/H5D.c line 363 in H5D__open_api_common(): unable to open dataset
    major: Dataset
    minor: Can't open object
  #002: /pscratch/sd/n/nlewi26/src/hdf5/src/H5VLcallback.c line 2090 in H5VL_dataset_open(): dataset open failed
    major: Virtual Object Layer
    minor: Can't open object
  #003: /pscratch/sd/n/nlewi26/src/hdf5/src/H5VLcallback.c line 2057 in H5VL__dataset_open(): dataset open failed
    major: Virtual Object Layer
    minor: Can't open object
  #004: /pscratch/sd/n/nlewi26/src/hdf5/src/H5VLnative_dataset.c line 332 in H5VL__native_dataset_open(): unable to open dataset
    major: Dataset
    minor: Can't open object
HDF5-DIAG: Error detected in HDF5 (2.2.0) MPI-process 49:
  #000: /pscratch/sd/n/nlewi26/src/hdf5/src/H5D.c line 401 in H5Dopen2(): unable to synchronously open dataset
    major: Dataset
    minor: Can't open object
  #001: /pscratch/sd/n/nlewi26/src/hdf5/src/H5D.c line 363 in H5D__open_api_common(): unable to open dataset
    major: Dataset
    minor: Can't open object
  #002: /pscratch/sd/n/nlewi26/src/hdf5/src/H5VLcallback.c line 2090 in H5VL_dataset_open(): dataset open failed
    major: Virtual Object Layer
    minor: Can't open object
  #003: /pscratch/sd/n/nlewi26/src/hdf5/src/H5VLcallback.c line 2057 in H5VL__dataset_open(): dataset open failed
    major: Virtual Object Layer
    minor: Can't open object
  #004: /pscratch/sd/n/nlewi26/src/hdf5/src/H5VLnative_dataset.c line 332 in H5VL__native_dataset_open(): unable to open dataset
    major: Dataset
    minor: Can't open object
HDF5-DIAG: Error detected in HDF5 (2.2.0) MPI-process 99:
HDF5-DIAG: Error detected in HDF5 (2.2.0) MPI-process 74:
  #000: /pscratch/sd/n/nlewi26/src/hdf5/src/H5D.c line 401 in H5Dopen2(): unable to synchronously open dataset
    major: Dataset
    minor: Can't open object
  #001: /pscratch/sd/n/nlewi26/src/hdf5/src/H5D.c line 363 in H5D__open_api_common(): unable to open dataset
    major: Dataset
    minor: Can't open object
HDF5-DIAG: Error detected in HDF5 (2.2.0) MPI-process 50:
  #000: /pscratch/sd/n/nlewi26/src/hdf5/src/H5D.c line 401 in H5Dopen2(): unable to synchronously open dataset
    major: Dataset
    minor: Can't open object
  #001: /pscratch/sd/n/nlewi26/src/hdf5/src/H5D.c line 363 in H5D__open_api_common(): unable to open dataset
    major: Dataset
    minor: Can't open object
  #002: /pscratch/sd/n/nlewi26/src/hdf5/src/H5VLcallback.c line 2090 in H5VL_dataset_open(): dataset open failed
    major: Virtual Object Layer
    minor: Can't open object
  #003: /pscratch/sd/n/nlewi26/src/hdf5/src/H5VLcallback.c line 2057 in H5VL__dataset_open(): dataset open failed
    major: Virtual Object Layer
    minor: Can't open object
  #004: /pscratch/sd/n/nlewi26/src/hdf5/src/H5VLnative_dataset.c line 332 in H5VL__native_dataset_open(): unable to open dataset
    major: Dataset
    minor: Can't open object
HDF5-DIAG: Error detected in HDF5 (2.2.0) MPI-process 101:
HDF5-DIAG: Error detected in HDF5 (2.2.0) MPI-process 77:
  #000: /pscratch/sd/n/nlewi26/src/hdf5/src/H5D.c line 401 in H5Dopen2(): unable to synchronously open dataset
    major: Dataset
    minor: Can't open object
  #001: /pscratch/sd/n/nlewi26/src/hdf5/src/H5D.c line 363 in H5D__open_api_common(): unable to open dataset
    major: Dataset
    minor: Can't open object
HDF5-DIAG: Error detected in HDF5 (2.2.0) MPI-process 51:
  #000: /pscratch/sd/n/nlewi26/src/hdf5/src/H5D.c line 401 in H5Dopen2(): unable to synchronously open dataset
    major: Dataset
    minor: Can't open object
  #001: /pscratch/sd/n/nlewi26/src/hdf5/src/H5D.c line 363 in H5D__open_api_common(): unable to open dataset
    major: Dataset
    minor: Can't open object
HDF5-DIAG: Error detected in HDF5 (2.2.0) MPI-process 102:
HDF5-DIAG: Error detected in HDF5 (2.2.0) MPI-process 79:
  #000: /pscratch/sd/n/nlewi26/src/hdf5/src/H5D.c line 401 in H5Dopen2(): unable to synchronously open dataset
    major: Dataset
    minor: Can't open object
  #001: /pscratch/sd/n/nlewi26/src/hdf5/src/H5D.c line 363 in H5D__open_api_common(): unable to open dataset
    major: Dataset
    minor: Can't open object
  #002: /pscratch/sd/n/nlewi26/src/hdf5/src/H5VLcallback.c line 2090 in H5VL_dataset_open(): dataset open failed
    major: Virtual Object Layer
    minor: Can't open object
  #003: /pscratch/sd/n/nlewi26/src/hdf5/src/H5VLcallback.c line 2057 in H5VL__dataset_open(): dataset open failed
    major: Virtual Object Layer
    minor: Can't open object
  #004: /pscratch/sd/n/nlewi26/src/hdf5/src/H5VLnative_dataset.c line 332 in H5VL__native_dataset_open(): unable to open dataset
    major: Dataset
    minor: Can't open object
HDF5-DIAG: Error detected in HDF5 (2.2.0) MPI-process 58:
HDF5-DIAG: Error detected in HDF5 (2.2.0) MPI-process 104:
HDF5-DIAG: Error detected in HDF5 (2.2.0) MPI-process 88:
  #000: /pscratch/sd/n/nlewi26/src/hdf5/src/H5D.c line 401 in H5Dopen2(): unable to synchronously open dataset
    major: Dataset
    minor: Can't open object
  #001: /pscratch/sd/n/nlewi26/src/hdf5/src/H5D.c line 363 in H5D__open_api_common(): unable to open dataset
    major: Dataset
    minor: Can't open object
  #002: /pscratch/sd/n/nlewi26/src/hdf5/src/H5VLcallback.c line 2090 in H5VL_dataset_open(): dataset open failed
    major: Virtual Object Layer
    minor: Can't open object
  #003: /pscratch/sd/n/nlewi26/src/hdf5/src/H5VLcallback.c line 2057 in H5VL__dataset_open(): dataset open failed
    major: Virtual Object Layer
    minor: Can't open object
HDF5-DIAG: Error detected in HDF5 (2.2.0) MPI-process 62:
  #000: /pscratch/sd/n/nlewi26/src/hdf5/src/H5D.c line 401 in H5Dopen2(): unable to synchronously open dataset
    major: Dataset
    minor: Can't open object
  #001: /pscratch/sd/n/nlewi26/src/hdf5/src/H5D.c line 363 in H5D__open_api_common(): unable to open dataset
    major: Dataset
    minor: Can't open object
  #002: /pscratch/sd/n/nlewi26/src/hdf5/src/H5VLcallback.c line 2090 in H5VL_dataset_open(): dataset open failed
    major: Virtual Object Layer
    minor: Can't open object
  #003: /pscratch/sd/n/nlewi26/src/hdf5/src/H5VLcallback.c line 2057 in H5VL__dataset_open(): dataset open failed
    major: Virtual Object Layer
    minor: Can't open object
  #004: /pscratch/sd/n/nlewi26/src/hdf5/src/H5VLnative_dataset.c line 332 in H5VL__native_dataset_open(): unable to open dataset
    major: Dataset
    minor: Can't open object
HDF5-DIAG: Error detected in HDF5 (2.2.0) MPI-process 105:
HDF5-DIAG: Error detected in HDF5 (2.2.0) MPI-process 93:
  #000: /pscratch/sd/n/nlewi26/src/hdf5/src/H5D.c line 401 in H5Dopen2(): unable to synchronously open dataset
    major: Dataset
    minor: Can't open object
  #001: /pscratch/sd/n/nlewi26/src/hdf5/src/H5D.c line 363 in H5D__open_api_common(): unable to open dataset
    major: Dataset
    minor: Can't open object
  #002: /pscratch/sd/n/nlewi26/src/hdf5/src/H5VLcallback.c line 2090 in H5VL_dataset_open(): dataset open failed
    major: Virtual Object Layer
    minor: Can't open object
  #003: /pscratch/sd/n/nlewi26/src/hdf5/src/H5VLcallback.c line 2057 in H5VL__dataset_open(): dataset open failed
    major: Virtual Object Layer
    minor: Can't open object
  #004: /pscratch/sd/n/nlewi26/src/hdf5/src/H5VLnative_dataset.c line 332 in H5VL__native_dataset_open(): unable to open dataset
    major: Dataset
    minor: Can't open object
HDF5-DIAG: Error detected in HDF5 (2.2.0) MPI-process 63:
  #000: /pscratch/sd/n/nlewi26/src/hdf5/src/H5D.c line 401 in H5Dopen2(): unable to synchronously open dataset
    major: Dataset
    minor: Can't open object
  #001: /pscratch/sd/n/nlewi26/src/hdf5/src/H5D.c line 363 in H5D__open_api_common(): unable to open dataset
    major: Dataset
    minor: Can't open object
  #002: /pscratch/sd/n/nlewi26/src/hdf5/src/H5VLcallback.c line 2090 in H5VL_dataset_open(): dataset open failed
    major: Virtual Object Layer
    minor: Can't open object
  #003: /pscratch/sd/n/nlewi26/src/hdf5/src/H5VLcallback.c line 2057 in H5VL__dataset_open(): dataset open failed
    major: Virtual Object Layer
    minor: Can't open object
  #004: /pscratch/sd/n/nlewi26/src/hdf5/src/H5VLnative_dataset.c line 332 in H5VL__native_dataset_open(): unable to open dataset
    major: Dataset
    minor: Can't open object
HDF5-DIAG: Error detected in HDF5 (2.2.0) MPI-process 110:
HDF5-DIAG: Error detected in HDF5 (2.2.0) MPI-process 64:
  #000: /pscratch/sd/n/nlewi26/src/hdf5/src/H5D.c line 401 in H5Dopen2(): unable to synchronously open dataset
    major: Dataset
    minor: Can't open object
  #001: /pscratch/sd/n/nlewi26/src/hdf5/src/H5D.c line 363 in H5D__open_api_common(): unable to open dataset
    major: Dataset
    minor: Can't open object
  #002: /pscratch/sd/n/nlewi26/src/hdf5/src/H5VLcallback.c line 2090 in H5VL_dataset_open(): dataset open failed
    major: Virtual Object Layer
    minor: Can't open object
  #003: /pscratch/sd/n/nlewi26/src/hdf5/src/H5VLcallback.c line 2057 in H5VL__dataset_open(): dataset open failed
    major: Virtual Object Layer
    minor: Can't open object
HDF5-DIAG: Error detected in HDF5 (2.2.0) MPI-process 34:
  #000: /pscratch/sd/n/nlewi26/src/hdf5/src/H5D.c line 401 in H5Dopen2(): unable to synchronously open dataset
    major: Dataset
    minor: Can't open object
  #001: /pscratch/sd/n/nlewi26/src/hdf5/src/H5D.c line 363 in H5D__open_api_common(): unable to open dataset
    major: Dataset
HDF5-DIAG: Error detected in HDF5 (2.2.0) MPI-process 121:
HDF5-DIAG: Error detected in HDF5 (2.2.0) MPI-process 66:
  #000: /pscratch/sd/n/nlewi26/src/hdf5/src/H5D.c line 401 in H5Dopen2(): unable to synchronously open dataset
    major: Dataset
    minor: Can't open object
  #001: /pscratch/sd/n/nlewi26/src/hdf5/src/H5D.c line 363 in H5D__open_api_common(): unable to open dataset
    major: Dataset
    minor: Can't open object
  #002: /pscratch/sd/n/nlewi26/src/hdf5/src/H5VLcallback.c line 2090 in H5VL_dataset_open(): dataset open failed
    major: Virtual Object Layer
    minor: Can't open object
  #003: /pscratch/sd/n/nlewi26/src/hdf5/src/H5VLcallback.c line 2057 in H5VL__dataset_open(): dataset open failed
    major: Virtual Object Layer
    minor: Can't open object
  #004: /pscratch/sd/n/nlewi26/src/hdf5/src/H5VLnative_dataset.c line 332 in H5VL__native_dataset_open(): unable to open dataset
    major: Dataset
    minor: Can't open object
HDF5-DIAG: Error detected in HDF5 (2.2.0) MPI-process 35:
  #000: /pscratch/sd/n/nlewi26/src/hdf5/src/H5D.c line 401 in H5Dopen2(): unable to synchronously open dataset
    major: Dataset
    minor: Can't open object
  #001: /pscratch/sd/n/nlewi26/src/hdf5/src/H5D.c line 363 in H5D__open_api_common(): unable to open dataset
    major: Dataset
    minor: Can't open object
HDF5-DIAG: Error detected in HDF5 (2.2.0) MPI-process 122:
HDF5-DIAG: Error detected in HDF5 (2.2.0) MPI-process 67:
  #000: /pscratch/sd/n/nlewi26/src/hdf5/src/H5D.c line 401 in H5Dopen2(): unable to synchronously open dataset
    major: Dataset
    minor: Can't open object
  #001: /pscratch/sd/n/nlewi26/src/hdf5/src/H5D.c line 363 in H5D__open_api_common(): unable to open dataset
    major: Dataset
    minor: Can't open object
  #002: /pscratch/sd/n/nlewi26/src/hdf5/src/H5VLcallback.c line 2090 in H5VL_dataset_open(): dataset open failed
    major: Virtual Object Layer
    minor: Can't open object
  #003: /pscratch/sd/n/nlewi26/src/hdf5/src/H5VLcallback.c line 2057 in H5VL__dataset_open(): dataset open failed
    major: Virtual Object Layer
    minor: Can't open object
  #004: /pscratch/sd/n/nlewi26/src/hdf5/src/H5VLnative_dataset.c line 332 in H5VL__native_dataset_open(): unable to open dataset
    major: Dataset
    minor: Can't open object
HDF5-DIAG: Error detected in HDF5 (2.2.0) MPI-process 36:
HDF5-DIAG: Error detected in HDF5 (2.2.0) MPI-process 126:
HDF5-DIAG: Error detected in HDF5 (2.2.0) MPI-process 69:
  #000: /pscratch/sd/n/nlewi26/src/hdf5/src/H5D.c line 401 in H5Dopen2(): unable to synchronously open dataset
    major: Dataset
    minor: Can't open object
  #001: /pscratch/sd/n/nlewi26/src/hdf5/src/H5D.c line 363 in H5D__open_api_common(): unable to open dataset
    major: Dataset
    minor: Can't open object
HDF5-DIAG: Error detected in HDF5 (2.2.0) MPI-process 38:
  #000: /pscratch/sd/n/nlewi26/src/hdf5/src/H5D.c line 401 in H5Dopen2(): unable to synchronously open dataset
    major: Dataset
    minor: Can't open object
  #001: /pscratch/sd/n/nlewi26/src/hdf5/src/H5D.c line 363 in H5D__open_api_common(): unable to open dataset
    major: Dataset
    minor: Can't open object
HDF5-DIAG: Error detected in HDF5 (2.2.0) MPI-process 96:
HDF5-DIAG: Error detected in HDF5 (2.2.0) MPI-process 70:
  #000: /pscratch/sd/n/nlewi26/src/hdf5/src/H5D.c line 401 in H5Dopen2(): unable to synchronously open dataset
    major: Dataset
    minor: Can't open object
  #001: /pscratch/sd/n/nlewi26/src/hdf5/src/H5D.c line 363 in H5D__open_api_common(): unable to open dataset
    major: Dataset
    minor: Can't open object
  #002: /pscratch/sd/n/nlewi26/src/hdf5/src/H5VLcallback.c line 2090 in H5VL_dataset_open(): dataset open failed
    major: Virtual Object Layer
    minor: Can't open object
  #003: /pscratch/sd/n/nlewi26/src/hdf5/src/H5VLcallback.c line 2057 in H5VL__dataset_open(): dataset open failed
    major: Virtual Object Layer
    minor: Can't open object
  #004: /pscratch/sd/n/nlewi26/src/hdf5/src/H5VLnative_dataset.c line 332 in H5VL__native_dataset_open(): unable to open dataset
    major: Dataset
    minor: Can't open object
HDF5-DIAG: Error detected in HDF5 (2.2.0) MPI-process 40:
HDF5-DIAG: Error detected in HDF5 (2.2.0) MPI-process 73:
HDF5-DIAG: Error detected in HDF5 (2.2.0) MPI-process 41:
  #000: /pscratch/sd/n/nlewi26/src/hdf5/src/H5D.c line 401 in H5Dopen2(): unable to synchronously open dataset
    major: Dataset
    minor: Can't open object
  #001: /pscratch/sd/n/nlewi26/src/hdf5/src/H5D.c line 363 in H5D__open_api_common(): unable to open dataset
    major: Dataset
    minor: Can't open object
HDF5-DIAG: Error detected in HDF5 (2.2.0) MPI-process 97:
  #002: /pscratch/sd/n/nlewi26/src/hdf5/src/H5VLcallback.c line 2090 in H5VL_dataset_open(): dataset open failed
    major: Virtual Object Layer
    minor: Can't open object
  #003: /pscratch/sd/n/nlewi26/src/hdf5/src/H5VLcallback.c line 2057 in H5VL__dataset_open(): dataset open failed
    major: Virtual Object Layer
    minor: Can't open object
  #004: /pscratch/sd/n/nlewi26/src/hdf5/src/H5VLnative_dataset.c line 332 in H5VL__native_dataset_open(): unable to open dataset
    major: Dataset
    minor: Can't open object
HDF5-DIAG: Error detected in HDF5 (2.2.0) MPI-process 44:
HDF5-DIAG: Error detected in HDF5 (2.2.0) MPI-process 98:
HDF5-DIAG: Error detected in HDF5 (2.2.0) MPI-process 75:
HDF5-DIAG: Error detected in HDF5 (2.2.0) MPI-process 45:
  #000: /pscratch/sd/n/nlewi26/src/hdf5/src/H5D.c line 401 in H5Dopen2(): unable to synchronously open dataset
    major: Dataset
    minor: Can't open object
  #001: /pscratch/sd/n/nlewi26/src/hdf5/src/H5D.c line 363 in H5D__open_api_common(): unable to open dataset
    major: Dataset
    minor: Can't open object
  #002: /pscratch/sd/n/nlewi26/src/hdf5/src/H5VLcallback.c line 2090 in H5VL_dataset_open(): dataset open failed
    major: Virtual Object Layer
    minor: Can't open object
  #003: /pscratch/sd/n/nlewi26/src/hdf5/src/H5VLcallback.c line 2057 in H5VL__dataset_open(): dataset open failed
    major: Virtual Object Layer
    minor: Can't open object
  #004: /pscratch/sd/n/nlewi26/src/hdf5/src/H5VLnative_dataset.c line 332 in H5VL__native_dataset_open(): unable to open dataset
    major: Dataset
    minor: Can't open object
HDF5-DIAG: Error detected in HDF5 (2.2.0) MPI-process 100:
HDF5-DIAG: Error detected in HDF5 (2.2.0) MPI-process 76:
  #000: /pscratch/sd/n/nlewi26/src/hdf5/src/H5D.c line 401 in H5Dopen2(): unable to synchronously open dataset
    major: Dataset
    minor: Can't open object
  #001: /pscratch/sd/n/nlewi26/src/hdf5/src/H5D.c line 363 in H5D__open_api_common(): unable to open dataset
    major: Dataset
    minor: Can't open object
  #002: /pscratch/sd/n/nlewi26/src/hdf5/src/H5VLcallback.c line 2090 in H5VL_dataset_open(): dataset open failed
    major: Virtual Object Layer
    minor: Can't open object
  #003: /pscratch/sd/n/nlewi26/src/hdf5/src/H5VLcallback.c line 2057 in H5VL__dataset_open(): dataset open failed
    major: Virtual Object Layer
    minor: Can't open object
  #004: /pscratch/sd/n/nlewi26/src/hdf5/src/H5VLnative_dataset.c line 332 in H5VL__native_dataset_open(): unable to open dataset
    major: Dataset
    minor: Can't open object
HDF5-DIAG: Error detected in HDF5 (2.2.0) MPI-process 46:
HDF5-DIAG: Error detected in HDF5 (2.2.0) MPI-process 103:
HDF5-DIAG: Error detected in HDF5 (2.2.0) MPI-process 78:
HDF5-DIAG: Error detected in HDF5 (2.2.0) MPI-process 47:
  #000: /pscratch/sd/n/nlewi26/src/hdf5/src/H5D.c line 401 in H5Dopen2(): unable to synchronously open dataset
    major: Dataset
    minor: Can't open object
  #001: /pscratch/sd/n/nlewi26/src/hdf5/src/H5D.c line 363 in H5D__open_api_common(): unable to open dataset
    major: Dataset
    minor: Can't open object
HDF5-DIAG: Error detected in HDF5 (2.2.0) MPI-process 106:
HDF5-DIAG: Error detected in HDF5 (2.2.0) MPI-process 85:
  #000: /pscratch/sd/n/nlewi26/src/hdf5/src/H5D.c line 401 in H5Dopen2(): unable to synchronously open dataset
    major: Dataset
    minor: Can't open object
  #001: /pscratch/sd/n/nlewi26/src/hdf5/src/H5D.c line 363 in H5D__open_api_common(): unable to open dataset
    major: Dataset
    minor: Can't open object
HDF5-DIAG: Error detected in HDF5 (2.2.0) MPI-process 48:
  #000: /pscratch/sd/n/nlewi26/src/hdf5/src/H5D.c line 401 in H5Dopen2(): unable to synchronously open dataset
    major: Dataset
    minor: Can't open object
  #001: /pscratch/sd/n/nlewi26/src/hdf5/src/H5D.c line 363 in H5D__open_api_common(): unable to open dataset
    major: Dataset
    minor: Can't open object
  #002: /pscratch/sd/n/nlewi26/src/hdf5/src/H5VLcallback.c line 2090 in H5VL_dataset_open(): dataset open failed
    major: Virtual Object Layer
    minor: Can't open object
  #003: /pscratch/sd/n/nlewi26/src/hdf5/src/H5VLcallback.c line 2057 in H5VL__dataset_open(): dataset open failed
    major: Virtual Object Layer
    minor: Can't open object
  #004: /pscratch/sd/n/nlewi26/src/hdf5/src/H5VLnative_dataset.c line 332 in H5VL__native_dataset_open(): unable to open dataset
    major: Dataset
    minor: Can't open object
HDF5-DIAG: Error detected in HDF5 (2.2.0) MPI-process 107:
HDF5-DIAG: Error detected in HDF5 (2.2.0) MPI-process 89:
  #000: /pscratch/sd/n/nlewi26/src/hdf5/src/H5D.c line 401 in H5Dopen2(): unable to synchronously open dataset
    major: Dataset
    minor: Can't open object
  #001: /pscratch/sd/n/nlewi26/src/hdf5/src/H5D.c line 363 in H5D__open_api_common(): unable to open dataset
    major: Dataset
    minor: Can't open object
  #002: /pscratch/sd/n/nlewi26/src/hdf5/src/H5VLcallback.c line 2090 in H5VL_dataset_open(): dataset open failed
    major: Virtual Object Layer
    minor: Can't open object
  #003: /pscratch/sd/n/nlewi26/src/hdf5/src/H5VLcallback.c line 2057 in H5VL__dataset_open(): dataset open failed
    major: Virtual Object Layer
    minor: Can't open object
  #004: /pscratch/sd/n/nlewi26/src/hdf5/src/H5VLnative_dataset.c line 332 in H5VL__native_dataset_open(): unable to open dataset
    major: Dataset
    minor: Can't open object
HDF5-DIAG: Error detected in HDF5 (2.2.0) MPI-process 53:
  #000: /pscratch/sd/n/nlewi26/src/hdf5/src/H5D.c line 401 in H5Dopen2(): unable to synchronously open dataset
    major: Dataset
    minor: Can't open object
  #001: /pscratch/sd/n/nlewi26/src/hdf5/src/H5D.c line 363 in H5D__open_api_common(): unable to open dataset
    major: Dataset
    minor: Can't open object
  #002: /pscratch/sd/n/nlewi26/src/hdf5/src/H5VLcallback.c line 2090 in H5VL_dataset_open(): dataset open failed
    major: Virtual Object Layer
    minor: Can't open object
  #003: /pscratch/sd/n/nlewi26/src/hdf5/src/H5VLcallback.c line 2057 in H5VL__dataset_open(): dataset open failed
    major: Virtual Object Layer
    minor: Can't open object
  #004: /pscratch/sd/n/nlewi26/src/hdf5/src/H5VLnative_dataset.c line 332 in H5VL__native_dataset_open(): unable to open dataset
    major: Dataset
    minor: Can't open object
HDF5-DIAG: Error detected in HDF5 (2.2.0) MPI-process 108:
HDF5-DIAG: Error detected in HDF5 (2.2.0) MPI-process 90:
  #000: /pscratch/sd/n/nlewi26/src/hdf5/src/H5D.c line 401 in H5Dopen2(): unable to synchronously open dataset
    major: Dataset
    minor: Can't open object
  #001: /pscratch/sd/n/nlewi26/src/hdf5/src/H5D.c line 363 in H5D__open_api_common(): unable to open dataset
    major: Dataset
    minor: Can't open object
HDF5-DIAG: Error detected in HDF5 (2.2.0) MPI-process 54:
  #000: /pscratch/sd/n/nlewi26/src/hdf5/src/H5D.c line 401 in H5Dopen2(): unable to synchronously open dataset
    major: Dataset
    minor: Can't open object
  #001: /pscratch/sd/n/nlewi26/src/hdf5/src/H5D.c line 363 in H5D__open_api_common(): unable to open dataset
    major: Dataset
    minor: Can't open object
  #002: /pscratch/sd/n/nlewi26/src/hdf5/src/H5VLcallback.c line 2090 in H5VL_dataset_open(): dataset open failed
    major: Virtual Object Layer
    minor: Can't open object
  #003: /pscratch/sd/n/nlewi26/src/hdf5/src/H5VLcallback.c line 2057 in H5VL__dataset_open(): dataset open failed
    major: Virtual Object Layer
    minor: Can't open object
  #004: /pscratch/sd/n/nlewi26/src/hdf5/src/H5VLnative_dataset.c line 332 in H5VL__native_dataset_open(): unable to open dataset
    major: Dataset
    minor: Can't open object
HDF5-DIAG: Error detected in HDF5 (2.2.0) MPI-process 109:
HDF5-DIAG: Error detected in HDF5 (2.2.0) MPI-process 91:
  #000: /pscratch/sd/n/nlewi26/src/hdf5/src/H5D.c line 401 in H5Dopen2(): unable to synchronously open dataset
    major: Dataset
    minor: Can't open object
  #001: /pscratch/sd/n/nlewi26/src/hdf5/src/H5D.c line 363 in H5D__open_api_common(): unable to open dataset
    major: Dataset
    minor: Can't open object
HDF5-DIAG: Error detected in HDF5 (2.2.0) MPI-process 55:
  #000: /pscratch/sd/n/nlewi26/src/hdf5/src/H5D.c line 401 in H5Dopen2(): unable to synchronously open dataset
    major: Dataset
    minor: Can't open object
  #001: /pscratch/sd/n/nlewi26/src/hdf5/src/H5D.c line 363 in H5D__open_api_common(): unable to open dataset
    major: Dataset
    minor: Can't open object
  #002: /pscratch/sd/n/nlewi26/src/hdf5/src/H5VLcallback.c line 2090 in H5VL_dataset_open(): dataset open failed
    major: Virtual Object Layer
    minor: Can't open object
  #003: /pscratch/sd/n/nlewi26/src/hdf5/src/H5VLcallback.c line 2057 in H5VL__dataset_open(): dataset open failed
    major: Virtual Object Layer
    minor: Can't open object
  #004: /pscratch/sd/n/nlewi26/src/hdf5/src/H5VLnative_dataset.c line 332 in H5VL__native_dataset_open(): unable to open dataset
    major: Dataset
    minor: Can't open object
HDF5-DIAG: Error detected in HDF5 (2.2.0) MPI-process 111:
HDF5-DIAG: Error detected in HDF5 (2.2.0) MPI-process 95:
  #000: /pscratch/sd/n/nlewi26/src/hdf5/src/H5D.c line 401 in H5Dopen2(): unable to synchronously open dataset
    major: Dataset
    minor: Can't open object
  #001: /pscratch/sd/n/nlewi26/src/hdf5/src/H5D.c line 363 in H5D__open_api_common(): unable to open dataset
    major: Dataset
    minor: Can't open object
HDF5-DIAG: Error detected in HDF5 (2.2.0) MPI-process 56:
  #000: /pscratch/sd/n/nlewi26/src/hdf5/src/H5D.c line 401 in H5Dopen2(): unable to synchronously open dataset
    major: Dataset
    minor: Can't open object
  #001: /pscratch/sd/n/nlewi26/src/hdf5/src/H5D.c line 363 in H5D__open_api_common(): unable to open dataset
    major: Dataset
    minor: Can't open object
  #002: /pscratch/sd/n/nlewi26/src/hdf5/src/H5VLcallback.c line 2090 in H5VL_dataset_open(): dataset open failed
    major: Virtual Object Layer
    minor: Can't open object
  #003: /pscratch/sd/n/nlewi26/src/hdf5/src/H5VLcallback.c line 2057 in H5VL__dataset_open(): dataset open failed
    major: Virtual Object Layer
    minor: Can't open object
  #004: /pscratch/sd/n/nlewi26/src/hdf5/src/H5VLnative_dataset.c line 332 in H5VL__native_dataset_open(): unable to open dataset
    major: Dataset
    minor: Can't open object
HDF5-DIAG: Error detected in HDF5 (2.2.0) MPI-process 112:
  #004: /pscratch/sd/n/nlewi26/src/hdf5/src/H5VLnative_dataset.c line 332 in H5VL__native_dataset_open(): unable to open dataset
    major: Dataset
    minor: Can't open object
HDF5-DIAG: Error detected in HDF5 (2.2.0) MPI-process 57:
  #000: /pscratch/sd/n/nlewi26/src/hdf5/src/H5D.c line 401 in H5Dopen2(): unable to synchronously open dataset
    major: Dataset
    minor: Can't open object
  #001: /pscratch/sd/n/nlewi26/src/hdf5/src/H5D.c line 363 in H5D__open_api_common(): unable to open dataset
    major: Dataset
    minor: Can't open object
  #002: /pscratch/sd/n/nlewi26/src/hdf5/src/H5VLcallback.c line 2090 in H5VL_dataset_open(): dataset open failed
    major: Virtual Object Layer
    minor: Can't open object
  #003: /pscratch/sd/n/nlewi26/src/hdf5/src/H5VLcallback.c line 2057 in H5VL__dataset_open(): dataset open failed
    major: Virtual Object Layer
    minor: Can't open object
  #004: /pscratch/sd/n/nlewi26/src/hdf5/src/H5VLnative_dataset.c line 332 in H5VL__native_dataset_open(): unable to open dataset
    major: Dataset
    minor: Can't open object
HDF5-DIAG: Error detected in HDF5 (2.2.0) MPI-process 113:
HDF5-DIAG: Error detected in HDF5 (2.2.0) MPI-process 65:
  #000: /pscratch/sd/n/nlewi26/src/hdf5/src/H5D.c line 401 in H5Dopen2(): unable to synchronously open dataset
    major: Dataset
    minor: Can't open object
  #001: /pscratch/sd/n/nlewi26/src/hdf5/src/H5D.c line 363 in H5D__open_api_common(): unable to open dataset
    major: Dataset
    minor: Can't open object
  #002: /pscratch/sd/n/nlewi26/src/hdf5/src/H5VLcallback.c line 2090 in H5VL_dataset_open(): dataset open failed
    major: Virtual Object Layer
    minor: Can't open object
  #003: /pscratch/sd/n/nlewi26/src/hdf5/src/H5VLcallback.c line 2057 in H5VL__dataset_open(): dataset open failed
    major: Virtual Object Layer
    minor: Can't open object
  #004: /pscratch/sd/n/nlewi26/src/hdf5/src/H5VLnative_dataset.c line 332 in H5VL__native_dataset_open(): unable to open dataset
    major: Dataset
    minor: Can't open object
HDF5-DIAG: Error detected in HDF5 (2.2.0) MPI-process 59:
  #000: /pscratch/sd/n/nlewi26/src/hdf5/src/H5D.c line 401 in H5Dopen2(): unable to synchronously open dataset
    major: Dataset
    minor: Can't open object
  #001: /pscratch/sd/n/nlewi26/src/hdf5/src/H5D.c line 363 in H5D__open_api_common(): unable to open dataset
    major: Dataset
    minor: Can't open object
  #002: /pscratch/sd/n/nlewi26/src/hdf5/src/H5VLcallback.c line 2090 in H5VL_dataset_open(): dataset open failed
    major: Virtual Object Layer
    minor: Can't open object
  #003: /pscratch/sd/n/nlewi26/src/hdf5/src/H5VLcallback.c line 2057 in H5VL__dataset_open(): dataset open failed
    major: Virtual Object Layer
    minor: Can't open object
  #004: /pscratch/sd/n/nlewi26/src/hdf5/src/H5VLnative_dataset.c line 332 in H5VL__native_dataset_open(): unable to open dataset
    major: Dataset
    minor: Can't open object
HDF5-DIAG: Error detected in HDF5 (2.2.0) MPI-process 114:
HDF5-DIAG: Error detected in HDF5 (2.2.0) MPI-process 68:
  #000: /pscratch/sd/n/nlewi26/src/hdf5/src/H5D.c line 401 in H5Dopen2(): unable to synchronously open dataset
    major: Dataset
    minor: Can't open object
  #001: /pscratch/sd/n/nlewi26/src/hdf5/src/H5D.c line 363 in H5D__open_api_common(): unable to open dataset
    major: Dataset
    minor: Can't open object
  #002: /pscratch/sd/n/nlewi26/src/hdf5/src/H5VLcallback.c line 2090 in H5VL_dataset_open(): dataset open failed
    major: Virtual Object Layer
    minor: Can't open object
  #003: /pscratch/sd/n/nlewi26/src/hdf5/src/H5VLcallback.c line 2057 in H5VL__dataset_open(): dataset open failed
    major: Virtual Object Layer
    minor: Can't open object
  #004: /pscratch/sd/n/nlewi26/src/hdf5/src/H5VLnative_dataset.c line 332 in H5VL__native_dataset_open(): unable to open dataset
    major: Dataset
    minor: Can't open object
HDF5-DIAG: Error detected in HDF5 (2.2.0) MPI-process 61:
  #000: /pscratch/sd/n/nlewi26/src/hdf5/src/H5D.c line 401 in H5Dopen2(): unable to synchronously open dataset
    major: Dataset
    minor: Can't open object
  #001: /pscratch/sd/n/nlewi26/src/hdf5/src/H5D.c line 363 in H5D__open_api_common(): unable to open dataset
    major: Dataset
    minor: Can't open object
  #002: /pscratch/sd/n/nlewi26/src/hdf5/src/H5VLcallback.c line 2090 in H5VL_dataset_open(): dataset open failed
    major: Virtual Object Layer
    minor: Can't open object
  #003: /pscratch/sd/n/nlewi26/src/hdf5/src/H5VLcallback.c line 2057 in H5VL__dataset_open(): dataset open failed
    major: Virtual Object Layer
    minor: Can't open object
  #004: /pscratch/sd/n/nlewi26/src/hdf5/src/H5VLnative_dataset.c line 332 in H5VL__native_dataset_open(): unable to open dataset
    major: Dataset
    minor: Can't open object
HDF5-DIAG: Error detected in HDF5 (2.2.0) MPI-process 115:
  #002: /pscratch/sd/n/nlewi26/src/hdf5/src/H5VLcallback.c line 2090 in H5VL_dataset_open(): dataset open failed
    major: Virtual Object Layer
    minor: Can't open object
  #003: /pscratch/sd/n/nlewi26/src/hdf5/src/H5VLcallback.c line 2057 in H5VL__dataset_open(): dataset open failed
    major: Virtual Object Layer
    minor: Can't open object
  #004: /pscratch/sd/n/nlewi26/src/hdf5/src/H5VLnative_dataset.c line 332 in H5VL__native_dataset_open(): unable to open dataset
    major: Dataset
    minor: Can't open object
HDF5-DIAG: Error detected in HDF5 (2.2.0) MPI-process 32:
  #000: /pscratch/sd/n/nlewi26/src/hdf5/src/H5D.c line 401 in H5Dopen2(): unable to synchronously open dataset
    major: Dataset
    minor: Can't open object
  #001: /pscratch/sd/n/nlewi26/src/hdf5/src/H5D.c line 363 in H5D__open_api_common(): unable to open dataset
    major: Dataset
    minor: Can't open object
  #002: /pscratch/sd/n/nlewi26/src/hdf5/src/H5VLcallback.c line 2090 in H5VL_dataset_open(): dataset open failed
    major: Virtual Object Layer
    minor: Can't open object
  #003: /pscratch/sd/n/nlewi26/src/hdf5/src/H5VLcallback.c line 2057 in H5VL__dataset_open(): dataset open failed
    major: Virtual Object Layer
    minor: Can't open object
  #004: /pscratch/sd/n/nlewi26/src/hdf5/src/H5VLnative_dataset.c line 332 in H5VL__native_dataset_open(): unable to open dataset
    major: Dataset
    minor: Can't open object
HDF5-DIAG: Error detected in HDF5 (2.2.0) MPI-process 116:
HDF5-DIAG: Error detected in HDF5 (2.2.0) MPI-process 71:
  #000: /pscratch/sd/n/nlewi26/src/hdf5/src/H5D.c line 401 in H5Dopen2(): unable to synchronously open dataset
    major: Dataset
    minor: Can't open object
  #001: /pscratch/sd/n/nlewi26/src/hdf5/src/H5D.c line 363 in H5D__open_api_common(): unable to open dataset
    major: Dataset
    minor: Can't open object
  #002: /pscratch/sd/n/nlewi26/src/hdf5/src/H5VLcallback.c line 2090 in H5VL_dataset_open(): dataset open failed
    major: Virtual Object Layer
    minor: Can't open object
  #003: /pscratch/sd/n/nlewi26/src/hdf5/src/H5VLcallback.c line 2057 in H5VL__dataset_open(): dataset open failed
    major: Virtual Object Layer
    minor: Can't open object
  #004: /pscratch/sd/n/nlewi26/src/hdf5/src/H5VLnative_dataset.c line 332 in H5VL__native_dataset_open(): unable to open dataset
    major: Dataset
    minor: Can't open object
HDF5-DIAG: Error detected in HDF5 (2.2.0) MPI-process 33:
  #000: /pscratch/sd/n/nlewi26/src/hdf5/src/H5D.c line 401 in H5Dopen2(): unable to synchronously open dataset
    major: Dataset
    minor: Can't open object
  #001: /pscratch/sd/n/nlewi26/src/hdf5/src/H5D.c line 363 in H5D__open_api_common(): unable to open dataset
    major: Dataset
    minor: Can't open object
  #002: /pscratch/sd/n/nlewi26/src/hdf5/src/H5VLcallback.c line 2090 in H5VL_dataset_open(): dataset open failed
    major: Virtual Object Layer
    minor: Can't open object
  #003: /pscratch/sd/n/nlewi26/src/hdf5/src/H5VLcallback.c line 2057 in H5VL__dataset_open(): dataset open failed
    major: Virtual Object Layer
    minor: Can't open object
  #004: /pscratch/sd/n/nlewi26/src/hdf5/src/H5VLnative_dataset.c line 332 in H5VL__native_dataset_open(): unable to open dataset
    major: Dataset
    minor: Can't open object
HDF5-DIAG: Error detected in HDF5 (2.2.0) MPI-process 118:
HDF5-DIAG: Error detected in HDF5 (2.2.0) MPI-process 72:
  #000: /pscratch/sd/n/nlewi26/src/hdf5/src/H5D.c line 401 in H5Dopen2(): unable to synchronously open dataset
    major: Dataset
    minor: Can't open object
  #001: /pscratch/sd/n/nlewi26/src/hdf5/src/H5D.c line 363 in H5D__open_api_common(): unable to open dataset
    major: Dataset
    minor: Can't open object
  #002: /pscratch/sd/n/nlewi26/src/hdf5/src/H5VLcallback.c line 2090 in H5VL_dataset_open(): dataset open failed
    major: Virtual Object Layer
    minor: Can't open object
  #003: /pscratch/sd/n/nlewi26/src/hdf5/src/H5VLcallback.c line 2057 in H5VL__dataset_open(): dataset open failed
    major: Virtual Object Layer
    minor: Can't open object
  #004: /pscratch/sd/n/nlewi26/src/hdf5/src/H5VLnative_dataset.c line 332 in H5VL__native_dataset_open(): unable to open dataset
    major: Dataset
    minor: Can't open object
    minor: Can't open object
  #002: /pscratch/sd/n/nlewi26/src/hdf5/src/H5VLcallback.c line 2090 in H5VL_dataset_open(): dataset open failed
    major: Virtual Object Layer
    minor: Can't open object
  #003: /pscratch/sd/n/nlewi26/src/hdf5/src/H5VLcallback.c line 2057 in H5VL__dataset_open(): dataset open failed
    major: Virtual Object Layer
    minor: Can't open object
  #004: /pscratch/sd/n/nlewi26/src/hdf5/src/H5VLnative_dataset.c line 332 in H5VL__native_dataset_open(): unable to open dataset
    major: Dataset
    minor: Can't open object
HDF5-DIAG: Error detected in HDF5 (2.2.0) MPI-process 119:
  #000: /pscratch/sd/n/nlewi26/src/hdf5/src/H5D.c line 401 in H5Dopen2(): unable to synchronously open dataset
    major: Dataset
    minor: Can't open object
  #001: /pscratch/sd/n/nlewi26/src/hdf5/src/H5D.c line 363 in H5D__open_api_common(): unable to open dataset
    major: Dataset
    minor: Can't open object
  #002: /pscratch/sd/n/nlewi26/src/hdf5/src/H5VLcallback.c line 2090 in H5VL_dataset_open(): dataset open failed
    major: Virtual Object Layer
    minor: Can't open object
  #003: /pscratch/sd/n/nlewi26/src/hdf5/src/H5VLcallback.c line 2057 in H5VL__dataset_open(): dataset open failed
    major: Virtual Object Layer
    minor: Can't open object
  #004: /pscratch/sd/n/nlewi26/src/hdf5/src/H5VLnative_dataset.c line 332 in H5VL__native_dataset_open(): unable to open dataset
    major: Dataset
    minor: Can't open object
  #002: /pscratch/sd/n/nlewi26/src/hdf5/src/H5VLcallback.c line 2090 in H5VL_dataset_open(): dataset open failed
    major: Virtual Object Layer
    minor: Can't open object
  #003: /pscratch/sd/n/nlewi26/src/hdf5/src/H5VLcallback.c line 2057 in H5VL__dataset_open(): dataset open failed
    major: Virtual Object Layer
    minor: Can't open object
  #004: /pscratch/sd/n/nlewi26/src/hdf5/src/H5VLnative_dataset.c line 332 in H5VL__native_dataset_open(): unable to open dataset
    major: Dataset
    minor: Can't open object
HDF5-DIAG: Error detected in HDF5 (2.2.0) MPI-process 120:
  #000: /pscratch/sd/n/nlewi26/src/hdf5/src/H5D.c line 401 in H5Dopen2(): unable to synchronously open dataset
    major: Dataset
    minor: Can't open object
  #001: /pscratch/sd/n/nlewi26/src/hdf5/src/H5D.c line 363 in H5D__open_api_common(): unable to open dataset
    major: Dataset
    minor: Can't open object
  #002: /pscratch/sd/n/nlewi26/src/hdf5/src/H5VLcallback.c line 2090 in H5VL_dataset_open(): dataset open failed
    major: Virtual Object Layer
    minor: Can't open object
  #003: /pscratch/sd/n/nlewi26/src/hdf5/src/H5VLcallback.c line 2057 in H5VL__dataset_open(): dataset open failed
    major: Virtual Object Layer
    minor: Can't open object
  #004: /pscratch/sd/n/nlewi26/src/hdf5/src/H5VLnative_dataset.c line 332 in H5VL__native_dataset_open(): unable to open dataset
    major: Dataset
    minor: Can't open object
  #000: /pscratch/sd/n/nlewi26/src/hdf5/src/H5D.c line 401 in H5Dopen2(): unable to synchronously open dataset
    major: Dataset
    minor: Can't open object
  #001: /pscratch/sd/n/nlewi26/src/hdf5/src/H5D.c line 363 in H5D__open_api_common(): unable to open dataset
    major: Dataset
    minor: Can't open object
  #002: /pscratch/sd/n/nlewi26/src/hdf5/src/H5VLcallback.c line 2090 in H5VL_dataset_open(): dataset open failed
    major: Virtual Object Layer
    minor: Can't open object
  #003: /pscratch/sd/n/nlewi26/src/hdf5/src/H5VLcallback.c line 2057 in H5VL__dataset_open(): dataset open failed
    major: Virtual Object Layer
    minor: Can't open object
  #004: /pscratch/sd/n/nlewi26/src/hdf5/src/H5VLnative_dataset.c line 332 in H5VL__native_dataset_open(): unable to open dataset
    major: Dataset
    minor: Can't open object
HDF5-DIAG: Error detected in HDF5 (2.2.0) MPI-process 123:
  #000: /pscratch/sd/n/nlewi26/src/hdf5/src/H5D.c line 401 in H5Dopen2(): unable to synchronously open dataset
    major: Dataset
    minor: Can't open object
  #001: /pscratch/sd/n/nlewi26/src/hdf5/src/H5D.c line 363 in H5D__open_api_common(): unable to open dataset
    major: Dataset
    minor: Can't open object
  #002: /pscratch/sd/n/nlewi26/src/hdf5/src/H5VLcallback.c line 2090 in H5VL_dataset_open(): dataset open failed
    major: Virtual Object Layer
    minor: Can't open object
  #003: /pscratch/sd/n/nlewi26/src/hdf5/src/H5VLcallback.c line 2057 in H5VL__dataset_open(): dataset open failed
    major: Virtual Object Layer
    minor: Can't open object
  #004: /pscratch/sd/n/nlewi26/src/hdf5/src/H5VLnative_dataset.c line 332 in H5VL__native_dataset_open(): unable to open dataset
    major: Dataset
    minor: Can't open object
HDF5-DIAG: Error detected in HDF5 (2.2.0) MPI-process 37:
  #000: /pscratch/sd/n/nlewi26/src/hdf5/src/H5D.c line 401 in H5Dopen2(): unable to synchronously open dataset
    major: Dataset
    minor: Can't open object
  #001: /pscratch/sd/n/nlewi26/src/hdf5/src/H5D.c line 363 in H5D__open_api_common(): unable to open dataset
    major: Dataset
    minor: Can't open object
  #002: /pscratch/sd/n/nlewi26/src/hdf5/src/H5VLcallback.c line 2090 in H5VL_dataset_open(): dataset open failed
    major: Virtual Object Layer
    minor: Can't open object
  #003: /pscratch/sd/n/nlewi26/src/hdf5/src/H5VLcallback.c line 2057 in H5VL__dataset_open(): dataset open failed
    major: Virtual Object Layer
    minor: Can't open object
  #004: /pscratch/sd/n/nlewi26/src/hdf5/src/H5VLnative_dataset.c line 332 in H5VL__native_dataset_open(): unable to open dataset
    major: Dataset
    minor: Can't open object
HDF5-DIAG: Error detected in HDF5 (2.2.0) MPI-process 124:
HDF5-DIAG: Error detected in HDF5 (2.2.0) MPI-process 80:
  #000: /pscratch/sd/n/nlewi26/src/hdf5/src/H5D.c line 401 in H5Dopen2(): unable to synchronously open dataset
    major: Dataset
    minor: Can't open object
  #001: /pscratch/sd/n/nlewi26/src/hdf5/src/H5D.c line 363 in H5D__open_api_common(): unable to open dataset
    major: Dataset
    minor: Can't open object
  #002: /pscratch/sd/n/nlewi26/src/hdf5/src/H5VLcallback.c line 2090 in H5VL_dataset_open(): dataset open failed
    major: Virtual Object Layer
    minor: Can't open object
  #003: /pscratch/sd/n/nlewi26/src/hdf5/src/H5VLcallback.c line 2057 in H5VL__dataset_open(): dataset open failed
    major: Virtual Object Layer
    minor: Can't open object
  #004: /pscratch/sd/n/nlewi26/src/hdf5/src/H5VLnative_dataset.c line 332 in H5VL__native_dataset_open(): unable to open dataset
    major: Dataset
    minor: Can't open object
  #002: /pscratch/sd/n/nlewi26/src/hdf5/src/H5VLcallback.c line 2090 in H5VL_dataset_open(): dataset open failed
    major: Virtual Object Layer
    minor: Can't open object
  #003: /pscratch/sd/n/nlewi26/src/hdf5/src/H5VLcallback.c line 2057 in H5VL__dataset_open(): dataset open failed
    major: Virtual Object Layer
    minor: Can't open object
  #004: /pscratch/sd/n/nlewi26/src/hdf5/src/H5VLnative_dataset.c line 332 in H5VL__native_dataset_open(): unable to open dataset
    major: Dataset
    minor: Can't open object
HDF5-DIAG: Error detected in HDF5 (2.2.0) MPI-process 125:
HDF5-DIAG: Error detected in HDF5 (2.2.0) MPI-process 81:
  #000: /pscratch/sd/n/nlewi26/src/hdf5/src/H5D.c line 401 in H5Dopen2(): unable to synchronously open dataset
    major: Dataset
    minor: Can't open object
  #001: /pscratch/sd/n/nlewi26/src/hdf5/src/H5D.c line 363 in H5D__open_api_common(): unable to open dataset
    major: Dataset
    minor: Can't open object
  #002: /pscratch/sd/n/nlewi26/src/hdf5/src/H5VLcallback.c line 2090 in H5VL_dataset_open(): dataset open failed
    major: Virtual Object Layer
    minor: Can't open object
  #003: /pscratch/sd/n/nlewi26/src/hdf5/src/H5VLcallback.c line 2057 in H5VL__dataset_open(): dataset open failed
    major: Virtual Object Layer
    minor: Can't open object
  #004: /pscratch/sd/n/nlewi26/src/hdf5/src/H5VLnative_dataset.c line 332 in H5VL__native_dataset_open(): unable to open dataset
    major: Dataset
    minor: Can't open object
  #000: /pscratch/sd/n/nlewi26/src/hdf5/src/H5D.c line 401 in H5Dopen2(): unable to synchronously open dataset
    major: Dataset
    minor: Can't open object
  #001: /pscratch/sd/n/nlewi26/src/hdf5/src/H5D.c line 363 in H5D__open_api_common(): unable to open dataset
    major: Dataset
    minor: Can't open object
  #002: /pscratch/sd/n/nlewi26/src/hdf5/src/H5VLcallback.c line 2090 in H5VL_dataset_open(): dataset open failed
    major: Virtual Object Layer
    minor: Can't open object
  #003: /pscratch/sd/n/nlewi26/src/hdf5/src/H5VLcallback.c line 2057 in H5VL__dataset_open(): dataset open failed
    major: Virtual Object Layer
    minor: Can't open object
  #004: /pscratch/sd/n/nlewi26/src/hdf5/src/H5VLnative_dataset.c line 332 in H5VL__native_dataset_open(): unable to open dataset
    major: Dataset
    minor: Can't open object
HDF5-DIAG: Error detected in HDF5 (2.2.0) MPI-process 127:
HDF5-DIAG: Error detected in HDF5 (2.2.0) MPI-process 82:
  #000: /pscratch/sd/n/nlewi26/src/hdf5/src/H5D.c line 401 in H5Dopen2(): unable to synchronously open dataset
    major: Dataset
    minor: Can't open object
  #001: /pscratch/sd/n/nlewi26/src/hdf5/src/H5D.c line 363 in H5D__open_api_common(): unable to open dataset
    major: Dataset
    minor: Can't open object
  #002: /pscratch/sd/n/nlewi26/src/hdf5/src/H5VLcallback.c line 2090 in H5VL_dataset_open(): dataset open failed
    major: Virtual Object Layer
    minor: Can't open object
  #003: /pscratch/sd/n/nlewi26/src/hdf5/src/H5VLcallback.c line 2057 in H5VL__dataset_open(): dataset open failed
    major: Virtual Object Layer
    minor: Can't open object
  #004: /pscratch/sd/n/nlewi26/src/hdf5/src/H5VLnative_dataset.c line 332 in H5VL__native_dataset_open(): unable to open dataset
    major: Dataset
    minor: Can't open object
  #000: /pscratch/sd/n/nlewi26/src/hdf5/src/H5D.c line 401 in H5Dopen2(): unable to synchronously open dataset
    major: Dataset
    minor: Can't open object
  #001: /pscratch/sd/n/nlewi26/src/hdf5/src/H5D.c line 363 in H5D__open_api_common(): unable to open dataset
    major: Dataset
    minor: Can't open object
  #002: /pscratch/sd/n/nlewi26/src/hdf5/src/H5VLcallback.c line 2090 in H5VL_dataset_open(): dataset open failed
    major: Virtual Object Layer
    minor: Can't open object
  #003: /pscratch/sd/n/nlewi26/src/hdf5/src/H5VLcallback.c line 2057 in H5VL__dataset_open(): dataset open failed
    major: Virtual Object Layer
    minor: Can't open object
  #004: /pscratch/sd/n/nlewi26/src/hdf5/src/H5VLnative_dataset.c line 332 in H5VL__native_dataset_open(): unable to open dataset
    major: Dataset
    minor: Can't open object
  #000: /pscratch/sd/n/nlewi26/src/hdf5/src/H5D.c line 401 in H5Dopen2(): unable to synchronously open dataset
    major: Dataset
    minor: Can't open object
  #001: /pscratch/sd/n/nlewi26/src/hdf5/src/H5D.c line 363 in H5D__open_api_common(): unable to open dataset
    major: Dataset
    minor: Can't open object
HDF5-DIAG: Error detected in HDF5 (2.2.0) MPI-process 83:
  #000: /pscratch/sd/n/nlewi26/src/hdf5/src/H5D.c line 401 in H5Dopen2(): unable to synchronously open dataset
    major: Dataset
    minor: Can't open object
  #001: /pscratch/sd/n/nlewi26/src/hdf5/src/H5D.c line 363 in H5D__open_api_common(): unable to open dataset
    major: Dataset
    minor: Can't open object
  #002: /pscratch/sd/n/nlewi26/src/hdf5/src/H5VLcallback.c line 2090 in H5VL_dataset_open(): dataset open failed
    major: Virtual Object Layer
    minor: Can't open object
  #003: /pscratch/sd/n/nlewi26/src/hdf5/src/H5VLcallback.c line 2057 in H5VL__dataset_open(): dataset open failed
    major: Virtual Object Layer
    minor: Can't open object
  #004: /pscratch/sd/n/nlewi26/src/hdf5/src/H5VLnative_dataset.c line 332 in H5VL__native_dataset_open(): unable to open dataset
    major: Dataset
    minor: Can't open object
  #002: /pscratch/sd/n/nlewi26/src/hdf5/src/H5VLcallback.c line 2090 in H5VL_dataset_open(): dataset open failed
    major: Virtual Object Layer
    minor: Can't open object
  #003: /pscratch/sd/n/nlewi26/src/hdf5/src/H5VLcallback.c line 2057 in H5VL__dataset_open(): dataset open failed
    major: Virtual Object Layer
    minor: Can't open object
  #004: /pscratch/sd/n/nlewi26/src/hdf5/src/H5VLnative_dataset.c line 332 in H5VL__native_dataset_open(): unable to open dataset
    major: Dataset
    minor: Can't open object
  #000: /pscratch/sd/n/nlewi26/src/hdf5/src/H5D.c line 401 in H5Dopen2(): unable to synchronously open dataset
    major: Dataset
    minor: Can't open object
  #001: /pscratch/sd/n/nlewi26/src/hdf5/src/H5D.c line 363 in H5D__open_api_common(): unable to open dataset
    major: Dataset
    minor: Can't open object
HDF5-DIAG: Error detected in HDF5 (2.2.0) MPI-process 84:
  #000: /pscratch/sd/n/nlewi26/src/hdf5/src/H5D.c line 401 in H5Dopen2(): unable to synchronously open dataset
    major: Dataset
    minor: Can't open object
  #001: /pscratch/sd/n/nlewi26/src/hdf5/src/H5D.c line 363 in H5D__open_api_common(): unable to open dataset
    major: Dataset
    minor: Can't open object
  #002: /pscratch/sd/n/nlewi26/src/hdf5/src/H5VLcallback.c line 2090 in H5VL_dataset_open(): dataset open failed
    major: Virtual Object Layer
    minor: Can't open object
  #003: /pscratch/sd/n/nlewi26/src/hdf5/src/H5VLcallback.c line 2057 in H5VL__dataset_open(): dataset open failed
    major: Virtual Object Layer
    minor: Can't open object
  #004: /pscratch/sd/n/nlewi26/src/hdf5/src/H5VLnative_dataset.c line 332 in H5VL__native_dataset_open(): unable to open dataset
    major: Dataset
    minor: Can't open object
  #002: /pscratch/sd/n/nlewi26/src/hdf5/src/H5VLcallback.c line 2090 in H5VL_dataset_open(): dataset open failed
    major: Virtual Object Layer
    minor: Can't open object
  #003: /pscratch/sd/n/nlewi26/src/hdf5/src/H5VLcallback.c line 2057 in H5VL__dataset_open(): dataset open failed
    major: Virtual Object Layer
    minor: Can't open object
  #004: /pscratch/sd/n/nlewi26/src/hdf5/src/H5VLnative_dataset.c line 332 in H5VL__native_dataset_open(): unable to open dataset
    major: Dataset
    minor: Can't open object
  #000: /pscratch/sd/n/nlewi26/src/hdf5/src/H5D.c line 401 in H5Dopen2(): unable to synchronously open dataset
    major: Dataset
    minor: Can't open object
  #001: /pscratch/sd/n/nlewi26/src/hdf5/src/H5D.c line 363 in H5D__open_api_common(): unable to open dataset
    major: Dataset
    minor: Can't open object
HDF5-DIAG: Error detected in HDF5 (2.2.0) MPI-process 86:
  #000: /pscratch/sd/n/nlewi26/src/hdf5/src/H5D.c line 401 in H5Dopen2(): unable to synchronously open dataset
    major: Dataset
    minor: Can't open object
  #001: /pscratch/sd/n/nlewi26/src/hdf5/src/H5D.c line 363 in H5D__open_api_common(): unable to open dataset
    major: Dataset
    minor: Can't open object
  #002: /pscratch/sd/n/nlewi26/src/hdf5/src/H5VLcallback.c line 2090 in H5VL_dataset_open(): dataset open failed
    major: Virtual Object Layer
    minor: Can't open object
  #003: /pscratch/sd/n/nlewi26/src/hdf5/src/H5VLcallback.c line 2057 in H5VL__dataset_open(): dataset open failed
    major: Virtual Object Layer
    minor: Can't open object
  #004: /pscratch/sd/n/nlewi26/src/hdf5/src/H5VLnative_dataset.c line 332 in H5VL__native_dataset_open(): unable to open dataset
    major: Dataset
    minor: Can't open object
  #000: /pscratch/sd/n/nlewi26/src/hdf5/src/H5D.c line 401 in H5Dopen2(): unable to synchronously open dataset
    major: Dataset
    minor: Can't open object
  #001: /pscratch/sd/n/nlewi26/src/hdf5/src/H5D.c line 363 in H5D__open_api_common(): unable to open dataset
    major: Dataset
    minor: Can't open object
  #002: /pscratch/sd/n/nlewi26/src/hdf5/src/H5VLcallback.c line 2090 in H5VL_dataset_open(): dataset open failed
    major: Virtual Object Layer
    minor: Can't open object
  #003: /pscratch/sd/n/nlewi26/src/hdf5/src/H5VLcallback.c line 2057 in H5VL__dataset_open(): dataset open failed
    major: Virtual Object Layer
    minor: Can't open object
  #004: /pscratch/sd/n/nlewi26/src/hdf5/src/H5VLnative_dataset.c line 332 in H5VL__native_dataset_open(): unable to open dataset
    major: Dataset
    minor: Can't open object
  #000: /pscratch/sd/n/nlewi26/src/hdf5/src/H5D.c line 401 in H5Dopen2(): unable to synchronously open dataset
    major: Dataset
    minor: Can't open object
  #001: /pscratch/sd/n/nlewi26/src/hdf5/src/H5D.c line 363 in H5D__open_api_common(): unable to open dataset
    major: Dataset
    minor: Can't open object
HDF5-DIAG: Error detected in HDF5 (2.2.0) MPI-process 87:
  #000: /pscratch/sd/n/nlewi26/src/hdf5/src/H5D.c line 401 in H5Dopen2(): unable to synchronously open dataset
    major: Dataset
    minor: Can't open object
  #001: /pscratch/sd/n/nlewi26/src/hdf5/src/H5D.c line 363 in H5D__open_api_common(): unable to open dataset
    major: Dataset
    minor: Can't open object
  #002: /pscratch/sd/n/nlewi26/src/hdf5/src/H5VLcallback.c line 2090 in H5VL_dataset_open(): dataset open failed
    major: Virtual Object Layer
    minor: Can't open object
  #003: /pscratch/sd/n/nlewi26/src/hdf5/src/H5VLcallback.c line 2057 in H5VL__dataset_open(): dataset open failed
    major: Virtual Object Layer
    minor: Can't open object
  #004: /pscratch/sd/n/nlewi26/src/hdf5/src/H5VLnative_dataset.c line 332 in H5VL__native_dataset_open(): unable to open dataset
    major: Dataset
    minor: Can't open object
  #000: /pscratch/sd/n/nlewi26/src/hdf5/src/H5D.c line 401 in H5Dopen2(): unable to synchronously open dataset
    major: Dataset
    minor: Can't open object
  #001: /pscratch/sd/n/nlewi26/src/hdf5/src/H5D.c line 363 in H5D__open_api_common(): unable to open dataset
    major: Dataset
    minor: Can't open object
  #002: /pscratch/sd/n/nlewi26/src/hdf5/src/H5VLcallback.c line 2090 in H5VL_dataset_open(): dataset open failed
    major: Virtual Object Layer
    minor: Can't open object
  #003: /pscratch/sd/n/nlewi26/src/hdf5/src/H5VLcallback.c line 2057 in H5VL__dataset_open(): dataset open failed
    major: Virtual Object Layer
    minor: Can't open object
  #004: /pscratch/sd/n/nlewi26/src/hdf5/src/H5VLnative_dataset.c line 332 in H5VL__native_dataset_open(): unable to open dataset
    major: Dataset
    minor: Can't open object
  #000: /pscratch/sd/n/nlewi26/src/hdf5/src/H5D.c line 401 in H5Dopen2(): unable to synchronously open dataset
    major: Dataset
    minor: Can't open object
  #001: /pscratch/sd/n/nlewi26/src/hdf5/src/H5D.c line 363 in H5D__open_api_common(): unable to open dataset
    major: Dataset
    minor: Can't open object
  #004: /pscratch/sd/n/nlewi26/src/hdf5/src/H5VLnative_dataset.c line 332 in H5VL__native_dataset_open(): unable to open dataset
    major: Dataset
    minor: Can't open object
  #002: /pscratch/sd/n/nlewi26/src/hdf5/src/H5VLcallback.c line 2090 in H5VL_dataset_open(): dataset open failed
    major: Virtual Object Layer
    minor: Can't open object
  #003: /pscratch/sd/n/nlewi26/src/hdf5/src/H5VLcallback.c line 2057 in H5VL__dataset_open(): dataset open failed
    major: Virtual Object Layer
    minor: Can't open object
  #004: /pscratch/sd/n/nlewi26/src/hdf5/src/H5VLnative_dataset.c line 332 in H5VL__native_dataset_open(): unable to open dataset
    major: Dataset
    minor: Can't open object
  #000: /pscratch/sd/n/nlewi26/src/hdf5/src/H5D.c line 401 in H5Dopen2(): unable to synchronously open dataset
    major: Dataset
    minor: Can't open object
  #001: /pscratch/sd/n/nlewi26/src/hdf5/src/H5D.c line 363 in H5D__open_api_common(): unable to open dataset
    major: Dataset
    minor: Can't open object
HDF5-DIAG: Error detected in HDF5 (2.2.0) MPI-process 92:
  #000: /pscratch/sd/n/nlewi26/src/hdf5/src/H5D.c line 401 in H5Dopen2(): unable to synchronously open dataset
    major: Dataset
    minor: Can't open object
  #001: /pscratch/sd/n/nlewi26/src/hdf5/src/H5D.c line 363 in H5D__open_api_common(): unable to open dataset
    major: Dataset
    minor: Can't open object
  #002: /pscratch/sd/n/nlewi26/src/hdf5/src/H5VLcallback.c line 2090 in H5VL_dataset_open(): dataset open failed
    major: Virtual Object Layer
    minor: Can't open object
  #003: /pscratch/sd/n/nlewi26/src/hdf5/src/H5VLcallback.c line 2057 in H5VL__dataset_open(): dataset open failed
    major: Virtual Object Layer
    minor: Can't open object
  #004: /pscratch/sd/n/nlewi26/src/hdf5/src/H5VLnative_dataset.c line 332 in H5VL__native_dataset_open(): unable to open dataset
    major: Dataset
    minor: Can't open object
  #002: /pscratch/sd/n/nlewi26/src/hdf5/src/H5VLcallback.c line 2090 in H5VL_dataset_open(): dataset open failed
    major: Virtual Object Layer
    minor: Can't open object
  #003: /pscratch/sd/n/nlewi26/src/hdf5/src/H5VLcallback.c line 2057 in H5VL__dataset_open(): dataset open failed
    major: Virtual Object Layer
    minor: Can't open object
  #004: /pscratch/sd/n/nlewi26/src/hdf5/src/H5VLnative_dataset.c line 332 in H5VL__native_dataset_open(): unable to open dataset
    major: Dataset
    minor: Can't open object
  #000: /pscratch/sd/n/nlewi26/src/hdf5/src/H5D.c line 401 in H5Dopen2(): unable to synchronously open dataset
    major: Dataset
    minor: Can't open object
  #001: /pscratch/sd/n/nlewi26/src/hdf5/src/H5D.c line 363 in H5D__open_api_common(): unable to open dataset
    major: Dataset
    minor: Can't open object
HDF5-DIAG: Error detected in HDF5 (2.2.0) MPI-process 94:
  #000: /pscratch/sd/n/nlewi26/src/hdf5/src/H5D.c line 401 in H5Dopen2(): unable to synchronously open dataset
    major: Dataset
    minor: Can't open object
  #001: /pscratch/sd/n/nlewi26/src/hdf5/src/H5D.c line 363 in H5D__open_api_common(): unable to open dataset
    major: Dataset
    minor: Can't open object
  #002: /pscratch/sd/n/nlewi26/src/hdf5/src/H5VLcallback.c line 2090 in H5VL_dataset_open(): dataset open failed
    major: Virtual Object Layer
    minor: Can't open object
  #003: /pscratch/sd/n/nlewi26/src/hdf5/src/H5VLcallback.c line 2057 in H5VL__dataset_open(): dataset open failed
    major: Virtual Object Layer
    minor: Can't open object
  #004: /pscratch/sd/n/nlewi26/src/hdf5/src/H5VLnative_dataset.c line 332 in H5VL__native_dataset_open(): unable to open dataset
    major: Dataset
    minor: Can't open object
HDF5-DIAG: Error detected in HDF5 (2.2.0) MPI-process 52:
  #000: /pscratch/sd/n/nlewi26/src/hdf5/src/H5D.c line 401 in H5Dopen2(): unable to synchronously open dataset
    major: Dataset
    minor: Can't open object
  #001: /pscratch/sd/n/nlewi26/src/hdf5/src/H5D.c line 363 in H5D__open_api_common(): unable to open dataset
    major: Dataset
    minor: Can't open object
  #002: /pscratch/sd/n/nlewi26/src/hdf5/src/H5VLcallback.c line 2090 in H5VL_dataset_open(): dataset open failed
    major: Virtual Object Layer
    minor: Can't open object
  #003: /pscratch/sd/n/nlewi26/src/hdf5/src/H5VLcallback.c line 2057 in H5VL__dataset_open(): dataset open failed
    major: Virtual Object Layer
    minor: Can't open object
  #004: /pscratch/sd/n/nlewi26/src/hdf5/src/H5VLnative_dataset.c line 332 in H5VL__native_dataset_open(): unable to open dataset
    major: Dataset
    minor: Can't open object
  #000: /pscratch/sd/n/nlewi26/src/hdf5/src/H5D.c line 401 in H5Dopen2(): unable to synchronously open dataset
    major: Dataset
    minor: Can't open object
  #001: /pscratch/sd/n/nlewi26/src/hdf5/src/H5D.c line 363 in H5D__open_api_common(): unable to open dataset
    major: Dataset
    minor: Can't open object
  #002: /pscratch/sd/n/nlewi26/src/hdf5/src/H5VLcallback.c line 2090 in H5VL_dataset_open(): dataset open failed
    major: Virtual Object Layer
    minor: Can't open object
  #003: /pscratch/sd/n/nlewi26/src/hdf5/src/H5VLcallback.c line 2057 in H5VL__dataset_open(): dataset open failed
    major: Virtual Object Layer
    minor: Can't open object
  #004: /pscratch/sd/n/nlewi26/src/hdf5/src/H5VLnative_dataset.c line 332 in H5VL__native_dataset_open(): unable to open dataset
    major: Dataset
    minor: Can't open object
  #000: /pscratch/sd/n/nlewi26/src/hdf5/src/H5D.c line 401 in H5Dopen2(): unable to synchronously open dataset
    major: Dataset
    minor: Can't open object
  #001: /pscratch/sd/n/nlewi26/src/hdf5/src/H5D.c line 363 in H5D__open_api_common(): unable to open dataset
    major: Dataset
    minor: Can't open object
  #002: /pscratch/sd/n/nlewi26/src/hdf5/src/H5VLcallback.c line 2090 in H5VL_dataset_open(): dataset open failed
    major: Virtual Object Layer
    minor: Can't open object
  #003: /pscratch/sd/n/nlewi26/src/hdf5/src/H5VLcallback.c line 2057 in H5VL__dataset_open(): dataset open failed
    major: Virtual Object Layer
    minor: Can't open object
  #004: /pscratch/sd/n/nlewi26/src/hdf5/src/H5VLnative_dataset.c line 332 in H5VL__native_dataset_open(): unable to open dataset
    major: Dataset
    minor: Can't open object
  #000: /pscratch/sd/n/nlewi26/src/hdf5/src/H5D.c line 401 in H5Dopen2(): unable to synchronously open dataset
    major: Dataset
    minor: Can't open object
  #001: /pscratch/sd/n/nlewi26/src/hdf5/src/H5D.c line 363 in H5D__open_api_common(): unable to open dataset
    major: Dataset
    minor: Can't open object
  #005: /pscratch/sd/n/nlewi26/src/hdf5/src/H5Dint.c line 1476 in H5D__open_name(): not found
    major: Dataset
    minor: Object not found
HDF5-DIAG: Error detected in HDF5 (2.2.0) MPI-process 60:
  #000: /pscratch/sd/n/nlewi26/src/hdf5/src/H5D.c line 401 in H5Dopen2(): unable to synchronously open dataset
    major: Dataset
    minor: Can't open object
  #001: /pscratch/sd/n/nlewi26/src/hdf5/src/H5D.c line 363 in H5D__open_api_common(): unable to open dataset
    major: Dataset
    minor: Can't open object
  #002: /pscratch/sd/n/nlewi26/src/hdf5/src/H5VLcallback.c line 2090 in H5VL_dataset_open(): dataset open failed
    major: Virtual Object Layer
    minor: Can't open object
  #003: /pscratch/sd/n/nlewi26/src/hdf5/src/H5VLcallback.c line 2057 in H5VL__dataset_open(): dataset open failed
    major: Virtual Object Layer
    minor: Can't open object
  #004: /pscratch/sd/n/nlewi26/src/hdf5/src/H5VLnative_dataset.c line 332 in H5VL__native_dataset_open(): unable to open dataset
    major: Dataset
    minor: Can't open object
  #000: /pscratch/sd/n/nlewi26/src/hdf5/src/H5D.c line 401 in H5Dopen2(): unable to synchronously open dataset
    major: Dataset
    minor: Can't open object
  #001: /pscratch/sd/n/nlewi26/src/hdf5/src/H5D.c line 363 in H5D__open_api_common(): unable to open dataset
    major: Dataset
    minor: Can't open object
  #005: /pscratch/sd/n/nlewi26/src/hdf5/src/H5Dint.c line 1476 in H5D__open_name(): not found
    major: Dataset
    minor: Object not found
  #005: /pscratch/sd/n/nlewi26/src/hdf5/src/H5Dint.c line 1476 in H5D__open_name(): not found
    major: Dataset
    minor: Object not found
  #000: /pscratch/sd/n/nlewi26/src/hdf5/src/H5D.c line 401 in H5Dopen2(): unable to synchronously open dataset
    major: Dataset
    minor: Can't open object
  #001: /pscratch/sd/n/nlewi26/src/hdf5/src/H5D.c line 363 in H5D__open_api_common(): unable to open dataset
    major: Dataset
    minor: Can't open object
  #005: /pscratch/sd/n/nlewi26/src/hdf5/src/H5Dint.c line 1476 in H5D__open_name(): not found
    major: Dataset
    minor: Object not found
  #005: /pscratch/sd/n/nlewi26/src/hdf5/src/H5Dint.c line 1476 in H5D__open_name(): not found
    major: Dataset
    minor: Object not found
  #000: /pscratch/sd/n/nlewi26/src/hdf5/src/H5D.c line 401 in H5Dopen2(): unable to synchronously open dataset
    major: Dataset
    minor: Can't open object
  #001: /pscratch/sd/n/nlewi26/src/hdf5/src/H5D.c line 363 in H5D__open_api_common(): unable to open dataset
    major: Dataset
    minor: Can't open object
  #005: /pscratch/sd/n/nlewi26/src/hdf5/src/H5Dint.c line 1476 in H5D__open_name(): not found
    major: Dataset
    minor: Object not found
  #005: /pscratch/sd/n/nlewi26/src/hdf5/src/H5Dint.c line 1476 in H5D__open_name(): not found
    major: Dataset
    minor: Object not found
HDF5-DIAG: Error detected in HDF5 (2.2.0) MPI-process 117:
  #005: /pscratch/sd/n/nlewi26/src/hdf5/src/H5Dint.c line 1476 in H5D__open_name(): not found
    major: Dataset
    minor: Object not found
  #005: /pscratch/sd/n/nlewi26/src/hdf5/src/H5Dint.c line 1476 in H5D__open_name(): not found
    major: Dataset
    minor: Object not found
  #000: /pscratch/sd/n/nlewi26/src/hdf5/src/H5D.c line 401 in H5Dopen2(): unable to synchronously open dataset
    major: Dataset
    minor: Can't open object
  #001: /pscratch/sd/n/nlewi26/src/hdf5/src/H5D.c line 363 in H5D__open_api_common(): unable to open dataset
    major: Dataset
    minor: Can't open object
  #002: /pscratch/sd/n/nlewi26/src/hdf5/src/H5VLcallback.c line 2090 in H5VL_dataset_open(): dataset open failed
    major: Virtual Object Layer
    minor: Can't open object
  #003: /pscratch/sd/n/nlewi26/src/hdf5/src/H5VLcallback.c line 2057 in H5VL__dataset_open(): dataset open failed
    major: Virtual Object Layer
    minor: Can't open object
  #004: /pscratch/sd/n/nlewi26/src/hdf5/src/H5VLnative_dataset.c line 332 in H5VL__native_dataset_open(): unable to open dataset
    major: Dataset
    minor: Can't open object
  #005: /pscratch/sd/n/nlewi26/src/hdf5/src/H5Dint.c line 1476 in H5D__open_name(): not found
    major: Dataset
    minor: Object not found
  #000: /pscratch/sd/n/nlewi26/src/hdf5/src/H5D.c line 401 in H5Dopen2(): unable to synchronously open dataset
    major: Dataset
    minor: Can't open object
  #001: /pscratch/sd/n/nlewi26/src/hdf5/src/H5D.c line 363 in H5D__open_api_common(): unable to open dataset
    major: Dataset
    minor: Can't open object
  #005: /pscratch/sd/n/nlewi26/src/hdf5/src/H5Dint.c line 1476 in H5D__open_name(): not found
    major: Dataset
    minor: Object not found
  #005: /pscratch/sd/n/nlewi26/src/hdf5/src/H5Dint.c line 1476 in H5D__open_name(): not found
    major: Dataset
    minor: Object not found
  #000: /pscratch/sd/n/nlewi26/src/hdf5/src/H5D.c line 401 in H5Dopen2(): unable to synchronously open dataset
    major: Dataset
    minor: Can't open object
  #001: /pscratch/sd/n/nlewi26/src/hdf5/src/H5D.c line 363 in H5D__open_api_common(): unable to open dataset
    major: Dataset
    minor: Can't open object
  #005: /pscratch/sd/n/nlewi26/src/hdf5/src/H5Dint.c line 1476 in H5D__open_name(): not found
    major: Dataset
    minor: Object not found
  #005: /pscratch/sd/n/nlewi26/src/hdf5/src/H5Dint.c line 1476 in H5D__open_name(): not found
    major: Dataset
    minor: Object not found
  #000: /pscratch/sd/n/nlewi26/src/hdf5/src/H5D.c line 401 in H5Dopen2(): unable to synchronously open dataset
    major: Dataset
    minor: Can't open object
  #001: /pscratch/sd/n/nlewi26/src/hdf5/src/H5D.c line 363 in H5D__open_api_common(): unable to open dataset
    major: Dataset
    minor: Can't open object
  #002: /pscratch/sd/n/nlewi26/src/hdf5/src/H5VLcallback.c line 2090 in H5VL_dataset_open(): dataset open failed
    major: Virtual Object Layer
    minor: Can't open object
  #003: /pscratch/sd/n/nlewi26/src/hdf5/src/H5VLcallback.c line 2057 in H5VL__dataset_open(): dataset open failed
    major: Virtual Object Layer
    minor: Can't open object
  #004: /pscratch/sd/n/nlewi26/src/hdf5/src/H5VLnative_dataset.c line 332 in H5VL__native_dataset_open(): unable to open dataset
    major: Dataset
    minor: Can't open object
  #005: /pscratch/sd/n/nlewi26/src/hdf5/src/H5Dint.c line 1476 in H5D__open_name(): not found
    major: Dataset
    minor: Object not found
  #000: /pscratch/sd/n/nlewi26/src/hdf5/src/H5D.c line 401 in H5Dopen2(): unable to synchronously open dataset
    major: Dataset
    minor: Can't open object
  #001: /pscratch/sd/n/nlewi26/src/hdf5/src/H5D.c line 363 in H5D__open_api_common(): unable to open dataset
    major: Dataset
    minor: Can't open object
  #002: /pscratch/sd/n/nlewi26/src/hdf5/src/H5VLcallback.c line 2090 in H5VL_dataset_open(): dataset open failed
    major: Virtual Object Layer
    minor: Can't open object
  #003: /pscratch/sd/n/nlewi26/src/hdf5/src/H5VLcallback.c line 2057 in H5VL__dataset_open(): dataset open failed
    major: Virtual Object Layer
    minor: Can't open object
  #004: /pscratch/sd/n/nlewi26/src/hdf5/src/H5VLnative_dataset.c line 332 in H5VL__native_dataset_open(): unable to open dataset
    major: Dataset
    minor: Can't open object
  #005: /pscratch/sd/n/nlewi26/src/hdf5/src/H5Dint.c line 1476 in H5D__open_name(): not found
    major: Dataset
    minor: Object not found
  #005: /pscratch/sd/n/nlewi26/src/hdf5/src/H5Dint.c line 1476 in H5D__open_name(): not found
    major: Dataset
    minor: Object not found
  #000: /pscratch/sd/n/nlewi26/src/hdf5/src/H5D.c line 401 in H5Dopen2(): unable to synchronously open dataset
    major: Dataset
    minor: Can't open object
  #001: /pscratch/sd/n/nlewi26/src/hdf5/src/H5D.c line 363 in H5D__open_api_common(): unable to open dataset
    major: Dataset
    minor: Can't open object
  #002: /pscratch/sd/n/nlewi26/src/hdf5/src/H5VLcallback.c line 2090 in H5VL_dataset_open(): dataset open failed
    major: Virtual Object Layer
    minor: Can't open object
  #003: /pscratch/sd/n/nlewi26/src/hdf5/src/H5VLcallback.c line 2057 in H5VL__dataset_open(): dataset open failed
    major: Virtual Object Layer
    minor: Can't open object
  #004: /pscratch/sd/n/nlewi26/src/hdf5/src/H5VLnative_dataset.c line 332 in H5VL__native_dataset_open(): unable to open dataset
    major: Dataset
    minor: Can't open object
  #005: /pscratch/sd/n/nlewi26/src/hdf5/src/H5Dint.c line 1476 in H5D__open_name(): not found
    major: Dataset
    minor: Object not found
  #000: /pscratch/sd/n/nlewi26/src/hdf5/src/H5D.c line 401 in H5Dopen2(): unable to synchronously open dataset
    major: Dataset
    minor: Can't open object
  #001: /pscratch/sd/n/nlewi26/src/hdf5/src/H5D.c line 363 in H5D__open_api_common(): unable to open dataset
    major: Dataset
    minor: Can't open object
  #005: /pscratch/sd/n/nlewi26/src/hdf5/src/H5Dint.c line 1476 in H5D__open_name(): not found
    major: Dataset
    minor: Object not found
  #005: /pscratch/sd/n/nlewi26/src/hdf5/src/H5Dint.c line 1476 in H5D__open_name(): not found
    major: Dataset
    minor: Object not found
  #000: /pscratch/sd/n/nlewi26/src/hdf5/src/H5D.c line 401 in H5Dopen2(): unable to synchronously open dataset
    major: Dataset
    minor: Can't open object
  #001: /pscratch/sd/n/nlewi26/src/hdf5/src/H5D.c line 363 in H5D__open_api_common(): unable to open dataset
    major: Dataset
    minor: Can't open object
  #005: /pscratch/sd/n/nlewi26/src/hdf5/src/H5Dint.c line 1476 in H5D__open_name(): not found
    major: Dataset
    minor: Object not found
  #005: /pscratch/sd/n/nlewi26/src/hdf5/src/H5Dint.c line 1476 in H5D__open_name(): not found
    major: Dataset
    minor: Object not found
  #000: /pscratch/sd/n/nlewi26/src/hdf5/src/H5D.c line 401 in H5Dopen2(): unable to synchronously open dataset
    major: Dataset
    minor: Can't open object
  #001: /pscratch/sd/n/nlewi26/src/hdf5/src/H5D.c line 363 in H5D__open_api_common(): unable to open dataset
    major: Dataset
    minor: Can't open object
  #005: /pscratch/sd/n/nlewi26/src/hdf5/src/H5Dint.c line 1476 in H5D__open_name(): not found
    major: Dataset
    minor: Object not found
  #005: /pscratch/sd/n/nlewi26/src/hdf5/src/H5Dint.c line 1476 in H5D__open_name(): not found
    major: Dataset
    minor: Object not found
  #000: /pscratch/sd/n/nlewi26/src/hdf5/src/H5D.c line 401 in H5Dopen2(): unable to synchronously open dataset
    major: Dataset
    minor: Can't open object
  #001: /pscratch/sd/n/nlewi26/src/hdf5/src/H5D.c line 363 in H5D__open_api_common(): unable to open dataset
    major: Dataset
    minor: Can't open object
  #005: /pscratch/sd/n/nlewi26/src/hdf5/src/H5Dint.c line 1476 in H5D__open_name(): not found
    major: Dataset
    minor: Object not found
  #005: /pscratch/sd/n/nlewi26/src/hdf5/src/H5Dint.c line 1476 in H5D__open_name(): not found
    major: Dataset
    minor: Object not found
  #000: /pscratch/sd/n/nlewi26/src/hdf5/src/H5D.c line 401 in H5Dopen2(): unable to synchronously open dataset
    major: Dataset
    minor: Can't open object
  #001: /pscratch/sd/n/nlewi26/src/hdf5/src/H5D.c line 363 in H5D__open_api_common(): unable to open dataset
    major: Dataset
    minor: Can't open object
  #005: /pscratch/sd/n/nlewi26/src/hdf5/src/H5Dint.c line 1476 in H5D__open_name(): not found
    major: Dataset
    minor: Object not found
  #005: /pscratch/sd/n/nlewi26/src/hdf5/src/H5Dint.c line 1476 in H5D__open_name(): not found
    major: Dataset
    minor: Object not found
  #000: /pscratch/sd/n/nlewi26/src/hdf5/src/H5D.c line 401 in H5Dopen2(): unable to synchronously open dataset
    major: Dataset
    minor: Can't open object
  #001: /pscratch/sd/n/nlewi26/src/hdf5/src/H5D.c line 363 in H5D__open_api_common(): unable to open dataset
    major: Dataset
    minor: Can't open object
  #005: /pscratch/sd/n/nlewi26/src/hdf5/src/H5Dint.c line 1476 in H5D__open_name(): not found
    major: Dataset
    minor: Object not found
  #005: /pscratch/sd/n/nlewi26/src/hdf5/src/H5Dint.c line 1476 in H5D__open_name(): not found
    major: Dataset
    minor: Object not found
  #000: /pscratch/sd/n/nlewi26/src/hdf5/src/H5D.c line 401 in H5Dopen2(): unable to synchronously open dataset
    major: Dataset
    minor: Can't open object
  #001: /pscratch/sd/n/nlewi26/src/hdf5/src/H5D.c line 363 in H5D__open_api_common(): unable to open dataset
    major: Dataset
    minor: Can't open object
  #005: /pscratch/sd/n/nlewi26/src/hdf5/src/H5Dint.c line 1476 in H5D__open_name(): not found
    major: Dataset
    minor: Object not found
  #005: /pscratch/sd/n/nlewi26/src/hdf5/src/H5Dint.c line 1476 in H5D__open_name(): not found
    major: Dataset
    minor: Object not found
  #000: /pscratch/sd/n/nlewi26/src/hdf5/src/H5D.c line 401 in H5Dopen2(): unable to synchronously open dataset
    major: Dataset
    minor: Can't open object
  #001: /pscratch/sd/n/nlewi26/src/hdf5/src/H5D.c line 363 in H5D__open_api_common(): unable to open dataset
    major: Dataset
    minor: Can't open object
  #005: /pscratch/sd/n/nlewi26/src/hdf5/src/H5Dint.c line 1476 in H5D__open_name(): not found
    major: Dataset
    minor: Object not found
  #005: /pscratch/sd/n/nlewi26/src/hdf5/src/H5Dint.c line 1476 in H5D__open_name(): not found
    major: Dataset
    minor: Object not found
  #000: /pscratch/sd/n/nlewi26/src/hdf5/src/H5D.c line 401 in H5Dopen2(): unable to synchronously open dataset
    major: Dataset
    minor: Can't open object
  #001: /pscratch/sd/n/nlewi26/src/hdf5/src/H5D.c line 363 in H5D__open_api_common(): unable to open dataset
    major: Dataset
    minor: Can't open object
  #005: /pscratch/sd/n/nlewi26/src/hdf5/src/H5Dint.c line 1476 in H5D__open_name(): not found
    major: Dataset
    minor: Object not found
  #005: /pscratch/sd/n/nlewi26/src/hdf5/src/H5Dint.c line 1476 in H5D__open_name(): not found
    major: Dataset
    minor: Object not found
  #000: /pscratch/sd/n/nlewi26/src/hdf5/src/H5D.c line 401 in H5Dopen2(): unable to synchronously open dataset
    major: Dataset
    minor: Can't open object
  #001: /pscratch/sd/n/nlewi26/src/hdf5/src/H5D.c line 363 in H5D__open_api_common(): unable to open dataset
    major: Dataset
    minor: Can't open object
  #005: /pscratch/sd/n/nlewi26/src/hdf5/src/H5Dint.c line 1476 in H5D__open_name(): not found
    major: Dataset
    minor: Object not found
  #005: /pscratch/sd/n/nlewi26/src/hdf5/src/H5Dint.c line 1476 in H5D__open_name(): not found
    major: Dataset
    minor: Object not found
  #000: /pscratch/sd/n/nlewi26/src/hdf5/src/H5D.c line 401 in H5Dopen2(): unable to synchronously open dataset
    major: Dataset
    minor: Can't open object
  #001: /pscratch/sd/n/nlewi26/src/hdf5/src/H5D.c line 363 in H5D__open_api_common(): unable to open dataset
    major: Dataset
    minor: Can't open object
  #005: /pscratch/sd/n/nlewi26/src/hdf5/src/H5Dint.c line 1476 in H5D__open_name(): not found
    major: Dataset
    minor: Object not found
  #005: /pscratch/sd/n/nlewi26/src/hdf5/src/H5Dint.c line 1476 in H5D__open_name(): not found
    major: Dataset
    minor: Object not found
  #000: /pscratch/sd/n/nlewi26/src/hdf5/src/H5D.c line 401 in H5Dopen2(): unable to synchronously open dataset
    major: Dataset
    minor: Can't open object
  #001: /pscratch/sd/n/nlewi26/src/hdf5/src/H5D.c line 363 in H5D__open_api_common(): unable to open dataset
    major: Dataset
    minor: Can't open object
  #005: /pscratch/sd/n/nlewi26/src/hdf5/src/H5Dint.c line 1476 in H5D__open_name(): not found
    major: Dataset
    minor: Object not found
  #005: /pscratch/sd/n/nlewi26/src/hdf5/src/H5Dint.c line 1476 in H5D__open_name(): not found
    major: Dataset
    minor: Object not found
  #000: /pscratch/sd/n/nlewi26/src/hdf5/src/H5D.c line 401 in H5Dopen2(): unable to synchronously open dataset
    major: Dataset
    minor: Can't open object
  #001: /pscratch/sd/n/nlewi26/src/hdf5/src/H5D.c line 363 in H5D__open_api_common(): unable to open dataset
    major: Dataset
    minor: Can't open object
  #005: /pscratch/sd/n/nlewi26/src/hdf5/src/H5Dint.c line 1476 in H5D__open_name(): not found
    major: Dataset
    minor: Object not found
  #005: /pscratch/sd/n/nlewi26/src/hdf5/src/H5Dint.c line 1476 in H5D__open_name(): not found
    major: Dataset
    minor: Object not found
  #000: /pscratch/sd/n/nlewi26/src/hdf5/src/H5D.c line 401 in H5Dopen2(): unable to synchronously open dataset
    major: Dataset
    minor: Can't open object
  #001: /pscratch/sd/n/nlewi26/src/hdf5/src/H5D.c line 363 in H5D__open_api_common(): unable to open dataset
    major: Dataset
    minor: Can't open object
  #005: /pscratch/sd/n/nlewi26/src/hdf5/src/H5Dint.c line 1476 in H5D__open_name(): not found
    major: Dataset
    minor: Object not found
  #005: /pscratch/sd/n/nlewi26/src/hdf5/src/H5Dint.c line 1476 in H5D__open_name(): not found
    major: Dataset
    minor: Object not found
  #002: /pscratch/sd/n/nlewi26/src/hdf5/src/H5VLcallback.c line 2090 in H5VL_dataset_open(): dataset open failed
    major: Virtual Object Layer
    minor: Can't open object
  #003: /pscratch/sd/n/nlewi26/src/hdf5/src/H5VLcallback.c line 2057 in H5VL__dataset_open(): dataset open failed
    major: Virtual Object Layer
    minor: Can't open object
  #005: /pscratch/sd/n/nlewi26/src/hdf5/src/H5Dint.c line 1476 in H5D__open_name(): not found
    major: Dataset
    minor: Object not found
  #005: /pscratch/sd/n/nlewi26/src/hdf5/src/H5Dint.c line 1476 in H5D__open_name(): not found
    major: Dataset
    minor: Object not found
  #002: /pscratch/sd/n/nlewi26/src/hdf5/src/H5VLcallback.c line 2090 in H5VL_dataset_open(): dataset open failed
    major: Virtual Object Layer
    minor: Can't open object
  #003: /pscratch/sd/n/nlewi26/src/hdf5/src/H5VLcallback.c line 2057 in H5VL__dataset_open(): dataset open failed
    major: Virtual Object Layer
    minor: Can't open object
  #005: /pscratch/sd/n/nlewi26/src/hdf5/src/H5Dint.c line 1476 in H5D__open_name(): not found
    major: Dataset
    minor: Object not found
  #005: /pscratch/sd/n/nlewi26/src/hdf5/src/H5Dint.c line 1476 in H5D__open_name(): not found
    major: Dataset
    minor: Object not found
  #004: /pscratch/sd/n/nlewi26/src/hdf5/src/H5VLnative_dataset.c line 332 in H5VL__native_dataset_open(): unable to open dataset
    major: Dataset
    minor: Can't open object
  #005: /pscratch/sd/n/nlewi26/src/hdf5/src/H5Dint.c line 1476 in H5D__open_name(): not found
    major: Dataset
    minor: Object not found
  #005: /pscratch/sd/n/nlewi26/src/hdf5/src/H5Dint.c line 1476 in H5D__open_name(): not found
    major: Dataset
    minor: Object not found
  #004: /pscratch/sd/n/nlewi26/src/hdf5/src/H5VLnative_dataset.c line 332 in H5VL__native_dataset_open(): unable to open dataset
    major: Dataset
    minor: Can't open object
  #005: /pscratch/sd/n/nlewi26/src/hdf5/src/H5Dint.c line 1476 in H5D__open_name(): not found
    major: Dataset
    minor: Object not found
  #005: /pscratch/sd/n/nlewi26/src/hdf5/src/H5Dint.c line 1476 in H5D__open_name(): not found
    major: Dataset
    minor: Object not found
  #002: /pscratch/sd/n/nlewi26/src/hdf5/src/H5VLcallback.c line 2090 in H5VL_dataset_open(): dataset open failed
    major: Virtual Object Layer
    minor: Can't open object
  #003: /pscratch/sd/n/nlewi26/src/hdf5/src/H5VLcallback.c line 2057 in H5VL__dataset_open(): dataset open failed
    major: Virtual Object Layer
    minor: Can't open object
  #004: /pscratch/sd/n/nlewi26/src/hdf5/src/H5VLnative_dataset.c line 332 in H5VL__native_dataset_open(): unable to open dataset
  #005: /pscratch/sd/n/nlewi26/src/hdf5/src/H5Dint.c line 1476 in H5D__open_name(): not found
    major: Dataset
    minor: Object not found
  #005: /pscratch/sd/n/nlewi26/src/hdf5/src/H5Dint.c line 1476 in H5D__open_name(): not found
    major: Dataset
    minor: Object not found
  #002: /pscratch/sd/n/nlewi26/src/hdf5/src/H5VLcallback.c line 2090 in H5VL_dataset_open(): dataset open failed
    major: Virtual Object Layer
    minor: Can't open object
  #003: /pscratch/sd/n/nlewi26/src/hdf5/src/H5VLcallback.c line 2057 in H5VL__dataset_open(): dataset open failed
    major: Virtual Object Layer
    minor: Can't open object
  #004: /pscratch/sd/n/nlewi26/src/hdf5/src/H5VLnative_dataset.c line 332 in H5VL__native_dataset_open(): unable to open dataset
    major: Dataset
    minor: Can't open object
  #005: /pscratch/sd/n/nlewi26/src/hdf5/src/H5Dint.c line 1476 in H5D__open_name(): not found
    major: Dataset
    minor: Object not found
  #005: /pscratch/sd/n/nlewi26/src/hdf5/src/H5Dint.c line 1476 in H5D__open_name(): not found
    major: Dataset
    minor: Object not found
  #002: /pscratch/sd/n/nlewi26/src/hdf5/src/H5VLcallback.c line 2090 in H5VL_dataset_open(): dataset open failed
    major: Virtual Object Layer
    minor: Can't open object
  #003: /pscratch/sd/n/nlewi26/src/hdf5/src/H5VLcallback.c line 2057 in H5VL__dataset_open(): dataset open failed
    major: Virtual Object Layer
    minor: Can't open object
  #004: /pscratch/sd/n/nlewi26/src/hdf5/src/H5VLnative_dataset.c line 332 in H5VL__native_dataset_open(): unable to open dataset
    major: Dataset
  #005: /pscratch/sd/n/nlewi26/src/hdf5/src/H5Dint.c line 1476 in H5D__open_name(): not found
    major: Dataset
    minor: Object not found
  #005: /pscratch/sd/n/nlewi26/src/hdf5/src/H5Dint.c line 1476 in H5D__open_name(): not found
    major: Dataset
    minor: Object not found
  #002: /pscratch/sd/n/nlewi26/src/hdf5/src/H5VLcallback.c line 2090 in H5VL_dataset_open(): dataset open failed
    major: Virtual Object Layer
    minor: Can't open object
  #003: /pscratch/sd/n/nlewi26/src/hdf5/src/H5VLcallback.c line 2057 in H5VL__dataset_open(): dataset open failed
    major: Virtual Object Layer
    minor: Can't open object
  #004: /pscratch/sd/n/nlewi26/src/hdf5/src/H5VLnative_dataset.c line 332 in H5VL__native_dataset_open(): unable to open dataset
    major: Dataset
    minor: Can't open object
  #005: /pscratch/sd/n/nlewi26/src/hdf5/src/H5Dint.c line 1476 in H5D__open_name(): not found
    major: Dataset
    minor: Object not found
  #005: /pscratch/sd/n/nlewi26/src/hdf5/src/H5Dint.c line 1476 in H5D__open_name(): not found
    major: Dataset
    minor: Object not found
    major: Dataset
    minor: Can't open object
  #005: /pscratch/sd/n/nlewi26/src/hdf5/src/H5Dint.c line 1476 in H5D__open_name(): not found
    major: Dataset
    minor: Object not found
  #006: /pscratch/sd/n/nlewi26/src/hdf5/src/H5Gloc.c line 424 in H5G_loc_find(): can't find object
    major: Symbol table
    minor: Object not found
  #007: /pscratch/sd/n/nlewi26/src/hdf5/src/H5Gtraverse.c line 846 in H5G_traverse(): internal path traversal failed
    major: Symbol table
    minor: Object not found
  #008: /pscratch/sd/n/nlewi26/src/hdf5/src/H5Gtraverse.c line 618 in H5G__traverse_real(): traversal operator failed
    major: Symbol table
    minor: Callback failed
  #009: /pscratch/sd/n/nlewi26/src/hdf5/src/H5Gloc.c line 381 in H5G__loc_find_cb(): object 'curl_x' doesn't exist
    major: Symbol table
    minor: Object not found
  #002: /pscratch/sd/n/nlewi26/src/hdf5/src/H5VLcallback.c line 2090 in H5VL_dataset_open(): dataset open failed
    major: Virtual Object Layer
    minor: Can't open object
  #003: /pscratch/sd/n/nlewi26/src/hdf5/src/H5VLcallback.c line 2057 in H5VL__dataset_open(): dataset open failed
    major: Virtual Object Layer
    minor: Can't open object
  #004: /pscratch/sd/n/nlewi26/src/hdf5/src/H5VLnative_dataset.c line 332 in H5VL__native_dataset_open(): unable to open dataset
    major: Dataset
    minor: Can't open object
  #005: /pscratch/sd/n/nlewi26/src/hdf5/src/H5Dint.c line 1476 in H5D__open_name(): not found
    major: Dataset
    minor: Object not found
  #006: /pscratch/sd/n/nlewi26/src/hdf5/src/H5Gloc.c line 424 in H5G_loc_find(): can't find object
    major: Symbol table
    minor: Object not found
  #007: /pscratch/sd/n/nlewi26/src/hdf5/src/H5Gtraverse.c line 846 in H5G_traverse(): internal path traversal failed
    major: Symbol table
    minor: Object not found
  #008: /pscratch/sd/n/nlewi26/src/hdf5/src/H5Gtraverse.c line 618 in H5G__traverse_real(): traversal operator failed
    major: Symbol table
    minor: Can't open object
  #006: /pscratch/sd/n/nlewi26/src/hdf5/src/H5Gloc.c line 424 in H5G_loc_find(): can't find object
    major: Symbol table
    minor: Object not found
  #007: /pscratch/sd/n/nlewi26/src/hdf5/src/H5Gtraverse.c line 846 in H5G_traverse(): internal path traversal failed
    major: Symbol table
    minor: Object not found
  #008: /pscratch/sd/n/nlewi26/src/hdf5/src/H5Gtraverse.c line 618 in H5G__traverse_real(): traversal operator failed
  #006: /pscratch/sd/n/nlewi26/src/hdf5/src/H5Gloc.c line 424 in H5G_loc_find(): can't find object
    major: Symbol table
    minor: Object not found
  #007: /pscratch/sd/n/nlewi26/src/hdf5/src/H5Gtraverse.c line 846 in H5G_traverse(): internal path traversal failed
    major: Symbol table
    minor: Object not found
  #008: /pscratch/sd/n/nlewi26/src/hdf5/src/H5Gtraverse.c line 618 in H5G__traverse_real(): traversal operator failed
    major: Symbol table
    minor: Callback failed
  #002: /pscratch/sd/n/nlewi26/src/hdf5/src/H5VLcallback.c line 2090 in H5VL_dataset_open(): dataset open failed
    major: Virtual Object Layer
    minor: Can't open object
  #003: /pscratch/sd/n/nlewi26/src/hdf5/src/H5VLcallback.c line 2057 in H5VL__dataset_open(): dataset open failed
    major: Virtual Object Layer
    minor: Can't open object
  #004: /pscratch/sd/n/nlewi26/src/hdf5/src/H5VLnative_dataset.c line 332 in H5VL__native_dataset_open(): unable to open dataset
    major: Dataset
    minor: Can't open object
  #006: /pscratch/sd/n/nlewi26/src/hdf5/src/H5Gloc.c line 424 in H5G_loc_find(): can't find object
    major: Symbol table
    minor: Object not found
  #007: /pscratch/sd/n/nlewi26/src/hdf5/src/H5Gtraverse.c line 846 in H5G_traverse(): internal path traversal failed
    major: Symbol table
    minor: Object not found
  #008: /pscratch/sd/n/nlewi26/src/hdf5/src/H5Gtraverse.c line 618 in H5G__traverse_real(): traversal operator failed
    major: Symbol table
    minor: Callback failed
  #006: /pscratch/sd/n/nlewi26/src/hdf5/src/H5Gloc.c line 424 in H5G_loc_find(): can't find object
    major: Symbol table
    minor: Object not found
  #007: /pscratch/sd/n/nlewi26/src/hdf5/src/H5Gtraverse.c line 846 in H5G_traverse(): internal path traversal failed
    major: Symbol table
    minor: Object not found
  #008: /pscratch/sd/n/nlewi26/src/hdf5/src/H5Gtraverse.c line 618 in H5G__traverse_real(): traversal operator failed
    major: Symbol table
    minor: Callback failed
  #009: /pscratch/sd/n/nlewi26/src/hdf5/src/H5Gloc.c line 381 in H5G__loc_find_cb(): object 'curl_x' doesn't exist
    major: Symbol table
  #002: /pscratch/sd/n/nlewi26/src/hdf5/src/H5VLcallback.c line 2090 in H5VL_dataset_open(): dataset open failed
    major: Virtual Object Layer
    minor: Can't open object
  #003: /pscratch/sd/n/nlewi26/src/hdf5/src/H5VLcallback.c line 2057 in H5VL__dataset_open(): dataset open failed
    major: Virtual Object Layer
    minor: Can't open object
  #006: /pscratch/sd/n/nlewi26/src/hdf5/src/H5Gloc.c line 424 in H5G_loc_find(): can't find object
    major: Symbol table
    minor: Object not found
  #007: /pscratch/sd/n/nlewi26/src/hdf5/src/H5Gtraverse.c line 846 in H5G_traverse(): internal path traversal failed
    major: Symbol table
    minor: Object not found
  #008: /pscratch/sd/n/nlewi26/src/hdf5/src/H5Gtraverse.c line 618 in H5G__traverse_real(): traversal operator failed
    major: Symbol table
    minor: Callback failed
  #009: /pscratch/sd/n/nlewi26/src/hdf5/src/H5Gloc.c line 381 in H5G__loc_find_cb(): object 'curl_x' doesn't exist
    major: Symbol table
    minor: Object not found
H5Dopen2 failed
  #006: /pscratch/sd/n/nlewi26/src/hdf5/src/H5Gloc.c line 424 in H5G_loc_find(): can't find object
    major: Symbol table
    minor: Object not found
  #007: /pscratch/sd/n/nlewi26/src/hdf5/src/H5Gtraverse.c line 846 in H5G_traverse(): internal path traversal failed
    major: Symbol table
    minor: Object not found
  #008: /pscratch/sd/n/nlewi26/src/hdf5/src/H5Gtraverse.c line 618 in H5G__traverse_real(): traversal operator failed
    major: Symbol table
    minor: Callback failed
  #009: /pscratch/sd/n/nlewi26/src/hdf5/src/H5Gloc.c line 381 in H5G__loc_find_cb(): object 'curl_x' doesn't exist
    major: Symbol table
    minor: Object not found
H5Dopen2 failed
  #002: /pscratch/sd/n/nlewi26/src/hdf5/src/H5VLcallback.c line 2090 in H5VL_dataset_open(): dataset open failed
    major: Virtual Object Layer
    minor: Can't open object
  #003: /pscratch/sd/n/nlewi26/src/hdf5/src/H5VLcallback.c line 2057 in H5VL__dataset_open(): dataset open failed
    major: Virtual Object Layer
    minor: Can't open object
  #004: /pscratch/sd/n/nlewi26/src/hdf5/src/H5VLnative_dataset.c line 332 in H5VL__native_dataset_open(): unable to open dataset
    major: Dataset
    minor: Can't open object
  #006: /pscratch/sd/n/nlewi26/src/hdf5/src/H5Gloc.c line 424 in H5G_loc_find(): can't find object
    major: Symbol table
    minor: Object not found
  #007: /pscratch/sd/n/nlewi26/src/hdf5/src/H5Gtraverse.c line 846 in H5G_traverse(): internal path traversal failed
    major: Symbol table
    minor: Object not found
  #008: /pscratch/sd/n/nlewi26/src/hdf5/src/H5Gtraverse.c line 618 in H5G__traverse_real(): traversal operator failed
    major: Symbol table
    minor: Callback failed
  #009: /pscratch/sd/n/nlewi26/src/hdf5/src/H5Gloc.c line 381 in H5G__loc_find_cb(): object 'curl_x' doesn't exist
    major: Symbol table
    minor: Object not found
H5Dopen2 failed
H5Dopen2 failed
  #004: /pscratch/sd/n/nlewi26/src/hdf5/src/H5VLnative_dataset.c line 332 in H5VL__native_dataset_open(): unable to open dataset
    major: Dataset
    minor: Can't open object
    major: Symbol table
    minor: Callback failed
  #009: /pscratch/sd/n/nlewi26/src/hdf5/src/H5Gloc.c line 381 in H5G__loc_find_cb(): object 'curl_x' doesn't exist
    major: Symbol table
    minor: Object not found
H5Dopen2 failed
  #006: /pscratch/sd/n/nlewi26/src/hdf5/src/H5Gloc.c line 424 in H5G_loc_find(): can't find object
    major: Symbol table
    minor: Object not found
  #007: /pscratch/sd/n/nlewi26/src/hdf5/src/H5Gtraverse.c line 846 in H5G_traverse(): internal path traversal failed
    major: Symbol table
    minor: Object not found
  #008: /pscratch/sd/n/nlewi26/src/hdf5/src/H5Gtraverse.c line 618 in H5G__traverse_real(): traversal operator failed
    major: Symbol table
    minor: Callback failed
  #009: /pscratch/sd/n/nlewi26/src/hdf5/src/H5Gloc.c line 381 in H5G__loc_find_cb(): object 'curl_x' doesn't exist
    major: Symbol table
    minor: Object not found
H5Dopen2 failed
  #002: /pscratch/sd/n/nlewi26/src/hdf5/src/H5VLcallback.c line 2090 in H5VL_dataset_open(): dataset open failed
    major: Virtual Object Layer
    minor: Can't open object
  #003: /pscratch/sd/n/nlewi26/src/hdf5/src/H5VLcallback.c line 2057 in H5VL__dataset_open(): dataset open failed
    major: Virtual Object Layer
    minor: Can't open object
  #004: /pscratch/sd/n/nlewi26/src/hdf5/src/H5VLnative_dataset.c line 332 in H5VL__native_dataset_open(): unable to open dataset
    major: Dataset
    minor: Can't open object
  #006: /pscratch/sd/n/nlewi26/src/hdf5/src/H5Gloc.c line 424 in H5G_loc_find(): can't find object
    major: Symbol table
    minor: Object not found
  #007: /pscratch/sd/n/nlewi26/src/hdf5/src/H5Gtraverse.c line 846 in H5G_traverse(): internal path traversal failed
    major: Symbol table
    minor: Object not found
  #008: /pscratch/sd/n/nlewi26/src/hdf5/src/H5Gtraverse.c line 618 in H5G__traverse_real(): traversal operator failed
    major: Symbol table
    minor: Callback failed
  #009: /pscratch/sd/n/nlewi26/src/hdf5/src/H5Gloc.c line 381 in H5G__loc_find_cb(): object 'curl_x' doesn't exist
    major: Symbol table
    minor: Object not found
H5Dopen2 failed
    minor: Callback failed
  #009: /pscratch/sd/n/nlewi26/src/hdf5/src/H5Gloc.c line 381 in H5G__loc_find_cb(): object 'curl_x' doesn't exist
    major: Symbol table
    minor: Object not found
H5Dopen2 failed
  #002: /pscratch/sd/n/nlewi26/src/hdf5/src/H5VLcallback.c line 2090 in H5VL_dataset_open(): dataset open failed
    major: Virtual Object Layer
    minor: Can't open object
  #003: /pscratch/sd/n/nlewi26/src/hdf5/src/H5VLcallback.c line 2057 in H5VL__dataset_open(): dataset open failed
    major: Virtual Object Layer
    minor: Can't open object
  #004: /pscratch/sd/n/nlewi26/src/hdf5/src/H5VLnative_dataset.c line 332 in H5VL__native_dataset_open(): unable to open dataset
    major: Dataset
    minor: Can't open object
  #009: /pscratch/sd/n/nlewi26/src/hdf5/src/H5Gloc.c line 381 in H5G__loc_find_cb(): object 'curl_x' doesn't exist
    major: Symbol table
    minor: Object not found
H5Dopen2 failed
  #006: /pscratch/sd/n/nlewi26/src/hdf5/src/H5Gloc.c line 424 in H5G_loc_find(): can't find object
    major: Symbol table
    minor: Object not found
  #007: /pscratch/sd/n/nlewi26/src/hdf5/src/H5Gtraverse.c line 846 in H5G_traverse(): internal path traversal failed
    major: Symbol table
    minor: Object not found
  #008: /pscratch/sd/n/nlewi26/src/hdf5/src/H5Gtraverse.c line 618 in H5G__traverse_real(): traversal operator failed
    major: Symbol table
    minor: Callback failed
  #009: /pscratch/sd/n/nlewi26/src/hdf5/src/H5Gloc.c line 381 in H5G__loc_find_cb(): object 'curl_x' doesn't exist
    major: Symbol table
    minor: Object not found
H5Dopen2 failed
  #002: /pscratch/sd/n/nlewi26/src/hdf5/src/H5VLcallback.c line 2090 in H5VL_dataset_open(): dataset open failed
    major: Virtual Object Layer
    minor: Can't open object
  #003: /pscratch/sd/n/nlewi26/src/hdf5/src/H5VLcallback.c line 2057 in H5VL__dataset_open(): dataset open failed
    major: Virtual Object Layer
    minor: Can't open object
  #004: /pscratch/sd/n/nlewi26/src/hdf5/src/H5VLnative_dataset.c line 332 in H5VL__native_dataset_open(): unable to open dataset
    major: Dataset
    minor: Can't open object
  #006: /pscratch/sd/n/nlewi26/src/hdf5/src/H5Gloc.c line 424 in H5G_loc_find(): can't find object
    major: Symbol table
    minor: Object not found
  #007: /pscratch/sd/n/nlewi26/src/hdf5/src/H5Gtraverse.c line 846 in H5G_traverse(): internal path traversal failed
    major: Symbol table
    minor: Object not found
  #008: /pscratch/sd/n/nlewi26/src/hdf5/src/H5Gtraverse.c line 618 in H5G__traverse_real(): traversal operator failed
    major: Symbol table
    minor: Callback failed
  #009: /pscratch/sd/n/nlewi26/src/hdf5/src/H5Gloc.c line 381 in H5G__loc_find_cb(): object 'curl_x' doesn't exist
    major: Symbol table
    minor: Object not found
H5Dopen2 failed
  #009: /pscratch/sd/n/nlewi26/src/hdf5/src/H5Gloc.c line 381 in H5G__loc_find_cb(): object 'curl_x' doesn't exist
    major: Symbol table
    minor: Object not found
H5Dopen2 failed
  #002: /pscratch/sd/n/nlewi26/src/hdf5/src/H5VLcallback.c line 2090 in H5VL_dataset_open(): dataset open failed
    major: Virtual Object Layer
    minor: Can't open object
  #003: /pscratch/sd/n/nlewi26/src/hdf5/src/H5VLcallback.c line 2057 in H5VL__dataset_open(): dataset open failed
    major: Virtual Object Layer
    minor: Can't open object
  #004: /pscratch/sd/n/nlewi26/src/hdf5/src/H5VLnative_dataset.c line 332 in H5VL__native_dataset_open(): unable to open dataset
    major: Dataset
    minor: Can't open object
  #006: /pscratch/sd/n/nlewi26/src/hdf5/src/H5Gloc.c line 424 in H5G_loc_find(): can't find object
    major: Symbol table
    minor: Object not found
  #007: /pscratch/sd/n/nlewi26/src/hdf5/src/H5Gtraverse.c line 846 in H5G_traverse(): internal path traversal failed
    major: Symbol table
    minor: Object not found
  #008: /pscratch/sd/n/nlewi26/src/hdf5/src/H5Gtraverse.c line 618 in H5G__traverse_real(): traversal operator failed
    major: Symbol table
    minor: Callback failed
  #009: /pscratch/sd/n/nlewi26/src/hdf5/src/H5Gloc.c line 381 in H5G__loc_find_cb(): object 'curl_x' doesn't exist
    major: Symbol table
    minor: Object not found
H5Dopen2 failed
  #006: /pscratch/sd/n/nlewi26/src/hdf5/src/H5Gloc.c line 424 in H5G_loc_find(): can't find object
    major: Symbol table
    minor: Object not found
  #007: /pscratch/sd/n/nlewi26/src/hdf5/src/H5Gtraverse.c line 846 in H5G_traverse(): internal path traversal failed
    major: Symbol table
    minor: Object not found
  #008: /pscratch/sd/n/nlewi26/src/hdf5/src/H5Gtraverse.c line 618 in H5G__traverse_real(): traversal operator failed
    major: Symbol table
    minor: Callback failed
  #009: /pscratch/sd/n/nlewi26/src/hdf5/src/H5Gloc.c line 381 in H5G__loc_find_cb(): object 'curl_x' doesn't exist
    major: Symbol table
    minor: Object not found
H5Dopen2 failed
  #002: /pscratch/sd/n/nlewi26/src/hdf5/src/H5VLcallback.c line 2090 in H5VL_dataset_open(): dataset open failed
    major: Virtual Object Layer
    minor: Can't open object
  #003: /pscratch/sd/n/nlewi26/src/hdf5/src/H5VLcallback.c line 2057 in H5VL__dataset_open(): dataset open failed
    major: Virtual Object Layer
    minor: Can't open object
  #004: /pscratch/sd/n/nlewi26/src/hdf5/src/H5VLnative_dataset.c line 332 in H5VL__native_dataset_open(): unable to open dataset
    major: Dataset
    minor: Can't open object
  #006: /pscratch/sd/n/nlewi26/src/hdf5/src/H5Gloc.c line 424 in H5G_loc_find(): can't find object
    major: Symbol table
    minor: Object not found
  #007: /pscratch/sd/n/nlewi26/src/hdf5/src/H5Gtraverse.c line 846 in H5G_traverse(): internal path traversal failed
    major: Symbol table
    minor: Object not found
  #008: /pscratch/sd/n/nlewi26/src/hdf5/src/H5Gtraverse.c line 618 in H5G__traverse_real(): traversal operator failed
    major: Symbol table
    minor: Callback failed
  #009: /pscratch/sd/n/nlewi26/src/hdf5/src/H5Gloc.c line 381 in H5G__loc_find_cb(): object 'curl_x' doesn't exist
    major: Symbol table
    minor: Object not found
H5Dopen2 failed
  #006: /pscratch/sd/n/nlewi26/src/hdf5/src/H5Gloc.c line 424 in H5G_loc_find(): can't find object
    major: Symbol table
    minor: Object not found
  #007: /pscratch/sd/n/nlewi26/src/hdf5/src/H5Gtraverse.c line 846 in H5G_traverse(): internal path traversal failed
    major: Symbol table
    minor: Object not found
  #008: /pscratch/sd/n/nlewi26/src/hdf5/src/H5Gtraverse.c line 618 in H5G__traverse_real(): traversal operator failed
    major: Symbol table
    minor: Callback failed
  #009: /pscratch/sd/n/nlewi26/src/hdf5/src/H5Gloc.c line 381 in H5G__loc_find_cb(): object 'curl_x' doesn't exist
    major: Symbol table
    minor: Object not found
H5Dopen2 failed
  #002: /pscratch/sd/n/nlewi26/src/hdf5/src/H5VLcallback.c line 2090 in H5VL_dataset_open(): dataset open failed
    major: Virtual Object Layer
    minor: Can't open object
  #003: /pscratch/sd/n/nlewi26/src/hdf5/src/H5VLcallback.c line 2057 in H5VL__dataset_open(): dataset open failed
    major: Virtual Object Layer
    minor: Can't open object
  #006: /pscratch/sd/n/nlewi26/src/hdf5/src/H5Gloc.c line 424 in H5G_loc_find(): can't find object
    major: Symbol table
    minor: Object not found
    minor: Object not found
H5Dopen2 failed
  #002: /pscratch/sd/n/nlewi26/src/hdf5/src/H5VLcallback.c line 2090 in H5VL_dataset_open(): dataset open failed
    major: Virtual Object Layer
    minor: Can't open object
  #003: /pscratch/sd/n/nlewi26/src/hdf5/src/H5VLcallback.c line 2057 in H5VL__dataset_open(): dataset open failed
    major: Virtual Object Layer
    minor: Can't open object
  #006: /pscratch/sd/n/nlewi26/src/hdf5/src/H5Gloc.c line 424 in H5G_loc_find(): can't find object
    major: Symbol table
    minor: Object not found
  #007: /pscratch/sd/n/nlewi26/src/hdf5/src/H5Gtraverse.c line 846 in H5G_traverse(): internal path traversal failed
    major: Symbol table
    minor: Object not found
  #008: /pscratch/sd/n/nlewi26/src/hdf5/src/H5Gtraverse.c line 618 in H5G__traverse_real(): traversal operator failed
    major: Symbol table
    minor: Callback failed
  #009: /pscratch/sd/n/nlewi26/src/hdf5/src/H5Gloc.c line 381 in H5G__loc_find_cb(): object 'curl_x' doesn't exist
    major: Symbol table
    minor: Object not found
H5Dopen2 failed
  #006: /pscratch/sd/n/nlewi26/src/hdf5/src/H5Gloc.c line 424 in H5G_loc_find(): can't find object
    major: Symbol table
    minor: Object not found
  #007: /pscratch/sd/n/nlewi26/src/hdf5/src/H5Gtraverse.c line 846 in H5G_traverse(): internal path traversal failed
    major: Symbol table
    minor: Object not found
  #008: /pscratch/sd/n/nlewi26/src/hdf5/src/H5Gtraverse.c line 618 in H5G__traverse_real(): traversal operator failed
    major: Symbol table
    minor: Callback failed
  #009: /pscratch/sd/n/nlewi26/src/hdf5/src/H5Gloc.c line 381 in H5G__loc_find_cb(): object 'curl_x' doesn't exist
    major: Symbol table
    minor: Object not found
H5Dopen2 failed
  #002: /pscratch/sd/n/nlewi26/src/hdf5/src/H5VLcallback.c line 2090 in H5VL_dataset_open(): dataset open failed
    major: Virtual Object Layer
    minor: Can't open object
  #003: /pscratch/sd/n/nlewi26/src/hdf5/src/H5VLcallback.c line 2057 in H5VL__dataset_open(): dataset open failed
    major: Virtual Object Layer
    minor: Can't open object
  #004: /pscratch/sd/n/nlewi26/src/hdf5/src/H5VLnative_dataset.c line 332 in H5VL__native_dataset_open(): unable to open dataset
    major: Dataset
  #006: /pscratch/sd/n/nlewi26/src/hdf5/src/H5Gloc.c line 424 in H5G_loc_find(): can't find object
    major: Symbol table
    minor: Object not found
  #007: /pscratch/sd/n/nlewi26/src/hdf5/src/H5Gtraverse.c line 846 in H5G_traverse(): internal path traversal failed
    major: Symbol table
    minor: Object not found
  #008: /pscratch/sd/n/nlewi26/src/hdf5/src/H5Gtraverse.c line 618 in H5G__traverse_real(): traversal operator failed
    major: Symbol table
    minor: Callback failed
  #009: /pscratch/sd/n/nlewi26/src/hdf5/src/H5Gloc.c line 381 in H5G__loc_find_cb(): object 'curl_x' doesn't exist
    major: Symbol table
    minor: Object not found
H5Dopen2 failed
  #006: /pscratch/sd/n/nlewi26/src/hdf5/src/H5Gloc.c line 424 in H5G_loc_find(): can't find object
    major: Symbol table
    minor: Object not found
  #007: /pscratch/sd/n/nlewi26/src/hdf5/src/H5Gtraverse.c line 846 in H5G_traverse(): internal path traversal failed
    major: Symbol table
    minor: Object not found
  #008: /pscratch/sd/n/nlewi26/src/hdf5/src/H5Gtraverse.c line 618 in H5G__traverse_real(): traversal operator failed
    major: Symbol table
    minor: Callback failed
  #009: /pscratch/sd/n/nlewi26/src/hdf5/src/H5Gloc.c line 381 in H5G__loc_find_cb(): object 'curl_x' doesn't exist
    major: Symbol table
    minor: Object not found
H5Dopen2 failed
  #002: /pscratch/sd/n/nlewi26/src/hdf5/src/H5VLcallback.c line 2090 in H5VL_dataset_open(): dataset open failed
    major: Virtual Object Layer
    minor: Can't open object
  #003: /pscratch/sd/n/nlewi26/src/hdf5/src/H5VLcallback.c line 2057 in H5VL__dataset_open(): dataset open failed
    major: Virtual Object Layer
    minor: Can't open object
  #004: /pscratch/sd/n/nlewi26/src/hdf5/src/H5VLnative_dataset.c line 332 in H5VL__native_dataset_open(): unable to open dataset
    major: Dataset
    minor: Can't open object
  #006: /pscratch/sd/n/nlewi26/src/hdf5/src/H5Gloc.c line 424 in H5G_loc_find(): can't find object
    major: Symbol table
    minor: Object not found
  #007: /pscratch/sd/n/nlewi26/src/hdf5/src/H5Gtraverse.c line 846 in H5G_traverse(): internal path traversal failed
    major: Symbol table
    minor: Object not found
  #008: /pscratch/sd/n/nlewi26/src/hdf5/src/H5Gtraverse.c line 618 in H5G__traverse_real(): traversal operator failed
    major: Symbol table
    minor: Callback failed
  #009: /pscratch/sd/n/nlewi26/src/hdf5/src/H5Gloc.c line 381 in H5G__loc_find_cb(): object 'curl_x' doesn't exist
    major: Symbol table
    minor: Object not found
H5Dopen2 failed
  #006: /pscratch/sd/n/nlewi26/src/hdf5/src/H5Gloc.c line 424 in H5G_loc_find(): can't find object
    major: Symbol table
    minor: Object not found
  #007: /pscratch/sd/n/nlewi26/src/hdf5/src/H5Gtraverse.c line 846 in H5G_traverse(): internal path traversal failed
    major: Symbol table
    minor: Object not found
  #008: /pscratch/sd/n/nlewi26/src/hdf5/src/H5Gtraverse.c line 618 in H5G__traverse_real(): traversal operator failed
    major: Symbol table
    minor: Callback failed
  #009: /pscratch/sd/n/nlewi26/src/hdf5/src/H5Gloc.c line 381 in H5G__loc_find_cb(): object 'curl_x' doesn't exist
    major: Symbol table
    minor: Object not found
H5Dopen2 failed
  #002: /pscratch/sd/n/nlewi26/src/hdf5/src/H5VLcallback.c line 2090 in H5VL_dataset_open(): dataset open failed
    major: Virtual Object Layer
    minor: Can't open object
  #003: /pscratch/sd/n/nlewi26/src/hdf5/src/H5VLcallback.c line 2057 in H5VL__dataset_open(): dataset open failed
    major: Virtual Object Layer
    minor: Can't open object
  #004: /pscratch/sd/n/nlewi26/src/hdf5/src/H5VLnative_dataset.c line 332 in H5VL__native_dataset_open(): unable to open dataset
    major: Dataset
    minor: Can't open object
  #006: /pscratch/sd/n/nlewi26/src/hdf5/src/H5Gloc.c line 424 in H5G_loc_find(): can't find object
    major: Symbol table
    minor: Object not found
  #007: /pscratch/sd/n/nlewi26/src/hdf5/src/H5Gtraverse.c line 846 in H5G_traverse(): internal path traversal failed
    major: Symbol table
    minor: Object not found
  #008: /pscratch/sd/n/nlewi26/src/hdf5/src/H5Gtraverse.c line 618 in H5G__traverse_real(): traversal operator failed
    major: Symbol table
    minor: Callback failed
  #009: /pscratch/sd/n/nlewi26/src/hdf5/src/H5Gloc.c line 381 in H5G__loc_find_cb(): object 'curl_x' doesn't exist
    major: Symbol table
    minor: Object not found
H5Dopen2 failed
  #006: /pscratch/sd/n/nlewi26/src/hdf5/src/H5Gloc.c line 424 in H5G_loc_find(): can't find object
    major: Symbol table
    minor: Object not found
  #007: /pscratch/sd/n/nlewi26/src/hdf5/src/H5Gtraverse.c line 846 in H5G_traverse(): internal path traversal failed
    major: Symbol table
    minor: Object not found
  #008: /pscratch/sd/n/nlewi26/src/hdf5/src/H5Gtraverse.c line 618 in H5G__traverse_real(): traversal operator failed
    major: Symbol table
    minor: Callback failed
  #009: /pscratch/sd/n/nlewi26/src/hdf5/src/H5Gloc.c line 381 in H5G__loc_find_cb(): object 'curl_x' doesn't exist
    major: Symbol table
    minor: Object not found
H5Dopen2 failed
  #002: /pscratch/sd/n/nlewi26/src/hdf5/src/H5VLcallback.c line 2090 in H5VL_dataset_open(): dataset open failed
    major: Virtual Object Layer
    minor: Can't open object
  #003: /pscratch/sd/n/nlewi26/src/hdf5/src/H5VLcallback.c line 2057 in H5VL__dataset_open(): dataset open failed
    major: Virtual Object Layer
    minor: Can't open object
  #004: /pscratch/sd/n/nlewi26/src/hdf5/src/H5VLnative_dataset.c line 332 in H5VL__native_dataset_open(): unable to open dataset
    major: Dataset
    minor: Can't open object
  #006: /pscratch/sd/n/nlewi26/src/hdf5/src/H5Gloc.c line 424 in H5G_loc_find(): can't find object
    major: Symbol table
    minor: Object not found
  #007: /pscratch/sd/n/nlewi26/src/hdf5/src/H5Gtraverse.c line 846 in H5G_traverse(): internal path traversal failed
    major: Symbol table
    minor: Object not found
  #008: /pscratch/sd/n/nlewi26/src/hdf5/src/H5Gtraverse.c line 618 in H5G__traverse_real(): traversal operator failed
    major: Symbol table
    minor: Callback failed
  #009: /pscratch/sd/n/nlewi26/src/hdf5/src/H5Gloc.c line 381 in H5G__loc_find_cb(): object 'curl_x' doesn't exist
    major: Symbol table
    minor: Object not found
H5Dopen2 failed
  #006: /pscratch/sd/n/nlewi26/src/hdf5/src/H5Gloc.c line 424 in H5G_loc_find(): can't find object
    major: Symbol table
    minor: Object not found
  #007: /pscratch/sd/n/nlewi26/src/hdf5/src/H5Gtraverse.c line 846 in H5G_traverse(): internal path traversal failed
    major: Symbol table
    minor: Object not found
  #008: /pscratch/sd/n/nlewi26/src/hdf5/src/H5Gtraverse.c line 618 in H5G__traverse_real(): traversal operator failed
    major: Symbol table
    minor: Callback failed
  #009: /pscratch/sd/n/nlewi26/src/hdf5/src/H5Gloc.c line 381 in H5G__loc_find_cb(): object 'curl_x' doesn't exist
    major: Symbol table
    minor: Object not found
H5Dopen2 failed
  #002: /pscratch/sd/n/nlewi26/src/hdf5/src/H5VLcallback.c line 2090 in H5VL_dataset_open(): dataset open failed
    major: Virtual Object Layer
    minor: Can't open object
  #003: /pscratch/sd/n/nlewi26/src/hdf5/src/H5VLcallback.c line 2057 in H5VL__dataset_open(): dataset open failed
    major: Virtual Object Layer
    minor: Can't open object
  #004: /pscratch/sd/n/nlewi26/src/hdf5/src/H5VLnative_dataset.c line 332 in H5VL__native_dataset_open(): unable to open dataset
    major: Dataset
    minor: Can't open object
  #006: /pscratch/sd/n/nlewi26/src/hdf5/src/H5Gloc.c line 424 in H5G_loc_find(): can't find object
    major: Symbol table
    minor: Object not found
  #007: /pscratch/sd/n/nlewi26/src/hdf5/src/H5Gtraverse.c line 846 in H5G_traverse(): internal path traversal failed
    major: Symbol table
    minor: Object not found
  #008: /pscratch/sd/n/nlewi26/src/hdf5/src/H5Gtraverse.c line 618 in H5G__traverse_real(): traversal operator failed
    major: Symbol table
    minor: Callback failed
  #009: /pscratch/sd/n/nlewi26/src/hdf5/src/H5Gloc.c line 381 in H5G__loc_find_cb(): object 'curl_x' doesn't exist
    major: Symbol table
    minor: Object not found
H5Dopen2 failed
  #006: /pscratch/sd/n/nlewi26/src/hdf5/src/H5Gloc.c line 424 in H5G_loc_find(): can't find object
    major: Symbol table
    minor: Object not found
  #007: /pscratch/sd/n/nlewi26/src/hdf5/src/H5Gtraverse.c line 846 in H5G_traverse(): internal path traversal failed
    major: Symbol table
    minor: Object not found
  #008: /pscratch/sd/n/nlewi26/src/hdf5/src/H5Gtraverse.c line 618 in H5G__traverse_real(): traversal operator failed
    major: Symbol table
    minor: Callback failed
  #009: /pscratch/sd/n/nlewi26/src/hdf5/src/H5Gloc.c line 381 in H5G__loc_find_cb(): object 'curl_x' doesn't exist
    major: Symbol table
    minor: Object not found
H5Dopen2 failed
  #002: /pscratch/sd/n/nlewi26/src/hdf5/src/H5VLcallback.c line 2090 in H5VL_dataset_open(): dataset open failed
    major: Virtual Object Layer
    minor: Can't open object
  #003: /pscratch/sd/n/nlewi26/src/hdf5/src/H5VLcallback.c line 2057 in H5VL__dataset_open(): dataset open failed
    major: Virtual Object Layer
    minor: Can't open object
  #004: /pscratch/sd/n/nlewi26/src/hdf5/src/H5VLnative_dataset.c line 332 in H5VL__native_dataset_open(): unable to open dataset
    major: Dataset
    minor: Can't open object
  #006: /pscratch/sd/n/nlewi26/src/hdf5/src/H5Gloc.c line 424 in H5G_loc_find(): can't find object
    major: Symbol table
    minor: Object not found
  #007: /pscratch/sd/n/nlewi26/src/hdf5/src/H5Gtraverse.c line 846 in H5G_traverse(): internal path traversal failed
    major: Symbol table
    minor: Object not found
  #008: /pscratch/sd/n/nlewi26/src/hdf5/src/H5Gtraverse.c line 618 in H5G__traverse_real(): traversal operator failed
    major: Symbol table
    minor: Callback failed
  #009: /pscratch/sd/n/nlewi26/src/hdf5/src/H5Gloc.c line 381 in H5G__loc_find_cb(): object 'curl_x' doesn't exist
    major: Symbol table
    minor: Object not found
H5Dopen2 failed
  #006: /pscratch/sd/n/nlewi26/src/hdf5/src/H5Gloc.c line 424 in H5G_loc_find(): can't find object
    major: Symbol table
    minor: Object not found
  #007: /pscratch/sd/n/nlewi26/src/hdf5/src/H5Gtraverse.c line 846 in H5G_traverse(): internal path traversal failed
    major: Symbol table
    minor: Object not found
  #008: /pscratch/sd/n/nlewi26/src/hdf5/src/H5Gtraverse.c line 618 in H5G__traverse_real(): traversal operator failed
    major: Symbol table
    minor: Callback failed
  #009: /pscratch/sd/n/nlewi26/src/hdf5/src/H5Gloc.c line 381 in H5G__loc_find_cb(): object 'curl_x' doesn't exist
    major: Symbol table
    minor: Object not found
H5Dopen2 failed
  #002: /pscratch/sd/n/nlewi26/src/hdf5/src/H5VLcallback.c line 2090 in H5VL_dataset_open(): dataset open failed
    major: Virtual Object Layer
    minor: Can't open object
  #003: /pscratch/sd/n/nlewi26/src/hdf5/src/H5VLcallback.c line 2057 in H5VL__dataset_open(): dataset open failed
    major: Virtual Object Layer
    minor: Can't open object
  #004: /pscratch/sd/n/nlewi26/src/hdf5/src/H5VLnative_dataset.c line 332 in H5VL__native_dataset_open(): unable to open dataset
    major: Dataset
    minor: Can't open object
  #006: /pscratch/sd/n/nlewi26/src/hdf5/src/H5Gloc.c line 424 in H5G_loc_find(): can't find object
    major: Symbol table
    minor: Object not found
  #007: /pscratch/sd/n/nlewi26/src/hdf5/src/H5Gtraverse.c line 846 in H5G_traverse(): internal path traversal failed
    major: Symbol table
    minor: Object not found
  #008: /pscratch/sd/n/nlewi26/src/hdf5/src/H5Gtraverse.c line 618 in H5G__traverse_real(): traversal operator failed
    major: Symbol table
    minor: Callback failed
  #009: /pscratch/sd/n/nlewi26/src/hdf5/src/H5Gloc.c line 381 in H5G__loc_find_cb(): object 'curl_x' doesn't exist
    major: Symbol table
    minor: Object not found
H5Dopen2 failed
  #006: /pscratch/sd/n/nlewi26/src/hdf5/src/H5Gloc.c line 424 in H5G_loc_find(): can't find object
    major: Symbol table
    minor: Object not found
  #007: /pscratch/sd/n/nlewi26/src/hdf5/src/H5Gtraverse.c line 846 in H5G_traverse(): internal path traversal failed
    major: Symbol table
    minor: Object not found
  #008: /pscratch/sd/n/nlewi26/src/hdf5/src/H5Gtraverse.c line 618 in H5G__traverse_real(): traversal operator failed
    major: Symbol table
    minor: Callback failed
  #009: /pscratch/sd/n/nlewi26/src/hdf5/src/H5Gloc.c line 381 in H5G__loc_find_cb(): object 'curl_x' doesn't exist
    major: Symbol table
    minor: Object not found
H5Dopen2 failed
  #004: /pscratch/sd/n/nlewi26/src/hdf5/src/H5VLnative_dataset.c line 332 in H5VL__native_dataset_open(): unable to open dataset
    major: Dataset
    minor: Can't open object
  #006: /pscratch/sd/n/nlewi26/src/hdf5/src/H5Gloc.c line 424 in H5G_loc_find(): can't find object
    major: Symbol table
    minor: Object not found
  #007: /pscratch/sd/n/nlewi26/src/hdf5/src/H5Gtraverse.c line 846 in H5G_traverse(): internal path traversal failed
    major: Symbol table
    minor: Object not found
  #008: /pscratch/sd/n/nlewi26/src/hdf5/src/H5Gtraverse.c line 618 in H5G__traverse_real(): traversal operator failed
    major: Symbol table
    minor: Callback failed
  #009: /pscratch/sd/n/nlewi26/src/hdf5/src/H5Gloc.c line 381 in H5G__loc_find_cb(): object 'curl_x' doesn't exist
    major: Symbol table
    minor: Object not found
H5Dopen2 failed
  #006: /pscratch/sd/n/nlewi26/src/hdf5/src/H5Gloc.c line 424 in H5G_loc_find(): can't find object
    major: Symbol table
    minor: Object not found
  #007: /pscratch/sd/n/nlewi26/src/hdf5/src/H5Gtraverse.c line 846 in H5G_traverse(): internal path traversal failed
    major: Symbol table
    minor: Object not found
  #008: /pscratch/sd/n/nlewi26/src/hdf5/src/H5Gtraverse.c line 618 in H5G__traverse_real(): traversal operator failed
    major: Symbol table
    minor: Callback failed
  #009: /pscratch/sd/n/nlewi26/src/hdf5/src/H5Gloc.c line 381 in H5G__loc_find_cb(): object 'curl_x' doesn't exist
    major: Symbol table
    minor: Object not found
H5Dopen2 failed
  #002: /pscratch/sd/n/nlewi26/src/hdf5/src/H5VLcallback.c line 2090 in H5VL_dataset_open(): dataset open failed
    major: Virtual Object Layer
    minor: Can't open object
  #003: /pscratch/sd/n/nlewi26/src/hdf5/src/H5VLcallback.c line 2057 in H5VL__dataset_open(): dataset open failed
    major: Virtual Object Layer
    minor: Can't open object
  #004: /pscratch/sd/n/nlewi26/src/hdf5/src/H5VLnative_dataset.c line 332 in H5VL__native_dataset_open(): unable to open dataset
    major: Dataset
    minor: Can't open object
  #006: /pscratch/sd/n/nlewi26/src/hdf5/src/H5Gloc.c line 424 in H5G_loc_find(): can't find object
    major: Symbol table
    minor: Object not found
  #007: /pscratch/sd/n/nlewi26/src/hdf5/src/H5Gtraverse.c line 846 in H5G_traverse(): internal path traversal failed
    major: Symbol table
    minor: Object not found
  #008: /pscratch/sd/n/nlewi26/src/hdf5/src/H5Gtraverse.c line 618 in H5G__traverse_real(): traversal operator failed
    major: Symbol table
    minor: Callback failed
  #009: /pscratch/sd/n/nlewi26/src/hdf5/src/H5Gloc.c line 381 in H5G__loc_find_cb(): object 'curl_x' doesn't exist
    major: Symbol table
    minor: Object not found
H5Dopen2 failed
  #006: /pscratch/sd/n/nlewi26/src/hdf5/src/H5Gloc.c line 424 in H5G_loc_find(): can't find object
    major: Symbol table
    minor: Object not found
  #007: /pscratch/sd/n/nlewi26/src/hdf5/src/H5Gtraverse.c line 846 in H5G_traverse(): internal path traversal failed
    major: Symbol table
    minor: Object not found
  #008: /pscratch/sd/n/nlewi26/src/hdf5/src/H5Gtraverse.c line 618 in H5G__traverse_real(): traversal operator failed
    major: Symbol table
    minor: Callback failed
  #009: /pscratch/sd/n/nlewi26/src/hdf5/src/H5Gloc.c line 381 in H5G__loc_find_cb(): object 'curl_x' doesn't exist
    major: Symbol table
    minor: Object not found
H5Dopen2 failed
  #002: /pscratch/sd/n/nlewi26/src/hdf5/src/H5VLcallback.c line 2090 in H5VL_dataset_open(): dataset open failed
    major: Virtual Object Layer
    minor: Can't open object
  #003: /pscratch/sd/n/nlewi26/src/hdf5/src/H5VLcallback.c line 2057 in H5VL__dataset_open(): dataset open failed
    major: Virtual Object Layer
    minor: Can't open object
  #004: /pscratch/sd/n/nlewi26/src/hdf5/src/H5VLnative_dataset.c line 332 in H5VL__native_dataset_open(): unable to open dataset
    major: Dataset
    minor: Can't open object
  #006: /pscratch/sd/n/nlewi26/src/hdf5/src/H5Gloc.c line 424 in H5G_loc_find(): can't find object
    major: Symbol table
    minor: Object not found
  #007: /pscratch/sd/n/nlewi26/src/hdf5/src/H5Gtraverse.c line 846 in H5G_traverse(): internal path traversal failed
    major: Symbol table
    minor: Object not found
  #008: /pscratch/sd/n/nlewi26/src/hdf5/src/H5Gtraverse.c line 618 in H5G__traverse_real(): traversal operator failed
    major: Symbol table
    minor: Callback failed
  #009: /pscratch/sd/n/nlewi26/src/hdf5/src/H5Gloc.c line 381 in H5G__loc_find_cb(): object 'curl_x' doesn't exist
    major: Symbol table
    minor: Object not found
H5Dopen2 failed
  #006: /pscratch/sd/n/nlewi26/src/hdf5/src/H5Gloc.c line 424 in H5G_loc_find(): can't find object
    major: Symbol table
    minor: Object not found
  #007: /pscratch/sd/n/nlewi26/src/hdf5/src/H5Gtraverse.c line 846 in H5G_traverse(): internal path traversal failed
    major: Symbol table
    minor: Object not found
  #008: /pscratch/sd/n/nlewi26/src/hdf5/src/H5Gtraverse.c line 618 in H5G__traverse_real(): traversal operator failed
    major: Symbol table
    minor: Callback failed
  #009: /pscratch/sd/n/nlewi26/src/hdf5/src/H5Gloc.c line 381 in H5G__loc_find_cb(): object 'curl_x' doesn't exist
    major: Symbol table
    minor: Object not found
H5Dopen2 failed
    minor: Can't open object
  #006: /pscratch/sd/n/nlewi26/src/hdf5/src/H5Gloc.c line 424 in H5G_loc_find(): can't find object
    major: Symbol table
    minor: Object not found
  #007: /pscratch/sd/n/nlewi26/src/hdf5/src/H5Gtraverse.c line 846 in H5G_traverse(): internal path traversal failed
    major: Symbol table
    minor: Object not found
  #008: /pscratch/sd/n/nlewi26/src/hdf5/src/H5Gtraverse.c line 618 in H5G__traverse_real(): traversal operator failed
    major: Symbol table
    minor: Callback failed
  #009: /pscratch/sd/n/nlewi26/src/hdf5/src/H5Gloc.c line 381 in H5G__loc_find_cb(): object 'curl_x' doesn't exist
    major: Symbol table
    minor: Object not found
H5Dopen2 failed
  #006: /pscratch/sd/n/nlewi26/src/hdf5/src/H5Gloc.c line 424 in H5G_loc_find(): can't find object
    major: Symbol table
    minor: Object not found
  #007: /pscratch/sd/n/nlewi26/src/hdf5/src/H5Gtraverse.c line 846 in H5G_traverse(): internal path traversal failed
    major: Symbol table
    minor: Object not found
  #008: /pscratch/sd/n/nlewi26/src/hdf5/src/H5Gtraverse.c line 618 in H5G__traverse_real(): traversal operator failed
    major: Symbol table
    minor: Callback failed
  #009: /pscratch/sd/n/nlewi26/src/hdf5/src/H5Gloc.c line 381 in H5G__loc_find_cb(): object 'curl_x' doesn't exist
    major: Symbol table
    minor: Object not found
H5Dopen2 failed
  #002: /pscratch/sd/n/nlewi26/src/hdf5/src/H5VLcallback.c line 2090 in H5VL_dataset_open(): dataset open failed
    major: Virtual Object Layer
    minor: Can't open object
  #003: /pscratch/sd/n/nlewi26/src/hdf5/src/H5VLcallback.c line 2057 in H5VL__dataset_open(): dataset open failed
    major: Virtual Object Layer
    minor: Can't open object
  #004: /pscratch/sd/n/nlewi26/src/hdf5/src/H5VLnative_dataset.c line 332 in H5VL__native_dataset_open(): unable to open dataset
    major: Dataset
    minor: Can't open object
  #007: /pscratch/sd/n/nlewi26/src/hdf5/src/H5Gtraverse.c line 846 in H5G_traverse(): internal path traversal failed
    major: Symbol table
    minor: Object not found
  #008: /pscratch/sd/n/nlewi26/src/hdf5/src/H5Gtraverse.c line 618 in H5G__traverse_real(): traversal operator failed
    major: Symbol table
    minor: Callback failed
  #009: /pscratch/sd/n/nlewi26/src/hdf5/src/H5Gloc.c line 381 in H5G__loc_find_cb(): object 'curl_x' doesn't exist
    major: Symbol table
    minor: Object not found
H5Dopen2 failed
  #006: /pscratch/sd/n/nlewi26/src/hdf5/src/H5Gloc.c line 424 in H5G_loc_find(): can't find object
    major: Symbol table
    minor: Object not found
  #007: /pscratch/sd/n/nlewi26/src/hdf5/src/H5Gtraverse.c line 846 in H5G_traverse(): internal path traversal failed
    major: Symbol table
    minor: Object not found
  #008: /pscratch/sd/n/nlewi26/src/hdf5/src/H5Gtraverse.c line 618 in H5G__traverse_real(): traversal operator failed
    major: Symbol table
    minor: Callback failed
  #009: /pscratch/sd/n/nlewi26/src/hdf5/src/H5Gloc.c line 381 in H5G__loc_find_cb(): object 'curl_x' doesn't exist
    major: Symbol table
    minor: Object not found
H5Dopen2 failed
  #002: /pscratch/sd/n/nlewi26/src/hdf5/src/H5VLcallback.c line 2090 in H5VL_dataset_open(): dataset open failed
    major: Virtual Object Layer
    minor: Can't open object
  #003: /pscratch/sd/n/nlewi26/src/hdf5/src/H5VLcallback.c line 2057 in H5VL__dataset_open(): dataset open failed
    major: Virtual Object Layer
    minor: Can't open object
  #004: /pscratch/sd/n/nlewi26/src/hdf5/src/H5VLnative_dataset.c line 332 in H5VL__native_dataset_open(): unable to open dataset
    major: Dataset
    minor: Can't open object
  #006: /pscratch/sd/n/nlewi26/src/hdf5/src/H5Gloc.c line 424 in H5G_loc_find(): can't find object
    major: Symbol table
    minor: Object not found
  #007: /pscratch/sd/n/nlewi26/src/hdf5/src/H5Gtraverse.c line 846 in H5G_traverse(): internal path traversal failed
    major: Symbol table
    minor: Object not found
  #008: /pscratch/sd/n/nlewi26/src/hdf5/src/H5Gtraverse.c line 618 in H5G__traverse_real(): traversal operator failed
    major: Symbol table
    minor: Callback failed
  #009: /pscratch/sd/n/nlewi26/src/hdf5/src/H5Gloc.c line 381 in H5G__loc_find_cb(): object 'curl_x' doesn't exist
    major: Symbol table
    minor: Object not found
H5Dopen2 failed
  #006: /pscratch/sd/n/nlewi26/src/hdf5/src/H5Gloc.c line 424 in H5G_loc_find(): can't find object
    major: Symbol table
    minor: Object not found
  #007: /pscratch/sd/n/nlewi26/src/hdf5/src/H5Gtraverse.c line 846 in H5G_traverse(): internal path traversal failed
    major: Symbol table
    minor: Object not found
  #008: /pscratch/sd/n/nlewi26/src/hdf5/src/H5Gtraverse.c line 618 in H5G__traverse_real(): traversal operator failed
    major: Symbol table
    minor: Callback failed
  #009: /pscratch/sd/n/nlewi26/src/hdf5/src/H5Gloc.c line 381 in H5G__loc_find_cb(): object 'curl_x' doesn't exist
    major: Symbol table
    minor: Object not found
H5Dopen2 failed
  #002: /pscratch/sd/n/nlewi26/src/hdf5/src/H5VLcallback.c line 2090 in H5VL_dataset_open(): dataset open failed
    major: Virtual Object Layer
    minor: Can't open object
  #003: /pscratch/sd/n/nlewi26/src/hdf5/src/H5VLcallback.c line 2057 in H5VL__dataset_open(): dataset open failed
    major: Virtual Object Layer
    minor: Can't open object
  #004: /pscratch/sd/n/nlewi26/src/hdf5/src/H5VLnative_dataset.c line 332 in H5VL__native_dataset_open(): unable to open dataset
    major: Dataset
    minor: Can't open object
  #006: /pscratch/sd/n/nlewi26/src/hdf5/src/H5Gloc.c line 424 in H5G_loc_find(): can't find object
    major: Symbol table
    minor: Object not found
  #007: /pscratch/sd/n/nlewi26/src/hdf5/src/H5Gtraverse.c line 846 in H5G_traverse(): internal path traversal failed
    major: Symbol table
    minor: Object not found
  #008: /pscratch/sd/n/nlewi26/src/hdf5/src/H5Gtraverse.c line 618 in H5G__traverse_real(): traversal operator failed
    major: Symbol table
    minor: Callback failed
  #009: /pscratch/sd/n/nlewi26/src/hdf5/src/H5Gloc.c line 381 in H5G__loc_find_cb(): object 'curl_x' doesn't exist
    major: Symbol table
    minor: Object not found
H5Dopen2 failed
  #006: /pscratch/sd/n/nlewi26/src/hdf5/src/H5Gloc.c line 424 in H5G_loc_find(): can't find object
    major: Symbol table
    minor: Object not found
  #007: /pscratch/sd/n/nlewi26/src/hdf5/src/H5Gtraverse.c line 846 in H5G_traverse(): internal path traversal failed
    major: Symbol table
    minor: Object not found
  #008: /pscratch/sd/n/nlewi26/src/hdf5/src/H5Gtraverse.c line 618 in H5G__traverse_real(): traversal operator failed
    major: Symbol table
    minor: Callback failed
  #009: /pscratch/sd/n/nlewi26/src/hdf5/src/H5Gloc.c line 381 in H5G__loc_find_cb(): object 'curl_x' doesn't exist
    major: Symbol table
    minor: Object not found
H5Dopen2 failed
  #002: /pscratch/sd/n/nlewi26/src/hdf5/src/H5VLcallback.c line 2090 in H5VL_dataset_open(): dataset open failed
    major: Virtual Object Layer
    minor: Can't open object
  #003: /pscratch/sd/n/nlewi26/src/hdf5/src/H5VLcallback.c line 2057 in H5VL__dataset_open(): dataset open failed
    major: Virtual Object Layer
    minor: Can't open object
  #004: /pscratch/sd/n/nlewi26/src/hdf5/src/H5VLnative_dataset.c line 332 in H5VL__native_dataset_open(): unable to open dataset
    major: Dataset
    minor: Can't open object
  #006: /pscratch/sd/n/nlewi26/src/hdf5/src/H5Gloc.c line 424 in H5G_loc_find(): can't find object
    major: Symbol table
    minor: Object not found
  #007: /pscratch/sd/n/nlewi26/src/hdf5/src/H5Gtraverse.c line 846 in H5G_traverse(): internal path traversal failed
    major: Symbol table
    minor: Object not found
  #008: /pscratch/sd/n/nlewi26/src/hdf5/src/H5Gtraverse.c line 618 in H5G__traverse_real(): traversal operator failed
    major: Symbol table
    minor: Callback failed
  #009: /pscratch/sd/n/nlewi26/src/hdf5/src/H5Gloc.c line 381 in H5G__loc_find_cb(): object 'curl_x' doesn't exist
    major: Symbol table
    minor: Object not found
H5Dopen2 failed
  #006: /pscratch/sd/n/nlewi26/src/hdf5/src/H5Gloc.c line 424 in H5G_loc_find(): can't find object
    major: Symbol table
    minor: Object not found
  #007: /pscratch/sd/n/nlewi26/src/hdf5/src/H5Gtraverse.c line 846 in H5G_traverse(): internal path traversal failed
    major: Symbol table
    minor: Object not found
  #008: /pscratch/sd/n/nlewi26/src/hdf5/src/H5Gtraverse.c line 618 in H5G__traverse_real(): traversal operator failed
    major: Symbol table
    minor: Callback failed
  #009: /pscratch/sd/n/nlewi26/src/hdf5/src/H5Gloc.c line 381 in H5G__loc_find_cb(): object 'curl_x' doesn't exist
    major: Symbol table
    minor: Object not found
H5Dopen2 failed
  #004: /pscratch/sd/n/nlewi26/src/hdf5/src/H5VLnative_dataset.c line 332 in H5VL__native_dataset_open(): unable to open dataset
    major: Dataset
    minor: Can't open object
  #006: /pscratch/sd/n/nlewi26/src/hdf5/src/H5Gloc.c line 424 in H5G_loc_find(): can't find object
    major: Symbol table
    minor: Object not found
  #007: /pscratch/sd/n/nlewi26/src/hdf5/src/H5Gtraverse.c line 846 in H5G_traverse(): internal path traversal failed
    major: Symbol table
    minor: Object not found
  #008: /pscratch/sd/n/nlewi26/src/hdf5/src/H5Gtraverse.c line 618 in H5G__traverse_real(): traversal operator failed
    major: Symbol table
    minor: Callback failed
  #009: /pscratch/sd/n/nlewi26/src/hdf5/src/H5Gloc.c line 381 in H5G__loc_find_cb(): object 'curl_x' doesn't exist
    major: Symbol table
    minor: Object not found
H5Dopen2 failed
  #006: /pscratch/sd/n/nlewi26/src/hdf5/src/H5Gloc.c line 424 in H5G_loc_find(): can't find object
    major: Symbol table
    minor: Object not found
  #007: /pscratch/sd/n/nlewi26/src/hdf5/src/H5Gtraverse.c line 846 in H5G_traverse(): internal path traversal failed
    major: Symbol table
    minor: Object not found
  #008: /pscratch/sd/n/nlewi26/src/hdf5/src/H5Gtraverse.c line 618 in H5G__traverse_real(): traversal operator failed
    major: Symbol table
    minor: Callback failed
  #009: /pscratch/sd/n/nlewi26/src/hdf5/src/H5Gloc.c line 381 in H5G__loc_find_cb(): object 'curl_x' doesn't exist
    major: Symbol table
    minor: Object not found
H5Dopen2 failed
  #002: /pscratch/sd/n/nlewi26/src/hdf5/src/H5VLcallback.c line 2090 in H5VL_dataset_open(): dataset open failed
    major: Virtual Object Layer
    minor: Can't open object
  #003: /pscratch/sd/n/nlewi26/src/hdf5/src/H5VLcallback.c line 2057 in H5VL__dataset_open(): dataset open failed
    major: Virtual Object Layer
    minor: Can't open object
  #004: /pscratch/sd/n/nlewi26/src/hdf5/src/H5VLnative_dataset.c line 332 in H5VL__native_dataset_open(): unable to open dataset
    major: Dataset
    minor: Can't open object
  #006: /pscratch/sd/n/nlewi26/src/hdf5/src/H5Gloc.c line 424 in H5G_loc_find(): can't find object
    major: Symbol table
    minor: Object not found
  #007: /pscratch/sd/n/nlewi26/src/hdf5/src/H5Gtraverse.c line 846 in H5G_traverse(): internal path traversal failed
    major: Symbol table
    minor: Object not found
  #008: /pscratch/sd/n/nlewi26/src/hdf5/src/H5Gtraverse.c line 618 in H5G__traverse_real(): traversal operator failed
    major: Symbol table
    minor: Callback failed
  #009: /pscratch/sd/n/nlewi26/src/hdf5/src/H5Gloc.c line 381 in H5G__loc_find_cb(): object 'curl_x' doesn't exist
    major: Symbol table
    minor: Object not found
H5Dopen2 failed
  #006: /pscratch/sd/n/nlewi26/src/hdf5/src/H5Gloc.c line 424 in H5G_loc_find(): can't find object
    major: Symbol table
    minor: Object not found
  #007: /pscratch/sd/n/nlewi26/src/hdf5/src/H5Gtraverse.c line 846 in H5G_traverse(): internal path traversal failed
    major: Symbol table
    minor: Object not found
  #008: /pscratch/sd/n/nlewi26/src/hdf5/src/H5Gtraverse.c line 618 in H5G__traverse_real(): traversal operator failed
    major: Symbol table
    minor: Callback failed
  #009: /pscratch/sd/n/nlewi26/src/hdf5/src/H5Gloc.c line 381 in H5G__loc_find_cb(): object 'curl_x' doesn't exist
    major: Symbol table
    minor: Object not found
H5Dopen2 failed
  #002: /pscratch/sd/n/nlewi26/src/hdf5/src/H5VLcallback.c line 2090 in H5VL_dataset_open(): dataset open failed
    major: Virtual Object Layer
    minor: Can't open object
  #003: /pscratch/sd/n/nlewi26/src/hdf5/src/H5VLcallback.c line 2057 in H5VL__dataset_open(): dataset open failed
    major: Virtual Object Layer
    minor: Can't open object
  #004: /pscratch/sd/n/nlewi26/src/hdf5/src/H5VLnative_dataset.c line 332 in H5VL__native_dataset_open(): unable to open dataset
    major: Dataset
    minor: Can't open object
  #006: /pscratch/sd/n/nlewi26/src/hdf5/src/H5Gloc.c line 424 in H5G_loc_find(): can't find object
    major: Symbol table
    minor: Object not found
  #007: /pscratch/sd/n/nlewi26/src/hdf5/src/H5Gtraverse.c line 846 in H5G_traverse(): internal path traversal failed
    major: Symbol table
    minor: Object not found
  #008: /pscratch/sd/n/nlewi26/src/hdf5/src/H5Gtraverse.c line 618 in H5G__traverse_real(): traversal operator failed
    major: Symbol table
    minor: Callback failed
  #009: /pscratch/sd/n/nlewi26/src/hdf5/src/H5Gloc.c line 381 in H5G__loc_find_cb(): object 'curl_x' doesn't exist
    major: Symbol table
    minor: Object not found
H5Dopen2 failed
  #006: /pscratch/sd/n/nlewi26/src/hdf5/src/H5Gloc.c line 424 in H5G_loc_find(): can't find object
    major: Symbol table
    minor: Object not found
  #007: /pscratch/sd/n/nlewi26/src/hdf5/src/H5Gtraverse.c line 846 in H5G_traverse(): internal path traversal failed
    major: Symbol table
    minor: Object not found
  #008: /pscratch/sd/n/nlewi26/src/hdf5/src/H5Gtraverse.c line 618 in H5G__traverse_real(): traversal operator failed
    major: Symbol table
    minor: Callback failed
  #009: /pscratch/sd/n/nlewi26/src/hdf5/src/H5Gloc.c line 381 in H5G__loc_find_cb(): object 'curl_x' doesn't exist
    major: Symbol table
    minor: Object not found
H5Dopen2 failed
  #005: /pscratch/sd/n/nlewi26/src/hdf5/src/H5Dint.c line 1476 in H5D__open_name(): not found
    major: Dataset
    minor: Object not found
  #006: /pscratch/sd/n/nlewi26/src/hdf5/src/H5Gloc.c line 424 in H5G_loc_find(): can't find object
    major: Symbol table
    minor: Object not found
  #007: /pscratch/sd/n/nlewi26/src/hdf5/src/H5Gtraverse.c line 846 in H5G_traverse(): internal path traversal failed
    major: Symbol table
    minor: Object not found
  #008: /pscratch/sd/n/nlewi26/src/hdf5/src/H5Gtraverse.c line 618 in H5G__traverse_real(): traversal operator failed
    major: Symbol table
    minor: Callback failed
  #009: /pscratch/sd/n/nlewi26/src/hdf5/src/H5Gloc.c line 381 in H5G__loc_find_cb(): object 'curl_x' doesn't exist
    major: Symbol table
    minor: Object not found
H5Dopen2 failed
  #006: /pscratch/sd/n/nlewi26/src/hdf5/src/H5Gloc.c line 424 in H5G_loc_find(): can't find object
    major: Symbol table
    minor: Object not found
  #007: /pscratch/sd/n/nlewi26/src/hdf5/src/H5Gtraverse.c line 846 in H5G_traverse(): internal path traversal failed
    major: Symbol table
    minor: Object not found
  #008: /pscratch/sd/n/nlewi26/src/hdf5/src/H5Gtraverse.c line 618 in H5G__traverse_real(): traversal operator failed
    major: Symbol table
    minor: Callback failed
  #009: /pscratch/sd/n/nlewi26/src/hdf5/src/H5Gloc.c line 381 in H5G__loc_find_cb(): object 'curl_x' doesn't exist
    major: Symbol table
    minor: Object not found
H5Dopen2 failed
  #005: /pscratch/sd/n/nlewi26/src/hdf5/src/H5Dint.c line 1476 in H5D__open_name(): not found
    major: Dataset
    minor: Object not found
  #006: /pscratch/sd/n/nlewi26/src/hdf5/src/H5Gloc.c line 424 in H5G_loc_find(): can't find object
    major: Symbol table
    minor: Object not found
  #007: /pscratch/sd/n/nlewi26/src/hdf5/src/H5Gtraverse.c line 846 in H5G_traverse(): internal path traversal failed
    major: Symbol table
    minor: Object not found
  #008: /pscratch/sd/n/nlewi26/src/hdf5/src/H5Gtraverse.c line 618 in H5G__traverse_real(): traversal operator failed
    major: Symbol table
    minor: Callback failed
  #009: /pscratch/sd/n/nlewi26/src/hdf5/src/H5Gloc.c line 381 in H5G__loc_find_cb(): object 'curl_x' doesn't exist
    major: Symbol table
    minor: Object not found
H5Dopen2 failed
  #006: /pscratch/sd/n/nlewi26/src/hdf5/src/H5Gloc.c line 424 in H5G_loc_find(): can't find object
    major: Symbol table
    minor: Object not found
  #007: /pscratch/sd/n/nlewi26/src/hdf5/src/H5Gtraverse.c line 846 in H5G_traverse(): internal path traversal failed
    major: Symbol table
    minor: Object not found
  #008: /pscratch/sd/n/nlewi26/src/hdf5/src/H5Gtraverse.c line 618 in H5G__traverse_real(): traversal operator failed
    major: Symbol table
    minor: Callback failed
  #009: /pscratch/sd/n/nlewi26/src/hdf5/src/H5Gloc.c line 381 in H5G__loc_find_cb(): object 'curl_x' doesn't exist
    major: Symbol table
    minor: Object not found
H5Dopen2 failed
  #005: /pscratch/sd/n/nlewi26/src/hdf5/src/H5Dint.c line 1476 in H5D__open_name(): not found
    major: Dataset
    minor: Object not found
  #006: /pscratch/sd/n/nlewi26/src/hdf5/src/H5Gloc.c line 424 in H5G_loc_find(): can't find object
    major: Symbol table
    minor: Object not found
  #007: /pscratch/sd/n/nlewi26/src/hdf5/src/H5Gtraverse.c line 846 in H5G_traverse(): internal path traversal failed
    major: Symbol table
    minor: Object not found
  #008: /pscratch/sd/n/nlewi26/src/hdf5/src/H5Gtraverse.c line 618 in H5G__traverse_real(): traversal operator failed
    major: Symbol table
    minor: Callback failed
  #009: /pscratch/sd/n/nlewi26/src/hdf5/src/H5Gloc.c line 381 in H5G__loc_find_cb(): object 'curl_x' doesn't exist
    major: Symbol table
    minor: Object not found
H5Dopen2 failed
  #006: /pscratch/sd/n/nlewi26/src/hdf5/src/H5Gloc.c line 424 in H5G_loc_find(): can't find object
    major: Symbol table
    minor: Object not found
  #007: /pscratch/sd/n/nlewi26/src/hdf5/src/H5Gtraverse.c line 846 in H5G_traverse(): internal path traversal failed
    major: Symbol table
    minor: Object not found
  #008: /pscratch/sd/n/nlewi26/src/hdf5/src/H5Gtraverse.c line 618 in H5G__traverse_real(): traversal operator failed
    major: Symbol table
    minor: Callback failed
  #009: /pscratch/sd/n/nlewi26/src/hdf5/src/H5Gloc.c line 381 in H5G__loc_find_cb(): object 'curl_x' doesn't exist
    major: Symbol table
    minor: Object not found
H5Dopen2 failed
  #005: /pscratch/sd/n/nlewi26/src/hdf5/src/H5Dint.c line 1476 in H5D__open_name(): not found
    major: Dataset
    minor: Object not found
  #006: /pscratch/sd/n/nlewi26/src/hdf5/src/H5Gloc.c line 424 in H5G_loc_find(): can't find object
    major: Symbol table
    minor: Object not found
  #007: /pscratch/sd/n/nlewi26/src/hdf5/src/H5Gtraverse.c line 846 in H5G_traverse(): internal path traversal failed
    major: Symbol table
    minor: Object not found
  #008: /pscratch/sd/n/nlewi26/src/hdf5/src/H5Gtraverse.c line 618 in H5G__traverse_real(): traversal operator failed
    major: Symbol table
    minor: Callback failed
  #009: /pscratch/sd/n/nlewi26/src/hdf5/src/H5Gloc.c line 381 in H5G__loc_find_cb(): object 'curl_x' doesn't exist
    major: Symbol table
    minor: Object not found
H5Dopen2 failed
  #006: /pscratch/sd/n/nlewi26/src/hdf5/src/H5Gloc.c line 424 in H5G_loc_find(): can't find object
    major: Symbol table
    minor: Object not found
  #007: /pscratch/sd/n/nlewi26/src/hdf5/src/H5Gtraverse.c line 846 in H5G_traverse(): internal path traversal failed
    major: Symbol table
    minor: Object not found
  #008: /pscratch/sd/n/nlewi26/src/hdf5/src/H5Gtraverse.c line 618 in H5G__traverse_real(): traversal operator failed
    major: Symbol table
    minor: Callback failed
  #009: /pscratch/sd/n/nlewi26/src/hdf5/src/H5Gloc.c line 381 in H5G__loc_find_cb(): object 'curl_x' doesn't exist
    major: Symbol table
    minor: Object not found
H5Dopen2 failed
  #005: /pscratch/sd/n/nlewi26/src/hdf5/src/H5Dint.c line 1476 in H5D__open_name(): not found
    major: Dataset
    minor: Object not found
  #006: /pscratch/sd/n/nlewi26/src/hdf5/src/H5Gloc.c line 424 in H5G_loc_find(): can't find object
    major: Symbol table
    minor: Object not found
  #007: /pscratch/sd/n/nlewi26/src/hdf5/src/H5Gtraverse.c line 846 in H5G_traverse(): internal path traversal failed
    major: Symbol table
    minor: Object not found
  #008: /pscratch/sd/n/nlewi26/src/hdf5/src/H5Gtraverse.c line 618 in H5G__traverse_real(): traversal operator failed
    major: Symbol table
    minor: Callback failed
  #009: /pscratch/sd/n/nlewi26/src/hdf5/src/H5Gloc.c line 381 in H5G__loc_find_cb(): object 'curl_x' doesn't exist
    major: Symbol table
    minor: Object not found
H5Dopen2 failed
MPICH ERROR [Rank 32] [job id 58702648.1] [Mon Sep 21 11:17:34 2026] [nid006838] - Abort(1) (rank 32 in comm 0): application called MPI_Abort(MPI_COMM_WORLD, 1) - process 32

aborting job:
application called MPI_Abort(MPI_COMM_WORLD, 1) - process 32
  #005: /pscratch/sd/n/nlewi26/src/hdf5/src/H5Dint.c line 1476 in H5D__open_name(): not found
    major: Dataset
    minor: Object not found
MPICH ERROR [Rank 64] [job id 58702648.1] [Mon Sep 21 11:17:34 2026] [nid006952] - Abort(1) (rank 64 in comm 0): application called MPI_Abort(MPI_COMM_WORLD, 1) - process 64

aborting job:
application called MPI_Abort(MPI_COMM_WORLD, 1) - process 64
MPICH ERROR [Rank 33] [job id 58702648.1] [Mon Sep 21 11:17:34 2026] [nid006838] - Abort(1) (rank 33 in comm 0): application called MPI_Abort(MPI_COMM_WORLD, 1) - process 33

aborting job:
application called MPI_Abort(MPI_COMM_WORLD, 1) - process 33
  #005: /pscratch/sd/n/nlewi26/src/hdf5/src/H5Dint.c line 1476 in H5D__open_name(): not found
    major: Dataset
    minor: Object not found
MPICH ERROR [Rank 65] [job id 58702648.1] [Mon Sep 21 11:17:34 2026] [nid006952] - Abort(1) (rank 65 in comm 0): application called MPI_Abort(MPI_COMM_WORLD, 1) - process 65

aborting job:
application called MPI_Abort(MPI_COMM_WORLD, 1) - process 65
MPICH ERROR [Rank 34] [job id 58702648.1] [Mon Sep 21 11:17:34 2026] [nid006838] - Abort(1) (rank 34 in comm 0): application called MPI_Abort(MPI_COMM_WORLD, 1) - process 34

aborting job:
application called MPI_Abort(MPI_COMM_WORLD, 1) - process 34
  #005: /pscratch/sd/n/nlewi26/src/hdf5/src/H5Dint.c line 1476 in H5D__open_name(): not found
    major: Dataset
    minor: Object not found
MPICH ERROR [Rank 66] [job id 58702648.1] [Mon Sep 21 11:17:34 2026] [nid006952] - Abort(1) (rank 66 in comm 0): application called MPI_Abort(MPI_COMM_WORLD, 1) - process 66

aborting job:
application called MPI_Abort(MPI_COMM_WORLD, 1) - process 66
MPICH ERROR [Rank 35] [job id 58702648.1] [Mon Sep 21 11:17:34 2026] [nid006838] - Abort(1) (rank 35 in comm 0): application called MPI_Abort(MPI_COMM_WORLD, 1) - process 35

aborting job:
application called MPI_Abort(MPI_COMM_WORLD, 1) - process 35
  #005: /pscratch/sd/n/nlewi26/src/hdf5/src/H5Dint.c line 1476 in H5D__open_name(): not found
    major: Dataset
    minor: Object not found
MPICH ERROR [Rank 67] [job id 58702648.1] [Mon Sep 21 11:17:34 2026] [nid006952] - Abort(1) (rank 67 in comm 0): application called MPI_Abort(MPI_COMM_WORLD, 1) - process 67

aborting job:
application called MPI_Abort(MPI_COMM_WORLD, 1) - process 67
MPICH ERROR [Rank 36] [job id 58702648.1] [Mon Sep 21 11:17:34 2026] [nid006838] - Abort(1) (rank 36 in comm 0): application called MPI_Abort(MPI_COMM_WORLD, 1) - process 36

aborting job:
application called MPI_Abort(MPI_COMM_WORLD, 1) - process 36
  #005: /pscratch/sd/n/nlewi26/src/hdf5/src/H5Dint.c line 1476 in H5D__open_name(): not found
    major: Dataset
    minor: Object not found
MPICH ERROR [Rank 68] [job id 58702648.1] [Mon Sep 21 11:17:34 2026] [nid006952] - Abort(1) (rank 68 in comm 0): application called MPI_Abort(MPI_COMM_WORLD, 1) - process 68

aborting job:
application called MPI_Abort(MPI_COMM_WORLD, 1) - process 68
MPICH ERROR [Rank 37] [job id 58702648.1] [Mon Sep 21 11:17:34 2026] [nid006838] - Abort(1) (rank 37 in comm 0): application called MPI_Abort(MPI_COMM_WORLD, 1) - process 37

aborting job:
application called MPI_Abort(MPI_COMM_WORLD, 1) - process 37
  #005: /pscratch/sd/n/nlewi26/src/hdf5/src/H5Dint.c line 1476 in H5D__open_name(): not found
    major: Dataset
    minor: Object not found
MPICH ERROR [Rank 69] [job id 58702648.1] [Mon Sep 21 11:17:34 2026] [nid006952] - Abort(1) (rank 69 in comm 0): application called MPI_Abort(MPI_COMM_WORLD, 1) - process 69

aborting job:
application called MPI_Abort(MPI_COMM_WORLD, 1) - process 69
MPICH ERROR [Rank 38] [job id 58702648.1] [Mon Sep 21 11:17:34 2026] [nid006838] - Abort(1) (rank 38 in comm 0): application called MPI_Abort(MPI_COMM_WORLD, 1) - process 38

aborting job:
application called MPI_Abort(MPI_COMM_WORLD, 1) - process 38
  #005: /pscratch/sd/n/nlewi26/src/hdf5/src/H5Dint.c line 1476 in H5D__open_name(): not found
    major: Dataset
    minor: Object not found
MPICH ERROR [Rank 70] [job id 58702648.1] [Mon Sep 21 11:17:34 2026] [nid006952] - Abort(1) (rank 70 in comm 0): application called MPI_Abort(MPI_COMM_WORLD, 1) - process 70

aborting job:
application called MPI_Abort(MPI_COMM_WORLD, 1) - process 70
MPICH ERROR [Rank 39] [job id 58702648.1] [Mon Sep 21 11:17:34 2026] [nid006838] - Abort(1) (rank 39 in comm 0): application called MPI_Abort(MPI_COMM_WORLD, 1) - process 39

aborting job:
application called MPI_Abort(MPI_COMM_WORLD, 1) - process 39
  #005: /pscratch/sd/n/nlewi26/src/hdf5/src/H5Dint.c line 1476 in H5D__open_name(): not found
    major: Dataset
    minor: Object not found
MPICH ERROR [Rank 71] [job id 58702648.1] [Mon Sep 21 11:17:34 2026] [nid006952] - Abort(1) (rank 71 in comm 0): application called MPI_Abort(MPI_COMM_WORLD, 1) - process 71

aborting job:
application called MPI_Abort(MPI_COMM_WORLD, 1) - process 71
MPICH ERROR [Rank 40] [job id 58702648.1] [Mon Sep 21 11:17:34 2026] [nid006838] - Abort(1) (rank 40 in comm 0): application called MPI_Abort(MPI_COMM_WORLD, 1) - process 40

aborting job:
application called MPI_Abort(MPI_COMM_WORLD, 1) - process 40
  #005: /pscratch/sd/n/nlewi26/src/hdf5/src/H5Dint.c line 1476 in H5D__open_name(): not found
    major: Dataset
    minor: Object not found
MPICH ERROR [Rank 72] [job id 58702648.1] [Mon Sep 21 11:17:34 2026] [nid006952] - Abort(1) (rank 72 in comm 0): application called MPI_Abort(MPI_COMM_WORLD, 1) - process 72

aborting job:
application called MPI_Abort(MPI_COMM_WORLD, 1) - process 72
MPICH ERROR [Rank 41] [job id 58702648.1] [Mon Sep 21 11:17:34 2026] [nid006838] - Abort(1) (rank 41 in comm 0): application called MPI_Abort(MPI_COMM_WORLD, 1) - process 41

aborting job:
application called MPI_Abort(MPI_COMM_WORLD, 1) - process 41
  #005: /pscratch/sd/n/nlewi26/src/hdf5/src/H5Dint.c line 1476 in H5D__open_name(): not found
    major: Dataset
    minor: Object not found
MPICH ERROR [Rank 73] [job id 58702648.1] [Mon Sep 21 11:17:34 2026] [nid006952] - Abort(1) (rank 73 in comm 0): application called MPI_Abort(MPI_COMM_WORLD, 1) - process 73

aborting job:
application called MPI_Abort(MPI_COMM_WORLD, 1) - process 73
MPICH ERROR [Rank 42] [job id 58702648.1] [Mon Sep 21 11:17:34 2026] [nid006838] - Abort(1) (rank 42 in comm 0): application called MPI_Abort(MPI_COMM_WORLD, 1) - process 42

aborting job:
application called MPI_Abort(MPI_COMM_WORLD, 1) - process 42
  #005: /pscratch/sd/n/nlewi26/src/hdf5/src/H5Dint.c line 1476 in H5D__open_name(): not found
    major: Dataset
    minor: Object not found
MPICH ERROR [Rank 75] [job id 58702648.1] [Mon Sep 21 11:17:34 2026] [nid006952] - Abort(1) (rank 75 in comm 0): application called MPI_Abort(MPI_COMM_WORLD, 1) - process 75

aborting job:
application called MPI_Abort(MPI_COMM_WORLD, 1) - process 75
MPICH ERROR [Rank 43] [job id 58702648.1] [Mon Sep 21 11:17:34 2026] [nid006838] - Abort(1) (rank 43 in comm 0): application called MPI_Abort(MPI_COMM_WORLD, 1) - process 43

aborting job:
application called MPI_Abort(MPI_COMM_WORLD, 1) - process 43
  #005: /pscratch/sd/n/nlewi26/src/hdf5/src/H5Dint.c line 1476 in H5D__open_name(): not found
    major: Dataset
    minor: Object not found
MPICH ERROR [Rank 76] [job id 58702648.1] [Mon Sep 21 11:17:34 2026] [nid006952] - Abort(1) (rank 76 in comm 0): application called MPI_Abort(MPI_COMM_WORLD, 1) - process 76

aborting job:
application called MPI_Abort(MPI_COMM_WORLD, 1) - process 76
MPICH ERROR [Rank 44] [job id 58702648.1] [Mon Sep 21 11:17:34 2026] [nid006838] - Abort(1) (rank 44 in comm 0): application called MPI_Abort(MPI_COMM_WORLD, 1) - process 44

aborting job:
application called MPI_Abort(MPI_COMM_WORLD, 1) - process 44
  #005: /pscratch/sd/n/nlewi26/src/hdf5/src/H5Dint.c line 1476 in H5D__open_name(): not found
    major: Dataset
    minor: Object not found
MPICH ERROR [Rank 77] [job id 58702648.1] [Mon Sep 21 11:17:34 2026] [nid006952] - Abort(1) (rank 77 in comm 0): application called MPI_Abort(MPI_COMM_WORLD, 1) - process 77

aborting job:
application called MPI_Abort(MPI_COMM_WORLD, 1) - process 77
MPICH ERROR [Rank 45] [job id 58702648.1] [Mon Sep 21 11:17:34 2026] [nid006838] - Abort(1) (rank 45 in comm 0): application called MPI_Abort(MPI_COMM_WORLD, 1) - process 45

aborting job:
application called MPI_Abort(MPI_COMM_WORLD, 1) - process 45
  #005: /pscratch/sd/n/nlewi26/src/hdf5/src/H5Dint.c line 1476 in H5D__open_name(): not found
    major: Dataset
    minor: Object not found
MPICH ERROR [Rank 78] [job id 58702648.1] [Mon Sep 21 11:17:34 2026] [nid006952] - Abort(1) (rank 78 in comm 0): application called MPI_Abort(MPI_COMM_WORLD, 1) - process 78

aborting job:
application called MPI_Abort(MPI_COMM_WORLD, 1) - process 78
MPICH ERROR [Rank 46] [job id 58702648.1] [Mon Sep 21 11:17:34 2026] [nid006838] - Abort(1) (rank 46 in comm 0): application called MPI_Abort(MPI_COMM_WORLD, 1) - process 46

aborting job:
application called MPI_Abort(MPI_COMM_WORLD, 1) - process 46
  #005: /pscratch/sd/n/nlewi26/src/hdf5/src/H5Dint.c line 1476 in H5D__open_name(): not found
    major: Dataset
    minor: Object not found
MPICH ERROR [Rank 79] [job id 58702648.1] [Mon Sep 21 11:17:34 2026] [nid006952] - Abort(1) (rank 79 in comm 0): application called MPI_Abort(MPI_COMM_WORLD, 1) - process 79

aborting job:
application called MPI_Abort(MPI_COMM_WORLD, 1) - process 79
MPICH ERROR [Rank 47] [job id 58702648.1] [Mon Sep 21 11:17:34 2026] [nid006838] - Abort(1) (rank 47 in comm 0): application called MPI_Abort(MPI_COMM_WORLD, 1) - process 47

aborting job:
application called MPI_Abort(MPI_COMM_WORLD, 1) - process 47
  #005: /pscratch/sd/n/nlewi26/src/hdf5/src/H5Dint.c line 1476 in H5D__open_name(): not found
    major: Dataset
    minor: Object not found
MPICH ERROR [Rank 80] [job id 58702648.1] [Mon Sep 21 11:17:34 2026] [nid006952] - Abort(1) (rank 80 in comm 0): application called MPI_Abort(MPI_COMM_WORLD, 1) - process 80

aborting job:
application called MPI_Abort(MPI_COMM_WORLD, 1) - process 80
MPICH ERROR [Rank 48] [job id 58702648.1] [Mon Sep 21 11:17:34 2026] [nid006838] - Abort(1) (rank 48 in comm 0): application called MPI_Abort(MPI_COMM_WORLD, 1) - process 48

aborting job:
application called MPI_Abort(MPI_COMM_WORLD, 1) - process 48
  #005: /pscratch/sd/n/nlewi26/src/hdf5/src/H5Dint.c line 1476 in H5D__open_name(): not found
    major: Dataset
    minor: Object not found
MPICH ERROR [Rank 81] [job id 58702648.1] [Mon Sep 21 11:17:34 2026] [nid006952] - Abort(1) (rank 81 in comm 0): application called MPI_Abort(MPI_COMM_WORLD, 1) - process 81

aborting job:
application called MPI_Abort(MPI_COMM_WORLD, 1) - process 81
MPICH ERROR [Rank 49] [job id 58702648.1] [Mon Sep 21 11:17:34 2026] [nid006838] - Abort(1) (rank 49 in comm 0): application called MPI_Abort(MPI_COMM_WORLD, 1) - process 49

aborting job:
application called MPI_Abort(MPI_COMM_WORLD, 1) - process 49
  #005: /pscratch/sd/n/nlewi26/src/hdf5/src/H5Dint.c line 1476 in H5D__open_name(): not found
    major: Dataset
    minor: Object not found
MPICH ERROR [Rank 82] [job id 58702648.1] [Mon Sep 21 11:17:34 2026] [nid006952] - Abort(1) (rank 82 in comm 0): application called MPI_Abort(MPI_COMM_WORLD, 1) - process 82

aborting job:
application called MPI_Abort(MPI_COMM_WORLD, 1) - process 82
MPICH ERROR [Rank 51] [job id 58702648.1] [Mon Sep 21 11:17:34 2026] [nid006838] - Abort(1) (rank 51 in comm 0): application called MPI_Abort(MPI_COMM_WORLD, 1) - process 51

aborting job:
application called MPI_Abort(MPI_COMM_WORLD, 1) - process 51
  #005: /pscratch/sd/n/nlewi26/src/hdf5/src/H5Dint.c line 1476 in H5D__open_name(): not found
    major: Dataset
    minor: Object not found
MPICH ERROR [Rank 83] [job id 58702648.1] [Mon Sep 21 11:17:34 2026] [nid006952] - Abort(1) (rank 83 in comm 0): application called MPI_Abort(MPI_COMM_WORLD, 1) - process 83

aborting job:
application called MPI_Abort(MPI_COMM_WORLD, 1) - process 83
MPICH ERROR [Rank 52] [job id 58702648.1] [Mon Sep 21 11:17:34 2026] [nid006838] - Abort(1) (rank 52 in comm 0): application called MPI_Abort(MPI_COMM_WORLD, 1) - process 52

aborting job:
application called MPI_Abort(MPI_COMM_WORLD, 1) - process 52
  #005: /pscratch/sd/n/nlewi26/src/hdf5/src/H5Dint.c line 1476 in H5D__open_name(): not found
    major: Dataset
    minor: Object not found
MPICH ERROR [Rank 84] [job id 58702648.1] [Mon Sep 21 11:17:34 2026] [nid006952] - Abort(1) (rank 84 in comm 0): application called MPI_Abort(MPI_COMM_WORLD, 1) - process 84

aborting job:
application called MPI_Abort(MPI_COMM_WORLD, 1) - process 84
MPICH ERROR [Rank 53] [job id 58702648.1] [Mon Sep 21 11:17:34 2026] [nid006838] - Abort(1) (rank 53 in comm 0): application called MPI_Abort(MPI_COMM_WORLD, 1) - process 53

aborting job:
application called MPI_Abort(MPI_COMM_WORLD, 1) - process 53
  #005: /pscratch/sd/n/nlewi26/src/hdf5/src/H5Dint.c line 1476 in H5D__open_name(): not found
    major: Dataset
    minor: Object not found
MPICH ERROR [Rank 85] [job id 58702648.1] [Mon Sep 21 11:17:34 2026] [nid006952] - Abort(1) (rank 85 in comm 0): application called MPI_Abort(MPI_COMM_WORLD, 1) - process 85

aborting job:
application called MPI_Abort(MPI_COMM_WORLD, 1) - process 85
MPICH ERROR [Rank 54] [job id 58702648.1] [Mon Sep 21 11:17:34 2026] [nid006838] - Abort(1) (rank 54 in comm 0): application called MPI_Abort(MPI_COMM_WORLD, 1) - process 54

aborting job:
application called MPI_Abort(MPI_COMM_WORLD, 1) - process 54
  #005: /pscratch/sd/n/nlewi26/src/hdf5/src/H5Dint.c line 1476 in H5D__open_name(): not found
    major: Dataset
    minor: Object not found
MPICH ERROR [Rank 86] [job id 58702648.1] [Mon Sep 21 11:17:34 2026] [nid006952] - Abort(1) (rank 86 in comm 0): application called MPI_Abort(MPI_COMM_WORLD, 1) - process 86

aborting job:
application called MPI_Abort(MPI_COMM_WORLD, 1) - process 86
MPICH ERROR [Rank 55] [job id 58702648.1] [Mon Sep 21 11:17:34 2026] [nid006838] - Abort(1) (rank 55 in comm 0): application called MPI_Abort(MPI_COMM_WORLD, 1) - process 55

aborting job:
application called MPI_Abort(MPI_COMM_WORLD, 1) - process 55
  #005: /pscratch/sd/n/nlewi26/src/hdf5/src/H5Dint.c line 1476 in H5D__open_name(): not found
    major: Dataset
    minor: Object not found
MPICH ERROR [Rank 87] [job id 58702648.1] [Mon Sep 21 11:17:34 2026] [nid006952] - Abort(1) (rank 87 in comm 0): application called MPI_Abort(MPI_COMM_WORLD, 1) - process 87

aborting job:
application called MPI_Abort(MPI_COMM_WORLD, 1) - process 87
MPICH ERROR [Rank 56] [job id 58702648.1] [Mon Sep 21 11:17:34 2026] [nid006838] - Abort(1) (rank 56 in comm 0): application called MPI_Abort(MPI_COMM_WORLD, 1) - process 56

aborting job:
application called MPI_Abort(MPI_COMM_WORLD, 1) - process 56
  #005: /pscratch/sd/n/nlewi26/src/hdf5/src/H5Dint.c line 1476 in H5D__open_name(): not found
    major: Dataset
    minor: Object not found
MPICH ERROR [Rank 88] [job id 58702648.1] [Mon Sep 21 11:17:34 2026] [nid006952] - Abort(1) (rank 88 in comm 0): application called MPI_Abort(MPI_COMM_WORLD, 1) - process 88

aborting job:
application called MPI_Abort(MPI_COMM_WORLD, 1) - process 88
MPICH ERROR [Rank 57] [job id 58702648.1] [Mon Sep 21 11:17:34 2026] [nid006838] - Abort(1) (rank 57 in comm 0): application called MPI_Abort(MPI_COMM_WORLD, 1) - process 57

aborting job:
application called MPI_Abort(MPI_COMM_WORLD, 1) - process 57
  #005: /pscratch/sd/n/nlewi26/src/hdf5/src/H5Dint.c line 1476 in H5D__open_name(): not found
    major: Dataset
    minor: Object not found
MPICH ERROR [Rank 89] [job id 58702648.1] [Mon Sep 21 11:17:34 2026] [nid006952] - Abort(1) (rank 89 in comm 0): application called MPI_Abort(MPI_COMM_WORLD, 1) - process 89

aborting job:
application called MPI_Abort(MPI_COMM_WORLD, 1) - process 89
MPICH ERROR [Rank 58] [job id 58702648.1] [Mon Sep 21 11:17:34 2026] [nid006838] - Abort(1) (rank 58 in comm 0): application called MPI_Abort(MPI_COMM_WORLD, 1) - process 58

aborting job:
application called MPI_Abort(MPI_COMM_WORLD, 1) - process 58
  #005: /pscratch/sd/n/nlewi26/src/hdf5/src/H5Dint.c line 1476 in H5D__open_name(): not found
    major: Dataset
    minor: Object not found
MPICH ERROR [Rank 90] [job id 58702648.1] [Mon Sep 21 11:17:34 2026] [nid006952] - Abort(1) (rank 90 in comm 0): application called MPI_Abort(MPI_COMM_WORLD, 1) - process 90

aborting job:
application called MPI_Abort(MPI_COMM_WORLD, 1) - process 90
MPICH ERROR [Rank 59] [job id 58702648.1] [Mon Sep 21 11:17:34 2026] [nid006838] - Abort(1) (rank 59 in comm 0): application called MPI_Abort(MPI_COMM_WORLD, 1) - process 59

aborting job:
application called MPI_Abort(MPI_COMM_WORLD, 1) - process 59
  #005: /pscratch/sd/n/nlewi26/src/hdf5/src/H5Dint.c line 1476 in H5D__open_name(): not found
    major: Dataset
    minor: Object not found
MPICH ERROR [Rank 91] [job id 58702648.1] [Mon Sep 21 11:17:34 2026] [nid006952] - Abort(1) (rank 91 in comm 0): application called MPI_Abort(MPI_COMM_WORLD, 1) - process 91

aborting job:
application called MPI_Abort(MPI_COMM_WORLD, 1) - process 91
MPICH ERROR [Rank 60] [job id 58702648.1] [Mon Sep 21 11:17:34 2026] [nid006838] - Abort(1) (rank 60 in comm 0): application called MPI_Abort(MPI_COMM_WORLD, 1) - process 60

aborting job:
application called MPI_Abort(MPI_COMM_WORLD, 1) - process 60
  #006: /pscratch/sd/n/nlewi26/src/hdf5/src/H5Gloc.c line 424 in H5G_loc_find(): can't find object
    major: Symbol table
    minor: Object not found
  #007: /pscratch/sd/n/nlewi26/src/hdf5/src/H5Gtraverse.c line 846 in H5G_traverse(): internal path traversal failed
    major: Symbol table
    minor: Object not found
  #008: /pscratch/sd/n/nlewi26/src/hdf5/src/H5Gtraverse.c line 618 in H5G__traverse_real(): traversal operator failed
MPICH ERROR [Rank 92] [job id 58702648.1] [Mon Sep 21 11:17:34 2026] [nid006952] - Abort(1) (rank 92 in comm 0): application called MPI_Abort(MPI_COMM_WORLD, 1) - process 92

aborting job:
application called MPI_Abort(MPI_COMM_WORLD, 1) - process 92
MPICH ERROR [Rank 61] [job id 58702648.1] [Mon Sep 21 11:17:34 2026] [nid006838] - Abort(1) (rank 61 in comm 0): application called MPI_Abort(MPI_COMM_WORLD, 1) - process 61

aborting job:
application called MPI_Abort(MPI_COMM_WORLD, 1) - process 61
  #006: /pscratch/sd/n/nlewi26/src/hdf5/src/H5Gloc.c line 424 in H5G_loc_find(): can't find object
    major: Symbol table
    minor: Object not found
  #007: /pscratch/sd/n/nlewi26/src/hdf5/src/H5Gtraverse.c line 846 in H5G_traverse(): internal path traversal failed
    major: Symbol table
    minor: Object not found
  #008: /pscratch/sd/n/nlewi26/src/hdf5/src/H5Gtraverse.c line 618 in H5G__traverse_real(): traversal operator failed
MPICH ERROR [Rank 93] [job id 58702648.1] [Mon Sep 21 11:17:34 2026] [nid006952] - Abort(1) (rank 93 in comm 0): application called MPI_Abort(MPI_COMM_WORLD, 1) - process 93

aborting job:
application called MPI_Abort(MPI_COMM_WORLD, 1) - process 93
MPICH ERROR [Rank 62] [job id 58702648.1] [Mon Sep 21 11:17:34 2026] [nid006838] - Abort(1) (rank 62 in comm 0): application called MPI_Abort(MPI_COMM_WORLD, 1) - process 62

aborting job:
application called MPI_Abort(MPI_COMM_WORLD, 1) - process 62
  #006: /pscratch/sd/n/nlewi26/src/hdf5/src/H5Gloc.c line 424 in H5G_loc_find(): can't find object
    major: Symbol table
    minor: Object not found
  #007: /pscratch/sd/n/nlewi26/src/hdf5/src/H5Gtraverse.c line 846 in H5G_traverse(): internal path traversal failed
    major: Symbol table
    minor: Object not found
  #008: /pscratch/sd/n/nlewi26/src/hdf5/src/H5Gtraverse.c line 618 in H5G__traverse_real(): traversal operator failed
    major: Symbol table
    minor: Callback failed
  #009: /pscratch/sd/n/nlewi26/src/hdf5/src/H5Gloc.c line 381 in H5G__loc_find_cb(): object 'curl_x' doesn't exist
    major: Symbol table
    minor: Object not found
MPICH ERROR [Rank 94] [job id 58702648.1] [Mon Sep 21 11:17:34 2026] [nid006952] - Abort(1) (rank 94 in comm 0): application called MPI_Abort(MPI_COMM_WORLD, 1) - process 94

aborting job:
application called MPI_Abort(MPI_COMM_WORLD, 1) - process 94
MPICH ERROR [Rank 63] [job id 58702648.1] [Mon Sep 21 11:17:34 2026] [nid006838] - Abort(1) (rank 63 in comm 0): application called MPI_Abort(MPI_COMM_WORLD, 1) - process 63

aborting job:
application called MPI_Abort(MPI_COMM_WORLD, 1) - process 63
    major: Symbol table
    minor: Callback failed
  #009: /pscratch/sd/n/nlewi26/src/hdf5/src/H5Gloc.c line 381 in H5G__loc_find_cb(): object 'curl_x' doesn't exist
    major: Symbol table
    minor: Object not found
H5Dopen2 failed
MPICH ERROR [Rank 95] [job id 58702648.1] [Mon Sep 21 11:17:34 2026] [nid006952] - Abort(1) (rank 95 in comm 0): application called MPI_Abort(MPI_COMM_WORLD, 1) - process 95

aborting job:
application called MPI_Abort(MPI_COMM_WORLD, 1) - process 95
MPICH ERROR [Rank 50] [job id 58702648.1] [Mon Sep 21 11:17:34 2026] [nid006838] - Abort(1) (rank 50 in comm 0): application called MPI_Abort(MPI_COMM_WORLD, 1) - process 50

aborting job:
application called MPI_Abort(MPI_COMM_WORLD, 1) - process 50
    major: Symbol table
    minor: Callback failed
  #009: /pscratch/sd/n/nlewi26/src/hdf5/src/H5Gloc.c line 381 in H5G__loc_find_cb(): object 'curl_x' doesn't exist
    major: Symbol table
    minor: Object not found
H5Dopen2 failed
MPICH ERROR [Rank 74] [job id 58702648.1] [Mon Sep 21 11:17:34 2026] [nid006952] - Abort(1) (rank 74 in comm 0): application called MPI_Abort(MPI_COMM_WORLD, 1) - process 74

aborting job:
application called MPI_Abort(MPI_COMM_WORLD, 1) - process 74
  #006: /pscratch/sd/n/nlewi26/src/hdf5/src/H5Gloc.c line 424 in H5G_loc_find(): can't find object
    major: Symbol table
    minor: Object not found
  #007: /pscratch/sd/n/nlewi26/src/hdf5/src/H5Gtraverse.c line 846 in H5G_traverse(): internal path traversal failed
    major: Symbol table
    minor: Object not found
  #008: /pscratch/sd/n/nlewi26/src/hdf5/src/H5Gtraverse.c line 618 in H5G__traverse_real(): traversal operator failed
    major: Symbol table
    minor: Callback failed
  #009: /pscratch/sd/n/nlewi26/src/hdf5/src/H5Gloc.c line 381 in H5G__loc_find_cb(): object 'curl_x' doesn't exist
    major: Symbol table
    minor: Object not found
H5Dopen2 failed
  #006: /pscratch/sd/n/nlewi26/src/hdf5/src/H5Gloc.c line 424 in H5G_loc_find(): can't find object
    major: Symbol table
    minor: Object not found
  #007: /pscratch/sd/n/nlewi26/src/hdf5/src/H5Gtraverse.c line 846 in H5G_traverse(): internal path traversal failed
    major: Symbol table
    minor: Object not found
  #008: /pscratch/sd/n/nlewi26/src/hdf5/src/H5Gtraverse.c line 618 in H5G__traverse_real(): traversal operator failed
    major: Symbol table
    minor: Callback failed
  #006: /pscratch/sd/n/nlewi26/src/hdf5/src/H5Gloc.c line 424 in H5G_loc_find(): can't find object
    major: Symbol table
    minor: Object not found
  #007: /pscratch/sd/n/nlewi26/src/hdf5/src/H5Gtraverse.c line 846 in H5G_traverse(): internal path traversal failed
    major: Symbol table
    minor: Object not found
  #008: /pscratch/sd/n/nlewi26/src/hdf5/src/H5Gtraverse.c line 618 in H5G__traverse_real(): traversal operator failed
    major: Symbol table
    minor: Callback failed
  #009: /pscratch/sd/n/nlewi26/src/hdf5/src/H5Gloc.c line 381 in H5G__loc_find_cb(): object 'curl_x' doesn't exist
    major: Symbol table
    minor: Object not found
H5Dopen2 failed
H5Dopen2 failed
  #006: /pscratch/sd/n/nlewi26/src/hdf5/src/H5Gloc.c line 424 in H5G_loc_find(): can't find object
    major: Symbol table
    minor: Object not found
  #007: /pscratch/sd/n/nlewi26/src/hdf5/src/H5Gtraverse.c line 846 in H5G_traverse(): internal path traversal failed
    major: Symbol table
    minor: Object not found
  #008: /pscratch/sd/n/nlewi26/src/hdf5/src/H5Gtraverse.c line 618 in H5G__traverse_real(): traversal operator failed
    major: Symbol table
    minor: Callback failed
  #009: /pscratch/sd/n/nlewi26/src/hdf5/src/H5Gloc.c line 381 in H5G__loc_find_cb(): object 'curl_x' doesn't exist
    major: Symbol table
    minor: Object not found
H5Dopen2 failed
  #006: /pscratch/sd/n/nlewi26/src/hdf5/src/H5Gloc.c line 424 in H5G_loc_find(): can't find object
    major: Symbol table
    minor: Object not found
  #007: /pscratch/sd/n/nlewi26/src/hdf5/src/H5Gtraverse.c line 846 in H5G_traverse(): internal path traversal failed
    major: Symbol table
    minor: Object not found
  #008: /pscratch/sd/n/nlewi26/src/hdf5/src/H5Gtraverse.c line 618 in H5G__traverse_real(): traversal operator failed
    major: Symbol table
    minor: Callback failed
  #009: /pscratch/sd/n/nlewi26/src/hdf5/src/H5Gloc.c line 381 in H5G__loc_find_cb(): object 'curl_x' doesn't exist
    major: Symbol table
    minor: Object not found
H5Dopen2 failed
  #006: /pscratch/sd/n/nlewi26/src/hdf5/src/H5Gloc.c line 424 in H5G_loc_find(): can't find object
    major: Symbol table
    minor: Object not found
  #007: /pscratch/sd/n/nlewi26/src/hdf5/src/H5Gtraverse.c line 846 in H5G_traverse(): internal path traversal failed
    major: Symbol table
    minor: Object not found
  #008: /pscratch/sd/n/nlewi26/src/hdf5/src/H5Gtraverse.c line 618 in H5G__traverse_real(): traversal operator failed
    major: Symbol table
    minor: Callback failed
  #009: /pscratch/sd/n/nlewi26/src/hdf5/src/H5Gloc.c line 381 in H5G__loc_find_cb(): object 'curl_x' doesn't exist
    major: Symbol table
    minor: Object not found
H5Dopen2 failed
  #006: /pscratch/sd/n/nlewi26/src/hdf5/src/H5Gloc.c line 424 in H5G_loc_find(): can't find object
    major: Symbol table
    minor: Object not found
  #007: /pscratch/sd/n/nlewi26/src/hdf5/src/H5Gtraverse.c line 846 in H5G_traverse(): internal path traversal failed
    major: Symbol table
    minor: Object not found
  #008: /pscratch/sd/n/nlewi26/src/hdf5/src/H5Gtraverse.c line 618 in H5G__traverse_real(): traversal operator failed
    major: Symbol table
    minor: Callback failed
  #009: /pscratch/sd/n/nlewi26/src/hdf5/src/H5Gloc.c line 381 in H5G__loc_find_cb(): object 'curl_x' doesn't exist
    major: Symbol table
    minor: Object not found
H5Dopen2 failed
  #006: /pscratch/sd/n/nlewi26/src/hdf5/src/H5Gloc.c line 424 in H5G_loc_find(): can't find object
    major: Symbol table
    minor: Object not found
  #007: /pscratch/sd/n/nlewi26/src/hdf5/src/H5Gtraverse.c line 846 in H5G_traverse(): internal path traversal failed
    major: Symbol table
    minor: Object not found
  #008: /pscratch/sd/n/nlewi26/src/hdf5/src/H5Gtraverse.c line 618 in H5G__traverse_real(): traversal operator failed
    major: Symbol table
    minor: Callback failed
  #009: /pscratch/sd/n/nlewi26/src/hdf5/src/H5Gloc.c line 381 in H5G__loc_find_cb(): object 'curl_x' doesn't exist
    major: Symbol table
    minor: Object not found
H5Dopen2 failed
  #006: /pscratch/sd/n/nlewi26/src/hdf5/src/H5Gloc.c line 424 in H5G_loc_find(): can't find object
    major: Symbol table
    minor: Object not found
  #007: /pscratch/sd/n/nlewi26/src/hdf5/src/H5Gtraverse.c line 846 in H5G_traverse(): internal path traversal failed
    major: Symbol table
    minor: Object not found
  #008: /pscratch/sd/n/nlewi26/src/hdf5/src/H5Gtraverse.c line 618 in H5G__traverse_real(): traversal operator failed
    major: Symbol table
    minor: Callback failed
  #009: /pscratch/sd/n/nlewi26/src/hdf5/src/H5Gloc.c line 381 in H5G__loc_find_cb(): object 'curl_x' doesn't exist
    major: Symbol table
    minor: Object not found
H5Dopen2 failed
  #006: /pscratch/sd/n/nlewi26/src/hdf5/src/H5Gloc.c line 424 in H5G_loc_find(): can't find object
    major: Symbol table
    minor: Object not found
  #007: /pscratch/sd/n/nlewi26/src/hdf5/src/H5Gtraverse.c line 846 in H5G_traverse(): internal path traversal failed
    major: Symbol table
    minor: Object not found
  #008: /pscratch/sd/n/nlewi26/src/hdf5/src/H5Gtraverse.c line 618 in H5G__traverse_real(): traversal operator failed
    major: Symbol table
    minor: Callback failed
  #009: /pscratch/sd/n/nlewi26/src/hdf5/src/H5Gloc.c line 381 in H5G__loc_find_cb(): object 'curl_x' doesn't exist
    major: Symbol table
    minor: Object not found
H5Dopen2 failed
  #006: /pscratch/sd/n/nlewi26/src/hdf5/src/H5Gloc.c line 424 in H5G_loc_find(): can't find object
    major: Symbol table
    minor: Object not found
  #007: /pscratch/sd/n/nlewi26/src/hdf5/src/H5Gtraverse.c line 846 in H5G_traverse(): internal path traversal failed
    major: Symbol table
    minor: Object not found
  #008: /pscratch/sd/n/nlewi26/src/hdf5/src/H5Gtraverse.c line 618 in H5G__traverse_real(): traversal operator failed
    major: Symbol table
    minor: Callback failed
  #009: /pscratch/sd/n/nlewi26/src/hdf5/src/H5Gloc.c line 381 in H5G__loc_find_cb(): object 'curl_x' doesn't exist
    major: Symbol table
    minor: Object not found
H5Dopen2 failed
  #009: /pscratch/sd/n/nlewi26/src/hdf5/src/H5Gloc.c line 381 in H5G__loc_find_cb(): object 'curl_x' doesn't exist
    major: Symbol table
    minor: Object not found
H5Dopen2 failed
  #006: /pscratch/sd/n/nlewi26/src/hdf5/src/H5Gloc.c line 424 in H5G_loc_find(): can't find object
    major: Symbol table
    minor: Object not found
  #007: /pscratch/sd/n/nlewi26/src/hdf5/src/H5Gtraverse.c line 846 in H5G_traverse(): internal path traversal failed
    major: Symbol table
    minor: Object not found
  #008: /pscratch/sd/n/nlewi26/src/hdf5/src/H5Gtraverse.c line 618 in H5G__traverse_real(): traversal operator failed
    major: Symbol table
    minor: Callback failed
  #009: /pscratch/sd/n/nlewi26/src/hdf5/src/H5Gloc.c line 381 in H5G__loc_find_cb(): object 'curl_x' doesn't exist
    major: Symbol table
    minor: Object not found
H5Dopen2 failed
  #006: /pscratch/sd/n/nlewi26/src/hdf5/src/H5Gloc.c line 424 in H5G_loc_find(): can't find object
    major: Symbol table
    minor: Object not found
  #007: /pscratch/sd/n/nlewi26/src/hdf5/src/H5Gtraverse.c line 846 in H5G_traverse(): internal path traversal failed
    major: Symbol table
    minor: Object not found
  #008: /pscratch/sd/n/nlewi26/src/hdf5/src/H5Gtraverse.c line 618 in H5G__traverse_real(): traversal operator failed
    major: Symbol table
    minor: Callback failed
  #009: /pscratch/sd/n/nlewi26/src/hdf5/src/H5Gloc.c line 381 in H5G__loc_find_cb(): object 'curl_x' doesn't exist
    major: Symbol table
    minor: Object not found
H5Dopen2 failed
  #006: /pscratch/sd/n/nlewi26/src/hdf5/src/H5Gloc.c line 424 in H5G_loc_find(): can't find object
    major: Symbol table
    minor: Object not found
  #007: /pscratch/sd/n/nlewi26/src/hdf5/src/H5Gtraverse.c line 846 in H5G_traverse(): internal path traversal failed
    major: Symbol table
    minor: Object not found
  #008: /pscratch/sd/n/nlewi26/src/hdf5/src/H5Gtraverse.c line 618 in H5G__traverse_real(): traversal operator failed
    major: Symbol table
    minor: Callback failed
  #009: /pscratch/sd/n/nlewi26/src/hdf5/src/H5Gloc.c line 381 in H5G__loc_find_cb(): object 'curl_x' doesn't exist
    major: Symbol table
    minor: Object not found
H5Dopen2 failed
  #006: /pscratch/sd/n/nlewi26/src/hdf5/src/H5Gloc.c line 424 in H5G_loc_find(): can't find object
    major: Symbol table
    minor: Object not found
  #007: /pscratch/sd/n/nlewi26/src/hdf5/src/H5Gtraverse.c line 846 in H5G_traverse(): internal path traversal failed
    major: Symbol table
    minor: Object not found
  #008: /pscratch/sd/n/nlewi26/src/hdf5/src/H5Gtraverse.c line 618 in H5G__traverse_real(): traversal operator failed
    major: Symbol table
    minor: Callback failed
  #009: /pscratch/sd/n/nlewi26/src/hdf5/src/H5Gloc.c line 381 in H5G__loc_find_cb(): object 'curl_x' doesn't exist
    major: Symbol table
    minor: Object not found
H5Dopen2 failed
  #006: /pscratch/sd/n/nlewi26/src/hdf5/src/H5Gloc.c line 424 in H5G_loc_find(): can't find object
    major: Symbol table
    minor: Object not found
  #007: /pscratch/sd/n/nlewi26/src/hdf5/src/H5Gtraverse.c line 846 in H5G_traverse(): internal path traversal failed
    major: Symbol table
    minor: Object not found
  #008: /pscratch/sd/n/nlewi26/src/hdf5/src/H5Gtraverse.c line 618 in H5G__traverse_real(): traversal operator failed
    major: Symbol table
    minor: Callback failed
  #009: /pscratch/sd/n/nlewi26/src/hdf5/src/H5Gloc.c line 381 in H5G__loc_find_cb(): object 'curl_x' doesn't exist
    major: Symbol table
    minor: Object not found
H5Dopen2 failed
  #006: /pscratch/sd/n/nlewi26/src/hdf5/src/H5Gloc.c line 424 in H5G_loc_find(): can't find object
    major: Symbol table
    minor: Object not found
  #007: /pscratch/sd/n/nlewi26/src/hdf5/src/H5Gtraverse.c line 846 in H5G_traverse(): internal path traversal failed
    major: Symbol table
    minor: Object not found
  #008: /pscratch/sd/n/nlewi26/src/hdf5/src/H5Gtraverse.c line 618 in H5G__traverse_real(): traversal operator failed
    major: Symbol table
    minor: Callback failed
  #009: /pscratch/sd/n/nlewi26/src/hdf5/src/H5Gloc.c line 381 in H5G__loc_find_cb(): object 'curl_x' doesn't exist
    major: Symbol table
    minor: Object not found
H5Dopen2 failed
  #006: /pscratch/sd/n/nlewi26/src/hdf5/src/H5Gloc.c line 424 in H5G_loc_find(): can't find object
    major: Symbol table
    minor: Object not found
  #007: /pscratch/sd/n/nlewi26/src/hdf5/src/H5Gtraverse.c line 846 in H5G_traverse(): internal path traversal failed
    major: Symbol table
    minor: Object not found
  #008: /pscratch/sd/n/nlewi26/src/hdf5/src/H5Gtraverse.c line 618 in H5G__traverse_real(): traversal operator failed
    major: Symbol table
    minor: Callback failed
  #009: /pscratch/sd/n/nlewi26/src/hdf5/src/H5Gloc.c line 381 in H5G__loc_find_cb(): object 'curl_x' doesn't exist
    major: Symbol table
    minor: Object not found
H5Dopen2 failed
  #006: /pscratch/sd/n/nlewi26/src/hdf5/src/H5Gloc.c line 424 in H5G_loc_find(): can't find object
    major: Symbol table
    minor: Object not found
  #007: /pscratch/sd/n/nlewi26/src/hdf5/src/H5Gtraverse.c line 846 in H5G_traverse(): internal path traversal failed
    major: Symbol table
    minor: Object not found
  #008: /pscratch/sd/n/nlewi26/src/hdf5/src/H5Gtraverse.c line 618 in H5G__traverse_real(): traversal operator failed
    major: Symbol table
    minor: Callback failed
  #009: /pscratch/sd/n/nlewi26/src/hdf5/src/H5Gloc.c line 381 in H5G__loc_find_cb(): object 'curl_x' doesn't exist
    major: Symbol table
    minor: Object not found
H5Dopen2 failed
  #006: /pscratch/sd/n/nlewi26/src/hdf5/src/H5Gloc.c line 424 in H5G_loc_find(): can't find object
    major: Symbol table
    minor: Object not found
  #007: /pscratch/sd/n/nlewi26/src/hdf5/src/H5Gtraverse.c line 846 in H5G_traverse(): internal path traversal failed
    major: Symbol table
    minor: Object not found
  #008: /pscratch/sd/n/nlewi26/src/hdf5/src/H5Gtraverse.c line 618 in H5G__traverse_real(): traversal operator failed
    major: Symbol table
    minor: Callback failed
  #009: /pscratch/sd/n/nlewi26/src/hdf5/src/H5Gloc.c line 381 in H5G__loc_find_cb(): object 'curl_x' doesn't exist
    major: Symbol table
    minor: Object not found
H5Dopen2 failed
  #006: /pscratch/sd/n/nlewi26/src/hdf5/src/H5Gloc.c line 424 in H5G_loc_find(): can't find object
    major: Symbol table
    minor: Object not found
  #007: /pscratch/sd/n/nlewi26/src/hdf5/src/H5Gtraverse.c line 846 in H5G_traverse(): internal path traversal failed
    major: Symbol table
    minor: Object not found
  #008: /pscratch/sd/n/nlewi26/src/hdf5/src/H5Gtraverse.c line 618 in H5G__traverse_real(): traversal operator failed
    major: Symbol table
    minor: Callback failed
  #009: /pscratch/sd/n/nlewi26/src/hdf5/src/H5Gloc.c line 381 in H5G__loc_find_cb(): object 'curl_x' doesn't exist
    major: Symbol table
    minor: Object not found
H5Dopen2 failed
  #006: /pscratch/sd/n/nlewi26/src/hdf5/src/H5Gloc.c line 424 in H5G_loc_find(): can't find object
    major: Symbol table
    minor: Object not found
  #007: /pscratch/sd/n/nlewi26/src/hdf5/src/H5Gtraverse.c line 846 in H5G_traverse(): internal path traversal failed
    major: Symbol table
    minor: Object not found
  #008: /pscratch/sd/n/nlewi26/src/hdf5/src/H5Gtraverse.c line 618 in H5G__traverse_real(): traversal operator failed
    major: Symbol table
    minor: Callback failed
  #009: /pscratch/sd/n/nlewi26/src/hdf5/src/H5Gloc.c line 381 in H5G__loc_find_cb(): object 'curl_x' doesn't exist
    major: Symbol table
    minor: Object not found
H5Dopen2 failed
  #006: /pscratch/sd/n/nlewi26/src/hdf5/src/H5Gloc.c line 424 in H5G_loc_find(): can't find object
    major: Symbol table
    minor: Object not found
  #007: /pscratch/sd/n/nlewi26/src/hdf5/src/H5Gtraverse.c line 846 in H5G_traverse(): internal path traversal failed
    major: Symbol table
    minor: Object not found
  #008: /pscratch/sd/n/nlewi26/src/hdf5/src/H5Gtraverse.c line 618 in H5G__traverse_real(): traversal operator failed
    major: Symbol table
    minor: Callback failed
  #009: /pscratch/sd/n/nlewi26/src/hdf5/src/H5Gloc.c line 381 in H5G__loc_find_cb(): object 'curl_x' doesn't exist
    major: Symbol table
    minor: Object not found
H5Dopen2 failed
  #006: /pscratch/sd/n/nlewi26/src/hdf5/src/H5Gloc.c line 424 in H5G_loc_find(): can't find object
    major: Symbol table
    minor: Object not found
  #007: /pscratch/sd/n/nlewi26/src/hdf5/src/H5Gtraverse.c line 846 in H5G_traverse(): internal path traversal failed
    major: Symbol table
    minor: Object not found
  #008: /pscratch/sd/n/nlewi26/src/hdf5/src/H5Gtraverse.c line 618 in H5G__traverse_real(): traversal operator failed
    major: Symbol table
    minor: Callback failed
  #009: /pscratch/sd/n/nlewi26/src/hdf5/src/H5Gloc.c line 381 in H5G__loc_find_cb(): object 'curl_x' doesn't exist
    major: Symbol table
    minor: Object not found
H5Dopen2 failed
  #006: /pscratch/sd/n/nlewi26/src/hdf5/src/H5Gloc.c line 424 in H5G_loc_find(): can't find object
    major: Symbol table
    minor: Object not found
  #007: /pscratch/sd/n/nlewi26/src/hdf5/src/H5Gtraverse.c line 846 in H5G_traverse(): internal path traversal failed
    major: Symbol table
    minor: Object not found
  #008: /pscratch/sd/n/nlewi26/src/hdf5/src/H5Gtraverse.c line 618 in H5G__traverse_real(): traversal operator failed
    major: Symbol table
    minor: Callback failed
  #009: /pscratch/sd/n/nlewi26/src/hdf5/src/H5Gloc.c line 381 in H5G__loc_find_cb(): object 'curl_x' doesn't exist
    major: Symbol table
    minor: Object not found
H5Dopen2 failed
  #006: /pscratch/sd/n/nlewi26/src/hdf5/src/H5Gloc.c line 424 in H5G_loc_find(): can't find object
    major: Symbol table
    minor: Object not found
  #007: /pscratch/sd/n/nlewi26/src/hdf5/src/H5Gtraverse.c line 846 in H5G_traverse(): internal path traversal failed
    major: Symbol table
    minor: Object not found
  #008: /pscratch/sd/n/nlewi26/src/hdf5/src/H5Gtraverse.c line 618 in H5G__traverse_real(): traversal operator failed
    major: Symbol table
    minor: Callback failed
  #009: /pscratch/sd/n/nlewi26/src/hdf5/src/H5Gloc.c line 381 in H5G__loc_find_cb(): object 'curl_x' doesn't exist
    major: Symbol table
    minor: Object not found
H5Dopen2 failed
  #006: /pscratch/sd/n/nlewi26/src/hdf5/src/H5Gloc.c line 424 in H5G_loc_find(): can't find object
    major: Symbol table
    minor: Object not found
  #007: /pscratch/sd/n/nlewi26/src/hdf5/src/H5Gtraverse.c line 846 in H5G_traverse(): internal path traversal failed
    major: Symbol table
    minor: Object not found
  #008: /pscratch/sd/n/nlewi26/src/hdf5/src/H5Gtraverse.c line 618 in H5G__traverse_real(): traversal operator failed
    major: Symbol table
    minor: Callback failed
  #009: /pscratch/sd/n/nlewi26/src/hdf5/src/H5Gloc.c line 381 in H5G__loc_find_cb(): object 'curl_x' doesn't exist
    major: Symbol table
    minor: Object not found
H5Dopen2 failed
  #006: /pscratch/sd/n/nlewi26/src/hdf5/src/H5Gloc.c line 424 in H5G_loc_find(): can't find object
    major: Symbol table
    minor: Object not found
  #007: /pscratch/sd/n/nlewi26/src/hdf5/src/H5Gtraverse.c line 846 in H5G_traverse(): internal path traversal failed
    major: Symbol table
    minor: Object not found
  #008: /pscratch/sd/n/nlewi26/src/hdf5/src/H5Gtraverse.c line 618 in H5G__traverse_real(): traversal operator failed
    major: Symbol table
    minor: Callback failed
  #009: /pscratch/sd/n/nlewi26/src/hdf5/src/H5Gloc.c line 381 in H5G__loc_find_cb(): object 'curl_x' doesn't exist
    major: Symbol table
    minor: Object not found
H5Dopen2 failed
  #006: /pscratch/sd/n/nlewi26/src/hdf5/src/H5Gloc.c line 424 in H5G_loc_find(): can't find object
    major: Symbol table
    minor: Object not found
  #007: /pscratch/sd/n/nlewi26/src/hdf5/src/H5Gtraverse.c line 846 in H5G_traverse(): internal path traversal failed
    major: Symbol table
    minor: Object not found
  #008: /pscratch/sd/n/nlewi26/src/hdf5/src/H5Gtraverse.c line 618 in H5G__traverse_real(): traversal operator failed
    major: Symbol table
    minor: Callback failed
  #009: /pscratch/sd/n/nlewi26/src/hdf5/src/H5Gloc.c line 381 in H5G__loc_find_cb(): object 'curl_x' doesn't exist
    major: Symbol table
    minor: Object not found
H5Dopen2 failed
MPICH ERROR [Rank 96] [job id 58702648.1] [Mon Sep 21 11:17:34 2026] [nid006953] - Abort(1) (rank 96 in comm 0): application called MPI_Abort(MPI_COMM_WORLD, 1) - process 96

aborting job:
application called MPI_Abort(MPI_COMM_WORLD, 1) - process 96
MPICH ERROR [Rank 97] [job id 58702648.1] [Mon Sep 21 11:17:34 2026] [nid006953] - Abort(1) (rank 97 in comm 0): application called MPI_Abort(MPI_COMM_WORLD, 1) - process 97

aborting job:
application called MPI_Abort(MPI_COMM_WORLD, 1) - process 97
MPICH ERROR [Rank 98] [job id 58702648.1] [Mon Sep 21 11:17:34 2026] [nid006953] - Abort(1) (rank 98 in comm 0): application called MPI_Abort(MPI_COMM_WORLD, 1) - process 98

aborting job:
application called MPI_Abort(MPI_COMM_WORLD, 1) - process 98
MPICH ERROR [Rank 100] [job id 58702648.1] [Mon Sep 21 11:17:34 2026] [nid006953] - Abort(1) (rank 100 in comm 0): application called MPI_Abort(MPI_COMM_WORLD, 1) - process 100

aborting job:
application called MPI_Abort(MPI_COMM_WORLD, 1) - process 100
MPICH ERROR [Rank 101] [job id 58702648.1] [Mon Sep 21 11:17:34 2026] [nid006953] - Abort(1) (rank 101 in comm 0): application called MPI_Abort(MPI_COMM_WORLD, 1) - process 101

aborting job:
application called MPI_Abort(MPI_COMM_WORLD, 1) - process 101
MPICH ERROR [Rank 102] [job id 58702648.1] [Mon Sep 21 11:17:34 2026] [nid006953] - Abort(1) (rank 102 in comm 0): application called MPI_Abort(MPI_COMM_WORLD, 1) - process 102

aborting job:
application called MPI_Abort(MPI_COMM_WORLD, 1) - process 102
MPICH ERROR [Rank 103] [job id 58702648.1] [Mon Sep 21 11:17:34 2026] [nid006953] - Abort(1) (rank 103 in comm 0): application called MPI_Abort(MPI_COMM_WORLD, 1) - process 103

aborting job:
application called MPI_Abort(MPI_COMM_WORLD, 1) - process 103
MPICH ERROR [Rank 104] [job id 58702648.1] [Mon Sep 21 11:17:34 2026] [nid006953] - Abort(1) (rank 104 in comm 0): application called MPI_Abort(MPI_COMM_WORLD, 1) - process 104

aborting job:
application called MPI_Abort(MPI_COMM_WORLD, 1) - process 104
MPICH ERROR [Rank 105] [job id 58702648.1] [Mon Sep 21 11:17:34 2026] [nid006953] - Abort(1) (rank 105 in comm 0): application called MPI_Abort(MPI_COMM_WORLD, 1) - process 105

aborting job:
application called MPI_Abort(MPI_COMM_WORLD, 1) - process 105
MPICH ERROR [Rank 106] [job id 58702648.1] [Mon Sep 21 11:17:34 2026] [nid006953] - Abort(1) (rank 106 in comm 0): application called MPI_Abort(MPI_COMM_WORLD, 1) - process 106

aborting job:
application called MPI_Abort(MPI_COMM_WORLD, 1) - process 106
MPICH ERROR [Rank 107] [job id 58702648.1] [Mon Sep 21 11:17:34 2026] [nid006953] - Abort(1) (rank 107 in comm 0): application called MPI_Abort(MPI_COMM_WORLD, 1) - process 107

aborting job:
application called MPI_Abort(MPI_COMM_WORLD, 1) - process 107
MPICH ERROR [Rank 108] [job id 58702648.1] [Mon Sep 21 11:17:34 2026] [nid006953] - Abort(1) (rank 108 in comm 0): application called MPI_Abort(MPI_COMM_WORLD, 1) - process 108

aborting job:
application called MPI_Abort(MPI_COMM_WORLD, 1) - process 108
MPICH ERROR [Rank 109] [job id 58702648.1] [Mon Sep 21 11:17:34 2026] [nid006953] - Abort(1) (rank 109 in comm 0): application called MPI_Abort(MPI_COMM_WORLD, 1) - process 109

aborting job:
application called MPI_Abort(MPI_COMM_WORLD, 1) - process 109
MPICH ERROR [Rank 110] [job id 58702648.1] [Mon Sep 21 11:17:34 2026] [nid006953] - Abort(1) (rank 110 in comm 0): application called MPI_Abort(MPI_COMM_WORLD, 1) - process 110

aborting job:
application called MPI_Abort(MPI_COMM_WORLD, 1) - process 110
MPICH ERROR [Rank 111] [job id 58702648.1] [Mon Sep 21 11:17:34 2026] [nid006953] - Abort(1) (rank 111 in comm 0): application called MPI_Abort(MPI_COMM_WORLD, 1) - process 111

aborting job:
application called MPI_Abort(MPI_COMM_WORLD, 1) - process 111
MPICH ERROR [Rank 112] [job id 58702648.1] [Mon Sep 21 11:17:34 2026] [nid006953] - Abort(1) (rank 112 in comm 0): application called MPI_Abort(MPI_COMM_WORLD, 1) - process 112

aborting job:
application called MPI_Abort(MPI_COMM_WORLD, 1) - process 112
MPICH ERROR [Rank 113] [job id 58702648.1] [Mon Sep 21 11:17:34 2026] [nid006953] - Abort(1) (rank 113 in comm 0): application called MPI_Abort(MPI_COMM_WORLD, 1) - process 113

aborting job:
application called MPI_Abort(MPI_COMM_WORLD, 1) - process 113
MPICH ERROR [Rank 114] [job id 58702648.1] [Mon Sep 21 11:17:34 2026] [nid006953] - Abort(1) (rank 114 in comm 0): application called MPI_Abort(MPI_COMM_WORLD, 1) - process 114

aborting job:
application called MPI_Abort(MPI_COMM_WORLD, 1) - process 114
MPICH ERROR [Rank 115] [job id 58702648.1] [Mon Sep 21 11:17:34 2026] [nid006953] - Abort(1) (rank 115 in comm 0): application called MPI_Abort(MPI_COMM_WORLD, 1) - process 115

aborting job:
application called MPI_Abort(MPI_COMM_WORLD, 1) - process 115
MPICH ERROR [Rank 116] [job id 58702648.1] [Mon Sep 21 11:17:34 2026] [nid006953] - Abort(1) (rank 116 in comm 0): application called MPI_Abort(MPI_COMM_WORLD, 1) - process 116

aborting job:
application called MPI_Abort(MPI_COMM_WORLD, 1) - process 116
MPICH ERROR [Rank 117] [job id 58702648.1] [Mon Sep 21 11:17:34 2026] [nid006953] - Abort(1) (rank 117 in comm 0): application called MPI_Abort(MPI_COMM_WORLD, 1) - process 117

aborting job:
application called MPI_Abort(MPI_COMM_WORLD, 1) - process 117
MPICH ERROR [Rank 118] [job id 58702648.1] [Mon Sep 21 11:17:34 2026] [nid006953] - Abort(1) (rank 118 in comm 0): application called MPI_Abort(MPI_COMM_WORLD, 1) - process 118

aborting job:
application called MPI_Abort(MPI_COMM_WORLD, 1) - process 118
MPICH ERROR [Rank 119] [job id 58702648.1] [Mon Sep 21 11:17:34 2026] [nid006953] - Abort(1) (rank 119 in comm 0): application called MPI_Abort(MPI_COMM_WORLD, 1) - process 119

aborting job:
application called MPI_Abort(MPI_COMM_WORLD, 1) - process 119
MPICH ERROR [Rank 120] [job id 58702648.1] [Mon Sep 21 11:17:34 2026] [nid006953] - Abort(1) (rank 120 in comm 0): application called MPI_Abort(MPI_COMM_WORLD, 1) - process 120

aborting job:
application called MPI_Abort(MPI_COMM_WORLD, 1) - process 120
MPICH ERROR [Rank 121] [job id 58702648.1] [Mon Sep 21 11:17:34 2026] [nid006953] - Abort(1) (rank 121 in comm 0): application called MPI_Abort(MPI_COMM_WORLD, 1) - process 121

aborting job:
application called MPI_Abort(MPI_COMM_WORLD, 1) - process 121
MPICH ERROR [Rank 122] [job id 58702648.1] [Mon Sep 21 11:17:34 2026] [nid006953] - Abort(1) (rank 122 in comm 0): application called MPI_Abort(MPI_COMM_WORLD, 1) - process 122

aborting job:
application called MPI_Abort(MPI_COMM_WORLD, 1) - process 122
MPICH ERROR [Rank 123] [job id 58702648.1] [Mon Sep 21 11:17:34 2026] [nid006953] - Abort(1) (rank 123 in comm 0): application called MPI_Abort(MPI_COMM_WORLD, 1) - process 123

aborting job:
application called MPI_Abort(MPI_COMM_WORLD, 1) - process 123
MPICH ERROR [Rank 124] [job id 58702648.1] [Mon Sep 21 11:17:34 2026] [nid006953] - Abort(1) (rank 124 in comm 0): application called MPI_Abort(MPI_COMM_WORLD, 1) - process 124

aborting job:
application called MPI_Abort(MPI_COMM_WORLD, 1) - process 124
MPICH ERROR [Rank 125] [job id 58702648.1] [Mon Sep 21 11:17:34 2026] [nid006953] - Abort(1) (rank 125 in comm 0): application called MPI_Abort(MPI_COMM_WORLD, 1) - process 125

aborting job:
application called MPI_Abort(MPI_COMM_WORLD, 1) - process 125
MPICH ERROR [Rank 126] [job id 58702648.1] [Mon Sep 21 11:17:34 2026] [nid006953] - Abort(1) (rank 126 in comm 0): application called MPI_Abort(MPI_COMM_WORLD, 1) - process 126

aborting job:
application called MPI_Abort(MPI_COMM_WORLD, 1) - process 126
MPICH ERROR [Rank 127] [job id 58702648.1] [Mon Sep 21 11:17:34 2026] [nid006953] - Abort(1) (rank 127 in comm 0): application called MPI_Abort(MPI_COMM_WORLD, 1) - process 127

aborting job:
application called MPI_Abort(MPI_COMM_WORLD, 1) - process 127
MPICH ERROR [Rank 99] [job id 58702648.1] [Mon Sep 21 11:17:34 2026] [nid006953] - Abort(1) (rank 99 in comm 0): application called MPI_Abort(MPI_COMM_WORLD, 1) - process 99

aborting job:
application called MPI_Abort(MPI_COMM_WORLD, 1) - process 99
