[INFO] PDC_SERVER[0]: Starting server with no previous data
[INFO] PDC_SERVER[0]: Using [/pscratch/sd/n/nlewi26/pdc_curl_analysis_bench/] as tmp dir, 1 OSTs, 1 OSTs per data file, 0% to BB
[INFO] PDC_SERVER[0]: Environment variable HG_TRANSPORT was NOT set, default to ofi+cxi
[INFO] PDC_SERVER[0]: Environment variable HG_HOST was set
[INFO] PDC_SERVER[0]: Connection string: ofi+cxi://cxi0:0:7000
[INFO] PDC_SERVER[1]: Environment variable HG_HOST was set
[INFO] PDC_SERVER[0]: Scoped Slingshot CXI auth for Mercury: svc=1 vni=1 device=cxi0
[INFO] PDC_SERVER[0]: Without multi-thread
[INFO] PDC_SERVER[0]: Read cache enabled
[INFO] PDC_SERVER[0]: Max cache size: 68719476736
[INFO] PDC_SERVER[0]: Max transformation cache size: 68719476736
[INFO] PDC_SERVER[0]: Successfully established connection to 1 other PDC servers
[INFO] PDC_SERVER[0]: Succesfully wrote address to config in dir /pscratch/sd/n/nlewi26/pdc_curl_analysis_bench/
[INFO] PDC_SERVER[0]: Server ready!


[INFO] PDC_SERVER[0]: Starting flush for obj_id 2000000000, ndim=3
[13:04:59.545906] [WARNING] [pdc_server_region_cache.c:823] PDC_SERVER[0]: Region mapping lookup took 0.000000 s
[13:04:59.545922] [WARNING] [pdc_server_region_cache.c:828] PDC_SERVER[0]: No region mapping found for obj_id 2000000000
[13:04:59.566553] [WARNING] [pdc_server_region_cache.c:834] PDC_SERVER[0]: Flushed region via POSIX I/O in 0.020610 s
[13:04:59.566576] [WARNING] [pdc_server_region_cache.c:850] PDC_SERVER[0]: [2026-10-07 13:04:59.566571] Flushed 16.00 / 16.00 MB to storage
[INFO] PDC_SERVER[0]: Region flush iteration took 0.020911 s
[INFO] PDC_SERVER[0]: Starting flush for obj_id 2000000000, ndim=3
[13:04:59.606908] [WARNING] [pdc_server_region_cache.c:823] PDC_SERVER[0]: Region mapping lookup took 0.000000 s
[13:04:59.606916] [WARNING] [pdc_server_region_cache.c:828] PDC_SERVER[0]: No region mapping found for obj_id 2000000000
[13:04:59.626976] [WARNING] [pdc_server_region_cache.c:834] PDC_SERVER[0]: Flushed region via POSIX I/O in 0.020049 s
[13:04:59.626991] [WARNING] [pdc_server_region_cache.c:850] PDC_SERVER[0]: [2026-10-07 13:04:59.626986] Flushed 16.00 / 16.00 MB to storage
[INFO] PDC_SERVER[0]: Region flush iteration took 0.020089 s
[INFO] PDC_SERVER[0]: Starting flush for obj_id 2000000000, ndim=3
[13:04:59.628691] [WARNING] [pdc_server_region_cache.c:823] PDC_SERVER[0]: Region mapping lookup took 0.000001 s
[13:04:59.628698] [WARNING] [pdc_server_region_cache.c:828] PDC_SERVER[0]: No region mapping found for obj_id 2000000000
[13:04:59.648901] [WARNING] [pdc_server_region_cache.c:834] PDC_SERVER[0]: Flushed region via POSIX I/O in 0.020193 s
[13:04:59.648916] [WARNING] [pdc_server_region_cache.c:850] PDC_SERVER[0]: [2026-10-07 13:04:59.648912] Flushed 16.00 / 16.00 MB to storage
[INFO] PDC_SERVER[0]: Region flush iteration took 0.020234 s
[INFO] PDC_SERVER[0]: Starting flush for obj_id 2000000000, ndim=3
[13:04:59.650224] [WARNING] [pdc_server_region_cache.c:823] PDC_SERVER[0]: Region mapping lookup took 0.000000 s
[13:04:59.650231] [WARNING] [pdc_server_region_cache.c:828] PDC_SERVER[0]: No region mapping found for obj_id 2000000000
[13:04:59.667680] [WARNING] [pdc_server_region_cache.c:834] PDC_SERVER[0]: Flushed region via POSIX I/O in 0.017435 s
[13:04:59.667696] [WARNING] [pdc_server_region_cache.c:850] PDC_SERVER[0]: [2026-10-07 13:04:59.667692] Flushed 16.00 / 16.00 MB to storage
[INFO] PDC_SERVER[0]: Region flush iteration took 0.017480 s
[INFO] PDC_SERVER[0]: Starting flush for obj_id 2000000000, ndim=3
[13:04:59.669709] [WARNING] [pdc_server_region_cache.c:823] PDC_SERVER[0]: Region mapping lookup took 0.000001 s
[13:04:59.669715] [WARNING] [pdc_server_region_cache.c:828] PDC_SERVER[0]: No region mapping found for obj_id 2000000000
[13:04:59.686949] [WARNING] [pdc_server_region_cache.c:834] PDC_SERVER[0]: Flushed region via POSIX I/O in 0.017220 s
[13:04:59.686965] [WARNING] [pdc_server_region_cache.c:850] PDC_SERVER[0]: [2026-10-07 13:04:59.686961] Flushed 16.00 / 16.00 MB to storage
[INFO] PDC_SERVER[0]: Region flush iteration took 0.017264 s
[INFO] PDC_SERVER[0]: Starting flush for obj_id 2000000000, ndim=3
[13:04:59.689005] [WARNING] [pdc_server_region_cache.c:823] PDC_SERVER[0]: Region mapping lookup took 0.000001 s
[13:04:59.689010] [WARNING] [pdc_server_region_cache.c:828] PDC_SERVER[0]: No region mapping found for obj_id 2000000000
[13:04:59.707300] [WARNING] [pdc_server_region_cache.c:834] PDC_SERVER[0]: Flushed region via POSIX I/O in 0.018276 s
[13:04:59.707316] [WARNING] [pdc_server_region_cache.c:850] PDC_SERVER[0]: [2026-10-07 13:04:59.707313] Flushed 16.00 / 16.00 MB to storage
[INFO] PDC_SERVER[0]: Region flush iteration took 0.018319 s
[INFO] PDC_SERVER[0]: Starting flush for obj_id 2000000000, ndim=3
[13:04:59.709216] [WARNING] [pdc_server_region_cache.c:823] PDC_SERVER[0]: Region mapping lookup took 0.000001 s
[13:04:59.709223] [WARNING] [pdc_server_region_cache.c:828] PDC_SERVER[0]: No region mapping found for obj_id 2000000000
[13:04:59.726390] [WARNING] [pdc_server_region_cache.c:834] PDC_SERVER[0]: Flushed region via POSIX I/O in 0.017159 s
[13:04:59.726401] [WARNING] [pdc_server_region_cache.c:850] PDC_SERVER[0]: [2026-10-07 13:04:59.726398] Flushed 16.00 / 16.00 MB to storage
[INFO] PDC_SERVER[0]: Region flush iteration took 0.017192 s
[INFO] PDC_SERVER[0]: Starting flush for obj_id 2000000000, ndim=3
[13:04:59.727967] [WARNING] [pdc_server_region_cache.c:823] PDC_SERVER[0]: Region mapping lookup took 0.000001 s
[13:04:59.727974] [WARNING] [pdc_server_region_cache.c:828] PDC_SERVER[0]: No region mapping found for obj_id 2000000000
[13:04:59.747783] [WARNING] [pdc_server_region_cache.c:834] PDC_SERVER[0]: Flushed region via POSIX I/O in 0.019802 s
[13:04:59.747793] [WARNING] [pdc_server_region_cache.c:850] PDC_SERVER[0]: [2026-10-07 13:04:59.747790] Flushed 16.00 / 16.00 MB to storage
[INFO] PDC_SERVER[0]: Region flush iteration took 0.019834 s
[INFO] PDC_SERVER[0]: Starting flush for obj_id 2000000000, ndim=3
[13:04:59.749967] [WARNING] [pdc_server_region_cache.c:823] PDC_SERVER[0]: Region mapping lookup took 0.000001 s
[13:04:59.749975] [WARNING] [pdc_server_region_cache.c:828] PDC_SERVER[0]: No region mapping found for obj_id 2000000000
[13:04:59.767328] [WARNING] [pdc_server_region_cache.c:834] PDC_SERVER[0]: Flushed region via POSIX I/O in 0.017349 s
[13:04:59.767340] [WARNING] [pdc_server_region_cache.c:850] PDC_SERVER[0]: [2026-10-07 13:04:59.767337] Flushed 16.00 / 16.00 MB to storage
[INFO] PDC_SERVER[0]: Region flush iteration took 0.017379 s
[INFO] PDC_SERVER[0]: Starting flush for obj_id 2000000000, ndim=3
[13:04:59.768750] [WARNING] [pdc_server_region_cache.c:823] PDC_SERVER[0]: Region mapping lookup took 0.000001 s
[13:04:59.768755] [WARNING] [pdc_server_region_cache.c:828] PDC_SERVER[0]: No region mapping found for obj_id 2000000000
[13:04:59.786163] [WARNING] [pdc_server_region_cache.c:834] PDC_SERVER[0]: Flushed region via POSIX I/O in 0.017400 s
[13:04:59.786174] [WARNING] [pdc_server_region_cache.c:850] PDC_SERVER[0]: [2026-10-07 13:04:59.786170] Flushed 16.00 / 16.00 MB to storage
[INFO] PDC_SERVER[0]: Region flush iteration took 0.017432 s
[INFO] PDC_SERVER[0]: Starting flush for obj_id 2000000000, ndim=3
[13:04:59.787596] [WARNING] [pdc_server_region_cache.c:823] PDC_SERVER[0]: Region mapping lookup took 0.000000 s
[13:04:59.787602] [WARNING] [pdc_server_region_cache.c:828] PDC_SERVER[0]: No region mapping found for obj_id 2000000000
[13:04:59.804813] [WARNING] [pdc_server_region_cache.c:834] PDC_SERVER[0]: Flushed region via POSIX I/O in 0.017203 s
[13:04:59.804823] [WARNING] [pdc_server_region_cache.c:850] PDC_SERVER[0]: [2026-10-07 13:04:59.804820] Flushed 16.00 / 16.00 MB to storage
[INFO] PDC_SERVER[0]: Region flush iteration took 0.017235 s
[INFO] PDC_SERVER[0]: Starting flush for obj_id 2000000000, ndim=3
[13:04:59.806559] [WARNING] [pdc_server_region_cache.c:823] PDC_SERVER[0]: Region mapping lookup took 0.000000 s
[13:04:59.806564] [WARNING] [pdc_server_region_cache.c:828] PDC_SERVER[0]: No region mapping found for obj_id 2000000000
[13:04:59.823457] [WARNING] [pdc_server_region_cache.c:834] PDC_SERVER[0]: Flushed region via POSIX I/O in 0.016887 s
[13:04:59.823465] [WARNING] [pdc_server_region_cache.c:850] PDC_SERVER[0]: [2026-10-07 13:04:59.823462] Flushed 16.00 / 16.00 MB to storage
[INFO] PDC_SERVER[0]: Region flush iteration took 0.016913 s
[INFO] PDC_SERVER[0]: Starting flush for obj_id 2000000000, ndim=3
[13:04:59.824444] [WARNING] [pdc_server_region_cache.c:823] PDC_SERVER[0]: Region mapping lookup took 0.000000 s
[13:04:59.824449] [WARNING] [pdc_server_region_cache.c:828] PDC_SERVER[0]: No region mapping found for obj_id 2000000000
[13:04:59.841457] [WARNING] [pdc_server_region_cache.c:834] PDC_SERVER[0]: Flushed region via POSIX I/O in 0.017002 s
[13:04:59.841467] [WARNING] [pdc_server_region_cache.c:850] PDC_SERVER[0]: [2026-10-07 13:04:59.841464] Flushed 16.00 / 16.00 MB to storage
[INFO] PDC_SERVER[0]: Region flush iteration took 0.017029 s
[INFO] PDC_SERVER[0]: Starting flush for obj_id 2000000000, ndim=3
[13:04:59.842388] [WARNING] [pdc_server_region_cache.c:823] PDC_SERVER[0]: Region mapping lookup took 0.000001 s
[13:04:59.842392] [WARNING] [pdc_server_region_cache.c:828] PDC_SERVER[0]: No region mapping found for obj_id 2000000000
[13:04:59.860227] [WARNING] [pdc_server_region_cache.c:834] PDC_SERVER[0]: Flushed region via POSIX I/O in 0.017828 s
[13:04:59.860237] [WARNING] [pdc_server_region_cache.c:850] PDC_SERVER[0]: [2026-10-07 13:04:59.860234] Flushed 16.00 / 16.00 MB to storage
[INFO] PDC_SERVER[0]: Region flush iteration took 0.017855 s
[INFO] PDC_SERVER[0]: Starting flush for obj_id 2000000000, ndim=3
[13:04:59.861195] [WARNING] [pdc_server_region_cache.c:823] PDC_SERVER[0]: Region mapping lookup took 0.000001 s
[13:04:59.861199] [WARNING] [pdc_server_region_cache.c:828] PDC_SERVER[0]: No region mapping found for obj_id 2000000000
[13:04:59.878574] [WARNING] [pdc_server_region_cache.c:834] PDC_SERVER[0]: Flushed region via POSIX I/O in 0.017360 s
[13:04:59.878597] [WARNING] [pdc_server_region_cache.c:850] PDC_SERVER[0]: [2026-10-07 13:04:59.878592] Flushed 16.00 / 16.00 MB to storage
[INFO] PDC_SERVER[0]: Region flush iteration took 0.017412 s
[INFO] PDC_SERVER[0]: Starting flush for obj_id 2000000000, ndim=3
[13:04:59.881721] [WARNING] [pdc_server_region_cache.c:823] PDC_SERVER[0]: Region mapping lookup took 0.000001 s
[13:04:59.881728] [WARNING] [pdc_server_region_cache.c:828] PDC_SERVER[0]: No region mapping found for obj_id 2000000000
[13:04:59.902500] [WARNING] [pdc_server_region_cache.c:834] PDC_SERVER[0]: Flushed region via POSIX I/O in 0.020760 s
[13:04:59.902515] [WARNING] [pdc_server_region_cache.c:850] PDC_SERVER[0]: [2026-10-07 13:04:59.902511] Flushed 16.00 / 16.00 MB to storage
[INFO] PDC_SERVER[0]: Region flush iteration took 0.020804 s
[INFO] PDC_SERVER[0]: Starting flush for obj_id 1000000001, ndim=3
[13:04:59.924457] [WARNING] [pdc_server_region_cache.c:823] PDC_SERVER[0]: Region mapping lookup took 0.000000 s
[13:04:59.924464] [WARNING] [pdc_server_region_cache.c:828] PDC_SERVER[0]: No region mapping found for obj_id 1000000001
[13:04:59.946415] [WARNING] [pdc_server_region_cache.c:834] PDC_SERVER[0]: Flushed region via POSIX I/O in 0.021941 s
[13:04:59.946429] [WARNING] [pdc_server_region_cache.c:850] PDC_SERVER[0]: [2026-10-07 13:04:59.946426] Flushed 16.00 / 16.00 MB to storage
[INFO] PDC_SERVER[0]: Region flush iteration took 0.021979 s
[INFO] PDC_SERVER[0]: Starting flush for obj_id 1000000001, ndim=3
[13:04:59.969912] [WARNING] [pdc_server_region_cache.c:823] PDC_SERVER[0]: Region mapping lookup took 0.000001 s
[13:04:59.969922] [WARNING] [pdc_server_region_cache.c:828] PDC_SERVER[0]: No region mapping found for obj_id 1000000001
[13:04:59.987761] [WARNING] [pdc_server_region_cache.c:834] PDC_SERVER[0]: Flushed region via POSIX I/O in 0.017833 s
[13:04:59.987782] [WARNING] [pdc_server_region_cache.c:850] PDC_SERVER[0]: [2026-10-07 13:04:59.987780] Flushed 16.00 / 16.00 MB to storage
[INFO] PDC_SERVER[0]: Region flush iteration took 0.017880 s
[INFO] PDC_SERVER[0]: Starting flush for obj_id 1000000001, ndim=3
[13:04:59.989932] [WARNING] [pdc_server_region_cache.c:823] PDC_SERVER[0]: Region mapping lookup took 0.000000 s
[13:04:59.989937] [WARNING] [pdc_server_region_cache.c:828] PDC_SERVER[0]: No region mapping found for obj_id 1000000001
[13:05:00.008006] [WARNING] [pdc_server_region_cache.c:834] PDC_SERVER[0]: Flushed region via POSIX I/O in 0.018060 s
[13:05:00.008017] [WARNING] [pdc_server_region_cache.c:850] PDC_SERVER[0]: [2026-10-07 13:05:00.008013] Flushed 16.00 / 16.00 MB to storage
[INFO] PDC_SERVER[0]: Region flush iteration took 0.018092 s
[INFO] PDC_SERVER[0]: Starting flush for obj_id 1000000001, ndim=3
[13:05:00.010510] [WARNING] [pdc_server_region_cache.c:823] PDC_SERVER[0]: Region mapping lookup took 0.000001 s
[13:05:00.010516] [WARNING] [pdc_server_region_cache.c:828] PDC_SERVER[0]: No region mapping found for obj_id 1000000001
[13:05:00.027340] [WARNING] [pdc_server_region_cache.c:834] PDC_SERVER[0]: Flushed region via POSIX I/O in 0.016810 s
[13:05:00.027360] [WARNING] [pdc_server_region_cache.c:850] PDC_SERVER[0]: [2026-10-07 13:05:00.027356] Flushed 16.00 / 16.00 MB to storage
[INFO] PDC_SERVER[0]: Region flush iteration took 0.016858 s
[INFO] PDC_SERVER[0]: Starting flush for obj_id 1000000001, ndim=3
[13:05:00.029926] [WARNING] [pdc_server_region_cache.c:823] PDC_SERVER[0]: Region mapping lookup took 0.000001 s
[13:05:00.029932] [WARNING] [pdc_server_region_cache.c:828] PDC_SERVER[0]: No region mapping found for obj_id 1000000001
[13:05:00.046270] [WARNING] [pdc_server_region_cache.c:834] PDC_SERVER[0]: Flushed region via POSIX I/O in 0.016329 s
[13:05:00.046283] [WARNING] [pdc_server_region_cache.c:850] PDC_SERVER[0]: [2026-10-07 13:05:00.046279] Flushed 16.00 / 16.00 MB to storage
[INFO] PDC_SERVER[0]: Region flush iteration took 0.016365 s
[INFO] PDC_SERVER[0]: Starting flush for obj_id 1000000001, ndim=3
[13:05:00.049308] [WARNING] [pdc_server_region_cache.c:823] PDC_SERVER[0]: Region mapping lookup took 0.000001 s
[13:05:00.049316] [WARNING] [pdc_server_region_cache.c:828] PDC_SERVER[0]: No region mapping found for obj_id 1000000001
[13:05:00.065984] [WARNING] [pdc_server_region_cache.c:834] PDC_SERVER[0]: Flushed region via POSIX I/O in 0.016662 s
[13:05:00.066011] [WARNING] [pdc_server_region_cache.c:850] PDC_SERVER[0]: [2026-10-07 13:05:00.066008] Flushed 16.00 / 16.00 MB to storage
[INFO] PDC_SERVER[0]: Region flush iteration took 0.016713 s
[INFO] PDC_SERVER[0]: Starting flush for obj_id 1000000001, ndim=3
[13:05:00.068326] [WARNING] [pdc_server_region_cache.c:823] PDC_SERVER[0]: Region mapping lookup took 0.000001 s
[13:05:00.068335] [WARNING] [pdc_server_region_cache.c:828] PDC_SERVER[0]: No region mapping found for obj_id 1000000001
[13:05:00.089855] [WARNING] [pdc_server_region_cache.c:834] PDC_SERVER[0]: Flushed region via POSIX I/O in 0.021512 s
[13:05:00.089869] [WARNING] [pdc_server_region_cache.c:850] PDC_SERVER[0]: [2026-10-07 13:05:00.089864] Flushed 16.00 / 16.00 MB to storage
[INFO] PDC_SERVER[0]: Region flush iteration took 0.021552 s
[INFO] PDC_SERVER[0]: Starting flush for obj_id 1000000001, ndim=3
[13:05:00.091626] [WARNING] [pdc_server_region_cache.c:823] PDC_SERVER[0]: Region mapping lookup took 0.000000 s
[13:05:00.091633] [WARNING] [pdc_server_region_cache.c:828] PDC_SERVER[0]: No region mapping found for obj_id 1000000001
[13:05:00.113322] [WARNING] [pdc_server_region_cache.c:834] PDC_SERVER[0]: Flushed region via POSIX I/O in 0.021680 s
[13:05:00.113335] [WARNING] [pdc_server_region_cache.c:850] PDC_SERVER[0]: [2026-10-07 13:05:00.113331] Flushed 16.00 / 16.00 MB to storage
[INFO] PDC_SERVER[0]: Region flush iteration took 0.021718 s
[INFO] PDC_SERVER[0]: Starting flush for obj_id 1000000001, ndim=3
[13:05:00.117556] [WARNING] [pdc_server_region_cache.c:823] PDC_SERVER[0]: Region mapping lookup took 0.000000 s
[13:05:00.117561] [WARNING] [pdc_server_region_cache.c:828] PDC_SERVER[0]: No region mapping found for obj_id 1000000001
[13:05:00.138617] [WARNING] [pdc_server_region_cache.c:834] PDC_SERVER[0]: Flushed region via POSIX I/O in 0.021050 s
[13:05:00.138633] [WARNING] [pdc_server_region_cache.c:850] PDC_SERVER[0]: [2026-10-07 13:05:00.138630] Flushed 16.00 / 16.00 MB to storage
[INFO] PDC_SERVER[0]: Region flush iteration took 0.021085 s
[INFO] PDC_SERVER[0]: Starting flush for obj_id 1000000001, ndim=3
[13:05:00.139849] [WARNING] [pdc_server_region_cache.c:823] PDC_SERVER[0]: Region mapping lookup took 0.000001 s
[13:05:00.139854] [WARNING] [pdc_server_region_cache.c:828] PDC_SERVER[0]: No region mapping found for obj_id 1000000001
[13:05:00.161473] [WARNING] [pdc_server_region_cache.c:834] PDC_SERVER[0]: Flushed region via POSIX I/O in 0.021615 s
[13:05:00.161491] [WARNING] [pdc_server_region_cache.c:850] PDC_SERVER[0]: [2026-10-07 13:05:00.161488] Flushed 16.00 / 16.00 MB to storage
[INFO] PDC_SERVER[0]: Region flush iteration took 0.021650 s
[INFO] PDC_SERVER[0]: Starting flush for obj_id 1000000001, ndim=3
[13:05:00.162822] [WARNING] [pdc_server_region_cache.c:823] PDC_SERVER[0]: Region mapping lookup took 0.000001 s
[13:05:00.162829] [WARNING] [pdc_server_region_cache.c:828] PDC_SERVER[0]: No region mapping found for obj_id 1000000001
[13:05:00.184554] [WARNING] [pdc_server_region_cache.c:834] PDC_SERVER[0]: Flushed region via POSIX I/O in 0.021708 s
[13:05:00.184577] [WARNING] [pdc_server_region_cache.c:850] PDC_SERVER[0]: [2026-10-07 13:05:00.184572] Flushed 16.00 / 16.00 MB to storage
[INFO] PDC_SERVER[0]: Region flush iteration took 0.021764 s
[INFO] PDC_SERVER[0]: Starting flush for obj_id 1000000001, ndim=3
[13:05:00.186314] [WARNING] [pdc_server_region_cache.c:823] PDC_SERVER[0]: Region mapping lookup took 0.000000 s
[13:05:00.186320] [WARNING] [pdc_server_region_cache.c:828] PDC_SERVER[0]: No region mapping found for obj_id 1000000001
[13:05:00.208825] [WARNING] [pdc_server_region_cache.c:834] PDC_SERVER[0]: Flushed region via POSIX I/O in 0.022492 s
[13:05:00.208842] [WARNING] [pdc_server_region_cache.c:850] PDC_SERVER[0]: [2026-10-07 13:05:00.208838] Flushed 16.00 / 16.00 MB to storage
[INFO] PDC_SERVER[0]: Region flush iteration took 0.022538 s
[INFO] PDC_SERVER[0]: Starting flush for obj_id 1000000001, ndim=3
[13:05:00.210273] [WARNING] [pdc_server_region_cache.c:823] PDC_SERVER[0]: Region mapping lookup took 0.000001 s
[13:05:00.210280] [WARNING] [pdc_server_region_cache.c:828] PDC_SERVER[0]: No region mapping found for obj_id 1000000001
[13:05:00.227559] [WARNING] [pdc_server_region_cache.c:834] PDC_SERVER[0]: Flushed region via POSIX I/O in 0.017269 s
[13:05:00.227571] [WARNING] [pdc_server_region_cache.c:850] PDC_SERVER[0]: [2026-10-07 13:05:00.227567] Flushed 16.00 / 16.00 MB to storage
[INFO] PDC_SERVER[0]: Region flush iteration took 0.017306 s
[INFO] PDC_SERVER[0]: Starting flush for obj_id 1000000001, ndim=3
[13:05:00.229305] [WARNING] [pdc_server_region_cache.c:823] PDC_SERVER[0]: Region mapping lookup took 0.000001 s
[13:05:00.229310] [WARNING] [pdc_server_region_cache.c:828] PDC_SERVER[0]: No region mapping found for obj_id 1000000001
[13:05:00.247382] [WARNING] [pdc_server_region_cache.c:834] PDC_SERVER[0]: Flushed region via POSIX I/O in 0.018057 s
[13:05:00.247400] [WARNING] [pdc_server_region_cache.c:850] PDC_SERVER[0]: [2026-10-07 13:05:00.247397] Flushed 16.00 / 16.00 MB to storage
[INFO] PDC_SERVER[0]: Region flush iteration took 0.018104 s
[INFO] PDC_SERVER[0]: Starting flush for obj_id 1000000001, ndim=3
[13:05:00.255826] [WARNING] [pdc_server_region_cache.c:823] PDC_SERVER[0]: Region mapping lookup took 0.000000 s
[13:05:00.255831] [WARNING] [pdc_server_region_cache.c:828] PDC_SERVER[0]: No region mapping found for obj_id 1000000001
[13:05:00.272656] [WARNING] [pdc_server_region_cache.c:834] PDC_SERVER[0]: Flushed region via POSIX I/O in 0.016821 s
[13:05:00.272669] [WARNING] [pdc_server_region_cache.c:850] PDC_SERVER[0]: [2026-10-07 13:05:00.272667] Flushed 16.00 / 16.00 MB to storage
[INFO] PDC_SERVER[0]: Region flush iteration took 0.016849 s
[INFO] PDC_SERVER[0]: Starting flush for obj_id 1000000001, ndim=3
[13:05:00.273735] [WARNING] [pdc_server_region_cache.c:823] PDC_SERVER[0]: Region mapping lookup took 0.000000 s
[13:05:00.273738] [WARNING] [pdc_server_region_cache.c:828] PDC_SERVER[0]: No region mapping found for obj_id 1000000001
[13:05:00.291239] [WARNING] [pdc_server_region_cache.c:834] PDC_SERVER[0]: Flushed region via POSIX I/O in 0.017497 s
[13:05:00.291251] [WARNING] [pdc_server_region_cache.c:850] PDC_SERVER[0]: [2026-10-07 13:05:00.291249] Flushed 16.00 / 16.00 MB to storage
[INFO] PDC_SERVER[0]: Region flush iteration took 0.017521 s
[INFO] PDC_SERVER[0]: Starting flush for obj_id 2000000001, ndim=3
[13:05:00.301297] [WARNING] [pdc_server_region_cache.c:823] PDC_SERVER[0]: Region mapping lookup took 0.000000 s
[13:05:00.301302] [WARNING] [pdc_server_region_cache.c:828] PDC_SERVER[0]: No region mapping found for obj_id 2000000001
[13:05:00.594444] [WARNING] [pdc_tf_server.c:393] PDC_SERVER[1]: SCHED: setting CUDA device to 0 for edge 0 func=zfp_compress
[INFO] PDC_SERVER[0]: Executing graph with json filepath /pscratch/sd/n/nlewi26/src/work_space/source/pdc/tf_client/graphs/zfp_gpu.json
[13:05:00.598283] [WARNING] [pdc_tf_server.c:393] PDC_SERVER[0]: SCHED: setting CUDA device to 0 for edge 0 func=zfp_compress
[13:05:00.927189] [WARNING] [pdc_tf_server.c:401] PDC_SERVER[1]: SCHED: executing edge 0 func=zfp_compress dev=GPU
[13:05:00.929592] [WARNING] [pdc_tf_server.c:401] PDC_SERVER[0]: SCHED: executing edge 0 func=zfp_compress dev=GPU
[13:05:02.840028] [WARNING] [pdc_tf_server.c:475] PDC_SERVER[1]: SCHED: done running transformations
[13:05:02.906186] [WARNING] [pdc_tf_server.c:475] PDC_SERVER[0]: SCHED: done running transformations
[13:05:02.941562] [WARNING] [pdc_server_region_cache.c:834] PDC_SERVER[0]: Flushed region via POSIX I/O in 2.640254 s
[13:05:02.941585] [WARNING] [pdc_server_region_cache.c:850] PDC_SERVER[0]: [2026-10-07 13:05:02.941582] Flushed 16.00 / 16.00 MB to storage
[INFO] PDC_SERVER[0]: Region flush iteration took 2.640295 s
[INFO] PDC_SERVER[0]: Starting flush for obj_id 2000000001, ndim=3
[13:05:02.955775] [WARNING] [pdc_server_region_cache.c:823] PDC_SERVER[0]: Region mapping lookup took 0.000000 s
[13:05:02.955780] [WARNING] [pdc_server_region_cache.c:828] PDC_SERVER[0]: No region mapping found for obj_id 2000000001
[13:05:03.154043] [WARNING] [pdc_tf_server.c:393] PDC_SERVER[1]: SCHED: setting CUDA device to 0 for edge 0 func=zfp_compress
[13:05:03.154083] [WARNING] [pdc_tf_server.c:401] PDC_SERVER[1]: SCHED: executing edge 0 func=zfp_compress dev=GPU
[13:05:03.165169] [WARNING] [pdc_tf_server.c:475] PDC_SERVER[1]: SCHED: done running transformations
[INFO] PDC_SERVER[0]: Executing graph with json filepath /pscratch/sd/n/nlewi26/src/work_space/source/pdc/tf_client/graphs/zfp_gpu.json
[13:05:03.235600] [WARNING] [pdc_tf_server.c:393] PDC_SERVER[0]: SCHED: setting CUDA device to 0 for edge 0 func=zfp_compress
[13:05:03.235616] [WARNING] [pdc_tf_server.c:401] PDC_SERVER[0]: SCHED: executing edge 0 func=zfp_compress dev=GPU
[13:05:03.247130] [WARNING] [pdc_tf_server.c:475] PDC_SERVER[0]: SCHED: done running transformations
[13:05:03.282455] [WARNING] [pdc_server_region_cache.c:834] PDC_SERVER[0]: Flushed region via POSIX I/O in 0.326661 s
[13:05:03.282474] [WARNING] [pdc_server_region_cache.c:850] PDC_SERVER[0]: [2026-10-07 13:05:03.282470] Flushed 16.00 / 16.00 MB to storage
[INFO] PDC_SERVER[0]: Region flush iteration took 0.326707 s
[INFO] PDC_SERVER[0]: Starting flush for obj_id 2000000001, ndim=3
[13:05:03.284379] [WARNING] [pdc_server_region_cache.c:823] PDC_SERVER[0]: Region mapping lookup took 0.000001 s
[13:05:03.284385] [WARNING] [pdc_server_region_cache.c:828] PDC_SERVER[0]: No region mapping found for obj_id 2000000001
[13:05:03.470635] [WARNING] [pdc_tf_server.c:393] PDC_SERVER[1]: SCHED: setting CUDA device to 0 for edge 0 func=zfp_compress
[13:05:03.470661] [WARNING] [pdc_tf_server.c:401] PDC_SERVER[1]: SCHED: executing edge 0 func=zfp_compress dev=GPU
[13:05:03.491848] [WARNING] [pdc_tf_server.c:475] PDC_SERVER[1]: SCHED: done running transformations
[INFO] PDC_SERVER[0]: Executing graph with json filepath /pscratch/sd/n/nlewi26/src/work_space/source/pdc/tf_client/graphs/zfp_gpu.json
[13:05:03.559329] [WARNING] [pdc_tf_server.c:393] PDC_SERVER[0]: SCHED: setting CUDA device to 0 for edge 0 func=zfp_compress
[13:05:03.559347] [WARNING] [pdc_tf_server.c:401] PDC_SERVER[0]: SCHED: executing edge 0 func=zfp_compress dev=GPU
[13:05:03.571054] [WARNING] [pdc_tf_server.c:475] PDC_SERVER[0]: SCHED: done running transformations
[13:05:03.607045] [WARNING] [pdc_server_region_cache.c:834] PDC_SERVER[0]: Flushed region via POSIX I/O in 0.322646 s
[13:05:03.607065] [WARNING] [pdc_server_region_cache.c:850] PDC_SERVER[0]: [2026-10-07 13:05:03.607061] Flushed 16.00 / 16.00 MB to storage
[INFO] PDC_SERVER[0]: Region flush iteration took 0.322695 s
[INFO] PDC_SERVER[0]: Starting flush for obj_id 2000000001, ndim=3
[13:05:03.608901] [WARNING] [pdc_server_region_cache.c:823] PDC_SERVER[0]: Region mapping lookup took 0.000001 s
[13:05:03.608908] [WARNING] [pdc_server_region_cache.c:828] PDC_SERVER[0]: No region mapping found for obj_id 2000000001
[13:05:03.793020] [WARNING] [pdc_tf_server.c:393] PDC_SERVER[1]: SCHED: setting CUDA device to 0 for edge 0 func=zfp_compress
[13:05:03.793072] [WARNING] [pdc_tf_server.c:401] PDC_SERVER[1]: SCHED: executing edge 0 func=zfp_compress dev=GPU
[13:05:03.803614] [WARNING] [pdc_tf_server.c:475] PDC_SERVER[1]: SCHED: done running transformations
[INFO] PDC_SERVER[0]: Executing graph with json filepath /pscratch/sd/n/nlewi26/src/work_space/source/pdc/tf_client/graphs/zfp_gpu.json
[13:05:03.881396] [WARNING] [pdc_tf_server.c:393] PDC_SERVER[0]: SCHED: setting CUDA device to 0 for edge 0 func=zfp_compress
[13:05:03.881412] [WARNING] [pdc_tf_server.c:401] PDC_SERVER[0]: SCHED: executing edge 0 func=zfp_compress dev=GPU
[13:05:03.900921] [WARNING] [pdc_tf_server.c:475] PDC_SERVER[0]: SCHED: done running transformations
[13:05:03.936152] [WARNING] [pdc_server_region_cache.c:834] PDC_SERVER[0]: Flushed region via POSIX I/O in 0.327231 s
[13:05:03.936171] [WARNING] [pdc_server_region_cache.c:850] PDC_SERVER[0]: [2026-10-07 13:05:03.936167] Flushed 16.00 / 16.00 MB to storage
[INFO] PDC_SERVER[0]: Region flush iteration took 0.327279 s
[INFO] PDC_SERVER[0]: Starting flush for obj_id 2000000001, ndim=3
[13:05:03.942298] [WARNING] [pdc_server_region_cache.c:823] PDC_SERVER[0]: Region mapping lookup took 0.000000 s
[13:05:03.942303] [WARNING] [pdc_server_region_cache.c:828] PDC_SERVER[0]: No region mapping found for obj_id 2000000001
[13:05:04.104164] [WARNING] [pdc_tf_server.c:393] PDC_SERVER[1]: SCHED: setting CUDA device to 0 for edge 0 func=zfp_compress
[13:05:04.104189] [WARNING] [pdc_tf_server.c:401] PDC_SERVER[1]: SCHED: executing edge 0 func=zfp_compress dev=GPU
[13:05:04.115018] [WARNING] [pdc_tf_server.c:475] PDC_SERVER[1]: SCHED: done running transformations
[INFO] PDC_SERVER[0]: Executing graph with json filepath /pscratch/sd/n/nlewi26/src/work_space/source/pdc/tf_client/graphs/zfp_gpu.json
[13:05:04.218964] [WARNING] [pdc_tf_server.c:393] PDC_SERVER[0]: SCHED: setting CUDA device to 0 for edge 0 func=zfp_compress
[13:05:04.219003] [WARNING] [pdc_tf_server.c:401] PDC_SERVER[0]: SCHED: executing edge 0 func=zfp_compress dev=GPU
[13:05:04.229368] [WARNING] [pdc_tf_server.c:475] PDC_SERVER[0]: SCHED: done running transformations
[13:05:04.264840] [WARNING] [pdc_server_region_cache.c:834] PDC_SERVER[0]: Flushed region via POSIX I/O in 0.322520 s
[13:05:04.264856] [WARNING] [pdc_server_region_cache.c:850] PDC_SERVER[0]: [2026-10-07 13:05:04.264853] Flushed 16.00 / 16.00 MB to storage
[INFO] PDC_SERVER[0]: Region flush iteration took 0.322569 s
[INFO] PDC_SERVER[0]: Starting flush for obj_id 2000000001, ndim=3
[13:05:04.266742] [WARNING] [pdc_server_region_cache.c:823] PDC_SERVER[0]: Region mapping lookup took 0.000000 s
[13:05:04.266747] [WARNING] [pdc_server_region_cache.c:828] PDC_SERVER[0]: No region mapping found for obj_id 2000000001
[13:05:04.413028] [WARNING] [pdc_tf_server.c:393] PDC_SERVER[1]: SCHED: setting CUDA device to 0 for edge 0 func=zfp_compress
[13:05:04.413052] [WARNING] [pdc_tf_server.c:401] PDC_SERVER[1]: SCHED: executing edge 0 func=zfp_compress dev=GPU
[13:05:04.431167] [WARNING] [pdc_tf_server.c:475] PDC_SERVER[1]: SCHED: done running transformations
[INFO] PDC_SERVER[0]: Executing graph with json filepath /pscratch/sd/n/nlewi26/src/work_space/source/pdc/tf_client/graphs/zfp_gpu.json
[13:05:04.566564] [WARNING] [pdc_tf_server.c:393] PDC_SERVER[0]: SCHED: setting CUDA device to 0 for edge 0 func=zfp_compress
[13:05:04.566579] [WARNING] [pdc_tf_server.c:401] PDC_SERVER[0]: SCHED: executing edge 0 func=zfp_compress dev=GPU
[13:05:04.577201] [WARNING] [pdc_tf_server.c:475] PDC_SERVER[0]: SCHED: done running transformations
[13:05:04.612779] [WARNING] [pdc_server_region_cache.c:834] PDC_SERVER[0]: Flushed region via POSIX I/O in 0.346019 s
[13:05:04.612802] [WARNING] [pdc_server_region_cache.c:850] PDC_SERVER[0]: [2026-10-07 13:05:04.612798] Flushed 16.00 / 16.00 MB to storage
[INFO] PDC_SERVER[0]: Region flush iteration took 0.346067 s
[INFO] PDC_SERVER[0]: Starting flush for obj_id 2000000001, ndim=3
[13:05:04.614219] [WARNING] [pdc_server_region_cache.c:823] PDC_SERVER[0]: Region mapping lookup took 0.000001 s
[13:05:04.614224] [WARNING] [pdc_server_region_cache.c:828] PDC_SERVER[0]: No region mapping found for obj_id 2000000001
[13:05:04.747929] [WARNING] [pdc_tf_server.c:393] PDC_SERVER[1]: SCHED: setting CUDA device to 0 for edge 0 func=zfp_compress
[13:05:04.747995] [WARNING] [pdc_tf_server.c:401] PDC_SERVER[1]: SCHED: executing edge 0 func=zfp_compress dev=GPU
[13:05:04.761282] [WARNING] [pdc_tf_server.c:475] PDC_SERVER[1]: SCHED: done running transformations
[INFO] PDC_SERVER[0]: Executing graph with json filepath /pscratch/sd/n/nlewi26/src/work_space/source/pdc/tf_client/graphs/zfp_gpu.json
[13:05:04.888030] [WARNING] [pdc_tf_server.c:393] PDC_SERVER[0]: SCHED: setting CUDA device to 0 for edge 0 func=zfp_compress
[13:05:04.888068] [WARNING] [pdc_tf_server.c:401] PDC_SERVER[0]: SCHED: executing edge 0 func=zfp_compress dev=GPU
[13:05:04.898479] [WARNING] [pdc_tf_server.c:475] PDC_SERVER[0]: SCHED: done running transformations
[13:05:04.935888] [WARNING] [pdc_server_region_cache.c:834] PDC_SERVER[0]: Flushed region via POSIX I/O in 0.321652 s
[13:05:04.935902] [WARNING] [pdc_server_region_cache.c:850] PDC_SERVER[0]: [2026-10-07 13:05:04.935898] Flushed 16.00 / 16.00 MB to storage
[INFO] PDC_SERVER[0]: Region flush iteration took 0.321696 s
[INFO] PDC_SERVER[0]: Starting flush for obj_id 2000000001, ndim=3
[13:05:04.937514] [WARNING] [pdc_server_region_cache.c:823] PDC_SERVER[0]: Region mapping lookup took 0.000001 s
[13:05:04.937519] [WARNING] [pdc_server_region_cache.c:828] PDC_SERVER[0]: No region mapping found for obj_id 2000000001
[13:05:05.059637] [WARNING] [pdc_tf_server.c:393] PDC_SERVER[1]: SCHED: setting CUDA device to 0 for edge 0 func=zfp_compress
[13:05:05.059664] [WARNING] [pdc_tf_server.c:401] PDC_SERVER[1]: SCHED: executing edge 0 func=zfp_compress dev=GPU
[13:05:05.069657] [WARNING] [pdc_tf_server.c:475] PDC_SERVER[1]: SCHED: done running transformations
[INFO] PDC_SERVER[0]: Executing graph with json filepath /pscratch/sd/n/nlewi26/src/work_space/source/pdc/tf_client/graphs/zfp_gpu.json
[13:05:05.214300] [WARNING] [pdc_tf_server.c:393] PDC_SERVER[0]: SCHED: setting CUDA device to 0 for edge 0 func=zfp_compress
[13:05:05.214315] [WARNING] [pdc_tf_server.c:401] PDC_SERVER[0]: SCHED: executing edge 0 func=zfp_compress dev=GPU
[13:05:05.232580] [WARNING] [pdc_tf_server.c:475] PDC_SERVER[0]: SCHED: done running transformations
[13:05:05.270253] [WARNING] [pdc_server_region_cache.c:834] PDC_SERVER[0]: Flushed region via POSIX I/O in 0.332720 s
[13:05:05.270278] [WARNING] [pdc_server_region_cache.c:850] PDC_SERVER[0]: [2026-10-07 13:05:05.270274] Flushed 16.00 / 16.00 MB to storage
[INFO] PDC_SERVER[0]: Region flush iteration took 0.332776 s
[INFO] PDC_SERVER[0]: Starting flush for obj_id 2000000001, ndim=3
[13:05:05.272006] [WARNING] [pdc_server_region_cache.c:823] PDC_SERVER[0]: Region mapping lookup took 0.000001 s
[13:05:05.272014] [WARNING] [pdc_server_region_cache.c:828] PDC_SERVER[0]: No region mapping found for obj_id 2000000001
[13:05:05.364524] [WARNING] [pdc_tf_server.c:393] PDC_SERVER[1]: SCHED: setting CUDA device to 0 for edge 0 func=zfp_compress
[13:05:05.364551] [WARNING] [pdc_tf_server.c:401] PDC_SERVER[1]: SCHED: executing edge 0 func=zfp_compress dev=GPU
[13:05:05.374547] [WARNING] [pdc_tf_server.c:475] PDC_SERVER[1]: SCHED: done running transformations
[INFO] PDC_SERVER[0]: Executing graph with json filepath /pscratch/sd/n/nlewi26/src/work_space/source/pdc/tf_client/graphs/zfp_gpu.json
[13:05:05.553836] [WARNING] [pdc_tf_server.c:393] PDC_SERVER[0]: SCHED: setting CUDA device to 0 for edge 0 func=zfp_compress
[13:05:05.553850] [WARNING] [pdc_tf_server.c:401] PDC_SERVER[0]: SCHED: executing edge 0 func=zfp_compress dev=GPU
[13:05:05.564713] [WARNING] [pdc_tf_server.c:475] PDC_SERVER[0]: SCHED: done running transformations
[13:05:05.599683] [WARNING] [pdc_server_region_cache.c:834] PDC_SERVER[0]: Flushed region via POSIX I/O in 0.327656 s
[13:05:05.599700] [WARNING] [pdc_server_region_cache.c:850] PDC_SERVER[0]: [2026-10-07 13:05:05.599697] Flushed 16.00 / 16.00 MB to storage
[INFO] PDC_SERVER[0]: Region flush iteration took 0.327703 s
[INFO] PDC_SERVER[0]: Starting flush for obj_id 2000000001, ndim=3
[13:05:05.601457] [WARNING] [pdc_server_region_cache.c:823] PDC_SERVER[0]: Region mapping lookup took 0.000001 s
[13:05:05.601462] [WARNING] [pdc_server_region_cache.c:828] PDC_SERVER[0]: No region mapping found for obj_id 2000000001
[13:05:05.679690] [WARNING] [pdc_tf_server.c:393] PDC_SERVER[1]: SCHED: setting CUDA device to 0 for edge 0 func=zfp_compress
[13:05:05.679745] [WARNING] [pdc_tf_server.c:401] PDC_SERVER[1]: SCHED: executing edge 0 func=zfp_compress dev=GPU
[13:05:05.699900] [WARNING] [pdc_tf_server.c:475] PDC_SERVER[1]: SCHED: done running transformations
[INFO] PDC_SERVER[0]: Executing graph with json filepath /pscratch/sd/n/nlewi26/src/work_space/source/pdc/tf_client/graphs/zfp_gpu.json
[13:05:05.875843] [WARNING] [pdc_tf_server.c:393] PDC_SERVER[0]: SCHED: setting CUDA device to 0 for edge 0 func=zfp_compress
[13:05:05.875858] [WARNING] [pdc_tf_server.c:401] PDC_SERVER[0]: SCHED: executing edge 0 func=zfp_compress dev=GPU
[13:05:05.886817] [WARNING] [pdc_tf_server.c:475] PDC_SERVER[0]: SCHED: done running transformations
[13:05:05.921649] [WARNING] [pdc_server_region_cache.c:834] PDC_SERVER[0]: Flushed region via POSIX I/O in 0.320166 s
[13:05:05.921669] [WARNING] [pdc_server_region_cache.c:850] PDC_SERVER[0]: [2026-10-07 13:05:05.921666] Flushed 16.00 / 16.00 MB to storage
[INFO] PDC_SERVER[0]: Region flush iteration took 0.320223 s
[INFO] PDC_SERVER[0]: Starting flush for obj_id 2000000001, ndim=3
[13:05:05.923857] [WARNING] [pdc_server_region_cache.c:823] PDC_SERVER[0]: Region mapping lookup took 0.000002 s
[13:05:05.923862] [WARNING] [pdc_server_region_cache.c:828] PDC_SERVER[0]: No region mapping found for obj_id 2000000001
[13:05:05.993620] [WARNING] [pdc_tf_server.c:393] PDC_SERVER[1]: SCHED: setting CUDA device to 0 for edge 0 func=zfp_compress
[13:05:05.993678] [WARNING] [pdc_tf_server.c:401] PDC_SERVER[1]: SCHED: executing edge 0 func=zfp_compress dev=GPU
[13:05:06.004788] [WARNING] [pdc_tf_server.c:475] PDC_SERVER[1]: SCHED: done running transformations
[INFO] PDC_SERVER[0]: Executing graph with json filepath /pscratch/sd/n/nlewi26/src/work_space/source/pdc/tf_client/graphs/zfp_gpu.json
[13:05:06.195765] [WARNING] [pdc_tf_server.c:393] PDC_SERVER[0]: SCHED: setting CUDA device to 0 for edge 0 func=zfp_compress
[13:05:06.195809] [WARNING] [pdc_tf_server.c:401] PDC_SERVER[0]: SCHED: executing edge 0 func=zfp_compress dev=GPU
[13:05:06.205997] [WARNING] [pdc_tf_server.c:475] PDC_SERVER[0]: SCHED: done running transformations
[13:05:06.241312] [WARNING] [pdc_server_region_cache.c:834] PDC_SERVER[0]: Flushed region via POSIX I/O in 0.317431 s
[13:05:06.241329] [WARNING] [pdc_server_region_cache.c:850] PDC_SERVER[0]: [2026-10-07 13:05:06.241326] Flushed 16.00 / 16.00 MB to storage
[INFO] PDC_SERVER[0]: Region flush iteration took 0.317482 s
[INFO] PDC_SERVER[0]: Starting flush for obj_id 2000000001, ndim=3
[13:05:06.243206] [WARNING] [pdc_server_region_cache.c:823] PDC_SERVER[0]: Region mapping lookup took 0.000001 s
[13:05:06.243211] [WARNING] [pdc_server_region_cache.c:828] PDC_SERVER[0]: No region mapping found for obj_id 2000000001
[13:05:06.301683] [WARNING] [pdc_tf_server.c:393] PDC_SERVER[1]: SCHED: setting CUDA device to 0 for edge 0 func=zfp_compress
[13:05:06.301709] [WARNING] [pdc_tf_server.c:401] PDC_SERVER[1]: SCHED: executing edge 0 func=zfp_compress dev=GPU
[13:05:06.312337] [WARNING] [pdc_tf_server.c:475] PDC_SERVER[1]: SCHED: done running transformations
[INFO] PDC_SERVER[0]: Executing graph with json filepath /pscratch/sd/n/nlewi26/src/work_space/source/pdc/tf_client/graphs/zfp_gpu.json
[13:05:06.521958] [WARNING] [pdc_tf_server.c:393] PDC_SERVER[0]: SCHED: setting CUDA device to 0 for edge 0 func=zfp_compress
[13:05:06.521973] [WARNING] [pdc_tf_server.c:401] PDC_SERVER[0]: SCHED: executing edge 0 func=zfp_compress dev=GPU
[13:05:06.542871] [WARNING] [pdc_tf_server.c:475] PDC_SERVER[0]: SCHED: done running transformations
[13:05:06.577804] [WARNING] [pdc_server_region_cache.c:834] PDC_SERVER[0]: Flushed region via POSIX I/O in 0.334577 s
[13:05:06.577836] [WARNING] [pdc_server_region_cache.c:850] PDC_SERVER[0]: [2026-10-07 13:05:06.577832] Flushed 16.00 / 16.00 MB to storage
[INFO] PDC_SERVER[0]: Region flush iteration took 0.334641 s
[INFO] PDC_SERVER[0]: Starting flush for obj_id 2000000001, ndim=3
[13:05:06.579671] [WARNING] [pdc_server_region_cache.c:823] PDC_SERVER[0]: Region mapping lookup took 0.000001 s
[13:05:06.579676] [WARNING] [pdc_server_region_cache.c:828] PDC_SERVER[0]: No region mapping found for obj_id 2000000001
[13:05:06.608852] [WARNING] [pdc_tf_server.c:393] PDC_SERVER[1]: SCHED: setting CUDA device to 0 for edge 0 func=zfp_compress
[13:05:06.608907] [WARNING] [pdc_tf_server.c:401] PDC_SERVER[1]: SCHED: executing edge 0 func=zfp_compress dev=GPU
[13:05:06.629778] [WARNING] [pdc_tf_server.c:475] PDC_SERVER[1]: SCHED: done running transformations
[INFO] PDC_SERVER[0]: Executing graph with json filepath /pscratch/sd/n/nlewi26/src/work_space/source/pdc/tf_client/graphs/zfp_gpu.json
[13:05:06.858007] [WARNING] [pdc_tf_server.c:393] PDC_SERVER[0]: SCHED: setting CUDA device to 0 for edge 0 func=zfp_compress
[13:05:06.858022] [WARNING] [pdc_tf_server.c:401] PDC_SERVER[0]: SCHED: executing edge 0 func=zfp_compress dev=GPU
[13:05:06.868700] [WARNING] [pdc_tf_server.c:475] PDC_SERVER[0]: SCHED: done running transformations
[13:05:06.904529] [WARNING] [pdc_server_region_cache.c:834] PDC_SERVER[0]: Flushed region via POSIX I/O in 0.324833 s
[13:05:06.904548] [WARNING] [pdc_server_region_cache.c:850] PDC_SERVER[0]: [2026-10-07 13:05:06.904545] Flushed 16.00 / 16.00 MB to storage
[INFO] PDC_SERVER[0]: Region flush iteration took 0.324887 s
[INFO] PDC_SERVER[0]: Starting flush for obj_id 2000000001, ndim=3
[13:05:06.906459] [WARNING] [pdc_server_region_cache.c:823] PDC_SERVER[0]: Region mapping lookup took 0.000001 s
[13:05:06.906464] [WARNING] [pdc_server_region_cache.c:828] PDC_SERVER[0]: No region mapping found for obj_id 2000000001
[13:05:06.921507] [WARNING] [pdc_tf_server.c:393] PDC_SERVER[1]: SCHED: setting CUDA device to 0 for edge 0 func=zfp_compress
[13:05:06.921529] [WARNING] [pdc_tf_server.c:401] PDC_SERVER[1]: SCHED: executing edge 0 func=zfp_compress dev=GPU
[13:05:06.933166] [WARNING] [pdc_tf_server.c:475] PDC_SERVER[1]: SCHED: done running transformations
[INFO] PDC_SERVER[0]: Executing graph with json filepath /pscratch/sd/n/nlewi26/src/work_space/source/pdc/tf_client/graphs/zfp_gpu.json
[13:05:07.179549] [WARNING] [pdc_tf_server.c:393] PDC_SERVER[0]: SCHED: setting CUDA device to 0 for edge 0 func=zfp_compress
[13:05:07.179591] [WARNING] [pdc_tf_server.c:401] PDC_SERVER[0]: SCHED: executing edge 0 func=zfp_compress dev=GPU
[13:05:07.191414] [WARNING] [pdc_tf_server.c:475] PDC_SERVER[0]: SCHED: done running transformations
[13:05:07.226547] [WARNING] [pdc_server_region_cache.c:834] PDC_SERVER[0]: Flushed region via POSIX I/O in 0.320067 s
[13:05:07.226570] [WARNING] [pdc_server_region_cache.c:850] PDC_SERVER[0]: [2026-10-07 13:05:07.226565] Flushed 16.00 / 16.00 MB to storage
[INFO] PDC_SERVER[0]: Region flush iteration took 0.320126 s
[INFO] PDC_SERVER[0]: Starting flush for obj_id 2000000001, ndim=3
[13:05:07.228703] [WARNING] [pdc_server_region_cache.c:823] PDC_SERVER[0]: Region mapping lookup took 0.000001 s
[13:05:07.228711] [WARNING] [pdc_server_region_cache.c:828] PDC_SERVER[0]: No region mapping found for obj_id 2000000001
[13:05:07.229522] [WARNING] [pdc_tf_server.c:393] PDC_SERVER[1]: SCHED: setting CUDA device to 0 for edge 0 func=zfp_compress
[13:05:07.229564] [WARNING] [pdc_tf_server.c:401] PDC_SERVER[1]: SCHED: executing edge 0 func=zfp_compress dev=GPU
[13:05:07.239968] [WARNING] [pdc_tf_server.c:475] PDC_SERVER[1]: SCHED: done running transformations
[INFO] PDC_SERVER[0]: Executing graph with json filepath /pscratch/sd/n/nlewi26/src/work_space/source/pdc/tf_client/graphs/zfp_gpu.json
[13:05:07.502135] [WARNING] [pdc_tf_server.c:393] PDC_SERVER[0]: SCHED: setting CUDA device to 0 for edge 0 func=zfp_compress
[13:05:07.502152] [WARNING] [pdc_tf_server.c:401] PDC_SERVER[0]: SCHED: executing edge 0 func=zfp_compress dev=GPU
[13:05:07.517420] [WARNING] [pdc_tf_server.c:475] PDC_SERVER[0]: SCHED: done running transformations
[13:05:07.540966] [WARNING] [pdc_tf_server.c:393] PDC_SERVER[1]: SCHED: setting CUDA device to 0 for edge 0 func=zfp_compress
[13:05:07.540991] [WARNING] [pdc_tf_server.c:401] PDC_SERVER[1]: SCHED: executing edge 0 func=zfp_compress dev=GPU
[13:05:07.553455] [WARNING] [pdc_server_region_cache.c:834] PDC_SERVER[0]: Flushed region via POSIX I/O in 0.324733 s
[13:05:07.553469] [WARNING] [pdc_server_region_cache.c:850] PDC_SERVER[0]: [2026-10-07 13:05:07.553465] Flushed 16.00 / 16.00 MB to storage
[INFO] PDC_SERVER[0]: Region flush iteration took 0.324776 s
[INFO] PDC_SERVER[0]: Starting flush for obj_id 2000000001, ndim=3
[13:05:07.554918] [WARNING] [pdc_server_region_cache.c:823] PDC_SERVER[0]: Region mapping lookup took 0.000000 s
[13:05:07.554923] [WARNING] [pdc_server_region_cache.c:828] PDC_SERVER[0]: No region mapping found for obj_id 2000000001
[13:05:07.555509] [WARNING] [pdc_tf_server.c:475] PDC_SERVER[1]: SCHED: done running transformations
[INFO] PDC_SERVER[0]: Executing graph with json filepath /pscratch/sd/n/nlewi26/src/work_space/source/pdc/tf_client/graphs/zfp_gpu.json
[13:05:07.817250] [WARNING] [pdc_tf_server.c:393] PDC_SERVER[0]: SCHED: setting CUDA device to 0 for edge 0 func=zfp_compress
[13:05:07.817264] [WARNING] [pdc_tf_server.c:401] PDC_SERVER[0]: SCHED: executing edge 0 func=zfp_compress dev=GPU
[13:05:07.826523] [WARNING] [pdc_tf_server.c:475] PDC_SERVER[0]: SCHED: done running transformations
[13:05:07.861885] [WARNING] [pdc_server_region_cache.c:834] PDC_SERVER[0]: Flushed region via POSIX I/O in 0.306948 s
[13:05:07.861904] [WARNING] [pdc_server_region_cache.c:850] PDC_SERVER[0]: [2026-10-07 13:05:07.861901] Flushed 16.00 / 16.00 MB to storage
[INFO] PDC_SERVER[0]: Region flush iteration took 0.306994 s
[INFO] PDC_SERVER[0]: Fetching region for obj_id=1000000003
[INFO] PDC_SERVER[0]: Checking against Object 2000000000
[INFO] PDC_SERVER[0]: Checking against Object 1000000001
[INFO] PDC_SERVER[0]: Checking against Object 2000000001
[INFO] PDC_SERVER[0]: Object 1000000003 NOT found in cache
[INFO] PDC_SERVER[0]: Fetching region from server for obj_id=1000000003
[INFO] PDC_SERVER[1]: Fetching region for obj_id=1000000003
[INFO] PDC_SERVER[1]: Checking against Object 2000000000
[INFO] PDC_SERVER[1]: Checking against Object 1000000001
[INFO] PDC_SERVER[1]: Checking against Object 2000000001
[INFO] PDC_SERVER[1]: Object 1000000003 NOT found in cache
[INFO] PDC_SERVER[1]: Fetching region from server for obj_id=1000000003
[INFO] PDC_SERVER[0]: Executing graph with json filepath /pscratch/sd/n/nlewi26/src/work_space/source/pdc/tf_client/graphs/zfp_gpu.json
[13:05:07.902699] [WARNING] [pdc_tf_server.c:393] PDC_SERVER[0]: SCHED: setting CUDA device to 0 for edge 0 func=zfp_decompress
[13:05:07.902716] [WARNING] [pdc_tf_server.c:401] PDC_SERVER[0]: SCHED: executing edge 0 func=zfp_decompress dev=GPU
[13:05:07.903946] [WARNING] [pdc_tf_server.c:393] PDC_SERVER[1]: SCHED: setting CUDA device to 0 for edge 0 func=zfp_decompress
[13:05:07.903962] [WARNING] [pdc_tf_server.c:401] PDC_SERVER[1]: SCHED: executing edge 0 func=zfp_decompress dev=GPU
[13:05:07.930872] [WARNING] [pdc_tf_server.c:475] PDC_SERVER[0]: SCHED: done running transformations
[13:05:07.933601] [WARNING] [pdc_tf_server.c:475] PDC_SERVER[1]: SCHED: done running transformations
[INFO] PDC_SERVER[0]: Fetching region for obj_id=1000000003
[INFO] PDC_SERVER[0]: Checking against Object 2000000000
[INFO] PDC_SERVER[0]: Checking against Object 1000000001
[INFO] PDC_SERVER[0]: Checking against Object 2000000001
[INFO] PDC_SERVER[0]: Object 1000000003 NOT found in cache
[INFO] PDC_SERVER[0]: Fetching region from server for obj_id=1000000003
[INFO] PDC_SERVER[1]: Fetching region for obj_id=1000000003
[INFO] PDC_SERVER[1]: Checking against Object 2000000000
[INFO] PDC_SERVER[1]: Checking against Object 1000000001
[INFO] PDC_SERVER[1]: Checking against Object 2000000001
[INFO] PDC_SERVER[1]: Object 1000000003 NOT found in cache
[INFO] PDC_SERVER[1]: Fetching region from server for obj_id=1000000003
[INFO] PDC_SERVER[0]: Executing graph with json filepath /pscratch/sd/n/nlewi26/src/work_space/source/pdc/tf_client/graphs/zfp_gpu.json
[13:05:07.953537] [WARNING] [pdc_tf_server.c:393] PDC_SERVER[0]: SCHED: setting CUDA device to 0 for edge 0 func=zfp_decompress
[13:05:07.953551] [WARNING] [pdc_tf_server.c:401] PDC_SERVER[0]: SCHED: executing edge 0 func=zfp_decompress dev=GPU
[13:05:07.957867] [WARNING] [pdc_tf_server.c:393] PDC_SERVER[1]: SCHED: setting CUDA device to 0 for edge 0 func=zfp_decompress
[13:05:07.957882] [WARNING] [pdc_tf_server.c:401] PDC_SERVER[1]: SCHED: executing edge 0 func=zfp_decompress dev=GPU
[13:05:07.967050] [WARNING] [pdc_tf_server.c:475] PDC_SERVER[0]: SCHED: done running transformations
[13:05:07.969701] [WARNING] [pdc_tf_server.c:475] PDC_SERVER[1]: SCHED: done running transformations
[INFO] PDC_SERVER[0]: Fetching region for obj_id=1000000003
[INFO] PDC_SERVER[0]: Checking against Object 2000000000
[INFO] PDC_SERVER[0]: Checking against Object 1000000001
[INFO] PDC_SERVER[0]: Checking against Object 2000000001
[INFO] PDC_SERVER[0]: Object 1000000003 NOT found in cache
[INFO] PDC_SERVER[0]: Fetching region from server for obj_id=1000000003
[INFO] PDC_SERVER[1]: Fetching region for obj_id=1000000003
[INFO] PDC_SERVER[1]: Checking against Object 2000000000
[INFO] PDC_SERVER[1]: Checking against Object 1000000001
[INFO] PDC_SERVER[1]: Checking against Object 2000000001
[INFO] PDC_SERVER[1]: Object 1000000003 NOT found in cache
[INFO] PDC_SERVER[1]: Fetching region from server for obj_id=1000000003
[INFO] PDC_SERVER[0]: Executing graph with json filepath /pscratch/sd/n/nlewi26/src/work_space/source/pdc/tf_client/graphs/zfp_gpu.json
[13:05:07.991080] [WARNING] [pdc_tf_server.c:393] PDC_SERVER[0]: SCHED: setting CUDA device to 0 for edge 0 func=zfp_decompress
[13:05:07.991091] [WARNING] [pdc_tf_server.c:401] PDC_SERVER[0]: SCHED: executing edge 0 func=zfp_decompress dev=GPU
[13:05:07.993915] [WARNING] [pdc_tf_server.c:393] PDC_SERVER[1]: SCHED: setting CUDA device to 0 for edge 0 func=zfp_decompress
[13:05:07.993934] [WARNING] [pdc_tf_server.c:401] PDC_SERVER[1]: SCHED: executing edge 0 func=zfp_decompress dev=GPU
[13:05:08.003644] [WARNING] [pdc_tf_server.c:475] PDC_SERVER[0]: SCHED: done running transformations
[13:05:08.005521] [WARNING] [pdc_tf_server.c:475] PDC_SERVER[1]: SCHED: done running transformations
[INFO] PDC_SERVER[0]: Fetching region for obj_id=1000000003
[INFO] PDC_SERVER[0]: Checking against Object 2000000000
[INFO] PDC_SERVER[0]: Checking against Object 1000000001
[INFO] PDC_SERVER[0]: Checking against Object 2000000001
[INFO] PDC_SERVER[0]: Object 1000000003 NOT found in cache
[INFO] PDC_SERVER[0]: Fetching region from server for obj_id=1000000003
[INFO] PDC_SERVER[1]: Fetching region for obj_id=1000000003
[INFO] PDC_SERVER[1]: Checking against Object 2000000000
[INFO] PDC_SERVER[1]: Checking against Object 1000000001
[INFO] PDC_SERVER[1]: Checking against Object 2000000001
[INFO] PDC_SERVER[1]: Object 1000000003 NOT found in cache
[INFO] PDC_SERVER[1]: Fetching region from server for obj_id=1000000003
[INFO] PDC_SERVER[0]: Executing graph with json filepath /pscratch/sd/n/nlewi26/src/work_space/source/pdc/tf_client/graphs/zfp_gpu.json
[13:05:08.026847] [WARNING] [pdc_tf_server.c:393] PDC_SERVER[0]: SCHED: setting CUDA device to 0 for edge 0 func=zfp_decompress
[13:05:08.026861] [WARNING] [pdc_tf_server.c:401] PDC_SERVER[0]: SCHED: executing edge 0 func=zfp_decompress dev=GPU
[13:05:08.028966] [WARNING] [pdc_tf_server.c:393] PDC_SERVER[1]: SCHED: setting CUDA device to 0 for edge 0 func=zfp_decompress
[13:05:08.028983] [WARNING] [pdc_tf_server.c:401] PDC_SERVER[1]: SCHED: executing edge 0 func=zfp_decompress dev=GPU
[13:05:08.039871] [WARNING] [pdc_tf_server.c:475] PDC_SERVER[0]: SCHED: done running transformations
[13:05:08.041493] [WARNING] [pdc_tf_server.c:475] PDC_SERVER[1]: SCHED: done running transformations
[INFO] PDC_SERVER[0]: Fetching region for obj_id=1000000003
[INFO] PDC_SERVER[0]: Checking against Object 2000000000
[INFO] PDC_SERVER[0]: Checking against Object 1000000001
[INFO] PDC_SERVER[0]: Checking against Object 2000000001
[INFO] PDC_SERVER[0]: Object 1000000003 NOT found in cache
[INFO] PDC_SERVER[0]: Fetching region from server for obj_id=1000000003
[INFO] PDC_SERVER[1]: Fetching region for obj_id=1000000003
[INFO] PDC_SERVER[1]: Checking against Object 2000000000
[INFO] PDC_SERVER[1]: Checking against Object 1000000001
[INFO] PDC_SERVER[1]: Checking against Object 2000000001
[INFO] PDC_SERVER[1]: Object 1000000003 NOT found in cache
[INFO] PDC_SERVER[1]: Fetching region from server for obj_id=1000000003
[INFO] PDC_SERVER[0]: Executing graph with json filepath /pscratch/sd/n/nlewi26/src/work_space/source/pdc/tf_client/graphs/zfp_gpu.json
[13:05:08.063465] [WARNING] [pdc_tf_server.c:393] PDC_SERVER[0]: SCHED: setting CUDA device to 0 for edge 0 func=zfp_decompress
[13:05:08.063482] [WARNING] [pdc_tf_server.c:401] PDC_SERVER[0]: SCHED: executing edge 0 func=zfp_decompress dev=GPU
[13:05:08.064706] [WARNING] [pdc_tf_server.c:393] PDC_SERVER[1]: SCHED: setting CUDA device to 0 for edge 0 func=zfp_decompress
[13:05:08.064734] [WARNING] [pdc_tf_server.c:401] PDC_SERVER[1]: SCHED: executing edge 0 func=zfp_decompress dev=GPU
[13:05:08.073793] [WARNING] [pdc_tf_server.c:475] PDC_SERVER[0]: SCHED: done running transformations
[13:05:08.076168] [WARNING] [pdc_tf_server.c:475] PDC_SERVER[1]: SCHED: done running transformations
[INFO] PDC_SERVER[0]: Fetching region for obj_id=1000000003
[INFO] PDC_SERVER[0]: Checking against Object 2000000000
[INFO] PDC_SERVER[0]: Checking against Object 1000000001
[INFO] PDC_SERVER[0]: Checking against Object 2000000001
[INFO] PDC_SERVER[0]: Object 1000000003 NOT found in cache
[INFO] PDC_SERVER[0]: Fetching region from server for obj_id=1000000003
[INFO] PDC_SERVER[1]: Fetching region for obj_id=1000000003
[INFO] PDC_SERVER[1]: Checking against Object 2000000000
[INFO] PDC_SERVER[1]: Checking against Object 1000000001
[INFO] PDC_SERVER[1]: Checking against Object 2000000001
[INFO] PDC_SERVER[1]: Object 1000000003 NOT found in cache
[INFO] PDC_SERVER[1]: Fetching region from server for obj_id=1000000003
[INFO] PDC_SERVER[0]: Executing graph with json filepath /pscratch/sd/n/nlewi26/src/work_space/source/pdc/tf_client/graphs/zfp_gpu.json
[13:05:08.095447] [WARNING] [pdc_tf_server.c:393] PDC_SERVER[0]: SCHED: setting CUDA device to 0 for edge 0 func=zfp_decompress
[13:05:08.095461] [WARNING] [pdc_tf_server.c:401] PDC_SERVER[0]: SCHED: executing edge 0 func=zfp_decompress dev=GPU
[13:05:08.097638] [WARNING] [pdc_tf_server.c:393] PDC_SERVER[1]: SCHED: setting CUDA device to 0 for edge 0 func=zfp_decompress
[13:05:08.097673] [WARNING] [pdc_tf_server.c:401] PDC_SERVER[1]: SCHED: executing edge 0 func=zfp_decompress dev=GPU
[13:05:08.103955] [WARNING] [pdc_tf_server.c:475] PDC_SERVER[0]: SCHED: done running transformations
[13:05:08.107056] [WARNING] [pdc_tf_server.c:475] PDC_SERVER[1]: SCHED: done running transformations
[INFO] PDC_SERVER[0]: Fetching region for obj_id=1000000003
[INFO] PDC_SERVER[0]: Checking against Object 2000000000
[INFO] PDC_SERVER[0]: Checking against Object 1000000001
[INFO] PDC_SERVER[0]: Checking against Object 2000000001
[INFO] PDC_SERVER[0]: Object 1000000003 NOT found in cache
[INFO] PDC_SERVER[0]: Fetching region from server for obj_id=1000000003
[INFO] PDC_SERVER[1]: Fetching region for obj_id=1000000003
[INFO] PDC_SERVER[1]: Checking against Object 2000000000
[INFO] PDC_SERVER[1]: Checking against Object 1000000001
[INFO] PDC_SERVER[1]: Checking against Object 2000000001
[INFO] PDC_SERVER[1]: Object 1000000003 NOT found in cache
[INFO] PDC_SERVER[1]: Fetching region from server for obj_id=1000000003
[INFO] PDC_SERVER[0]: Executing graph with json filepath /pscratch/sd/n/nlewi26/src/work_space/source/pdc/tf_client/graphs/zfp_gpu.json
[13:05:08.125162] [WARNING] [pdc_tf_server.c:393] PDC_SERVER[0]: SCHED: setting CUDA device to 0 for edge 0 func=zfp_decompress
[13:05:08.125176] [WARNING] [pdc_tf_server.c:401] PDC_SERVER[0]: SCHED: executing edge 0 func=zfp_decompress dev=GPU
[13:05:08.127941] [WARNING] [pdc_tf_server.c:393] PDC_SERVER[1]: SCHED: setting CUDA device to 0 for edge 0 func=zfp_decompress
[13:05:08.127957] [WARNING] [pdc_tf_server.c:401] PDC_SERVER[1]: SCHED: executing edge 0 func=zfp_decompress dev=GPU
[13:05:08.138669] [WARNING] [pdc_tf_server.c:475] PDC_SERVER[0]: SCHED: done running transformations
[13:05:08.140712] [WARNING] [pdc_tf_server.c:475] PDC_SERVER[1]: SCHED: done running transformations
[INFO] PDC_SERVER[0]: Fetching region for obj_id=1000000003
[INFO] PDC_SERVER[0]: Checking against Object 2000000000
[INFO] PDC_SERVER[0]: Checking against Object 1000000001
[INFO] PDC_SERVER[0]: Checking against Object 2000000001
[INFO] PDC_SERVER[0]: Object 1000000003 NOT found in cache
[INFO] PDC_SERVER[0]: Fetching region from server for obj_id=1000000003
[INFO] PDC_SERVER[1]: Fetching region for obj_id=1000000003
[INFO] PDC_SERVER[1]: Checking against Object 2000000000
[INFO] PDC_SERVER[1]: Checking against Object 1000000001
[INFO] PDC_SERVER[1]: Checking against Object 2000000001
[INFO] PDC_SERVER[1]: Object 1000000003 NOT found in cache
[INFO] PDC_SERVER[1]: Fetching region from server for obj_id=1000000003
[INFO] PDC_SERVER[0]: Executing graph with json filepath /pscratch/sd/n/nlewi26/src/work_space/source/pdc/tf_client/graphs/zfp_gpu.json
[13:05:08.161744] [WARNING] [pdc_tf_server.c:393] PDC_SERVER[0]: SCHED: setting CUDA device to 0 for edge 0 func=zfp_decompress
[13:05:08.161755] [WARNING] [pdc_tf_server.c:401] PDC_SERVER[0]: SCHED: executing edge 0 func=zfp_decompress dev=GPU
[13:05:08.163436] [WARNING] [pdc_tf_server.c:393] PDC_SERVER[1]: SCHED: setting CUDA device to 0 for edge 0 func=zfp_decompress
[13:05:08.163464] [WARNING] [pdc_tf_server.c:401] PDC_SERVER[1]: SCHED: executing edge 0 func=zfp_decompress dev=GPU
[13:05:08.178440] [WARNING] [pdc_tf_server.c:475] PDC_SERVER[0]: SCHED: done running transformations
[13:05:08.181234] [WARNING] [pdc_tf_server.c:475] PDC_SERVER[1]: SCHED: done running transformations
[INFO] PDC_SERVER[0]: Fetching region for obj_id=1000000003
[INFO] PDC_SERVER[0]: Checking against Object 2000000000
[INFO] PDC_SERVER[0]: Checking against Object 1000000001
[INFO] PDC_SERVER[0]: Checking against Object 2000000001
[INFO] PDC_SERVER[0]: Object 1000000003 NOT found in cache
[INFO] PDC_SERVER[0]: Fetching region from server for obj_id=1000000003
[INFO] PDC_SERVER[1]: Fetching region for obj_id=1000000003
[INFO] PDC_SERVER[1]: Checking against Object 2000000000
[INFO] PDC_SERVER[1]: Checking against Object 1000000001
[INFO] PDC_SERVER[1]: Checking against Object 2000000001
[INFO] PDC_SERVER[1]: Object 1000000003 NOT found in cache
[INFO] PDC_SERVER[1]: Fetching region from server for obj_id=1000000003
[INFO] PDC_SERVER[0]: Executing graph with json filepath /pscratch/sd/n/nlewi26/src/work_space/source/pdc/tf_client/graphs/zfp_gpu.json
[13:05:08.201243] [WARNING] [pdc_tf_server.c:393] PDC_SERVER[0]: SCHED: setting CUDA device to 0 for edge 0 func=zfp_decompress
[13:05:08.201252] [WARNING] [pdc_tf_server.c:401] PDC_SERVER[0]: SCHED: executing edge 0 func=zfp_decompress dev=GPU
[13:05:08.203734] [WARNING] [pdc_tf_server.c:393] PDC_SERVER[1]: SCHED: setting CUDA device to 0 for edge 0 func=zfp_decompress
[13:05:08.203758] [WARNING] [pdc_tf_server.c:401] PDC_SERVER[1]: SCHED: executing edge 0 func=zfp_decompress dev=GPU
[13:05:08.221032] [WARNING] [pdc_tf_server.c:475] PDC_SERVER[0]: SCHED: done running transformations
[13:05:08.223952] [WARNING] [pdc_tf_server.c:475] PDC_SERVER[1]: SCHED: done running transformations
[INFO] PDC_SERVER[0]: Fetching region for obj_id=1000000003
[INFO] PDC_SERVER[0]: Checking against Object 2000000000
[INFO] PDC_SERVER[0]: Checking against Object 1000000001
[INFO] PDC_SERVER[0]: Checking against Object 2000000001
[INFO] PDC_SERVER[0]: Object 1000000003 NOT found in cache
[INFO] PDC_SERVER[0]: Fetching region from server for obj_id=1000000003
[INFO] PDC_SERVER[1]: Fetching region for obj_id=1000000003
[INFO] PDC_SERVER[1]: Checking against Object 2000000000
[INFO] PDC_SERVER[1]: Checking against Object 1000000001
[INFO] PDC_SERVER[1]: Checking against Object 2000000001
[INFO] PDC_SERVER[1]: Object 1000000003 NOT found in cache
[INFO] PDC_SERVER[1]: Fetching region from server for obj_id=1000000003
[13:05:08.246643] [WARNING] [pdc_tf_server.c:393] PDC_SERVER[1]: SCHED: setting CUDA device to 0 for edge 0 func=zfp_decompress
[13:05:08.246667] [WARNING] [pdc_tf_server.c:401] PDC_SERVER[1]: SCHED: executing edge 0 func=zfp_decompress dev=GPU
[INFO] PDC_SERVER[0]: Executing graph with json filepath /pscratch/sd/n/nlewi26/src/work_space/source/pdc/tf_client/graphs/zfp_gpu.json
[13:05:08.248116] [WARNING] [pdc_tf_server.c:393] PDC_SERVER[0]: SCHED: setting CUDA device to 0 for edge 0 func=zfp_decompress
[13:05:08.248127] [WARNING] [pdc_tf_server.c:401] PDC_SERVER[0]: SCHED: executing edge 0 func=zfp_decompress dev=GPU
[13:05:08.273127] [WARNING] [pdc_tf_server.c:475] PDC_SERVER[1]: SCHED: done running transformations
[13:05:08.273154] [WARNING] [pdc_tf_server.c:475] PDC_SERVER[0]: SCHED: done running transformations
[INFO] PDC_SERVER[0]: Fetching region for obj_id=1000000003
[INFO] PDC_SERVER[0]: Checking against Object 2000000000
[INFO] PDC_SERVER[0]: Checking against Object 1000000001
[INFO] PDC_SERVER[0]: Checking against Object 2000000001
[INFO] PDC_SERVER[0]: Object 1000000003 NOT found in cache
[INFO] PDC_SERVER[0]: Fetching region from server for obj_id=1000000003
[INFO] PDC_SERVER[1]: Fetching region for obj_id=1000000003
[INFO] PDC_SERVER[1]: Checking against Object 2000000000
[INFO] PDC_SERVER[1]: Checking against Object 1000000001
[INFO] PDC_SERVER[1]: Checking against Object 2000000001
[INFO] PDC_SERVER[1]: Object 1000000003 NOT found in cache
[INFO] PDC_SERVER[1]: Fetching region from server for obj_id=1000000003
[13:05:08.296670] [WARNING] [pdc_tf_server.c:393] PDC_SERVER[1]: SCHED: setting CUDA device to 0 for edge 0 func=zfp_decompress
[13:05:08.296684] [WARNING] [pdc_tf_server.c:401] PDC_SERVER[1]: SCHED: executing edge 0 func=zfp_decompress dev=GPU
[INFO] PDC_SERVER[0]: Executing graph with json filepath /pscratch/sd/n/nlewi26/src/work_space/source/pdc/tf_client/graphs/zfp_gpu.json
[13:05:08.303063] [WARNING] [pdc_tf_server.c:393] PDC_SERVER[0]: SCHED: setting CUDA device to 0 for edge 0 func=zfp_decompress
[13:05:08.303075] [WARNING] [pdc_tf_server.c:401] PDC_SERVER[0]: SCHED: executing edge 0 func=zfp_decompress dev=GPU
[13:05:08.306097] [WARNING] [pdc_tf_server.c:475] PDC_SERVER[1]: SCHED: done running transformations
[INFO] PDC_SERVER[1]: Fetching region for obj_id=1000000003
[INFO] PDC_SERVER[1]: Checking against Object 2000000000
[INFO] PDC_SERVER[1]: Checking against Object 1000000001
[INFO] PDC_SERVER[1]: Checking against Object 2000000001
[INFO] PDC_SERVER[1]: Object 1000000003 NOT found in cache
[INFO] PDC_SERVER[1]: Fetching region from server for obj_id=1000000003
[13:05:08.312368] [WARNING] [pdc_tf_server.c:475] PDC_SERVER[0]: SCHED: done running transformations
[INFO] PDC_SERVER[0]: Fetching region for obj_id=1000000003
[INFO] PDC_SERVER[0]: Checking against Object 2000000000
[INFO] PDC_SERVER[0]: Checking against Object 1000000001
[INFO] PDC_SERVER[0]: Checking against Object 2000000001
[INFO] PDC_SERVER[0]: Object 1000000003 NOT found in cache
[INFO] PDC_SERVER[0]: Fetching region from server for obj_id=1000000003
[INFO] PDC_SERVER[0]: Executing graph with json filepath /pscratch/sd/n/nlewi26/src/work_space/source/pdc/tf_client/graphs/zfp_gpu.json
[13:05:08.334585] [WARNING] [pdc_tf_server.c:393] PDC_SERVER[0]: SCHED: setting CUDA device to 0 for edge 0 func=zfp_decompress
[13:05:08.334598] [WARNING] [pdc_tf_server.c:401] PDC_SERVER[0]: SCHED: executing edge 0 func=zfp_decompress dev=GPU
[13:05:08.334697] [WARNING] [pdc_tf_server.c:393] PDC_SERVER[1]: SCHED: setting CUDA device to 0 for edge 0 func=zfp_decompress
[13:05:08.334755] [WARNING] [pdc_tf_server.c:401] PDC_SERVER[1]: SCHED: executing edge 0 func=zfp_decompress dev=GPU
[13:05:08.346665] [WARNING] [pdc_tf_server.c:475] PDC_SERVER[0]: SCHED: done running transformations
[13:05:08.346967] [WARNING] [pdc_tf_server.c:475] PDC_SERVER[1]: SCHED: done running transformations
[INFO] PDC_SERVER[0]: Fetching region for obj_id=1000000003
[INFO] PDC_SERVER[0]: Checking against Object 2000000000
[INFO] PDC_SERVER[0]: Checking against Object 1000000001
[INFO] PDC_SERVER[0]: Checking against Object 2000000001
[INFO] PDC_SERVER[0]: Object 1000000003 NOT found in cache
[INFO] PDC_SERVER[0]: Fetching region from server for obj_id=1000000003
[INFO] PDC_SERVER[1]: Fetching region for obj_id=1000000003
[INFO] PDC_SERVER[1]: Checking against Object 2000000000
[INFO] PDC_SERVER[1]: Checking against Object 1000000001
[INFO] PDC_SERVER[1]: Checking against Object 2000000001
[INFO] PDC_SERVER[1]: Object 1000000003 NOT found in cache
[INFO] PDC_SERVER[1]: Fetching region from server for obj_id=1000000003
[INFO] PDC_SERVER[0]: Executing graph with json filepath /pscratch/sd/n/nlewi26/src/work_space/source/pdc/tf_client/graphs/zfp_gpu.json
[13:05:08.370164] [WARNING] [pdc_tf_server.c:393] PDC_SERVER[0]: SCHED: setting CUDA device to 0 for edge 0 func=zfp_decompress
[13:05:08.370176] [WARNING] [pdc_tf_server.c:401] PDC_SERVER[0]: SCHED: executing edge 0 func=zfp_decompress dev=GPU
[13:05:08.371121] [WARNING] [pdc_tf_server.c:393] PDC_SERVER[1]: SCHED: setting CUDA device to 0 for edge 0 func=zfp_decompress
[13:05:08.371148] [WARNING] [pdc_tf_server.c:401] PDC_SERVER[1]: SCHED: executing edge 0 func=zfp_decompress dev=GPU
[13:05:08.381405] [WARNING] [pdc_tf_server.c:475] PDC_SERVER[0]: SCHED: done running transformations
[13:05:08.382991] [WARNING] [pdc_tf_server.c:475] PDC_SERVER[1]: SCHED: done running transformations
[INFO] PDC_SERVER[0]: Fetching region for obj_id=1000000003
[INFO] PDC_SERVER[0]: Checking against Object 2000000000
[INFO] PDC_SERVER[0]: Checking against Object 1000000001
[INFO] PDC_SERVER[0]: Checking against Object 2000000001
[INFO] PDC_SERVER[0]: Object 1000000003 NOT found in cache
[INFO] PDC_SERVER[0]: Fetching region from server for obj_id=1000000003
[INFO] PDC_SERVER[1]: Fetching region for obj_id=1000000003
[INFO] PDC_SERVER[1]: Checking against Object 2000000000
[INFO] PDC_SERVER[1]: Checking against Object 1000000001
[INFO] PDC_SERVER[1]: Checking against Object 2000000001
[INFO] PDC_SERVER[1]: Object 1000000003 NOT found in cache
[INFO] PDC_SERVER[1]: Fetching region from server for obj_id=1000000003
[INFO] PDC_SERVER[0]: Executing graph with json filepath /pscratch/sd/n/nlewi26/src/work_space/source/pdc/tf_client/graphs/zfp_gpu.json
[13:05:08.404673] [WARNING] [pdc_tf_server.c:393] PDC_SERVER[0]: SCHED: setting CUDA device to 0 for edge 0 func=zfp_decompress
[13:05:08.404688] [WARNING] [pdc_tf_server.c:401] PDC_SERVER[0]: SCHED: executing edge 0 func=zfp_decompress dev=GPU
[13:05:08.410925] [WARNING] [pdc_tf_server.c:393] PDC_SERVER[1]: SCHED: setting CUDA device to 0 for edge 0 func=zfp_decompress
[13:05:08.410947] [WARNING] [pdc_tf_server.c:401] PDC_SERVER[1]: SCHED: executing edge 0 func=zfp_decompress dev=GPU
[13:05:08.416253] [WARNING] [pdc_tf_server.c:475] PDC_SERVER[0]: SCHED: done running transformations
[INFO] PDC_SERVER[0]: Fetching region for obj_id=1000000003
[INFO] PDC_SERVER[0]: Checking against Object 2000000000
[INFO] PDC_SERVER[0]: Checking against Object 1000000001
[INFO] PDC_SERVER[0]: Checking against Object 2000000001
[INFO] PDC_SERVER[0]: Object 1000000003 NOT found in cache
[INFO] PDC_SERVER[0]: Fetching region from server for obj_id=1000000003
[13:05:08.423964] [WARNING] [pdc_tf_server.c:475] PDC_SERVER[1]: SCHED: done running transformations
[INFO] PDC_SERVER[1]: Fetching region for obj_id=1000000003
[INFO] PDC_SERVER[1]: Checking against Object 2000000000
[INFO] PDC_SERVER[1]: Checking against Object 1000000001
[INFO] PDC_SERVER[1]: Checking against Object 2000000001
[INFO] PDC_SERVER[1]: Object 1000000003 NOT found in cache
[INFO] PDC_SERVER[1]: Fetching region from server for obj_id=1000000003
[INFO] PDC_SERVER[0]: Executing graph with json filepath /pscratch/sd/n/nlewi26/src/work_space/source/pdc/tf_client/graphs/zfp_gpu.json
[13:05:08.439804] [WARNING] [pdc_tf_server.c:393] PDC_SERVER[0]: SCHED: setting CUDA device to 0 for edge 0 func=zfp_decompress
[13:05:08.439846] [WARNING] [pdc_tf_server.c:401] PDC_SERVER[0]: SCHED: executing edge 0 func=zfp_decompress dev=GPU
[13:05:08.448717] [WARNING] [pdc_tf_server.c:475] PDC_SERVER[0]: SCHED: done running transformations
[13:05:08.453458] [WARNING] [pdc_tf_server.c:393] PDC_SERVER[1]: SCHED: setting CUDA device to 0 for edge 0 func=zfp_decompress
[13:05:08.453474] [WARNING] [pdc_tf_server.c:401] PDC_SERVER[1]: SCHED: executing edge 0 func=zfp_decompress dev=GPU
[INFO] PDC_SERVER[0]: Fetching region for obj_id=1000000003
[INFO] PDC_SERVER[0]: Checking against Object 2000000000
[INFO] PDC_SERVER[0]: Checking against Object 1000000001
[INFO] PDC_SERVER[0]: Checking against Object 2000000001
[INFO] PDC_SERVER[0]: Object 1000000003 NOT found in cache
[INFO] PDC_SERVER[0]: Fetching region from server for obj_id=1000000003
[13:05:08.463461] [WARNING] [pdc_tf_server.c:475] PDC_SERVER[1]: SCHED: done running transformations
[INFO] PDC_SERVER[1]: Fetching region for obj_id=1000000003
[INFO] PDC_SERVER[1]: Checking against Object 2000000000
[INFO] PDC_SERVER[1]: Checking against Object 1000000001
[INFO] PDC_SERVER[1]: Checking against Object 2000000001
[INFO] PDC_SERVER[1]: Object 1000000003 NOT found in cache
[INFO] PDC_SERVER[1]: Fetching region from server for obj_id=1000000003
[INFO] PDC_SERVER[0]: Executing graph with json filepath /pscratch/sd/n/nlewi26/src/work_space/source/pdc/tf_client/graphs/zfp_gpu.json
[13:05:08.471044] [WARNING] [pdc_tf_server.c:393] PDC_SERVER[0]: SCHED: setting CUDA device to 0 for edge 0 func=zfp_decompress
[13:05:08.471059] [WARNING] [pdc_tf_server.c:401] PDC_SERVER[0]: SCHED: executing edge 0 func=zfp_decompress dev=GPU
[13:05:08.479663] [WARNING] [pdc_tf_server.c:475] PDC_SERVER[0]: SCHED: done running transformations
[13:05:08.496868] [WARNING] [pdc_tf_server.c:393] PDC_SERVER[1]: SCHED: setting CUDA device to 0 for edge 0 func=zfp_decompress
[13:05:08.496918] [WARNING] [pdc_tf_server.c:401] PDC_SERVER[1]: SCHED: executing edge 0 func=zfp_decompress dev=GPU
[13:05:08.511655] [WARNING] [pdc_tf_server.c:475] PDC_SERVER[1]: SCHED: done running transformations
[INFO] PDC_SERVER[0]: Starting flush for obj_id 1000000004, ndim=3
[13:05:08.672553] [WARNING] [pdc_server_region_cache.c:823] PDC_SERVER[0]: Region mapping lookup took 0.000001 s
[13:05:08.672562] [WARNING] [pdc_server_region_cache.c:828] PDC_SERVER[0]: No region mapping found for obj_id 1000000004
[13:05:08.691883] [WARNING] [pdc_server_region_cache.c:834] PDC_SERVER[0]: Flushed region via POSIX I/O in 0.019309 s
[13:05:08.691898] [WARNING] [pdc_server_region_cache.c:850] PDC_SERVER[0]: [2026-10-07 13:05:08.691893] Flushed 16.00 / 16.00 MB to storage
[INFO] PDC_SERVER[0]: Region flush iteration took 0.019357 s
[INFO] PDC_SERVER[0]: Starting flush for obj_id 1000000004, ndim=3
[13:05:08.740062] [WARNING] [pdc_server_region_cache.c:823] PDC_SERVER[0]: Region mapping lookup took 0.000000 s
[13:05:08.740070] [WARNING] [pdc_server_region_cache.c:828] PDC_SERVER[0]: No region mapping found for obj_id 1000000004
[13:05:08.757670] [WARNING] [pdc_server_region_cache.c:834] PDC_SERVER[0]: Flushed region via POSIX I/O in 0.017596 s
[13:05:08.757684] [WARNING] [pdc_server_region_cache.c:850] PDC_SERVER[0]: [2026-10-07 13:05:08.757681] Flushed 16.00 / 16.00 MB to storage
[INFO] PDC_SERVER[0]: Region flush iteration took 0.017629 s
[INFO] PDC_SERVER[0]: Starting flush for obj_id 1000000004, ndim=3
[13:05:08.760279] [WARNING] [pdc_server_region_cache.c:823] PDC_SERVER[0]: Region mapping lookup took 0.000001 s
[13:05:08.760285] [WARNING] [pdc_server_region_cache.c:828] PDC_SERVER[0]: No region mapping found for obj_id 1000000004
[13:05:08.778778] [WARNING] [pdc_server_region_cache.c:834] PDC_SERVER[0]: Flushed region via POSIX I/O in 0.018480 s
[13:05:08.778796] [WARNING] [pdc_server_region_cache.c:850] PDC_SERVER[0]: [2026-10-07 13:05:08.778793] Flushed 16.00 / 16.00 MB to storage
[INFO] PDC_SERVER[0]: Region flush iteration took 0.018526 s
[INFO] PDC_SERVER[0]: Starting flush for obj_id 1000000004, ndim=3
[13:05:08.781417] [WARNING] [pdc_server_region_cache.c:823] PDC_SERVER[0]: Region mapping lookup took 0.000001 s
[13:05:08.781423] [WARNING] [pdc_server_region_cache.c:828] PDC_SERVER[0]: No region mapping found for obj_id 1000000004
[13:05:08.798985] [WARNING] [pdc_server_region_cache.c:834] PDC_SERVER[0]: Flushed region via POSIX I/O in 0.017553 s
[13:05:08.798998] [WARNING] [pdc_server_region_cache.c:850] PDC_SERVER[0]: [2026-10-07 13:05:08.798994] Flushed 16.00 / 16.00 MB to storage
[INFO] PDC_SERVER[0]: Region flush iteration took 0.017589 s
[INFO] PDC_SERVER[0]: Starting flush for obj_id 1000000004, ndim=3
[13:05:08.801086] [WARNING] [pdc_server_region_cache.c:823] PDC_SERVER[0]: Region mapping lookup took 0.000001 s
[13:05:08.801091] [WARNING] [pdc_server_region_cache.c:828] PDC_SERVER[0]: No region mapping found for obj_id 1000000004
[13:05:08.817711] [WARNING] [pdc_server_region_cache.c:834] PDC_SERVER[0]: Flushed region via POSIX I/O in 0.016608 s
[13:05:08.817725] [WARNING] [pdc_server_region_cache.c:850] PDC_SERVER[0]: [2026-10-07 13:05:08.817722] Flushed 16.00 / 16.00 MB to storage
[INFO] PDC_SERVER[0]: Region flush iteration took 0.016647 s
[INFO] PDC_SERVER[0]: Starting flush for obj_id 1000000004, ndim=3
[13:05:08.820622] [WARNING] [pdc_server_region_cache.c:823] PDC_SERVER[0]: Region mapping lookup took 0.000001 s
[13:05:08.820628] [WARNING] [pdc_server_region_cache.c:828] PDC_SERVER[0]: No region mapping found for obj_id 1000000004
[13:05:08.838199] [WARNING] [pdc_server_region_cache.c:834] PDC_SERVER[0]: Flushed region via POSIX I/O in 0.017560 s
[13:05:08.838211] [WARNING] [pdc_server_region_cache.c:850] PDC_SERVER[0]: [2026-10-07 13:05:08.838208] Flushed 16.00 / 16.00 MB to storage
[INFO] PDC_SERVER[0]: Region flush iteration took 0.017596 s
[INFO] PDC_SERVER[0]: Starting flush for obj_id 1000000004, ndim=3
[13:05:08.840568] [WARNING] [pdc_server_region_cache.c:823] PDC_SERVER[0]: Region mapping lookup took 0.000001 s
[13:05:08.840572] [WARNING] [pdc_server_region_cache.c:828] PDC_SERVER[0]: No region mapping found for obj_id 1000000004
[13:05:08.856700] [WARNING] [pdc_server_region_cache.c:834] PDC_SERVER[0]: Flushed region via POSIX I/O in 0.016121 s
[13:05:08.856711] [WARNING] [pdc_server_region_cache.c:850] PDC_SERVER[0]: [2026-10-07 13:05:08.856708] Flushed 16.00 / 16.00 MB to storage
[INFO] PDC_SERVER[0]: Region flush iteration took 0.016150 s
[INFO] PDC_SERVER[0]: Starting flush for obj_id 1000000004, ndim=3
[13:05:08.860432] [WARNING] [pdc_server_region_cache.c:823] PDC_SERVER[0]: Region mapping lookup took 0.000001 s
[13:05:08.860438] [WARNING] [pdc_server_region_cache.c:828] PDC_SERVER[0]: No region mapping found for obj_id 1000000004
[13:05:08.877781] [WARNING] [pdc_server_region_cache.c:834] PDC_SERVER[0]: Flushed region via POSIX I/O in 0.017332 s
[13:05:08.877792] [WARNING] [pdc_server_region_cache.c:850] PDC_SERVER[0]: [2026-10-07 13:05:08.877789] Flushed 16.00 / 16.00 MB to storage
[INFO] PDC_SERVER[0]: Region flush iteration took 0.017369 s
[INFO] PDC_SERVER[0]: Starting flush for obj_id 1000000004, ndim=3
[13:05:08.881964] [WARNING] [pdc_server_region_cache.c:823] PDC_SERVER[0]: Region mapping lookup took 0.000001 s
[13:05:08.881968] [WARNING] [pdc_server_region_cache.c:828] PDC_SERVER[0]: No region mapping found for obj_id 1000000004
[13:05:08.899240] [WARNING] [pdc_server_region_cache.c:834] PDC_SERVER[0]: Flushed region via POSIX I/O in 0.017266 s
[13:05:08.899260] [WARNING] [pdc_server_region_cache.c:850] PDC_SERVER[0]: [2026-10-07 13:05:08.899258] Flushed 16.00 / 16.00 MB to storage
[INFO] PDC_SERVER[0]: Region flush iteration took 0.017303 s
[INFO] PDC_SERVER[0]: Starting flush for obj_id 1000000004, ndim=3
[13:05:08.901679] [WARNING] [pdc_server_region_cache.c:823] PDC_SERVER[0]: Region mapping lookup took 0.000001 s
[13:05:08.901683] [WARNING] [pdc_server_region_cache.c:828] PDC_SERVER[0]: No region mapping found for obj_id 1000000004
[13:05:08.918445] [WARNING] [pdc_server_region_cache.c:834] PDC_SERVER[0]: Flushed region via POSIX I/O in 0.016750 s
[13:05:08.918460] [WARNING] [pdc_server_region_cache.c:850] PDC_SERVER[0]: [2026-10-07 13:05:08.918457] Flushed 16.00 / 16.00 MB to storage
[INFO] PDC_SERVER[0]: Region flush iteration took 0.016790 s
[INFO] PDC_SERVER[0]: Starting flush for obj_id 1000000004, ndim=3
[13:05:08.920403] [WARNING] [pdc_server_region_cache.c:823] PDC_SERVER[0]: Region mapping lookup took 0.000001 s
[13:05:08.920410] [WARNING] [pdc_server_region_cache.c:828] PDC_SERVER[0]: No region mapping found for obj_id 1000000004
[13:05:08.937127] [WARNING] [pdc_server_region_cache.c:834] PDC_SERVER[0]: Flushed region via POSIX I/O in 0.016700 s
[13:05:08.937148] [WARNING] [pdc_server_region_cache.c:850] PDC_SERVER[0]: [2026-10-07 13:05:08.937143] Flushed 16.00 / 16.00 MB to storage
[INFO] PDC_SERVER[0]: Region flush iteration took 0.016764 s
[INFO] PDC_SERVER[0]: Starting flush for obj_id 1000000004, ndim=3
[13:05:08.939260] [WARNING] [pdc_server_region_cache.c:823] PDC_SERVER[0]: Region mapping lookup took 0.000001 s
[13:05:08.939265] [WARNING] [pdc_server_region_cache.c:828] PDC_SERVER[0]: No region mapping found for obj_id 1000000004
[13:05:08.956717] [WARNING] [pdc_server_region_cache.c:834] PDC_SERVER[0]: Flushed region via POSIX I/O in 0.017444 s
[13:05:08.956727] [WARNING] [pdc_server_region_cache.c:850] PDC_SERVER[0]: [2026-10-07 13:05:08.956724] Flushed 16.00 / 16.00 MB to storage
[INFO] PDC_SERVER[0]: Region flush iteration took 0.017474 s
[INFO] PDC_SERVER[0]: Starting flush for obj_id 1000000004, ndim=3
[13:05:08.958683] [WARNING] [pdc_server_region_cache.c:823] PDC_SERVER[0]: Region mapping lookup took 0.000001 s
[13:05:08.958689] [WARNING] [pdc_server_region_cache.c:828] PDC_SERVER[0]: No region mapping found for obj_id 1000000004
[13:05:08.975786] [WARNING] [pdc_server_region_cache.c:834] PDC_SERVER[0]: Flushed region via POSIX I/O in 0.017089 s
[13:05:08.975798] [WARNING] [pdc_server_region_cache.c:850] PDC_SERVER[0]: [2026-10-07 13:05:08.975795] Flushed 16.00 / 16.00 MB to storage
[INFO] PDC_SERVER[0]: Region flush iteration took 0.017122 s
[INFO] PDC_SERVER[0]: Starting flush for obj_id 1000000004, ndim=3
[13:05:08.977918] [WARNING] [pdc_server_region_cache.c:823] PDC_SERVER[0]: Region mapping lookup took 0.000001 s
[13:05:08.977925] [WARNING] [pdc_server_region_cache.c:828] PDC_SERVER[0]: No region mapping found for obj_id 1000000004
[13:05:08.994777] [WARNING] [pdc_server_region_cache.c:834] PDC_SERVER[0]: Flushed region via POSIX I/O in 0.016845 s
[13:05:08.994786] [WARNING] [pdc_server_region_cache.c:850] PDC_SERVER[0]: [2026-10-07 13:05:08.994783] Flushed 16.00 / 16.00 MB to storage
[INFO] PDC_SERVER[0]: Region flush iteration took 0.016875 s
[INFO] PDC_SERVER[0]: Starting flush for obj_id 1000000004, ndim=3
[13:05:08.996071] [WARNING] [pdc_server_region_cache.c:823] PDC_SERVER[0]: Region mapping lookup took 0.000001 s
[13:05:08.996076] [WARNING] [pdc_server_region_cache.c:828] PDC_SERVER[0]: No region mapping found for obj_id 1000000004
[13:05:09.013528] [WARNING] [pdc_server_region_cache.c:834] PDC_SERVER[0]: Flushed region via POSIX I/O in 0.017443 s
[13:05:09.013538] [WARNING] [pdc_server_region_cache.c:850] PDC_SERVER[0]: [2026-10-07 13:05:09.013535] Flushed 16.00 / 16.00 MB to storage
[INFO] PDC_SERVER[0]: Region flush iteration took 0.017474 s
[INFO] PDC_SERVER[0]: Starting flush for obj_id 1000000004, ndim=3
[13:05:09.015287] [WARNING] [pdc_server_region_cache.c:823] PDC_SERVER[0]: Region mapping lookup took 0.000007 s
[13:05:09.015293] [WARNING] [pdc_server_region_cache.c:828] PDC_SERVER[0]: No region mapping found for obj_id 1000000004
[13:05:09.032658] [WARNING] [pdc_server_region_cache.c:834] PDC_SERVER[0]: Flushed region via POSIX I/O in 0.017357 s
[13:05:09.032668] [WARNING] [pdc_server_region_cache.c:850] PDC_SERVER[0]: [2026-10-07 13:05:09.032665] Flushed 16.00 / 16.00 MB to storage
[INFO] PDC_SERVER[0]: Region flush iteration took 0.017395 s
[INFO] PDC_SERVER[0]: Starting flush for obj_id 2000000004, ndim=3
[13:05:09.052124] [WARNING] [pdc_server_region_cache.c:823] PDC_SERVER[0]: Region mapping lookup took 0.000000 s
[13:05:09.052128] [WARNING] [pdc_server_region_cache.c:828] PDC_SERVER[0]: No region mapping found for obj_id 2000000004
[13:05:09.071852] [WARNING] [pdc_server_region_cache.c:834] PDC_SERVER[0]: Flushed region via POSIX I/O in 0.019704 s
[13:05:09.071868] [WARNING] [pdc_server_region_cache.c:850] PDC_SERVER[0]: [2026-10-07 13:05:09.071865] Flushed 16.00 / 16.00 MB to storage
[INFO] PDC_SERVER[0]: Region flush iteration took 0.019751 s
[INFO] PDC_SERVER[0]: Starting flush for obj_id 2000000004, ndim=3
[13:05:09.102015] [WARNING] [pdc_server_region_cache.c:823] PDC_SERVER[0]: Region mapping lookup took 0.000000 s
[13:05:09.102021] [WARNING] [pdc_server_region_cache.c:828] PDC_SERVER[0]: No region mapping found for obj_id 2000000004
[13:05:09.119370] [WARNING] [pdc_server_region_cache.c:834] PDC_SERVER[0]: Flushed region via POSIX I/O in 0.017345 s
[13:05:09.119384] [WARNING] [pdc_server_region_cache.c:850] PDC_SERVER[0]: [2026-10-07 13:05:09.119382] Flushed 16.00 / 16.00 MB to storage
[INFO] PDC_SERVER[0]: Region flush iteration took 0.017375 s
[INFO] PDC_SERVER[0]: Starting flush for obj_id 2000000004, ndim=3
[13:05:09.120559] [WARNING] [pdc_server_region_cache.c:823] PDC_SERVER[0]: Region mapping lookup took 0.000000 s
[13:05:09.120564] [WARNING] [pdc_server_region_cache.c:828] PDC_SERVER[0]: No region mapping found for obj_id 2000000004
[13:05:09.139117] [WARNING] [pdc_server_region_cache.c:834] PDC_SERVER[0]: Flushed region via POSIX I/O in 0.018542 s
[13:05:09.139133] [WARNING] [pdc_server_region_cache.c:850] PDC_SERVER[0]: [2026-10-07 13:05:09.139130] Flushed 16.00 / 16.00 MB to storage
[INFO] PDC_SERVER[0]: Region flush iteration took 0.018582 s
[INFO] PDC_SERVER[0]: Starting flush for obj_id 2000000004, ndim=3
[13:05:09.140808] [WARNING] [pdc_server_region_cache.c:823] PDC_SERVER[0]: Region mapping lookup took 0.000001 s
[13:05:09.140813] [WARNING] [pdc_server_region_cache.c:828] PDC_SERVER[0]: No region mapping found for obj_id 2000000004
[13:05:09.159000] [WARNING] [pdc_server_region_cache.c:834] PDC_SERVER[0]: Flushed region via POSIX I/O in 0.018176 s
[13:05:09.159012] [WARNING] [pdc_server_region_cache.c:850] PDC_SERVER[0]: [2026-10-07 13:05:09.159009] Flushed 16.00 / 16.00 MB to storage
[INFO] PDC_SERVER[0]: Region flush iteration took 0.018212 s
[INFO] PDC_SERVER[0]: Starting flush for obj_id 2000000004, ndim=3
[13:05:09.160647] [WARNING] [pdc_server_region_cache.c:823] PDC_SERVER[0]: Region mapping lookup took 0.000001 s
[13:05:09.160653] [WARNING] [pdc_server_region_cache.c:828] PDC_SERVER[0]: No region mapping found for obj_id 2000000004
[13:05:09.177505] [WARNING] [pdc_server_region_cache.c:834] PDC_SERVER[0]: Flushed region via POSIX I/O in 0.016839 s
[13:05:09.177518] [WARNING] [pdc_server_region_cache.c:850] PDC_SERVER[0]: [2026-10-07 13:05:09.177516] Flushed 16.00 / 16.00 MB to storage
[INFO] PDC_SERVER[0]: Region flush iteration took 0.016879 s
[INFO] PDC_SERVER[0]: Starting flush for obj_id 2000000004, ndim=3
[13:05:09.179497] [WARNING] [pdc_server_region_cache.c:823] PDC_SERVER[0]: Region mapping lookup took 0.000001 s
[13:05:09.179502] [WARNING] [pdc_server_region_cache.c:828] PDC_SERVER[0]: No region mapping found for obj_id 2000000004
[13:05:09.197930] [WARNING] [pdc_server_region_cache.c:834] PDC_SERVER[0]: Flushed region via POSIX I/O in 0.018424 s
[13:05:09.197945] [WARNING] [pdc_server_region_cache.c:850] PDC_SERVER[0]: [2026-10-07 13:05:09.197943] Flushed 16.00 / 16.00 MB to storage
[INFO] PDC_SERVER[0]: Region flush iteration took 0.018455 s
[INFO] PDC_SERVER[0]: Starting flush for obj_id 2000000004, ndim=3
[13:05:09.200324] [WARNING] [pdc_server_region_cache.c:823] PDC_SERVER[0]: Region mapping lookup took 0.000001 s
[13:05:09.200330] [WARNING] [pdc_server_region_cache.c:828] PDC_SERVER[0]: No region mapping found for obj_id 2000000004
[13:05:09.217288] [WARNING] [pdc_server_region_cache.c:834] PDC_SERVER[0]: Flushed region via POSIX I/O in 0.016943 s
[13:05:09.217305] [WARNING] [pdc_server_region_cache.c:850] PDC_SERVER[0]: [2026-10-07 13:05:09.217302] Flushed 16.00 / 16.00 MB to storage
[INFO] PDC_SERVER[0]: Region flush iteration took 0.016989 s
[INFO] PDC_SERVER[0]: Starting flush for obj_id 2000000004, ndim=3
[13:05:09.220230] [WARNING] [pdc_server_region_cache.c:823] PDC_SERVER[0]: Region mapping lookup took 0.000001 s
[13:05:09.220235] [WARNING] [pdc_server_region_cache.c:828] PDC_SERVER[0]: No region mapping found for obj_id 2000000004
[13:05:09.238093] [WARNING] [pdc_server_region_cache.c:834] PDC_SERVER[0]: Flushed region via POSIX I/O in 0.017849 s
[13:05:09.238103] [WARNING] [pdc_server_region_cache.c:850] PDC_SERVER[0]: [2026-10-07 13:05:09.238101] Flushed 16.00 / 16.00 MB to storage
[INFO] PDC_SERVER[0]: Region flush iteration took 0.017881 s
[INFO] PDC_SERVER[0]: Starting flush for obj_id 2000000004, ndim=3
[13:05:09.242670] [WARNING] [pdc_server_region_cache.c:823] PDC_SERVER[0]: Region mapping lookup took 0.000000 s
[13:05:09.242675] [WARNING] [pdc_server_region_cache.c:828] PDC_SERVER[0]: No region mapping found for obj_id 2000000004
[13:05:09.259595] [WARNING] [pdc_server_region_cache.c:834] PDC_SERVER[0]: Flushed region via POSIX I/O in 0.016916 s
[13:05:09.259608] [WARNING] [pdc_server_region_cache.c:850] PDC_SERVER[0]: [2026-10-07 13:05:09.259606] Flushed 16.00 / 16.00 MB to storage
[INFO] PDC_SERVER[0]: Region flush iteration took 0.016944 s
[INFO] PDC_SERVER[0]: Starting flush for obj_id 2000000004, ndim=3
[13:05:09.260970] [WARNING] [pdc_server_region_cache.c:823] PDC_SERVER[0]: Region mapping lookup took 0.000000 s
[13:05:09.260974] [WARNING] [pdc_server_region_cache.c:828] PDC_SERVER[0]: No region mapping found for obj_id 2000000004
[13:05:09.277973] [WARNING] [pdc_server_region_cache.c:834] PDC_SERVER[0]: Flushed region via POSIX I/O in 0.016996 s
[13:05:09.277984] [WARNING] [pdc_server_region_cache.c:850] PDC_SERVER[0]: [2026-10-07 13:05:09.277982] Flushed 16.00 / 16.00 MB to storage
[INFO] PDC_SERVER[0]: Region flush iteration took 0.017019 s
[INFO] PDC_SERVER[0]: Starting flush for obj_id 2000000004, ndim=3
[13:05:09.279260] [WARNING] [pdc_server_region_cache.c:823] PDC_SERVER[0]: Region mapping lookup took 0.000000 s
[13:05:09.279265] [WARNING] [pdc_server_region_cache.c:828] PDC_SERVER[0]: No region mapping found for obj_id 2000000004
[13:05:09.295923] [WARNING] [pdc_server_region_cache.c:834] PDC_SERVER[0]: Flushed region via POSIX I/O in 0.016650 s
[13:05:09.295933] [WARNING] [pdc_server_region_cache.c:850] PDC_SERVER[0]: [2026-10-07 13:05:09.295931] Flushed 16.00 / 16.00 MB to storage
[INFO] PDC_SERVER[0]: Region flush iteration took 0.016680 s
[INFO] PDC_SERVER[0]: Starting flush for obj_id 2000000004, ndim=3
[13:05:09.297353] [WARNING] [pdc_server_region_cache.c:823] PDC_SERVER[0]: Region mapping lookup took 0.000001 s
[13:05:09.297357] [WARNING] [pdc_server_region_cache.c:828] PDC_SERVER[0]: No region mapping found for obj_id 2000000004
[13:05:09.314424] [WARNING] [pdc_server_region_cache.c:834] PDC_SERVER[0]: Flushed region via POSIX I/O in 0.017058 s
[13:05:09.314437] [WARNING] [pdc_server_region_cache.c:850] PDC_SERVER[0]: [2026-10-07 13:05:09.314434] Flushed 16.00 / 16.00 MB to storage
[INFO] PDC_SERVER[0]: Region flush iteration took 0.017091 s
[INFO] PDC_SERVER[0]: Starting flush for obj_id 2000000004, ndim=3
[13:05:09.316074] [WARNING] [pdc_server_region_cache.c:823] PDC_SERVER[0]: Region mapping lookup took 0.000001 s
[13:05:09.316079] [WARNING] [pdc_server_region_cache.c:828] PDC_SERVER[0]: No region mapping found for obj_id 2000000004
[13:05:09.332910] [WARNING] [pdc_server_region_cache.c:834] PDC_SERVER[0]: Flushed region via POSIX I/O in 0.016821 s
[13:05:09.332921] [WARNING] [pdc_server_region_cache.c:850] PDC_SERVER[0]: [2026-10-07 13:05:09.332918] Flushed 16.00 / 16.00 MB to storage
[INFO] PDC_SERVER[0]: Region flush iteration took 0.016853 s
[INFO] PDC_SERVER[0]: Starting flush for obj_id 2000000004, ndim=3
[13:05:09.334463] [WARNING] [pdc_server_region_cache.c:823] PDC_SERVER[0]: Region mapping lookup took 0.000001 s
[13:05:09.334468] [WARNING] [pdc_server_region_cache.c:828] PDC_SERVER[0]: No region mapping found for obj_id 2000000004
[13:05:09.351539] [WARNING] [pdc_server_region_cache.c:834] PDC_SERVER[0]: Flushed region via POSIX I/O in 0.017064 s
[13:05:09.351549] [WARNING] [pdc_server_region_cache.c:850] PDC_SERVER[0]: [2026-10-07 13:05:09.351546] Flushed 16.00 / 16.00 MB to storage
[INFO] PDC_SERVER[0]: Region flush iteration took 0.017092 s
[INFO] PDC_SERVER[0]: Starting flush for obj_id 2000000004, ndim=3
[13:05:09.360078] [WARNING] [pdc_server_region_cache.c:823] PDC_SERVER[0]: Region mapping lookup took 0.000000 s
[13:05:09.360083] [WARNING] [pdc_server_region_cache.c:828] PDC_SERVER[0]: No region mapping found for obj_id 2000000004
[13:05:09.376757] [WARNING] [pdc_server_region_cache.c:834] PDC_SERVER[0]: Flushed region via POSIX I/O in 0.016670 s
[13:05:09.376770] [WARNING] [pdc_server_region_cache.c:850] PDC_SERVER[0]: [2026-10-07 13:05:09.376768] Flushed 16.00 / 16.00 MB to storage
[INFO] PDC_SERVER[0]: Region flush iteration took 0.016698 s
[INFO] PDC_SERVER[0]: Starting flush for obj_id 2000000004, ndim=3
[13:05:09.377968] [WARNING] [pdc_server_region_cache.c:823] PDC_SERVER[0]: Region mapping lookup took 0.000001 s
[13:05:09.377973] [WARNING] [pdc_server_region_cache.c:828] PDC_SERVER[0]: No region mapping found for obj_id 2000000004
[13:05:09.395304] [WARNING] [pdc_server_region_cache.c:834] PDC_SERVER[0]: Flushed region via POSIX I/O in 0.017327 s
[13:05:09.395316] [WARNING] [pdc_server_region_cache.c:850] PDC_SERVER[0]: [2026-10-07 13:05:09.395314] Flushed 16.00 / 16.00 MB to storage
[INFO] PDC_SERVER[0]: Region flush iteration took 0.017354 s
[INFO] PDC_SERVER[0]: Starting flush for obj_id 1000000005, ndim=3
[13:05:09.408517] [WARNING] [pdc_server_region_cache.c:823] PDC_SERVER[0]: Region mapping lookup took 0.000000 s
[13:05:09.408521] [WARNING] [pdc_server_region_cache.c:828] PDC_SERVER[0]: No region mapping found for obj_id 1000000005
[INFO] PDC_SERVER[0]: Executing graph with json filepath /pscratch/sd/n/nlewi26/src/work_space/source/pdc/tf_client/graphs/zfp_gpu.json
[13:05:09.685713] [WARNING] [pdc_tf_server.c:393] PDC_SERVER[0]: SCHED: setting CUDA device to 0 for edge 0 func=zfp_compress
[13:05:09.685762] [WARNING] [pdc_tf_server.c:401] PDC_SERVER[0]: SCHED: executing edge 0 func=zfp_compress dev=GPU
[13:05:09.694619] [WARNING] [pdc_tf_server.c:475] PDC_SERVER[0]: SCHED: done running transformations
[13:05:09.702775] [WARNING] [pdc_tf_server.c:393] PDC_SERVER[1]: SCHED: setting CUDA device to 0 for edge 0 func=zfp_compress
[13:05:09.702821] [WARNING] [pdc_tf_server.c:401] PDC_SERVER[1]: SCHED: executing edge 0 func=zfp_compress dev=GPU
[13:05:09.711959] [WARNING] [pdc_tf_server.c:475] PDC_SERVER[1]: SCHED: done running transformations
[13:05:09.732225] [WARNING] [pdc_server_region_cache.c:834] PDC_SERVER[0]: Flushed region via POSIX I/O in 0.323691 s
[13:05:09.732247] [WARNING] [pdc_server_region_cache.c:850] PDC_SERVER[0]: [2026-10-07 13:05:09.732243] Flushed 16.00 / 16.00 MB to storage
[INFO] PDC_SERVER[0]: Region flush iteration took 0.323738 s
[INFO] PDC_SERVER[0]: Starting flush for obj_id 1000000005, ndim=3
[13:05:09.749252] [WARNING] [pdc_server_region_cache.c:823] PDC_SERVER[0]: Region mapping lookup took 0.000001 s
[13:05:09.749258] [WARNING] [pdc_server_region_cache.c:828] PDC_SERVER[0]: No region mapping found for obj_id 1000000005
[INFO] PDC_SERVER[0]: Executing graph with json filepath /pscratch/sd/n/nlewi26/src/work_space/source/pdc/tf_client/graphs/zfp_gpu.json
[13:05:10.005839] [WARNING] [pdc_tf_server.c:393] PDC_SERVER[0]: SCHED: setting CUDA device to 0 for edge 0 func=zfp_compress
[13:05:10.005881] [WARNING] [pdc_tf_server.c:401] PDC_SERVER[0]: SCHED: executing edge 0 func=zfp_compress dev=GPU
[13:05:10.017263] [WARNING] [pdc_tf_server.c:475] PDC_SERVER[0]: SCHED: done running transformations
[13:05:10.021074] [WARNING] [pdc_tf_server.c:393] PDC_SERVER[1]: SCHED: setting CUDA device to 0 for edge 0 func=zfp_compress
[13:05:10.021144] [WARNING] [pdc_tf_server.c:401] PDC_SERVER[1]: SCHED: executing edge 0 func=zfp_compress dev=GPU
[13:05:10.032130] [WARNING] [pdc_tf_server.c:475] PDC_SERVER[1]: SCHED: done running transformations
[13:05:10.053890] [WARNING] [pdc_server_region_cache.c:834] PDC_SERVER[0]: Flushed region via POSIX I/O in 0.304619 s
[13:05:10.053907] [WARNING] [pdc_server_region_cache.c:850] PDC_SERVER[0]: [2026-10-07 13:05:10.053902] Flushed 16.00 / 16.00 MB to storage
[INFO] PDC_SERVER[0]: Region flush iteration took 0.304669 s
[INFO] PDC_SERVER[0]: Starting flush for obj_id 1000000005, ndim=3
[13:05:10.055750] [WARNING] [pdc_server_region_cache.c:823] PDC_SERVER[0]: Region mapping lookup took 0.000001 s
[13:05:10.055756] [WARNING] [pdc_server_region_cache.c:828] PDC_SERVER[0]: No region mapping found for obj_id 1000000005
[13:05:10.320883] [WARNING] [pdc_tf_server.c:393] PDC_SERVER[1]: SCHED: setting CUDA device to 0 for edge 0 func=zfp_compress
[13:05:10.320937] [WARNING] [pdc_tf_server.c:401] PDC_SERVER[1]: SCHED: executing edge 0 func=zfp_compress dev=GPU
[INFO] PDC_SERVER[0]: Executing graph with json filepath /pscratch/sd/n/nlewi26/src/work_space/source/pdc/tf_client/graphs/zfp_gpu.json
[13:05:10.325820] [WARNING] [pdc_tf_server.c:393] PDC_SERVER[0]: SCHED: setting CUDA device to 0 for edge 0 func=zfp_compress
[13:05:10.325863] [WARNING] [pdc_tf_server.c:401] PDC_SERVER[0]: SCHED: executing edge 0 func=zfp_compress dev=GPU
[13:05:10.340804] [WARNING] [pdc_tf_server.c:475] PDC_SERVER[1]: SCHED: done running transformations
[13:05:10.346224] [WARNING] [pdc_tf_server.c:475] PDC_SERVER[0]: SCHED: done running transformations
[13:05:10.382069] [WARNING] [pdc_server_region_cache.c:834] PDC_SERVER[0]: Flushed region via POSIX I/O in 0.326301 s
[13:05:10.382097] [WARNING] [pdc_server_region_cache.c:850] PDC_SERVER[0]: [2026-10-07 13:05:10.382086] Flushed 16.00 / 16.00 MB to storage
[INFO] PDC_SERVER[0]: Region flush iteration took 0.326357 s
[INFO] PDC_SERVER[0]: Starting flush for obj_id 1000000005, ndim=3
[13:05:10.383810] [WARNING] [pdc_server_region_cache.c:823] PDC_SERVER[0]: Region mapping lookup took 0.000001 s
[13:05:10.383815] [WARNING] [pdc_server_region_cache.c:828] PDC_SERVER[0]: No region mapping found for obj_id 1000000005
[13:05:10.629723] [WARNING] [pdc_tf_server.c:393] PDC_SERVER[1]: SCHED: setting CUDA device to 0 for edge 0 func=zfp_compress
[13:05:10.629774] [WARNING] [pdc_tf_server.c:401] PDC_SERVER[1]: SCHED: executing edge 0 func=zfp_compress dev=GPU
[13:05:10.639865] [WARNING] [pdc_tf_server.c:475] PDC_SERVER[1]: SCHED: done running transformations
[INFO] PDC_SERVER[0]: Executing graph with json filepath /pscratch/sd/n/nlewi26/src/work_space/source/pdc/tf_client/graphs/zfp_gpu.json
[13:05:10.644583] [WARNING] [pdc_tf_server.c:393] PDC_SERVER[0]: SCHED: setting CUDA device to 0 for edge 0 func=zfp_compress
[13:05:10.644620] [WARNING] [pdc_tf_server.c:401] PDC_SERVER[0]: SCHED: executing edge 0 func=zfp_compress dev=GPU
[13:05:10.654297] [WARNING] [pdc_tf_server.c:475] PDC_SERVER[0]: SCHED: done running transformations
[13:05:10.694253] [WARNING] [pdc_server_region_cache.c:834] PDC_SERVER[0]: Flushed region via POSIX I/O in 0.310421 s
[13:05:10.694277] [WARNING] [pdc_server_region_cache.c:850] PDC_SERVER[0]: [2026-10-07 13:05:10.694273] Flushed 16.00 / 16.00 MB to storage
[INFO] PDC_SERVER[0]: Region flush iteration took 0.310478 s
[INFO] PDC_SERVER[0]: Starting flush for obj_id 1000000005, ndim=3
[13:05:10.700261] [WARNING] [pdc_server_region_cache.c:823] PDC_SERVER[0]: Region mapping lookup took 0.000001 s
[13:05:10.700271] [WARNING] [pdc_server_region_cache.c:828] PDC_SERVER[0]: No region mapping found for obj_id 1000000005
[13:05:10.928334] [WARNING] [pdc_tf_server.c:393] PDC_SERVER[1]: SCHED: setting CUDA device to 0 for edge 0 func=zfp_compress
[13:05:10.928359] [WARNING] [pdc_tf_server.c:401] PDC_SERVER[1]: SCHED: executing edge 0 func=zfp_compress dev=GPU
[13:05:10.940730] [WARNING] [pdc_tf_server.c:475] PDC_SERVER[1]: SCHED: done running transformations
[INFO] PDC_SERVER[0]: Executing graph with json filepath /pscratch/sd/n/nlewi26/src/work_space/source/pdc/tf_client/graphs/zfp_gpu.json
[13:05:10.960407] [WARNING] [pdc_tf_server.c:393] PDC_SERVER[0]: SCHED: setting CUDA device to 0 for edge 0 func=zfp_compress
[13:05:10.960424] [WARNING] [pdc_tf_server.c:401] PDC_SERVER[0]: SCHED: executing edge 0 func=zfp_compress dev=GPU
[13:05:10.970997] [WARNING] [pdc_tf_server.c:475] PDC_SERVER[0]: SCHED: done running transformations
[13:05:11.006403] [WARNING] [pdc_server_region_cache.c:834] PDC_SERVER[0]: Flushed region via POSIX I/O in 0.306109 s
[13:05:11.006429] [WARNING] [pdc_server_region_cache.c:850] PDC_SERVER[0]: [2026-10-07 13:05:11.006424] Flushed 16.00 / 16.00 MB to storage
[INFO] PDC_SERVER[0]: Region flush iteration took 0.306180 s
[INFO] PDC_SERVER[0]: Starting flush for obj_id 1000000005, ndim=3
[13:05:11.009288] [WARNING] [pdc_server_region_cache.c:823] PDC_SERVER[0]: Region mapping lookup took 0.000001 s
[13:05:11.009296] [WARNING] [pdc_server_region_cache.c:828] PDC_SERVER[0]: No region mapping found for obj_id 1000000005
[13:05:11.234435] [WARNING] [pdc_tf_server.c:393] PDC_SERVER[1]: SCHED: setting CUDA device to 0 for edge 0 func=zfp_compress
[13:05:11.234486] [WARNING] [pdc_tf_server.c:401] PDC_SERVER[1]: SCHED: executing edge 0 func=zfp_compress dev=GPU
[13:05:11.253323] [WARNING] [pdc_tf_server.c:475] PDC_SERVER[1]: SCHED: done running transformations
[INFO] PDC_SERVER[0]: Executing graph with json filepath /pscratch/sd/n/nlewi26/src/work_space/source/pdc/tf_client/graphs/zfp_gpu.json
[13:05:11.263978] [WARNING] [pdc_tf_server.c:393] PDC_SERVER[0]: SCHED: setting CUDA device to 0 for edge 0 func=zfp_compress
[13:05:11.263992] [WARNING] [pdc_tf_server.c:401] PDC_SERVER[0]: SCHED: executing edge 0 func=zfp_compress dev=GPU
[13:05:11.286326] [WARNING] [pdc_tf_server.c:475] PDC_SERVER[0]: SCHED: done running transformations
[13:05:11.322446] [WARNING] [pdc_server_region_cache.c:834] PDC_SERVER[0]: Flushed region via POSIX I/O in 0.313129 s
[13:05:11.322468] [WARNING] [pdc_server_region_cache.c:850] PDC_SERVER[0]: [2026-10-07 13:05:11.322463] Flushed 16.00 / 16.00 MB to storage
[INFO] PDC_SERVER[0]: Region flush iteration took 0.313190 s
[INFO] PDC_SERVER[0]: Starting flush for obj_id 1000000005, ndim=3
[13:05:11.325915] [WARNING] [pdc_server_region_cache.c:823] PDC_SERVER[0]: Region mapping lookup took 0.000003 s
[13:05:11.325925] [WARNING] [pdc_server_region_cache.c:828] PDC_SERVER[0]: No region mapping found for obj_id 1000000005
[13:05:11.542804] [WARNING] [pdc_tf_server.c:393] PDC_SERVER[1]: SCHED: setting CUDA device to 0 for edge 0 func=zfp_compress
[13:05:11.542854] [WARNING] [pdc_tf_server.c:401] PDC_SERVER[1]: SCHED: executing edge 0 func=zfp_compress dev=GPU
[13:05:11.565664] [WARNING] [pdc_tf_server.c:475] PDC_SERVER[1]: SCHED: done running transformations
[INFO] PDC_SERVER[0]: Executing graph with json filepath /pscratch/sd/n/nlewi26/src/work_space/source/pdc/tf_client/graphs/zfp_gpu.json
[13:05:11.580940] [WARNING] [pdc_tf_server.c:393] PDC_SERVER[0]: SCHED: setting CUDA device to 0 for edge 0 func=zfp_compress
[13:05:11.580954] [WARNING] [pdc_tf_server.c:401] PDC_SERVER[0]: SCHED: executing edge 0 func=zfp_compress dev=GPU
[13:05:11.599790] [WARNING] [pdc_tf_server.c:475] PDC_SERVER[0]: SCHED: done running transformations
[13:05:11.634748] [WARNING] [pdc_server_region_cache.c:834] PDC_SERVER[0]: Flushed region via POSIX I/O in 0.308807 s
[13:05:11.634770] [WARNING] [pdc_server_region_cache.c:850] PDC_SERVER[0]: [2026-10-07 13:05:11.634766] Flushed 16.00 / 16.00 MB to storage
[INFO] PDC_SERVER[0]: Region flush iteration took 0.308869 s
[INFO] PDC_SERVER[0]: Starting flush for obj_id 1000000005, ndim=3
[13:05:11.637366] [WARNING] [pdc_server_region_cache.c:823] PDC_SERVER[0]: Region mapping lookup took 0.000001 s
[13:05:11.637371] [WARNING] [pdc_server_region_cache.c:828] PDC_SERVER[0]: No region mapping found for obj_id 1000000005
[13:05:11.855424] [WARNING] [pdc_tf_server.c:393] PDC_SERVER[1]: SCHED: setting CUDA device to 0 for edge 0 func=zfp_compress
[13:05:11.855449] [WARNING] [pdc_tf_server.c:401] PDC_SERVER[1]: SCHED: executing edge 0 func=zfp_compress dev=GPU
[13:05:11.868263] [WARNING] [pdc_tf_server.c:475] PDC_SERVER[1]: SCHED: done running transformations
[INFO] PDC_SERVER[0]: Executing graph with json filepath /pscratch/sd/n/nlewi26/src/work_space/source/pdc/tf_client/graphs/zfp_gpu.json
[13:05:11.891183] [WARNING] [pdc_tf_server.c:393] PDC_SERVER[0]: SCHED: setting CUDA device to 0 for edge 0 func=zfp_compress
[13:05:11.891224] [WARNING] [pdc_tf_server.c:401] PDC_SERVER[0]: SCHED: executing edge 0 func=zfp_compress dev=GPU
[13:05:11.912987] [WARNING] [pdc_tf_server.c:475] PDC_SERVER[0]: SCHED: done running transformations
[13:05:11.948662] [WARNING] [pdc_server_region_cache.c:834] PDC_SERVER[0]: Flushed region via POSIX I/O in 0.311274 s
[13:05:11.948683] [WARNING] [pdc_server_region_cache.c:850] PDC_SERVER[0]: [2026-10-07 13:05:11.948680] Flushed 16.00 / 16.00 MB to storage
[INFO] PDC_SERVER[0]: Region flush iteration took 0.311327 s
[INFO] PDC_SERVER[0]: Starting flush for obj_id 1000000005, ndim=3
[13:05:11.951053] [WARNING] [pdc_server_region_cache.c:823] PDC_SERVER[0]: Region mapping lookup took 0.000001 s
[13:05:11.951059] [WARNING] [pdc_server_region_cache.c:828] PDC_SERVER[0]: No region mapping found for obj_id 1000000005
[13:05:12.155167] [WARNING] [pdc_tf_server.c:393] PDC_SERVER[1]: SCHED: setting CUDA device to 0 for edge 0 func=zfp_compress
[13:05:12.155194] [WARNING] [pdc_tf_server.c:401] PDC_SERVER[1]: SCHED: executing edge 0 func=zfp_compress dev=GPU
[13:05:12.166194] [WARNING] [pdc_tf_server.c:475] PDC_SERVER[1]: SCHED: done running transformations
[INFO] PDC_SERVER[0]: Executing graph with json filepath /pscratch/sd/n/nlewi26/src/work_space/source/pdc/tf_client/graphs/zfp_gpu.json
[13:05:12.203836] [WARNING] [pdc_tf_server.c:393] PDC_SERVER[0]: SCHED: setting CUDA device to 0 for edge 0 func=zfp_compress
[13:05:12.203851] [WARNING] [pdc_tf_server.c:401] PDC_SERVER[0]: SCHED: executing edge 0 func=zfp_compress dev=GPU
[13:05:12.214154] [WARNING] [pdc_tf_server.c:475] PDC_SERVER[0]: SCHED: done running transformations
[13:05:12.249428] [WARNING] [pdc_server_region_cache.c:834] PDC_SERVER[0]: Flushed region via POSIX I/O in 0.298352 s
[13:05:12.249461] [WARNING] [pdc_server_region_cache.c:850] PDC_SERVER[0]: [2026-10-07 13:05:12.249457] Flushed 16.00 / 16.00 MB to storage
[INFO] PDC_SERVER[0]: Region flush iteration took 0.298417 s
[INFO] PDC_SERVER[0]: Starting flush for obj_id 1000000005, ndim=3
[13:05:12.251259] [WARNING] [pdc_server_region_cache.c:823] PDC_SERVER[0]: Region mapping lookup took 0.000001 s
[13:05:12.251265] [WARNING] [pdc_server_region_cache.c:828] PDC_SERVER[0]: No region mapping found for obj_id 1000000005
[13:05:12.453909] [WARNING] [pdc_tf_server.c:393] PDC_SERVER[1]: SCHED: setting CUDA device to 0 for edge 0 func=zfp_compress
[13:05:12.453960] [WARNING] [pdc_tf_server.c:401] PDC_SERVER[1]: SCHED: executing edge 0 func=zfp_compress dev=GPU
[13:05:12.465468] [WARNING] [pdc_tf_server.c:475] PDC_SERVER[1]: SCHED: done running transformations
[INFO] PDC_SERVER[0]: Executing graph with json filepath /pscratch/sd/n/nlewi26/src/work_space/source/pdc/tf_client/graphs/zfp_gpu.json
[13:05:12.506644] [WARNING] [pdc_tf_server.c:393] PDC_SERVER[0]: SCHED: setting CUDA device to 0 for edge 0 func=zfp_compress
[13:05:12.506658] [WARNING] [pdc_tf_server.c:401] PDC_SERVER[0]: SCHED: executing edge 0 func=zfp_compress dev=GPU
[13:05:12.517339] [WARNING] [pdc_tf_server.c:475] PDC_SERVER[0]: SCHED: done running transformations
[13:05:12.553523] [WARNING] [pdc_server_region_cache.c:834] PDC_SERVER[0]: Flushed region via POSIX I/O in 0.302245 s
[13:05:12.553542] [WARNING] [pdc_server_region_cache.c:850] PDC_SERVER[0]: [2026-10-07 13:05:12.553539] Flushed 16.00 / 16.00 MB to storage
[INFO] PDC_SERVER[0]: Region flush iteration took 0.302293 s
[INFO] PDC_SERVER[0]: Starting flush for obj_id 1000000005, ndim=3
[13:05:12.555380] [WARNING] [pdc_server_region_cache.c:823] PDC_SERVER[0]: Region mapping lookup took 0.000001 s
[13:05:12.555385] [WARNING] [pdc_server_region_cache.c:828] PDC_SERVER[0]: No region mapping found for obj_id 1000000005
[13:05:12.754509] [WARNING] [pdc_tf_server.c:393] PDC_SERVER[1]: SCHED: setting CUDA device to 0 for edge 0 func=zfp_compress
[13:05:12.754535] [WARNING] [pdc_tf_server.c:401] PDC_SERVER[1]: SCHED: executing edge 0 func=zfp_compress dev=GPU
[13:05:12.773611] [WARNING] [pdc_tf_server.c:475] PDC_SERVER[1]: SCHED: done running transformations
[INFO] PDC_SERVER[0]: Executing graph with json filepath /pscratch/sd/n/nlewi26/src/work_space/source/pdc/tf_client/graphs/zfp_gpu.json
[13:05:12.812924] [WARNING] [pdc_tf_server.c:393] PDC_SERVER[0]: SCHED: setting CUDA device to 0 for edge 0 func=zfp_compress
[13:05:12.812938] [WARNING] [pdc_tf_server.c:401] PDC_SERVER[0]: SCHED: executing edge 0 func=zfp_compress dev=GPU
[13:05:12.828539] [WARNING] [pdc_tf_server.c:475] PDC_SERVER[0]: SCHED: done running transformations
[13:05:12.864378] [WARNING] [pdc_server_region_cache.c:834] PDC_SERVER[0]: Flushed region via POSIX I/O in 0.308977 s
[13:05:12.864399] [WARNING] [pdc_server_region_cache.c:850] PDC_SERVER[0]: [2026-10-07 13:05:12.864396] Flushed 16.00 / 16.00 MB to storage
[INFO] PDC_SERVER[0]: Region flush iteration took 0.309027 s
[INFO] PDC_SERVER[0]: Starting flush for obj_id 1000000005, ndim=3
[13:05:12.865978] [WARNING] [pdc_server_region_cache.c:823] PDC_SERVER[0]: Region mapping lookup took 0.000001 s
[13:05:12.865983] [WARNING] [pdc_server_region_cache.c:828] PDC_SERVER[0]: No region mapping found for obj_id 1000000005
[13:05:13.065947] [WARNING] [pdc_tf_server.c:393] PDC_SERVER[1]: SCHED: setting CUDA device to 0 for edge 0 func=zfp_compress
[13:05:13.065973] [WARNING] [pdc_tf_server.c:401] PDC_SERVER[1]: SCHED: executing edge 0 func=zfp_compress dev=GPU
[13:05:13.076303] [WARNING] [pdc_tf_server.c:475] PDC_SERVER[1]: SCHED: done running transformations
[INFO] PDC_SERVER[0]: Executing graph with json filepath /pscratch/sd/n/nlewi26/src/work_space/source/pdc/tf_client/graphs/zfp_gpu.json
[13:05:13.121246] [WARNING] [pdc_tf_server.c:393] PDC_SERVER[0]: SCHED: setting CUDA device to 0 for edge 0 func=zfp_compress
[13:05:13.121285] [WARNING] [pdc_tf_server.c:401] PDC_SERVER[0]: SCHED: executing edge 0 func=zfp_compress dev=GPU
[13:05:13.131639] [WARNING] [pdc_tf_server.c:475] PDC_SERVER[0]: SCHED: done running transformations
[13:05:13.167435] [WARNING] [pdc_server_region_cache.c:834] PDC_SERVER[0]: Flushed region via POSIX I/O in 0.301439 s
[13:05:13.167450] [WARNING] [pdc_server_region_cache.c:850] PDC_SERVER[0]: [2026-10-07 13:05:13.167447] Flushed 16.00 / 16.00 MB to storage
[INFO] PDC_SERVER[0]: Region flush iteration took 0.301482 s
[INFO] PDC_SERVER[0]: Starting flush for obj_id 1000000005, ndim=3
[13:05:13.169825] [WARNING] [pdc_server_region_cache.c:823] PDC_SERVER[0]: Region mapping lookup took 0.000001 s
[13:05:13.169830] [WARNING] [pdc_server_region_cache.c:828] PDC_SERVER[0]: No region mapping found for obj_id 1000000005
[13:05:13.366271] [WARNING] [pdc_tf_server.c:393] PDC_SERVER[1]: SCHED: setting CUDA device to 0 for edge 0 func=zfp_compress
[13:05:13.366319] [WARNING] [pdc_tf_server.c:401] PDC_SERVER[1]: SCHED: executing edge 0 func=zfp_compress dev=GPU
[13:05:13.376911] [WARNING] [pdc_tf_server.c:475] PDC_SERVER[1]: SCHED: done running transformations
[INFO] PDC_SERVER[0]: Executing graph with json filepath /pscratch/sd/n/nlewi26/src/work_space/source/pdc/tf_client/graphs/zfp_gpu.json
[13:05:13.424961] [WARNING] [pdc_tf_server.c:393] PDC_SERVER[0]: SCHED: setting CUDA device to 0 for edge 0 func=zfp_compress
[13:05:13.424975] [WARNING] [pdc_tf_server.c:401] PDC_SERVER[0]: SCHED: executing edge 0 func=zfp_compress dev=GPU
[13:05:13.435191] [WARNING] [pdc_tf_server.c:475] PDC_SERVER[0]: SCHED: done running transformations
[13:05:13.471514] [WARNING] [pdc_server_region_cache.c:834] PDC_SERVER[0]: Flushed region via POSIX I/O in 0.301674 s
[13:05:13.471528] [WARNING] [pdc_server_region_cache.c:850] PDC_SERVER[0]: [2026-10-07 13:05:13.471524] Flushed 16.00 / 16.00 MB to storage
[INFO] PDC_SERVER[0]: Region flush iteration took 0.301712 s
[INFO] PDC_SERVER[0]: Starting flush for obj_id 1000000005, ndim=3
[13:05:13.473279] [WARNING] [pdc_server_region_cache.c:823] PDC_SERVER[0]: Region mapping lookup took 0.000001 s
[13:05:13.473284] [WARNING] [pdc_server_region_cache.c:828] PDC_SERVER[0]: No region mapping found for obj_id 1000000005
[13:05:13.664511] [WARNING] [pdc_tf_server.c:393] PDC_SERVER[1]: SCHED: setting CUDA device to 0 for edge 0 func=zfp_compress
[13:05:13.664537] [WARNING] [pdc_tf_server.c:401] PDC_SERVER[1]: SCHED: executing edge 0 func=zfp_compress dev=GPU
[13:05:13.699487] [WARNING] [pdc_tf_server.c:475] PDC_SERVER[1]: SCHED: done running transformations
[INFO] PDC_SERVER[0]: Executing graph with json filepath /pscratch/sd/n/nlewi26/src/work_space/source/pdc/tf_client/graphs/zfp_gpu.json
[13:05:13.724503] [WARNING] [pdc_tf_server.c:393] PDC_SERVER[0]: SCHED: setting CUDA device to 0 for edge 0 func=zfp_compress
[13:05:13.724517] [WARNING] [pdc_tf_server.c:401] PDC_SERVER[0]: SCHED: executing edge 0 func=zfp_compress dev=GPU
[13:05:13.743452] [WARNING] [pdc_tf_server.c:475] PDC_SERVER[0]: SCHED: done running transformations
[13:05:13.778990] [WARNING] [pdc_server_region_cache.c:834] PDC_SERVER[0]: Flushed region via POSIX I/O in 0.305692 s
[13:05:13.779008] [WARNING] [pdc_server_region_cache.c:850] PDC_SERVER[0]: [2026-10-07 13:05:13.779005] Flushed 16.00 / 16.00 MB to storage
[INFO] PDC_SERVER[0]: Region flush iteration took 0.305739 s
[INFO] PDC_SERVER[0]: Starting flush for obj_id 1000000005, ndim=3
[13:05:13.781127] [WARNING] [pdc_server_region_cache.c:823] PDC_SERVER[0]: Region mapping lookup took 0.000001 s
[13:05:13.781133] [WARNING] [pdc_server_region_cache.c:828] PDC_SERVER[0]: No region mapping found for obj_id 1000000005
[13:05:13.987173] [WARNING] [pdc_tf_server.c:393] PDC_SERVER[1]: SCHED: setting CUDA device to 0 for edge 0 func=zfp_compress
[13:05:13.987202] [WARNING] [pdc_tf_server.c:401] PDC_SERVER[1]: SCHED: executing edge 0 func=zfp_compress dev=GPU
[13:05:13.998263] [WARNING] [pdc_tf_server.c:475] PDC_SERVER[1]: SCHED: done running transformations
[INFO] PDC_SERVER[0]: Executing graph with json filepath /pscratch/sd/n/nlewi26/src/work_space/source/pdc/tf_client/graphs/zfp_gpu.json
[13:05:14.035188] [WARNING] [pdc_tf_server.c:393] PDC_SERVER[0]: SCHED: setting CUDA device to 0 for edge 0 func=zfp_compress
[13:05:14.035233] [WARNING] [pdc_tf_server.c:401] PDC_SERVER[0]: SCHED: executing edge 0 func=zfp_compress dev=GPU
[13:05:14.045411] [WARNING] [pdc_tf_server.c:475] PDC_SERVER[0]: SCHED: done running transformations
[13:05:14.081675] [WARNING] [pdc_server_region_cache.c:834] PDC_SERVER[0]: Flushed region via POSIX I/O in 0.300522 s
[13:05:14.081700] [WARNING] [pdc_server_region_cache.c:850] PDC_SERVER[0]: [2026-10-07 13:05:14.081696] Flushed 16.00 / 16.00 MB to storage
[INFO] PDC_SERVER[0]: Region flush iteration took 0.300583 s
[INFO] PDC_SERVER[0]: Starting flush for obj_id 1000000005, ndim=3
[13:05:14.083891] [WARNING] [pdc_server_region_cache.c:823] PDC_SERVER[0]: Region mapping lookup took 0.000001 s
[13:05:14.083896] [WARNING] [pdc_server_region_cache.c:828] PDC_SERVER[0]: No region mapping found for obj_id 1000000005
[13:05:14.285255] [WARNING] [pdc_tf_server.c:393] PDC_SERVER[1]: SCHED: setting CUDA device to 0 for edge 0 func=zfp_compress
[13:05:14.285284] [WARNING] [pdc_tf_server.c:401] PDC_SERVER[1]: SCHED: executing edge 0 func=zfp_compress dev=GPU
[13:05:14.296552] [WARNING] [pdc_tf_server.c:475] PDC_SERVER[1]: SCHED: done running transformations
[INFO] PDC_SERVER[0]: Executing graph with json filepath /pscratch/sd/n/nlewi26/src/work_space/source/pdc/tf_client/graphs/zfp_gpu.json
[13:05:14.336729] [WARNING] [pdc_tf_server.c:393] PDC_SERVER[0]: SCHED: setting CUDA device to 0 for edge 0 func=zfp_compress
[13:05:14.336744] [WARNING] [pdc_tf_server.c:401] PDC_SERVER[0]: SCHED: executing edge 0 func=zfp_compress dev=GPU
[13:05:14.345926] [WARNING] [pdc_tf_server.c:475] PDC_SERVER[0]: SCHED: done running transformations
[13:05:14.380405] [WARNING] [pdc_server_region_cache.c:834] PDC_SERVER[0]: Flushed region via POSIX I/O in 0.296498 s
[13:05:14.380420] [WARNING] [pdc_server_region_cache.c:850] PDC_SERVER[0]: [2026-10-07 13:05:14.380417] Flushed 16.00 / 16.00 MB to storage
[INFO] PDC_SERVER[0]: Region flush iteration took 0.296540 s
[INFO] PDC_SERVER[1]: Fetching region for obj_id=2000000006
[INFO] PDC_SERVER[1]: Checking against Object 2000000000
[INFO] PDC_SERVER[1]: Checking against Object 1000000001
[INFO] PDC_SERVER[1]: Checking against Object 2000000001
[INFO] PDC_SERVER[1]: Checking against Object 1000000004
[INFO] PDC_SERVER[1]: Checking against Object 2000000004
[INFO] PDC_SERVER[1]: Checking against Object 1000000005
[INFO] PDC_SERVER[1]: Object 2000000006 NOT found in cache
[INFO] PDC_SERVER[1]: Fetching region from server for obj_id=2000000006
[INFO] PDC_SERVER[0]: Fetching region for obj_id=2000000006
[INFO] PDC_SERVER[0]: Checking against Object 2000000000
[INFO] PDC_SERVER[0]: Checking against Object 1000000001
[INFO] PDC_SERVER[0]: Checking against Object 2000000001
[INFO] PDC_SERVER[0]: Checking against Object 1000000004
[INFO] PDC_SERVER[0]: Checking against Object 2000000004
[INFO] PDC_SERVER[0]: Checking against Object 1000000005
[INFO] PDC_SERVER[0]: Object 2000000006 NOT found in cache
[INFO] PDC_SERVER[0]: Fetching region from server for obj_id=2000000006
[13:05:14.407442] [WARNING] [pdc_tf_server.c:393] PDC_SERVER[1]: SCHED: setting CUDA device to 0 for edge 0 func=zfp_decompress
[13:05:14.407464] [WARNING] [pdc_tf_server.c:401] PDC_SERVER[1]: SCHED: executing edge 0 func=zfp_decompress dev=GPU
[INFO] PDC_SERVER[0]: Executing graph with json filepath /pscratch/sd/n/nlewi26/src/work_space/source/pdc/tf_client/graphs/zfp_gpu.json
[13:05:14.408102] [WARNING] [pdc_tf_server.c:393] PDC_SERVER[0]: SCHED: setting CUDA device to 0 for edge 0 func=zfp_decompress
[13:05:14.408117] [WARNING] [pdc_tf_server.c:401] PDC_SERVER[0]: SCHED: executing edge 0 func=zfp_decompress dev=GPU
[13:05:14.422360] [WARNING] [pdc_tf_server.c:475] PDC_SERVER[0]: SCHED: done running transformations
[13:05:14.422796] [WARNING] [pdc_tf_server.c:475] PDC_SERVER[1]: SCHED: done running transformations
[INFO] PDC_SERVER[0]: Fetching region for obj_id=2000000006
[INFO] PDC_SERVER[0]: Checking against Object 2000000000
[INFO] PDC_SERVER[0]: Checking against Object 1000000001
[INFO] PDC_SERVER[0]: Checking against Object 2000000001
[INFO] PDC_SERVER[0]: Checking against Object 1000000004
[INFO] PDC_SERVER[0]: Checking against Object 2000000004
[INFO] PDC_SERVER[0]: Checking against Object 1000000005
[INFO] PDC_SERVER[0]: Object 2000000006 NOT found in cache
[INFO] PDC_SERVER[0]: Fetching region from server for obj_id=2000000006
[INFO] PDC_SERVER[1]: Fetching region for obj_id=2000000006
[INFO] PDC_SERVER[1]: Checking against Object 2000000000
[INFO] PDC_SERVER[1]: Checking against Object 1000000001
[INFO] PDC_SERVER[1]: Checking against Object 2000000001
[INFO] PDC_SERVER[1]: Checking against Object 1000000004
[INFO] PDC_SERVER[1]: Checking against Object 2000000004
[INFO] PDC_SERVER[1]: Checking against Object 1000000005
[INFO] PDC_SERVER[1]: Object 2000000006 NOT found in cache
[INFO] PDC_SERVER[1]: Fetching region from server for obj_id=2000000006
[INFO] PDC_SERVER[0]: Executing graph with json filepath /pscratch/sd/n/nlewi26/src/work_space/source/pdc/tf_client/graphs/zfp_gpu.json
[13:05:14.445360] [WARNING] [pdc_tf_server.c:393] PDC_SERVER[0]: SCHED: setting CUDA device to 0 for edge 0 func=zfp_decompress
[13:05:14.445376] [WARNING] [pdc_tf_server.c:401] PDC_SERVER[0]: SCHED: executing edge 0 func=zfp_decompress dev=GPU
[13:05:14.446218] [WARNING] [pdc_tf_server.c:393] PDC_SERVER[1]: SCHED: setting CUDA device to 0 for edge 0 func=zfp_decompress
[13:05:14.446238] [WARNING] [pdc_tf_server.c:401] PDC_SERVER[1]: SCHED: executing edge 0 func=zfp_decompress dev=GPU
[13:05:14.455396] [WARNING] [pdc_tf_server.c:475] PDC_SERVER[0]: SCHED: done running transformations
[13:05:14.457152] [WARNING] [pdc_tf_server.c:475] PDC_SERVER[1]: SCHED: done running transformations
[INFO] PDC_SERVER[0]: Fetching region for obj_id=2000000006
[INFO] PDC_SERVER[0]: Checking against Object 2000000000
[INFO] PDC_SERVER[0]: Checking against Object 1000000001
[INFO] PDC_SERVER[0]: Checking against Object 2000000001
[INFO] PDC_SERVER[0]: Checking against Object 1000000004
[INFO] PDC_SERVER[0]: Checking against Object 2000000004
[INFO] PDC_SERVER[0]: Checking against Object 1000000005
[INFO] PDC_SERVER[0]: Object 2000000006 NOT found in cache
[INFO] PDC_SERVER[0]: Fetching region from server for obj_id=2000000006
[INFO] PDC_SERVER[1]: Fetching region for obj_id=2000000006
[INFO] PDC_SERVER[1]: Checking against Object 2000000000
[INFO] PDC_SERVER[1]: Checking against Object 1000000001
[INFO] PDC_SERVER[1]: Checking against Object 2000000001
[INFO] PDC_SERVER[1]: Checking against Object 1000000004
[INFO] PDC_SERVER[1]: Checking against Object 2000000004
[INFO] PDC_SERVER[1]: Checking against Object 1000000005
[INFO] PDC_SERVER[1]: Object 2000000006 NOT found in cache
[INFO] PDC_SERVER[1]: Fetching region from server for obj_id=2000000006
[INFO] PDC_SERVER[0]: Executing graph with json filepath /pscratch/sd/n/nlewi26/src/work_space/source/pdc/tf_client/graphs/zfp_gpu.json
[13:05:14.476043] [WARNING] [pdc_tf_server.c:393] PDC_SERVER[0]: SCHED: setting CUDA device to 0 for edge 0 func=zfp_decompress
[13:05:14.476058] [WARNING] [pdc_tf_server.c:401] PDC_SERVER[0]: SCHED: executing edge 0 func=zfp_decompress dev=GPU
[13:05:14.478987] [WARNING] [pdc_tf_server.c:393] PDC_SERVER[1]: SCHED: setting CUDA device to 0 for edge 0 func=zfp_decompress
[13:05:14.479006] [WARNING] [pdc_tf_server.c:401] PDC_SERVER[1]: SCHED: executing edge 0 func=zfp_decompress dev=GPU
[13:05:14.484507] [WARNING] [pdc_tf_server.c:475] PDC_SERVER[0]: SCHED: done running transformations
[13:05:14.488168] [WARNING] [pdc_tf_server.c:475] PDC_SERVER[1]: SCHED: done running transformations
[INFO] PDC_SERVER[0]: Fetching region for obj_id=2000000006
[INFO] PDC_SERVER[0]: Checking against Object 2000000000
[INFO] PDC_SERVER[0]: Checking against Object 1000000001
[INFO] PDC_SERVER[0]: Checking against Object 2000000001
[INFO] PDC_SERVER[0]: Checking against Object 1000000004
[INFO] PDC_SERVER[0]: Checking against Object 2000000004
[INFO] PDC_SERVER[0]: Checking against Object 1000000005
[INFO] PDC_SERVER[0]: Object 2000000006 NOT found in cache
[INFO] PDC_SERVER[0]: Fetching region from server for obj_id=2000000006
[INFO] PDC_SERVER[1]: Fetching region for obj_id=2000000006
[INFO] PDC_SERVER[1]: Checking against Object 2000000000
[INFO] PDC_SERVER[1]: Checking against Object 1000000001
[INFO] PDC_SERVER[1]: Checking against Object 2000000001
[INFO] PDC_SERVER[1]: Checking against Object 1000000004
[INFO] PDC_SERVER[1]: Checking against Object 2000000004
[INFO] PDC_SERVER[1]: Checking against Object 1000000005
[INFO] PDC_SERVER[1]: Object 2000000006 NOT found in cache
[INFO] PDC_SERVER[1]: Fetching region from server for obj_id=2000000006
[13:05:14.509742] [WARNING] [pdc_tf_server.c:393] PDC_SERVER[1]: SCHED: setting CUDA device to 0 for edge 0 func=zfp_decompress
[13:05:14.509763] [WARNING] [pdc_tf_server.c:401] PDC_SERVER[1]: SCHED: executing edge 0 func=zfp_decompress dev=GPU
[INFO] PDC_SERVER[0]: Executing graph with json filepath /pscratch/sd/n/nlewi26/src/work_space/source/pdc/tf_client/graphs/zfp_gpu.json
[13:05:14.511369] [WARNING] [pdc_tf_server.c:393] PDC_SERVER[0]: SCHED: setting CUDA device to 0 for edge 0 func=zfp_decompress
[13:05:14.511381] [WARNING] [pdc_tf_server.c:401] PDC_SERVER[0]: SCHED: executing edge 0 func=zfp_decompress dev=GPU
[13:05:14.529090] [WARNING] [pdc_tf_server.c:475] PDC_SERVER[1]: SCHED: done running transformations
[13:05:14.532580] [WARNING] [pdc_tf_server.c:475] PDC_SERVER[0]: SCHED: done running transformations
[INFO] PDC_SERVER[1]: Fetching region for obj_id=2000000006
[INFO] PDC_SERVER[1]: Checking against Object 2000000000
[INFO] PDC_SERVER[1]: Checking against Object 1000000001
[INFO] PDC_SERVER[1]: Checking against Object 2000000001
[INFO] PDC_SERVER[1]: Checking against Object 1000000004
[INFO] PDC_SERVER[1]: Checking against Object 2000000004
[INFO] PDC_SERVER[1]: Checking against Object 1000000005
[INFO] PDC_SERVER[1]: Object 2000000006 NOT found in cache
[INFO] PDC_SERVER[1]: Fetching region from server for obj_id=2000000006
[INFO] PDC_SERVER[0]: Fetching region for obj_id=2000000006
[INFO] PDC_SERVER[0]: Checking against Object 2000000000
[INFO] PDC_SERVER[0]: Checking against Object 1000000001
[INFO] PDC_SERVER[0]: Checking against Object 2000000001
[INFO] PDC_SERVER[0]: Checking against Object 1000000004
[INFO] PDC_SERVER[0]: Checking against Object 2000000004
[INFO] PDC_SERVER[0]: Checking against Object 1000000005
[INFO] PDC_SERVER[0]: Object 2000000006 NOT found in cache
[INFO] PDC_SERVER[0]: Fetching region from server for obj_id=2000000006
[13:05:14.551049] [WARNING] [pdc_tf_server.c:393] PDC_SERVER[1]: SCHED: setting CUDA device to 0 for edge 0 func=zfp_decompress
[13:05:14.551068] [WARNING] [pdc_tf_server.c:401] PDC_SERVER[1]: SCHED: executing edge 0 func=zfp_decompress dev=GPU
[INFO] PDC_SERVER[0]: Executing graph with json filepath /pscratch/sd/n/nlewi26/src/work_space/source/pdc/tf_client/graphs/zfp_gpu.json
[13:05:14.556551] [WARNING] [pdc_tf_server.c:393] PDC_SERVER[0]: SCHED: setting CUDA device to 0 for edge 0 func=zfp_decompress
[13:05:14.556562] [WARNING] [pdc_tf_server.c:401] PDC_SERVER[0]: SCHED: executing edge 0 func=zfp_decompress dev=GPU
[13:05:14.569200] [WARNING] [pdc_tf_server.c:475] PDC_SERVER[1]: SCHED: done running transformations
[INFO] PDC_SERVER[1]: Fetching region for obj_id=2000000006
[INFO] PDC_SERVER[1]: Checking against Object 2000000000
[INFO] PDC_SERVER[1]: Checking against Object 1000000001
[INFO] PDC_SERVER[1]: Checking against Object 2000000001
[INFO] PDC_SERVER[1]: Checking against Object 1000000004
[INFO] PDC_SERVER[1]: Checking against Object 2000000004
[INFO] PDC_SERVER[1]: Checking against Object 1000000005
[INFO] PDC_SERVER[1]: Object 2000000006 NOT found in cache
[INFO] PDC_SERVER[1]: Fetching region from server for obj_id=2000000006
[13:05:14.574724] [WARNING] [pdc_tf_server.c:475] PDC_SERVER[0]: SCHED: done running transformations
[INFO] PDC_SERVER[0]: Fetching region for obj_id=2000000006
[INFO] PDC_SERVER[0]: Checking against Object 2000000000
[INFO] PDC_SERVER[0]: Checking against Object 1000000001
[INFO] PDC_SERVER[0]: Checking against Object 2000000001
[INFO] PDC_SERVER[0]: Checking against Object 1000000004
[INFO] PDC_SERVER[0]: Checking against Object 2000000004
[INFO] PDC_SERVER[0]: Checking against Object 1000000005
[INFO] PDC_SERVER[0]: Object 2000000006 NOT found in cache
[INFO] PDC_SERVER[0]: Fetching region from server for obj_id=2000000006
[13:05:14.590727] [WARNING] [pdc_tf_server.c:393] PDC_SERVER[1]: SCHED: setting CUDA device to 0 for edge 0 func=zfp_decompress
[13:05:14.590743] [WARNING] [pdc_tf_server.c:401] PDC_SERVER[1]: SCHED: executing edge 0 func=zfp_decompress dev=GPU
[INFO] PDC_SERVER[0]: Executing graph with json filepath /pscratch/sd/n/nlewi26/src/work_space/source/pdc/tf_client/graphs/zfp_gpu.json
[13:05:14.597155] [WARNING] [pdc_tf_server.c:393] PDC_SERVER[0]: SCHED: setting CUDA device to 0 for edge 0 func=zfp_decompress
[13:05:14.597167] [WARNING] [pdc_tf_server.c:401] PDC_SERVER[0]: SCHED: executing edge 0 func=zfp_decompress dev=GPU
[13:05:14.613842] [WARNING] [pdc_tf_server.c:475] PDC_SERVER[1]: SCHED: done running transformations
[13:05:14.616562] [WARNING] [pdc_tf_server.c:475] PDC_SERVER[0]: SCHED: done running transformations
[INFO] PDC_SERVER[1]: Fetching region for obj_id=2000000006
[INFO] PDC_SERVER[1]: Checking against Object 2000000000
[INFO] PDC_SERVER[1]: Checking against Object 1000000001
[INFO] PDC_SERVER[1]: Checking against Object 2000000001
[INFO] PDC_SERVER[1]: Checking against Object 1000000004
[INFO] PDC_SERVER[1]: Checking against Object 2000000004
[INFO] PDC_SERVER[1]: Checking against Object 1000000005
[INFO] PDC_SERVER[1]: Object 2000000006 NOT found in cache
[INFO] PDC_SERVER[1]: Fetching region from server for obj_id=2000000006
[INFO] PDC_SERVER[0]: Fetching region for obj_id=2000000006
[INFO] PDC_SERVER[0]: Checking against Object 2000000000
[INFO] PDC_SERVER[0]: Checking against Object 1000000001
[INFO] PDC_SERVER[0]: Checking against Object 2000000001
[INFO] PDC_SERVER[0]: Checking against Object 1000000004
[INFO] PDC_SERVER[0]: Checking against Object 2000000004
[INFO] PDC_SERVER[0]: Checking against Object 1000000005
[INFO] PDC_SERVER[0]: Object 2000000006 NOT found in cache
[INFO] PDC_SERVER[0]: Fetching region from server for obj_id=2000000006
[INFO] PDC_SERVER[0]: Executing graph with json filepath /pscratch/sd/n/nlewi26/src/work_space/source/pdc/tf_client/graphs/zfp_gpu.json
[13:05:14.638584] [WARNING] [pdc_tf_server.c:393] PDC_SERVER[0]: SCHED: setting CUDA device to 0 for edge 0 func=zfp_decompress
[13:05:14.638594] [WARNING] [pdc_tf_server.c:401] PDC_SERVER[0]: SCHED: executing edge 0 func=zfp_decompress dev=GPU
[13:05:14.646343] [WARNING] [pdc_tf_server.c:393] PDC_SERVER[1]: SCHED: setting CUDA device to 0 for edge 0 func=zfp_decompress
[13:05:14.646496] [WARNING] [pdc_tf_server.c:401] PDC_SERVER[1]: SCHED: executing edge 0 func=zfp_decompress dev=GPU
[13:05:14.647408] [WARNING] [pdc_tf_server.c:475] PDC_SERVER[0]: SCHED: done running transformations
[INFO] PDC_SERVER[0]: Fetching region for obj_id=2000000006
[INFO] PDC_SERVER[0]: Checking against Object 2000000000
[INFO] PDC_SERVER[0]: Checking against Object 1000000001
[INFO] PDC_SERVER[0]: Checking against Object 2000000001
[INFO] PDC_SERVER[0]: Checking against Object 1000000004
[INFO] PDC_SERVER[0]: Checking against Object 2000000004
[INFO] PDC_SERVER[0]: Checking against Object 1000000005
[INFO] PDC_SERVER[0]: Object 2000000006 NOT found in cache
[INFO] PDC_SERVER[0]: Fetching region from server for obj_id=2000000006
[13:05:14.656940] [WARNING] [pdc_tf_server.c:475] PDC_SERVER[1]: SCHED: done running transformations
[INFO] PDC_SERVER[1]: Fetching region for obj_id=2000000006
[INFO] PDC_SERVER[1]: Checking against Object 2000000000
[INFO] PDC_SERVER[1]: Checking against Object 1000000001
[INFO] PDC_SERVER[1]: Checking against Object 2000000001
[INFO] PDC_SERVER[1]: Checking against Object 1000000004
[INFO] PDC_SERVER[1]: Checking against Object 2000000004
[INFO] PDC_SERVER[1]: Checking against Object 1000000005
[INFO] PDC_SERVER[1]: Object 2000000006 NOT found in cache
[INFO] PDC_SERVER[1]: Fetching region from server for obj_id=2000000006
[INFO] PDC_SERVER[0]: Executing graph with json filepath /pscratch/sd/n/nlewi26/src/work_space/source/pdc/tf_client/graphs/zfp_gpu.json
[13:05:14.669691] [WARNING] [pdc_tf_server.c:393] PDC_SERVER[0]: SCHED: setting CUDA device to 0 for edge 0 func=zfp_decompress
[13:05:14.669707] [WARNING] [pdc_tf_server.c:401] PDC_SERVER[0]: SCHED: executing edge 0 func=zfp_decompress dev=GPU
[13:05:14.678040] [WARNING] [pdc_tf_server.c:393] PDC_SERVER[1]: SCHED: setting CUDA device to 0 for edge 0 func=zfp_decompress
[13:05:14.678062] [WARNING] [pdc_tf_server.c:401] PDC_SERVER[1]: SCHED: executing edge 0 func=zfp_decompress dev=GPU
[13:05:14.678541] [WARNING] [pdc_tf_server.c:475] PDC_SERVER[0]: SCHED: done running transformations
[INFO] PDC_SERVER[0]: Fetching region for obj_id=2000000006
[INFO] PDC_SERVER[0]: Checking against Object 2000000000
[INFO] PDC_SERVER[0]: Checking against Object 1000000001
[INFO] PDC_SERVER[0]: Checking against Object 2000000001
[INFO] PDC_SERVER[0]: Checking against Object 1000000004
[INFO] PDC_SERVER[0]: Checking against Object 2000000004
[INFO] PDC_SERVER[0]: Checking against Object 1000000005
[INFO] PDC_SERVER[0]: Object 2000000006 NOT found in cache
[INFO] PDC_SERVER[0]: Fetching region from server for obj_id=2000000006
[13:05:14.687312] [WARNING] [pdc_tf_server.c:475] PDC_SERVER[1]: SCHED: done running transformations
[INFO] PDC_SERVER[1]: Fetching region for obj_id=2000000006
[INFO] PDC_SERVER[1]: Checking against Object 2000000000
[INFO] PDC_SERVER[1]: Checking against Object 1000000001
[INFO] PDC_SERVER[1]: Checking against Object 2000000001
[INFO] PDC_SERVER[1]: Checking against Object 1000000004
[INFO] PDC_SERVER[1]: Checking against Object 2000000004
[INFO] PDC_SERVER[1]: Checking against Object 1000000005
[INFO] PDC_SERVER[1]: Object 2000000006 NOT found in cache
[INFO] PDC_SERVER[1]: Fetching region from server for obj_id=2000000006
[INFO] PDC_SERVER[0]: Executing graph with json filepath /pscratch/sd/n/nlewi26/src/work_space/source/pdc/tf_client/graphs/zfp_gpu.json
[13:05:14.701246] [WARNING] [pdc_tf_server.c:393] PDC_SERVER[0]: SCHED: setting CUDA device to 0 for edge 0 func=zfp_decompress
[13:05:14.701259] [WARNING] [pdc_tf_server.c:401] PDC_SERVER[0]: SCHED: executing edge 0 func=zfp_decompress dev=GPU
[13:05:14.709307] [WARNING] [pdc_tf_server.c:393] PDC_SERVER[1]: SCHED: setting CUDA device to 0 for edge 0 func=zfp_decompress
[13:05:14.709323] [WARNING] [pdc_tf_server.c:401] PDC_SERVER[1]: SCHED: executing edge 0 func=zfp_decompress dev=GPU
[13:05:14.712335] [WARNING] [pdc_tf_server.c:475] PDC_SERVER[0]: SCHED: done running transformations
[INFO] PDC_SERVER[0]: Fetching region for obj_id=2000000006
[INFO] PDC_SERVER[0]: Checking against Object 2000000000
[INFO] PDC_SERVER[0]: Checking against Object 1000000001
[INFO] PDC_SERVER[0]: Checking against Object 2000000001
[INFO] PDC_SERVER[0]: Checking against Object 1000000004
[INFO] PDC_SERVER[0]: Checking against Object 2000000004
[INFO] PDC_SERVER[0]: Checking against Object 1000000005
[INFO] PDC_SERVER[0]: Object 2000000006 NOT found in cache
[INFO] PDC_SERVER[0]: Fetching region from server for obj_id=2000000006
[13:05:14.722491] [WARNING] [pdc_tf_server.c:475] PDC_SERVER[1]: SCHED: done running transformations
[INFO] PDC_SERVER[1]: Fetching region for obj_id=2000000006
[INFO] PDC_SERVER[1]: Checking against Object 2000000000
[INFO] PDC_SERVER[1]: Checking against Object 1000000001
[INFO] PDC_SERVER[1]: Checking against Object 2000000001
[INFO] PDC_SERVER[1]: Checking against Object 1000000004
[INFO] PDC_SERVER[1]: Checking against Object 2000000004
[INFO] PDC_SERVER[1]: Checking against Object 1000000005
[INFO] PDC_SERVER[1]: Object 2000000006 NOT found in cache
[INFO] PDC_SERVER[1]: Fetching region from server for obj_id=2000000006
[INFO] PDC_SERVER[0]: Executing graph with json filepath /pscratch/sd/n/nlewi26/src/work_space/source/pdc/tf_client/graphs/zfp_gpu.json
[13:05:14.736886] [WARNING] [pdc_tf_server.c:393] PDC_SERVER[0]: SCHED: setting CUDA device to 0 for edge 0 func=zfp_decompress
[13:05:14.736895] [WARNING] [pdc_tf_server.c:401] PDC_SERVER[0]: SCHED: executing edge 0 func=zfp_decompress dev=GPU
[13:05:14.745415] [WARNING] [pdc_tf_server.c:393] PDC_SERVER[1]: SCHED: setting CUDA device to 0 for edge 0 func=zfp_decompress
[13:05:14.745429] [WARNING] [pdc_tf_server.c:401] PDC_SERVER[1]: SCHED: executing edge 0 func=zfp_decompress dev=GPU
[13:05:14.746605] [WARNING] [pdc_tf_server.c:475] PDC_SERVER[0]: SCHED: done running transformations
[INFO] PDC_SERVER[0]: Fetching region for obj_id=2000000006
[INFO] PDC_SERVER[0]: Checking against Object 2000000000
[INFO] PDC_SERVER[0]: Checking against Object 1000000001
[INFO] PDC_SERVER[0]: Checking against Object 2000000001
[INFO] PDC_SERVER[0]: Checking against Object 1000000004
[INFO] PDC_SERVER[0]: Checking against Object 2000000004
[INFO] PDC_SERVER[0]: Checking against Object 1000000005
[INFO] PDC_SERVER[0]: Object 2000000006 NOT found in cache
[INFO] PDC_SERVER[0]: Fetching region from server for obj_id=2000000006
[13:05:14.757961] [WARNING] [pdc_tf_server.c:475] PDC_SERVER[1]: SCHED: done running transformations
[INFO] PDC_SERVER[1]: Fetching region for obj_id=2000000006
[INFO] PDC_SERVER[1]: Checking against Object 2000000000
[INFO] PDC_SERVER[1]: Checking against Object 1000000001
[INFO] PDC_SERVER[1]: Checking against Object 2000000001
[INFO] PDC_SERVER[1]: Checking against Object 1000000004
[INFO] PDC_SERVER[1]: Checking against Object 2000000004
[INFO] PDC_SERVER[1]: Checking against Object 1000000005
[INFO] PDC_SERVER[1]: Object 2000000006 NOT found in cache
[INFO] PDC_SERVER[1]: Fetching region from server for obj_id=2000000006
[INFO] PDC_SERVER[0]: Executing graph with json filepath /pscratch/sd/n/nlewi26/src/work_space/source/pdc/tf_client/graphs/zfp_gpu.json
[13:05:14.770860] [WARNING] [pdc_tf_server.c:393] PDC_SERVER[0]: SCHED: setting CUDA device to 0 for edge 0 func=zfp_decompress
[13:05:14.770869] [WARNING] [pdc_tf_server.c:401] PDC_SERVER[0]: SCHED: executing edge 0 func=zfp_decompress dev=GPU
[13:05:14.779416] [WARNING] [pdc_tf_server.c:475] PDC_SERVER[0]: SCHED: done running transformations
[INFO] PDC_SERVER[0]: Fetching region for obj_id=2000000006
[INFO] PDC_SERVER[0]: Checking against Object 2000000000
[INFO] PDC_SERVER[0]: Checking against Object 1000000001
[INFO] PDC_SERVER[0]: Checking against Object 2000000001
[INFO] PDC_SERVER[0]: Checking against Object 1000000004
[INFO] PDC_SERVER[0]: Checking against Object 2000000004
[INFO] PDC_SERVER[0]: Checking against Object 1000000005
[INFO] PDC_SERVER[0]: Object 2000000006 NOT found in cache
[INFO] PDC_SERVER[0]: Fetching region from server for obj_id=2000000006
[13:05:14.786221] [WARNING] [pdc_tf_server.c:393] PDC_SERVER[1]: SCHED: setting CUDA device to 0 for edge 0 func=zfp_decompress
[13:05:14.786249] [WARNING] [pdc_tf_server.c:401] PDC_SERVER[1]: SCHED: executing edge 0 func=zfp_decompress dev=GPU
[13:05:14.794642] [WARNING] [pdc_tf_server.c:475] PDC_SERVER[1]: SCHED: done running transformations
[INFO] PDC_SERVER[1]: Fetching region for obj_id=2000000006
[INFO] PDC_SERVER[1]: Checking against Object 2000000000
[INFO] PDC_SERVER[1]: Checking against Object 1000000001
[INFO] PDC_SERVER[1]: Checking against Object 2000000001
[INFO] PDC_SERVER[1]: Checking against Object 1000000004
[INFO] PDC_SERVER[1]: Checking against Object 2000000004
[INFO] PDC_SERVER[1]: Checking against Object 1000000005
[INFO] PDC_SERVER[1]: Object 2000000006 NOT found in cache
[INFO] PDC_SERVER[1]: Fetching region from server for obj_id=2000000006
[INFO] PDC_SERVER[0]: Executing graph with json filepath /pscratch/sd/n/nlewi26/src/work_space/source/pdc/tf_client/graphs/zfp_gpu.json
[13:05:14.800907] [WARNING] [pdc_tf_server.c:393] PDC_SERVER[0]: SCHED: setting CUDA device to 0 for edge 0 func=zfp_decompress
[13:05:14.800924] [WARNING] [pdc_tf_server.c:401] PDC_SERVER[0]: SCHED: executing edge 0 func=zfp_decompress dev=GPU
[13:05:14.809808] [WARNING] [pdc_tf_server.c:475] PDC_SERVER[0]: SCHED: done running transformations
[INFO] PDC_SERVER[0]: Fetching region for obj_id=2000000006
[INFO] PDC_SERVER[0]: Checking against Object 2000000000
[INFO] PDC_SERVER[0]: Checking against Object 1000000001
[INFO] PDC_SERVER[0]: Checking against Object 2000000001
[INFO] PDC_SERVER[0]: Checking against Object 1000000004
[INFO] PDC_SERVER[0]: Checking against Object 2000000004
[INFO] PDC_SERVER[0]: Checking against Object 1000000005
[INFO] PDC_SERVER[0]: Object 2000000006 NOT found in cache
[INFO] PDC_SERVER[0]: Fetching region from server for obj_id=2000000006
[13:05:14.823288] [WARNING] [pdc_tf_server.c:393] PDC_SERVER[1]: SCHED: setting CUDA device to 0 for edge 0 func=zfp_decompress
[13:05:14.823318] [WARNING] [pdc_tf_server.c:401] PDC_SERVER[1]: SCHED: executing edge 0 func=zfp_decompress dev=GPU
[INFO] PDC_SERVER[0]: Executing graph with json filepath /pscratch/sd/n/nlewi26/src/work_space/source/pdc/tf_client/graphs/zfp_gpu.json
[13:05:14.831265] [WARNING] [pdc_tf_server.c:393] PDC_SERVER[0]: SCHED: setting CUDA device to 0 for edge 0 func=zfp_decompress
[13:05:14.831275] [WARNING] [pdc_tf_server.c:401] PDC_SERVER[0]: SCHED: executing edge 0 func=zfp_decompress dev=GPU
[13:05:14.831908] [WARNING] [pdc_tf_server.c:475] PDC_SERVER[1]: SCHED: done running transformations
[INFO] PDC_SERVER[1]: Fetching region for obj_id=2000000006
[INFO] PDC_SERVER[1]: Checking against Object 2000000000
[INFO] PDC_SERVER[1]: Checking against Object 1000000001
[INFO] PDC_SERVER[1]: Checking against Object 2000000001
[INFO] PDC_SERVER[1]: Checking against Object 1000000004
[INFO] PDC_SERVER[1]: Checking against Object 2000000004
[INFO] PDC_SERVER[1]: Checking against Object 1000000005
[INFO] PDC_SERVER[1]: Object 2000000006 NOT found in cache
[INFO] PDC_SERVER[1]: Fetching region from server for obj_id=2000000006
[13:05:14.841430] [WARNING] [pdc_tf_server.c:475] PDC_SERVER[0]: SCHED: done running transformations
[INFO] PDC_SERVER[0]: Fetching region for obj_id=2000000006
[INFO] PDC_SERVER[0]: Checking against Object 2000000000
[INFO] PDC_SERVER[0]: Checking against Object 1000000001
[INFO] PDC_SERVER[0]: Checking against Object 2000000001
[INFO] PDC_SERVER[0]: Checking against Object 1000000004
[INFO] PDC_SERVER[0]: Checking against Object 2000000004
[INFO] PDC_SERVER[0]: Checking against Object 1000000005
[INFO] PDC_SERVER[0]: Object 2000000006 NOT found in cache
[INFO] PDC_SERVER[0]: Fetching region from server for obj_id=2000000006
[13:05:14.854998] [WARNING] [pdc_tf_server.c:393] PDC_SERVER[1]: SCHED: setting CUDA device to 0 for edge 0 func=zfp_decompress
[13:05:14.855024] [WARNING] [pdc_tf_server.c:401] PDC_SERVER[1]: SCHED: executing edge 0 func=zfp_decompress dev=GPU
[INFO] PDC_SERVER[0]: Executing graph with json filepath /pscratch/sd/n/nlewi26/src/work_space/source/pdc/tf_client/graphs/zfp_gpu.json
[13:05:14.863666] [WARNING] [pdc_tf_server.c:393] PDC_SERVER[0]: SCHED: setting CUDA device to 0 for edge 0 func=zfp_decompress
[13:05:14.863675] [WARNING] [pdc_tf_server.c:401] PDC_SERVER[0]: SCHED: executing edge 0 func=zfp_decompress dev=GPU
[13:05:14.864401] [WARNING] [pdc_tf_server.c:475] PDC_SERVER[1]: SCHED: done running transformations
[INFO] PDC_SERVER[1]: Fetching region for obj_id=2000000006
[INFO] PDC_SERVER[1]: Checking against Object 2000000000
[INFO] PDC_SERVER[1]: Checking against Object 1000000001
[INFO] PDC_SERVER[1]: Checking against Object 2000000001
[INFO] PDC_SERVER[1]: Checking against Object 1000000004
[INFO] PDC_SERVER[1]: Checking against Object 2000000004
[INFO] PDC_SERVER[1]: Checking against Object 1000000005
[INFO] PDC_SERVER[1]: Object 2000000006 NOT found in cache
[INFO] PDC_SERVER[1]: Fetching region from server for obj_id=2000000006
[13:05:14.875589] [WARNING] [pdc_tf_server.c:475] PDC_SERVER[0]: SCHED: done running transformations
[INFO] PDC_SERVER[0]: Fetching region for obj_id=2000000006
[INFO] PDC_SERVER[0]: Checking against Object 2000000000
[INFO] PDC_SERVER[0]: Checking against Object 1000000001
[INFO] PDC_SERVER[0]: Checking against Object 2000000001
[INFO] PDC_SERVER[0]: Checking against Object 1000000004
[INFO] PDC_SERVER[0]: Checking against Object 2000000004
[INFO] PDC_SERVER[0]: Checking against Object 1000000005
[INFO] PDC_SERVER[0]: Object 2000000006 NOT found in cache
[INFO] PDC_SERVER[0]: Fetching region from server for obj_id=2000000006
[13:05:14.892422] [WARNING] [pdc_tf_server.c:393] PDC_SERVER[1]: SCHED: setting CUDA device to 0 for edge 0 func=zfp_decompress
[13:05:14.892447] [WARNING] [pdc_tf_server.c:401] PDC_SERVER[1]: SCHED: executing edge 0 func=zfp_decompress dev=GPU
[INFO] PDC_SERVER[0]: Executing graph with json filepath /pscratch/sd/n/nlewi26/src/work_space/source/pdc/tf_client/graphs/zfp_gpu.json
[13:05:14.898171] [WARNING] [pdc_tf_server.c:393] PDC_SERVER[0]: SCHED: setting CUDA device to 0 for edge 0 func=zfp_decompress
[13:05:14.898185] [WARNING] [pdc_tf_server.c:401] PDC_SERVER[0]: SCHED: executing edge 0 func=zfp_decompress dev=GPU
[13:05:14.904195] [WARNING] [pdc_tf_server.c:475] PDC_SERVER[1]: SCHED: done running transformations
[13:05:14.909257] [WARNING] [pdc_tf_server.c:475] PDC_SERVER[0]: SCHED: done running transformations
[INFO] PDC_SERVER[1]: Fetching region for obj_id=2000000006
[INFO] PDC_SERVER[1]: Checking against Object 2000000000
[INFO] PDC_SERVER[1]: Checking against Object 1000000001
[INFO] PDC_SERVER[1]: Checking against Object 2000000001
[INFO] PDC_SERVER[1]: Checking against Object 1000000004
[INFO] PDC_SERVER[1]: Checking against Object 2000000004
[INFO] PDC_SERVER[1]: Checking against Object 1000000005
[INFO] PDC_SERVER[1]: Object 2000000006 NOT found in cache
[INFO] PDC_SERVER[1]: Fetching region from server for obj_id=2000000006
[INFO] PDC_SERVER[0]: Fetching region for obj_id=2000000006
[INFO] PDC_SERVER[0]: Checking against Object 2000000000
[INFO] PDC_SERVER[0]: Checking against Object 1000000001
[INFO] PDC_SERVER[0]: Checking against Object 2000000001
[INFO] PDC_SERVER[0]: Checking against Object 1000000004
[INFO] PDC_SERVER[0]: Checking against Object 2000000004
[INFO] PDC_SERVER[0]: Checking against Object 1000000005
[INFO] PDC_SERVER[0]: Object 2000000006 NOT found in cache
[INFO] PDC_SERVER[0]: Fetching region from server for obj_id=2000000006
[INFO] PDC_SERVER[0]: Executing graph with json filepath /pscratch/sd/n/nlewi26/src/work_space/source/pdc/tf_client/graphs/zfp_gpu.json
[13:05:14.932043] [WARNING] [pdc_tf_server.c:393] PDC_SERVER[0]: SCHED: setting CUDA device to 0 for edge 0 func=zfp_decompress
[13:05:14.932053] [WARNING] [pdc_tf_server.c:401] PDC_SERVER[0]: SCHED: executing edge 0 func=zfp_decompress dev=GPU
[13:05:14.932965] [WARNING] [pdc_tf_server.c:393] PDC_SERVER[1]: SCHED: setting CUDA device to 0 for edge 0 func=zfp_decompress
[13:05:14.933001] [WARNING] [pdc_tf_server.c:401] PDC_SERVER[1]: SCHED: executing edge 0 func=zfp_decompress dev=GPU
[13:05:14.944398] [WARNING] [pdc_tf_server.c:475] PDC_SERVER[0]: SCHED: done running transformations
[13:05:14.946189] [WARNING] [pdc_tf_server.c:475] PDC_SERVER[1]: SCHED: done running transformations
[INFO] PDC_SERVER[1]: Fetching region for obj_id=2000000006
[INFO] PDC_SERVER[1]: Checking against Object 2000000000
[INFO] PDC_SERVER[1]: Checking against Object 1000000001
[INFO] PDC_SERVER[1]: Checking against Object 2000000001
[INFO] PDC_SERVER[1]: Checking against Object 1000000004
[INFO] PDC_SERVER[1]: Checking against Object 2000000004
[INFO] PDC_SERVER[1]: Checking against Object 1000000005
[INFO] PDC_SERVER[1]: Object 2000000006 NOT found in cache
[INFO] PDC_SERVER[1]: Fetching region from server for obj_id=2000000006
[13:05:14.974902] [WARNING] [pdc_tf_server.c:393] PDC_SERVER[1]: SCHED: setting CUDA device to 0 for edge 0 func=zfp_decompress
[13:05:14.974927] [WARNING] [pdc_tf_server.c:401] PDC_SERVER[1]: SCHED: executing edge 0 func=zfp_decompress dev=GPU
[13:05:14.992477] [WARNING] [pdc_tf_server.c:475] PDC_SERVER[1]: SCHED: done running transformations
[INFO] PDC_SERVER[0]: Starting flush for obj_id 2000000007, ndim=3
[13:05:15.169839] [WARNING] [pdc_server_region_cache.c:823] PDC_SERVER[0]: Region mapping lookup took 0.000001 s
[13:05:15.169848] [WARNING] [pdc_server_region_cache.c:828] PDC_SERVER[0]: No region mapping found for obj_id 2000000007
[13:05:15.188060] [WARNING] [pdc_server_region_cache.c:834] PDC_SERVER[0]: Flushed region via POSIX I/O in 0.018196 s
[13:05:15.188077] [WARNING] [pdc_server_region_cache.c:850] PDC_SERVER[0]: [2026-10-07 13:05:15.188074] Flushed 16.00 / 16.00 MB to storage
[INFO] PDC_SERVER[0]: Region flush iteration took 0.018249 s
[INFO] PDC_SERVER[0]: Starting flush for obj_id 2000000007, ndim=3
[13:05:15.190182] [WARNING] [pdc_server_region_cache.c:823] PDC_SERVER[0]: Region mapping lookup took 0.000001 s
[13:05:15.190187] [WARNING] [pdc_server_region_cache.c:828] PDC_SERVER[0]: No region mapping found for obj_id 2000000007
[13:05:15.208281] [WARNING] [pdc_server_region_cache.c:834] PDC_SERVER[0]: Flushed region via POSIX I/O in 0.018089 s
[13:05:15.208295] [WARNING] [pdc_server_region_cache.c:850] PDC_SERVER[0]: [2026-10-07 13:05:15.208293] Flushed 16.00 / 16.00 MB to storage
[INFO] PDC_SERVER[0]: Region flush iteration took 0.018120 s
[INFO] PDC_SERVER[0]: Starting flush for obj_id 2000000007, ndim=3
[13:05:15.210147] [WARNING] [pdc_server_region_cache.c:823] PDC_SERVER[0]: Region mapping lookup took 0.000000 s
[13:05:15.210153] [WARNING] [pdc_server_region_cache.c:828] PDC_SERVER[0]: No region mapping found for obj_id 2000000007
[13:05:15.229494] [WARNING] [pdc_server_region_cache.c:834] PDC_SERVER[0]: Flushed region via POSIX I/O in 0.019331 s
[13:05:15.229507] [WARNING] [pdc_server_region_cache.c:850] PDC_SERVER[0]: [2026-10-07 13:05:15.229504] Flushed 16.00 / 16.00 MB to storage
[INFO] PDC_SERVER[0]: Region flush iteration took 0.019368 s
[INFO] PDC_SERVER[0]: Starting flush for obj_id 2000000007, ndim=3
[13:05:15.241004] [WARNING] [pdc_server_region_cache.c:823] PDC_SERVER[0]: Region mapping lookup took 0.000000 s
[13:05:15.241010] [WARNING] [pdc_server_region_cache.c:828] PDC_SERVER[0]: No region mapping found for obj_id 2000000007
[13:05:15.258290] [WARNING] [pdc_server_region_cache.c:834] PDC_SERVER[0]: Flushed region via POSIX I/O in 0.017276 s
[13:05:15.258304] [WARNING] [pdc_server_region_cache.c:850] PDC_SERVER[0]: [2026-10-07 13:05:15.258302] Flushed 16.00 / 16.00 MB to storage
[INFO] PDC_SERVER[0]: Region flush iteration took 0.017307 s
[INFO] PDC_SERVER[0]: Starting flush for obj_id 2000000007, ndim=3
[13:05:15.259652] [WARNING] [pdc_server_region_cache.c:823] PDC_SERVER[0]: Region mapping lookup took 0.000001 s
[13:05:15.259658] [WARNING] [pdc_server_region_cache.c:828] PDC_SERVER[0]: No region mapping found for obj_id 2000000007
[13:05:15.277659] [WARNING] [pdc_server_region_cache.c:834] PDC_SERVER[0]: Flushed region via POSIX I/O in 0.017978 s
[13:05:15.277689] [WARNING] [pdc_server_region_cache.c:850] PDC_SERVER[0]: [2026-10-07 13:05:15.277678] Flushed 16.00 / 16.00 MB to storage
[INFO] PDC_SERVER[0]: Region flush iteration took 0.018046 s
[INFO] PDC_SERVER[0]: Starting flush for obj_id 2000000007, ndim=3
[13:05:15.280080] [WARNING] [pdc_server_region_cache.c:823] PDC_SERVER[0]: Region mapping lookup took 0.000002 s
[13:05:15.280085] [WARNING] [pdc_server_region_cache.c:828] PDC_SERVER[0]: No region mapping found for obj_id 2000000007
[13:05:15.298080] [WARNING] [pdc_server_region_cache.c:834] PDC_SERVER[0]: Flushed region via POSIX I/O in 0.017987 s
[13:05:15.298091] [WARNING] [pdc_server_region_cache.c:850] PDC_SERVER[0]: [2026-10-07 13:05:15.298088] Flushed 16.00 / 16.00 MB to storage
[INFO] PDC_SERVER[0]: Region flush iteration took 0.018021 s
[INFO] PDC_SERVER[0]: Starting flush for obj_id 2000000007, ndim=3
[13:05:15.299131] [WARNING] [pdc_server_region_cache.c:823] PDC_SERVER[0]: Region mapping lookup took 0.000001 s
[13:05:15.299136] [WARNING] [pdc_server_region_cache.c:828] PDC_SERVER[0]: No region mapping found for obj_id 2000000007
[13:05:15.316423] [WARNING] [pdc_server_region_cache.c:834] PDC_SERVER[0]: Flushed region via POSIX I/O in 0.017279 s
[13:05:15.316433] [WARNING] [pdc_server_region_cache.c:850] PDC_SERVER[0]: [2026-10-07 13:05:15.316430] Flushed 16.00 / 16.00 MB to storage
[INFO] PDC_SERVER[0]: Region flush iteration took 0.017309 s
[INFO] PDC_SERVER[0]: Starting flush for obj_id 2000000007, ndim=3
[13:05:15.317393] [WARNING] [pdc_server_region_cache.c:823] PDC_SERVER[0]: Region mapping lookup took 0.000001 s
[13:05:15.317397] [WARNING] [pdc_server_region_cache.c:828] PDC_SERVER[0]: No region mapping found for obj_id 2000000007
[13:05:15.335168] [WARNING] [pdc_server_region_cache.c:834] PDC_SERVER[0]: Flushed region via POSIX I/O in 0.017763 s
[13:05:15.335178] [WARNING] [pdc_server_region_cache.c:850] PDC_SERVER[0]: [2026-10-07 13:05:15.335175] Flushed 16.00 / 16.00 MB to storage
[INFO] PDC_SERVER[0]: Region flush iteration took 0.017793 s
[INFO] PDC_SERVER[0]: Starting flush for obj_id 2000000007, ndim=3
[13:05:15.336115] [WARNING] [pdc_server_region_cache.c:823] PDC_SERVER[0]: Region mapping lookup took 0.000001 s
[13:05:15.336119] [WARNING] [pdc_server_region_cache.c:828] PDC_SERVER[0]: No region mapping found for obj_id 2000000007
[13:05:15.353727] [WARNING] [pdc_server_region_cache.c:834] PDC_SERVER[0]: Flushed region via POSIX I/O in 0.017600 s
[13:05:15.353736] [WARNING] [pdc_server_region_cache.c:850] PDC_SERVER[0]: [2026-10-07 13:05:15.353733] Flushed 16.00 / 16.00 MB to storage
[INFO] PDC_SERVER[0]: Region flush iteration took 0.017628 s
[INFO] PDC_SERVER[0]: Starting flush for obj_id 2000000007, ndim=3
[13:05:15.354664] [WARNING] [pdc_server_region_cache.c:823] PDC_SERVER[0]: Region mapping lookup took 0.000001 s
[13:05:15.354668] [WARNING] [pdc_server_region_cache.c:828] PDC_SERVER[0]: No region mapping found for obj_id 2000000007
[13:05:15.372362] [WARNING] [pdc_server_region_cache.c:834] PDC_SERVER[0]: Flushed region via POSIX I/O in 0.017687 s
[13:05:15.372372] [WARNING] [pdc_server_region_cache.c:850] PDC_SERVER[0]: [2026-10-07 13:05:15.372369] Flushed 16.00 / 16.00 MB to storage
[INFO] PDC_SERVER[0]: Region flush iteration took 0.017715 s
[INFO] PDC_SERVER[0]: Starting flush for obj_id 2000000007, ndim=3
[13:05:15.373416] [WARNING] [pdc_server_region_cache.c:823] PDC_SERVER[0]: Region mapping lookup took 0.000001 s
[13:05:15.373421] [WARNING] [pdc_server_region_cache.c:828] PDC_SERVER[0]: No region mapping found for obj_id 2000000007
[13:05:15.390748] [WARNING] [pdc_server_region_cache.c:834] PDC_SERVER[0]: Flushed region via POSIX I/O in 0.017319 s
[13:05:15.390757] [WARNING] [pdc_server_region_cache.c:850] PDC_SERVER[0]: [2026-10-07 13:05:15.390754] Flushed 16.00 / 16.00 MB to storage
[INFO] PDC_SERVER[0]: Region flush iteration took 0.017349 s
[INFO] PDC_SERVER[0]: Starting flush for obj_id 2000000007, ndim=3
[13:05:15.391939] [WARNING] [pdc_server_region_cache.c:823] PDC_SERVER[0]: Region mapping lookup took 0.000006 s
[13:05:15.391943] [WARNING] [pdc_server_region_cache.c:828] PDC_SERVER[0]: No region mapping found for obj_id 2000000007
[13:05:15.409738] [WARNING] [pdc_server_region_cache.c:834] PDC_SERVER[0]: Flushed region via POSIX I/O in 0.017791 s
[13:05:15.409749] [WARNING] [pdc_server_region_cache.c:850] PDC_SERVER[0]: [2026-10-07 13:05:15.409747] Flushed 16.00 / 16.00 MB to storage
[INFO] PDC_SERVER[0]: Region flush iteration took 0.017822 s
[INFO] PDC_SERVER[0]: Starting flush for obj_id 2000000007, ndim=3
[13:05:15.410862] [WARNING] [pdc_server_region_cache.c:823] PDC_SERVER[0]: Region mapping lookup took 0.000001 s
[13:05:15.410868] [WARNING] [pdc_server_region_cache.c:828] PDC_SERVER[0]: No region mapping found for obj_id 2000000007
[13:05:15.428282] [WARNING] [pdc_server_region_cache.c:834] PDC_SERVER[0]: Flushed region via POSIX I/O in 0.017405 s
[13:05:15.428291] [WARNING] [pdc_server_region_cache.c:850] PDC_SERVER[0]: [2026-10-07 13:05:15.428288] Flushed 16.00 / 16.00 MB to storage
[INFO] PDC_SERVER[0]: Region flush iteration took 0.017437 s
[INFO] PDC_SERVER[0]: Starting flush for obj_id 2000000007, ndim=3
[13:05:15.434209] [WARNING] [pdc_server_region_cache.c:823] PDC_SERVER[0]: Region mapping lookup took 0.000000 s
[13:05:15.434213] [WARNING] [pdc_server_region_cache.c:828] PDC_SERVER[0]: No region mapping found for obj_id 2000000007
[13:05:15.451977] [WARNING] [pdc_server_region_cache.c:834] PDC_SERVER[0]: Flushed region via POSIX I/O in 0.017761 s
[13:05:15.451988] [WARNING] [pdc_server_region_cache.c:850] PDC_SERVER[0]: [2026-10-07 13:05:15.451986] Flushed 16.00 / 16.00 MB to storage
[INFO] PDC_SERVER[0]: Region flush iteration took 0.017785 s
[INFO] PDC_SERVER[0]: Starting flush for obj_id 2000000007, ndim=3
[13:05:15.453010] [WARNING] [pdc_server_region_cache.c:823] PDC_SERVER[0]: Region mapping lookup took 0.000000 s
[13:05:15.453014] [WARNING] [pdc_server_region_cache.c:828] PDC_SERVER[0]: No region mapping found for obj_id 2000000007
[13:05:15.470298] [WARNING] [pdc_server_region_cache.c:834] PDC_SERVER[0]: Flushed region via POSIX I/O in 0.017276 s
[13:05:15.470307] [WARNING] [pdc_server_region_cache.c:850] PDC_SERVER[0]: [2026-10-07 13:05:15.470304] Flushed 16.00 / 16.00 MB to storage
[INFO] PDC_SERVER[0]: Region flush iteration took 0.017303 s
[INFO] PDC_SERVER[0]: Starting flush for obj_id 2000000007, ndim=3
[13:05:15.492030] [WARNING] [pdc_server_region_cache.c:823] PDC_SERVER[0]: Region mapping lookup took 0.000000 s
[13:05:15.492034] [WARNING] [pdc_server_region_cache.c:828] PDC_SERVER[0]: No region mapping found for obj_id 2000000007
[13:05:15.508556] [WARNING] [pdc_server_region_cache.c:834] PDC_SERVER[0]: Flushed region via POSIX I/O in 0.016518 s
[13:05:15.508566] [WARNING] [pdc_server_region_cache.c:850] PDC_SERVER[0]: [2026-10-07 13:05:15.508563] Flushed 16.00 / 16.00 MB to storage
[INFO] PDC_SERVER[0]: Region flush iteration took 0.016541 s
[INFO] PDC_SERVER[0]: Starting flush for obj_id 1000000008, ndim=3
[13:05:15.519044] [WARNING] [pdc_server_region_cache.c:823] PDC_SERVER[0]: Region mapping lookup took 0.000000 s
[13:05:15.519049] [WARNING] [pdc_server_region_cache.c:828] PDC_SERVER[0]: No region mapping found for obj_id 1000000008
[13:05:15.538601] [WARNING] [pdc_server_region_cache.c:834] PDC_SERVER[0]: Flushed region via POSIX I/O in 0.019539 s
[13:05:15.538630] [WARNING] [pdc_server_region_cache.c:850] PDC_SERVER[0]: [2026-10-07 13:05:15.538626] Flushed 16.00 / 16.00 MB to storage
[INFO] PDC_SERVER[0]: Region flush iteration took 0.019592 s
[INFO] PDC_SERVER[0]: Starting flush for obj_id 1000000008, ndim=3
[13:05:15.541165] [WARNING] [pdc_server_region_cache.c:823] PDC_SERVER[0]: Region mapping lookup took 0.000001 s
[13:05:15.541170] [WARNING] [pdc_server_region_cache.c:828] PDC_SERVER[0]: No region mapping found for obj_id 1000000008
[13:05:15.559086] [WARNING] [pdc_server_region_cache.c:834] PDC_SERVER[0]: Flushed region via POSIX I/O in 0.017906 s
[13:05:15.559101] [WARNING] [pdc_server_region_cache.c:850] PDC_SERVER[0]: [2026-10-07 13:05:15.559098] Flushed 16.00 / 16.00 MB to storage
[INFO] PDC_SERVER[0]: Region flush iteration took 0.017944 s
[INFO] PDC_SERVER[0]: Starting flush for obj_id 1000000008, ndim=3
[13:05:15.562316] [WARNING] [pdc_server_region_cache.c:823] PDC_SERVER[0]: Region mapping lookup took 0.000001 s
[13:05:15.562320] [WARNING] [pdc_server_region_cache.c:828] PDC_SERVER[0]: No region mapping found for obj_id 1000000008
[13:05:15.579566] [WARNING] [pdc_server_region_cache.c:834] PDC_SERVER[0]: Flushed region via POSIX I/O in 0.017240 s
[13:05:15.579586] [WARNING] [pdc_server_region_cache.c:850] PDC_SERVER[0]: [2026-10-07 13:05:15.579584] Flushed 16.00 / 16.00 MB to storage
[INFO] PDC_SERVER[0]: Region flush iteration took 0.017278 s
[INFO] PDC_SERVER[0]: Starting flush for obj_id 1000000008, ndim=3
[13:05:15.581622] [WARNING] [pdc_server_region_cache.c:823] PDC_SERVER[0]: Region mapping lookup took 0.000001 s
[13:05:15.581629] [WARNING] [pdc_server_region_cache.c:828] PDC_SERVER[0]: No region mapping found for obj_id 1000000008
[13:05:15.599950] [WARNING] [pdc_server_region_cache.c:834] PDC_SERVER[0]: Flushed region via POSIX I/O in 0.018313 s
[13:05:15.599960] [WARNING] [pdc_server_region_cache.c:850] PDC_SERVER[0]: [2026-10-07 13:05:15.599957] Flushed 16.00 / 16.00 MB to storage
[INFO] PDC_SERVER[0]: Region flush iteration took 0.018346 s
[INFO] PDC_SERVER[0]: Starting flush for obj_id 1000000008, ndim=3
[13:05:15.601888] [WARNING] [pdc_server_region_cache.c:823] PDC_SERVER[0]: Region mapping lookup took 0.000001 s
[13:05:15.601893] [WARNING] [pdc_server_region_cache.c:828] PDC_SERVER[0]: No region mapping found for obj_id 1000000008
[13:05:15.620201] [WARNING] [pdc_server_region_cache.c:834] PDC_SERVER[0]: Flushed region via POSIX I/O in 0.018302 s
[13:05:15.620211] [WARNING] [pdc_server_region_cache.c:850] PDC_SERVER[0]: [2026-10-07 13:05:15.620208] Flushed 16.00 / 16.00 MB to storage
[INFO] PDC_SERVER[0]: Region flush iteration took 0.018330 s
[INFO] PDC_SERVER[0]: Starting flush for obj_id 1000000008, ndim=3
[13:05:15.621816] [WARNING] [pdc_server_region_cache.c:823] PDC_SERVER[0]: Region mapping lookup took 0.000001 s
[13:05:15.621822] [WARNING] [pdc_server_region_cache.c:828] PDC_SERVER[0]: No region mapping found for obj_id 1000000008
[13:05:15.638750] [WARNING] [pdc_server_region_cache.c:834] PDC_SERVER[0]: Flushed region via POSIX I/O in 0.016921 s
[13:05:15.638760] [WARNING] [pdc_server_region_cache.c:850] PDC_SERVER[0]: [2026-10-07 13:05:15.638757] Flushed 16.00 / 16.00 MB to storage
[INFO] PDC_SERVER[0]: Region flush iteration took 0.016953 s
[INFO] PDC_SERVER[0]: Starting flush for obj_id 1000000008, ndim=3
[13:05:15.640268] [WARNING] [pdc_server_region_cache.c:823] PDC_SERVER[0]: Region mapping lookup took 0.000001 s
[13:05:15.640272] [WARNING] [pdc_server_region_cache.c:828] PDC_SERVER[0]: No region mapping found for obj_id 1000000008
[13:05:15.657466] [WARNING] [pdc_server_region_cache.c:834] PDC_SERVER[0]: Flushed region via POSIX I/O in 0.017186 s
[13:05:15.657487] [WARNING] [pdc_server_region_cache.c:850] PDC_SERVER[0]: [2026-10-07 13:05:15.657485] Flushed 16.00 / 16.00 MB to storage
[INFO] PDC_SERVER[0]: Region flush iteration took 0.017226 s
[INFO] PDC_SERVER[0]: Starting flush for obj_id 1000000008, ndim=3
[13:05:15.659127] [WARNING] [pdc_server_region_cache.c:823] PDC_SERVER[0]: Region mapping lookup took 0.000003 s
[13:05:15.659132] [WARNING] [pdc_server_region_cache.c:828] PDC_SERVER[0]: No region mapping found for obj_id 1000000008
[13:05:15.676062] [WARNING] [pdc_server_region_cache.c:834] PDC_SERVER[0]: Flushed region via POSIX I/O in 0.016920 s
[13:05:15.676075] [WARNING] [pdc_server_region_cache.c:850] PDC_SERVER[0]: [2026-10-07 13:05:15.676070] Flushed 16.00 / 16.00 MB to storage
[INFO] PDC_SERVER[0]: Region flush iteration took 0.016959 s
[INFO] PDC_SERVER[0]: Starting flush for obj_id 1000000008, ndim=3
[13:05:15.677183] [WARNING] [pdc_server_region_cache.c:823] PDC_SERVER[0]: Region mapping lookup took 0.000001 s
[13:05:15.677192] [WARNING] [pdc_server_region_cache.c:828] PDC_SERVER[0]: No region mapping found for obj_id 1000000008
[13:05:15.694230] [WARNING] [pdc_server_region_cache.c:834] PDC_SERVER[0]: Flushed region via POSIX I/O in 0.017029 s
[13:05:15.694240] [WARNING] [pdc_server_region_cache.c:850] PDC_SERVER[0]: [2026-10-07 13:05:15.694237] Flushed 16.00 / 16.00 MB to storage
[INFO] PDC_SERVER[0]: Region flush iteration took 0.017064 s
[INFO] PDC_SERVER[0]: Starting flush for obj_id 1000000008, ndim=3
[13:05:15.695366] [WARNING] [pdc_server_region_cache.c:823] PDC_SERVER[0]: Region mapping lookup took 0.000000 s
[13:05:15.695371] [WARNING] [pdc_server_region_cache.c:828] PDC_SERVER[0]: No region mapping found for obj_id 1000000008
[13:05:15.712616] [WARNING] [pdc_server_region_cache.c:834] PDC_SERVER[0]: Flushed region via POSIX I/O in 0.017237 s
[13:05:15.712625] [WARNING] [pdc_server_region_cache.c:850] PDC_SERVER[0]: [2026-10-07 13:05:15.712622] Flushed 16.00 / 16.00 MB to storage
[INFO] PDC_SERVER[0]: Region flush iteration took 0.017265 s
[INFO] PDC_SERVER[0]: Starting flush for obj_id 1000000008, ndim=3
[13:05:15.718072] [WARNING] [pdc_server_region_cache.c:823] PDC_SERVER[0]: Region mapping lookup took 0.000000 s
[13:05:15.718076] [WARNING] [pdc_server_region_cache.c:828] PDC_SERVER[0]: No region mapping found for obj_id 1000000008
[13:05:15.735207] [WARNING] [pdc_server_region_cache.c:834] PDC_SERVER[0]: Flushed region via POSIX I/O in 0.017127 s
[13:05:15.735217] [WARNING] [pdc_server_region_cache.c:850] PDC_SERVER[0]: [2026-10-07 13:05:15.735215] Flushed 16.00 / 16.00 MB to storage
[INFO] PDC_SERVER[0]: Region flush iteration took 0.017151 s
[INFO] PDC_SERVER[0]: Starting flush for obj_id 1000000008, ndim=3
[13:05:15.736268] [WARNING] [pdc_server_region_cache.c:823] PDC_SERVER[0]: Region mapping lookup took 0.000000 s
[13:05:15.736272] [WARNING] [pdc_server_region_cache.c:828] PDC_SERVER[0]: No region mapping found for obj_id 1000000008
[13:05:15.753811] [WARNING] [pdc_server_region_cache.c:834] PDC_SERVER[0]: Flushed region via POSIX I/O in 0.017532 s
[13:05:15.753821] [WARNING] [pdc_server_region_cache.c:850] PDC_SERVER[0]: [2026-10-07 13:05:15.753818] Flushed 16.00 / 16.00 MB to storage
[INFO] PDC_SERVER[0]: Region flush iteration took 0.017559 s
[INFO] PDC_SERVER[0]: Starting flush for obj_id 1000000008, ndim=3
[13:05:15.754824] [WARNING] [pdc_server_region_cache.c:823] PDC_SERVER[0]: Region mapping lookup took 0.000000 s
[13:05:15.754829] [WARNING] [pdc_server_region_cache.c:828] PDC_SERVER[0]: No region mapping found for obj_id 1000000008
[13:05:15.771939] [WARNING] [pdc_server_region_cache.c:834] PDC_SERVER[0]: Flushed region via POSIX I/O in 0.017103 s
[13:05:15.771948] [WARNING] [pdc_server_region_cache.c:850] PDC_SERVER[0]: [2026-10-07 13:05:15.771945] Flushed 16.00 / 16.00 MB to storage
[INFO] PDC_SERVER[0]: Region flush iteration took 0.017130 s
[INFO] PDC_SERVER[0]: Starting flush for obj_id 1000000008, ndim=3
[13:05:15.773602] [WARNING] [pdc_server_region_cache.c:823] PDC_SERVER[0]: Region mapping lookup took 0.000000 s
[13:05:15.773609] [WARNING] [pdc_server_region_cache.c:828] PDC_SERVER[0]: No region mapping found for obj_id 1000000008
[13:05:15.790890] [WARNING] [pdc_server_region_cache.c:834] PDC_SERVER[0]: Flushed region via POSIX I/O in 0.017275 s
[13:05:15.790901] [WARNING] [pdc_server_region_cache.c:850] PDC_SERVER[0]: [2026-10-07 13:05:15.790898] Flushed 16.00 / 16.00 MB to storage
[INFO] PDC_SERVER[0]: Region flush iteration took 0.017305 s
[INFO] PDC_SERVER[0]: Starting flush for obj_id 1000000008, ndim=3
[13:05:15.802197] [WARNING] [pdc_server_region_cache.c:823] PDC_SERVER[0]: Region mapping lookup took 0.000000 s
[13:05:15.802201] [WARNING] [pdc_server_region_cache.c:828] PDC_SERVER[0]: No region mapping found for obj_id 1000000008
[13:05:15.819086] [WARNING] [pdc_server_region_cache.c:834] PDC_SERVER[0]: Flushed region via POSIX I/O in 0.016881 s
[13:05:15.819097] [WARNING] [pdc_server_region_cache.c:850] PDC_SERVER[0]: [2026-10-07 13:05:15.819094] Flushed 16.00 / 16.00 MB to storage
[INFO] PDC_SERVER[0]: Region flush iteration took 0.016908 s
[INFO] PDC_SERVER[0]: Starting flush for obj_id 1000000008, ndim=3
[13:05:15.829442] [WARNING] [pdc_server_region_cache.c:823] PDC_SERVER[0]: Region mapping lookup took 0.000000 s
[13:05:15.829447] [WARNING] [pdc_server_region_cache.c:828] PDC_SERVER[0]: No region mapping found for obj_id 1000000008
[13:05:15.846104] [WARNING] [pdc_server_region_cache.c:834] PDC_SERVER[0]: Flushed region via POSIX I/O in 0.016654 s
[13:05:15.846115] [WARNING] [pdc_server_region_cache.c:850] PDC_SERVER[0]: [2026-10-07 13:05:15.846113] Flushed 16.00 / 16.00 MB to storage
[INFO] PDC_SERVER[0]: Region flush iteration took 0.016678 s
[INFO] PDC_SERVER[0]: Starting flush for obj_id 2000000008, ndim=3
[13:05:15.858241] [WARNING] [pdc_server_region_cache.c:823] PDC_SERVER[0]: Region mapping lookup took 0.000000 s
[13:05:15.858245] [WARNING] [pdc_server_region_cache.c:828] PDC_SERVER[0]: No region mapping found for obj_id 2000000008
[INFO] PDC_SERVER[0]: Executing graph with json filepath /pscratch/sd/n/nlewi26/src/work_space/source/pdc/tf_client/graphs/zfp_gpu.json
[13:05:16.156687] [WARNING] [pdc_tf_server.c:393] PDC_SERVER[0]: SCHED: setting CUDA device to 0 for edge 0 func=zfp_compress
[13:05:16.156736] [WARNING] [pdc_tf_server.c:401] PDC_SERVER[0]: SCHED: executing edge 0 func=zfp_compress dev=GPU
[13:05:16.166942] [WARNING] [pdc_tf_server.c:475] PDC_SERVER[0]: SCHED: done running transformations
[13:05:16.187181] [WARNING] [pdc_tf_server.c:393] PDC_SERVER[1]: SCHED: setting CUDA device to 0 for edge 0 func=zfp_compress
[13:05:16.187259] [WARNING] [pdc_tf_server.c:401] PDC_SERVER[1]: SCHED: executing edge 0 func=zfp_compress dev=GPU
[13:05:16.197135] [WARNING] [pdc_tf_server.c:475] PDC_SERVER[1]: SCHED: done running transformations
[13:05:16.204108] [WARNING] [pdc_server_region_cache.c:834] PDC_SERVER[0]: Flushed region via POSIX I/O in 0.345852 s
[13:05:16.204127] [WARNING] [pdc_server_region_cache.c:850] PDC_SERVER[0]: [2026-10-07 13:05:16.204122] Flushed 16.00 / 16.00 MB to storage
[INFO] PDC_SERVER[0]: Region flush iteration took 0.345903 s
[INFO] PDC_SERVER[0]: Starting flush for obj_id 2000000008, ndim=3
[13:05:16.205974] [WARNING] [pdc_server_region_cache.c:823] PDC_SERVER[0]: Region mapping lookup took 0.000001 s
[13:05:16.205978] [WARNING] [pdc_server_region_cache.c:828] PDC_SERVER[0]: No region mapping found for obj_id 2000000008
[INFO] PDC_SERVER[0]: Executing graph with json filepath /pscratch/sd/n/nlewi26/src/work_space/source/pdc/tf_client/graphs/zfp_gpu.json
[13:05:16.461107] [WARNING] [pdc_tf_server.c:393] PDC_SERVER[0]: SCHED: setting CUDA device to 0 for edge 0 func=zfp_compress
[13:05:16.461121] [WARNING] [pdc_tf_server.c:401] PDC_SERVER[0]: SCHED: executing edge 0 func=zfp_compress dev=GPU
[13:05:16.471593] [WARNING] [pdc_tf_server.c:475] PDC_SERVER[0]: SCHED: done running transformations
[13:05:16.501569] [WARNING] [pdc_tf_server.c:393] PDC_SERVER[1]: SCHED: setting CUDA device to 0 for edge 0 func=zfp_compress
[13:05:16.501598] [WARNING] [pdc_tf_server.c:401] PDC_SERVER[1]: SCHED: executing edge 0 func=zfp_compress dev=GPU
[13:05:16.507835] [WARNING] [pdc_server_region_cache.c:834] PDC_SERVER[0]: Flushed region via POSIX I/O in 0.301847 s
[13:05:16.507851] [WARNING] [pdc_server_region_cache.c:850] PDC_SERVER[0]: [2026-10-07 13:05:16.507847] Flushed 16.00 / 16.00 MB to storage
[INFO] PDC_SERVER[0]: Region flush iteration took 0.301886 s
[INFO] PDC_SERVER[0]: Starting flush for obj_id 2000000008, ndim=3
[13:05:16.510762] [WARNING] [pdc_server_region_cache.c:823] PDC_SERVER[0]: Region mapping lookup took 0.000001 s
[13:05:16.510768] [WARNING] [pdc_server_region_cache.c:828] PDC_SERVER[0]: No region mapping found for obj_id 2000000008
[13:05:16.514253] [WARNING] [pdc_tf_server.c:475] PDC_SERVER[1]: SCHED: done running transformations
[INFO] PDC_SERVER[0]: Executing graph with json filepath /pscratch/sd/n/nlewi26/src/work_space/source/pdc/tf_client/graphs/zfp_gpu.json
[13:05:16.761817] [WARNING] [pdc_tf_server.c:393] PDC_SERVER[0]: SCHED: setting CUDA device to 0 for edge 0 func=zfp_compress
[13:05:16.761832] [WARNING] [pdc_tf_server.c:401] PDC_SERVER[0]: SCHED: executing edge 0 func=zfp_compress dev=GPU
[13:05:16.783609] [WARNING] [pdc_tf_server.c:475] PDC_SERVER[0]: SCHED: done running transformations
[13:05:16.820492] [WARNING] [pdc_tf_server.c:393] PDC_SERVER[1]: SCHED: setting CUDA device to 0 for edge 0 func=zfp_compress
[13:05:16.820541] [WARNING] [pdc_tf_server.c:401] PDC_SERVER[1]: SCHED: executing edge 0 func=zfp_compress dev=GPU
[13:05:16.826632] [WARNING] [pdc_server_region_cache.c:834] PDC_SERVER[0]: Flushed region via POSIX I/O in 0.315853 s
[13:05:16.826648] [WARNING] [pdc_server_region_cache.c:850] PDC_SERVER[0]: [2026-10-07 13:05:16.826643] Flushed 16.00 / 16.00 MB to storage
[INFO] PDC_SERVER[0]: Region flush iteration took 0.315896 s
[INFO] PDC_SERVER[0]: Starting flush for obj_id 2000000008, ndim=3
[13:05:16.828099] [WARNING] [pdc_server_region_cache.c:823] PDC_SERVER[0]: Region mapping lookup took 0.000001 s
[13:05:16.828106] [WARNING] [pdc_server_region_cache.c:828] PDC_SERVER[0]: No region mapping found for obj_id 2000000008
[13:05:16.839035] [WARNING] [pdc_tf_server.c:475] PDC_SERVER[1]: SCHED: done running transformations
[INFO] PDC_SERVER[0]: Executing graph with json filepath /pscratch/sd/n/nlewi26/src/work_space/source/pdc/tf_client/graphs/zfp_gpu.json
[13:05:17.085905] [WARNING] [pdc_tf_server.c:393] PDC_SERVER[0]: SCHED: setting CUDA device to 0 for edge 0 func=zfp_compress
[13:05:17.085944] [WARNING] [pdc_tf_server.c:401] PDC_SERVER[0]: SCHED: executing edge 0 func=zfp_compress dev=GPU
[13:05:17.096146] [WARNING] [pdc_tf_server.c:475] PDC_SERVER[0]: SCHED: done running transformations
[13:05:17.129784] [WARNING] [pdc_tf_server.c:393] PDC_SERVER[1]: SCHED: setting CUDA device to 0 for edge 0 func=zfp_compress
[13:05:17.129835] [WARNING] [pdc_tf_server.c:401] PDC_SERVER[1]: SCHED: executing edge 0 func=zfp_compress dev=GPU
[13:05:17.132126] [WARNING] [pdc_server_region_cache.c:834] PDC_SERVER[0]: Flushed region via POSIX I/O in 0.304002 s
[13:05:17.132146] [WARNING] [pdc_server_region_cache.c:850] PDC_SERVER[0]: [2026-10-07 13:05:17.132141] Flushed 16.00 / 16.00 MB to storage
[INFO] PDC_SERVER[0]: Region flush iteration took 0.304059 s
[INFO] PDC_SERVER[0]: Starting flush for obj_id 2000000008, ndim=3
[13:05:17.134121] [WARNING] [pdc_server_region_cache.c:823] PDC_SERVER[0]: Region mapping lookup took 0.000001 s
[13:05:17.134128] [WARNING] [pdc_server_region_cache.c:828] PDC_SERVER[0]: No region mapping found for obj_id 2000000008
[13:05:17.139468] [WARNING] [pdc_tf_server.c:475] PDC_SERVER[1]: SCHED: done running transformations
[INFO] PDC_SERVER[0]: Executing graph with json filepath /pscratch/sd/n/nlewi26/src/work_space/source/pdc/tf_client/graphs/zfp_gpu.json
[13:05:17.389399] [WARNING] [pdc_tf_server.c:393] PDC_SERVER[0]: SCHED: setting CUDA device to 0 for edge 0 func=zfp_compress
[13:05:17.389414] [WARNING] [pdc_tf_server.c:401] PDC_SERVER[0]: SCHED: executing edge 0 func=zfp_compress dev=GPU
[13:05:17.400184] [WARNING] [pdc_tf_server.c:475] PDC_SERVER[0]: SCHED: done running transformations
[13:05:17.427330] [WARNING] [pdc_tf_server.c:393] PDC_SERVER[1]: SCHED: setting CUDA device to 0 for edge 0 func=zfp_compress
[13:05:17.427356] [WARNING] [pdc_tf_server.c:401] PDC_SERVER[1]: SCHED: executing edge 0 func=zfp_compress dev=GPU
[13:05:17.436546] [WARNING] [pdc_server_region_cache.c:834] PDC_SERVER[0]: Flushed region via POSIX I/O in 0.302408 s
[13:05:17.436560] [WARNING] [pdc_server_region_cache.c:850] PDC_SERVER[0]: [2026-10-07 13:05:17.436556] Flushed 16.00 / 16.00 MB to storage
[INFO] PDC_SERVER[0]: Region flush iteration took 0.302448 s
[13:05:17.438696] [WARNING] [pdc_tf_server.c:475] PDC_SERVER[1]: SCHED: done running transformations
[INFO] PDC_SERVER[0]: Starting flush for obj_id 2000000008, ndim=3
[13:05:17.439784] [WARNING] [pdc_server_region_cache.c:823] PDC_SERVER[0]: Region mapping lookup took 0.000001 s
[13:05:17.439789] [WARNING] [pdc_server_region_cache.c:828] PDC_SERVER[0]: No region mapping found for obj_id 2000000008
[INFO] PDC_SERVER[0]: Executing graph with json filepath /pscratch/sd/n/nlewi26/src/work_space/source/pdc/tf_client/graphs/zfp_gpu.json
[13:05:17.691322] [WARNING] [pdc_tf_server.c:393] PDC_SERVER[0]: SCHED: setting CUDA device to 0 for edge 0 func=zfp_compress
[13:05:17.691361] [WARNING] [pdc_tf_server.c:401] PDC_SERVER[0]: SCHED: executing edge 0 func=zfp_compress dev=GPU
[13:05:17.711310] [WARNING] [pdc_tf_server.c:475] PDC_SERVER[0]: SCHED: done running transformations
[13:05:17.728731] [WARNING] [pdc_tf_server.c:393] PDC_SERVER[1]: SCHED: setting CUDA device to 0 for edge 0 func=zfp_compress
[13:05:17.728779] [WARNING] [pdc_tf_server.c:401] PDC_SERVER[1]: SCHED: executing edge 0 func=zfp_compress dev=GPU
[13:05:17.741223] [WARNING] [pdc_tf_server.c:475] PDC_SERVER[1]: SCHED: done running transformations
[13:05:17.747300] [WARNING] [pdc_server_region_cache.c:834] PDC_SERVER[0]: Flushed region via POSIX I/O in 0.307500 s
[13:05:17.747328] [WARNING] [pdc_server_region_cache.c:850] PDC_SERVER[0]: [2026-10-07 13:05:17.747325] Flushed 16.00 / 16.00 MB to storage
[INFO] PDC_SERVER[0]: Region flush iteration took 0.307552 s
[INFO] PDC_SERVER[0]: Starting flush for obj_id 2000000008, ndim=3
[13:05:17.749146] [WARNING] [pdc_server_region_cache.c:823] PDC_SERVER[0]: Region mapping lookup took 0.000001 s
[13:05:17.749151] [WARNING] [pdc_server_region_cache.c:828] PDC_SERVER[0]: No region mapping found for obj_id 2000000008
[INFO] PDC_SERVER[0]: Executing graph with json filepath /pscratch/sd/n/nlewi26/src/work_space/source/pdc/tf_client/graphs/zfp_gpu.json
[13:05:17.998362] [WARNING] [pdc_tf_server.c:393] PDC_SERVER[0]: SCHED: setting CUDA device to 0 for edge 0 func=zfp_compress
[13:05:17.998376] [WARNING] [pdc_tf_server.c:401] PDC_SERVER[0]: SCHED: executing edge 0 func=zfp_compress dev=GPU
[13:05:18.010148] [WARNING] [pdc_tf_server.c:475] PDC_SERVER[0]: SCHED: done running transformations
[13:05:18.030719] [WARNING] [pdc_tf_server.c:393] PDC_SERVER[1]: SCHED: setting CUDA device to 0 for edge 0 func=zfp_compress
[13:05:18.030747] [WARNING] [pdc_tf_server.c:401] PDC_SERVER[1]: SCHED: executing edge 0 func=zfp_compress dev=GPU
[13:05:18.046594] [WARNING] [pdc_server_region_cache.c:834] PDC_SERVER[0]: Flushed region via POSIX I/O in 0.297434 s
[13:05:18.046619] [WARNING] [pdc_server_region_cache.c:850] PDC_SERVER[0]: [2026-10-07 13:05:18.046604] Flushed 16.00 / 16.00 MB to storage
[INFO] PDC_SERVER[0]: Region flush iteration took 0.297481 s
[INFO] PDC_SERVER[0]: Starting flush for obj_id 2000000008, ndim=3
[13:05:18.048234] [WARNING] [pdc_server_region_cache.c:823] PDC_SERVER[0]: Region mapping lookup took 0.000001 s
[13:05:18.048239] [WARNING] [pdc_server_region_cache.c:828] PDC_SERVER[0]: No region mapping found for obj_id 2000000008
[13:05:18.051832] [WARNING] [pdc_tf_server.c:475] PDC_SERVER[1]: SCHED: done running transformations
[INFO] PDC_SERVER[0]: Executing graph with json filepath /pscratch/sd/n/nlewi26/src/work_space/source/pdc/tf_client/graphs/zfp_gpu.json
[13:05:18.299442] [WARNING] [pdc_tf_server.c:393] PDC_SERVER[0]: SCHED: setting CUDA device to 0 for edge 0 func=zfp_compress
[13:05:18.299457] [WARNING] [pdc_tf_server.c:401] PDC_SERVER[0]: SCHED: executing edge 0 func=zfp_compress dev=GPU
[13:05:18.309922] [WARNING] [pdc_tf_server.c:475] PDC_SERVER[0]: SCHED: done running transformations
[13:05:18.341069] [WARNING] [pdc_tf_server.c:393] PDC_SERVER[1]: SCHED: setting CUDA device to 0 for edge 0 func=zfp_compress
[13:05:18.341120] [WARNING] [pdc_tf_server.c:401] PDC_SERVER[1]: SCHED: executing edge 0 func=zfp_compress dev=GPU
[13:05:18.345638] [WARNING] [pdc_server_region_cache.c:834] PDC_SERVER[0]: Flushed region via POSIX I/O in 0.297388 s
[13:05:18.345655] [WARNING] [pdc_server_region_cache.c:850] PDC_SERVER[0]: [2026-10-07 13:05:18.345651] Flushed 16.00 / 16.00 MB to storage
[INFO] PDC_SERVER[0]: Region flush iteration took 0.297429 s
[INFO] PDC_SERVER[0]: Starting flush for obj_id 2000000008, ndim=3
[13:05:18.348523] [WARNING] [pdc_server_region_cache.c:823] PDC_SERVER[0]: Region mapping lookup took 0.000001 s
[13:05:18.348528] [WARNING] [pdc_server_region_cache.c:828] PDC_SERVER[0]: No region mapping found for obj_id 2000000008
[13:05:18.353158] [WARNING] [pdc_tf_server.c:475] PDC_SERVER[1]: SCHED: done running transformations
[INFO] PDC_SERVER[0]: Executing graph with json filepath /pscratch/sd/n/nlewi26/src/work_space/source/pdc/tf_client/graphs/zfp_gpu.json
[13:05:18.600668] [WARNING] [pdc_tf_server.c:393] PDC_SERVER[0]: SCHED: setting CUDA device to 0 for edge 0 func=zfp_compress
[13:05:18.600707] [WARNING] [pdc_tf_server.c:401] PDC_SERVER[0]: SCHED: executing edge 0 func=zfp_compress dev=GPU
[13:05:18.611025] [WARNING] [pdc_tf_server.c:475] PDC_SERVER[0]: SCHED: done running transformations
[13:05:18.647227] [WARNING] [pdc_server_region_cache.c:834] PDC_SERVER[0]: Flushed region via POSIX I/O in 0.298687 s
[13:05:18.647239] [WARNING] [pdc_server_region_cache.c:850] PDC_SERVER[0]: [2026-10-07 13:05:18.647236] Flushed 16.00 / 16.00 MB to storage
[INFO] PDC_SERVER[0]: Region flush iteration took 0.298725 s
[13:05:18.647865] [WARNING] [pdc_tf_server.c:393] PDC_SERVER[1]: SCHED: setting CUDA device to 0 for edge 0 func=zfp_compress
[13:05:18.647895] [WARNING] [pdc_tf_server.c:401] PDC_SERVER[1]: SCHED: executing edge 0 func=zfp_compress dev=GPU
[INFO] PDC_SERVER[0]: Starting flush for obj_id 2000000008, ndim=3
[13:05:18.651154] [WARNING] [pdc_server_region_cache.c:823] PDC_SERVER[0]: Region mapping lookup took 0.000000 s
[13:05:18.651158] [WARNING] [pdc_server_region_cache.c:828] PDC_SERVER[0]: No region mapping found for obj_id 2000000008
[13:05:18.658739] [WARNING] [pdc_tf_server.c:475] PDC_SERVER[1]: SCHED: done running transformations
[INFO] PDC_SERVER[0]: Executing graph with json filepath /pscratch/sd/n/nlewi26/src/work_space/source/pdc/tf_client/graphs/zfp_gpu.json
[13:05:18.904665] [WARNING] [pdc_tf_server.c:393] PDC_SERVER[0]: SCHED: setting CUDA device to 0 for edge 0 func=zfp_compress
[13:05:18.904680] [WARNING] [pdc_tf_server.c:401] PDC_SERVER[0]: SCHED: executing edge 0 func=zfp_compress dev=GPU
[13:05:18.925066] [WARNING] [pdc_tf_server.c:475] PDC_SERVER[0]: SCHED: done running transformations
[13:05:18.946016] [WARNING] [pdc_tf_server.c:393] PDC_SERVER[1]: SCHED: setting CUDA device to 0 for edge 0 func=zfp_compress
[13:05:18.946042] [WARNING] [pdc_tf_server.c:401] PDC_SERVER[1]: SCHED: executing edge 0 func=zfp_compress dev=GPU
[13:05:18.960725] [WARNING] [pdc_server_region_cache.c:834] PDC_SERVER[0]: Flushed region via POSIX I/O in 0.309558 s
[13:05:18.960739] [WARNING] [pdc_server_region_cache.c:850] PDC_SERVER[0]: [2026-10-07 13:05:18.960736] Flushed 16.00 / 16.00 MB to storage
[INFO] PDC_SERVER[0]: Region flush iteration took 0.309593 s
[INFO] PDC_SERVER[0]: Starting flush for obj_id 2000000008, ndim=3
[13:05:18.962173] [WARNING] [pdc_server_region_cache.c:823] PDC_SERVER[0]: Region mapping lookup took 0.000001 s
[13:05:18.962178] [WARNING] [pdc_server_region_cache.c:828] PDC_SERVER[0]: No region mapping found for obj_id 2000000008
[13:05:18.965603] [WARNING] [pdc_tf_server.c:475] PDC_SERVER[1]: SCHED: done running transformations
[INFO] PDC_SERVER[0]: Executing graph with json filepath /pscratch/sd/n/nlewi26/src/work_space/source/pdc/tf_client/graphs/zfp_gpu.json
[13:05:19.214925] [WARNING] [pdc_tf_server.c:393] PDC_SERVER[0]: SCHED: setting CUDA device to 0 for edge 0 func=zfp_compress
[13:05:19.214941] [WARNING] [pdc_tf_server.c:401] PDC_SERVER[0]: SCHED: executing edge 0 func=zfp_compress dev=GPU
[13:05:19.225467] [WARNING] [pdc_tf_server.c:475] PDC_SERVER[0]: SCHED: done running transformations
[13:05:19.251506] [WARNING] [pdc_tf_server.c:393] PDC_SERVER[1]: SCHED: setting CUDA device to 0 for edge 0 func=zfp_compress
[13:05:19.251551] [WARNING] [pdc_tf_server.c:401] PDC_SERVER[1]: SCHED: executing edge 0 func=zfp_compress dev=GPU
[13:05:19.262088] [WARNING] [pdc_tf_server.c:475] PDC_SERVER[1]: SCHED: done running transformations
[13:05:19.263001] [WARNING] [pdc_server_region_cache.c:834] PDC_SERVER[0]: Flushed region via POSIX I/O in 0.300814 s
[13:05:19.263013] [WARNING] [pdc_server_region_cache.c:850] PDC_SERVER[0]: [2026-10-07 13:05:19.263010] Flushed 16.00 / 16.00 MB to storage
[INFO] PDC_SERVER[0]: Region flush iteration took 0.300850 s
[INFO] PDC_SERVER[0]: Starting flush for obj_id 2000000008, ndim=3
[13:05:19.264474] [WARNING] [pdc_server_region_cache.c:823] PDC_SERVER[0]: Region mapping lookup took 0.000001 s
[13:05:19.264478] [WARNING] [pdc_server_region_cache.c:828] PDC_SERVER[0]: No region mapping found for obj_id 2000000008
[INFO] PDC_SERVER[0]: Executing graph with json filepath /pscratch/sd/n/nlewi26/src/work_space/source/pdc/tf_client/graphs/zfp_gpu.json
[13:05:19.513965] [WARNING] [pdc_tf_server.c:393] PDC_SERVER[0]: SCHED: setting CUDA device to 0 for edge 0 func=zfp_compress
[13:05:19.513980] [WARNING] [pdc_tf_server.c:401] PDC_SERVER[0]: SCHED: executing edge 0 func=zfp_compress dev=GPU
[13:05:19.525889] [WARNING] [pdc_tf_server.c:475] PDC_SERVER[0]: SCHED: done running transformations
[13:05:19.561324] [WARNING] [pdc_server_region_cache.c:834] PDC_SERVER[0]: Flushed region via POSIX I/O in 0.296833 s
[13:05:19.561342] [WARNING] [pdc_server_region_cache.c:850] PDC_SERVER[0]: [2026-10-07 13:05:19.561338] Flushed 16.00 / 16.00 MB to storage
[INFO] PDC_SERVER[0]: Region flush iteration took 0.296876 s
[INFO] PDC_SERVER[0]: Starting flush for obj_id 2000000008, ndim=3
[13:05:19.563361] [WARNING] [pdc_server_region_cache.c:823] PDC_SERVER[0]: Region mapping lookup took 0.000001 s
[13:05:19.563366] [WARNING] [pdc_server_region_cache.c:828] PDC_SERVER[0]: No region mapping found for obj_id 2000000008
[13:05:19.566714] [WARNING] [pdc_tf_server.c:393] PDC_SERVER[1]: SCHED: setting CUDA device to 0 for edge 0 func=zfp_compress
[13:05:19.566735] [WARNING] [pdc_tf_server.c:401] PDC_SERVER[1]: SCHED: executing edge 0 func=zfp_compress dev=GPU
[13:05:19.576363] [WARNING] [pdc_tf_server.c:475] PDC_SERVER[1]: SCHED: done running transformations
[INFO] PDC_SERVER[0]: Executing graph with json filepath /pscratch/sd/n/nlewi26/src/work_space/source/pdc/tf_client/graphs/zfp_gpu.json
[13:05:19.828961] [WARNING] [pdc_tf_server.c:393] PDC_SERVER[0]: SCHED: setting CUDA device to 0 for edge 0 func=zfp_compress
[13:05:19.829001] [WARNING] [pdc_tf_server.c:401] PDC_SERVER[0]: SCHED: executing edge 0 func=zfp_compress dev=GPU
[13:05:19.849228] [WARNING] [pdc_tf_server.c:475] PDC_SERVER[0]: SCHED: done running transformations
[13:05:19.866905] [WARNING] [pdc_tf_server.c:393] PDC_SERVER[1]: SCHED: setting CUDA device to 0 for edge 0 func=zfp_compress
[13:05:19.866954] [WARNING] [pdc_tf_server.c:401] PDC_SERVER[1]: SCHED: executing edge 0 func=zfp_compress dev=GPU
[13:05:19.885042] [WARNING] [pdc_server_region_cache.c:834] PDC_SERVER[0]: Flushed region via POSIX I/O in 0.321655 s
[13:05:19.885057] [WARNING] [pdc_server_region_cache.c:850] PDC_SERVER[0]: [2026-10-07 13:05:19.885054] Flushed 16.00 / 16.00 MB to storage
[INFO] PDC_SERVER[0]: Region flush iteration took 0.321705 s
[INFO] PDC_SERVER[0]: Starting flush for obj_id 2000000008, ndim=3
[13:05:19.886532] [WARNING] [pdc_server_region_cache.c:823] PDC_SERVER[0]: Region mapping lookup took 0.000001 s
[13:05:19.886536] [WARNING] [pdc_server_region_cache.c:828] PDC_SERVER[0]: No region mapping found for obj_id 2000000008
[13:05:19.889895] [WARNING] [pdc_tf_server.c:475] PDC_SERVER[1]: SCHED: done running transformations
[INFO] PDC_SERVER[0]: Executing graph with json filepath /pscratch/sd/n/nlewi26/src/work_space/source/pdc/tf_client/graphs/zfp_gpu.json
[13:05:20.137598] [WARNING] [pdc_tf_server.c:393] PDC_SERVER[0]: SCHED: setting CUDA device to 0 for edge 0 func=zfp_compress
[13:05:20.137613] [WARNING] [pdc_tf_server.c:401] PDC_SERVER[0]: SCHED: executing edge 0 func=zfp_compress dev=GPU
[13:05:20.148637] [WARNING] [pdc_tf_server.c:475] PDC_SERVER[0]: SCHED: done running transformations
[13:05:20.176551] [WARNING] [pdc_tf_server.c:393] PDC_SERVER[1]: SCHED: setting CUDA device to 0 for edge 0 func=zfp_compress
[13:05:20.176575] [WARNING] [pdc_tf_server.c:401] PDC_SERVER[1]: SCHED: executing edge 0 func=zfp_compress dev=GPU
[13:05:20.186429] [WARNING] [pdc_tf_server.c:475] PDC_SERVER[1]: SCHED: done running transformations
[13:05:20.190851] [WARNING] [pdc_server_region_cache.c:834] PDC_SERVER[0]: Flushed region via POSIX I/O in 0.304301 s
[13:05:20.190871] [WARNING] [pdc_server_region_cache.c:850] PDC_SERVER[0]: [2026-10-07 13:05:20.190865] Flushed 16.00 / 16.00 MB to storage
[INFO] PDC_SERVER[0]: Region flush iteration took 0.304356 s
[INFO] PDC_SERVER[0]: Starting flush for obj_id 2000000008, ndim=3
[13:05:20.192618] [WARNING] [pdc_server_region_cache.c:823] PDC_SERVER[0]: Region mapping lookup took 0.000001 s
[13:05:20.192623] [WARNING] [pdc_server_region_cache.c:828] PDC_SERVER[0]: No region mapping found for obj_id 2000000008
[INFO] PDC_SERVER[0]: Executing graph with json filepath /pscratch/sd/n/nlewi26/src/work_space/source/pdc/tf_client/graphs/zfp_gpu.json
[13:05:20.443630] [WARNING] [pdc_tf_server.c:393] PDC_SERVER[0]: SCHED: setting CUDA device to 0 for edge 0 func=zfp_compress
[13:05:20.443644] [WARNING] [pdc_tf_server.c:401] PDC_SERVER[0]: SCHED: executing edge 0 func=zfp_compress dev=GPU
[13:05:20.454067] [WARNING] [pdc_tf_server.c:475] PDC_SERVER[0]: SCHED: done running transformations
[13:05:20.481139] [WARNING] [pdc_tf_server.c:393] PDC_SERVER[1]: SCHED: setting CUDA device to 0 for edge 0 func=zfp_compress
[13:05:20.481187] [WARNING] [pdc_tf_server.c:401] PDC_SERVER[1]: SCHED: executing edge 0 func=zfp_compress dev=GPU
[13:05:20.489989] [WARNING] [pdc_server_region_cache.c:834] PDC_SERVER[0]: Flushed region via POSIX I/O in 0.297356 s
[13:05:20.490002] [WARNING] [pdc_server_region_cache.c:850] PDC_SERVER[0]: [2026-10-07 13:05:20.489999] Flushed 16.00 / 16.00 MB to storage
[INFO] PDC_SERVER[0]: Region flush iteration took 0.297395 s
[INFO] PDC_SERVER[0]: Starting flush for obj_id 2000000008, ndim=3
[13:05:20.492356] [WARNING] [pdc_server_region_cache.c:823] PDC_SERVER[0]: Region mapping lookup took 0.000001 s
[13:05:20.492360] [WARNING] [pdc_server_region_cache.c:828] PDC_SERVER[0]: No region mapping found for obj_id 2000000008
[13:05:20.492740] [WARNING] [pdc_tf_server.c:475] PDC_SERVER[1]: SCHED: done running transformations
[INFO] PDC_SERVER[0]: Executing graph with json filepath /pscratch/sd/n/nlewi26/src/work_space/source/pdc/tf_client/graphs/zfp_gpu.json
[13:05:20.743696] [WARNING] [pdc_tf_server.c:393] PDC_SERVER[0]: SCHED: setting CUDA device to 0 for edge 0 func=zfp_compress
[13:05:20.743712] [WARNING] [pdc_tf_server.c:401] PDC_SERVER[0]: SCHED: executing edge 0 func=zfp_compress dev=GPU
[13:05:20.768194] [WARNING] [pdc_tf_server.c:475] PDC_SERVER[0]: SCHED: done running transformations
[13:05:20.780547] [WARNING] [pdc_tf_server.c:393] PDC_SERVER[1]: SCHED: setting CUDA device to 0 for edge 0 func=zfp_compress
[13:05:20.780572] [WARNING] [pdc_tf_server.c:401] PDC_SERVER[1]: SCHED: executing edge 0 func=zfp_compress dev=GPU
[13:05:20.795462] [WARNING] [pdc_tf_server.c:475] PDC_SERVER[1]: SCHED: done running transformations
[13:05:20.804663] [WARNING] [pdc_server_region_cache.c:834] PDC_SERVER[0]: Flushed region via POSIX I/O in 0.312294 s
[13:05:20.804675] [WARNING] [pdc_server_region_cache.c:850] PDC_SERVER[0]: [2026-10-07 13:05:20.804672] Flushed 16.00 / 16.00 MB to storage
[INFO] PDC_SERVER[0]: Region flush iteration took 0.312328 s
[INFO] PDC_SERVER[1]: Fetching region for obj_id=1000000010
[INFO] PDC_SERVER[1]: Checking against Object 2000000000
[INFO] PDC_SERVER[1]: Checking against Object 1000000001
[INFO] PDC_SERVER[1]: Checking against Object 2000000001
[INFO] PDC_SERVER[1]: Checking against Object 1000000004
[INFO] PDC_SERVER[1]: Checking against Object 2000000004
[INFO] PDC_SERVER[1]: Checking against Object 1000000005
[INFO] PDC_SERVER[1]: Checking against Object 2000000007
[INFO] PDC_SERVER[1]: Checking against Object 1000000008
[INFO] PDC_SERVER[1]: Checking against Object 2000000008
[INFO] PDC_SERVER[1]: Object 1000000010 NOT found in cache
[INFO] PDC_SERVER[1]: Fetching region from server for obj_id=1000000010
[INFO] PDC_SERVER[0]: Fetching region for obj_id=1000000010
[INFO] PDC_SERVER[0]: Checking against Object 2000000000
[INFO] PDC_SERVER[0]: Checking against Object 1000000001
[INFO] PDC_SERVER[0]: Checking against Object 2000000001
[INFO] PDC_SERVER[0]: Checking against Object 1000000004
[INFO] PDC_SERVER[0]: Checking against Object 2000000004
[INFO] PDC_SERVER[0]: Checking against Object 1000000005
[INFO] PDC_SERVER[0]: Checking against Object 2000000007
[INFO] PDC_SERVER[0]: Checking against Object 1000000008
[INFO] PDC_SERVER[0]: Checking against Object 2000000008
[INFO] PDC_SERVER[0]: Object 1000000010 NOT found in cache
[INFO] PDC_SERVER[0]: Fetching region from server for obj_id=1000000010
[INFO] PDC_SERVER[0]: Executing graph with json filepath /pscratch/sd/n/nlewi26/src/work_space/source/pdc/tf_client/graphs/zfp_gpu.json
[13:05:20.858141] [WARNING] [pdc_tf_server.c:393] PDC_SERVER[0]: SCHED: setting CUDA device to 0 for edge 0 func=zfp_decompress
[13:05:20.858151] [WARNING] [pdc_tf_server.c:401] PDC_SERVER[0]: SCHED: executing edge 0 func=zfp_decompress dev=GPU
[13:05:20.858129] [WARNING] [pdc_tf_server.c:393] PDC_SERVER[1]: SCHED: setting CUDA device to 0 for edge 0 func=zfp_decompress
[13:05:20.858147] [WARNING] [pdc_tf_server.c:401] PDC_SERVER[1]: SCHED: executing edge 0 func=zfp_decompress dev=GPU
[13:05:20.872550] [WARNING] [pdc_tf_server.c:475] PDC_SERVER[0]: SCHED: done running transformations
[13:05:20.872875] [WARNING] [pdc_tf_server.c:475] PDC_SERVER[1]: SCHED: done running transformations
[INFO] PDC_SERVER[0]: Fetching region for obj_id=1000000010
[INFO] PDC_SERVER[0]: Checking against Object 2000000000
[INFO] PDC_SERVER[0]: Checking against Object 1000000001
[INFO] PDC_SERVER[0]: Checking against Object 2000000001
[INFO] PDC_SERVER[0]: Checking against Object 1000000004
[INFO] PDC_SERVER[0]: Checking against Object 2000000004
[INFO] PDC_SERVER[0]: Checking against Object 1000000005
[INFO] PDC_SERVER[0]: Checking against Object 2000000007
[INFO] PDC_SERVER[0]: Checking against Object 1000000008
[INFO] PDC_SERVER[0]: Checking against Object 2000000008
[INFO] PDC_SERVER[0]: Object 1000000010 NOT found in cache
[INFO] PDC_SERVER[0]: Fetching region from server for obj_id=1000000010
[INFO] PDC_SERVER[1]: Fetching region for obj_id=1000000010
[INFO] PDC_SERVER[1]: Checking against Object 2000000000
[INFO] PDC_SERVER[1]: Checking against Object 1000000001
[INFO] PDC_SERVER[1]: Checking against Object 2000000001
[INFO] PDC_SERVER[1]: Checking against Object 1000000004
[INFO] PDC_SERVER[1]: Checking against Object 2000000004
[INFO] PDC_SERVER[1]: Checking against Object 1000000005
[INFO] PDC_SERVER[1]: Checking against Object 2000000007
[INFO] PDC_SERVER[1]: Checking against Object 1000000008
[INFO] PDC_SERVER[1]: Checking against Object 2000000008
[INFO] PDC_SERVER[1]: Object 1000000010 NOT found in cache
[INFO] PDC_SERVER[1]: Fetching region from server for obj_id=1000000010
[13:05:20.895844] [WARNING] [pdc_tf_server.c:393] PDC_SERVER[1]: SCHED: setting CUDA device to 0 for edge 0 func=zfp_decompress
[13:05:20.895857] [WARNING] [pdc_tf_server.c:401] PDC_SERVER[1]: SCHED: executing edge 0 func=zfp_decompress dev=GPU
[INFO] PDC_SERVER[0]: Executing graph with json filepath /pscratch/sd/n/nlewi26/src/work_space/source/pdc/tf_client/graphs/zfp_gpu.json
[13:05:20.895871] [WARNING] [pdc_tf_server.c:393] PDC_SERVER[0]: SCHED: setting CUDA device to 0 for edge 0 func=zfp_decompress
[13:05:20.895893] [WARNING] [pdc_tf_server.c:401] PDC_SERVER[0]: SCHED: executing edge 0 func=zfp_decompress dev=GPU
[13:05:20.907442] [WARNING] [pdc_tf_server.c:475] PDC_SERVER[1]: SCHED: done running transformations
[13:05:20.907817] [WARNING] [pdc_tf_server.c:475] PDC_SERVER[0]: SCHED: done running transformations
[INFO] PDC_SERVER[1]: Fetching region for obj_id=1000000010
[INFO] PDC_SERVER[1]: Checking against Object 2000000000
[INFO] PDC_SERVER[1]: Checking against Object 1000000001
[INFO] PDC_SERVER[1]: Checking against Object 2000000001
[INFO] PDC_SERVER[1]: Checking against Object 1000000004
[INFO] PDC_SERVER[1]: Checking against Object 2000000004
[INFO] PDC_SERVER[1]: Checking against Object 1000000005
[INFO] PDC_SERVER[1]: Checking against Object 2000000007
[INFO] PDC_SERVER[1]: Checking against Object 1000000008
[INFO] PDC_SERVER[1]: Checking against Object 2000000008
[INFO] PDC_SERVER[1]: Object 1000000010 NOT found in cache
[INFO] PDC_SERVER[1]: Fetching region from server for obj_id=1000000010
[INFO] PDC_SERVER[0]: Fetching region for obj_id=1000000010
[INFO] PDC_SERVER[0]: Checking against Object 2000000000
[INFO] PDC_SERVER[0]: Checking against Object 1000000001
[INFO] PDC_SERVER[0]: Checking against Object 2000000001
[INFO] PDC_SERVER[0]: Checking against Object 1000000004
[INFO] PDC_SERVER[0]: Checking against Object 2000000004
[INFO] PDC_SERVER[0]: Checking against Object 1000000005
[INFO] PDC_SERVER[0]: Checking against Object 2000000007
[INFO] PDC_SERVER[0]: Checking against Object 1000000008
[INFO] PDC_SERVER[0]: Checking against Object 2000000008
[INFO] PDC_SERVER[0]: Object 1000000010 NOT found in cache
[INFO] PDC_SERVER[0]: Fetching region from server for obj_id=1000000010
[13:05:20.929100] [WARNING] [pdc_tf_server.c:393] PDC_SERVER[1]: SCHED: setting CUDA device to 0 for edge 0 func=zfp_decompress
[13:05:20.929121] [WARNING] [pdc_tf_server.c:401] PDC_SERVER[1]: SCHED: executing edge 0 func=zfp_decompress dev=GPU
[INFO] PDC_SERVER[0]: Executing graph with json filepath /pscratch/sd/n/nlewi26/src/work_space/source/pdc/tf_client/graphs/zfp_gpu.json
[13:05:20.937748] [WARNING] [pdc_tf_server.c:393] PDC_SERVER[0]: SCHED: setting CUDA device to 0 for edge 0 func=zfp_decompress
[13:05:20.937763] [WARNING] [pdc_tf_server.c:401] PDC_SERVER[0]: SCHED: executing edge 0 func=zfp_decompress dev=GPU
[13:05:20.938431] [WARNING] [pdc_tf_server.c:475] PDC_SERVER[1]: SCHED: done running transformations
[INFO] PDC_SERVER[1]: Fetching region for obj_id=1000000010
[INFO] PDC_SERVER[1]: Checking against Object 2000000000
[INFO] PDC_SERVER[1]: Checking against Object 1000000001
[INFO] PDC_SERVER[1]: Checking against Object 2000000001
[INFO] PDC_SERVER[1]: Checking against Object 1000000004
[INFO] PDC_SERVER[1]: Checking against Object 2000000004
[INFO] PDC_SERVER[1]: Checking against Object 1000000005
[INFO] PDC_SERVER[1]: Checking against Object 2000000007
[INFO] PDC_SERVER[1]: Checking against Object 1000000008
[INFO] PDC_SERVER[1]: Checking against Object 2000000008
[INFO] PDC_SERVER[1]: Object 1000000010 NOT found in cache
[INFO] PDC_SERVER[1]: Fetching region from server for obj_id=1000000010
[13:05:20.951807] [WARNING] [pdc_tf_server.c:475] PDC_SERVER[0]: SCHED: done running transformations
[INFO] PDC_SERVER[0]: Fetching region for obj_id=1000000010
[INFO] PDC_SERVER[0]: Checking against Object 2000000000
[INFO] PDC_SERVER[0]: Checking against Object 1000000001
[INFO] PDC_SERVER[0]: Checking against Object 2000000001
[INFO] PDC_SERVER[0]: Checking against Object 1000000004
[INFO] PDC_SERVER[0]: Checking against Object 2000000004
[INFO] PDC_SERVER[0]: Checking against Object 1000000005
[INFO] PDC_SERVER[0]: Checking against Object 2000000007
[INFO] PDC_SERVER[0]: Checking against Object 1000000008
[INFO] PDC_SERVER[0]: Checking against Object 2000000008
[INFO] PDC_SERVER[0]: Object 1000000010 NOT found in cache
[INFO] PDC_SERVER[0]: Fetching region from server for obj_id=1000000010
[13:05:20.963784] [WARNING] [pdc_tf_server.c:393] PDC_SERVER[1]: SCHED: setting CUDA device to 0 for edge 0 func=zfp_decompress
[13:05:20.963798] [WARNING] [pdc_tf_server.c:401] PDC_SERVER[1]: SCHED: executing edge 0 func=zfp_decompress dev=GPU
[13:05:20.973545] [WARNING] [pdc_tf_server.c:475] PDC_SERVER[1]: SCHED: done running transformations
[INFO] PDC_SERVER[0]: Executing graph with json filepath /pscratch/sd/n/nlewi26/src/work_space/source/pdc/tf_client/graphs/zfp_gpu.json
[13:05:20.974682] [WARNING] [pdc_tf_server.c:393] PDC_SERVER[0]: SCHED: setting CUDA device to 0 for edge 0 func=zfp_decompress
[13:05:20.974692] [WARNING] [pdc_tf_server.c:401] PDC_SERVER[0]: SCHED: executing edge 0 func=zfp_decompress dev=GPU
[INFO] PDC_SERVER[1]: Fetching region for obj_id=1000000010
[INFO] PDC_SERVER[1]: Checking against Object 2000000000
[INFO] PDC_SERVER[1]: Checking against Object 1000000001
[INFO] PDC_SERVER[1]: Checking against Object 2000000001
[INFO] PDC_SERVER[1]: Checking against Object 1000000004
[INFO] PDC_SERVER[1]: Checking against Object 2000000004
[INFO] PDC_SERVER[1]: Checking against Object 1000000005
[INFO] PDC_SERVER[1]: Checking against Object 2000000007
[INFO] PDC_SERVER[1]: Checking against Object 1000000008
[INFO] PDC_SERVER[1]: Checking against Object 2000000008
[INFO] PDC_SERVER[1]: Object 1000000010 NOT found in cache
[INFO] PDC_SERVER[1]: Fetching region from server for obj_id=1000000010
[13:05:20.986343] [WARNING] [pdc_tf_server.c:475] PDC_SERVER[0]: SCHED: done running transformations
[INFO] PDC_SERVER[0]: Fetching region for obj_id=1000000010
[INFO] PDC_SERVER[0]: Checking against Object 2000000000
[INFO] PDC_SERVER[0]: Checking against Object 1000000001
[INFO] PDC_SERVER[0]: Checking against Object 2000000001
[INFO] PDC_SERVER[0]: Checking against Object 1000000004
[INFO] PDC_SERVER[0]: Checking against Object 2000000004
[INFO] PDC_SERVER[0]: Checking against Object 1000000005
[INFO] PDC_SERVER[0]: Checking against Object 2000000007
[INFO] PDC_SERVER[0]: Checking against Object 1000000008
[INFO] PDC_SERVER[0]: Checking against Object 2000000008
[INFO] PDC_SERVER[0]: Object 1000000010 NOT found in cache
[INFO] PDC_SERVER[0]: Fetching region from server for obj_id=1000000010
[13:05:20.999355] [WARNING] [pdc_tf_server.c:393] PDC_SERVER[1]: SCHED: setting CUDA device to 0 for edge 0 func=zfp_decompress
[13:05:20.999368] [WARNING] [pdc_tf_server.c:401] PDC_SERVER[1]: SCHED: executing edge 0 func=zfp_decompress dev=GPU
[13:05:21.008880] [WARNING] [pdc_tf_server.c:475] PDC_SERVER[1]: SCHED: done running transformations
[INFO] PDC_SERVER[0]: Executing graph with json filepath /pscratch/sd/n/nlewi26/src/work_space/source/pdc/tf_client/graphs/zfp_gpu.json
[13:05:21.012998] [WARNING] [pdc_tf_server.c:393] PDC_SERVER[0]: SCHED: setting CUDA device to 0 for edge 0 func=zfp_decompress
[13:05:21.013008] [WARNING] [pdc_tf_server.c:401] PDC_SERVER[0]: SCHED: executing edge 0 func=zfp_decompress dev=GPU
[INFO] PDC_SERVER[1]: Fetching region for obj_id=1000000010
[INFO] PDC_SERVER[1]: Checking against Object 2000000000
[INFO] PDC_SERVER[1]: Checking against Object 1000000001
[INFO] PDC_SERVER[1]: Checking against Object 2000000001
[INFO] PDC_SERVER[1]: Checking against Object 1000000004
[INFO] PDC_SERVER[1]: Checking against Object 2000000004
[INFO] PDC_SERVER[1]: Checking against Object 1000000005
[INFO] PDC_SERVER[1]: Checking against Object 2000000007
[INFO] PDC_SERVER[1]: Checking against Object 1000000008
[INFO] PDC_SERVER[1]: Checking against Object 2000000008
[INFO] PDC_SERVER[1]: Object 1000000010 NOT found in cache
[INFO] PDC_SERVER[1]: Fetching region from server for obj_id=1000000010
[13:05:21.023465] [WARNING] [pdc_tf_server.c:475] PDC_SERVER[0]: SCHED: done running transformations
[INFO] PDC_SERVER[0]: Fetching region for obj_id=1000000010
[INFO] PDC_SERVER[0]: Checking against Object 2000000000
[INFO] PDC_SERVER[0]: Checking against Object 1000000001
[INFO] PDC_SERVER[0]: Checking against Object 2000000001
[INFO] PDC_SERVER[0]: Checking against Object 1000000004
[INFO] PDC_SERVER[0]: Checking against Object 2000000004
[INFO] PDC_SERVER[0]: Checking against Object 1000000005
[INFO] PDC_SERVER[0]: Checking against Object 2000000007
[INFO] PDC_SERVER[0]: Checking against Object 1000000008
[INFO] PDC_SERVER[0]: Checking against Object 2000000008
[INFO] PDC_SERVER[0]: Object 1000000010 NOT found in cache
[INFO] PDC_SERVER[0]: Fetching region from server for obj_id=1000000010
[13:05:21.032006] [WARNING] [pdc_tf_server.c:393] PDC_SERVER[1]: SCHED: setting CUDA device to 0 for edge 0 func=zfp_decompress
[13:05:21.032019] [WARNING] [pdc_tf_server.c:401] PDC_SERVER[1]: SCHED: executing edge 0 func=zfp_decompress dev=GPU
[13:05:21.041700] [WARNING] [pdc_tf_server.c:475] PDC_SERVER[1]: SCHED: done running transformations
[INFO] PDC_SERVER[0]: Executing graph with json filepath /pscratch/sd/n/nlewi26/src/work_space/source/pdc/tf_client/graphs/zfp_gpu.json
[13:05:21.046738] [WARNING] [pdc_tf_server.c:393] PDC_SERVER[0]: SCHED: setting CUDA device to 0 for edge 0 func=zfp_decompress
[13:05:21.046749] [WARNING] [pdc_tf_server.c:401] PDC_SERVER[0]: SCHED: executing edge 0 func=zfp_decompress dev=GPU
[INFO] PDC_SERVER[1]: Fetching region for obj_id=1000000010
[INFO] PDC_SERVER[1]: Checking against Object 2000000000
[INFO] PDC_SERVER[1]: Checking against Object 1000000001
[INFO] PDC_SERVER[1]: Checking against Object 2000000001
[INFO] PDC_SERVER[1]: Checking against Object 1000000004
[INFO] PDC_SERVER[1]: Checking against Object 2000000004
[INFO] PDC_SERVER[1]: Checking against Object 1000000005
[INFO] PDC_SERVER[1]: Checking against Object 2000000007
[INFO] PDC_SERVER[1]: Checking against Object 1000000008
[INFO] PDC_SERVER[1]: Checking against Object 2000000008
[INFO] PDC_SERVER[1]: Object 1000000010 NOT found in cache
[INFO] PDC_SERVER[1]: Fetching region from server for obj_id=1000000010
[13:05:21.057326] [WARNING] [pdc_tf_server.c:475] PDC_SERVER[0]: SCHED: done running transformations
[INFO] PDC_SERVER[0]: Fetching region for obj_id=1000000010
[INFO] PDC_SERVER[0]: Checking against Object 2000000000
[INFO] PDC_SERVER[0]: Checking against Object 1000000001
[INFO] PDC_SERVER[0]: Checking against Object 2000000001
[INFO] PDC_SERVER[0]: Checking against Object 1000000004
[INFO] PDC_SERVER[0]: Checking against Object 2000000004
[INFO] PDC_SERVER[0]: Checking against Object 1000000005
[INFO] PDC_SERVER[0]: Checking against Object 2000000007
[INFO] PDC_SERVER[0]: Checking against Object 1000000008
[INFO] PDC_SERVER[0]: Checking against Object 2000000008
[INFO] PDC_SERVER[0]: Object 1000000010 NOT found in cache
[INFO] PDC_SERVER[0]: Fetching region from server for obj_id=1000000010
[13:05:21.065727] [WARNING] [pdc_tf_server.c:393] PDC_SERVER[1]: SCHED: setting CUDA device to 0 for edge 0 func=zfp_decompress
[13:05:21.065739] [WARNING] [pdc_tf_server.c:401] PDC_SERVER[1]: SCHED: executing edge 0 func=zfp_decompress dev=GPU
[13:05:21.075953] [WARNING] [pdc_tf_server.c:475] PDC_SERVER[1]: SCHED: done running transformations
[INFO] PDC_SERVER[0]: Executing graph with json filepath /pscratch/sd/n/nlewi26/src/work_space/source/pdc/tf_client/graphs/zfp_gpu.json
[13:05:21.080677] [WARNING] [pdc_tf_server.c:393] PDC_SERVER[0]: SCHED: setting CUDA device to 0 for edge 0 func=zfp_decompress
[13:05:21.080686] [WARNING] [pdc_tf_server.c:401] PDC_SERVER[0]: SCHED: executing edge 0 func=zfp_decompress dev=GPU
[INFO] PDC_SERVER[1]: Fetching region for obj_id=1000000010
[INFO] PDC_SERVER[1]: Checking against Object 2000000000
[INFO] PDC_SERVER[1]: Checking against Object 1000000001
[INFO] PDC_SERVER[1]: Checking against Object 2000000001
[INFO] PDC_SERVER[1]: Checking against Object 1000000004
[INFO] PDC_SERVER[1]: Checking against Object 2000000004
[INFO] PDC_SERVER[1]: Checking against Object 1000000005
[INFO] PDC_SERVER[1]: Checking against Object 2000000007
[INFO] PDC_SERVER[1]: Checking against Object 1000000008
[INFO] PDC_SERVER[1]: Checking against Object 2000000008
[INFO] PDC_SERVER[1]: Object 1000000010 NOT found in cache
[INFO] PDC_SERVER[1]: Fetching region from server for obj_id=1000000010
[13:05:21.091492] [WARNING] [pdc_tf_server.c:475] PDC_SERVER[0]: SCHED: done running transformations
[INFO] PDC_SERVER[0]: Fetching region for obj_id=1000000010
[INFO] PDC_SERVER[0]: Checking against Object 2000000000
[INFO] PDC_SERVER[0]: Checking against Object 1000000001
[INFO] PDC_SERVER[0]: Checking against Object 2000000001
[INFO] PDC_SERVER[0]: Checking against Object 1000000004
[INFO] PDC_SERVER[0]: Checking against Object 2000000004
[INFO] PDC_SERVER[0]: Checking against Object 1000000005
[INFO] PDC_SERVER[0]: Checking against Object 2000000007
[INFO] PDC_SERVER[0]: Checking against Object 1000000008
[INFO] PDC_SERVER[0]: Checking against Object 2000000008
[INFO] PDC_SERVER[0]: Object 1000000010 NOT found in cache
[INFO] PDC_SERVER[0]: Fetching region from server for obj_id=1000000010
[13:05:21.099343] [WARNING] [pdc_tf_server.c:393] PDC_SERVER[1]: SCHED: setting CUDA device to 0 for edge 0 func=zfp_decompress
[13:05:21.099358] [WARNING] [pdc_tf_server.c:401] PDC_SERVER[1]: SCHED: executing edge 0 func=zfp_decompress dev=GPU
[13:05:21.109258] [WARNING] [pdc_tf_server.c:475] PDC_SERVER[1]: SCHED: done running transformations
[INFO] PDC_SERVER[0]: Executing graph with json filepath /pscratch/sd/n/nlewi26/src/work_space/source/pdc/tf_client/graphs/zfp_gpu.json
[13:05:21.114314] [WARNING] [pdc_tf_server.c:393] PDC_SERVER[0]: SCHED: setting CUDA device to 0 for edge 0 func=zfp_decompress
[13:05:21.114328] [WARNING] [pdc_tf_server.c:401] PDC_SERVER[0]: SCHED: executing edge 0 func=zfp_decompress dev=GPU
[INFO] PDC_SERVER[1]: Fetching region for obj_id=1000000010
[INFO] PDC_SERVER[1]: Checking against Object 2000000000
[INFO] PDC_SERVER[1]: Checking against Object 1000000001
[INFO] PDC_SERVER[1]: Checking against Object 2000000001
[INFO] PDC_SERVER[1]: Checking against Object 1000000004
[INFO] PDC_SERVER[1]: Checking against Object 2000000004
[INFO] PDC_SERVER[1]: Checking against Object 1000000005
[INFO] PDC_SERVER[1]: Checking against Object 2000000007
[INFO] PDC_SERVER[1]: Checking against Object 1000000008
[INFO] PDC_SERVER[1]: Checking against Object 2000000008
[INFO] PDC_SERVER[1]: Object 1000000010 NOT found in cache
[INFO] PDC_SERVER[1]: Fetching region from server for obj_id=1000000010
[13:05:21.129551] [WARNING] [pdc_tf_server.c:475] PDC_SERVER[0]: SCHED: done running transformations
[13:05:21.132451] [WARNING] [pdc_tf_server.c:393] PDC_SERVER[1]: SCHED: setting CUDA device to 0 for edge 0 func=zfp_decompress
[13:05:21.132467] [WARNING] [pdc_tf_server.c:401] PDC_SERVER[1]: SCHED: executing edge 0 func=zfp_decompress dev=GPU
[INFO] PDC_SERVER[0]: Fetching region for obj_id=1000000010
[INFO] PDC_SERVER[0]: Checking against Object 2000000000
[INFO] PDC_SERVER[0]: Checking against Object 1000000001
[INFO] PDC_SERVER[0]: Checking against Object 2000000001
[INFO] PDC_SERVER[0]: Checking against Object 1000000004
[INFO] PDC_SERVER[0]: Checking against Object 2000000004
[INFO] PDC_SERVER[0]: Checking against Object 1000000005
[INFO] PDC_SERVER[0]: Checking against Object 2000000007
[INFO] PDC_SERVER[0]: Checking against Object 1000000008
[INFO] PDC_SERVER[0]: Checking against Object 2000000008
[INFO] PDC_SERVER[0]: Object 1000000010 NOT found in cache
[INFO] PDC_SERVER[0]: Fetching region from server for obj_id=1000000010
[13:05:21.151826] [WARNING] [pdc_tf_server.c:475] PDC_SERVER[1]: SCHED: done running transformations
[INFO] PDC_SERVER[0]: Executing graph with json filepath /pscratch/sd/n/nlewi26/src/work_space/source/pdc/tf_client/graphs/zfp_gpu.json
[13:05:21.152779] [WARNING] [pdc_tf_server.c:393] PDC_SERVER[0]: SCHED: setting CUDA device to 0 for edge 0 func=zfp_decompress
[13:05:21.152794] [WARNING] [pdc_tf_server.c:401] PDC_SERVER[0]: SCHED: executing edge 0 func=zfp_decompress dev=GPU
[INFO] PDC_SERVER[1]: Fetching region for obj_id=1000000010
[INFO] PDC_SERVER[1]: Checking against Object 2000000000
[INFO] PDC_SERVER[1]: Checking against Object 1000000001
[INFO] PDC_SERVER[1]: Checking against Object 2000000001
[INFO] PDC_SERVER[1]: Checking against Object 1000000004
[INFO] PDC_SERVER[1]: Checking against Object 2000000004
[INFO] PDC_SERVER[1]: Checking against Object 1000000005
[INFO] PDC_SERVER[1]: Checking against Object 2000000007
[INFO] PDC_SERVER[1]: Checking against Object 1000000008
[INFO] PDC_SERVER[1]: Checking against Object 2000000008
[INFO] PDC_SERVER[1]: Object 1000000010 NOT found in cache
[INFO] PDC_SERVER[1]: Fetching region from server for obj_id=1000000010
[13:05:21.172106] [WARNING] [pdc_tf_server.c:475] PDC_SERVER[0]: SCHED: done running transformations
[13:05:21.174866] [WARNING] [pdc_tf_server.c:393] PDC_SERVER[1]: SCHED: setting CUDA device to 0 for edge 0 func=zfp_decompress
[13:05:21.174881] [WARNING] [pdc_tf_server.c:401] PDC_SERVER[1]: SCHED: executing edge 0 func=zfp_decompress dev=GPU
[INFO] PDC_SERVER[0]: Fetching region for obj_id=1000000010
[INFO] PDC_SERVER[0]: Checking against Object 2000000000
[INFO] PDC_SERVER[0]: Checking against Object 1000000001
[INFO] PDC_SERVER[0]: Checking against Object 2000000001
[INFO] PDC_SERVER[0]: Checking against Object 1000000004
[INFO] PDC_SERVER[0]: Checking against Object 2000000004
[INFO] PDC_SERVER[0]: Checking against Object 1000000005
[INFO] PDC_SERVER[0]: Checking against Object 2000000007
[INFO] PDC_SERVER[0]: Checking against Object 1000000008
[INFO] PDC_SERVER[0]: Checking against Object 2000000008
[INFO] PDC_SERVER[0]: Object 1000000010 NOT found in cache
[INFO] PDC_SERVER[0]: Fetching region from server for obj_id=1000000010
[13:05:21.198126] [WARNING] [pdc_tf_server.c:475] PDC_SERVER[1]: SCHED: done running transformations
[INFO] PDC_SERVER[0]: Executing graph with json filepath /pscratch/sd/n/nlewi26/src/work_space/source/pdc/tf_client/graphs/zfp_gpu.json
[13:05:21.202094] [WARNING] [pdc_tf_server.c:393] PDC_SERVER[0]: SCHED: setting CUDA device to 0 for edge 0 func=zfp_decompress
[13:05:21.202111] [WARNING] [pdc_tf_server.c:401] PDC_SERVER[0]: SCHED: executing edge 0 func=zfp_decompress dev=GPU
[INFO] PDC_SERVER[1]: Fetching region for obj_id=1000000010
[INFO] PDC_SERVER[1]: Checking against Object 2000000000
[INFO] PDC_SERVER[1]: Checking against Object 1000000001
[INFO] PDC_SERVER[1]: Checking against Object 2000000001
[INFO] PDC_SERVER[1]: Checking against Object 1000000004
[INFO] PDC_SERVER[1]: Checking against Object 2000000004
[INFO] PDC_SERVER[1]: Checking against Object 1000000005
[INFO] PDC_SERVER[1]: Checking against Object 2000000007
[INFO] PDC_SERVER[1]: Checking against Object 1000000008
[INFO] PDC_SERVER[1]: Checking against Object 2000000008
[INFO] PDC_SERVER[1]: Object 1000000010 NOT found in cache
[INFO] PDC_SERVER[1]: Fetching region from server for obj_id=1000000010
[13:05:21.220194] [WARNING] [pdc_tf_server.c:475] PDC_SERVER[0]: SCHED: done running transformations
[13:05:21.220600] [WARNING] [pdc_tf_server.c:393] PDC_SERVER[1]: SCHED: setting CUDA device to 0 for edge 0 func=zfp_decompress
[13:05:21.220616] [WARNING] [pdc_tf_server.c:401] PDC_SERVER[1]: SCHED: executing edge 0 func=zfp_decompress dev=GPU
[INFO] PDC_SERVER[0]: Fetching region for obj_id=1000000010
[INFO] PDC_SERVER[0]: Checking against Object 2000000000
[INFO] PDC_SERVER[0]: Checking against Object 1000000001
[INFO] PDC_SERVER[0]: Checking against Object 2000000001
[INFO] PDC_SERVER[0]: Checking against Object 1000000004
[INFO] PDC_SERVER[0]: Checking against Object 2000000004
[INFO] PDC_SERVER[0]: Checking against Object 1000000005
[INFO] PDC_SERVER[0]: Checking against Object 2000000007
[INFO] PDC_SERVER[0]: Checking against Object 1000000008
[INFO] PDC_SERVER[0]: Checking against Object 2000000008
[INFO] PDC_SERVER[0]: Object 1000000010 NOT found in cache
[INFO] PDC_SERVER[0]: Fetching region from server for obj_id=1000000010
[13:05:21.235462] [WARNING] [pdc_tf_server.c:475] PDC_SERVER[1]: SCHED: done running transformations
[INFO] PDC_SERVER[1]: Fetching region for obj_id=1000000010
[INFO] PDC_SERVER[1]: Checking against Object 2000000000
[INFO] PDC_SERVER[1]: Checking against Object 1000000001
[INFO] PDC_SERVER[1]: Checking against Object 2000000001
[INFO] PDC_SERVER[1]: Checking against Object 1000000004
[INFO] PDC_SERVER[1]: Checking against Object 2000000004
[INFO] PDC_SERVER[1]: Checking against Object 1000000005
[INFO] PDC_SERVER[1]: Checking against Object 2000000007
[INFO] PDC_SERVER[1]: Checking against Object 1000000008
[INFO] PDC_SERVER[1]: Checking against Object 2000000008
[INFO] PDC_SERVER[1]: Object 1000000010 NOT found in cache
[INFO] PDC_SERVER[1]: Fetching region from server for obj_id=1000000010
[INFO] PDC_SERVER[0]: Executing graph with json filepath /pscratch/sd/n/nlewi26/src/work_space/source/pdc/tf_client/graphs/zfp_gpu.json
[13:05:21.250036] [WARNING] [pdc_tf_server.c:393] PDC_SERVER[0]: SCHED: setting CUDA device to 0 for edge 0 func=zfp_decompress
[13:05:21.250052] [WARNING] [pdc_tf_server.c:401] PDC_SERVER[0]: SCHED: executing edge 0 func=zfp_decompress dev=GPU
[13:05:21.256650] [WARNING] [pdc_tf_server.c:393] PDC_SERVER[1]: SCHED: setting CUDA device to 0 for edge 0 func=zfp_decompress
[13:05:21.256665] [WARNING] [pdc_tf_server.c:401] PDC_SERVER[1]: SCHED: executing edge 0 func=zfp_decompress dev=GPU
[13:05:21.261261] [WARNING] [pdc_tf_server.c:475] PDC_SERVER[0]: SCHED: done running transformations
[13:05:21.267840] [WARNING] [pdc_tf_server.c:475] PDC_SERVER[1]: SCHED: done running transformations
[INFO] PDC_SERVER[0]: Fetching region for obj_id=1000000010
[INFO] PDC_SERVER[0]: Checking against Object 2000000000
[INFO] PDC_SERVER[0]: Checking against Object 1000000001
[INFO] PDC_SERVER[0]: Checking against Object 2000000001
[INFO] PDC_SERVER[0]: Checking against Object 1000000004
[INFO] PDC_SERVER[0]: Checking against Object 2000000004
[INFO] PDC_SERVER[0]: Checking against Object 1000000005
[INFO] PDC_SERVER[0]: Checking against Object 2000000007
[INFO] PDC_SERVER[0]: Checking against Object 1000000008
[INFO] PDC_SERVER[0]: Checking against Object 2000000008
[INFO] PDC_SERVER[0]: Object 1000000010 NOT found in cache
[INFO] PDC_SERVER[0]: Fetching region from server for obj_id=1000000010
[INFO] PDC_SERVER[1]: Fetching region for obj_id=1000000010
[INFO] PDC_SERVER[1]: Checking against Object 2000000000
[INFO] PDC_SERVER[1]: Checking against Object 1000000001
[INFO] PDC_SERVER[1]: Checking against Object 2000000001
[INFO] PDC_SERVER[1]: Checking against Object 1000000004
[INFO] PDC_SERVER[1]: Checking against Object 2000000004
[INFO] PDC_SERVER[1]: Checking against Object 1000000005
[INFO] PDC_SERVER[1]: Checking against Object 2000000007
[INFO] PDC_SERVER[1]: Checking against Object 1000000008
[INFO] PDC_SERVER[1]: Checking against Object 2000000008
[INFO] PDC_SERVER[1]: Object 1000000010 NOT found in cache
[INFO] PDC_SERVER[1]: Fetching region from server for obj_id=1000000010
[INFO] PDC_SERVER[0]: Executing graph with json filepath /pscratch/sd/n/nlewi26/src/work_space/source/pdc/tf_client/graphs/zfp_gpu.json
[13:05:21.291638] [WARNING] [pdc_tf_server.c:393] PDC_SERVER[0]: SCHED: setting CUDA device to 0 for edge 0 func=zfp_decompress
[13:05:21.291653] [WARNING] [pdc_tf_server.c:401] PDC_SERVER[0]: SCHED: executing edge 0 func=zfp_decompress dev=GPU
[13:05:21.296431] [WARNING] [pdc_tf_server.c:393] PDC_SERVER[1]: SCHED: setting CUDA device to 0 for edge 0 func=zfp_decompress
[13:05:21.296451] [WARNING] [pdc_tf_server.c:401] PDC_SERVER[1]: SCHED: executing edge 0 func=zfp_decompress dev=GPU
[13:05:21.304680] [WARNING] [pdc_tf_server.c:475] PDC_SERVER[0]: SCHED: done running transformations
[13:05:21.309318] [WARNING] [pdc_tf_server.c:475] PDC_SERVER[1]: SCHED: done running transformations
[INFO] PDC_SERVER[0]: Fetching region for obj_id=1000000010
[INFO] PDC_SERVER[0]: Checking against Object 2000000000
[INFO] PDC_SERVER[0]: Checking against Object 1000000001
[INFO] PDC_SERVER[0]: Checking against Object 2000000001
[INFO] PDC_SERVER[0]: Checking against Object 1000000004
[INFO] PDC_SERVER[0]: Checking against Object 2000000004
[INFO] PDC_SERVER[0]: Checking against Object 1000000005
[INFO] PDC_SERVER[0]: Checking against Object 2000000007
[INFO] PDC_SERVER[0]: Checking against Object 1000000008
[INFO] PDC_SERVER[0]: Checking against Object 2000000008
[INFO] PDC_SERVER[0]: Object 1000000010 NOT found in cache
[INFO] PDC_SERVER[0]: Fetching region from server for obj_id=1000000010
[INFO] PDC_SERVER[1]: Fetching region for obj_id=1000000010
[INFO] PDC_SERVER[1]: Checking against Object 2000000000
[INFO] PDC_SERVER[1]: Checking against Object 1000000001
[INFO] PDC_SERVER[1]: Checking against Object 2000000001
[INFO] PDC_SERVER[1]: Checking against Object 1000000004
[INFO] PDC_SERVER[1]: Checking against Object 2000000004
[INFO] PDC_SERVER[1]: Checking against Object 1000000005
[INFO] PDC_SERVER[1]: Checking against Object 2000000007
[INFO] PDC_SERVER[1]: Checking against Object 1000000008
[INFO] PDC_SERVER[1]: Checking against Object 2000000008
[INFO] PDC_SERVER[1]: Object 1000000010 NOT found in cache
[INFO] PDC_SERVER[1]: Fetching region from server for obj_id=1000000010
[INFO] PDC_SERVER[0]: Executing graph with json filepath /pscratch/sd/n/nlewi26/src/work_space/source/pdc/tf_client/graphs/zfp_gpu.json
[13:05:21.334942] [WARNING] [pdc_tf_server.c:393] PDC_SERVER[0]: SCHED: setting CUDA device to 0 for edge 0 func=zfp_decompress
[13:05:21.334957] [WARNING] [pdc_tf_server.c:401] PDC_SERVER[0]: SCHED: executing edge 0 func=zfp_decompress dev=GPU
[13:05:21.339484] [WARNING] [pdc_tf_server.c:393] PDC_SERVER[1]: SCHED: setting CUDA device to 0 for edge 0 func=zfp_decompress
[13:05:21.339502] [WARNING] [pdc_tf_server.c:401] PDC_SERVER[1]: SCHED: executing edge 0 func=zfp_decompress dev=GPU
[13:05:21.347187] [WARNING] [pdc_tf_server.c:475] PDC_SERVER[0]: SCHED: done running transformations
[13:05:21.352749] [WARNING] [pdc_tf_server.c:475] PDC_SERVER[1]: SCHED: done running transformations
[INFO] PDC_SERVER[0]: Fetching region for obj_id=1000000010
[INFO] PDC_SERVER[0]: Checking against Object 2000000000
[INFO] PDC_SERVER[0]: Checking against Object 1000000001
[INFO] PDC_SERVER[0]: Checking against Object 2000000001
[INFO] PDC_SERVER[0]: Checking against Object 1000000004
[INFO] PDC_SERVER[0]: Checking against Object 2000000004
[INFO] PDC_SERVER[0]: Checking against Object 1000000005
[INFO] PDC_SERVER[0]: Checking against Object 2000000007
[INFO] PDC_SERVER[0]: Checking against Object 1000000008
[INFO] PDC_SERVER[0]: Checking against Object 2000000008
[INFO] PDC_SERVER[0]: Object 1000000010 NOT found in cache
[INFO] PDC_SERVER[0]: Fetching region from server for obj_id=1000000010
[INFO] PDC_SERVER[1]: Fetching region for obj_id=1000000010
[INFO] PDC_SERVER[1]: Checking against Object 2000000000
[INFO] PDC_SERVER[1]: Checking against Object 1000000001
[INFO] PDC_SERVER[1]: Checking against Object 2000000001
[INFO] PDC_SERVER[1]: Checking against Object 1000000004
[INFO] PDC_SERVER[1]: Checking against Object 2000000004
[INFO] PDC_SERVER[1]: Checking against Object 1000000005
[INFO] PDC_SERVER[1]: Checking against Object 2000000007
[INFO] PDC_SERVER[1]: Checking against Object 1000000008
[INFO] PDC_SERVER[1]: Checking against Object 2000000008
[INFO] PDC_SERVER[1]: Object 1000000010 NOT found in cache
[INFO] PDC_SERVER[1]: Fetching region from server for obj_id=1000000010
[INFO] PDC_SERVER[0]: Executing graph with json filepath /pscratch/sd/n/nlewi26/src/work_space/source/pdc/tf_client/graphs/zfp_gpu.json
[13:05:21.377290] [WARNING] [pdc_tf_server.c:393] PDC_SERVER[0]: SCHED: setting CUDA device to 0 for edge 0 func=zfp_decompress
[13:05:21.377333] [WARNING] [pdc_tf_server.c:401] PDC_SERVER[0]: SCHED: executing edge 0 func=zfp_decompress dev=GPU
[13:05:21.382679] [WARNING] [pdc_tf_server.c:393] PDC_SERVER[1]: SCHED: setting CUDA device to 0 for edge 0 func=zfp_decompress
[13:05:21.382714] [WARNING] [pdc_tf_server.c:401] PDC_SERVER[1]: SCHED: executing edge 0 func=zfp_decompress dev=GPU
[13:05:21.389582] [WARNING] [pdc_tf_server.c:475] PDC_SERVER[0]: SCHED: done running transformations
[13:05:21.395640] [WARNING] [pdc_tf_server.c:475] PDC_SERVER[1]: SCHED: done running transformations
[INFO] PDC_SERVER[0]: Fetching region for obj_id=1000000010
[INFO] PDC_SERVER[0]: Checking against Object 2000000000
[INFO] PDC_SERVER[0]: Checking against Object 1000000001
[INFO] PDC_SERVER[0]: Checking against Object 2000000001
[INFO] PDC_SERVER[0]: Checking against Object 1000000004
[INFO] PDC_SERVER[0]: Checking against Object 2000000004
[INFO] PDC_SERVER[0]: Checking against Object 1000000005
[INFO] PDC_SERVER[0]: Checking against Object 2000000007
[INFO] PDC_SERVER[0]: Checking against Object 1000000008
[INFO] PDC_SERVER[0]: Checking against Object 2000000008
[INFO] PDC_SERVER[0]: Object 1000000010 NOT found in cache
[INFO] PDC_SERVER[0]: Fetching region from server for obj_id=1000000010
[INFO] PDC_SERVER[1]: Fetching region for obj_id=1000000010
[INFO] PDC_SERVER[1]: Checking against Object 2000000000
[INFO] PDC_SERVER[1]: Checking against Object 1000000001
[INFO] PDC_SERVER[1]: Checking against Object 2000000001
[INFO] PDC_SERVER[1]: Checking against Object 1000000004
[INFO] PDC_SERVER[1]: Checking against Object 2000000004
[INFO] PDC_SERVER[1]: Checking against Object 1000000005
[INFO] PDC_SERVER[1]: Checking against Object 2000000007
[INFO] PDC_SERVER[1]: Checking against Object 1000000008
[INFO] PDC_SERVER[1]: Checking against Object 2000000008
[INFO] PDC_SERVER[1]: Object 1000000010 NOT found in cache
[INFO] PDC_SERVER[1]: Fetching region from server for obj_id=1000000010
[INFO] PDC_SERVER[0]: Executing graph with json filepath /pscratch/sd/n/nlewi26/src/work_space/source/pdc/tf_client/graphs/zfp_gpu.json
[13:05:21.413233] [WARNING] [pdc_tf_server.c:393] PDC_SERVER[0]: SCHED: setting CUDA device to 0 for edge 0 func=zfp_decompress
[13:05:21.413246] [WARNING] [pdc_tf_server.c:401] PDC_SERVER[0]: SCHED: executing edge 0 func=zfp_decompress dev=GPU
[13:05:21.422978] [WARNING] [pdc_tf_server.c:475] PDC_SERVER[0]: SCHED: done running transformations
[13:05:21.427199] [WARNING] [pdc_tf_server.c:393] PDC_SERVER[1]: SCHED: setting CUDA device to 0 for edge 0 func=zfp_decompress
[13:05:21.427218] [WARNING] [pdc_tf_server.c:401] PDC_SERVER[1]: SCHED: executing edge 0 func=zfp_decompress dev=GPU
[INFO] PDC_SERVER[0]: Fetching region for obj_id=1000000010
[INFO] PDC_SERVER[0]: Checking against Object 2000000000
[INFO] PDC_SERVER[0]: Checking against Object 1000000001
[INFO] PDC_SERVER[0]: Checking against Object 2000000001
[INFO] PDC_SERVER[0]: Checking against Object 1000000004
[INFO] PDC_SERVER[0]: Checking against Object 2000000004
[INFO] PDC_SERVER[0]: Checking against Object 1000000005
[INFO] PDC_SERVER[0]: Checking against Object 2000000007
[INFO] PDC_SERVER[0]: Checking against Object 1000000008
[INFO] PDC_SERVER[0]: Checking against Object 2000000008
[INFO] PDC_SERVER[0]: Object 1000000010 NOT found in cache
[INFO] PDC_SERVER[0]: Fetching region from server for obj_id=1000000010
[13:05:21.439082] [WARNING] [pdc_tf_server.c:475] PDC_SERVER[1]: SCHED: done running transformations
[INFO] PDC_SERVER[0]: Executing graph with json filepath /pscratch/sd/n/nlewi26/src/work_space/source/pdc/tf_client/graphs/zfp_gpu.json
[13:05:21.446576] [WARNING] [pdc_tf_server.c:393] PDC_SERVER[0]: SCHED: setting CUDA device to 0 for edge 0 func=zfp_decompress
[13:05:21.446602] [WARNING] [pdc_tf_server.c:401] PDC_SERVER[0]: SCHED: executing edge 0 func=zfp_decompress dev=GPU
[13:05:21.475202] [WARNING] [pdc_tf_server.c:475] PDC_SERVER[0]: SCHED: done running transformations
[INFO] PDC_SERVER[0]: Starting flush for obj_id 2000000000, ndim=3
[INFO] PDC_SERVER[0]: Starting flush for obj_id 1000000001, ndim=3
[INFO] PDC_SERVER[0]: Starting flush for obj_id 2000000001, ndim=3
[INFO] PDC_SERVER[0]: Starting flush for obj_id 1000000004, ndim=3
[INFO] PDC_SERVER[0]: Starting flush for obj_id 2000000004, ndim=3
[INFO] PDC_SERVER[0]: Starting flush for obj_id 1000000005, ndim=3
[INFO] PDC_SERVER[0]: Starting flush for obj_id 2000000007, ndim=3
[INFO] PDC_SERVER[0]: Starting flush for obj_id 1000000008, ndim=3
[INFO] PDC_SERVER[0]: Starting flush for obj_id 2000000008, ndim=3
[INFO] PDC_SERVER[0]: Starting flush for obj_id 2000000000, ndim=3
[INFO] PDC_SERVER[0]: Starting flush for obj_id 1000000001, ndim=3
[INFO] PDC_SERVER[0]: Starting flush for obj_id 2000000001, ndim=3
[INFO] PDC_SERVER[0]: Starting flush for obj_id 1000000004, ndim=3
[INFO] PDC_SERVER[0]: Starting flush for obj_id 2000000004, ndim=3
[INFO] PDC_SERVER[0]: Starting flush for obj_id 1000000005, ndim=3
[INFO] PDC_SERVER[0]: Starting flush for obj_id 2000000007, ndim=3
[INFO] PDC_SERVER[0]: Starting flush for obj_id 1000000008, ndim=3
[INFO] PDC_SERVER[0]: Starting flush for obj_id 2000000008, ndim=3
[13:05:26.362930] [WARNING] [pdc_server.c:1323] PDC_SERVER[0]: Checkpoint start
[INFO] PDC_SERVER[0]: Checkpoint file [/pscratch/sd/n/nlewi26/pdc_curl_analysis_bench//0/metadata_checkpoint.0]
[13:05:26.367201] [WARNING] [pdc_server.c:1536] PDC_SERVER[0]: Writing checkpoint transformations start
[13:05:26.367309] [WARNING] [pdc_server.c:1718] PDC_SERVER[0]: Writing checkpoint transformations done
[13:05:26.367317] [WARNING] [pdc_server.c:1721] PDC_SERVER[0]: Writing checkpoint region-analysis state start
[13:05:26.367415] [WARNING] [pdc_server.c:1724] PDC_SERVER[0]: Writing checkpoint region-analysis state done
[13:05:26.367666] [WARNING] [pdc_server.c:1761] PDC_SERVER[0]: Rank[ALL]: Total checkpoint time = 0.004731
[13:05:26.367675] [WARNING] [pdc_server.c:1770] PDC_SERVER[0]: Checkpointing done
[13:05:26.368037] [WARNING] [pdc_client_server_common.c:119] PDC_SERVER[0]: metric,rank0_avg_s/n,rank1_avg_s/n
[13:05:26.368056] [WARNING] [pdc_client_server_common.c:144] PDC_SERVER[0]: compress,0.054426/48,0.053556/48
[13:05:26.368062] [WARNING] [pdc_client_server_common.c:144] PDC_SERVER[0]: decompress,0.013071/48,0.013282/48
[13:05:26.368067] [WARNING] [pdc_client_server_common.c:144] PDC_SERVER[0]: magnitude,0.021269/48,0.020757/48
[13:05:26.368076] [WARNING] [pdc_client_server_common.c:144] PDC_SERVER[0]: posix_open,0.000062/576,0.000063/576
[13:05:26.368082] [WARNING] [pdc_client_server_common.c:144] PDC_SERVER[0]: posix_close,0.000000/0,0.000000/0
[13:05:26.368088] [WARNING] [pdc_client_server_common.c:144] PDC_SERVER[0]: posix_write,0.025980/288,0.026140/288
[13:05:26.368094] [WARNING] [pdc_client_server_common.c:144] PDC_SERVER[0]: posix_read,0.000000/0,0.000000/0
