gemm_n,zfp_elems,iter,data_size_mb,h2d_ms,comp_ms,d2h_ms,total_ms,nvml_gpu_util,nvml_mem_util,nvml_sm_clock_mhz,nvml_mem_clock_mhz,nvml_sm_clock_max_mhz,nvml_mem_clock_max_mhz,nvml_sm_clock_ratio,nvml_mem_clock_ratio,nvml_power_mw,nvml_temp_c,nvml_mem_used_mb,nvml_mem_free_mb,nvml_mem_total_mb,nvml_pcie_tx_kbps,nvml_pcie_rx_kbps,nvml_throttle_reasons,nvml_perf_state,nvml_fan_speed_pct,nvml_enc_util,nvml_dec_util
0,524288,0,4.194,0.4732,75.2167,1.2670,76.9569,0,0,1095,1215,1410,1215,0.7766,1.0000,74231,31,952,40007,40960,292,292,0,0,0,0,0
0,524288,1,4.194,0.2903,0.1734,0.2022,0.6658,3,0,1095,1215,1410,1215,0.7766,1.0000,74231,31,954,40005,40960,732,244,0,0,0,0,0
0,524288,2,4.194,0.2682,0.1718,0.2018,0.6418,3,0,1095,1215,1410,1215,0.7766,1.0000,74231,31,954,40005,40960,292,292,0,0,0,0,0
0,524288,3,4.194,0.3036,0.1646,0.2000,0.6682,3,0,1095,1215,1410,1215,0.7766,1.0000,74231,31,954,40005,40960,292,341,0,0,0,0,0
0,524288,4,4.194,0.2629,0.1667,0.2229,0.6525,1,0,1095,1215,1410,1215,0.7766,1.0000,74231,31,954,40005,40960,341,244,0,0,0,0,0
0,524288,5,4.194,0.3338,0.1674,0.1891,0.6903,1,0,1095,1215,1410,1215,0.7766,1.0000,74231,31,954,40005,40960,341,19531,0,0,0,0,0
0,524288,6,4.194,0.2451,0.1826,0.1895,0.6171,1,0,1095,1215,1410,1215,0.7766,1.0000,74522,31,954,40005,40960,9130,292,0,0,0,0,0
0,524288,7,4.194,0.2456,0.1723,0.1910,0.6090,1,0,1095,1215,1410,1215,0.7766,1.0000,74522,31,954,40005,40960,341,292,0,0,0,0,0
0,524288,8,4.194,0.2465,0.1931,0.2301,0.6697,1,0,1095,1215,1410,1215,0.7766,1.0000,74522,31,954,40005,40960,732,244,0,0,0,0,0
0,524288,9,4.194,0.3354,0.1940,0.2089,0.7383,1,0,1095,1215,1410,1215,0.7766,1.0000,74231,31,954,40005,40960,292,244,0,0,0,0,0
0,524288,10,4.194,0.2506,0.1898,0.2292,0.6696,1,0,1095,1215,1410,1215,0.7766,1.0000,74231,31,954,40005,40960,683,244,0,0,0,0,0
0,524288,11,4.194,0.3362,0.1875,0.2291,0.7528,1,0,1095,1215,1410,1215,0.7766,1.0000,74231,31,954,40005,40960,292,244,0,0,0,0,0
0,524288,12,4.194,0.3213,0.1843,0.1900,0.6957,1,0,1095,1215,1410,1215,0.7766,1.0000,74231,31,954,40005,40960,341,11474,0,0,0,0,0
0,524288,13,4.194,0.2452,0.1759,0.1895,0.6106,1,0,1095,1215,1410,1215,0.7766,1.0000,74522,31,954,40005,40960,16992,292,0,0,0,0,0
0,524288,14,4.194,0.2458,0.1648,0.1898,0.6005,1,0,1095,1215,1410,1215,0.7766,1.0000,74522,31,954,40005,40960,292,292,0,0,0,0,0
0,524288,15,4.194,0.2425,0.1918,0.2300,0.6644,1,0,1095,1215,1410,1215,0.7766,1.0000,74231,31,954,40005,40960,341,244,0,0,0,0,0
0,524288,16,4.194,0.3370,0.1894,0.2311,0.7575,1,0,1095,1215,1410,1215,0.7766,1.0000,74231,31,954,40005,40960,292,292,0,0,0,0,0
0,524288,17,4.194,0.3832,0.1895,0.2505,0.8232,1,0,1095,1215,1410,1215,0.7766,1.0000,74231,31,954,40005,40960,732,3125,0,0,0,0,0
0,524288,18,4.194,0.3682,0.1877,0.2541,0.8100,1,0,1095,1215,1410,1215,0.7766,1.0000,74231,31,954,40005,40960,292,292,0,0,0,0,0
0,524288,19,4.194,0.3076,0.1825,0.1903,0.6804,1,0,1095,1215,1410,1215,0.7766,1.0000,74231,31,954,40005,40960,292,292,0,0,0,0,0
0,524288,20,4.194,0.2467,0.1864,0.2522,0.6853,1,0,1095,1215,1410,1215,0.7766,1.0000,74522,31,954,40005,40960,292,244,0,0,0,0,0
0,524288,21,4.194,0.3534,0.1735,0.1926,0.7195,1,0,1095,1215,1410,1215,0.7766,1.0000,74522,31,954,40005,40960,292,7910,0,0,0,0,0
0,524288,22,4.194,0.2437,0.1798,0.1894,0.6130,1,0,1095,1215,1410,1215,0.7766,1.0000,74522,31,954,40005,40960,23583,292,0,0,0,0,0
0,524288,23,4.194,0.2457,0.1701,0.1930,0.6088,1,0,1095,1215,1410,1215,0.7766,1.0000,74522,31,954,40005,40960,292,488,0,0,0,0,0
0,524288,24,4.194,0.2474,0.1832,0.2304,0.6610,1,0,1095,1215,1410,1215,0.7766,1.0000,74231,31,954,40005,40960,341,292,0,0,0,0,0
0,524288,25,4.194,0.3404,0.1933,0.2300,0.7636,1,0,1095,1215,1410,1215,0.7766,1.0000,74231,31,954,40005,40960,292,244,0,0,0,0,0
0,524288,26,4.194,0.3246,0.1907,0.2290,0.7442,1,0,1095,1215,1410,1215,0.7766,1.0000,74231,31,954,40005,40960,732,292,0,0,0,0,0
0,524288,27,4.194,0.3122,0.1822,0.2284,0.7229,1,0,1095,1215,1410,1215,0.7766,1.0000,74231,31,954,40005,40960,292,244,0,0,0,0,0
0,524288,28,4.194,0.3885,0.1943,0.2944,0.8772,1,0,1095,1215,1410,1215,0.7766,1.0000,74231,31,954,40005,40960,292,341,0,0,0,0,0
0,524288,29,4.194,0.3311,0.1888,0.2307,0.7506,1,0,1095,1215,1410,1215,0.7766,1.0000,74522,31,954,40005,40960,341,292,0,0,0,0,0
0,1048576,0,8.389,1.2889,74.7583,1.4508,77.4979,0,0,1095,1215,1410,1215,0.7766,1.0000,74231,31,958,40001,40960,732,244,0,0,0,0,0
0,1048576,1,8.389,0.4559,0.3298,0.3446,1.1302,0,0,1095,1215,1410,1215,0.7766,1.0000,74231,31,960,39999,40960,634,244,0,0,0,0,0
0,1048576,2,8.389,0.4679,0.3334,0.2808,1.0821,3,0,1095,1215,1410,1215,0.7766,1.0000,74231,31,960,39999,40960,292,244,0,0,0,0,0
0,1048576,3,8.389,0.4536,0.3248,0.2815,1.0599,3,0,1095,1215,1410,1215,0.7766,1.0000,74231,31,960,39999,40960,15625,18652,0,0,0,0,0
0,1048576,4,8.389,0.4538,0.3313,0.3778,1.1628,3,0,1095,1215,1410,1215,0.7766,1.0000,74759,31,960,39999,40960,341,244,0,0,0,0,0
0,1048576,5,8.389,0.4684,0.3378,0.2771,1.0833,3,0,1095,1215,1410,1215,0.7766,1.0000,74759,31,960,39999,40960,878,292,0,0,0,0,0
0,1048576,6,8.389,0.4550,0.3405,0.3490,1.1446,1,0,1095,1215,1410,1215,0.7766,1.0000,74522,31,960,39999,40960,341,292,0,0,0,0,0
0,1048576,7,8.389,0.4552,0.3300,0.2771,1.0623,1,0,1095,1215,1410,1215,0.7766,1.0000,74522,31,960,39999,40960,292,390,0,0,0,0,0
0,1048576,8,8.389,0.4557,0.3336,0.3003,1.0896,1,0,1095,1215,1410,1215,0.7766,1.0000,74522,31,960,39999,40960,292,292,0,0,0,0,0
0,1048576,9,8.389,0.4552,0.3259,0.2776,1.0586,1,0,1095,1215,1410,1215,0.7766,1.0000,74522,31,960,39999,40960,292,488,0,0,0,0,0
0,1048576,10,8.389,0.4552,0.3293,0.3821,1.1665,2,0,1095,1215,1410,1215,0.7766,1.0000,74231,31,960,39999,40960,292,292,0,0,0,0,0
0,1048576,11,8.389,0.5176,0.3346,0.3466,1.1988,2,0,1095,1215,1410,1215,0.7766,1.0000,74231,31,960,39999,40960,341,292,0,0,0,0,0
0,1048576,12,8.389,0.5594,0.3246,0.2927,1.1766,2,0,1095,1215,1410,1215,0.7766,1.0000,74231,31,960,39999,40960,683,292,0,0,0,0,0
0,1048576,13,8.389,0.4521,0.3287,0.2791,1.0600,2,0,1095,1215,1410,1215,0.7766,1.0000,74759,31,960,39999,40960,9667,20947,0,0,0,0,0
0,1048576,14,8.389,0.4567,0.3127,0.2787,1.0480,2,0,1095,1215,1410,1215,0.7766,1.0000,74759,31,960,39999,40960,488,292,0,0,0,0,0
0,1048576,15,8.389,0.4568,0.3268,0.3519,1.1355,2,0,1095,1215,1410,1215,0.7766,1.0000,74522,31,960,39999,40960,292,292,0,0,0,0,0
0,1048576,16,8.389,0.4658,0.3484,0.2804,1.0945,2,0,1095,1215,1410,1215,0.7766,1.0000,74522,31,960,39999,40960,4101,292,0,0,0,0,0
0,1048576,17,8.389,0.4559,0.3258,0.3487,1.1304,2,0,1095,1215,1410,1215,0.7766,1.0000,74231,31,960,39999,40960,292,292,0,0,0,0,0
0,1048576,18,8.389,0.4723,0.3316,0.2954,1.0993,2,0,1095,1215,1410,1215,0.7766,1.0000,74231,31,960,39999,40960,341,3369,0,0,0,0,0
0,1048576,19,8.389,0.4667,0.3318,0.3503,1.1489,2,0,1095,1215,1410,1215,0.7766,1.0000,74231,31,960,39999,40960,292,244,0,0,0,0,0
0,1048576,20,8.389,0.5553,0.3442,0.3908,1.2904,2,0,1095,1215,1410,1215,0.7766,1.0000,74231,31,960,39999,40960,292,292,0,0,0,0,0
0,1048576,21,8.389,0.4639,0.3318,0.3482,1.1439,2,0,1095,1215,1410,1215,0.7766,1.0000,74231,31,960,39999,40960,683,292,0,0,0,0,0
0,1048576,22,8.389,0.4933,0.3145,0.2787,1.0866,2,0,1095,1215,1410,1215,0.7766,1.0000,74522,31,960,39999,40960,292,244,0,0,0,0,0
0,1048576,23,8.389,0.4553,0.3347,0.3036,1.0936,2,0,1095,1215,1410,1215,0.7766,1.0000,74522,31,960,39999,40960,390,28173,0,0,0,0,0
0,1048576,24,8.389,0.4569,0.3171,0.2794,1.0534,2,0,1095,1215,1410,1215,0.7766,1.0000,74522,31,960,39999,40960,341,292,0,0,0,0,0
0,1048576,25,8.389,0.4558,0.3123,0.2779,1.0460,2,0,1095,1215,1410,1215,0.7766,1.0000,74522,31,960,39999,40960,292,292,0,0,0,0,0
0,1048576,26,8.389,0.4532,0.3252,0.2767,1.0551,2,0,1095,1215,1410,1215,0.7766,1.0000,74522,31,960,39999,40960,292,244,0,0,0,0,0
0,1048576,27,8.389,0.4547,0.3429,0.2761,1.0737,2,0,1095,1215,1410,1215,0.7766,1.0000,74522,31,960,39999,40960,292,634,0,0,0,0,0
0,1048576,28,8.389,0.4578,0.3206,0.3691,1.1475,2,0,1095,1215,1410,1215,0.7766,1.0000,74231,31,960,39999,40960,292,244,0,0,0,0,0
0,1048576,29,8.389,0.5665,0.3100,0.3000,1.1765,2,0,1095,1215,1410,1215,0.7766,1.0000,74231,31,960,39999,40960,341,244,0,0,0,0,0
0,2097152,0,16.777,1.5823,112.5829,2.0297,116.1950,0,0,1095,1215,1410,1215,0.7766,1.0000,74231,31,970,39989,40960,292,439,0,0,0,0,0
0,2097152,1,16.777,1.2490,0.5944,0.7553,2.5988,3,0,1095,1215,1410,1215,0.7766,1.0000,74231,31,972,39987,40960,341,292,0,0,0,0,0
0,2097152,2,16.777,0.9841,0.5784,0.6829,2.2454,3,0,1095,1215,1410,1215,0.7766,1.0000,74231,31,972,39987,40960,14990,17431,0,0,0,0,0
0,2097152,3,16.777,0.8513,0.6093,0.6757,2.1364,2,0,1095,1215,1410,1215,0.7766,1.0000,74434,31,972,39987,40960,292,292,0,0,0,0,0
0,2097152,4,16.777,0.8411,0.5875,0.6782,2.1068,2,0,1095,1215,1410,1215,0.7766,1.0000,74434,31,972,39987,40960,292,341,0,0,0,0,0
0,2097152,5,16.777,0.8856,0.6151,0.7271,2.2278,2,0,1095,1215,1410,1215,0.7766,1.0000,74522,31,972,39987,40960,292,244,0,0,0,0,0
0,2097152,6,16.777,0.8487,0.5780,0.6654,2.0921,2,0,1095,1215,1410,1215,0.7766,1.0000,74522,31,972,39987,40960,292,683,0,0,0,0,0
0,2097152,7,16.777,0.8395,0.5927,0.6704,2.1026,4,0,1095,1215,1410,1215,0.7766,1.0000,74434,31,972,39987,40960,292,292,0,0,0,0,0
0,2097152,8,16.777,0.8410,0.6027,0.7219,2.1656,4,0,1095,1215,1410,1215,0.7766,1.0000,74434,31,972,39987,40960,292,292,0,0,0,0,0
0,2097152,9,16.777,0.8403,0.6006,0.7093,2.1502,4,0,1095,1215,1410,1215,0.7766,1.0000,74434,31,972,39987,40960,732,244,0,0,0,0,0
0,2097152,10,16.777,0.8463,0.6054,0.7123,2.1640,4,0,1095,1215,1410,1215,0.7766,1.0000,74231,31,972,39987,40960,292,244,0,0,0,0,0
0,2097152,11,16.777,0.8478,0.6035,0.7221,2.1734,4,0,1095,1215,1410,1215,0.7766,1.0000,74231,31,972,39987,40960,537,292,0,0,0,0,0
0,2097152,12,16.777,0.8595,0.5722,0.6749,2.1066,4,0,1095,1215,1410,1215,0.7766,1.0000,74908,31,972,39987,40960,31982,1855,0,0,0,0,0
0,2097152,13,16.777,0.8613,0.5740,0.6758,2.1111,4,0,1095,1215,1410,1215,0.7766,1.0000,74908,31,972,39987,40960,6689,341,0,0,0,0,0
0,2097152,14,16.777,0.8388,0.6048,0.6740,2.1177,4,0,1095,1215,1410,1215,0.7766,1.0000,74671,31,972,39987,40960,292,244,0,0,0,0,0
0,2097152,15,16.777,0.8405,0.6066,0.7849,2.2320,4,0,1095,1215,1410,1215,0.7766,1.0000,74671,31,972,39987,40960,292,341,0,0,0,0,0
0,2097152,16,16.777,0.8474,0.6105,0.6911,2.1489,4,0,1095,1215,1410,1215,0.7766,1.0000,74522,31,972,39987,40960,292,244,0,0,0,0,0
0,2097152,17,16.777,0.8395,0.6039,0.7126,2.1559,4,0,1095,1215,1410,1215,0.7766,1.0000,74522,31,972,39987,40960,292,292,0,0,0,0,0
0,2097152,18,16.777,0.8604,0.6128,0.7162,2.1894,4,0,1095,1215,1410,1215,0.7766,1.0000,74522,31,972,39987,40960,732,244,0,0,0,0,0
0,2097152,19,16.777,0.8466,0.6192,0.7067,2.1725,4,0,1095,1215,1410,1215,0.7766,1.0000,74231,31,972,39987,40960,292,3027,0,0,0,0,0
0,2097152,20,16.777,0.8387,0.5981,0.6771,2.1139,4,0,1095,1215,1410,1215,0.7766,1.0000,74231,31,972,39987,40960,683,244,0,0,0,0,0
0,2097152,21,16.777,0.8423,0.6059,0.7589,2.2072,4,0,1095,1215,1410,1215,0.7766,1.0000,75517,31,972,39987,40960,292,244,0,0,0,0,0
0,2097152,22,16.777,0.8427,0.6003,0.6974,2.1404,4,0,1095,1215,1410,1215,0.7766,1.0000,75517,31,972,39987,40960,34960,341,0,0,0,0,0
0,2097152,23,16.777,0.8423,0.5801,0.7351,2.1575,4,0,1095,1215,1410,1215,0.7766,1.0000,74434,31,972,39987,40960,292,244,0,0,0,0,0
0,2097152,24,16.777,0.8408,0.5964,0.7131,2.1503,4,0,1095,1215,1410,1215,0.7766,1.0000,74434,31,972,39987,40960,292,292,0,0,0,0,0
0,2097152,25,16.777,0.8611,0.6075,0.7769,2.2455,4,0,1095,1215,1410,1215,0.7766,1.0000,74434,31,972,39987,40960,292,292,0,0,0,0,0
0,2097152,26,16.777,0.8655,0.5659,0.6841,2.1155,4,0,1095,1215,1410,1215,0.7766,1.0000,74434,31,972,39987,40960,292,390,0,0,0,0,0
0,2097152,27,16.777,0.8404,0.5983,0.7741,2.2128,4,0,1095,1215,1410,1215,0.7766,1.0000,74522,31,972,39987,40960,292,292,0,0,0,0,0
0,2097152,28,16.777,0.8524,0.6022,0.7215,2.1761,4,0,1095,1215,1410,1215,0.7766,1.0000,74522,31,972,39987,40960,292,244,0,0,0,0,0
0,2097152,29,16.777,0.8774,0.5893,0.7259,2.1926,4,0,1095,1215,1410,1215,0.7766,1.0000,74522,31,972,39987,40960,732,244,0,0,0,0,0
0,4194304,0,33.554,3.5904,76.9005,2.5086,82.9995,0,0,1095,1215,1410,1215,0.7766,1.0000,74144,31,994,39965,40960,292,292,0,0,0,0,0
0,4194304,1,33.554,2.5478,1.1202,1.5211,5.1892,0,0,1095,1215,1410,1215,0.7766,1.0000,74231,31,996,39963,40960,292,292,0,0,0,0,0
0,4194304,2,33.554,1.9933,1.1201,1.4702,4.5835,0,0,1095,1215,1410,1215,0.7766,1.0000,74231,31,996,39963,40960,292,341,0,0,0,0,0
0,4194304,3,33.554,2.0216,1.1338,1.4902,4.6456,4,0,1095,1215,1410,1215,0.7766,1.0000,75808,31,996,39963,40960,341,292,0,0,0,0,0
0,4194304,4,33.554,2.0768,1.1149,1.4679,4.6597,4,0,1095,1215,1410,1215,0.7766,1.0000,75808,31,996,39963,40960,341,341,0,0,0,0,0
0,4194304,5,33.554,2.0187,1.1299,1.4683,4.6169,4,0,1095,1215,1410,1215,0.7766,1.0000,74908,31,996,39963,40960,25537,292,0,0,0,0,0
0,4194304,6,33.554,2.0100,1.1190,1.4855,4.6146,4,0,1095,1215,1410,1215,0.7766,1.0000,74908,31,996,39963,40960,292,341,0,0,0,0,0
0,4194304,7,33.554,1.9481,1.1243,1.5519,4.6243,5,0,1095,1215,1410,1215,0.7766,1.0000,74671,31,996,39963,40960,292,292,0,0,0,0,0
0,4194304,8,33.554,1.9323,1.1088,1.4714,4.5125,5,0,1095,1215,1410,1215,0.7766,1.0000,74671,31,996,39963,40960,292,341,0,0,0,0,0
0,4194304,9,33.554,1.9269,1.1192,1.4727,4.5189,5,0,1095,1215,1410,1215,0.7766,1.0000,74522,31,996,39963,40960,292,292,0,0,0,0,0
0,4194304,10,33.554,1.9432,1.1206,1.5269,4.5906,5,0,1095,1215,1410,1215,0.7766,1.0000,74522,31,996,39963,40960,292,244,0,0,0,0,0
0,4194304,11,33.554,1.9556,1.1090,1.4715,4.5361,5,0,1095,1215,1410,1215,0.7766,1.0000,74522,31,996,39963,40960,585,244,0,0,0,0,0
0,4194304,12,33.554,1.9486,1.1198,1.4950,4.5635,8,0,1095,1215,1410,1215,0.7766,1.0000,74522,31,996,39963,40960,292,292,0,0,0,0,0
0,4194304,13,33.554,1.9293,1.1372,1.4720,4.5385,8,0,1095,1215,1410,1215,0.7766,1.0000,74522,31,996,39963,40960,732,292,0,0,0,0,0
0,4194304,14,33.554,1.9393,1.1236,1.4591,4.5220,8,0,1095,1215,1410,1215,0.7766,1.0000,74434,31,996,39963,40960,22021,10302,0,0,0,0,0
0,4194304,15,33.554,1.9270,1.1057,1.4897,4.5224,8,0,1095,1215,1410,1215,0.7766,1.0000,74434,31,996,39963,40960,732,292,0,0,0,0,0
0,4194304,16,33.554,1.9262,1.1330,1.4979,4.5571,6,0,1095,1215,1410,1215,0.7766,1.0000,77331,31,996,39963,40960,292,244,0,0,0,0,0
0,4194304,17,33.554,1.9564,1.1136,1.4784,4.5483,6,0,1095,1215,1410,1215,0.7766,1.0000,77331,31,996,39963,40960,732,292,0,0,0,0,0
0,4194304,18,33.554,1.9546,1.1171,1.4759,4.5475,6,0,1095,1215,1410,1215,0.7766,1.0000,76810,31,996,39963,40960,292,292,0,0,0,0,0
0,4194304,19,33.554,1.9385,1.1068,1.4687,4.5140,6,0,1095,1215,1410,1215,0.7766,1.0000,76810,31,996,39963,40960,439,292,0,0,0,0,0
0,4194304,20,33.554,1.9555,1.1072,1.4722,4.5349,6,0,1095,1215,1410,1215,0.7766,1.0000,75517,31,996,39963,40960,292,244,0,0,0,0,0
0,4194304,21,33.554,1.9575,1.1222,1.5015,4.5811,6,0,1095,1215,1410,1215,0.7766,1.0000,75517,31,996,39963,40960,292,341,0,0,0,0,0
0,4194304,22,33.554,1.9477,1.1122,1.5225,4.5824,6,0,1095,1215,1410,1215,0.7766,1.0000,74908,31,996,39963,40960,292,292,0,0,0,0,0
0,4194304,23,33.554,1.9484,1.1186,1.4787,4.5457,6,0,1095,1215,1410,1215,0.7766,1.0000,74908,31,996,39963,40960,1269,25585,0,0,0,0,0
0,4194304,24,33.554,1.9316,1.1426,1.4813,4.5555,7,0,1095,1215,1410,1215,0.7766,1.0000,74759,31,996,39963,40960,341,244,0,0,0,0,0
0,4194304,25,33.554,1.9356,1.1278,1.4729,4.5363,7,0,1095,1215,1410,1215,0.7766,1.0000,74759,31,996,39963,40960,292,341,0,0,0,0,0
0,4194304,26,33.554,1.9385,1.1292,1.4695,4.5373,7,0,1095,1215,1410,1215,0.7766,1.0000,74434,31,996,39963,40960,341,244,0,0,0,0,0
0,4194304,27,33.554,1.9327,1.1134,1.4585,4.5046,7,0,1095,1215,1410,1215,0.7766,1.0000,74434,31,996,39963,40960,341,341,0,0,0,0,0
0,4194304,28,33.554,1.9744,1.1077,1.4640,4.5461,7,0,1095,1215,1410,1215,0.7766,1.0000,74434,31,996,39963,40960,292,244,0,0,0,0,0
0,4194304,29,33.554,1.9629,1.1110,1.4829,4.5569,7,0,1095,1215,1410,1215,0.7766,1.0000,74434,31,996,39963,40960,292,292,0,0,0,0,0
0,8388608,0,67.109,5.4820,46.7010,4.9950,57.1780,0,0,1095,1215,1410,1215,0.7766,1.0000,74144,31,1042,39917,40960,292,341,0,0,0,0,0
0,8388608,1,67.109,4.4472,2.2201,2.9160,9.5834,0,0,1095,1215,1410,1215,0.7766,1.0000,74231,31,1044,39915,40960,292,341,0,0,0,0,0
0,8388608,2,67.109,4.4687,2.2107,2.9283,9.6076,4,0,1095,1215,1410,1215,0.7766,1.0000,74522,31,1044,39915,40960,292,15820,0,0,0,0,0
0,8388608,3,67.109,4.4777,2.1980,2.9278,9.6035,4,0,1095,1215,1410,1215,0.7766,1.0000,74522,31,1044,39915,40960,439,292,0,0,0,0,0
0,8388608,4,67.109,4.4164,2.2058,2.9406,9.5628,4,0,1095,1215,1410,1215,0.7766,1.0000,77568,31,1044,39915,40960,292,292,0,0,0,0,0
0,8388608,5,67.109,4.3907,2.1871,2.9200,9.4978,4,0,1095,1215,1410,1215,0.7766,1.0000,77568,31,1044,39915,40960,781,244,0,0,0,0,0
0,8388608,6,67.109,4.3644,2.1841,2.9444,9.4930,13,0,1095,1215,1410,1215,0.7766,1.0000,79525,31,1044,39915,40960,341,292,0,0,0,0,0
0,8388608,7,67.109,4.3363,2.2140,2.9479,9.4982,13,0,1095,1215,1410,1215,0.7766,1.0000,79525,31,1044,39915,40960,732,244,0,0,0,0,0
0,8388608,8,67.109,4.3363,2.1968,2.9503,9.4834,13,0,1095,1215,1410,1215,0.7766,1.0000,80809,31,1044,39915,40960,292,292,0,0,0,0,0
0,8388608,9,67.109,4.3272,2.2002,2.9157,9.4431,13,0,1095,1215,1410,1215,0.7766,1.0000,80809,31,1044,39915,40960,732,244,0,0,0,0,0
0,8388608,10,67.109,4.3253,2.1907,2.9534,9.4693,13,0,1095,1215,1410,1215,0.7766,1.0000,81046,31,1044,39915,40960,292,292,0,0,0,0,0
0,8388608,11,67.109,4.3292,2.2027,2.9678,9.4996,13,0,1095,1215,1410,1215,0.7766,1.0000,81046,31,1044,39915,40960,33251,4101,0,0,0,0,0
0,8388608,12,67.109,4.3222,2.2032,2.9182,9.4436,13,0,1095,1215,1410,1215,0.7766,1.0000,82191,31,1044,39915,40960,341,244,0,0,0,0,0
0,8388608,13,67.109,4.3372,2.1919,2.9571,9.4861,13,0,1095,1215,1410,1215,0.7766,1.0000,78761,31,1044,39915,40960,292,537,0,0,0,0,0
0,8388608,14,67.109,4.3264,2.2142,2.9991,9.5397,13,0,1095,1215,1410,1215,0.7766,1.0000,78761,31,1044,39915,40960,341,1806,0,0,0,0,0
0,8388608,15,67.109,4.3228,2.2012,2.9147,9.4387,13,0,1095,1215,1410,1215,0.7766,1.0000,74434,31,1044,39915,40960,341,244,0,0,0,0,0
0,8388608,16,67.109,4.3187,2.1949,2.9632,9.4768,13,0,1095,1215,1410,1215,0.7766,1.0000,74434,31,1044,39915,40960,292,341,0,0,0,0,0
0,8388608,17,67.109,4.3237,2.1955,2.9290,9.4482,12,0,1095,1215,1410,1215,0.7766,1.0000,74908,31,1044,39915,40960,292,292,0,0,0,0,0
0,8388608,18,67.109,4.3143,2.1915,2.9552,9.4610,12,0,1095,1215,1410,1215,0.7766,1.0000,74908,31,1044,39915,40960,341,341,0,0,0,0,0
0,8388608,19,67.109,4.3195,2.1825,2.9396,9.4415,12,0,1095,1215,1410,1215,0.7766,1.0000,74996,31,1044,39915,40960,292,244,0,0,0,0,0
0,8388608,20,67.109,4.3380,2.1964,2.9157,9.4501,12,0,1095,1215,1410,1215,0.7766,1.0000,74996,31,1044,39915,40960,16357,341,0,0,0,0,0
0,8388608,21,67.109,4.3214,2.1883,2.9287,9.4384,13,0,1095,1215,1410,1215,0.7766,1.0000,74996,31,1044,39915,40960,341,292,0,0,0,0,0
0,8388608,22,67.109,4.3402,2.2089,2.9623,9.5114,13,0,1095,1215,1410,1215,0.7766,1.0000,74996,31,1044,39915,40960,488,341,0,0,0,0,0
0,8388608,23,67.109,4.3116,2.1891,2.9209,9.4216,13,0,1095,1215,1410,1215,0.7766,1.0000,75191,31,1044,39915,40960,341,244,0,0,0,0,0
0,8388608,24,67.109,4.3127,2.1974,2.9138,9.4239,13,0,1095,1215,1410,1215,0.7766,1.0000,75191,31,1044,39915,40960,1269,292,0,0,0,0,0
0,8388608,25,67.109,4.3208,2.1867,2.9717,9.4793,11,0,1095,1215,1410,1215,0.7766,1.0000,76476,31,1044,39915,40960,341,244,0,0,0,0,0
0,8388608,26,67.109,4.3109,2.1950,2.9115,9.4173,11,0,1095,1215,1410,1215,0.7766,1.0000,76476,31,1044,39915,40960,781,292,0,0,0,0,0
0,8388608,27,67.109,4.3221,2.1974,2.9192,9.4387,11,0,1095,1215,1410,1215,0.7766,1.0000,76810,31,1044,39915,40960,341,244,0,0,0,0,0
0,8388608,28,67.109,4.3234,2.1990,3.0045,9.5268,11,0,1095,1215,1410,1215,0.7766,1.0000,76810,31,1044,39915,40960,9423,23144,0,0,0,0,0
0,8388608,29,67.109,4.3295,2.1993,2.9207,9.4495,13,0,1095,1215,1410,1215,0.7766,1.0000,76810,31,1044,39915,40960,292,244,0,0,0,0,0
0,16777216,0,134.218,10.0064,79.1349,9.2162,98.3575,0,0,1095,1215,1410,1215,0.7766,1.0000,74231,31,1138,39821,40960,292,244,0,0,0,0,0
0,16777216,1,134.218,9.6455,4.3665,5.2159,19.2280,0,0,1095,1215,1410,1215,0.7766,1.0000,74434,31,1140,39819,40960,292,292,0,0,0,0,0
0,16777216,2,134.218,9.4568,4.3652,5.1517,18.9737,6,0,1095,1215,1410,1215,0.7766,1.0000,74144,31,1140,39819,40960,292,244,0,0,0,0,0
0,16777216,3,134.218,9.2940,4.3526,5.1597,18.8064,6,0,1095,1215,1410,1215,0.7766,1.0000,74144,31,1140,39819,40960,27294,5859,0,0,0,0,0
0,16777216,4,134.218,9.1620,4.3724,5.1402,18.6745,6,0,1095,1215,1410,1215,0.7766,1.0000,76282,31,1140,39819,40960,341,292,0,0,0,0,0
0,16777216,5,134.218,9.0443,4.3877,5.1644,18.5964,6,0,1095,1215,1410,1215,0.7766,1.0000,85947,31,1140,39819,40960,292,244,0,0,0,0,0
0,16777216,6,134.218,9.0110,4.3636,5.1550,18.5295,13,0,1095,1215,1410,1215,0.7766,1.0000,85947,31,1140,39819,40960,292,341,0,0,0,0,0
0,16777216,7,134.218,8.9776,4.3574,5.1400,18.4750,13,0,1095,1215,1410,1215,0.7766,1.0000,74996,31,1140,39819,40960,292,292,0,0,0,0,0
0,16777216,8,134.218,8.9807,4.3355,5.1409,18.4571,13,0,1095,1215,1410,1215,0.7766,1.0000,74996,31,1140,39819,40960,732,244,0,0,0,0,0
0,16777216,9,134.218,8.9866,4.3529,5.1579,18.4973,20,1,1095,1215,1410,1215,0.7766,1.0000,80289,31,1140,39819,40960,292,292,0,0,0,0,0
0,16777216,10,134.218,8.9867,4.3343,5.1722,18.4932,20,1,1095,1215,1410,1215,0.7766,1.0000,74522,31,1140,39819,40960,634,27050,0,0,0,0,0
0,16777216,11,134.218,9.0012,4.3456,5.1419,18.4886,20,1,1095,1215,1410,1215,0.7766,1.0000,74522,31,1140,39819,40960,292,341,0,0,0,0,0
0,16777216,12,134.218,8.9777,4.3418,5.1338,18.4533,27,1,1095,1215,1410,1215,0.7766,1.0000,75280,31,1140,39819,40960,292,292,0,0,0,0,0
0,16777216,13,134.218,8.9736,4.3678,5.1586,18.5000,27,1,1095,1215,1410,1215,0.7766,1.0000,75280,31,1140,39819,40960,732,292,0,0,0,0,0
0,16777216,14,134.218,8.9813,4.3545,5.1717,18.5075,27,1,1095,1215,1410,1215,0.7766,1.0000,80572,31,1140,39819,40960,292,292,0,0,0,0,0
0,16777216,15,134.218,8.9934,4.3577,5.1800,18.5311,20,1,1095,1215,1410,1215,0.7766,1.0000,74434,31,1140,39819,40960,292,244,0,0,0,0,0
0,16777216,16,134.218,8.9896,4.3658,5.1294,18.4848,20,1,1095,1215,1410,1215,0.7766,1.0000,74434,31,1140,39819,40960,292,292,0,0,0,0,0
0,16777216,17,134.218,9.0227,4.3775,5.1341,18.5343,20,1,1095,1215,1410,1215,0.7766,1.0000,75808,31,1140,39819,40960,341,20361,0,0,0,0,0
0,16777216,18,134.218,8.9853,4.3541,5.1466,18.4860,20,1,1095,1215,1410,1215,0.7766,1.0000,80289,31,1140,39819,40960,585,244,0,0,0,0,0
0,16777216,19,134.218,9.0321,4.3573,5.1331,18.5225,20,1,1095,1215,1410,1215,0.7766,1.0000,80289,31,1140,39819,40960,292,341,0,0,0,0,0
0,16777216,20,134.218,8.9762,4.3622,5.1322,18.4706,20,1,1095,1215,1410,1215,0.7766,1.0000,74434,31,1140,39819,40960,292,244,0,0,0,0,0
0,16777216,21,134.218,8.9775,4.3608,5.1368,18.4750,20,1,1095,1215,1410,1215,0.7766,1.0000,74434,31,1140,39819,40960,732,244,0,0,0,0,0
0,16777216,22,134.218,8.9878,4.3449,5.1366,18.4692,24,1,1095,1215,1410,1215,0.7766,1.0000,77331,32,1140,39819,40960,292,292,0,0,0,0,0
0,16777216,23,134.218,8.9926,4.3556,5.1545,18.5027,24,1,1095,1215,1410,1215,0.7766,1.0000,86190,31,1140,39819,40960,292,244,0,0,0,0,0
0,16777216,24,134.218,8.9895,4.3799,5.1880,18.5574,24,1,1095,1215,1410,1215,0.7766,1.0000,86190,31,1140,39819,40960,292,341,0,0,0,0,0
0,16777216,25,134.218,9.0186,4.3646,5.1589,18.5421,23,1,1095,1215,1410,1215,0.7766,1.0000,74671,31,1140,39819,40960,5859,292,0,0,0,0,0
0,16777216,26,134.218,8.9905,4.3359,5.1800,18.5064,23,1,1095,1215,1410,1215,0.7766,1.0000,74671,31,1140,39819,40960,683,292,0,0,0,0,0
0,16777216,27,134.218,8.9743,4.3544,5.1579,18.4865,23,1,1095,1215,1410,1215,0.7766,1.0000,76719,32,1140,39819,40960,292,292,0,0,0,0,0
0,16777216,28,134.218,8.9722,4.3466,5.1557,18.4745,20,1,1095,1215,1410,1215,0.7766,1.0000,88759,32,1140,39819,40960,585,292,0,0,0,0,0
0,16777216,29,134.218,8.9672,4.3601,5.1453,18.4726,20,1,1095,1215,1410,1215,0.7766,1.0000,88759,32,1140,39819,40960,292,341,0,0,0,0,0
0,33554432,0,268.435,19.9585,130.6818,19.0946,169.7349,0,0,1095,1215,1410,1215,0.7766,1.0000,74231,31,1330,39629,40960,341,292,0,0,0,0,0
0,33554432,1,268.435,18.9288,8.7505,11.6438,39.3230,9,0,1095,1215,1410,1215,0.7766,1.0000,74231,31,1332,39627,40960,292,244,0,0,0,0,0
0,33554432,2,268.435,18.6613,8.7405,11.7210,39.1229,13,0,1095,1215,1410,1215,0.7766,1.0000,76810,31,1332,39627,40960,292,244,0,0,0,0,0
0,33554432,3,268.435,18.6786,8.7078,11.6216,39.0080,13,0,1095,1215,1410,1215,0.7766,1.0000,76810,31,1332,39627,40960,732,244,0,0,0,0,0
0,33554432,4,268.435,18.5840,8.7150,11.7387,39.0378,13,0,1095,1215,1410,1215,0.7766,1.0000,75280,31,1332,39627,40960,341,341,0,0,0,0,0
0,33554432,5,268.435,18.4821,8.6750,11.7105,38.8676,32,1,1095,1215,1410,1215,0.7766,1.0000,74522,31,1332,39627,40960,292,1220,0,0,0,0,0
0,33554432,6,268.435,18.4128,8.7104,11.7242,38.8473,32,1,1095,1215,1410,1215,0.7766,1.0000,93329,32,1332,39627,40960,34863,244,0,0,0,0,0
0,33554432,7,268.435,18.4141,8.7117,11.6457,38.7715,35,1,1095,1215,1410,1215,0.7766,1.0000,79382,32,1332,39627,40960,292,830,0,0,0,0,0
0,33554432,8,268.435,18.3829,8.7568,11.5582,38.6979,35,1,1095,1215,1410,1215,0.7766,1.0000,75808,32,1332,39627,40960,585,3857,0,0,0,0,0
0,33554432,9,268.435,18.7142,8.7237,11.7408,39.1786,35,1,1095,1215,1410,1215,0.7766,1.0000,75808,32,1332,39627,40960,732,292,0,0,0,0,0
0,33554432,10,268.435,18.3850,8.7026,11.7069,38.7946,27,1,1095,1215,1410,1215,0.7766,1.0000,74759,31,1332,39627,40960,292,292,0,0,0,0,0
0,33554432,11,268.435,18.4187,8.7085,11.6933,38.8205,27,1,1095,1215,1410,1215,0.7766,1.0000,83192,31,1332,39627,40960,341,26660,0,0,0,0,0
0,33554432,12,268.435,18.3748,8.6943,11.6874,38.7565,40,1,1095,1215,1410,1215,0.7766,1.0000,83477,31,1332,39627,40960,292,244,0,0,0,0,0
0,33554432,13,268.435,18.3491,8.6952,11.6592,38.7036,40,1,1095,1215,1410,1215,0.7766,1.0000,77047,32,1332,39627,40960,292,292,0,0,0,0,0
0,33554432,14,268.435,18.4103,8.7092,11.6859,38.8054,40,1,1095,1215,1410,1215,0.7766,1.0000,77047,32,1332,39627,40960,732,244,0,0,0,0,0
0,33554432,15,268.435,18.4129,8.7091,11.7472,38.8692,27,1,1095,1215,1410,1215,0.7766,1.0000,74996,32,1332,39627,40960,292,341,0,0,0,0,0
0,33554432,16,268.435,18.4718,8.5881,11.6378,38.6977,27,1,1095,1215,1410,1215,0.7766,1.0000,74522,32,1332,39627,40960,341,292,0,0,0,0,0
0,33554432,17,268.435,18.5220,8.6041,11.7083,38.8344,40,1,1110,1215,1410,1215,0.7872,1.0000,85243,32,1332,39627,40960,292,244,0,0,0,0,0
0,33554432,18,268.435,18.4664,8.5493,11.6860,38.7017,40,1,1110,1215,1410,1215,0.7872,1.0000,77852,32,1332,39627,40960,292,292,0,0,0,0,0
0,33554432,19,268.435,18.4059,8.5918,11.6319,38.6297,27,1,1110,1215,1410,1215,0.7872,1.0000,76045,32,1332,39627,40960,341,244,0,0,0,0,0
0,33554432,20,268.435,18.3957,8.5736,11.5933,38.5626,27,1,1110,1215,1410,1215,0.7872,1.0000,76045,32,1332,39627,40960,683,244,0,0,0,0,0
0,33554432,21,268.435,18.3995,8.5728,11.7227,38.6950,27,1,1110,1215,1410,1215,0.7872,1.0000,75517,32,1332,39627,40960,341,341,0,0,0,0,0
0,33554432,22,268.435,18.4786,8.5725,11.7485,38.7995,37,1,1110,1215,1410,1215,0.7872,1.0000,99104,32,1332,39627,40960,3125,27050,0,0,0,0,0
0,33554432,23,268.435,18.3904,8.5913,11.7100,38.6917,37,1,1110,1215,1410,1215,0.7872,1.0000,80905,32,1332,39627,40960,292,244,0,0,0,0,0
0,33554432,24,268.435,18.4109,8.5879,11.9597,38.9584,30,1,1110,1215,1410,1215,0.7872,1.0000,76810,32,1332,39627,40960,292,244,0,0,0,0,0
0,33554432,25,268.435,18.5627,8.6276,11.7177,38.9081,30,1,1110,1215,1410,1215,0.7872,1.0000,76810,32,1332,39627,40960,732,292,0,0,0,0,0
0,33554432,26,268.435,18.4177,8.5911,11.6813,38.6901,30,1,1110,1215,1410,1215,0.7872,1.0000,75808,32,1332,39627,40960,292,341,0,0,0,0,0
0,33554432,27,268.435,18.3926,8.5765,11.8307,38.7998,36,1,1110,1215,1410,1215,0.7872,1.0000,98583,32,1332,39627,40960,292,244,0,0,0,0,0
0,33554432,28,268.435,18.4460,8.5974,11.6216,38.6650,36,1,1110,1215,1410,1215,0.7872,1.0000,82191,32,1332,39627,40960,292,244,0,0,0,0,0
0,33554432,29,268.435,18.4161,8.5994,11.6661,38.6816,31,1,1110,1215,1410,1215,0.7872,1.0000,77047,32,1332,39627,40960,341,244,0,0,0,0,0
0,67108864,0,536.871,38.8482,66.4706,34.9771,140.2959,0,0,1095,1215,1410,1215,0.7766,1.0000,74231,31,1714,39245,40960,341,244,0,0,0,0,0
0,67108864,1,536.871,37.8155,17.4348,20.3650,75.6152,2,0,1095,1215,1410,1215,0.7766,1.0000,103320,31,1716,39243,40960,292,244,0,0,0,0,0
0,67108864,2,536.871,37.5646,16.5079,20.4505,74.5230,24,1,1095,1215,1410,1215,0.7766,1.0000,74434,31,1716,39243,40960,292,292,0,0,0,0,0
0,67108864,3,536.871,37.4080,16.4642,20.4149,74.2871,24,1,1170,1215,1410,1215,0.8298,1.0000,75428,32,1716,39243,40960,292,244,0,0,0,0,0
0,67108864,4,536.871,37.3431,13.6005,20.3566,71.3001,43,1,1170,1215,1410,1215,0.8298,1.0000,82093,32,1716,39243,40960,292,3271,0,0,0,0,0
0,67108864,5,536.871,37.3124,13.6008,20.6763,71.5895,43,1,1410,1215,1410,1215,1.0000,1.0000,85142,32,1716,39243,40960,292,341,0,0,0,0,0
0,67108864,6,536.871,37.3222,13.6668,20.3562,71.3453,49,2,1410,1215,1410,1215,1.0000,1.0000,131448,33,1716,39243,40960,732,292,0,0,0,0,0
0,67108864,7,536.871,37.2466,13.6183,20.3228,71.1877,42,2,1410,1215,1410,1215,1.0000,1.0000,117124,33,1716,39243,40960,292,292,0,0,0,0,0
0,67108864,8,536.871,37.3067,13.5989,20.3083,71.2139,42,2,1410,1215,1410,1215,1.0000,1.0000,107700,33,1716,39243,40960,292,244,0,0,0,0,0
0,67108864,9,536.871,37.3655,13.5859,20.3922,71.3436,39,2,1410,1215,1410,1215,1.0000,1.0000,108174,34,1716,39243,40960,292,244,0,0,0,0,0
0,67108864,10,536.871,37.2329,13.6069,20.3584,71.1981,39,2,1410,1215,1410,1215,1.0000,1.0000,109221,34,1716,39243,40960,292,244,0,0,0,0,0
0,67108864,11,536.871,37.2729,13.5645,20.3242,71.1616,47,2,1410,1215,1410,1215,1.0000,1.0000,110742,33,1716,39243,40960,341,244,0,0,0,0,0
0,67108864,12,536.871,37.6405,13.6496,20.4003,71.6904,47,2,1410,1215,1410,1215,1.0000,1.0000,113311,33,1716,39243,40960,292,341,0,0,0,0,0
0,67108864,13,536.871,37.2894,13.5960,20.3490,71.2343,49,2,1410,1215,1410,1215,1.0000,1.0000,119976,34,1716,39243,40960,1855,28125,0,0,0,0,0
0,67108864,14,536.871,37.2039,13.6165,20.3122,71.1325,49,2,1410,1215,1410,1215,1.0000,1.0000,176463,34,1716,39243,40960,585,244,0,0,0,0,0
0,67108864,15,536.871,37.2354,13.5690,20.4336,71.2380,42,2,1410,1215,1410,1215,1.0000,1.0000,107700,34,1716,39243,40960,341,292,0,0,0,0,0
0,67108864,16,536.871,37.2424,13.5616,20.3226,71.1266,40,2,1410,1215,1410,1215,1.0000,1.0000,108174,34,1716,39243,40960,292,292,0,0,0,0,0
0,67108864,17,536.871,37.2215,13.5890,20.3436,71.1541,40,2,1410,1215,1410,1215,1.0000,1.0000,108937,34,1716,39243,40960,10058,20410,0,0,0,0,0
0,67108864,18,536.871,37.4252,13.6084,20.3754,71.4091,44,1,1410,1215,1410,1215,1.0000,1.0000,110506,34,1716,39243,40960,292,488,0,0,0,0,0
0,67108864,19,536.871,37.2611,13.6124,20.3537,71.2272,44,1,1410,1215,1410,1215,1.0000,1.0000,111790,34,1716,39243,40960,292,292,0,0,0,0,0
0,67108864,20,536.871,37.2326,13.6145,20.3543,71.2014,50,2,1410,1215,1410,1215,1.0000,1.0000,116360,34,1716,39243,40960,683,244,0,0,0,0,0
0,67108864,21,536.871,37.3060,13.6161,20.3404,71.2625,50,2,1410,1215,1410,1215,1.0000,1.0000,151147,34,1716,39243,40960,13720,244,0,0,0,0,0
0,67108864,22,536.871,37.2355,13.6013,20.3253,71.1620,43,2,1410,1215,1410,1215,1.0000,1.0000,107937,34,1716,39243,40960,292,292,0,0,0,0,0
0,67108864,23,536.871,37.2418,13.6289,20.3135,71.1842,39,2,1410,1215,1410,1215,1.0000,1.0000,108174,35,1716,39243,40960,341,244,0,0,0,0,0
0,67108864,24,536.871,37.3838,13.6087,20.3624,71.3548,39,2,1410,1215,1410,1215,1.0000,1.0000,109458,34,1716,39243,40960,292,244,0,0,0,0,0
0,67108864,25,536.871,37.2587,13.5934,20.3682,71.2203,43,1,1410,1215,1410,1215,1.0000,1.0000,110742,34,1716,39243,40960,292,292,0,0,0,0,0
0,67108864,26,536.871,37.2188,13.5925,20.3272,71.1385,43,1,1410,1215,1410,1215,1.0000,1.0000,112554,34,1716,39243,40960,732,244,0,0,0,0,0
0,67108864,27,536.871,37.4117,13.5851,20.3402,71.3371,50,2,1410,1215,1410,1215,1.0000,1.0000,118165,34,1716,39243,40960,732,292,0,0,0,0,0
0,67108864,28,536.871,37.2422,13.6032,20.3612,71.2065,42,2,1410,1215,1410,1215,1.0000,1.0000,161665,34,1716,39243,40960,292,244,0,0,0,0,0
0,67108864,29,536.871,37.2414,13.5925,20.3580,71.1919,42,2,1410,1215,1410,1215,1.0000,1.0000,145773,34,1716,39243,40960,292,292,0,0,0,0,0
2048,524288,0,4.194,0.9876,56.8760,1.4803,59.3439,99,3,1410,1215,1410,1215,1.0000,1.0000,169852,38,1434,39525,40960,7738085,12252099,0,0,0,0,0
2048,524288,1,4.194,0.4611,0.5013,0.5578,1.5202,99,3,1410,1215,1410,1215,1.0000,1.0000,178795,39,1436,39523,40960,7701025,12252050,0,0,0,0,0
2048,524288,2,4.194,1.3415,0.7834,0.5531,2.6781,98,3,1410,1215,1410,1215,1.0000,1.0000,178795,39,1436,39523,40960,7701025,12251904,0,0,0,0,0
2048,524288,3,4.194,1.3626,0.6880,0.5529,2.6035,98,3,1410,1215,1410,1215,1.0000,1.0000,178795,39,1436,39523,40960,7701025,12252539,0,0,0,0,0
2048,524288,4,4.194,1.3783,0.5487,0.5421,2.4691,98,3,1410,1215,1410,1215,1.0000,1.0000,174185,39,1436,39523,40960,7701025,12251953,0,0,0,0,0
2048,524288,5,4.194,1.3686,0.7570,0.5522,2.6778,98,3,1410,1215,1410,1215,1.0000,1.0000,174185,39,1436,39523,40960,7701025,12252001,0,0,0,0,0
2048,524288,6,4.194,1.3633,0.7068,0.5483,2.6184,98,3,1410,1215,1410,1215,1.0000,1.0000,174185,39,1436,39523,40960,7701464,12251953,0,0,0,0,0
2048,524288,7,4.194,1.3671,0.3817,0.5495,2.2983,99,3,1410,1215,1410,1215,1.0000,1.0000,174705,38,1436,39523,40960,7701025,12281250,0,0,0,0,0
2048,524288,8,4.194,1.3693,0.2926,0.1906,1.8524,99,3,1410,1215,1410,1215,1.0000,1.0000,174705,38,1436,39523,40960,7701513,12483496,0,0,0,0,0
2048,524288,9,4.194,0.2424,0.2944,0.2011,0.7379,99,3,1410,1215,1410,1215,1.0000,1.0000,178511,39,1436,39523,40960,7701025,12356103,0,0,0,0,0
2048,524288,10,4.194,0.2430,1.0116,0.5452,1.7998,99,3,1410,1215,1410,1215,1.0000,1.0000,178511,39,1436,39523,40960,7701025,12252050,0,0,0,0,0
2048,524288,11,4.194,1.3637,0.7191,0.5622,2.6451,99,3,1410,1215,1410,1215,1.0000,1.0000,175782,39,1436,39523,40960,7701025,12251904,0,0,0,0,0
2048,524288,12,4.194,1.3575,0.4563,0.5635,2.3773,99,3,1410,1215,1410,1215,1.0000,1.0000,175782,39,1436,39523,40960,7701025,12252197,0,0,0,0,0
2048,524288,13,4.194,1.3577,0.6526,0.5416,2.5519,99,3,1410,1215,1410,1215,1.0000,1.0000,175782,39,1436,39523,40960,7701025,12251953,0,0,0,0,0
2048,524288,14,4.194,1.3649,0.6830,0.5451,2.5930,99,3,1410,1215,1410,1215,1.0000,1.0000,175782,39,1436,39523,40960,7701074,12252001,0,0,0,0,0
2048,524288,15,4.194,1.3631,0.6728,0.5445,2.5803,99,3,1410,1215,1410,1215,1.0000,1.0000,175782,39,1436,39523,40960,7701464,12251904,0,0,0,0,0
2048,524288,16,4.194,1.3636,0.6629,0.5507,2.5772,99,3,1410,1215,1410,1215,1.0000,1.0000,178795,39,1436,39523,40960,7700976,12251953,0,0,0,0,0
2048,524288,17,4.194,1.3623,0.3047,0.2315,1.8985,99,3,1410,1215,1410,1215,1.0000,1.0000,178795,39,1436,39523,40960,7718408,13935253,0,0,0,0,0
2048,524288,18,4.194,0.3444,0.2957,0.2047,0.8448,99,3,1410,1215,1410,1215,1.0000,1.0000,174185,39,1436,39523,40960,7701074,12251953,0,0,0,0,0
2048,524288,19,4.194,0.6343,0.2968,0.1888,1.1199,99,3,1410,1215,1410,1215,1.0000,1.0000,174185,39,1436,39523,40960,7701367,12057226,0,0,0,0,0
2048,524288,20,4.194,0.2416,0.5708,0.5523,1.3648,99,3,1410,1215,1410,1215,1.0000,1.0000,177544,39,1436,39523,40960,7701025,12252001,0,0,0,0,0
2048,524288,21,4.194,1.3641,0.5728,0.5429,2.4797,99,3,1410,1215,1410,1215,1.0000,1.0000,177544,39,1436,39523,40960,7701074,12252050,0,0,0,0,0
2048,524288,22,4.194,1.3643,0.8316,0.5563,2.7522,99,3,1410,1215,1410,1215,1.0000,1.0000,175990,39,1436,39523,40960,7701025,12251953,0,0,0,0,0
2048,524288,23,4.194,1.3622,0.2820,0.2060,1.8501,99,3,1410,1215,1410,1215,1.0000,1.0000,175990,39,1436,39523,40960,7701025,12252050,0,0,0,0,0
2048,524288,24,4.194,0.8577,0.5623,0.5582,1.9782,99,3,1410,1215,1410,1215,1.0000,1.0000,170414,39,1436,39523,40960,7701025,12251953,0,0,0,0,0
2048,524288,25,4.194,1.3543,0.7159,0.5557,2.6260,99,3,1410,1215,1410,1215,1.0000,1.0000,170414,39,1436,39523,40960,7701025,12251953,0,0,0,0,0
2048,524288,26,4.194,1.3633,0.6451,0.5514,2.5598,99,3,1410,1215,1410,1215,1.0000,1.0000,170414,39,1436,39523,40960,7701464,12251953,0,0,0,0,0
2048,524288,27,4.194,1.3631,0.2936,0.1996,1.8563,99,3,1410,1215,1410,1215,1.0000,1.0000,176254,39,1436,39523,40960,7713769,12269970,0,0,0,0,0
2048,524288,28,4.194,0.2415,0.4353,0.5515,1.2283,99,3,1410,1215,1410,1215,1.0000,1.0000,176254,39,1436,39523,40960,7701513,12649121,0,0,0,0,0
2048,524288,29,4.194,1.3229,0.4410,0.5505,2.3143,99,3,1410,1215,1410,1215,1.0000,1.0000,176254,39,1436,39523,40960,7701025,12251953,0,0,0,0,0
2048,1048576,0,8.389,0.8449,86.0695,1.6314,88.5458,99,3,1410,1215,1410,1215,1.0000,1.0000,178275,39,1440,39519,40960,8051757,12246435,0,0,0,0,0
2048,1048576,1,8.389,0.5739,0.4082,0.3649,1.3470,98,3,1410,1215,1410,1215,1.0000,1.0000,175990,39,1442,39517,40960,7907421,12252099,0,0,0,0,0
2048,1048576,2,8.389,1.0474,0.6387,0.5994,2.2855,98,3,1410,1215,1410,1215,1.0000,1.0000,173184,39,1442,39517,40960,7701074,12252050,0,0,0,0,0
2048,1048576,3,8.389,1.5052,0.7341,0.5777,2.8170,98,3,1410,1215,1410,1215,1.0000,1.0000,173184,39,1442,39517,40960,7701074,12252197,0,0,0,0,0
2048,1048576,4,8.389,1.5288,0.6796,0.5933,2.8017,99,3,1410,1215,1410,1215,1.0000,1.0000,179559,39,1442,39517,40960,7701074,12252099,0,0,0,0,0
2048,1048576,5,8.389,1.4993,0.7823,0.5979,2.8795,99,3,1410,1215,1410,1215,1.0000,1.0000,179559,39,1442,39517,40960,7701074,12252050,0,0,0,0,0
2048,1048576,6,8.389,1.4635,0.4095,0.3607,2.2337,99,3,1410,1215,1410,1215,1.0000,1.0000,177511,39,1442,39517,40960,7672802,11966455,0,0,0,0,0
2048,1048576,7,8.389,0.4450,0.4027,0.3634,1.2110,99,3,1410,1215,1410,1215,1.0000,1.0000,177511,39,1442,39517,40960,7454003,12271240,0,0,0,0,0
2048,1048576,8,8.389,0.4428,0.4215,0.3616,1.2259,99,3,1410,1215,1410,1215,1.0000,1.0000,177511,39,1442,39517,40960,7701562,12252099,0,0,0,0,0
2048,1048576,9,8.389,0.9129,1.1859,0.5840,2.6828,99,3,1410,1215,1410,1215,1.0000,1.0000,174422,39,1442,39517,40960,8233593,12454931,0,0,0,0,0
2048,1048576,10,8.389,1.4797,0.6195,0.5995,2.6987,99,3,1410,1215,1410,1215,1.0000,1.0000,174422,39,1442,39517,40960,7701513,12252050,0,0,0,0,0
2048,1048576,11,8.389,1.4694,0.6461,0.5935,2.7090,99,3,1410,1215,1410,1215,1.0000,1.0000,177511,39,1442,39517,40960,7701123,12252099,0,0,0,0,0
2048,1048576,12,8.389,1.4994,0.6288,0.5968,2.7249,99,3,1410,1215,1410,1215,1.0000,1.0000,177511,39,1442,39517,40960,7701074,12257372,0,0,0,0,0
2048,1048576,13,8.389,1.5013,0.6565,0.5971,2.7549,99,3,1410,1215,1410,1215,1.0000,1.0000,176463,39,1442,39517,40960,7701074,12252050,0,0,0,0,0
2048,1048576,14,8.389,1.5054,0.4144,0.3627,2.2825,99,3,1410,1215,1410,1215,1.0000,1.0000,176463,39,1442,39517,40960,7701074,12252246,0,0,0,0,0
2048,1048576,15,8.389,0.7481,0.4296,0.4013,1.5790,99,3,1410,1215,1410,1215,1.0000,1.0000,176463,39,1442,39517,40960,7829687,12252099,0,0,0,0,0
2048,1048576,16,8.389,1.0979,0.6098,0.6049,2.3127,99,3,1410,1215,1410,1215,1.0000,1.0000,176463,39,1442,39517,40960,7701025,12252099,0,0,0,0,0
2048,1048576,17,8.389,1.4862,0.4169,0.3583,2.2615,99,3,1410,1215,1410,1215,1.0000,1.0000,176463,39,1442,39517,40960,7730810,12258837,0,0,0,0,0
2048,1048576,18,8.389,0.5640,0.4292,0.3484,1.3415,99,3,1410,1215,1410,1215,1.0000,1.0000,176463,39,1442,39517,40960,7701171,12544091,0,0,0,0,0
2048,1048576,19,8.389,0.4429,0.4273,0.3955,1.2658,99,3,1410,1215,1410,1215,1.0000,1.0000,176463,39,1442,39517,40960,7701513,12252099,0,0,0,0,0
2048,1048576,20,8.389,0.9505,0.5141,0.6015,2.0661,99,3,1410,1215,1410,1215,1.0000,1.0000,175706,39,1442,39517,40960,7701123,12252148,0,0,0,0,0
2048,1048576,21,8.389,1.5001,0.9916,0.5962,3.0879,99,3,1410,1215,1410,1215,1.0000,1.0000,175706,39,1442,39517,40960,7805322,12252148,0,0,0,0,0
2048,1048576,22,8.389,1.4717,0.7003,0.6063,2.7782,99,3,1410,1215,1410,1215,1.0000,1.0000,177754,39,1442,39517,40960,7701025,12252050,0,0,0,0,0
2048,1048576,23,8.389,1.4979,0.6406,0.5889,2.7274,99,3,1410,1215,1410,1215,1.0000,1.0000,177754,39,1442,39517,40960,7701074,12252148,0,0,0,0,0
2048,1048576,24,8.389,1.4373,0.6501,0.6080,2.6954,99,3,1410,1215,1410,1215,1.0000,1.0000,175469,39,1442,39517,40960,7701074,12252099,0,0,0,0,0
2048,1048576,25,8.389,1.4957,1.3235,0.5966,3.4158,99,3,1410,1215,1410,1215,1.0000,1.0000,175469,39,1442,39517,40960,7701074,12252294,0,0,0,0,0
2048,1048576,26,8.389,1.5141,0.4455,0.5983,2.5579,99,3,1410,1215,1410,1215,1.0000,1.0000,173421,39,1442,39517,40960,7569433,12266210,0,0,0,0,0
2048,1048576,27,8.389,1.4810,0.4098,0.3541,2.2449,99,3,1410,1215,1410,1215,1.0000,1.0000,173421,39,1442,39517,40960,7737255,12252099,0,0,0,0,0
2048,1048576,28,8.389,0.4497,0.4134,0.3608,1.2238,99,3,1410,1215,1410,1215,1.0000,1.0000,172373,39,1442,39517,40960,7701123,12252099,0,0,0,0,0
2048,1048576,29,8.389,0.4460,0.4095,0.4005,1.2559,99,3,1410,1215,1410,1215,1.0000,1.0000,172373,39,1442,39517,40960,7403320,12252099,0,0,0,0,0
2048,2097152,0,16.777,2.6593,88.6523,2.4705,93.7820,99,3,1410,1215,1410,1215,1.0000,1.0000,176781,39,1452,39507,40960,7377197,12252099,0,0,0,0,0
2048,2097152,1,16.777,2.2253,0.6494,0.7090,3.5837,98,3,1410,1215,1410,1215,1.0000,1.0000,177301,39,1454,39505,40960,7671435,11959472,0,0,0,0,0
2048,2097152,2,16.777,1.0892,0.6214,0.6781,2.3887,98,3,1410,1215,1410,1215,1.0000,1.0000,177301,39,1454,39505,40960,7380468,12252001,0,0,0,0,0
2048,2097152,3,16.777,1.2299,0.6238,0.6922,2.5459,98,3,1410,1215,1410,1215,1.0000,1.0000,177301,39,1454,39505,40960,7493798,12252001,0,0,0,0,0
2048,2097152,4,16.777,1.3556,0.6166,0.7232,2.6953,99,3,1410,1215,1410,1215,1.0000,1.0000,178064,39,1454,39505,40960,7935791,12252050,0,0,0,0,0
2048,2097152,5,16.777,1.0878,0.6236,0.7021,2.4135,99,3,1410,1215,1410,1215,1.0000,1.0000,178064,39,1454,39505,40960,7818652,12525195,0,0,0,0,0
2048,2097152,6,16.777,0.9758,0.6675,0.6983,2.3417,99,3,1410,1215,1410,1215,1.0000,1.0000,173452,39,1454,39505,40960,7696728,12849658,0,0,0,0,0
2048,2097152,7,16.777,1.6937,0.6856,0.6940,3.0733,99,3,1410,1215,1410,1215,1.0000,1.0000,173452,39,1454,39505,40960,7701464,12523828,0,0,0,0,0
2048,2097152,8,16.777,1.7565,0.6174,0.7084,3.0823,99,3,1410,1215,1410,1215,1.0000,1.0000,174735,39,1454,39505,40960,7399316,12252587,0,0,0,0,0
2048,2097152,9,16.777,1.4001,0.6125,0.6965,2.7091,99,3,1410,1215,1410,1215,1.0000,1.0000,174735,39,1454,39505,40960,7672216,14010156,0,0,0,0,0
2048,2097152,10,16.777,1.6295,0.6259,0.6774,2.9328,99,3,1410,1215,1410,1215,1.0000,1.0000,178300,39,1454,39505,40960,8194042,12252050,0,0,0,0,0
2048,2097152,11,16.777,1.2639,0.6338,0.6698,2.5675,99,3,1410,1215,1410,1215,1.0000,1.0000,178300,39,1454,39505,40960,7386621,12252099,0,0,0,0,0
2048,2097152,12,16.777,1.3376,0.6151,0.6774,2.6301,99,3,1410,1215,1410,1215,1.0000,1.0000,177544,39,1454,39505,40960,7443212,12252050,0,0,0,0,0
2048,2097152,13,16.777,1.4149,0.6188,0.7041,2.7377,99,3,1410,1215,1410,1215,1.0000,1.0000,177544,39,1454,39505,40960,7391845,12252099,0,0,0,0,0
2048,2097152,14,16.777,1.3568,0.6203,0.7022,2.6792,99,3,1410,1215,1410,1215,1.0000,1.0000,175498,39,1454,39505,40960,7410595,12252050,0,0,0,0,0
2048,2097152,15,16.777,1.2427,1.2835,0.6963,3.2226,99,3,1410,1215,1410,1215,1.0000,1.0000,175498,39,1454,39505,40960,7880761,12001562,0,0,0,0,0
2048,2097152,16,16.777,1.7728,0.6122,0.6795,3.0645,99,3,1410,1215,1410,1215,1.0000,1.0000,175262,39,1454,39505,40960,7701074,12252050,0,0,0,0,0
2048,2097152,17,16.777,0.9120,1.1151,0.7094,2.7365,99,3,1410,1215,1410,1215,1.0000,1.0000,175262,39,1454,39505,40960,7696630,12252001,0,0,0,0,0
2048,2097152,18,16.777,1.7784,0.6165,0.6700,3.0649,99,3,1410,1215,1410,1215,1.0000,1.0000,175262,39,1454,39505,40960,7432373,12252001,0,0,0,0,0
2048,2097152,19,16.777,1.5878,0.6270,0.6773,2.8921,99,3,1410,1215,1410,1215,1.0000,1.0000,173452,39,1454,39505,40960,7368603,12252001,0,0,0,0,0
2048,2097152,20,16.777,1.5538,0.6234,0.7036,2.8807,99,3,1410,1215,1410,1215,1.0000,1.0000,173452,39,1454,39505,40960,7485937,12252050,0,0,0,0,0
2048,2097152,21,16.777,1.4081,0.6320,0.6932,2.7333,99,3,1410,1215,1410,1215,1.0000,1.0000,171697,39,1454,39505,40960,7386669,12252001,0,0,0,0,0
2048,2097152,22,16.777,1.3658,0.6231,0.6722,2.6611,99,3,1410,1215,1410,1215,1.0000,1.0000,171697,39,1454,39505,40960,7392822,12252099,0,0,0,0,0
2048,2097152,23,16.777,1.4311,0.6118,0.6685,2.7113,99,3,1410,1215,1410,1215,1.0000,1.0000,177544,39,1454,39505,40960,7418066,12252001,0,0,0,0,0
2048,2097152,24,16.777,1.4908,0.9683,0.7065,3.1656,99,3,1410,1215,1410,1215,1.0000,1.0000,177544,39,1454,39505,40960,7399853,12997558,0,0,0,0,0
2048,2097152,25,16.777,1.7507,0.6029,0.6767,3.0303,99,3,1410,1215,1410,1215,1.0000,1.0000,178064,39,1454,39505,40960,8330615,12251953,0,0,0,0,0
2048,2097152,26,16.777,1.3049,1.5912,0.6846,3.5807,99,3,1410,1215,1410,1215,1.0000,1.0000,178064,39,1454,39505,40960,8112841,12193066,0,0,0,0,0
2048,2097152,27,16.777,1.7606,0.6203,0.6748,3.0558,99,3,1410,1215,1410,1215,1.0000,1.0000,178584,39,1454,39505,40960,7701074,12004443,0,0,0,0,0
2048,2097152,28,16.777,0.9010,0.6207,0.6703,2.1920,99,3,1410,1215,1410,1215,1.0000,1.0000,178584,39,1454,39505,40960,7668798,12482128,0,0,0,0,0
2048,2097152,29,16.777,1.1961,0.6162,0.7069,2.5192,99,3,1410,1215,1410,1215,1.0000,1.0000,175262,39,1454,39505,40960,7668798,12002929,0,0,0,0,0
2048,4194304,0,33.554,3.9376,109.3875,3.7759,117.1010,99,3,1410,1215,1410,1215,1.0000,1.0000,163993,39,1476,39483,40960,7701074,12262060,0,0,0,0,0
2048,4194304,1,33.554,3.7049,1.1126,2.0732,6.8908,99,3,1410,1215,1410,1215,1.0000,1.0000,177064,39,1478,39481,40960,7701025,12252099,0,0,0,0,0
2048,4194304,2,33.554,3.2238,1.0161,2.0801,6.3200,99,3,1410,1215,1410,1215,1.0000,1.0000,179347,39,1478,39481,40960,7357080,12252001,0,0,0,0,0
2048,4194304,3,33.554,3.2383,1.0298,2.5699,6.8379,99,3,1410,1215,1410,1215,1.0000,1.0000,179347,39,1478,39481,40960,7617968,12158789,0,0,0,0,0
2048,4194304,4,33.554,2.8262,1.0292,2.5720,6.4273,99,3,1410,1215,1410,1215,1.0000,1.0000,179110,39,1478,39481,40960,9871630,11985302,0,0,0,0,0
2048,4194304,5,33.554,3.9214,1.3750,2.1087,7.4051,99,3,1410,1215,1410,1215,1.0000,1.0000,179110,39,1478,39481,40960,7700976,12252050,0,0,0,0,0
2048,4194304,6,33.554,3.2612,1.0230,2.6693,6.9536,99,3,1410,1215,1410,1215,1.0000,1.0000,177827,39,1478,39481,40960,7357617,12252001,0,0,0,0,0
2048,4194304,7,33.554,3.0311,1.1207,2.0866,6.2384,99,3,1410,1215,1410,1215,1.0000,1.0000,177827,39,1478,39481,40960,7663330,12923779,0,0,0,0,0
2048,4194304,8,33.554,3.2543,1.0307,2.5796,6.8646,99,3,1410,1215,1410,1215,1.0000,1.0000,177827,39,1478,39481,40960,7735644,12252001,0,0,0,0,0
2048,4194304,9,33.554,3.9170,1.0391,2.6989,7.6549,99,3,1410,1215,1410,1215,1.0000,1.0000,177827,39,1478,39481,40960,7701025,12252050,0,0,0,0,0
2048,4194304,10,33.554,3.9899,1.0575,2.5665,7.6139,99,3,1410,1215,1410,1215,1.0000,1.0000,175782,39,1478,39481,40960,7399414,12252001,0,0,0,0,0
2048,4194304,11,33.554,2.9919,1.0540,2.5865,6.6324,99,3,1410,1215,1410,1215,1.0000,1.0000,175782,39,1478,39481,40960,7672119,12047949,0,0,0,0,0
2048,4194304,12,33.554,2.6159,1.0540,2.5600,6.2299,99,3,1410,1215,1410,1215,1.0000,1.0000,176018,39,1478,39481,40960,7660644,11992041,0,0,0,0,0
2048,4194304,13,33.554,2.5964,1.0404,2.6003,6.2371,99,3,1410,1215,1410,1215,1.0000,1.0000,176018,39,1478,39481,40960,7660937,12011962,0,0,0,0,0
2048,4194304,14,33.554,2.4871,1.0394,2.5589,6.0853,99,3,1410,1215,1410,1215,1.0000,1.0000,178827,39,1478,39481,40960,7662695,11934033,0,0,0,0,0
2048,4194304,15,33.554,2.5301,1.0252,2.5548,6.1101,99,3,1410,1215,1410,1215,1.0000,1.0000,178827,39,1478,39481,40960,7664648,12018115,0,0,0,0,0
2048,4194304,16,33.554,2.5375,1.0248,2.5554,6.1176,99,3,1410,1215,1410,1215,1.0000,1.0000,178827,39,1478,39481,40960,7665380,12294873,0,0,0,0,0
2048,4194304,17,33.554,2.5585,1.0236,2.1039,5.6860,99,3,1410,1215,1410,1215,1.0000,1.0000,178827,39,1478,39481,40960,7556835,13021142,0,0,0,0,0
2048,4194304,18,33.554,3.1026,1.0202,2.0720,6.1948,99,3,1410,1215,1410,1215,1.0000,1.0000,171406,39,1478,39481,40960,8637548,12252001,0,0,0,0,0
2048,4194304,19,33.554,3.1123,1.4762,2.0875,6.6760,99,3,1410,1215,1410,1215,1.0000,1.0000,171406,39,1478,39481,40960,7701123,12252050,0,0,0,0,0
2048,4194304,20,33.554,3.1071,1.0171,2.0823,6.2064,99,3,1410,1215,1410,1215,1.0000,1.0000,174735,39,1478,39481,40960,7331640,12251953,0,0,0,0,0
2048,4194304,21,33.554,3.1054,1.0379,2.5720,6.7152,99,3,1410,1215,1410,1215,1.0000,1.0000,174735,39,1478,39481,40960,7463525,12252050,0,0,0,0,0
2048,4194304,22,33.554,2.7971,1.0330,2.5515,6.3816,99,3,1410,1215,1410,1215,1.0000,1.0000,178827,39,1478,39481,40960,7664648,11938574,0,0,0,0,0
2048,4194304,23,33.554,2.5549,1.0121,2.0644,5.6315,99,3,1410,1215,1410,1215,1.0000,1.0000,178827,39,1478,39481,40960,7673876,12996582,0,0,0,0,0
2048,4194304,24,33.554,3.1131,1.0264,2.6005,6.7400,99,3,1410,1215,1410,1215,1.0000,1.0000,178584,39,1478,39481,40960,7366308,12252001,0,0,0,0,0
2048,4194304,25,33.554,2.9604,1.0326,2.6206,6.6136,99,3,1410,1215,1410,1215,1.0000,1.0000,178584,39,1478,39481,40960,7671875,14000000,0,0,0,0,0
2048,4194304,26,33.554,2.5561,1.8147,2.0696,6.4403,99,3,1410,1215,1410,1215,1.0000,1.0000,177064,39,1478,39481,40960,7702099,12045996,0,0,0,0,0
2048,4194304,27,33.554,3.0827,1.8882,2.0694,7.0403,99,3,1410,1215,1410,1215,1.0000,1.0000,177064,39,1478,39481,40960,7949121,12435791,0,0,0,0,0
2048,4194304,28,33.554,3.1263,1.6473,2.1600,6.9336,99,3,1410,1215,1410,1215,1.0000,1.0000,176018,39,1478,39481,40960,7701025,12252001,0,0,0,0,0
2048,4194304,29,33.554,3.1248,1.0396,2.6509,6.8154,99,3,1410,1215,1410,1215,1.0000,1.0000,176018,39,1478,39481,40960,7345849,12252099,0,0,0,0,0
2048,8388608,0,67.109,8.5731,77.5699,6.3604,92.5034,99,3,1410,1215,1410,1215,1.0000,1.0000,175498,39,1524,39435,40960,7683789,12252148,0,0,0,0,0
2048,8388608,1,67.109,7.0801,1.8741,3.6773,12.6315,99,3,1410,1215,1410,1215,1.0000,1.0000,169324,39,1526,39433,40960,7366064,12252148,0,0,0,0,0
2048,8388608,2,67.109,6.6674,1.9436,3.6427,12.2536,99,3,1410,1215,1410,1215,1.0000,1.0000,178827,39,1526,39433,40960,7577197,12252050,0,0,0,0,0
2048,8388608,3,67.109,6.6407,1.8702,3.6829,12.1938,99,3,1410,1215,1410,1215,1.0000,1.0000,178827,39,1526,39433,40960,7804687,12252050,0,0,0,0,0
2048,8388608,4,67.109,6.6419,1.9321,3.6245,12.1985,99,3,1410,1215,1410,1215,1.0000,1.0000,178300,39,1526,39433,40960,7588085,12252099,0,0,0,0,0
2048,8388608,5,67.109,6.6120,2.0725,3.6315,12.3159,99,3,1410,1215,1410,1215,1.0000,1.0000,178300,39,1526,39433,40960,7720361,12283447,0,0,0,0,0
2048,8388608,6,67.109,6.6189,1.9020,3.6283,12.1492,99,3,1410,1215,1410,1215,1.0000,1.0000,173452,39,1526,39433,40960,7701074,12252099,0,0,0,0,0
2048,8388608,7,67.109,6.6192,2.1195,3.6439,12.3826,99,4,1410,1215,1410,1215,1.0000,1.0000,178795,39,1526,39433,40960,7701074,12252001,0,0,0,0,0
2048,8388608,8,67.109,6.6121,2.0182,3.6482,12.2785,99,4,1410,1215,1410,1215,1.0000,1.0000,178795,39,1526,39433,40960,7701074,12252148,0,0,0,0,0
2048,8388608,9,67.109,6.6434,1.9709,3.6344,12.2487,99,4,1410,1215,1410,1215,1.0000,1.0000,173452,39,1526,39433,40960,7584375,12252099,0,0,0,0,0
2048,8388608,10,67.109,6.6636,2.0435,3.6439,12.3509,99,4,1410,1215,1410,1215,1.0000,1.0000,173452,39,1526,39433,40960,7701025,12252099,0,0,0,0,0
2048,8388608,11,67.109,6.6425,2.1025,3.6302,12.3752,99,4,1410,1215,1410,1215,1.0000,1.0000,177544,39,1526,39433,40960,7701025,12252001,0,0,0,0,0
2048,8388608,12,67.109,6.6006,1.8778,3.6128,12.0913,99,4,1410,1215,1410,1215,1.0000,1.0000,177544,39,1526,39433,40960,7561621,12252099,0,0,0,0,0
2048,8388608,13,67.109,6.6451,1.8865,3.6325,12.1640,99,4,1410,1215,1410,1215,1.0000,1.0000,177544,39,1526,39433,40960,7720458,12264453,0,0,0,0,0
2048,8388608,14,67.109,6.5972,1.8706,3.6879,12.1557,99,4,1410,1215,1410,1215,1.0000,1.0000,177544,39,1526,39433,40960,7701513,12252099,0,0,0,0,0
2048,8388608,15,67.109,6.5861,1.8735,3.6185,12.0782,99,4,1410,1215,1410,1215,1.0000,1.0000,180630,39,1526,39433,40960,7701123,12252099,0,0,0,0,0
2048,8388608,16,67.109,6.6259,1.8679,3.6157,12.1095,99,4,1410,1215,1410,1215,1.0000,1.0000,175262,39,1526,39433,40960,7358984,12252099,0,0,0,0,0
2048,8388608,17,67.109,6.6244,2.4283,3.6730,12.7257,99,4,1410,1215,1410,1215,1.0000,1.0000,175262,39,1526,39433,40960,7701074,12252343,0,0,0,0,0
2048,8388608,18,67.109,6.5919,1.8646,3.6274,12.0839,99,3,1410,1215,1410,1215,1.0000,1.0000,171697,39,1526,39433,40960,7458056,12252099,0,0,0,0,0
2048,8388608,19,67.109,6.6366,1.8997,3.7287,12.2650,99,3,1410,1215,1410,1215,1.0000,1.0000,171697,39,1526,39433,40960,7634472,12252148,0,0,0,0,0
2048,8388608,20,67.109,6.6192,2.0310,3.6366,12.2868,99,3,1410,1215,1410,1215,1.0000,1.0000,177544,39,1526,39433,40960,7701269,12252050,0,0,0,0,0
2048,8388608,21,67.109,6.6225,1.8826,3.6212,12.1263,99,3,1410,1215,1410,1215,1.0000,1.0000,177544,39,1526,39433,40960,7720507,12267773,0,0,0,0,0
2048,8388608,22,67.109,6.6381,1.8825,3.6161,12.1367,99,4,1410,1215,1410,1215,1.0000,1.0000,179583,39,1526,39433,40960,7701074,12252050,0,0,0,0,0
2048,8388608,23,67.109,6.6323,1.8787,3.6294,12.1404,99,4,1410,1215,1410,1215,1.0000,1.0000,179583,39,1526,39433,40960,7701513,12252050,0,0,0,0,0
2048,8388608,24,67.109,6.6154,2.0599,3.6490,12.3243,99,4,1410,1215,1410,1215,1.0000,1.0000,173979,39,1526,39433,40960,7701074,12252050,0,0,0,0,0
2048,8388608,25,67.109,6.6375,1.8824,3.6185,12.1384,99,4,1410,1215,1410,1215,1.0000,1.0000,177064,39,1526,39433,40960,7453271,12252099,0,0,0,0,0
2048,8388608,26,67.109,6.6159,1.8870,3.6862,12.1890,99,4,1410,1215,1410,1215,1.0000,1.0000,177064,39,1526,39433,40960,7701074,13034082,0,0,0,0,0
2048,8388608,27,67.109,6.6854,1.8830,3.6273,12.1957,99,4,1410,1215,1410,1215,1.0000,1.0000,177064,39,1526,39433,40960,7421142,12252099,0,0,0,0,0
2048,8388608,28,67.109,6.6462,1.9491,3.6325,12.2278,99,4,1410,1215,1410,1215,1.0000,1.0000,177064,39,1526,39433,40960,7701074,12252197,0,0,0,0,0
2048,8388608,29,67.109,6.6482,1.8817,3.6273,12.1572,99,3,1410,1215,1410,1215,1.0000,1.0000,177827,39,1526,39433,40960,7613085,12269531,0,0,0,0,0
2048,16777216,0,134.218,15.8148,131.6761,12.9490,160.4399,99,3,1410,1215,1410,1215,1.0000,1.0000,175226,39,1620,39339,40960,7714306,12247265,0,0,0,0,0
2048,16777216,1,134.218,14.3777,5.0794,7.5916,27.0487,99,3,1410,1215,1410,1215,1.0000,1.0000,175498,39,1622,39337,40960,7661572,11915087,0,0,0,0,0
2048,16777216,2,134.218,14.0085,5.0921,7.7660,26.8666,99,3,1410,1215,1410,1215,1.0000,1.0000,175498,39,1622,39337,40960,7532568,12251562,0,0,0,0,0
2048,16777216,3,134.218,13.8504,5.0748,7.8978,26.8229,99,4,1410,1215,1410,1215,1.0000,1.0000,173216,39,1622,39337,40960,7589404,12210791,0,0,0,0,0
2048,16777216,4,134.218,13.7823,5.1475,7.7710,26.7009,99,4,1410,1215,1410,1215,1.0000,1.0000,171609,39,1622,39337,40960,7870068,12529492,0,0,0,0,0
2048,16777216,5,134.218,13.7049,5.0659,7.5264,26.2973,99,4,1410,1215,1410,1215,1.0000,1.0000,171609,39,1622,39337,40960,7674169,12432470,0,0,0,0,0
2048,16777216,6,134.218,13.6733,5.1119,7.8446,26.6298,99,4,1410,1215,1410,1215,1.0000,1.0000,181156,39,1622,39337,40960,7296386,12252001,0,0,0,0,0
2048,16777216,7,134.218,13.6565,5.0792,7.7270,26.4627,99,4,1410,1215,1410,1215,1.0000,1.0000,179110,39,1622,39337,40960,7622021,12162255,0,0,0,0,0
2048,16777216,8,134.218,13.6460,5.0995,7.5796,26.3251,99,4,1410,1215,1410,1215,1.0000,1.0000,188043,39,1622,39337,40960,7641308,12132177,0,0,0,0,0
2048,16777216,9,134.218,13.6278,5.0605,7.6312,26.3195,99,4,1410,1215,1410,1215,1.0000,1.0000,188043,39,1622,39337,40960,7503759,12252001,0,0,0,0,0
2048,16777216,10,134.218,13.6405,5.0984,7.5609,26.2998,99,4,1410,1215,1410,1215,1.0000,1.0000,178795,39,1622,39337,40960,7299072,12275097,0,0,0,0,0
2048,16777216,11,134.218,13.6507,5.7048,7.5481,26.9036,99,4,1410,1215,1410,1215,1.0000,1.0000,181156,39,1622,39337,40960,8389990,11963916,0,0,0,0,0
2048,16777216,12,134.218,13.6815,5.0892,7.5778,26.3485,99,4,1410,1215,1410,1215,1.0000,1.0000,181156,39,1622,39337,40960,7597167,12251904,0,0,0,0,0
2048,16777216,13,134.218,13.7109,5.0856,7.5216,26.3182,99,4,1410,1215,1410,1215,1.0000,1.0000,171933,39,1622,39337,40960,7416162,12251953,0,0,0,0,0
2048,16777216,14,134.218,13.7147,5.0711,7.5370,26.3228,99,4,1410,1215,1410,1215,1.0000,1.0000,176463,39,1622,39337,40960,7384033,12251953,0,0,0,0,0
2048,16777216,15,134.218,13.6713,5.0859,7.5044,26.2616,99,4,1410,1215,1410,1215,1.0000,1.0000,176463,39,1622,39337,40960,7554785,12227539,0,0,0,0,0
2048,16777216,16,134.218,13.6739,5.0524,7.6117,26.3381,99,4,1410,1215,1410,1215,1.0000,1.0000,176545,39,1622,39337,40960,7427783,12399804,0,0,0,0,0
2048,16777216,17,134.218,13.6767,5.0684,7.5123,26.2574,99,4,1410,1215,1410,1215,1.0000,1.0000,175990,39,1622,39337,40960,7701025,12252490,0,0,0,0,0
2048,16777216,18,134.218,13.6939,5.0808,7.5092,26.2839,99,4,1410,1215,1410,1215,1.0000,1.0000,177827,39,1622,39337,40960,7701904,12251953,0,0,0,0,0
2048,16777216,19,134.218,13.7215,5.0728,7.5492,26.3436,99,4,1410,1215,1410,1215,1.0000,1.0000,177827,39,1622,39337,40960,7330126,12252050,0,0,0,0,0
2048,16777216,20,134.218,14.1935,5.1310,7.6387,26.9632,99,4,1410,1215,1410,1215,1.0000,1.0000,176226,39,1622,39337,40960,7660595,11972070,0,0,0,0,0
2048,16777216,21,134.218,13.7132,5.0897,7.5904,26.3932,99,4,1410,1215,1410,1215,1.0000,1.0000,190568,39,1622,39337,40960,7662792,12070947,0,0,0,0,0
2048,16777216,22,134.218,13.6545,5.9929,7.5290,27.1764,99,4,1410,1215,1410,1215,1.0000,1.0000,190568,39,1622,39337,40960,7718750,12061279,0,0,0,0,0
2048,16777216,23,134.218,13.6974,5.0877,7.5480,26.3331,99,4,1410,1215,1410,1215,1.0000,1.0000,171900,39,1622,39337,40960,7483154,12270068,0,0,0,0,0
2048,16777216,24,134.218,13.7166,5.8402,7.5199,27.0766,99,4,1410,1215,1410,1215,1.0000,1.0000,177544,39,1622,39337,40960,8201074,12341406,0,0,0,0,0
2048,16777216,25,134.218,13.6730,5.0660,7.5414,26.2804,99,4,1410,1215,1410,1215,1.0000,1.0000,177544,39,1622,39337,40960,7474365,12251904,0,0,0,0,0
2048,16777216,26,134.218,13.6929,5.0724,8.3649,27.1302,99,4,1410,1215,1410,1215,1.0000,1.0000,178827,39,1622,39337,40960,7379980,12252050,0,0,0,0,0
2048,16777216,27,134.218,15.7833,5.1032,7.5745,28.4609,99,4,1410,1215,1410,1215,1.0000,1.0000,177064,39,1622,39337,40960,7329589,12251904,0,0,0,0,0
2048,16777216,28,134.218,14.5830,5.8471,7.5198,27.9499,99,4,1410,1215,1410,1215,1.0000,1.0000,179873,39,1622,39337,40960,7701318,12251904,0,0,0,0,0
2048,16777216,29,134.218,14.3895,5.0793,7.9147,27.3835,99,4,1410,1215,1410,1215,1.0000,1.0000,179873,39,1622,39337,40960,7675097,12039404,0,0,0,0,0
2048,33554432,0,268.435,29.6559,124.5836,20.3529,174.5925,99,3,1410,1215,1410,1215,1.0000,1.0000,171406,39,1812,39147,40960,7495996,12251904,0,0,0,0,0
2048,33554432,1,268.435,29.7537,11.7794,11.4134,52.9464,99,3,1410,1215,1410,1215,1.0000,1.0000,209008,39,1814,39145,40960,7682666,12312402,0,0,0,0,0
2048,33554432,2,268.435,28.8426,11.5369,12.0065,52.3860,99,3,1410,1215,1410,1215,1.0000,1.0000,195173,39,1814,39145,40960,7727685,12251904,0,0,0,0,0
2048,33554432,3,268.435,28.6114,11.4780,11.4767,51.5661,99,4,1410,1215,1410,1215,1.0000,1.0000,198502,39,1814,39145,40960,7667626,12025732,0,0,0,0,0
2048,33554432,4,268.435,28.6560,11.5339,11.4388,51.6287,99,4,1410,1215,1410,1215,1.0000,1.0000,198502,39,1814,39145,40960,7635546,12251855,0,0,0,0,0
2048,33554432,5,268.435,28.6803,11.5053,11.4204,51.6060,99,5,1410,1215,1410,1215,1.0000,1.0000,201594,39,1814,39145,40960,7455078,12251904,0,0,0,0,0
2048,33554432,6,268.435,28.7013,11.9379,11.4827,52.1219,99,5,1410,1215,1410,1215,1.0000,1.0000,190568,39,1814,39145,40960,7682470,11987988,0,0,0,0,0
2048,33554432,7,268.435,28.6366,11.5262,11.4599,51.6227,99,4,1410,1215,1410,1215,1.0000,1.0000,176545,39,1814,39145,40960,7942138,12251953,0,0,0,0,0
2048,33554432,8,268.435,28.7121,11.4912,11.4506,51.6539,99,4,1410,1215,1410,1215,1.0000,1.0000,175262,39,1814,39145,40960,7394775,12252001,0,0,0,0,0
2048,33554432,9,268.435,28.7245,11.5426,11.5967,51.8638,99,4,1410,1215,1410,1215,1.0000,1.0000,176254,39,1814,39145,40960,7372265,12251953,0,0,0,0,0
2048,33554432,10,268.435,28.6567,11.4691,11.4467,51.5726,99,4,1410,1215,1410,1215,1.0000,1.0000,169651,39,1814,39145,40960,7368066,12735058,0,0,0,0,0
2048,33554432,11,268.435,28.6231,12.2487,11.4335,52.3053,99,4,1410,1215,1410,1215,1.0000,1.0000,173979,39,1814,39145,40960,7701025,12703222,0,0,0,0,0
2048,33554432,12,268.435,28.6449,11.5202,11.4180,51.5832,99,4,1410,1215,1410,1215,1.0000,1.0000,174215,39,1814,39145,40960,7377587,12251855,0,0,0,0,0
2048,33554432,13,268.435,28.6389,11.4757,11.4313,51.5458,99,4,1410,1215,1410,1215,1.0000,1.0000,174499,39,1814,39145,40960,7434228,12251904,0,0,0,0,0
2048,33554432,14,268.435,28.6360,11.4989,11.4533,51.5881,99,4,1410,1215,1410,1215,1.0000,1.0000,171933,39,1814,39145,40960,7462060,12251904,0,0,0,0,0
2048,33554432,15,268.435,28.6188,11.5087,11.4904,51.6179,99,4,1410,1215,1410,1215,1.0000,1.0000,176545,39,1814,39145,40960,7664990,12619824,0,0,0,0,0
2048,33554432,16,268.435,28.7291,11.5328,11.4480,51.7099,99,4,1410,1215,1410,1215,1.0000,1.0000,178300,39,1814,39145,40960,7757421,12251904,0,0,0,0,0
2048,33554432,17,268.435,28.6411,11.4825,11.4219,51.5455,99,4,1410,1215,1410,1215,1.0000,1.0000,178300,39,1814,39145,40960,7461572,12251953,0,0,0,0,0
2048,33554432,18,268.435,28.7525,11.5065,11.4169,51.6760,99,4,1410,1215,1410,1215,1.0000,1.0000,181912,39,1814,39145,40960,7359277,12251953,0,0,0,0,0
2048,33554432,19,268.435,28.7105,11.5088,11.4172,51.6365,99,5,1410,1215,1410,1215,1.0000,1.0000,202067,39,1814,39145,40960,7361621,12251953,0,0,0,0,0
2048,33554432,20,268.435,28.6856,11.5149,11.4391,51.6397,99,5,1410,1215,1410,1215,1.0000,1.0000,189326,39,1814,39145,40960,7747070,12252001,0,0,0,0,0
2048,33554432,21,268.435,28.6042,11.5148,11.4379,51.5569,99,4,1410,1215,1410,1215,1.0000,1.0000,180630,39,1814,39145,40960,7664697,11987988,0,0,0,0,0
2048,33554432,22,268.435,28.6101,11.5299,11.4423,51.5823,99,4,1410,1215,1410,1215,1.0000,1.0000,174215,39,1814,39145,40960,7489208,12251855,0,0,0,0,0
2048,33554432,23,268.435,28.6125,11.4905,11.6375,51.7405,99,4,1410,1215,1410,1215,1.0000,1.0000,174215,39,1814,39145,40960,7473876,12251904,0,0,0,0,0
2048,33554432,24,268.435,28.7041,11.5495,11.5037,51.7573,99,4,1410,1215,1410,1215,1.0000,1.0000,176545,39,1814,39145,40960,7457617,12251904,0,0,0,0,0
2048,33554432,25,268.435,28.6228,12.3831,11.4769,52.4828,99,4,1410,1215,1410,1215,1.0000,1.0000,175262,39,1814,39145,40960,8598339,12840527,0,0,0,0,0
2048,33554432,26,268.435,28.6136,11.9655,11.4161,51.9951,99,4,1410,1215,1410,1215,1.0000,1.0000,174735,39,1814,39145,40960,8253320,12251855,0,0,0,0,0
2048,33554432,27,268.435,28.6201,11.4972,11.4399,51.5572,99,4,1410,1215,1410,1215,1.0000,1.0000,172169,39,1814,39145,40960,7402001,12252001,0,0,0,0,0
2048,33554432,28,268.435,28.7265,11.4878,11.4948,51.7091,99,4,1410,1215,1410,1215,1.0000,1.0000,174215,39,1814,39145,40960,7369384,12251953,0,0,0,0,0
2048,33554432,29,268.435,29.0656,12.0342,11.4151,52.5149,99,4,1410,1215,1410,1215,1.0000,1.0000,172453,39,1814,39145,40960,7714941,12591796,0,0,0,0,0
2048,67108864,0,536.871,59.5327,108.7489,41.2171,209.4987,99,3,1410,1215,1410,1215,1.0000,1.0000,170414,39,2196,38763,40960,7701025,12251953,0,0,0,0,0
2048,67108864,1,536.871,58.3641,23.3074,23.9912,105.6627,99,3,1410,1215,1410,1215,1.0000,1.0000,173979,39,2198,38761,40960,7683447,12136865,0,0,0,0,0
2048,67108864,2,536.871,59.1571,22.8111,23.9585,105.9267,99,4,1410,1215,1410,1215,1.0000,1.0000,213093,39,2198,38761,40960,7404931,12251953,0,0,0,0,0
2048,67108864,3,536.871,58.8796,22.8333,23.9556,105.6684,99,4,1410,1215,1410,1215,1.0000,1.0000,170650,39,2198,38761,40960,7700683,12252001,0,0,0,0,0
2048,67108864,4,536.871,59.3318,22.9416,24.2444,106.5179,99,5,1410,1215,1410,1215,1.0000,1.0000,225078,39,2198,38761,40960,7733300,12251953,0,0,0,0,0
2048,67108864,5,536.871,57.6531,22.8085,23.9329,104.3945,99,5,1410,1215,1410,1215,1.0000,1.0000,176018,39,2198,38761,40960,7665869,12120556,0,0,0,0,0
2048,67108864,6,536.871,59.1103,22.9362,24.8998,106.9463,99,5,1410,1215,1410,1215,1.0000,1.0000,203350,39,2198,38761,40960,7700976,12251904,0,0,0,0,0
2048,67108864,7,536.871,58.2391,22.7874,23.3454,104.3719,99,4,1410,1215,1410,1215,1.0000,1.0000,174735,39,2198,38761,40960,7653857,13065380,0,0,0,0,0
2048,67108864,8,536.871,57.9680,22.8297,23.9620,104.7597,99,5,1410,1215,1410,1215,1.0000,1.0000,190343,39,2198,38761,40960,7666064,11931054,0,0,0,0,0
2048,67108864,9,536.871,58.9658,22.9378,24.0023,105.9059,99,5,1410,1215,1410,1215,1.0000,1.0000,172979,39,2198,38761,40960,7692822,12251904,0,0,0,0,0
2048,67108864,10,536.871,58.8827,22.8208,23.9061,105.6096,99,4,1410,1215,1410,1215,1.0000,1.0000,169887,39,2198,38761,40960,7644335,12063183,0,0,0,0,0
2048,67108864,11,536.871,58.9122,22.8949,24.2038,106.0108,99,4,1410,1215,1410,1215,1.0000,1.0000,170123,39,2198,38761,40960,7593310,12251953,0,0,0,0,0
2048,67108864,12,536.871,58.8542,22.8602,23.9770,105.6914,99,5,1410,1215,1410,1215,1.0000,1.0000,173979,39,2198,38761,40960,7479736,12251904,0,0,0,0,0
2048,67108864,13,536.871,57.7964,23.0537,23.9748,104.8248,99,5,1410,1215,1410,1215,1.0000,1.0000,176781,39,2198,38761,40960,7757080,12390136,0,0,0,0,0
2048,67108864,14,536.871,57.5943,22.8593,24.2320,104.6856,99,5,1410,1215,1410,1215,1.0000,1.0000,170852,39,2198,38761,40960,7701367,12251904,0,0,0,0,0
2048,67108864,15,536.871,58.7513,22.9931,23.9777,105.7221,99,4,1410,1215,1410,1215,1.0000,1.0000,171933,39,2198,38761,40960,7701025,12251904,0,0,0,0,0
2048,67108864,16,536.871,59.0130,23.7667,23.9429,106.7225,99,4,1410,1215,1410,1215,1.0000,1.0000,173216,39,2198,38761,40960,7540332,12529638,0,0,0,0,0
2048,67108864,17,536.871,58.9268,22.8199,24.6343,106.3810,99,5,1410,1215,1410,1215,1.0000,1.0000,177301,39,2198,38761,40960,7518945,12251953,0,0,0,0,0
2048,67108864,18,536.871,58.2240,22.8120,23.9434,104.9794,99,5,1410,1215,1410,1215,1.0000,1.0000,173216,39,2198,38761,40960,7679785,11940136,0,0,0,0,0
2048,67108864,19,536.871,59.0720,23.6157,24.0043,106.6919,99,5,1410,1215,1410,1215,1.0000,1.0000,187287,39,2198,38761,40960,7558154,12374365,0,0,0,0,0
2048,67108864,20,536.871,58.9050,22.8433,23.9683,105.7167,99,5,1410,1215,1410,1215,1.0000,1.0000,173452,39,2198,38761,40960,7659814,12003271,0,0,0,0,0
2048,67108864,21,536.871,59.0984,22.8745,23.9645,105.9374,99,5,1410,1215,1410,1215,1.0000,1.0000,187287,39,2198,38761,40960,7579296,12251904,0,0,0,0,0
2048,67108864,22,536.871,58.9789,22.7787,23.9359,105.6935,99,5,1410,1215,1410,1215,1.0000,1.0000,169887,39,2198,38761,40960,7755517,12251953,0,0,0,0,0
2048,67108864,23,536.871,58.9465,22.9292,23.3646,105.2403,99,5,1410,1215,1410,1215,1.0000,1.0000,193890,39,2198,38761,40960,7701025,12251904,0,0,0,0,0
2048,67108864,24,536.871,58.1985,22.8338,23.9388,104.9711,99,5,1410,1215,1410,1215,1.0000,1.0000,170934,39,2198,38761,40960,7691943,12452343,0,0,0,0,0
2048,67108864,25,536.871,58.9188,22.9832,23.9844,105.8865,99,5,1410,1215,1410,1215,1.0000,1.0000,194701,39,2198,38761,40960,7695605,12251904,0,0,0,0,0
2048,67108864,26,536.871,58.8094,22.8234,23.3455,104.9784,99,5,1410,1215,1410,1215,1.0000,1.0000,170650,39,2198,38761,40960,7382714,12251953,0,0,0,0,0
2048,67108864,27,536.871,58.0407,22.8318,23.9599,104.8325,99,5,1410,1215,1410,1215,1.0000,1.0000,213573,39,2198,38761,40960,7701074,12251953,0,0,0,0,0
2048,67108864,28,536.871,59.0422,23.5479,24.3372,106.9273,99,5,1410,1215,1410,1215,1.0000,1.0000,163230,39,2198,38761,40960,7670947,11939648,0,0,0,0,0
2048,67108864,29,536.871,58.5402,22.8380,24.0117,105.3899,99,5,1410,1215,1410,1215,1.0000,1.0000,213839,39,2198,38761,40960,7385888,12251953,0,0,0,0,0
4096,524288,0,4.194,1.4353,116.5064,1.1505,119.0923,100,8,1410,1215,1410,1215,1.0000,1.0000,232971,43,1578,39381,40960,4575976,7004199,0,0,0,0,0
4096,524288,1,4.194,1.4880,0.2943,0.3738,2.1560,100,8,1410,1215,1410,1215,1.0000,1.0000,230173,42,1580,39379,40960,4680957,7004345,0,0,0,0,0
4096,524288,2,4.194,2.2072,0.2774,0.5186,3.0032,100,8,1410,1215,1410,1215,1.0000,1.0000,230173,42,1580,39379,40960,4758789,7004541,0,0,0,0,0
4096,524288,3,4.194,0.2752,1.0329,0.9656,2.2736,100,8,1410,1215,1410,1215,1.0000,1.0000,196983,42,1580,39379,40960,5105761,7005029,0,0,0,0,0
4096,524288,4,4.194,0.2940,0.2949,0.8117,1.4006,100,8,1410,1215,1410,1215,1.0000,1.0000,196983,42,1580,39379,40960,5209619,7005029,0,0,0,0,0
4096,524288,5,4.194,0.2770,0.2921,0.2043,0.7734,100,8,1410,1215,1410,1215,1.0000,1.0000,211054,42,1580,39379,40960,4594384,8252832,0,0,0,0,0
4096,524288,6,4.194,1.5317,0.3059,0.2265,2.0641,100,8,1410,1215,1410,1215,1.0000,1.0000,211054,42,1580,39379,40960,4855957,12529785,0,0,0,0,0
4096,524288,7,4.194,0.5815,0.2997,0.2295,1.1107,100,8,1410,1215,1410,1215,1.0000,1.0000,211054,42,1580,39379,40960,4402490,9687109,0,0,0,0,0
4096,524288,8,4.194,2.1997,0.2949,0.2037,2.6983,100,8,1410,1215,1410,1215,1.0000,1.0000,244989,42,1580,39379,40960,4402001,8770751,0,0,0,0,0
4096,524288,9,4.194,0.7891,0.2879,0.4750,1.5519,100,8,1410,1215,1410,1215,1.0000,1.0000,244989,42,1580,39379,40960,4694531,7004296,0,0,0,0,0
4096,524288,10,4.194,2.2175,0.2978,0.4453,2.9607,100,8,1410,1215,1410,1215,1.0000,1.0000,231980,42,1580,39379,40960,4753027,7004589,0,0,0,0,0
4096,524288,11,4.194,0.2782,0.9535,0.9728,2.2045,100,8,1410,1215,1410,1215,1.0000,1.0000,231980,42,1580,39379,40960,5116552,7005126,0,0,0,0,0
4096,524288,12,4.194,0.2857,1.0982,0.1889,1.5729,100,8,1410,1215,1410,1215,1.0000,1.0000,195936,42,1580,39379,40960,5819384,7181933,0,0,0,0,0
4096,524288,13,4.194,0.2439,0.2871,0.4131,0.9441,100,8,1410,1215,1410,1215,1.0000,1.0000,195936,42,1580,39379,40960,8424072,9889599,0,0,0,0,0
4096,524288,14,4.194,0.2813,0.2869,0.1997,0.7679,100,8,1410,1215,1410,1215,1.0000,1.0000,212573,42,1580,39379,40960,4668603,8271240,0,0,0,0,0
4096,524288,15,4.194,1.5240,0.9809,0.1914,2.6964,100,8,1410,1215,1410,1215,1.0000,1.0000,212573,42,1580,39379,40960,8377880,9670800,0,0,0,0,0
4096,524288,16,4.194,0.2446,0.7210,0.9678,1.9334,100,8,1410,1215,1410,1215,1.0000,1.0000,244989,42,1580,39379,40960,5390429,7004980,0,0,0,0,0
4096,524288,17,4.194,0.2733,1.1355,0.1888,1.5976,100,8,1410,1215,1410,1215,1.0000,1.0000,244989,42,1580,39379,40960,5830224,7196093,0,0,0,0,0
4096,524288,18,4.194,0.2520,0.9417,0.1889,1.3827,100,8,1410,1215,1410,1215,1.0000,1.0000,244989,42,1580,39379,40960,8460107,9793945,0,0,0,0,0
4096,524288,19,4.194,0.2454,0.9539,0.1885,1.3878,100,8,1410,1215,1410,1215,1.0000,1.0000,223287,42,1580,39379,40960,8122802,12761328,0,0,0,0,0
4096,524288,20,4.194,0.2447,0.5980,0.2177,1.0604,100,8,1410,1215,1410,1215,1.0000,1.0000,223287,42,1580,39379,40960,7379150,12347802,0,0,0,0,0
4096,524288,21,4.194,0.2576,0.2910,0.2023,0.7509,100,9,1410,1215,1410,1215,1.0000,1.0000,190089,42,1580,39379,40960,6170849,12852392,0,0,0,0,0
4096,524288,22,4.194,0.4098,0.3005,0.2321,0.9424,100,9,1410,1215,1410,1215,1.0000,1.0000,190089,42,1580,39379,40960,4402001,9642187,0,0,0,0,0
4096,524288,23,4.194,2.2055,0.3069,0.2292,2.7416,100,9,1410,1215,1410,1215,1.0000,1.0000,217948,42,1580,39379,40960,4402050,8770214,0,0,0,0,0
4096,524288,24,4.194,0.7087,0.2949,0.2006,1.2043,100,9,1410,1215,1410,1215,1.0000,1.0000,217948,42,1580,39379,40960,4729003,8752880,0,0,0,0,0
4096,524288,25,4.194,1.2407,1.9673,0.1908,3.3988,100,8,1410,1215,1410,1215,1.0000,1.0000,243182,42,1580,39379,40960,8025292,12733251,0,0,0,0,0
4096,524288,26,4.194,0.2524,0.6123,0.1939,1.0585,100,8,1410,1215,1410,1215,1.0000,1.0000,243182,42,1580,39379,40960,8415966,9270458,0,0,0,0,0
4096,524288,27,4.194,0.2443,1.5807,0.1892,2.0142,100,8,1410,1215,1410,1215,1.0000,1.0000,217948,42,1580,39379,40960,6633740,7778271,0,0,0,0,0
4096,524288,28,4.194,0.2447,1.0174,0.1901,1.4522,100,8,1410,1215,1410,1215,1.0000,1.0000,217948,43,1580,39379,40960,8423535,9885742,0,0,0,0,0
4096,524288,29,4.194,0.2479,0.8832,0.1885,1.3195,100,8,1410,1215,1410,1215,1.0000,1.0000,217948,43,1580,39379,40960,8132031,12647509,0,0,0,0,0
4096,1048576,0,8.389,0.7902,78.7649,1.4522,81.0074,100,8,1410,1215,1410,1215,1.0000,1.0000,209481,42,1584,39375,40960,7484814,14003173,0,0,0,0,0
4096,1048576,1,8.389,0.5759,0.3973,0.6496,1.6228,100,8,1410,1215,1410,1215,1.0000,1.0000,216138,42,1586,39373,40960,5000830,7004638,0,0,0,0,0
4096,1048576,2,8.389,3.7678,1.9976,0.3620,6.1274,100,8,1410,1215,1410,1215,1.0000,1.0000,191372,43,1586,39373,40960,6918798,14003076,0,0,0,0,0
4096,1048576,3,8.389,0.4557,1.1541,0.3603,1.9701,100,8,1410,1215,1410,1215,1.0000,1.0000,226881,43,1586,39373,40960,8452294,9859130,0,0,0,0,0
4096,1048576,4,8.389,0.4612,2.4830,0.3634,3.3075,100,8,1410,1215,1410,1215,1.0000,1.0000,226881,43,1586,39373,40960,8235986,11764013,0,0,0,0,0
4096,1048576,5,8.389,0.4533,0.6803,0.3611,1.4947,100,8,1410,1215,1410,1215,1.0000,1.0000,226881,43,1586,39373,40960,8187597,12219042,0,0,0,0,0
4096,1048576,6,8.389,0.4411,2.4739,0.3630,3.2779,100,8,1410,1215,1410,1215,1.0000,1.0000,237578,43,1586,39373,40960,7143798,13851806,0,0,0,0,0
4096,1048576,7,8.389,0.4419,1.6803,0.3789,2.5011,100,8,1410,1215,1410,1215,1.0000,1.0000,237578,43,1586,39373,40960,8014550,13650000,0,0,0,0,0
4096,1048576,8,8.389,0.4435,0.4183,0.3682,1.2300,100,8,1410,1215,1410,1215,1.0000,1.0000,207205,43,1586,39373,40960,6592919,13373730,0,0,0,0,0
4096,1048576,9,8.389,0.4419,0.4256,0.3762,1.2438,100,8,1410,1215,1410,1215,1.0000,1.0000,207205,43,1586,39373,40960,4402050,10653027,0,0,0,0,0
4096,1048576,10,8.389,1.5891,0.4086,0.6554,2.6530,100,9,1410,1215,1410,1215,1.0000,1.0000,212053,43,1586,39373,40960,5723583,14008886,0,0,0,0,0
4096,1048576,11,8.389,3.7857,0.5300,0.4176,4.7333,100,9,1410,1215,1410,1215,1.0000,1.0000,212053,43,1586,39373,40960,8446923,7009179,0,0,0,0,0
4096,1048576,12,8.389,0.4447,0.4167,0.3786,1.2401,100,9,1410,1215,1410,1215,1.0000,1.0000,236577,43,1586,39373,40960,4883056,7004345,0,0,0,0,0
4096,1048576,13,8.389,3.8404,0.4331,0.3735,4.6469,100,9,1410,1215,1410,1215,1.0000,1.0000,236577,43,1586,39373,40960,4402441,8845117,0,0,0,0,0
4096,1048576,14,8.389,3.1834,0.4369,0.4451,4.0653,100,8,1410,1215,1410,1215,1.0000,1.0000,206962,43,1586,39373,40960,4402050,9520263,0,0,0,0,0
4096,1048576,15,8.389,2.6050,0.4183,0.4251,3.4484,100,8,1410,1215,1410,1215,1.0000,1.0000,206962,43,1586,39373,40960,4402587,10023730,0,0,0,0,0
4096,1048576,16,8.389,2.3111,0.4235,0.3725,3.1071,100,8,1410,1215,1410,1215,1.0000,1.0000,199549,43,1586,39373,40960,4402001,9619921,0,0,0,0,0
4096,1048576,17,8.389,2.6393,0.4249,0.3690,3.4332,100,8,1410,1215,1410,1215,1.0000,1.0000,199549,43,1586,39373,40960,4402001,9603320,0,0,0,0,0
4096,1048576,18,8.389,2.6217,0.4365,0.3653,3.4235,100,8,1410,1215,1410,1215,1.0000,1.0000,230682,43,1586,39373,40960,4402001,9547656,0,0,0,0,0
4096,1048576,19,8.389,2.6699,0.4297,0.3770,3.4766,100,8,1410,1215,1410,1215,1.0000,1.0000,230682,43,1586,39373,40960,4402001,9588818,0,0,0,0,0
4096,1048576,20,8.389,2.6214,0.4190,0.3733,3.4137,100,8,1410,1215,1410,1215,1.0000,1.0000,231980,43,1586,39373,40960,4432373,11853759,0,0,0,0,0
4096,1048576,21,8.389,0.4544,0.3981,1.9248,2.7773,100,8,1410,1215,1410,1215,1.0000,1.0000,231980,43,1586,39373,40960,6284082,7005126,0,0,0,0,0
4096,1048576,22,8.389,0.5006,0.4216,0.4456,1.3678,100,8,1410,1215,1410,1215,1.0000,1.0000,201594,43,1586,39373,40960,4632519,7004003,0,0,0,0,0
4096,1048576,23,8.389,4.0504,0.4198,0.4136,4.8838,100,8,1410,1215,1410,1215,1.0000,1.0000,201594,43,1586,39373,40960,4401953,8744580,0,0,0,0,0
4096,1048576,24,8.389,3.2058,0.3971,0.3700,3.9729,100,8,1410,1215,1410,1215,1.0000,1.0000,210244,43,1586,39373,40960,5446289,12108789,0,0,0,0,0
4096,1048576,25,8.389,0.9652,0.4202,0.3743,1.7597,100,8,1410,1215,1410,1215,1.0000,1.0000,210244,43,1586,39373,40960,4402099,9897998,0,0,0,0,0
4096,1048576,26,8.389,2.4819,0.4225,0.3783,3.2827,100,8,1410,1215,1410,1215,1.0000,1.0000,210244,43,1586,39373,40960,4402490,9650732,0,0,0,0,0
4096,1048576,27,8.389,2.5828,0.4162,0.3809,3.3799,100,8,1410,1215,1410,1215,1.0000,1.0000,242707,43,1586,39373,40960,4402050,9921435,0,0,0,0,0
4096,1048576,28,8.389,2.4150,0.4205,0.4595,3.2951,100,8,1410,1215,1410,1215,1.0000,1.0000,242707,43,1586,39373,40960,4403173,10920507,0,0,0,0,0
4096,1048576,29,8.389,1.5585,0.4122,0.3744,2.3451,100,8,1410,1215,1410,1215,1.0000,1.0000,224811,43,1586,39373,40960,4404101,10675292,0,0,0,0,0
4096,2097152,0,16.777,1.3749,92.2425,2.0022,95.6196,100,8,1410,1215,1410,1215,1.0000,1.0000,203114,42,1596,39363,40960,8181933,12210742,0,0,0,0,0
4096,2097152,1,16.777,1.4231,0.6072,1.2837,3.3140,100,8,1410,1215,1410,1215,1.0000,1.0000,209008,42,1598,39361,40960,7050146,7004882,0,0,0,0,0
4096,2097152,2,16.777,5.5064,2.0429,0.6891,8.2384,100,8,1410,1215,1410,1215,1.0000,1.0000,209008,42,1598,39361,40960,5627831,13841406,0,0,0,0,0
4096,2097152,3,16.777,0.8415,2.4519,0.6875,3.9809,100,8,1410,1215,1410,1215,1.0000,1.0000,198266,42,1598,39361,40960,8522412,8437255,0,0,0,0,0
4096,2097152,4,16.777,0.9028,2.3418,0.6924,3.9370,100,8,1410,1215,1410,1215,1.0000,1.0000,198266,42,1598,39361,40960,7166357,8387744,0,0,0,0,0
4096,2097152,5,16.777,0.8901,2.4648,0.6822,4.0370,100,8,1410,1215,1410,1215,1.0000,1.0000,238859,42,1598,39361,40960,7111572,8463330,0,0,0,0,0
4096,2097152,6,16.777,0.9014,0.6080,2.3449,3.8544,100,8,1410,1215,1410,1215,1.0000,1.0000,238859,42,1598,39361,40960,7347265,7005029,0,0,0,0,0
4096,2097152,7,16.777,5.6248,0.6106,0.7577,6.9932,100,8,1410,1215,1410,1215,1.0000,1.0000,225362,43,1598,39361,40960,4405371,9618994,0,0,0,0,0
4096,2097152,8,16.777,2.6288,0.6240,0.7069,3.9597,100,8,1410,1215,1410,1215,1.0000,1.0000,225362,43,1598,39361,40960,4402050,10087988,0,0,0,0,0
4096,2097152,9,16.777,2.3546,0.6146,0.7027,3.6719,100,8,1410,1215,1410,1215,1.0000,1.0000,200021,43,1598,39361,40960,4402050,10169042,0,0,0,0,0
4096,2097152,10,16.777,2.2489,0.6171,0.7036,3.5697,100,8,1410,1215,1410,1215,1.0000,1.0000,200021,43,1598,39361,40960,4412451,10837451,0,0,0,0,0
4096,2097152,11,16.777,1.1231,2.4198,0.7012,4.2441,100,8,1410,1215,1410,1215,1.0000,1.0000,239905,43,1598,39361,40960,7189697,13780517,0,0,0,0,0
4096,2097152,12,16.777,0.9247,0.6101,1.1941,2.7288,100,8,1410,1215,1410,1215,1.0000,1.0000,239905,43,1598,39361,40960,5108056,7005126,0,0,0,0,0
4096,2097152,13,16.777,5.5197,0.6236,0.7042,6.8476,100,8,1410,1215,1410,1215,1.0000,1.0000,230446,43,1598,39361,40960,4402001,9959619,0,0,0,0,0
4096,2097152,14,16.777,2.4830,0.6044,0.6987,3.7861,100,8,1410,1215,1410,1215,1.0000,1.0000,230446,43,1598,39361,40960,4402001,11523193,0,0,0,0,0
4096,2097152,15,16.777,1.3754,0.6231,0.7940,2.7924,100,8,1410,1215,1410,1215,1.0000,1.0000,192135,43,1598,39361,40960,4402050,10550146,0,0,0,0,0
4096,2097152,16,16.777,1.9022,0.6111,0.7011,3.2144,100,8,1410,1215,1410,1215,1.0000,1.0000,192135,43,1598,39361,40960,4402050,10217041,0,0,0,0,0
4096,2097152,17,16.777,2.3279,0.6351,0.7005,3.6635,100,8,1410,1215,1410,1215,1.0000,1.0000,192135,43,1598,39361,40960,4402441,10319824,0,0,0,0,0
4096,2097152,18,16.777,2.2316,0.6142,0.7003,3.5461,100,8,1410,1215,1410,1215,1.0000,1.0000,222505,43,1598,39361,40960,4401953,10216406,0,0,0,0,0
4096,2097152,19,16.777,2.3277,0.6318,0.7022,3.6617,100,8,1410,1215,1410,1215,1.0000,1.0000,222505,43,1598,39361,40960,4402490,10333203,0,0,0,0,0
4096,2097152,20,16.777,2.1722,1.1427,0.6926,4.0075,100,8,1410,1215,1410,1215,1.0000,1.0000,246272,43,1598,39361,40960,8347460,8214062,0,0,0,0,0
4096,2097152,21,16.777,0.8934,0.6053,1.1077,2.6064,100,8,1410,1215,1410,1215,1.0000,1.0000,246272,43,1598,39361,40960,5067187,7004687,0,0,0,0,0
4096,2097152,22,16.777,5.4629,1.4269,0.6911,7.5810,100,8,1410,1215,1410,1215,1.0000,1.0000,205160,43,1598,39361,40960,5863427,12888867,0,0,0,0,0
4096,2097152,23,16.777,0.8278,2.3206,0.6936,3.8420,100,8,1410,1215,1410,1215,1.0000,1.0000,205160,43,1598,39361,40960,7633544,14002978,0,0,0,0,0
4096,2097152,24,16.777,0.8314,2.3566,0.6855,3.8736,100,9,1410,1215,1410,1215,1.0000,1.0000,209481,43,1598,39361,40960,7612304,14003027,0,0,0,0,0
4096,2097152,25,16.777,0.8295,1.1114,0.6867,2.6276,100,9,1410,1215,1410,1215,1.0000,1.0000,209481,43,1598,39361,40960,7527294,12593847,0,0,0,0,0
4096,2097152,26,16.777,0.8297,2.1894,0.6968,3.7160,100,9,1410,1215,1410,1215,1.0000,1.0000,249885,43,1598,39361,40960,7894287,13995458,0,0,0,0,0
4096,2097152,27,16.777,0.8448,2.3027,0.6911,3.8386,100,9,1410,1215,1410,1215,1.0000,1.0000,249885,43,1598,39361,40960,7561328,14003173,0,0,0,0,0
4096,2097152,28,16.777,0.8484,2.2897,0.6889,3.8270,100,8,1410,1215,1410,1215,1.0000,1.0000,208488,42,1598,39361,40960,7685058,14003027,0,0,0,0,0
4096,2097152,29,16.777,0.8383,1.2087,0.6883,2.7353,100,8,1410,1215,1410,1215,1.0000,1.0000,208488,42,1598,39361,40960,7582714,14033837,0,0,0,0,0
4096,4194304,0,33.554,2.8791,105.0755,2.1933,110.1479,100,8,1410,1215,1410,1215,1.0000,1.0000,196456,42,1620,39339,40960,6421972,14003076,0,0,0,0,0
4096,4194304,1,33.554,2.5238,1.4875,1.3016,5.3129,100,8,1410,1215,1410,1215,1.0000,1.0000,192608,42,1622,39337,40960,7995263,9433300,0,0,0,0,0
4096,4194304,2,33.554,2.3956,2.7909,2.3078,7.4943,100,8,1410,1215,1410,1215,1.0000,1.0000,192608,42,1622,39337,40960,7124267,8463916,0,0,0,0,0
4096,4194304,3,33.554,3.9884,1.0160,1.3278,6.3322,100,8,1410,1215,1410,1215,1.0000,1.0000,237103,42,1622,39337,40960,4751611,7004296,0,0,0,0,0
4096,4194304,4,33.554,6.0860,1.0605,1.3209,8.4675,100,8,1410,1215,1410,1215,1.0000,1.0000,237103,42,1622,39337,40960,4587744,11366308,0,0,0,0,0
4096,4194304,5,33.554,2.0626,1.0423,1.3092,4.4141,100,8,1410,1215,1410,1215,1.0000,1.0000,216401,42,1622,39337,40960,5492968,12154443,0,0,0,0,0
4096,4194304,6,33.554,2.0646,2.5460,1.3043,5.9150,100,8,1410,1215,1410,1215,1.0000,1.0000,216401,42,1622,39337,40960,8071044,12515283,0,0,0,0,0
4096,4194304,7,33.554,1.9958,1.0228,1.3196,4.3382,100,8,1410,1215,1410,1215,1.0000,1.0000,200548,42,1622,39337,40960,5069042,7004589,0,0,0,0,0
4096,4194304,8,33.554,5.7414,2.6603,1.2931,9.6947,100,8,1410,1215,1410,1215,1.0000,1.0000,200548,42,1622,39337,40960,7702001,14003027,0,0,0,0,0
4096,4194304,9,33.554,1.9615,1.1079,1.2974,4.3667,100,8,1410,1215,1410,1215,1.0000,1.0000,241664,43,1622,39337,40960,8229687,11828710,0,0,0,0,0
4096,4194304,10,33.554,1.9767,3.1584,1.2885,6.4236,100,8,1410,1215,1410,1215,1.0000,1.0000,241664,43,1622,39337,40960,8227734,11843847,0,0,0,0,0
4096,4194304,11,33.554,1.9575,1.1298,1.3191,4.4064,100,9,1410,1215,1410,1215,1.0000,1.0000,214619,43,1622,39337,40960,7552050,8940283,0,0,0,0,0
4096,4194304,12,33.554,2.0331,1.7541,2.7354,6.5226,100,9,1410,1215,1410,1215,1.0000,1.0000,214619,43,1622,39337,40960,7440917,8820410,0,0,0,0,0
4096,4194304,13,33.554,6.2242,1.0390,1.3114,8.5746,100,9,1410,1215,1410,1215,1.0000,1.0000,210770,43,1622,39337,40960,4709814,11381103,0,0,0,0,0
4096,4194304,14,33.554,1.9932,1.6915,1.2920,4.9768,100,9,1410,1215,1410,1215,1.0000,1.0000,210770,43,1622,39337,40960,5288818,14003710,0,0,0,0,0
4096,4194304,15,33.554,1.9832,1.6427,2.7195,6.3454,100,8,1410,1215,1410,1215,1.0000,1.0000,251632,43,1622,39337,40960,8420800,9510058,0,0,0,0,0
4096,4194304,16,33.554,6.2894,2.7186,1.2950,10.3030,100,8,1410,1215,1410,1215,1.0000,1.0000,251632,43,1622,39337,40960,5310693,13478369,0,0,0,0,0
4096,4194304,17,33.554,1.9655,2.7883,2.2972,7.0510,100,8,1410,1215,1410,1215,1.0000,1.0000,202594,43,1622,39337,40960,7013427,8335888,0,0,0,0,0
4096,4194304,18,33.554,3.9696,1.0150,1.3241,6.3087,100,8,1410,1215,1410,1215,1.0000,1.0000,202594,43,1622,39337,40960,4755761,7004394,0,0,0,0,0
4096,4194304,19,33.554,6.0058,1.0358,1.3129,8.3545,100,8,1410,1215,1410,1215,1.0000,1.0000,223032,42,1622,39337,40960,4525292,11193505,0,0,0,0,0
4096,4194304,20,33.554,1.9834,1.0322,1.3113,4.3269,100,8,1410,1215,1410,1215,1.0000,1.0000,223032,42,1622,39337,40960,5172021,11910351,0,0,0,0,0
4096,4194304,21,33.554,1.9766,1.0311,1.2912,4.2989,100,8,1410,1215,1410,1215,1.0000,1.0000,240142,42,1622,39337,40960,6451464,13103320,0,0,0,0,0
4096,4194304,22,33.554,1.9721,1.0317,1.2964,4.3002,100,8,1410,1215,1410,1215,1.0000,1.0000,240142,42,1622,39337,40960,7106640,13761865,0,0,0,0,0
4096,4194304,23,33.554,1.9842,3.0683,2.3021,7.3546,100,8,1410,1215,1410,1215,1.0000,1.0000,203114,42,1622,39337,40960,7492138,8735400,0,0,0,0,0
4096,4194304,24,33.554,3.9892,1.0299,1.3175,6.3365,100,8,1410,1215,1410,1215,1.0000,1.0000,203114,42,1622,39337,40960,4709423,8043847,0,0,0,0,0
4096,4194304,25,33.554,2.5742,1.2807,2.2978,6.1527,100,8,1410,1215,1410,1215,1.0000,1.0000,231729,42,1622,39337,40960,8075097,12244384,0,0,0,0,0
4096,4194304,26,33.554,3.9652,1.0397,1.3276,6.3324,100,8,1410,1215,1410,1215,1.0000,1.0000,231729,42,1622,39337,40960,4401904,8852929,0,0,0,0,0
4096,4194304,27,33.554,3.5703,1.0245,1.3131,5.9080,100,8,1410,1215,1410,1215,1.0000,1.0000,226118,42,1622,39337,40960,5177392,11879248,0,0,0,0,0
4096,4194304,28,33.554,1.9659,1.0277,1.3001,4.2937,100,8,1410,1215,1410,1215,1.0000,1.0000,226118,42,1622,39337,40960,6190039,12802783,0,0,0,0,0
4096,4194304,29,33.554,1.9772,1.7174,1.2970,4.9916,100,8,1410,1215,1410,1215,1.0000,1.0000,194181,42,1622,39337,40960,8129345,12693750,0,0,0,0,0
4096,8388608,0,67.109,5.3607,75.4164,6.5871,87.3641,100,8,1410,1215,1410,1215,1.0000,1.0000,221749,43,1668,39291,40960,6546630,7686572,0,0,0,0,0
4096,8388608,1,67.109,8.7356,1.8715,2.8345,13.4416,100,8,1410,1215,1410,1215,1.0000,1.0000,250648,42,1670,39289,40960,8589746,7005175,0,0,0,0,0
4096,8388608,2,67.109,7.9160,3.8071,4.9843,16.7073,100,8,1410,1215,1410,1215,1.0000,1.0000,250648,42,1670,39289,40960,8437255,8600000,0,0,0,0,0
4096,8388608,3,67.109,8.5618,3.5464,2.6163,14.7245,100,8,1410,1215,1410,1215,1.0000,1.0000,192135,42,1670,39289,40960,7813964,14003027,0,0,0,0,0
4096,8388608,4,67.109,4.4102,2.4845,5.0056,11.9003,100,8,1410,1215,1410,1215,1.0000,1.0000,192135,42,1670,39289,40960,5771777,7004931,0,0,0,0,0
4096,8388608,5,67.109,8.6325,3.4876,2.6098,14.7299,100,8,1410,1215,1410,1215,1.0000,1.0000,238103,42,1670,39289,40960,7894824,13990820,0,0,0,0,0
4096,8388608,6,67.109,4.3760,1.8814,2.7369,8.9942,100,8,1410,1215,1410,1215,1.0000,1.0000,202067,43,1670,39289,40960,4930761,7004882,0,0,0,0,0
4096,8388608,7,67.109,7.8127,3.2244,2.6244,13.6614,100,8,1410,1215,1410,1215,1.0000,1.0000,202067,43,1670,39289,40960,7823583,14003271,0,0,0,0,0
4096,8388608,8,67.109,4.3896,1.8672,2.6533,8.9101,100,8,1410,1215,1410,1215,1.0000,1.0000,246799,42,1670,39289,40960,5142187,7005078,0,0,0,0,0
4096,8388608,9,67.109,7.2732,3.2234,4.9873,15.4839,100,8,1410,1215,1410,1215,1.0000,1.0000,246799,42,1670,39289,40960,8426025,9436035,0,0,0,0,0
4096,8388608,10,67.109,8.5424,3.2963,2.6221,14.4608,100,8,1410,1215,1410,1215,1.0000,1.0000,193654,42,1670,39289,40960,8013574,13705273,0,0,0,0,0
4096,8388608,11,67.109,4.3343,2.5959,4.9899,11.9201,100,8,1410,1215,1410,1215,1.0000,1.0000,193654,42,1670,39289,40960,5796679,7004687,0,0,0,0,0
4096,8388608,12,67.109,8.4786,3.6289,2.6416,14.7491,100,8,1410,1215,1410,1215,1.0000,1.0000,243997,42,1670,39289,40960,7727685,14003027,0,0,0,0,0
4096,8388608,13,67.109,4.3236,2.5687,4.9839,11.8762,100,8,1410,1215,1410,1215,1.0000,1.0000,243997,42,1670,39289,40960,5841650,7004687,0,0,0,0,0
4096,8388608,14,67.109,8.5672,3.5653,2.6047,14.7372,100,8,1410,1215,1410,1215,1.0000,1.0000,183675,43,1670,39289,40960,7738037,14003027,0,0,0,0,0
4096,8388608,15,67.109,4.3334,1.8794,2.6464,8.8591,100,8,1410,1215,1410,1215,1.0000,1.0000,243465,42,1670,39289,40960,4888964,7011523,0,0,0,0,0
4096,8388608,16,67.109,7.5114,2.9651,4.9836,15.4601,100,8,1410,1215,1410,1215,1.0000,1.0000,243465,42,1670,39289,40960,8429394,9226757,0,0,0,0,0
4096,8388608,17,67.109,8.4913,3.5107,4.9811,16.9830,100,8,1410,1215,1410,1215,1.0000,1.0000,192608,42,1670,39289,40960,8436230,9133251,0,0,0,0,0
4096,8388608,18,67.109,8.5554,3.5366,2.6012,14.6932,100,8,1410,1215,1410,1215,1.0000,1.0000,192608,42,1670,39289,40960,7769335,14003076,0,0,0,0,0
4096,8388608,19,67.109,4.3374,2.6540,4.9731,11.9644,100,8,1410,1215,1410,1215,1.0000,1.0000,250351,42,1670,39289,40960,5799755,7004687,0,0,0,0,0
4096,8388608,20,67.109,8.4577,3.4479,2.6160,14.5216,100,8,1410,1215,1410,1215,1.0000,1.0000,250351,42,1670,39289,40960,7786718,14003125,0,0,0,0,0
4096,8388608,21,67.109,4.3352,2.6647,4.9900,11.9899,100,8,1410,1215,1410,1215,1.0000,1.0000,204923,43,1670,39289,40960,5802148,7011718,0,0,0,0,0
4096,8388608,22,67.109,8.5304,3.2454,2.6225,14.3983,100,8,1410,1215,1410,1215,1.0000,1.0000,223287,43,1670,39289,40960,8295068,10757617,0,0,0,0,0
4096,8388608,23,67.109,9.0686,3.9779,2.6214,15.6678,100,8,1410,1215,1410,1215,1.0000,1.0000,223287,43,1670,39289,40960,4402050,12070849,0,0,0,0,0
4096,8388608,24,67.109,4.3428,1.8716,2.6393,8.8537,100,9,1410,1215,1410,1215,1.0000,1.0000,208725,42,1670,39289,40960,5126708,7005078,0,0,0,0,0
4096,8388608,25,67.109,7.5663,3.1445,4.9749,15.6856,100,9,1410,1215,1410,1215,1.0000,1.0000,208725,42,1670,39289,40960,8434814,9127880,0,0,0,0,0
4096,8388608,26,67.109,8.5617,3.3597,2.6057,14.5271,100,9,1410,1215,1410,1215,1.0000,1.0000,224079,42,1670,39289,40960,8002783,13794531,0,0,0,0,0
4096,8388608,27,67.109,4.3343,2.6250,4.9888,11.9481,100,9,1410,1215,1410,1215,1.0000,1.0000,224079,42,1670,39289,40960,5853759,7004638,0,0,0,0,0
4096,8388608,28,67.109,8.5644,3.5983,2.6628,14.8254,100,8,1410,1215,1410,1215,1.0000,1.0000,217690,43,1670,39289,40960,7766113,14002978,0,0,0,0,0
4096,8388608,29,67.109,4.3846,2.3289,4.9751,11.6886,100,8,1410,1215,1410,1215,1.0000,1.0000,217690,43,1670,39289,40960,5617480,7004785,0,0,0,0,0
4096,16777216,0,134.218,14.7895,87.5942,9.6407,112.0244,100,8,1410,1215,1410,1215,1.0000,1.0000,204397,42,1764,39195,40960,5022119,7004980,0,0,0,0,0
4096,16777216,1,134.218,14.1647,6.2201,5.1321,25.5169,99,8,1410,1215,1410,1215,1.0000,1.0000,210527,42,1766,39193,40960,4402050,10375976,0,0,0,0,0
4096,16777216,2,134.218,13.8606,6.2258,7.5085,27.5949,99,8,1410,1215,1410,1215,1.0000,1.0000,210527,42,1766,39193,40960,8229150,11800732,0,0,0,0,0
4096,16777216,3,134.218,13.0788,6.3887,6.1195,25.5870,100,8,1410,1215,1410,1215,1.0000,1.0000,218184,43,1766,39193,40960,6486083,7745800,0,0,0,0,0
4096,16777216,4,134.218,11.5486,4.2868,5.1460,20.9814,100,8,1410,1215,1410,1215,1.0000,1.0000,213093,42,1766,39193,40960,6097851,7008789,0,0,0,0,0
4096,16777216,5,134.218,10.3512,3.5755,5.1295,19.0562,100,8,1410,1215,1410,1215,1.0000,1.0000,213093,42,1766,39193,40960,4963720,7004541,0,0,0,0,0
4096,16777216,6,134.218,11.3642,3.5673,5.1307,20.0622,100,9,1410,1215,1410,1215,1.0000,1.0000,192608,43,1766,39193,40960,4685351,7004394,0,0,0,0,0
4096,16777216,7,134.218,9.0050,4.2695,5.1362,18.4108,100,9,1410,1215,1410,1215,1.0000,1.0000,234017,42,1766,39193,40960,5122167,7004931,0,0,0,0,0
4096,16777216,8,134.218,10.3732,6.1032,6.1079,22.5843,100,9,1410,1215,1410,1215,1.0000,1.0000,234017,42,1766,39193,40960,6261230,7501562,0,0,0,0,0
4096,16777216,9,134.218,11.4126,6.3127,6.1002,23.8255,100,9,1410,1215,1410,1215,1.0000,1.0000,206962,42,1766,39193,40960,6389062,7636669,0,0,0,0,0
4096,16777216,10,134.218,11.3703,6.2714,6.1008,23.7424,100,9,1410,1215,1410,1215,1.0000,1.0000,206962,42,1766,39193,40960,6433105,7577001,0,0,0,0,0
4096,16777216,11,134.218,11.5789,6.2120,5.1633,22.9543,100,9,1410,1215,1410,1215,1.0000,1.0000,245745,43,1766,39193,40960,5827636,8264648,0,0,0,0,0
4096,16777216,12,134.218,13.8068,4.2304,5.1499,23.1871,100,9,1410,1215,1410,1215,1.0000,1.0000,222033,42,1766,39193,40960,7449560,7280859,0,0,0,0,0
4096,16777216,13,134.218,10.4301,3.5612,5.1611,19.1524,100,9,1410,1215,1410,1215,1.0000,1.0000,231209,42,1766,39193,40960,4954833,7004980,0,0,0,0,0
4096,16777216,14,134.218,10.1563,5.9094,6.1097,22.1753,100,9,1410,1215,1410,1215,1.0000,1.0000,231209,42,1766,39193,40960,6071826,7284277,0,0,0,0,0
4096,16777216,15,134.218,11.3964,6.0536,6.1404,23.5904,100,9,1410,1215,1410,1215,1.0000,1.0000,200312,43,1766,39193,40960,6024267,7241992,0,0,0,0,0
4096,16777216,16,134.218,11.4860,3.5639,5.1408,20.1907,100,9,1410,1215,1410,1215,1.0000,1.0000,200312,43,1766,39193,40960,4967578,7004492,0,0,0,0,0
4096,16777216,17,134.218,13.6821,6.6797,7.5273,27.8891,100,9,1410,1215,1410,1215,1.0000,1.0000,239142,42,1766,39193,40960,6927441,14003320,0,0,0,0,0
4096,16777216,18,134.218,13.0393,6.3904,6.0961,25.5258,100,9,1410,1215,1410,1215,1.0000,1.0000,216375,42,1766,39193,40960,6491259,7750878,0,0,0,0,0
4096,16777216,19,134.218,11.5265,3.5520,5.1312,20.2097,100,9,1410,1215,1410,1215,1.0000,1.0000,216375,42,1766,39193,40960,4630029,7004199,0,0,0,0,0
4096,16777216,20,134.218,11.0106,3.5922,5.1500,19.7528,100,9,1410,1215,1410,1215,1.0000,1.0000,217185,43,1766,39193,40960,4750927,7004541,0,0,0,0,0
4096,16777216,21,134.218,9.0153,5.4692,6.1612,20.6457,100,8,1410,1215,1410,1215,1.0000,1.0000,234537,42,1766,39193,40960,5669287,7006982,0,0,0,0,0
4096,16777216,22,134.218,11.4675,3.5571,5.7266,20.7512,100,8,1410,1215,1410,1215,1.0000,1.0000,234537,42,1766,39193,40960,5197607,7005078,0,0,0,0,0
4096,16777216,23,134.218,9.0962,6.2231,5.1343,20.4536,100,8,1410,1215,1410,1215,1.0000,1.0000,205160,42,1766,39193,40960,4660498,10779052,0,0,0,0,0
4096,16777216,24,134.218,13.7443,8.2159,7.5045,29.4647,100,9,1410,1215,1410,1215,1.0000,1.0000,217421,42,1766,39193,40960,8249755,11651171,0,0,0,0,0
4096,16777216,25,134.218,12.1465,7.4467,7.5128,27.1060,100,9,1410,1215,1410,1215,1.0000,1.0000,239385,42,1766,39193,40960,8372070,10562695,0,0,0,0,0
4096,16777216,26,134.218,12.1499,3.5437,5.1983,20.8919,100,9,1410,1215,1410,1215,1.0000,1.0000,239385,42,1766,39193,40960,6508300,7004589,0,0,0,0,0
4096,16777216,27,134.218,9.2252,5.1804,6.0921,20.4976,100,9,1410,1215,1410,1215,1.0000,1.0000,196747,42,1766,39193,40960,5166503,7004931,0,0,0,0,0
4096,16777216,28,134.218,11.5234,6.1555,5.1531,22.8320,100,9,1410,1215,1410,1215,1.0000,1.0000,217421,42,1766,39193,40960,4631689,8092822,0,0,0,0,0
4096,16777216,29,134.218,13.7286,3.5630,5.1400,22.4316,100,9,1410,1215,1410,1215,1.0000,1.0000,217421,42,1766,39193,40960,7297753,7005175,0,0,0,0,0
4096,33554432,0,268.435,28.8097,73.4882,21.7889,124.0868,100,8,1410,1215,1410,1215,1.0000,1.0000,236577,42,1956,39003,40960,7024169,7005078,0,0,0,0,0
4096,33554432,1,268.435,27.9113,12.0334,10.1664,50.1111,100,8,1410,1215,1410,1215,1.0000,1.0000,226597,42,1958,39001,40960,8423437,10138378,0,0,0,0,0
4096,33554432,2,268.435,23.2022,7.7867,12.5872,43.5761,100,8,1410,1215,1410,1215,1.0000,1.0000,193890,42,1958,39001,40960,6326660,7567626,0,0,0,0,0
4096,33554432,3,268.435,27.3666,9.9430,10.1818,47.4914,100,8,1410,1215,1410,1215,1.0000,1.0000,226118,42,1958,39001,40960,7974121,9102978,0,0,0,0,0
4096,33554432,4,268.435,27.7787,12.2749,10.2449,50.2985,100,9,1410,1215,1410,1215,1.0000,1.0000,238104,43,1958,39001,40960,8061474,12355273,0,0,0,0,0
4096,33554432,5,268.435,23.0720,7.2070,12.5753,42.8542,100,9,1410,1215,1410,1215,1.0000,1.0000,219231,43,1958,39001,40960,5063037,7005126,0,0,0,0,0
4096,33554432,6,268.435,27.2901,11.8161,10.1959,49.3020,100,9,1410,1215,1410,1215,1.0000,1.0000,219231,42,1958,39001,40960,8416748,9729394,0,0,0,0,0
4096,33554432,7,268.435,23.0748,6.9644,12.5584,42.5976,100,9,1410,1215,1410,1215,1.0000,1.0000,198502,43,1958,39001,40960,6507617,7004931,0,0,0,0,0
4096,33554432,8,268.435,26.7372,9.5936,12.5487,48.8794,100,9,1410,1215,1410,1215,1.0000,1.0000,196220,42,1958,39001,40960,7726855,7005029,0,0,0,0,0
4096,33554432,9,268.435,25.6769,7.5150,12.5478,45.7397,100,9,1410,1215,1410,1215,1.0000,1.0000,248024,42,1958,39001,40960,5502929,7005126,0,0,0,0,0
4096,33554432,10,268.435,27.0953,11.8304,10.3581,49.2838,100,9,1410,1215,1410,1215,1.0000,1.0000,195173,43,1958,39001,40960,8376367,9750097,0,0,0,0,0
4096,33554432,11,268.435,23.1166,9.4118,10.1886,42.7169,100,9,1410,1215,1410,1215,1.0000,1.0000,245509,43,1958,39001,40960,6087646,7286669,0,0,0,0,0
4096,33554432,12,268.435,27.7370,14.8503,12.5660,55.1533,100,9,1410,1215,1410,1215,1.0000,1.0000,239669,42,1958,39001,40960,4431933,11187207,0,0,0,0,0
4096,33554432,13,268.435,23.9045,8.5729,10.1631,42.6405,100,9,1410,1215,1410,1215,1.0000,1.0000,238576,42,1958,39001,40960,7391503,7765673,0,0,0,0,0
4096,33554432,14,268.435,27.7396,14.3317,11.6663,53.7376,100,9,1410,1215,1410,1215,1.0000,1.0000,253912,42,1958,39001,40960,8065673,12406933,0,0,0,0,0
4096,33554432,15,268.435,23.1741,10.6007,10.2156,43.9904,100,9,1410,1215,1410,1215,1.0000,1.0000,205396,42,1958,39001,40960,7437207,8857080,0,0,0,0,0
4096,33554432,16,268.435,27.7696,14.2218,11.6477,53.6391,100,9,1410,1215,1410,1215,1.0000,1.0000,236822,42,1958,39001,40960,8176123,12252978,0,0,0,0,0
4096,33554432,17,268.435,23.4598,10.1799,10.1648,43.8044,100,9,1410,1215,1410,1215,1.0000,1.0000,236822,42,1958,39001,40960,7152490,8318359,0,0,0,0,0
4096,33554432,18,268.435,27.7726,7.8334,12.5435,48.1495,100,9,1410,1215,1410,1215,1.0000,1.0000,231209,42,1958,39001,40960,7272949,7466406,0,0,0,0,0
4096,33554432,19,268.435,27.2737,14.8429,12.5410,54.6576,100,9,1410,1215,1410,1215,1.0000,1.0000,225331,43,1958,39001,40960,4786865,11490185,0,0,0,0,0
4096,33554432,20,268.435,23.9228,9.8810,10.1725,43.9762,100,9,1410,1215,1410,1215,1.0000,1.0000,223795,43,1958,39001,40960,7764648,7845068,0,0,0,0,0
4096,33554432,21,268.435,27.7376,14.8405,12.5612,55.1393,100,9,1410,1215,1410,1215,1.0000,1.0000,210804,43,1958,39001,40960,4402050,11087402,0,0,0,0,0
4096,33554432,22,268.435,23.6980,11.4101,10.2126,45.3207,100,9,1410,1215,1410,1215,1.0000,1.0000,242707,42,1958,39001,40960,7865039,9179394,0,0,0,0,0
4096,33554432,23,268.435,23.0767,9.5987,12.5712,45.2466,100,9,1410,1215,1410,1215,1.0000,1.0000,245800,42,1958,39001,40960,4984863,7004736,0,0,0,0,0
4096,33554432,24,268.435,25.7256,9.5259,10.1822,45.4337,100,9,1410,1215,1410,1215,1.0000,1.0000,243470,42,1958,39001,40960,7985107,7475585,0,0,0,0,0
4096,33554432,25,268.435,27.6954,14.8475,12.5854,55.1284,100,9,1410,1215,1410,1215,1.0000,1.0000,233261,42,1958,39001,40960,4485205,11162304,0,0,0,0,0
4096,33554432,26,268.435,23.8359,10.3314,10.3335,44.5008,100,9,1410,1215,1410,1215,1.0000,1.0000,204923,43,1958,39001,40960,7326904,8676269,0,0,0,0,0
4096,33554432,27,268.435,27.7984,14.8590,12.5613,55.2187,100,9,1410,1215,1410,1215,1.0000,1.0000,211290,42,1958,39001,40960,4549169,11398730,0,0,0,0,0
4096,33554432,28,268.435,23.5878,9.4887,12.5808,45.6573,100,9,1410,1215,1410,1215,1.0000,1.0000,211290,42,1958,39001,40960,5753027,7005175,0,0,0,0,0
4096,33554432,29,268.435,25.4147,11.5773,10.1788,47.1708,100,9,1410,1215,1410,1215,1.0000,1.0000,205396,42,1958,39001,40960,7952539,9377050,0,0,0,0,0
4096,67108864,0,536.871,51.9714,72.2180,38.5853,162.7746,100,8,1410,1215,1410,1215,1.0000,1.0000,211810,42,2340,38619,40960,7163867,8515527,0,0,0,0,0
4096,67108864,1,536.871,52.0113,24.3058,25.3379,101.6549,100,8,1410,1215,1410,1215,1.0000,1.0000,233734,42,2342,38617,40960,8478613,8737597,0,0,0,0,0
4096,67108864,2,536.871,55.4829,25.0160,22.7862,103.2851,100,9,1410,1215,1410,1215,1.0000,1.0000,215139,43,2342,38617,40960,7325634,14003125,0,0,0,0,0
4096,67108864,3,536.871,51.2743,24.1022,25.1609,100.5374,100,9,1410,1215,1410,1215,1.0000,1.0000,261317,42,2342,38617,40960,6288330,7445263,0,0,0,0,0
4096,67108864,4,536.871,55.7039,24.8608,25.3729,105.9376,100,9,1410,1215,1410,1215,1.0000,1.0000,216118,42,2342,38617,40960,8285302,10428076,0,0,0,0,0
4096,67108864,5,536.871,55.2079,25.2592,22.7870,103.2540,100,9,1410,1215,1410,1215,1.0000,1.0000,206679,42,2342,38617,40960,7320019,13913818,0,0,0,0,0
4096,67108864,6,536.871,51.1595,24.4267,25.3495,100.9357,100,9,1410,1215,1410,1215,1.0000,1.0000,213573,42,2342,38617,40960,6602636,7880810,0,0,0,0,0
4096,67108864,7,536.871,55.3463,23.3001,22.7999,101.4464,100,9,1410,1215,1410,1215,1.0000,1.0000,202637,42,2342,38617,40960,5154052,7005078,0,0,0,0,0
4096,67108864,8,536.871,51.5521,24.8989,22.7979,99.2489,100,9,1410,1215,1410,1215,1.0000,1.0000,210770,42,2342,38617,40960,7846923,14003076,0,0,0,0,0
4096,67108864,9,536.871,51.2205,23.9276,25.1383,100.2864,100,9,1410,1215,1410,1215,1.0000,1.0000,212038,42,2342,38617,40960,6072216,7114453,0,0,0,0,0
4096,67108864,10,536.871,55.4412,24.9511,25.1851,105.5774,100,9,1410,1215,1410,1215,1.0000,1.0000,248307,42,2342,38617,40960,8359814,9845947,0,0,0,0,0
4096,67108864,11,536.871,55.4124,24.4050,22.9549,102.7722,100,9,1410,1215,1410,1215,1.0000,1.0000,220488,42,2342,38617,40960,7338916,13430322,0,0,0,0,0
4096,67108864,12,536.871,51.1372,24.0821,25.1406,100.3598,100,9,1410,1215,1410,1215,1.0000,1.0000,234017,42,2342,38617,40960,6072021,7251464,0,0,0,0,0
4096,67108864,13,536.871,55.4911,23.1609,22.8352,101.4871,100,9,1410,1215,1410,1215,1.0000,1.0000,225567,42,2342,38617,40960,8418701,10174804,0,0,0,0,0
4096,67108864,14,536.871,51.1031,23.5186,24.8278,99.4495,100,10,1410,1215,1410,1215,1.0000,1.0000,191624,42,2342,38617,40960,5055859,7004931,0,0,0,0,0
4096,67108864,15,536.871,54.7191,25.1070,23.0163,102.8424,100,10,1410,1215,1410,1215,1.0000,1.0000,224568,42,2342,38617,40960,7360156,14003173,0,0,0,0,0
4096,67108864,16,536.871,51.2543,23.2745,23.5042,98.0330,100,9,1410,1215,1410,1215,1.0000,1.0000,216401,42,2342,38617,40960,5215966,7004980,0,0,0,0,0
4096,67108864,17,536.871,54.7741,25.2626,22.7648,102.8015,100,9,1410,1215,1410,1215,1.0000,1.0000,237859,42,2342,38617,40960,7348046,13993408,0,0,0,0,0
4096,67108864,18,536.871,51.0671,24.2049,25.2024,100.4744,100,9,1410,1215,1410,1215,1.0000,1.0000,196747,42,2342,38617,40960,6430175,7524658,0,0,0,0,0
4096,67108864,19,536.871,55.3374,25.1714,25.1534,105.6622,100,9,1410,1215,1410,1215,1.0000,1.0000,218681,42,2342,38617,40960,8061181,12633056,0,0,0,0,0
4096,67108864,20,536.871,55.1732,25.3394,22.8075,103.3201,100,9,1410,1215,1410,1215,1.0000,1.0000,195936,42,2342,38617,40960,7086425,13806347,0,0,0,0,0
4096,67108864,21,536.871,51.0935,24.1286,25.1306,100.3527,100,9,1410,1215,1410,1215,1.0000,1.0000,234496,42,2342,38617,40960,6162988,7384277,0,0,0,0,0
4096,67108864,22,536.871,55.4564,23.7841,22.7810,102.0215,100,9,1410,1215,1410,1215,1.0000,1.0000,192608,42,2342,38617,40960,8117578,11449755,0,0,0,0,0
4096,67108864,23,536.871,52.2972,23.2732,23.9547,99.5252,100,9,1410,1215,1410,1215,1.0000,1.0000,227893,42,2342,38617,40960,4863134,7004736,0,0,0,0,0
4096,67108864,24,536.871,54.5733,25.1518,22.7787,102.5037,100,9,1410,1215,1410,1215,1.0000,1.0000,229937,42,2342,38617,40960,7270117,14003027,0,0,0,0,0
4096,67108864,25,536.871,51.1863,23.2610,25.1535,99.6008,100,9,1410,1215,1410,1215,1.0000,1.0000,224568,43,2342,38617,40960,6103710,7260156,0,0,0,0,0
4096,67108864,26,536.871,55.3260,23.3033,22.8643,101.4936,100,9,1410,1215,1410,1215,1.0000,1.0000,252630,43,2342,38617,40960,7053369,13716503,0,0,0,0,0
4096,67108864,27,536.871,51.5525,24.7491,22.7624,99.0640,100,9,1410,1215,1410,1215,1.0000,1.0000,241138,42,2342,38617,40960,7936523,13898095,0,0,0,0,0
4096,67108864,28,536.871,51.0896,24.0881,24.8117,99.9893,100,9,1410,1215,1410,1215,1.0000,1.0000,181629,42,2342,38617,40960,6490625,7453076,0,0,0,0,0
4096,67108864,29,536.871,54.8432,24.7534,22.9911,102.5877,100,9,1410,1215,1410,1215,1.0000,1.0000,242420,42,2342,38617,40960,8315380,11048095,0,0,0,0,0
8192,524288,0,4.194,0.7279,52.3780,1.3410,54.4469,100,5,1410,1215,1410,1215,1.0000,1.0000,172453,43,2156,38803,40960,3093066,4931,0,0,0,0,0
8192,524288,1,4.194,1.4346,1.3394,0.1924,2.9664,100,5,1410,1215,1410,1215,1.0000,1.0000,184958,43,2158,38801,40960,309033,4052,0,0,0,0,0
8192,524288,2,4.194,0.2457,0.2891,0.2653,0.8002,100,5,1410,1215,1410,1215,1.0000,1.0000,265435,45,2158,38801,40960,7979638,22006884,0,0,0,0,0
8192,524288,3,4.194,2.1300,0.6272,0.1969,2.9542,100,5,1410,1215,1410,1215,1.0000,1.0000,265435,45,2158,38801,40960,165136,4052,0,0,0,0,0
8192,524288,4,4.194,0.2612,0.2931,0.3082,0.8625,100,5,1410,1215,1410,1215,1.0000,1.0000,265435,45,2158,38801,40960,5274267,19350585,0,0,0,0,0
8192,524288,5,4.194,1.8731,0.5627,0.1960,2.6318,100,5,1410,1215,1410,1215,1.0000,1.0000,297309,45,2158,38801,40960,488232,4052,0,0,0,0,0
8192,524288,6,4.194,0.2412,0.2945,0.2717,0.8074,100,5,1410,1215,1410,1215,1.0000,1.0000,297309,45,2158,38801,40960,2976220,18497314,0,0,0,0,0
8192,524288,7,4.194,1.4516,1.6467,0.1957,3.2940,100,4,1410,1215,1410,1215,1.0000,1.0000,299872,45,2158,38801,40960,661572,4052,0,0,0,0,0
8192,524288,8,4.194,0.2482,0.3080,0.2867,0.8428,100,4,1410,1215,1410,1215,1.0000,1.0000,299872,45,2158,38801,40960,2168554,16425683,0,0,0,0,0
8192,524288,9,4.194,1.8538,0.9139,0.1946,2.9623,100,4,1410,1215,1410,1215,1.0000,1.0000,311317,45,2158,38801,40960,857666,5810,0,0,0,0,0
8192,524288,10,4.194,0.2428,0.2954,0.2968,0.8350,100,4,1410,1215,1410,1215,1.0000,1.0000,311317,45,2158,38801,40960,6140039,22815380,0,0,0,0,0
8192,524288,11,4.194,2.2538,0.3629,0.2003,2.8170,100,5,1410,1215,1410,1215,1.0000,1.0000,220750,45,2158,38801,40960,1757,4296,0,0,0,0,0
8192,524288,12,4.194,0.2435,0.3068,0.2881,0.8384,100,5,1410,1215,1410,1215,1.0000,1.0000,220750,45,2158,38801,40960,11201708,25248876,0,0,0,0,0
8192,524288,13,4.194,1.4235,0.8626,0.1910,2.4771,100,5,1410,1215,1410,1215,1.0000,1.0000,220750,45,2158,38801,40960,2148,4150,0,0,0,0,0
8192,524288,14,4.194,0.2414,0.3091,0.2976,0.8482,100,5,1410,1215,1410,1215,1.0000,1.0000,152715,44,2158,38801,40960,8256298,22344873,0,0,0,0,0
8192,524288,15,4.194,1.8001,0.3634,0.1919,2.3553,100,5,1410,1215,1410,1215,1.0000,1.0000,152715,44,2158,38801,40960,160449,4101,0,0,0,0,0
8192,524288,16,4.194,0.2422,0.3002,0.3187,0.8611,100,5,1410,1215,1410,1215,1.0000,1.0000,161145,44,2158,38801,40960,5214160,19328173,0,0,0,0,0
8192,524288,17,4.194,1.8491,0.5066,0.2243,2.5800,100,5,1410,1215,1410,1215,1.0000,1.0000,161145,44,2158,38801,40960,497119,4150,0,0,0,0,0
8192,524288,18,4.194,0.2613,0.3074,0.2830,0.8517,100,5,1410,1215,1410,1215,1.0000,1.0000,261343,44,2158,38801,40960,2380615,16554736,0,0,0,0,0
8192,524288,19,4.194,1.7918,0.6601,0.1944,2.6463,100,5,1410,1215,1410,1215,1.0000,1.0000,261343,44,2158,38801,40960,806201,4248,0,0,0,0,0
8192,524288,20,4.194,0.2416,0.3136,0.2946,0.8497,100,5,1410,1215,1410,1215,1.0000,1.0000,293458,45,2158,38801,40960,11366259,26505126,0,0,0,0,0
8192,524288,21,4.194,0.2537,1.3780,0.1931,1.8248,100,5,1410,1215,1410,1215,1.0000,1.0000,293458,45,2158,38801,40960,1708,4296,0,0,0,0,0
8192,524288,22,4.194,0.2448,1.2698,0.1967,1.7113,100,5,1410,1215,1410,1215,1.0000,1.0000,309273,45,2158,38801,40960,15177148,21043408,0,0,0,0,0
8192,524288,23,4.194,0.2414,0.4975,0.1924,0.9313,100,5,1410,1215,1410,1215,1.0000,1.0000,309273,46,2158,38801,40960,1708,4199,0,0,0,0,0
8192,524288,24,4.194,0.2404,2.1409,0.1935,2.5749,100,5,1410,1215,1410,1215,1.0000,1.0000,309273,46,2158,38801,40960,14697949,25179003,0,0,0,0,0
8192,524288,25,4.194,0.2426,0.4974,0.2184,0.9584,100,5,1410,1215,1410,1215,1.0000,1.0000,309792,46,2158,38801,40960,1708,4248,0,0,0,0,0
8192,524288,26,4.194,0.2710,2.0355,0.1943,2.5008,100,5,1410,1215,1410,1215,1.0000,1.0000,309792,46,2158,38801,40960,14138720,28000439,0,0,0,0,0
8192,524288,27,4.194,0.2421,0.4799,0.2049,0.9269,100,5,1410,1215,1410,1215,1.0000,1.0000,233012,45,2158,38801,40960,1757,4150,0,0,0,0,0
8192,524288,28,4.194,0.2421,0.2936,0.2625,0.7982,100,5,1410,1215,1410,1215,1.0000,1.0000,233012,45,2158,38801,40960,11075878,25681396,0,0,0,0,0
8192,524288,29,4.194,0.2450,1.9744,0.2055,2.4249,100,5,1410,1215,1410,1215,1.0000,1.0000,160902,44,2158,38801,40960,33984,4345,0,0,0,0,0
8192,1048576,0,8.389,0.8084,90.7373,1.5502,93.0959,100,5,1410,1215,1410,1215,1.0000,1.0000,272808,43,2162,38797,40960,13468554,10908837,0,0,0,0,0
8192,1048576,1,8.389,0.5845,0.4069,2.0073,2.9987,100,5,1410,1215,1410,1215,1.0000,1.0000,274568,43,2164,38795,40960,2099,3955,0,0,0,0,0
8192,1048576,2,8.389,0.5144,0.4658,0.3529,1.3331,100,5,1410,1215,1410,1215,1.0000,1.0000,218184,43,2164,38795,40960,10545947,7728027,0,0,0,0,0
8192,1048576,3,8.389,0.4442,1.0822,2.0084,3.5348,100,5,1410,1215,1410,1215,1.0000,1.0000,218184,43,2164,38795,40960,1708,4150,0,0,0,0,0
8192,1048576,4,8.389,0.5200,2.3298,0.3542,3.2040,100,5,1410,1215,1410,1215,1.0000,1.0000,152715,45,2164,38795,40960,11897167,8986523,0,0,0,0,0
8192,1048576,5,8.389,0.4509,0.4010,1.6837,2.5356,100,5,1410,1215,1410,1215,1.0000,1.0000,152715,45,2164,38795,40960,1708,3466,0,0,0,0,0
8192,1048576,6,8.389,0.5069,1.8873,0.3569,2.7511,100,5,1410,1215,1410,1215,1.0000,1.0000,160711,45,2164,38795,40960,3158789,4150,0,0,0,0,0
8192,1048576,7,8.389,0.4464,0.4034,0.3727,1.2225,100,5,1410,1215,1410,1215,1.0000,1.0000,160711,45,2164,38795,40960,1660,2832,0,0,0,0,0
8192,1048576,8,8.389,4.0846,2.2323,0.3585,6.6755,100,5,1410,1215,1410,1215,1.0000,1.0000,253150,45,2164,38795,40960,2399414,4101,0,0,0,0,0
8192,1048576,9,8.389,0.4462,0.4242,0.4263,1.2968,100,5,1410,1215,1410,1215,1.0000,1.0000,253150,45,2164,38795,40960,1708,1954541,0,0,0,0,0
8192,1048576,10,8.389,4.2433,1.0218,0.3548,5.6199,100,5,1410,1215,1410,1215,1.0000,1.0000,288616,45,2164,38795,40960,1226904,4199,0,0,0,0,0
8192,1048576,11,8.389,0.4714,0.4037,0.3838,1.2588,100,5,1410,1215,1410,1215,1.0000,1.0000,288616,43,2164,38795,40960,1708,10952246,0,0,0,0,0
8192,1048576,12,8.389,3.8234,0.6294,0.3778,4.8305,100,5,1410,1215,1410,1215,1.0000,1.0000,288616,43,2164,38795,40960,1156591,4150,0,0,0,0,0
8192,1048576,13,8.389,0.4456,0.4141,0.3744,1.2342,100,5,1410,1215,1410,1215,1.0000,1.0000,300344,43,2164,38795,40960,1757,11781054,0,0,0,0,0
8192,1048576,14,8.389,3.9074,1.6862,0.3568,5.9504,100,5,1410,1215,1410,1215,1.0000,1.0000,300344,43,2164,38795,40960,842382,4003,0,0,0,0,0
8192,1048576,15,8.389,0.4472,0.4944,0.3578,1.2994,100,5,1410,1215,1410,1215,1.0000,1.0000,308275,44,2164,38795,40960,6501318,24519091,0,0,0,0,0
8192,1048576,16,8.389,0.4485,1.2349,0.3561,2.0395,100,5,1410,1215,1410,1215,1.0000,1.0000,308275,44,2164,38795,40960,2490,4052,0,0,0,0,0
8192,1048576,17,8.389,0.4478,2.0939,0.3542,2.8959,100,5,1410,1215,1410,1215,1.0000,1.0000,257998,44,2164,38795,40960,15066992,21992089,0,0,0,0,0
8192,1048576,18,8.389,0.4475,2.3126,0.3594,3.1195,100,5,1410,1215,1410,1215,1.0000,1.0000,257998,44,2164,38795,40960,1757,4101,0,0,0,0,0
8192,1048576,19,8.389,0.4483,1.4265,0.3588,2.2336,100,5,1410,1215,1410,1215,1.0000,1.0000,169651,44,2164,38795,40960,15069775,21968994,0,0,0,0,0
8192,1048576,20,8.389,0.4469,2.2690,0.3552,3.0710,100,5,1410,1215,1410,1215,1.0000,1.0000,169651,44,2164,38795,40960,1708,4150,0,0,0,0,0
8192,1048576,21,8.389,0.4456,2.1389,0.3570,2.9416,100,5,1410,1215,1410,1215,1.0000,1.0000,136059,44,2164,38795,40960,15062988,22021435,0,0,0,0,0
8192,1048576,22,8.389,0.4461,2.3938,0.3535,3.1934,100,5,1410,1215,1410,1215,1.0000,1.0000,136059,44,2164,38795,40960,1708,4003,0,0,0,0,0
8192,1048576,23,8.389,0.4616,1.3985,0.3616,2.2217,100,5,1410,1215,1410,1215,1.0000,1.0000,136059,44,2164,38795,40960,15072949,21918750,0,0,0,0,0
8192,1048576,24,8.389,0.4702,1.0635,0.3553,1.8890,100,5,1410,1215,1410,1215,1.0000,1.0000,214335,45,2164,38795,40960,4785,4003,0,0,0,0,0
8192,1048576,25,8.389,0.4518,2.2253,0.3604,3.0374,100,5,1410,1215,1410,1215,1.0000,1.0000,214335,45,2164,38795,40960,15782226,14993847,0,0,0,0,0
8192,1048576,26,8.389,0.4473,0.8557,2.0135,3.3166,100,5,1410,1215,1410,1215,1.0000,1.0000,276369,45,2164,38795,40960,1708,4150,0,0,0,0,0
8192,1048576,27,8.389,0.4991,1.4309,0.3617,2.2917,100,5,1410,1215,1410,1215,1.0000,1.0000,276369,45,2164,38795,40960,11934033,9168457,0,0,0,0,0
8192,1048576,28,8.389,0.4479,1.0024,1.9929,3.4432,100,5,1410,1215,1410,1215,1.0000,1.0000,296783,45,2164,38795,40960,1708,4052,0,0,0,0,0
8192,1048576,29,8.389,0.5100,1.4184,0.3601,2.2885,100,5,1410,1215,1410,1215,1.0000,1.0000,296783,45,2164,38795,40960,11896582,9269531,0,0,0,0,0
8192,2097152,0,16.777,1.5240,37.2437,3.8601,42.6278,100,5,1410,1215,1410,1215,1.0000,1.0000,240432,42,2174,38785,40960,3070898,4394,0,0,0,0,0
8192,2097152,1,16.777,8.7655,2.4141,0.6912,11.8707,100,5,1410,1215,1410,1215,1.0000,1.0000,263152,44,2176,38783,40960,1737304,4052,0,0,0,0,0
8192,2097152,2,16.777,1.0102,0.6226,0.7446,2.3774,100,5,1410,1215,1410,1215,1.0000,1.0000,296899,44,2176,38783,40960,2001,11661425,0,0,0,0,0
8192,2097152,3,16.777,8.4167,1.9159,0.6784,11.0110,100,5,1410,1215,1410,1215,1.0000,1.0000,296899,44,2176,38783,40960,309277,4052,0,0,0,0,0
8192,2097152,4,16.777,0.8681,0.6252,0.6960,2.1893,100,5,1410,1215,1410,1215,1.0000,1.0000,300634,44,2176,38783,40960,12969970,26970458,0,0,0,0,0
8192,2097152,5,16.777,0.8408,1.4024,0.6839,2.9271,100,5,1410,1215,1410,1215,1.0000,1.0000,300634,44,2176,38783,40960,1708,33984,0,0,0,0,0
8192,2097152,6,16.777,0.8456,1.0080,0.6776,2.5312,100,5,1410,1215,1410,1215,1.0000,1.0000,300634,44,2176,38783,40960,15729638,15258105,0,0,0,0,0
8192,2097152,7,16.777,0.8667,0.6109,0.6945,2.1721,100,5,1410,1215,1410,1215,1.0000,1.0000,306232,44,2176,38783,40960,1708,3271,0,0,0,0,0
8192,2097152,8,16.777,8.8709,1.4731,0.6854,11.0294,100,5,1410,1215,1410,1215,1.0000,1.0000,238622,45,2176,38783,40960,1259472,4248,0,0,0,0,0
8192,2097152,9,16.777,0.8394,0.6065,0.6957,2.1416,100,5,1410,1215,1410,1215,1.0000,1.0000,238622,45,2176,38783,40960,1708,12781201,0,0,0,0,0
8192,2097152,10,16.777,8.5343,0.8920,0.6826,10.1089,100,5,1410,1215,1410,1215,1.0000,1.0000,163423,45,2176,38783,40960,146093,4101,0,0,0,0,0
8192,2097152,11,16.777,0.8408,0.6239,0.7035,2.1683,100,5,1410,1215,1410,1215,1.0000,1.0000,163423,45,2176,38783,40960,6521484,20576660,0,0,0,0,0
8192,2097152,12,16.777,4.8382,1.8494,0.6880,7.3757,100,5,1410,1215,1410,1215,1.0000,1.0000,135538,43,2176,38783,40960,1708,4003,0,0,0,0,0
8192,2097152,13,16.777,0.8394,0.6134,0.6910,2.1438,100,5,1410,1215,1410,1215,1.0000,1.0000,135538,43,2176,38783,40960,12433251,26410791,0,0,0,0,0
8192,2097152,14,16.777,0.8486,2.0869,0.6833,3.6188,100,5,1410,1215,1410,1215,1.0000,1.0000,135538,43,2176,38783,40960,2099,6152,0,0,0,0,0
8192,2097152,15,16.777,0.8461,0.7414,0.6916,2.2792,100,5,1410,1215,1410,1215,1.0000,1.0000,222033,42,2176,38783,40960,14511181,27046044,0,0,0,0,0
8192,2097152,16,16.777,0.8488,0.6786,0.6831,2.2106,100,5,1410,1215,1410,1215,1.0000,1.0000,222033,42,2176,38783,40960,2148,4199,0,0,0,0,0
8192,2097152,17,16.777,0.8594,1.0427,0.6860,2.5881,100,4,1410,1215,1410,1215,1.0000,1.0000,276697,43,2176,38783,40960,15264697,20260498,0,0,0,0,0
8192,2097152,18,16.777,0.8573,0.9245,0.6854,2.4673,100,4,1410,1215,1410,1215,1.0000,1.0000,276697,43,2176,38783,40960,2148,4150,0,0,0,0,0
8192,2097152,19,16.777,0.8411,1.4711,0.6827,2.9949,100,4,1410,1215,1410,1215,1.0000,1.0000,301915,44,2176,38783,40960,15192919,20892529,0,0,0,0,0
8192,2097152,20,16.777,0.8505,1.8153,0.6817,3.3475,100,4,1410,1215,1410,1215,1.0000,1.0000,301915,44,2176,38783,40960,1708,4248,0,0,0,0,0
8192,2097152,21,16.777,0.8747,1.1581,0.6933,2.7261,100,5,1410,1215,1410,1215,1.0000,1.0000,308039,45,2176,38783,40960,15190136,20920410,0,0,0,0,0
8192,2097152,22,16.777,0.8703,1.0117,4.1042,5.9861,100,5,1410,1215,1410,1215,1.0000,1.0000,308039,45,2176,38783,40960,19677,4687,0,0,0,0,0
8192,2097152,23,16.777,0.9872,1.6188,0.6848,3.2908,100,5,1410,1215,1410,1215,1.0000,1.0000,306232,45,2176,38783,40960,6633349,2113281,0,0,0,0,0
8192,2097152,24,16.777,0.8520,0.6210,1.1016,2.5746,100,5,1410,1215,1410,1215,1.0000,1.0000,306232,45,2176,38783,40960,1708,2490,0,0,0,0,0
8192,2097152,25,16.777,8.5881,0.6612,0.7274,9.9767,100,5,1410,1215,1410,1215,1.0000,1.0000,204875,45,2176,38783,40960,1783300,4101,0,0,0,0,0
8192,2097152,26,16.777,0.8624,0.6155,0.7145,2.1924,100,5,1410,1215,1410,1215,1.0000,1.0000,204875,45,2176,38783,40960,1757,9701025,0,0,0,0,0
8192,2097152,27,16.777,8.8472,2.7402,0.6802,12.2675,100,5,1410,1215,1410,1215,1.0000,1.0000,150674,44,2176,38783,40960,440478,3955,0,0,0,0,0
8192,2097152,28,16.777,0.8435,0.6086,0.7029,2.1551,100,5,1410,1215,1410,1215,1.0000,1.0000,150674,44,2176,38783,40960,6664208,21924999,0,0,0,0,0
8192,2097152,29,16.777,2.1386,2.5293,0.6823,5.3503,100,5,1410,1215,1410,1215,1.0000,1.0000,148625,44,2176,38783,40960,1708,4052,0,0,0,0,0
8192,4194304,0,33.554,17.2429,77.9932,2.6908,97.9270,100,5,1410,1215,1410,1215,1.0000,1.0000,280975,45,2198,38761,40960,1806,4199,0,0,0,0,0
8192,4194304,1,33.554,2.4955,1.0267,1.6898,5.2121,100,5,1410,1215,1410,1215,1.0000,1.0000,308511,45,2200,38759,40960,12082177,26055859,0,0,0,0,0
8192,4194304,2,33.554,2.3028,1.7389,1.6550,5.6966,100,5,1410,1215,1410,1215,1.0000,1.0000,288859,42,2200,38759,40960,1708,4101,0,0,0,0,0
8192,4194304,3,33.554,1.9750,1.8477,1.5917,5.4144,100,5,1410,1215,1410,1215,1.0000,1.0000,288859,42,2200,38759,40960,15211718,20729638,0,0,0,0,0
8192,4194304,4,33.554,2.1077,1.0850,1.5734,4.7660,100,5,1410,1215,1410,1215,1.0000,1.0000,184413,42,2200,38759,40960,2099,4052,0,0,0,0,0
8192,4194304,5,33.554,2.0416,2.0199,1.5718,5.6333,100,5,1410,1215,1410,1215,1.0000,1.0000,184413,42,2200,38759,40960,14458007,12181640,0,0,0,0,0
8192,4194304,6,33.554,2.0248,1.0226,9.1995,12.2468,100,5,1410,1215,1410,1215,1.0000,1.0000,184413,42,2200,38759,40960,2148,4101,0,0,0,0,0
8192,4194304,7,33.554,12.6978,1.4809,1.5749,15.7536,100,5,1410,1215,1410,1215,1.0000,1.0000,143724,42,2200,38759,40960,1165917,4785,0,0,0,0,0
8192,4194304,8,33.554,2.0124,1.0395,1.6164,4.6682,100,5,1410,1215,1410,1215,1.0000,1.0000,174735,44,2200,38759,40960,7283251,22694238,0,0,0,0,0
8192,4194304,9,33.554,2.7391,2.8834,1.5791,7.2017,100,5,1410,1215,1410,1215,1.0000,1.0000,174735,44,2200,38759,40960,1660,4589,0,0,0,0,0
8192,4194304,10,33.554,2.0036,1.8264,1.6060,5.4360,100,5,1410,1215,1410,1215,1.0000,1.0000,259587,44,2200,38759,40960,15214648,20703906,0,0,0,0,0
8192,4194304,11,33.554,2.0097,2.1452,1.5930,5.7479,100,5,1410,1215,1410,1215,1.0000,1.0000,259587,44,2200,38759,40960,1757,4199,0,0,0,0,0
8192,4194304,12,33.554,2.0007,1.7688,1.5911,5.3606,100,5,1410,1215,1410,1215,1.0000,1.0000,290896,44,2200,38759,40960,14179980,11849609,0,0,0,0,0
8192,4194304,13,33.554,1.9905,1.0274,9.2759,12.2937,100,5,1410,1215,1410,1215,1.0000,1.0000,290896,44,2200,38759,40960,1660,4101,0,0,0,0,0
8192,4194304,14,33.554,12.6875,2.1081,1.6591,16.4548,100,5,1410,1215,1410,1215,1.0000,1.0000,304431,45,2200,38759,40960,1278564,4150,0,0,0,0,0
8192,4194304,15,33.554,1.9959,1.0319,1.5997,4.6275,100,5,1410,1215,1410,1215,1.0000,1.0000,304431,45,2200,38759,40960,976953,17645507,0,0,0,0,0
8192,4194304,16,33.554,5.1438,1.8433,1.5723,8.5594,100,5,1410,1215,1410,1215,1.0000,1.0000,308511,45,2200,38759,40960,1757,4443,0,0,0,0,0
8192,4194304,17,33.554,1.9798,1.6503,1.5759,5.2060,100,5,1410,1215,1410,1215,1.0000,1.0000,308511,45,2200,38759,40960,15947558,13379882,0,0,0,0,0
8192,4194304,18,33.554,1.9770,1.0259,9.2795,12.2823,100,5,1410,1215,1410,1215,1.0000,1.0000,307756,45,2200,38759,40960,1660,4052,0,0,0,0,0
8192,4194304,19,33.554,12.6650,2.0689,1.5812,16.3151,100,5,1410,1215,1410,1215,1.0000,1.0000,307756,45,2200,38759,40960,1326953,4150,0,0,0,0,0
8192,4194304,20,33.554,1.9793,1.0426,1.6179,4.6398,100,5,1410,1215,1410,1215,1.0000,1.0000,195936,42,2200,38759,40960,742236,14940869,0,0,0,0,0
8192,4194304,21,33.554,8.5740,2.6399,1.5705,12.7843,100,5,1410,1215,1410,1215,1.0000,1.0000,195936,42,2200,38759,40960,2197,4101,0,0,0,0,0
8192,4194304,22,33.554,1.9705,2.0421,1.5773,5.5899,100,5,1410,1215,1410,1215,1.0000,1.0000,154763,42,2200,38759,40960,14501416,26932812,0,0,0,0,0
8192,4194304,23,33.554,1.9708,2.3418,1.5803,5.8930,100,5,1410,1215,1410,1215,1.0000,1.0000,154763,42,2200,38759,40960,5468,4199,0,0,0,0,0
8192,4194304,24,33.554,1.9648,2.3282,1.5762,5.8692,100,5,1410,1215,1410,1215,1.0000,1.0000,159333,42,2200,38759,40960,15255224,20112451,0,0,0,0,0
8192,4194304,25,33.554,1.9643,1.0320,9.1474,12.1437,100,5,1410,1215,1410,1215,1.0000,1.0000,159333,42,2200,38759,40960,2148,4150,0,0,0,0,0
8192,4194304,26,33.554,12.6463,2.0387,1.5901,16.2751,100,5,1410,1215,1410,1215,1.0000,1.0000,243754,45,2200,38759,40960,943652,4101,0,0,0,0,0
8192,4194304,27,33.554,1.9663,1.0366,1.5986,4.6014,100,5,1410,1215,1410,1215,1.0000,1.0000,243754,45,2200,38759,40960,3586669,17700195,0,0,0,0,0
8192,4194304,28,33.554,6.7221,2.3923,1.5820,10.6964,100,5,1410,1215,1410,1215,1.0000,1.0000,283255,45,2200,38759,40960,1757,4101,0,0,0,0,0
8192,4194304,29,33.554,2.0498,1.7697,1.5863,5.4059,100,5,1410,1215,1410,1215,1.0000,1.0000,283255,45,2200,38759,40960,14548388,26500097,0,0,0,0,0
8192,8388608,0,67.109,15.4018,46.8903,4.4369,66.7291,100,5,1410,1215,1410,1215,1.0000,1.0000,305186,43,2246,38713,40960,1708,4248,0,0,0,0,0
8192,8388608,1,67.109,4.6676,3.7028,12.1716,20.5420,100,4,1410,1215,1410,1215,1.0000,1.0000,308670,43,2248,38711,40960,1708,4150,0,0,0,0,0
8192,8388608,2,67.109,23.4047,2.8454,2.5930,28.8431,100,4,1410,1215,1410,1215,1.0000,1.0000,308670,43,2248,38711,40960,2148,4003,0,0,0,0,0
8192,8388608,3,67.109,4.4523,3.8004,2.6004,10.8530,100,4,1410,1215,1410,1215,1.0000,1.0000,313790,43,2248,38711,40960,15167333,21056933,0,0,0,0,0
8192,8388608,4,67.109,4.4601,1.8704,8.5546,14.8852,100,4,1410,1215,1410,1215,1.0000,1.0000,313790,43,2248,38711,40960,2148,4101,0,0,0,0,0
8192,8388608,5,67.109,22.6398,2.9224,2.5913,28.1535,100,5,1410,1215,1410,1215,1.0000,1.0000,268202,43,2248,38711,40960,1708,4052,0,0,0,0,0
8192,8388608,6,67.109,4.3791,3.5758,2.5882,10.5431,100,5,1410,1215,1410,1215,1.0000,1.0000,183438,43,2248,38711,40960,15071728,21944726,0,0,0,0,0
8192,8388608,7,67.109,4.3721,3.9507,12.1825,20.5053,100,5,1410,1215,1410,1215,1.0000,1.0000,183438,43,2248,38711,40960,1708,4199,0,0,0,0,0
8192,8388608,8,67.109,23.2997,2.7316,2.5960,28.6273,100,5,1410,1215,1410,1215,1.0000,1.0000,148105,45,2248,38711,40960,1660,4101,0,0,0,0,0
8192,8388608,9,67.109,4.3747,3.3736,2.6189,10.3672,100,5,1410,1215,1410,1215,1.0000,1.0000,129684,44,2248,38711,40960,15088183,21762402,0,0,0,0,0
8192,8388608,10,67.109,4.3743,1.8618,9.2438,15.4800,100,5,1410,1215,1410,1215,1.0000,1.0000,129684,44,2248,38711,40960,9228,28710,0,0,0,0,0
8192,8388608,11,67.109,22.6074,2.2674,2.5957,27.4705,100,5,1410,1215,1410,1215,1.0000,1.0000,211290,45,2248,38711,40960,1757,4150,0,0,0,0,0
8192,8388608,12,67.109,4.3720,2.9659,2.5909,9.9288,100,5,1410,1215,1410,1215,1.0000,1.0000,211290,45,2248,38711,40960,12100244,9430712,0,0,0,0,0
8192,8388608,13,67.109,4.3636,1.8608,5.3029,11.5273,100,5,1410,1215,1410,1215,1.0000,1.0000,268728,45,2248,38711,40960,1708,3076,0,0,0,0,0
8192,8388608,14,67.109,22.3710,2.6564,2.5907,27.6181,100,5,1410,1215,1410,1215,1.0000,1.0000,290424,45,2248,38711,40960,1708,4052,0,0,0,0,0
8192,8388608,15,67.109,4.3738,3.2401,2.5971,10.2111,100,5,1410,1215,1410,1215,1.0000,1.0000,290424,45,2248,38711,40960,15112988,21590771,0,0,0,0,0
8192,8388608,16,67.109,4.3835,3.9258,12.1782,20.4874,100,5,1410,1215,1410,1215,1.0000,1.0000,305996,45,2248,38711,40960,1708,4052,0,0,0,0,0
8192,8388608,17,67.109,23.3188,3.8010,2.5833,29.7031,100,5,1410,1215,1410,1215,1.0000,1.0000,309556,42,2248,38711,40960,5322,31298,0,0,0,0,0
8192,8388608,18,67.109,4.3715,3.3998,2.6082,10.3795,100,5,1410,1215,1410,1215,1.0000,1.0000,309556,42,2248,38711,40960,15107958,11590478,0,0,0,0,0
8192,8388608,19,67.109,4.4042,1.8702,2.6031,8.8776,100,5,1410,1215,1410,1215,1.0000,1.0000,298591,43,2248,38711,40960,1757,2392,0,0,0,0,0
8192,8388608,20,67.109,21.4387,2.5869,2.5801,26.6056,100,5,1410,1215,1410,1215,1.0000,1.0000,298591,43,2248,38711,40960,2148,4101,0,0,0,0,0
8192,8388608,21,67.109,4.3654,3.9833,2.6814,11.0300,100,5,1410,1215,1410,1215,1.0000,1.0000,235777,43,2248,38711,40960,15074755,21889843,0,0,0,0,0
8192,8388608,22,67.109,4.4265,3.2849,11.5366,19.2480,100,5,1410,1215,1410,1215,1.0000,1.0000,235777,43,2248,38711,40960,2148,4052,0,0,0,0,0
8192,8388608,23,67.109,23.3574,3.6211,2.5987,29.5772,100,5,1410,1215,1410,1215,1.0000,1.0000,177064,44,2248,38711,40960,1708,4150,0,0,0,0,0
8192,8388608,24,67.109,4.3637,3.5675,2.6132,10.5444,100,5,1410,1215,1410,1215,1.0000,1.0000,142724,44,2248,38711,40960,15052685,22119824,0,0,0,0,0
8192,8388608,25,67.109,4.3744,2.0170,10.4426,16.8341,100,5,1410,1215,1410,1215,1.0000,1.0000,142724,44,2248,38711,40960,4003,4296,0,0,0,0,0
8192,8388608,26,67.109,22.7529,1.9713,2.6370,27.3612,100,5,1410,1215,1410,1215,1.0000,1.0000,146647,44,2248,38711,40960,1806,5224,0,0,0,0,0
8192,8388608,27,67.109,4.3673,3.4086,2.5975,10.3734,100,5,1410,1215,1410,1215,1.0000,1.0000,219231,45,2248,38711,40960,15144873,12940283,0,0,0,0,0
8192,8388608,28,67.109,4.3767,1.8743,7.3000,13.5510,100,5,1410,1215,1410,1215,1.0000,1.0000,219231,45,2248,38711,40960,1660,3564,0,0,0,0,0
8192,8388608,29,67.109,22.4160,3.0385,2.6008,28.0553,100,5,1410,1215,1410,1215,1.0000,1.0000,264358,45,2248,38711,40960,1708,4003,0,0,0,0,0
8192,16777216,0,134.218,10.2163,112.2197,9.1963,131.6324,100,5,1410,1215,1410,1215,1.0000,1.0000,218184,42,2342,38617,40960,1708,408837,0,0,0,0,0
8192,16777216,1,134.218,9.3367,3.5631,7.3790,20.2788,100,5,1410,1215,1410,1215,1.0000,1.0000,275607,42,2344,38615,40960,2148,3320,0,0,0,0,0
8192,16777216,2,134.218,25.5582,6.4157,5.6270,37.6009,100,5,1410,1215,1410,1215,1.0000,1.0000,301625,44,2344,38615,40960,1708,4248,0,0,0,0,0
8192,16777216,3,134.218,9.2568,7.7591,5.5084,22.5243,100,5,1410,1215,1410,1215,1.0000,1.0000,308275,44,2344,38615,40960,7111816,2656152,0,0,0,0,0
8192,16777216,4,134.218,9.2323,3.5676,5.4968,18.2967,100,5,1410,1215,1410,1215,1.0000,1.0000,308275,44,2344,38615,40960,5020410,19808447,0,0,0,0,0
8192,16777216,5,134.218,9.1476,5.3400,13.5341,28.0217,100,5,1410,1215,1410,1215,1.0000,1.0000,294747,44,2344,38615,40960,1757,4589,0,0,0,0,0
8192,16777216,6,134.218,26.0773,6.4839,5.4954,38.0566,100,5,1410,1215,1410,1215,1.0000,1.0000,312881,45,2344,38615,40960,1708,4101,0,0,0,0,0
8192,16777216,7,134.218,9.0833,7.4965,5.7682,22.3480,100,5,1410,1215,1410,1215,1.0000,1.0000,223316,45,2344,38615,40960,6982812,3836474,0,0,0,0,0
8192,16777216,8,134.218,9.1941,3.5691,5.5053,18.2685,100,5,1410,1215,1410,1215,1.0000,1.0000,223316,45,2344,38615,40960,1708,12969384,0,0,0,0,0
8192,16777216,9,134.218,12.8969,6.2274,6.5257,25.6501,100,5,1410,1215,1410,1215,1.0000,1.0000,187003,45,2344,38615,40960,1708,30566,0,0,0,0,0
8192,16777216,10,134.218,9.0882,7.6821,5.5028,22.2731,100,5,1410,1215,1410,1215,1.0000,1.0000,156528,44,2344,38615,40960,2557617,4199,0,0,0,0,0
8192,16777216,11,134.218,9.0977,8.0078,5.5189,22.6244,100,5,1410,1215,1410,1215,1.0000,1.0000,156528,44,2344,38615,40960,14603710,25167822,0,0,0,0,0
8192,16777216,12,134.218,9.1092,3.5412,7.2798,19.9302,100,5,1410,1215,1410,1215,1.0000,1.0000,139226,45,2344,38615,40960,1708,3271,0,0,0,0,0
8192,16777216,13,134.218,25.3082,6.2359,5.5477,37.0918,100,5,1410,1215,1410,1215,1.0000,1.0000,160902,45,2344,38615,40960,1708,4101,0,0,0,0,0
8192,16777216,14,134.218,9.0670,7.3644,5.5047,21.9361,100,5,1410,1215,1410,1215,1.0000,1.0000,160902,45,2344,38615,40960,7600732,852099,0,0,0,0,0
8192,16777216,15,134.218,9.1196,3.5705,5.4388,18.1288,100,5,1410,1215,1410,1215,1.0000,1.0000,206198,42,2344,38615,40960,1320019,15430371,0,0,0,0,0
8192,16777216,16,134.218,11.3494,7.4682,14.9422,33.7598,100,5,1410,1215,1410,1215,1.0000,1.0000,252394,43,2344,38615,40960,4052,32324,0,0,0,0,0
8192,16777216,17,134.218,27.6409,3.5583,9.5671,40.7663,100,5,1410,1215,1410,1215,1.0000,1.0000,276895,43,2344,38615,40960,2294,4003,0,0,0,0,0
8192,16777216,18,134.218,25.7093,6.5052,5.5223,37.7368,100,5,1410,1215,1410,1215,1.0000,1.0000,276895,43,2344,38615,40960,2148,4101,0,0,0,0,0
8192,16777216,19,134.218,9.0627,7.6752,5.6006,22.3385,100,5,1410,1215,1410,1215,1.0000,1.0000,291186,43,2344,38615,40960,7195703,4077392,0,0,0,0,0
8192,16777216,20,134.218,9.1812,3.6379,5.4824,18.3015,100,5,1410,1215,1410,1215,1.0000,1.0000,304714,43,2344,38615,40960,1708,13197851,0,0,0,0,0
8192,16777216,21,134.218,12.7348,6.3307,6.5143,25.5798,100,5,1410,1215,1410,1215,1.0000,1.0000,304714,43,2344,38615,40960,2441,4345,0,0,0,0,0
8192,16777216,22,134.218,9.0821,6.6405,5.5172,21.2398,100,5,1410,1215,1410,1215,1.0000,1.0000,300108,43,2344,38615,40960,3886328,434179,0,0,0,0,0
8192,16777216,23,134.218,9.1316,6.5871,5.5446,21.2634,100,5,1410,1215,1410,1215,1.0000,1.0000,309037,44,2344,38615,40960,13279833,28000683,0,0,0,0,0
8192,16777216,24,134.218,9.1005,3.5829,5.4950,18.1783,100,5,1410,1215,1410,1215,1.0000,1.0000,309037,44,2344,38615,40960,2148,2832,0,0,0,0,0
8192,16777216,25,134.218,24.5346,7.0163,6.5424,38.0933,100,5,1410,1215,1410,1215,1.0000,1.0000,310838,44,2344,38615,40960,1757,4394,0,0,0,0,0
8192,16777216,26,134.218,9.0553,6.7949,5.6230,21.4733,100,5,1410,1215,1410,1215,1.0000,1.0000,272046,44,2344,38615,40960,3591748,72705,0,0,0,0,0
8192,16777216,27,134.218,9.0924,3.5746,5.5814,18.2484,100,5,1410,1215,1410,1215,1.0000,1.0000,272046,44,2344,38615,40960,1708642,15833886,0,0,0,0,0
8192,16777216,28,134.218,10.8991,6.4396,6.5339,23.8726,100,5,1410,1215,1410,1215,1.0000,1.0000,212810,45,2344,38615,40960,1757,4101,0,0,0,0,0
8192,16777216,29,134.218,9.0841,7.3189,5.5659,21.9689,100,5,1410,1215,1410,1215,1.0000,1.0000,174735,45,2344,38615,40960,3429296,4150,0,0,0,0,0
8192,33554432,0,268.435,27.4535,111.0876,17.1755,155.7166,100,4,1410,1215,1410,1215,1.0000,1.0000,284772,45,2534,38425,40960,1757,5293554,0,0,0,0,0
8192,33554432,1,268.435,19.0587,9.6349,10.3565,39.0502,100,5,1410,1215,1410,1215,1.0000,1.0000,153716,42,2536,38423,40960,5818701,19880126,0,0,0,0,0
8192,33554432,2,268.435,18.6369,6.9552,10.3879,35.9801,100,5,1410,1215,1410,1215,1.0000,1.0000,160618,42,2536,38423,40960,1708,6799414,0,0,0,0,0
8192,33554432,3,268.435,21.3708,6.9541,10.3609,38.6858,100,5,1410,1215,1410,1215,1.0000,1.0000,178827,43,2536,38423,40960,1660,3369,0,0,0,0,0
8192,33554432,4,268.435,31.7393,6.9494,10.3434,49.0322,100,5,1410,1215,1410,1215,1.0000,1.0000,178827,43,2536,38423,40960,2197,3076,0,0,0,0,0
8192,33554432,5,268.435,29.4982,6.9584,10.3716,46.8283,100,6,1410,1215,1410,1215,1.0000,1.0000,229163,43,2536,38423,40960,2099,3466,0,0,0,0,0
8192,33554432,6,268.435,32.4900,6.9634,12.6285,52.0819,100,6,1410,1215,1410,1215,1.0000,1.0000,265120,43,2536,38423,40960,2294,3955,0,0,0,0,0
8192,33554432,7,268.435,32.8759,6.9682,10.3655,50.2096,100,5,1410,1215,1410,1215,1.0000,1.0000,283491,44,2536,38423,40960,2490,3613,0,0,0,0,0
8192,33554432,8,268.435,32.3299,6.9556,13.0688,52.3543,100,5,1410,1215,1410,1215,1.0000,1.0000,296028,44,2536,38423,40960,1708,4150,0,0,0,0,0
8192,33554432,9,268.435,32.8597,6.9846,10.3527,50.1971,100,5,1410,1215,1410,1215,1.0000,1.0000,301915,44,2536,38423,40960,1708,2783,0,0,0,0,0
8192,33554432,10,268.435,28.5783,6.9569,11.4353,46.9705,100,5,1410,1215,1410,1215,1.0000,1.0000,306468,44,2536,38423,40960,1708,4248,0,0,0,0,0
8192,33554432,11,268.435,32.7581,7.0027,13.0855,52.8464,100,5,1410,1215,1410,1215,1.0000,1.0000,309037,45,2536,38423,40960,1660,4101,0,0,0,0,0
8192,33554432,12,268.435,32.6742,6.9575,13.0518,52.6835,100,5,1410,1215,1410,1215,1.0000,1.0000,309792,45,2536,38423,40960,1708,4052,0,0,0,0,0
8192,33554432,13,268.435,32.7602,6.9596,11.8272,51.5470,100,5,1410,1215,1410,1215,1.0000,1.0000,277650,44,2536,38423,40960,27685,11328,0,0,0,0,0
8192,33554432,14,268.435,32.6806,6.9692,10.4418,50.0915,100,5,1410,1215,1410,1215,1.0000,1.0000,225598,44,2536,38423,40960,1757,3417,0,0,0,0,0
8192,33554432,15,268.435,32.2668,6.9778,12.8262,52.0708,100,5,1410,1215,1410,1215,1.0000,1.0000,184195,45,2536,38423,40960,1708,4150,0,0,0,0,0
8192,33554432,16,268.435,32.8204,6.9507,13.3176,53.0887,100,5,1410,1215,1410,1215,1.0000,1.0000,153716,45,2536,38423,40960,1708,4003,0,0,0,0,0
8192,33554432,17,268.435,32.5845,6.9609,13.0360,52.5814,100,5,1410,1215,1410,1215,1.0000,1.0000,138107,43,2536,38423,40960,1660,4101,0,0,0,0,0
8192,33554432,18,268.435,33.0022,7.0335,10.3618,50.3975,100,5,1410,1215,1410,1215,1.0000,1.0000,129163,43,2536,38423,40960,1806,2636,0,0,0,0,0
8192,33554432,19,268.435,23.6106,6.9732,10.3935,40.9772,100,5,1410,1215,1410,1215,1.0000,1.0000,129163,43,2536,38423,40960,1708,3417,0,0,0,0,0
8192,33554432,20,268.435,32.2939,6.9761,12.8785,52.1485,100,5,1410,1215,1410,1215,1.0000,1.0000,212290,43,2536,38423,40960,1708,4003,0,0,0,0,0
8192,33554432,21,268.435,32.9179,6.9734,10.3849,50.2761,100,5,1410,1215,1410,1215,1.0000,1.0000,254674,43,2536,38423,40960,2050,3222,0,0,0,0,0
8192,33554432,22,268.435,30.9138,6.9905,12.3845,50.2888,100,5,1410,1215,1410,1215,1.0000,1.0000,254674,42,2536,38423,40960,2148,4003,0,0,0,0,0
8192,33554432,23,268.435,32.5862,6.9699,10.3556,49.9117,100,5,1410,1215,1410,1215,1.0000,1.0000,277367,43,2536,38423,40960,2148,3515,0,0,0,0,0
8192,33554432,24,268.435,31.7773,6.9434,12.7483,51.4690,100,5,1410,1215,1410,1215,1.0000,1.0000,292177,44,2536,38423,40960,1953,4052,0,0,0,0,0
8192,33554432,25,268.435,32.9058,6.9826,13.0836,52.9720,100,5,1410,1215,1410,1215,1.0000,1.0000,300108,44,2536,38423,40960,1708,4199,0,0,0,0,0
8192,33554432,26,268.435,32.8698,7.0411,10.5048,50.4158,100,5,1410,1215,1410,1215,1.0000,1.0000,304950,45,2536,38423,40960,16943,3710,0,0,0,0,0
8192,33554432,27,268.435,28.9366,6.9649,10.4951,46.3965,100,5,1410,1215,1410,1215,1.0000,1.0000,308275,45,2536,38423,40960,1757,3466,0,0,0,0,0
8192,33554432,28,268.435,31.6792,6.9460,11.6307,50.2559,100,5,1410,1215,1410,1215,1.0000,1.0000,310076,45,2536,38423,40960,1660,4589,0,0,0,0,0
8192,33554432,29,268.435,32.6530,6.9752,13.0270,52.6553,100,5,1410,1215,1410,1215,1.0000,1.0000,276697,45,2536,38423,40960,1708,4101,0,0,0,0,0
8192,67108864,0,536.871,56.9155,89.9320,43.2826,190.1301,100,4,1410,1215,1410,1215,1.0000,1.0000,280975,42,2918,38041,40960,1708,1917041,0,0,0,0,0
8192,67108864,1,536.871,37.8358,29.4549,20.4111,87.7018,100,5,1410,1215,1410,1215,1.0000,1.0000,258305,43,2920,38039,40960,9065478,24781689,0,0,0,0,0
8192,67108864,2,536.871,41.3057,29.7046,29.9629,100.9732,100,5,1410,1215,1410,1215,1.0000,1.0000,217421,42,2920,38039,40960,2359619,4248,0,0,0,0,0
8192,67108864,3,536.871,55.6145,19.0353,20.4359,95.0857,100,6,1410,1215,1410,1215,1.0000,1.0000,296783,43,2920,38039,40960,1757,11451611,0,0,0,0,0
8192,67108864,4,536.871,37.3990,29.9781,20.5217,87.8988,100,6,1410,1215,1410,1215,1.0000,1.0000,208445,43,2920,38039,40960,10025048,6929052,0,0,0,0,0
8192,67108864,5,536.871,55.9255,13.7556,20.2522,89.9333,100,7,1410,1215,1410,1215,1.0000,1.0000,171609,42,2920,38039,40960,1708,4003,0,0,0,0,0
8192,67108864,6,536.871,42.5091,21.5309,20.4927,84.5328,100,7,1410,1215,1410,1215,1.0000,1.0000,171373,43,2920,38039,40960,1708,14107519,0,0,0,0,0
8192,67108864,7,536.871,37.2157,31.4630,20.5511,89.2299,100,6,1410,1215,1410,1215,1.0000,1.0000,177754,43,2920,38039,40960,7993505,4869726,0,0,0,0,0
8192,67108864,8,536.871,56.0300,13.7931,20.3006,90.1237,100,6,1410,1215,1410,1215,1.0000,1.0000,132253,43,2920,38039,40960,2099,2734,0,0,0,0,0
8192,67108864,9,536.871,37.0634,24.2927,20.3868,81.7429,100,6,1410,1215,1410,1215,1.0000,1.0000,145529,43,2920,38039,40960,3776757,17857812,0,0,0,0,0
8192,67108864,10,536.871,37.1756,29.7411,20.3444,87.2611,100,6,1410,1215,1410,1215,1.0000,1.0000,220230,43,2920,38039,40960,5934619,2511865,0,0,0,0,0
8192,67108864,11,536.871,55.9944,13.8021,20.2743,90.0709,100,6,1410,1215,1410,1215,1.0000,1.0000,262909,43,2920,38039,40960,2148,3466,0,0,0,0,0
8192,67108864,12,536.871,38.4627,21.6244,20.6354,80.7226,100,6,1410,1215,1410,1215,1.0000,1.0000,242950,43,2920,38039,40960,427099,14548046,0,0,0,0,0
8192,67108864,13,536.871,37.0628,31.4527,20.3509,88.8665,100,6,1410,1215,1410,1215,1.0000,1.0000,282257,45,2920,38039,40960,7873144,4833447,0,0,0,0,0
8192,67108864,14,536.871,55.9009,13.7843,20.2277,89.9129,100,6,1410,1215,1410,1215,1.0000,1.0000,256022,44,2920,38039,40960,14843,24560,0,0,0,0,0
8192,67108864,15,536.871,38.2322,26.8862,20.3479,85.4663,100,6,1410,1215,1410,1215,1.0000,1.0000,282828,44,2920,38039,40960,5808251,20775000,0,0,0,0,0
8192,67108864,16,536.871,37.0078,30.4895,20.3456,87.8429,100,6,1410,1215,1410,1215,1.0000,1.0000,293748,45,2920,38039,40960,3905664,493847,0,0,0,0,0
8192,67108864,17,536.871,55.9154,13.7568,20.3006,89.9729,100,6,1410,1215,1410,1215,1.0000,1.0000,256495,44,2920,38039,40960,1708,3759,0,0,0,0,0
8192,67108864,18,536.871,40.6322,26.8677,20.3900,87.8898,100,6,1410,1215,1410,1215,1.0000,1.0000,294983,45,2920,38039,40960,4213671,19627490,0,0,0,0,0
8192,67108864,19,536.871,37.0048,30.3797,20.3717,87.7562,100,6,1410,1215,1410,1215,1.0000,1.0000,303433,44,2920,38039,40960,3841259,353906,0,0,0,0,0
8192,67108864,20,536.871,55.8676,13.7867,20.3023,89.9565,100,6,1410,1215,1410,1215,1.0000,1.0000,256779,44,2920,38039,40960,1708,3710,0,0,0,0,0
8192,67108864,21,536.871,40.3744,24.2339,20.3855,84.9938,100,6,1410,1215,1410,1215,1.0000,1.0000,304431,45,2920,38039,40960,725000,16294433,0,0,0,0,0
8192,67108864,22,536.871,37.0245,29.8304,20.3638,87.2187,100,6,1410,1215,1410,1215,1.0000,1.0000,311600,45,2920,38039,40960,3196386,4150,0,0,0,0,0
8192,67108864,23,536.871,55.9159,13.8167,20.2868,90.0194,100,6,1410,1215,1410,1215,1.0000,1.0000,283354,44,2920,38039,40960,1708,4003,0,0,0,0,0
8192,67108864,24,536.871,38.4259,21.6611,20.4449,80.5319,100,6,1410,1215,1410,1215,1.0000,1.0000,310076,45,2920,38039,40960,80322,14280615,0,0,0,0,0
8192,67108864,25,536.871,36.9980,30.4182,21.3663,88.7826,100,6,1410,1215,1410,1215,1.0000,1.0000,250128,45,2920,38039,40960,2918017,4199,0,0,0,0,0
8192,67108864,26,536.871,55.9284,13.7764,20.3089,90.0137,100,6,1410,1215,1410,1215,1.0000,1.0000,299063,44,2920,38039,40960,1708,2636,0,0,0,0,0
8192,67108864,27,536.871,37.1245,24.2446,20.4185,81.7877,100,6,1410,1215,1410,1215,1.0000,1.0000,218184,44,2920,38039,40960,5239208,19388867,0,0,0,0,0
8192,67108864,28,536.871,37.0658,29.9703,20.3516,87.3877,100,6,1410,1215,1410,1215,1.0000,1.0000,175469,45,2920,38039,40960,5145849,4150,0,0,0,0,0
8192,67108864,29,536.871,55.8603,13.7886,20.2950,89.9440,100,6,1410,1215,1410,1215,1.0000,1.0000,186698,44,2920,38039,40960,1660,3320,0,0,0,0,0
16384,524288,0,4.194,0.4562,47.5210,1.1795,49.1567,0,0,1140,1215,1410,1215,0.8085,1.0000,74434,32,1380,39579,40960,292,292,0,0,0,0,0
16384,524288,1,4.194,0.3152,0.1770,0.1905,0.6827,0,0,1140,1215,1410,1215,0.8085,1.0000,77476,32,1382,39577,40960,292,292,0,0,0,0,0
16384,524288,2,4.194,0.2510,0.1708,0.1897,0.6115,0,0,1140,1215,1410,1215,0.8085,1.0000,77476,32,1382,39577,40960,732,292,0,0,0,0,0
16384,524288,3,4.194,0.2437,0.1863,0.2115,0.6415,4,0,1140,1215,1410,1215,0.8085,1.0000,77852,32,1382,39577,40960,292,244,0,0,0,0,0
16384,524288,4,4.194,0.2639,0.1785,0.1965,0.6389,4,0,1140,1215,1410,1215,0.8085,1.0000,77852,32,1382,39577,40960,1269,292,0,0,0,0,0
16384,524288,5,4.194,0.2450,0.1666,0.2181,0.6297,4,0,1140,1215,1410,1215,0.8085,1.0000,77476,32,1382,39577,40960,292,292,0,0,0,0,0
16384,524288,6,4.194,0.2685,0.1872,0.1950,0.6507,4,0,1140,1215,1410,1215,0.8085,1.0000,77476,32,1382,39577,40960,292,292,0,0,0,0,0
16384,524288,7,4.194,0.2437,0.1855,0.1987,0.6279,1,0,1140,1215,1410,1215,0.8085,1.0000,77331,32,1382,39577,40960,292,292,0,0,0,0,0
16384,524288,8,4.194,0.2458,0.1878,0.1986,0.6322,1,0,1140,1215,1410,1215,0.8085,1.0000,77331,32,1382,39577,40960,341,244,0,0,0,0,0
16384,524288,9,4.194,0.2456,0.1885,0.2175,0.6516,1,0,1140,1215,1410,1215,0.8085,1.0000,77331,32,1382,39577,40960,683,244,0,0,0,0,0
16384,524288,10,4.194,0.2676,0.1745,0.1893,0.6315,1,0,1140,1215,1410,1215,0.8085,1.0000,78004,32,1382,39577,40960,1318,28662,0,0,0,0,0
16384,524288,11,4.194,0.2438,0.1791,0.1896,0.6126,1,0,1140,1215,1410,1215,0.8085,1.0000,78004,32,1382,39577,40960,732,3173,0,0,0,0,0
16384,524288,12,4.194,0.2459,0.1804,0.1897,0.6160,1,0,1140,1215,1410,1215,0.8085,1.0000,77331,32,1382,39577,40960,3564,244,0,0,0,0,0
16384,524288,13,4.194,0.2444,0.1702,0.1971,0.6116,1,0,1140,1215,1410,1215,0.8085,1.0000,77331,32,1382,39577,40960,292,341,0,0,0,0,0
16384,524288,14,4.194,0.2465,0.1819,0.2182,0.6466,1,0,1140,1215,1410,1215,0.8085,1.0000,77240,32,1382,39577,40960,292,292,0,0,0,0,0
16384,524288,15,4.194,0.2677,0.1974,0.2132,0.6783,1,0,1140,1215,1410,1215,0.8085,1.0000,77240,32,1382,39577,40960,292,341,0,0,0,0,0
16384,524288,16,4.194,0.2484,0.1862,0.2174,0.6521,1,0,1140,1215,1410,1215,0.8085,1.0000,77331,32,1382,39577,40960,341,292,0,0,0,0,0
16384,524288,17,4.194,0.2685,0.1832,0.2185,0.6701,1,0,1140,1215,1410,1215,0.8085,1.0000,77331,32,1382,39577,40960,292,292,0,0,0,0,0
16384,524288,18,4.194,0.2849,0.1883,0.2180,0.6912,1,0,1140,1215,1410,1215,0.8085,1.0000,77331,32,1382,39577,40960,732,244,0,0,0,0,0
16384,524288,19,4.194,0.2669,0.1870,0.2093,0.6632,1,0,1140,1215,1410,1215,0.8085,1.0000,77568,32,1382,39577,40960,292,244,0,0,0,0,0
16384,524288,20,4.194,0.2459,0.1785,0.1955,0.6199,1,0,1140,1215,1410,1215,0.8085,1.0000,77568,32,1382,39577,40960,292,21044,0,0,0,0,0
16384,524288,21,4.194,0.2440,0.1796,0.1999,0.6235,1,0,1140,1215,1410,1215,0.8085,1.0000,77568,32,1382,39577,40960,9179,244,0,0,0,0,0
16384,524288,22,4.194,0.2450,0.1817,0.1921,0.6188,1,0,1140,1215,1410,1215,0.8085,1.0000,77568,32,1382,39577,40960,292,341,0,0,0,0,0
16384,524288,23,4.194,0.2443,0.1685,0.2153,0.6282,1,0,1140,1215,1410,1215,0.8085,1.0000,77240,32,1382,39577,40960,341,292,0,0,0,0,0
16384,524288,24,4.194,0.2668,0.1927,0.2001,0.6596,1,0,1140,1215,1410,1215,0.8085,1.0000,77240,32,1382,39577,40960,341,292,0,0,0,0,0
16384,524288,25,4.194,0.2450,0.1825,0.1930,0.6205,1,0,1140,1215,1410,1215,0.8085,1.0000,77240,32,1382,39577,40960,732,244,0,0,0,0,0
16384,524288,26,4.194,0.2450,0.1859,0.2170,0.6479,1,0,1140,1215,1410,1215,0.8085,1.0000,77760,32,1382,39577,40960,341,292,0,0,0,0,0
16384,524288,27,4.194,0.2606,0.1849,0.2193,0.6648,1,0,1140,1215,1410,1215,0.8085,1.0000,77760,32,1382,39577,40960,830,292,0,0,0,0,0
16384,524288,28,4.194,0.2713,0.1852,0.2202,0.6767,1,0,1140,1215,1410,1215,0.8085,1.0000,77331,32,1382,39577,40960,341,292,0,0,0,0,0
16384,524288,29,4.194,0.2676,0.1913,0.2170,0.6759,1,0,1140,1215,1410,1215,0.8085,1.0000,77331,32,1382,39577,40960,292,292,0,0,0,0,0
16384,1048576,0,8.389,0.7812,128.3409,1.4443,130.5664,0,0,1095,1215,1410,1215,0.7766,1.0000,74434,31,1386,39573,40960,341,341,0,0,0,0,0
16384,1048576,1,8.389,0.6018,0.2735,0.3473,1.2226,4,0,1260,1215,1410,1215,0.8936,1.0000,85947,32,1388,39571,40960,292,244,0,0,0,0,0
16384,1048576,2,8.389,0.4537,0.2761,0.3535,1.0833,4,0,1260,1215,1410,1215,0.8936,1.0000,85947,32,1388,39571,40960,732,292,0,0,0,0,0
16384,1048576,3,8.389,0.4442,0.2718,0.3469,1.0629,1,0,1260,1215,1410,1215,0.8936,1.0000,86427,32,1388,39571,40960,292,244,0,0,0,0,0
16384,1048576,4,8.389,0.4457,0.2889,0.3435,1.0781,1,0,1260,1215,1410,1215,0.8936,1.0000,86427,32,1388,39571,40960,341,341,0,0,0,0,0
16384,1048576,5,8.389,0.4459,0.3026,0.3543,1.1028,1,0,1260,1215,1410,1215,0.8936,1.0000,86947,32,1388,39571,40960,292,244,0,0,0,0,0
16384,1048576,6,8.389,0.4454,0.2911,0.3422,1.0787,1,0,1260,1215,1410,1215,0.8936,1.0000,86947,32,1388,39571,40960,32128,1611,0,0,0,0,0
16384,1048576,7,8.389,0.4443,0.2897,0.3456,1.0795,2,0,1260,1215,1410,1215,0.8936,1.0000,86711,32,1388,39571,40960,292,292,0,0,0,0,0
16384,1048576,8,8.389,0.4472,0.2807,0.3918,1.1197,2,0,1260,1215,1410,1215,0.8936,1.0000,86711,32,1388,39571,40960,292,292,0,0,0,0,0
16384,1048576,9,8.389,0.4787,0.2763,0.3624,1.1173,2,0,1260,1215,1410,1215,0.8936,1.0000,86711,32,1388,39571,40960,683,244,0,0,0,0,0
16384,1048576,10,8.389,0.4504,0.3113,0.3837,1.1455,2,0,1260,1215,1410,1215,0.8936,1.0000,87578,32,1388,39571,40960,292,292,0,0,0,0,0
16384,1048576,11,8.389,0.4960,0.2879,0.3493,1.1333,2,0,1260,1215,1410,1215,0.8936,1.0000,87578,32,1388,39571,40960,439,292,0,0,0,0,0
16384,1048576,12,8.389,0.4606,0.2897,0.3443,1.0946,2,0,1260,1215,1410,1215,0.8936,1.0000,87287,32,1388,39571,40960,292,244,0,0,0,0,0
16384,1048576,13,8.389,0.4469,0.2926,0.3863,1.1258,2,0,1260,1215,1410,1215,0.8936,1.0000,87287,32,1388,39571,40960,292,292,0,0,0,0,0
16384,1048576,14,8.389,0.4858,0.2879,0.3471,1.1207,2,0,1260,1215,1410,1215,0.8936,1.0000,86947,32,1388,39571,40960,341,292,0,0,0,0,0
16384,1048576,15,8.389,0.4452,0.3040,0.3573,1.1066,2,0,1260,1215,1410,1215,0.8936,1.0000,86947,32,1388,39571,40960,292,244,0,0,0,0,0
16384,1048576,16,8.389,0.4461,0.2819,0.3477,1.0758,2,0,1260,1215,1410,1215,0.8936,1.0000,86947,32,1388,39571,40960,29882,4003,0,0,0,0,0
16384,1048576,17,8.389,0.4554,0.2758,0.3406,1.0718,2,0,1260,1215,1410,1215,0.8936,1.0000,87184,32,1388,39571,40960,292,292,0,0,0,0,0
16384,1048576,18,8.389,0.4582,0.2875,0.3850,1.1306,2,0,1260,1215,1410,1215,0.8936,1.0000,87184,32,1388,39571,40960,683,244,0,0,0,0,0
16384,1048576,19,8.389,0.4630,0.2941,0.3618,1.1189,2,0,1260,1215,1410,1215,0.8936,1.0000,87184,32,1388,39571,40960,292,292,0,0,0,0,0
16384,1048576,20,8.389,0.4510,0.2970,0.3821,1.1300,2,0,1260,1215,1410,1215,0.8936,1.0000,87184,32,1388,39571,40960,830,292,0,0,0,0,0
16384,1048576,21,8.389,0.4459,0.3048,0.3451,1.0958,2,0,1260,1215,1410,1215,0.8936,1.0000,86947,32,1388,39571,40960,292,292,0,0,0,0,0
16384,1048576,22,8.389,0.4457,0.2815,0.3838,1.1110,2,0,1260,1215,1410,1215,0.8936,1.0000,86947,32,1388,39571,40960,292,341,0,0,0,0,0
16384,1048576,23,8.389,0.5020,0.2722,0.3449,1.1192,2,0,1260,1215,1410,1215,0.8936,1.0000,86947,32,1388,39571,40960,292,292,0,0,0,0,0
16384,1048576,24,8.389,0.4463,0.2939,0.3780,1.1182,2,0,1260,1215,1410,1215,0.8936,1.0000,86947,32,1388,39571,40960,292,244,0,0,0,0,0
16384,1048576,25,8.389,0.4467,0.2792,0.3453,1.0713,2,0,1260,1215,1410,1215,0.8936,1.0000,86947,32,1388,39571,40960,732,244,0,0,0,0,0
16384,1048576,26,8.389,0.4452,0.2770,0.3442,1.0664,2,0,1260,1215,1410,1215,0.8936,1.0000,87474,32,1388,39571,40960,9863,20654,0,0,0,0,0
16384,1048576,27,8.389,0.4450,0.2868,0.3427,1.0745,2,0,1260,1215,1410,1215,0.8936,1.0000,87474,32,1388,39571,40960,683,244,0,0,0,0,0
16384,1048576,28,8.389,0.4445,0.2888,0.3396,1.0729,2,0,1260,1215,1410,1215,0.8936,1.0000,86947,32,1388,39571,40960,292,244,0,0,0,0,0
16384,1048576,29,8.389,0.4485,0.2921,0.3471,1.0877,2,0,1260,1215,1410,1215,0.8936,1.0000,86947,32,1388,39571,40960,292,292,0,0,0,0,0
16384,2097152,0,16.777,1.5224,126.3611,1.1189,129.0024,0,0,1095,1215,1410,1215,0.7766,1.0000,74231,31,1398,39561,40960,292,292,0,0,0,0,0
16384,2097152,1,16.777,1.2403,0.6144,0.7234,2.5781,0,0,1095,1215,1410,1215,0.7766,1.0000,74144,31,1400,39559,40960,683,1269,0,0,0,0,0
16384,2097152,2,16.777,0.9876,0.5836,0.6692,2.2404,4,0,1095,1215,1410,1215,0.7766,1.0000,74144,31,1400,39559,40960,28173,292,0,0,0,0,0
16384,2097152,3,16.777,0.8561,0.5679,0.6728,2.0969,4,0,1095,1215,1410,1215,0.7766,1.0000,74144,31,1400,39559,40960,683,244,0,0,0,0,0
16384,2097152,4,16.777,0.8431,0.5931,0.6745,2.1107,4,0,1095,1215,1410,1215,0.7766,1.0000,74434,31,1400,39559,40960,292,292,0,0,0,0,0
16384,2097152,5,16.777,0.8456,0.5804,0.6649,2.0909,4,0,1095,1215,1410,1215,0.7766,1.0000,74434,31,1400,39559,40960,732,341,0,0,0,0,0
16384,2097152,6,16.777,0.8530,0.5936,0.6759,2.1225,3,0,1095,1215,1410,1215,0.7766,1.0000,75719,31,1400,39559,40960,292,292,0,0,0,0,0
16384,2097152,7,16.777,0.8576,0.6000,0.6726,2.1301,3,0,1095,1215,1410,1215,0.7766,1.0000,75719,31,1400,39559,40960,341,341,0,0,0,0,0
16384,2097152,8,16.777,0.8539,0.5898,0.6690,2.1126,3,0,1095,1215,1410,1215,0.7766,1.0000,75191,31,1400,39559,40960,292,244,0,0,0,0,0
16384,2097152,9,16.777,0.8497,0.6046,0.6915,2.1457,3,0,1095,1215,1410,1215,0.7766,1.0000,75191,31,1400,39559,40960,292,292,0,0,0,0,0
16384,2097152,10,16.777,0.8515,0.6350,0.7029,2.1894,3,0,1095,1215,1410,1215,0.7766,1.0000,75191,31,1400,39559,40960,732,341,0,0,0,0,0
16384,2097152,11,16.777,0.8535,0.5823,0.6694,2.1052,4,0,1095,1215,1410,1215,0.7766,1.0000,74434,31,1400,39559,40960,292,7470,0,0,0,0,0
16384,2097152,12,16.777,0.8487,0.5878,0.6656,2.1021,4,0,1095,1215,1410,1215,0.7766,1.0000,74434,31,1400,39559,40960,20751,244,0,0,0,0,0
16384,2097152,13,16.777,0.8636,0.5795,0.6669,2.1101,4,0,1095,1215,1410,1215,0.7766,1.0000,74434,31,1400,39559,40960,341,244,0,0,0,0,0
16384,2097152,14,16.777,0.8463,0.5954,0.7255,2.1673,4,0,1095,1215,1410,1215,0.7766,1.0000,74434,31,1400,39559,40960,683,244,0,0,0,0,0
16384,2097152,15,16.777,0.8447,0.5810,0.6771,2.1028,4,0,1095,1215,1410,1215,0.7766,1.0000,76282,31,1400,39559,40960,292,244,0,0,0,0,0
16384,2097152,16,16.777,0.8517,0.5824,0.6694,2.1035,4,0,1095,1215,1410,1215,0.7766,1.0000,76282,31,1400,39559,40960,292,341,0,0,0,0,0
16384,2097152,17,16.777,0.8792,0.5891,0.6811,2.1494,4,0,1095,1215,1410,1215,0.7766,1.0000,75191,31,1400,39559,40960,292,244,0,0,0,0,0
16384,2097152,18,16.777,0.8682,0.5799,0.6691,2.1172,4,0,1095,1215,1410,1215,0.7766,1.0000,75191,31,1400,39559,40960,341,585,0,0,0,0,0
16384,2097152,19,16.777,0.8464,0.5922,0.7040,2.1426,4,0,1095,1215,1410,1215,0.7766,1.0000,74522,31,1400,39559,40960,292,244,0,0,0,0,0
16384,2097152,20,16.777,0.8511,0.5931,0.6639,2.1080,4,0,1095,1215,1410,1215,0.7766,1.0000,74522,31,1400,39559,40960,292,292,0,0,0,0,0
16384,2097152,21,16.777,0.8600,0.5919,0.6635,2.1154,4,0,1095,1215,1410,1215,0.7766,1.0000,74522,31,1400,39559,40960,732,15820,0,0,0,0,0
16384,2097152,22,16.777,0.8601,0.5807,0.6679,2.1087,4,0,1095,1215,1410,1215,0.7766,1.0000,74522,31,1400,39559,40960,9179,292,0,0,0,0,0
16384,2097152,23,16.777,0.8756,0.5746,0.6694,2.1197,4,0,1095,1215,1410,1215,0.7766,1.0000,74522,31,1400,39559,40960,683,292,0,0,0,0,0
16384,2097152,24,16.777,0.8792,0.6037,0.7040,2.1869,4,0,1095,1215,1410,1215,0.7766,1.0000,76282,31,1400,39559,40960,292,244,0,0,0,0,0
16384,2097152,25,16.777,0.8729,0.5934,0.6776,2.1439,4,0,1095,1215,1410,1215,0.7766,1.0000,76282,31,1400,39559,40960,1220,292,0,0,0,0,0
16384,2097152,26,16.777,0.8501,0.5809,0.6679,2.0989,4,0,1095,1215,1410,1215,0.7766,1.0000,75280,31,1400,39559,40960,292,244,0,0,0,0,0
16384,2097152,27,16.777,0.8437,0.5946,0.6725,2.1107,4,0,1095,1215,1410,1215,0.7766,1.0000,75280,31,1400,39559,40960,292,292,0,0,0,0,0
16384,2097152,28,16.777,0.8524,0.5825,0.6663,2.1012,4,0,1095,1215,1410,1215,0.7766,1.0000,74759,31,1400,39559,40960,292,244,0,0,0,0,0
16384,2097152,29,16.777,0.8482,0.5969,0.6675,2.1126,4,0,1095,1215,1410,1215,0.7766,1.0000,74759,31,1400,39559,40960,292,292,0,0,0,0,0
16384,4194304,0,33.554,2.8662,71.5645,2.2245,76.6553,0,0,1095,1215,1410,1215,0.7766,1.0000,74231,31,1422,39537,40960,341,244,0,0,0,0,0
16384,4194304,1,33.554,2.5174,1.1331,1.3057,4.9562,0,0,1095,1215,1410,1215,0.7766,1.0000,74231,31,1424,39535,40960,292,16259,0,0,0,0,0
16384,4194304,2,33.554,2.4180,1.1125,1.3018,4.8324,0,0,1095,1215,1410,1215,0.7766,1.0000,74231,31,1424,39535,40960,4541,244,0,0,0,0,0
16384,4194304,3,33.554,2.2949,1.1253,1.2991,4.7193,0,0,1095,1215,1410,1215,0.7766,1.0000,74231,31,1424,39535,40960,292,341,0,0,0,0,0
16384,4194304,4,33.554,2.2057,1.1275,1.3063,4.6395,6,0,1095,1215,1410,1215,0.7766,1.0000,74996,31,1424,39535,40960,292,292,0,0,0,0,0
16384,4194304,5,33.554,2.1665,1.1144,1.2989,4.5798,6,0,1095,1215,1410,1215,0.7766,1.0000,74996,31,1424,39535,40960,292,292,0,0,0,0,0
16384,4194304,6,33.554,1.9594,1.1308,1.2996,4.3898,6,0,1095,1215,1410,1215,0.7766,1.0000,75280,31,1424,39535,40960,292,292,0,0,0,0,0
16384,4194304,7,33.554,1.9995,1.1025,1.3029,4.4049,6,0,1095,1215,1410,1215,0.7766,1.0000,75280,31,1424,39535,40960,341,537,0,0,0,0,0
16384,4194304,8,33.554,2.0429,1.1159,1.3026,4.4614,7,0,1095,1215,1410,1215,0.7766,1.0000,74759,31,1424,39535,40960,341,292,0,0,0,0,0
16384,4194304,9,33.554,2.0541,1.1078,1.3067,4.4686,7,0,1095,1215,1410,1215,0.7766,1.0000,74759,31,1424,39535,40960,292,244,0,0,0,0,0
16384,4194304,10,33.554,2.0505,1.1334,1.3002,4.4841,7,0,1095,1215,1410,1215,0.7766,1.0000,74522,31,1424,39535,40960,634,244,0,0,0,0,0
16384,4194304,11,33.554,2.0442,1.1323,1.3017,4.4782,7,0,1095,1215,1410,1215,0.7766,1.0000,74522,31,1424,39535,40960,34912,292,0,0,0,0,0
16384,4194304,12,33.554,2.0944,1.1308,1.3012,4.5264,7,0,1095,1215,1410,1215,0.7766,1.0000,74522,31,1424,39535,40960,683,292,0,0,0,0,0
16384,4194304,13,33.554,1.9763,1.1257,1.3009,4.4028,7,0,1095,1215,1410,1215,0.7766,1.0000,74522,31,1424,39535,40960,292,244,0,0,0,0,0
16384,4194304,14,33.554,1.9761,1.1208,1.3005,4.3973,7,0,1095,1215,1410,1215,0.7766,1.0000,74522,31,1424,39535,40960,683,244,0,0,0,0,0
16384,4194304,15,33.554,1.9640,1.1158,1.3052,4.3850,7,0,1095,1215,1410,1215,0.7766,1.0000,74522,31,1424,39535,40960,341,292,0,0,0,0,0
16384,4194304,16,33.554,1.9543,1.1264,1.3002,4.3809,7,0,1095,1215,1410,1215,0.7766,1.0000,74522,31,1424,39535,40960,732,3076,0,0,0,0,0
16384,4194304,17,33.554,1.9967,1.1112,1.3001,4.4080,7,0,1095,1215,1410,1215,0.7766,1.0000,78096,31,1424,39535,40960,292,244,0,0,0,0,0
16384,4194304,18,33.554,1.9773,1.1204,1.3064,4.4040,7,0,1095,1215,1410,1215,0.7766,1.0000,78096,31,1424,39535,40960,830,292,0,0,0,0,0
16384,4194304,19,33.554,1.9625,1.1153,1.2980,4.3758,7,0,1095,1215,1410,1215,0.7766,1.0000,76282,31,1424,39535,40960,292,292,0,0,0,0,0
16384,4194304,20,33.554,1.9668,1.1115,1.3012,4.3794,7,0,1095,1215,1410,1215,0.7766,1.0000,76282,31,1424,39535,40960,2539,26269,0,0,0,0,0
16384,4194304,21,33.554,1.9572,1.1378,1.3219,4.4169,8,0,1095,1215,1410,1215,0.7766,1.0000,75280,31,1424,39535,40960,341,292,0,0,0,0,0
16384,4194304,22,33.554,2.0078,1.1320,1.3061,4.4458,8,0,1095,1215,1410,1215,0.7766,1.0000,75280,31,1424,39535,40960,292,292,0,0,0,0,0
16384,4194304,23,33.554,2.0580,1.1090,1.3010,4.4680,8,0,1095,1215,1410,1215,0.7766,1.0000,74759,31,1424,39535,40960,292,292,0,0,0,0,0
16384,4194304,24,33.554,2.0220,1.1129,1.3005,4.4353,8,0,1095,1215,1410,1215,0.7766,1.0000,74759,31,1424,39535,40960,341,341,0,0,0,0,0
16384,4194304,25,33.554,1.9525,1.1210,1.3103,4.3838,7,0,1095,1215,1410,1215,0.7766,1.0000,74996,31,1424,39535,40960,341,292,0,0,0,0,0
16384,4194304,26,33.554,1.9620,1.1234,1.3014,4.3869,7,0,1095,1215,1410,1215,0.7766,1.0000,74996,31,1424,39535,40960,292,341,0,0,0,0,0
16384,4194304,27,33.554,1.9832,1.1021,1.3200,4.4053,7,0,1095,1215,1410,1215,0.7766,1.0000,74522,31,1424,39535,40960,292,244,0,0,0,0,0
16384,4194304,28,33.554,1.9756,1.1238,1.2982,4.3976,7,0,1095,1215,1410,1215,0.7766,1.0000,74522,31,1424,39535,40960,292,292,0,0,0,0,0
16384,4194304,29,33.554,1.9608,1.1150,1.3033,4.3790,7,0,1095,1215,1410,1215,0.7766,1.0000,74522,31,1424,39535,40960,634,244,0,0,0,0,0
16384,8388608,0,67.109,5.4756,60.4462,4.4308,70.3526,0,0,1095,1215,1410,1215,0.7766,1.0000,74231,31,1470,39489,40960,341,23779,0,0,0,0,0
16384,8388608,1,67.109,4.7612,2.1955,2.6188,9.5755,0,0,1095,1215,1410,1215,0.7766,1.0000,74231,31,1472,39487,40960,292,341,0,0,0,0,0
16384,8388608,2,67.109,4.3891,2.1912,2.6019,9.1822,0,0,1095,1215,1410,1215,0.7766,1.0000,74759,31,1472,39487,40960,292,244,0,0,0,0,0
16384,8388608,3,67.109,4.3870,2.1976,2.6020,9.1866,0,0,1095,1215,1410,1215,0.7766,1.0000,74759,31,1472,39487,40960,292,341,0,0,0,0,0
16384,8388608,4,67.109,4.3492,2.1929,2.6240,9.1661,5,0,1095,1215,1410,1215,0.7766,1.0000,75280,31,1472,39487,40960,341,244,0,0,0,0,0
16384,8388608,5,67.109,4.3228,2.1877,2.5973,9.1078,5,0,1095,1215,1410,1215,0.7766,1.0000,75280,31,1472,39487,40960,292,341,0,0,0,0,0
16384,8388608,6,67.109,4.3179,2.1989,2.6022,9.1189,5,0,1095,1215,1410,1215,0.7766,1.0000,75280,31,1472,39487,40960,341,292,0,0,0,0,0
16384,8388608,7,67.109,4.3044,2.2141,2.6060,9.1244,5,0,1095,1215,1410,1215,0.7766,1.0000,75280,31,1472,39487,40960,341,341,0,0,0,0,0
16384,8388608,8,67.109,4.3056,2.1969,2.6028,9.1053,13,0,1095,1215,1410,1215,0.7766,1.0000,75280,31,1472,39487,40960,341,29296,0,0,0,0,0
16384,8388608,9,67.109,4.2991,2.1910,2.6187,9.1088,13,0,1095,1215,1410,1215,0.7766,1.0000,75280,31,1472,39487,40960,781,292,0,0,0,0,0
16384,8388608,10,67.109,4.2946,2.2006,2.6048,9.1001,13,0,1095,1215,1410,1215,0.7766,1.0000,75280,31,1472,39487,40960,341,244,0,0,0,0,0
16384,8388608,11,67.109,4.3150,2.2040,2.6051,9.1242,13,0,1095,1215,1410,1215,0.7766,1.0000,75280,31,1472,39487,40960,732,292,0,0,0,0,0
16384,8388608,12,67.109,4.2943,2.2178,2.6157,9.1278,13,0,1095,1215,1410,1215,0.7766,1.0000,76282,31,1472,39487,40960,292,244,0,0,0,0,0
16384,8388608,13,67.109,4.2954,2.1882,2.6023,9.0859,13,0,1095,1215,1410,1215,0.7766,1.0000,76282,31,1472,39487,40960,732,292,0,0,0,0,0
16384,8388608,14,67.109,4.3008,2.2054,2.6377,9.1438,13,0,1095,1215,1410,1215,0.7766,1.0000,76566,31,1472,39487,40960,341,244,0,0,0,0,0
16384,8388608,15,67.109,4.3195,2.1840,2.6066,9.1102,13,0,1095,1215,1410,1215,0.7766,1.0000,76566,31,1472,39487,40960,732,244,0,0,0,0,0
16384,8388608,16,67.109,4.3065,2.1997,2.6153,9.1216,13,0,1095,1215,1410,1215,0.7766,1.0000,76282,31,1472,39487,40960,292,292,0,0,0,0,0
16384,8388608,17,67.109,4.3700,2.2086,2.6101,9.1886,13,0,1095,1215,1410,1215,0.7766,1.0000,76282,31,1472,39487,40960,32226,5224,0,0,0,0,0
16384,8388608,18,67.109,4.3430,2.2123,2.5972,9.1525,13,0,1095,1215,1410,1215,0.7766,1.0000,76282,31,1472,39487,40960,292,292,0,0,0,0,0
16384,8388608,19,67.109,4.3296,2.2011,2.6228,9.1535,13,0,1095,1215,1410,1215,0.7766,1.0000,76282,31,1472,39487,40960,292,244,0,0,0,0,0
16384,8388608,20,67.109,4.3195,2.1886,2.6152,9.1233,13,0,1095,1215,1410,1215,0.7766,1.0000,76282,31,1472,39487,40960,292,292,0,0,0,0,0
16384,8388608,21,67.109,4.3128,2.2084,2.6006,9.1217,13,0,1095,1215,1410,1215,0.7766,1.0000,78333,31,1472,39487,40960,292,244,0,0,0,0,0
16384,8388608,22,67.109,4.3101,2.1985,2.6252,9.1338,13,0,1095,1215,1410,1215,0.7766,1.0000,78333,31,1472,39487,40960,292,537,0,0,0,0,0
16384,8388608,23,67.109,4.3119,2.2207,2.5745,9.1071,10,0,1095,1215,1410,1215,0.7766,1.0000,81426,31,1472,39487,40960,292,244,0,0,0,0,0
16384,8388608,24,67.109,4.3231,2.1954,2.6118,9.1303,10,0,1095,1215,1410,1215,0.7766,1.0000,81426,31,1472,39487,40960,292,537,0,0,0,0,0
16384,8388608,25,67.109,4.3133,2.1861,2.6196,9.1191,10,0,1095,1215,1410,1215,0.7766,1.0000,79903,31,1472,39487,40960,292,10839,0,0,0,0,0
16384,8388608,26,67.109,4.4171,2.2047,2.6099,9.2317,10,0,1095,1215,1410,1215,0.7766,1.0000,79903,31,1472,39487,40960,3906,341,0,0,0,0,0
16384,8388608,27,67.109,4.3223,2.1954,2.5982,9.1159,13,0,1095,1215,1410,1215,0.7766,1.0000,76282,31,1472,39487,40960,292,292,0,0,0,0,0
16384,8388608,28,67.109,4.3079,2.2033,2.5957,9.1069,13,0,1095,1215,1410,1215,0.7766,1.0000,76282,31,1472,39487,40960,292,585,0,0,0,0,0
16384,8388608,29,67.109,4.3082,2.1912,2.6163,9.1156,13,0,1095,1215,1410,1215,0.7766,1.0000,74522,31,1472,39487,40960,341,12011,0,0,0,0,0
16384,16777216,0,134.218,10.1740,78.9162,13.3771,102.4672,0,0,1095,1215,1410,1215,0.7766,1.0000,74144,31,1566,39393,40960,732,29248,0,0,0,0,0
16384,16777216,1,134.218,9.5378,4.3719,7.5336,21.4432,7,0,1095,1215,1410,1215,0.7766,1.0000,74144,31,1568,39391,40960,341,244,0,0,0,0,0
16384,16777216,2,134.218,8.9957,4.3636,7.5341,20.8933,7,0,1095,1215,1410,1215,0.7766,1.0000,75808,31,1568,39391,40960,341,292,0,0,0,0,0
16384,16777216,3,134.218,8.9933,4.3448,7.5307,20.8688,7,0,1095,1215,1410,1215,0.7766,1.0000,75808,31,1568,39391,40960,341,3173,0,0,0,0,0
16384,16777216,4,134.218,8.9982,4.3711,7.5522,20.9214,20,1,1095,1215,1410,1215,0.7766,1.0000,87995,31,1568,39391,40960,292,244,0,0,0,0,0
16384,16777216,5,134.218,8.9857,4.3631,7.5531,20.9019,20,1,1095,1215,1410,1215,0.7766,1.0000,87995,31,1568,39391,40960,732,244,0,0,0,0,0
16384,16777216,6,134.218,8.9784,4.3691,7.5404,20.8878,20,1,1095,1215,1410,1215,0.7766,1.0000,75191,31,1568,39391,40960,28710,4687,0,0,0,0,0
16384,16777216,7,134.218,8.9781,4.3414,7.5370,20.8565,20,1,1095,1215,1410,1215,0.7766,1.0000,79525,31,1568,39391,40960,292,244,0,0,0,0,0
16384,16777216,8,134.218,9.0124,4.3453,7.5376,20.8953,20,1,1095,1215,1410,1215,0.7766,1.0000,79525,31,1568,39391,40960,732,244,0,0,0,0,0
16384,16777216,9,134.218,8.9771,4.3414,7.6390,20.9576,20,1,1095,1215,1410,1215,0.7766,1.0000,74522,31,1568,39391,40960,292,292,0,0,0,0,0
16384,16777216,10,134.218,8.9884,4.3511,7.5503,20.8897,20,1,1095,1215,1410,1215,0.7766,1.0000,78524,31,1568,39391,40960,292,244,0,0,0,0,0
16384,16777216,11,134.218,9.0633,4.3345,7.5513,20.9491,20,1,1095,1215,1410,1215,0.7766,1.0000,78524,31,1568,39391,40960,1513,292,0,0,0,0,0
16384,16777216,12,134.218,8.9925,4.3651,7.6291,20.9867,20,1,1095,1215,1410,1215,0.7766,1.0000,74434,31,1568,39391,40960,292,292,0,0,0,0,0
16384,16777216,13,134.218,9.0027,4.3669,7.5438,20.9133,23,1,1095,1215,1410,1215,0.7766,1.0000,75719,31,1568,39391,40960,36474,292,0,0,0,0,0
16384,16777216,14,134.218,8.9795,4.3418,7.5380,20.8592,23,1,1095,1215,1410,1215,0.7766,1.0000,75719,31,1568,39391,40960,292,341,0,0,0,0,0
16384,16777216,15,134.218,9.0138,4.3438,7.5480,20.9057,23,1,1095,1215,1410,1215,0.7766,1.0000,84899,31,1568,39391,40960,341,292,0,0,0,0,0
16384,16777216,16,134.218,9.0118,4.3522,7.5513,20.9153,23,1,1095,1215,1410,1215,0.7766,1.0000,75191,31,1568,39391,40960,634,292,0,0,0,0,0
16384,16777216,17,134.218,8.9960,4.3809,7.5438,20.9208,21,1,1095,1215,1410,1215,0.7766,1.0000,75191,31,1568,39391,40960,292,341,0,0,0,0,0
16384,16777216,18,134.218,9.0292,4.3447,7.5485,20.9223,21,1,1095,1215,1410,1215,0.7766,1.0000,81573,31,1568,39391,40960,15722,244,0,0,0,0,0
16384,16777216,19,134.218,8.9876,4.3448,7.5363,20.8687,21,1,1095,1215,1410,1215,0.7766,1.0000,81573,31,1568,39391,40960,732,244,0,0,0,0,0
16384,16777216,20,134.218,9.0152,4.3519,7.5483,20.9154,20,1,1095,1215,1410,1215,0.7766,1.0000,74522,31,1568,39391,40960,292,341,0,0,0,0,0
16384,16777216,21,134.218,8.9872,4.3527,7.5523,20.8923,20,1,1095,1215,1410,1215,0.7766,1.0000,79288,31,1568,39391,40960,341,292,0,0,0,0,0
16384,16777216,22,134.218,8.9943,4.3559,7.6374,20.9876,20,1,1095,1215,1410,1215,0.7766,1.0000,79288,31,1568,39391,40960,732,830,0,0,0,0,0
16384,16777216,23,134.218,8.9944,4.3477,7.5444,20.8865,19,1,1095,1215,1410,1215,0.7766,1.0000,74522,31,1568,39391,40960,292,292,0,0,0,0,0
16384,16777216,24,134.218,9.0235,4.3400,7.5691,20.9325,19,1,1095,1215,1410,1215,0.7766,1.0000,75955,31,1568,39391,40960,17724,292,0,0,0,0,0
16384,16777216,25,134.218,8.9757,4.3562,7.5574,20.8894,19,1,1095,1215,1410,1215,0.7766,1.0000,75955,31,1568,39391,40960,732,9960,0,0,0,0,0
16384,16777216,26,134.218,8.9813,4.5681,7.6647,21.2140,19,1,1095,1215,1410,1215,0.7766,1.0000,88573,31,4640,36319,40960,1617089,28213867,0,0,0,0,0
16384,16777216,27,134.218,45.4609,11.2522,7.6251,64.3382,19,1,1095,1215,1410,1215,0.7766,1.0000,76476,31,4652,36307,40960,292,4833,0,0,0,0,0
16384,16777216,28,134.218,9.0471,6.7046,7.4730,23.2247,19,1,1095,1215,1410,1215,0.7766,1.0000,74908,32,4652,36307,40960,2685,6689,0,0,0,0,0
16384,16777216,29,134.218,8.9923,7.1166,7.4757,23.5846,19,1,1095,1215,1410,1215,0.7766,1.0000,74908,32,4652,36307,40960,3076,6787,0,0,0,0,0
16384,33554432,0,268.435,19.6463,80.8189,17.1623,117.6274,0,0,1095,1215,1410,1215,0.7766,1.0000,73670,31,1758,39201,40960,4589,341,0,0,0,0,0
16384,33554432,1,268.435,18.9529,8.7434,10.2811,37.9774,10,0,1095,1215,1410,1215,0.7766,1.0000,73387,31,1760,39199,40960,292,292,0,0,0,0,0
16384,33554432,2,268.435,18.7395,8.7062,10.2741,37.7199,10,0,1095,1215,1410,1215,0.7766,1.0000,78524,31,1760,39199,40960,4541,292,0,0,0,0,0
16384,33554432,3,268.435,18.7446,8.7226,10.2813,37.7485,10,0,1095,1215,1410,1215,0.7766,1.0000,78524,31,1760,39199,40960,732,292,0,0,0,0,0
16384,33554432,4,268.435,18.5492,8.6841,10.2700,37.5034,28,1,1095,1215,1410,1215,0.7766,1.0000,75428,31,1760,39199,40960,292,12060,0,0,0,0,0
16384,33554432,5,268.435,18.6081,8.5981,10.2595,37.4657,28,1,1095,1215,1410,1215,0.7766,1.0000,73907,31,1760,39199,40960,341,244,0,0,0,0,0
16384,33554432,6,268.435,18.6119,8.5896,10.2455,37.4469,41,1,1110,1215,1410,1215,0.7872,1.0000,97939,31,1760,39199,40960,537,292,0,0,0,0,0
16384,33554432,7,268.435,18.5805,8.5917,10.2639,37.4361,41,1,1110,1215,1410,1215,0.7872,1.0000,84662,31,1760,39199,40960,292,244,0,0,0,0,0
16384,33554432,8,268.435,18.5477,8.5835,10.2907,37.4219,41,1,1110,1215,1410,1215,0.7872,1.0000,84662,31,1760,39199,40960,732,292,0,0,0,0,0
16384,33554432,9,268.435,18.5498,8.5580,10.2329,37.3407,27,1,1110,1215,1410,1215,0.7872,1.0000,77476,31,1760,39199,40960,292,341,0,0,0,0,0
16384,33554432,10,268.435,18.5033,8.4857,10.2060,37.1951,27,1,1110,1215,1410,1215,0.7872,1.0000,75191,31,1760,39199,40960,34130,244,0,0,0,0,0
16384,33554432,11,268.435,18.5379,8.4458,10.2552,37.2389,41,1,1140,1215,1410,1215,0.8085,1.0000,93085,31,1760,39199,40960,292,292,0,0,0,0,0
16384,33554432,12,268.435,18.5347,8.4542,10.2482,37.2371,41,1,1140,1215,1410,1215,0.8085,1.0000,83378,31,1760,39199,40960,292,292,0,0,0,0,0
16384,33554432,13,268.435,18.5225,8.4737,10.2545,37.2507,41,1,1140,1215,1410,1215,0.8085,1.0000,83378,31,1760,39199,40960,732,244,0,0,0,0,0
16384,33554432,14,268.435,18.5533,8.4314,10.2217,37.2064,28,1,1140,1215,1410,1215,0.8085,1.0000,78524,31,1760,39199,40960,292,292,0,0,0,0,0
16384,33554432,15,268.435,18.5131,8.4845,10.4927,37.4904,28,1,1140,1215,1410,1215,0.8085,1.0000,76719,31,1760,39199,40960,341,292,0,0,0,0,0
16384,33554432,16,268.435,18.6386,8.5072,10.2321,37.3779,40,1,1140,1215,1410,1215,0.8085,1.0000,98230,32,1760,39199,40960,292,244,0,0,0,0,0
16384,33554432,17,268.435,18.5987,8.4534,10.2549,37.3070,40,1,1140,1215,1410,1215,0.8085,1.0000,81330,32,1760,39199,40960,341,292,0,0,0,0,0
16384,33554432,18,268.435,18.5154,8.4557,10.2188,37.1899,40,1,1140,1215,1410,1215,0.8085,1.0000,77760,32,1760,39199,40960,341,244,0,0,0,0,0
16384,33554432,19,268.435,18.5109,8.4552,10.2471,37.2132,27,1,1140,1215,1410,1215,0.8085,1.0000,77760,32,1760,39199,40960,732,12011,0,0,0,0,0
16384,33554432,20,268.435,89.4642,17.7454,10.2382,117.4478,44,1,1275,1215,1410,1215,0.9043,1.0000,100271,32,4844,36115,40960,681884,30322,0,0,0,0,0
16384,33554432,21,268.435,18.5447,15.7244,10.2346,44.5037,44,1,1275,1215,1410,1215,0.9043,1.0000,91044,33,4844,36115,40960,2490,6298,0,0,0,0,0
16384,33554432,22,268.435,18.9195,15.0617,10.2474,44.2286,84,6,1410,1215,1410,1215,1.0000,1.0000,249831,38,4844,36115,40960,2636,6640,0,0,0,0,0
16384,33554432,23,268.435,18.6260,15.6798,10.2164,44.5221,84,6,1410,1215,1410,1215,1.0000,1.0000,333661,40,4844,36115,40960,2685,6738,0,0,0,0,0
16384,33554432,24,268.435,18.5040,15.9440,10.3119,44.7599,84,6,1410,1215,1410,1215,1.0000,1.0000,333661,40,4844,36115,40960,11816,7128,0,0,0,0,0
16384,33554432,25,268.435,18.5413,16.2866,10.2147,45.0426,100,11,1410,1215,1410,1215,1.0000,1.0000,340013,42,4844,36115,40960,23632,20996,0,0,0,0,0
16384,33554432,26,268.435,18.5196,6.9637,10.8016,36.2849,100,11,1410,1215,1410,1215,1.0000,1.0000,341529,43,4844,36115,40960,12820800,292,0,0,0,0,0
16384,33554432,27,268.435,89.5338,15.6624,10.2757,115.4719,100,11,1410,1215,1410,1215,1.0000,1.0000,147639,38,4844,36115,40960,2636,6640,0,0,0,0,0
16384,33554432,28,268.435,18.5466,15.6330,10.2732,44.4528,100,6,1410,1215,1410,1215,1.0000,1.0000,257998,41,4844,36115,40960,2685,6835,0,0,0,0,0
16384,33554432,29,268.435,18.5920,15.7240,10.2739,44.5899,100,6,1410,1215,1410,1215,1.0000,1.0000,340296,43,4844,36115,40960,2685,6835,0,0,0,0,0
16384,67108864,0,536.871,38.5755,113.2545,34.2876,186.1176,0,0,1095,1215,1410,1215,0.7766,1.0000,74144,31,2142,38817,40960,292,244,0,0,0,0,0
16384,67108864,1,536.871,37.8896,17.4464,20.4066,75.7427,16,0,1095,1215,1410,1215,0.7766,1.0000,74144,31,2144,38815,40960,292,292,0,0,0,0,0
16384,67108864,2,536.871,37.6480,17.4262,20.4269,75.5010,27,1,1095,1215,1410,1215,0.7766,1.0000,76192,31,2144,38815,40960,292,439,0,0,0,0,0
16384,67108864,3,536.871,37.6397,15.6315,20.3809,73.6521,27,1,1095,1215,1410,1215,0.7766,1.0000,90280,31,2144,38815,40960,2734,292,0,0,0,0,0
16384,67108864,4,536.871,37.6766,15.5387,20.4406,73.6559,45,2,1230,1215,1410,1215,0.8723,1.0000,103320,31,2144,38815,40960,16503,15722,0,0,0,0,0
16384,67108864,5,536.871,37.8386,15.2692,20.4134,73.5213,41,1,1260,1215,1410,1215,0.8936,1.0000,84662,32,2144,38815,40960,292,244,0,0,0,0,0
16384,67108864,6,536.871,37.8356,13.6682,20.6973,72.2012,41,1,1260,1215,1410,1215,0.8936,1.0000,88468,32,2144,38815,40960,292,244,0,0,0,0,0
16384,67108864,7,536.871,37.6209,13.6378,20.3702,71.6289,49,2,1410,1215,1410,1215,1.0000,1.0000,90043,33,2144,38815,40960,341,292,0,0,0,0,0
16384,67108864,8,536.871,37.5662,13.6109,20.4170,71.5941,49,2,1410,1215,1410,1215,1.0000,1.0000,114839,33,2144,38815,40960,33984,488,0,0,0,0,0
16384,67108864,9,536.871,37.5282,13.5878,20.4164,71.5323,49,2,1410,1215,1410,1215,1.0000,1.0000,124830,33,2144,38815,40960,292,341,0,0,0,0,0
16384,67108864,10,536.871,37.6388,13.6114,20.4499,71.7001,49,2,1410,1215,1410,1215,1.0000,1.0000,157625,33,2144,38815,40960,732,244,0,0,0,0,0
16384,67108864,11,536.871,37.5684,13.6217,20.4147,71.6048,42,2,1410,1215,1410,1215,1.0000,1.0000,107700,33,2144,38815,40960,292,292,0,0,0,0,0
16384,67108864,12,536.871,37.6068,13.6182,20.4334,71.6585,42,2,1410,1215,1410,1215,1.0000,1.0000,107937,34,2144,38815,40960,10156,244,0,0,0,0,0
16384,67108864,13,536.871,37.7626,13.8865,20.4824,72.1315,42,2,1410,1215,1410,1215,1.0000,1.0000,109221,34,5216,35743,40960,1234130,28224707,0,0,0,0,0
16384,67108864,14,536.871,64.1110,30.9903,20.3555,115.4568,49,1,1410,1215,1410,1215,1.0000,1.0000,110979,34,5228,35731,40960,2685,6640,0,0,0,0,0
16384,67108864,15,536.871,37.5502,31.1882,20.3934,89.1317,49,1,1410,1215,1410,1215,1.0000,1.0000,116880,33,5228,35731,40960,3076,6787,0,0,0,0,0
16384,67108864,16,536.871,37.5823,29.7461,20.6312,87.9596,94,6,1410,1215,1410,1215,1.0000,1.0000,344378,41,5228,35731,40960,2734,6884,0,0,0,0,0
16384,67108864,17,536.871,37.7876,31.1459,20.4801,89.4136,100,11,1410,1215,1410,1215,1.0000,1.0000,341293,42,5228,35731,40960,3857,6591,0,0,0,0,0
16384,67108864,18,536.871,37.6231,13.8182,20.5191,71.9604,100,11,1410,1215,1410,1215,1.0000,1.0000,304070,44,5228,35731,40960,28636816,27283447,0,0,0,0,0
16384,67108864,19,536.871,72.2355,30.2608,20.7922,123.2885,100,11,1410,1215,1410,1215,1.0000,1.0000,138227,39,5228,35731,40960,2636,6933,0,0,0,0,0
16384,67108864,20,536.871,37.6310,30.1911,20.4112,88.2333,100,6,1410,1215,1410,1215,1.0000,1.0000,342337,43,5228,35731,40960,2636,6640,0,0,0,0,0
16384,67108864,21,536.871,37.8091,30.1964,20.4180,88.4235,100,11,1410,1215,1410,1215,1.0000,1.0000,344378,44,5228,35731,40960,2685,6835,0,0,0,0,0
16384,67108864,22,536.871,37.6776,22.7724,53.7007,114.1508,100,11,1410,1215,1410,1215,1.0000,1.0000,275607,45,5228,35731,40960,2978,7080,0,0,0,0,0
16384,67108864,23,536.871,106.1157,29.5161,20.4041,156.0360,100,11,1410,1215,1410,1215,1.0000,1.0000,349969,44,5228,35731,40960,3125,6835,0,0,0,0,0
16384,67108864,24,536.871,37.6427,30.7532,20.4182,88.8141,100,7,1410,1215,1410,1215,1.0000,1.0000,333661,43,5228,35731,40960,2734,31201,0,0,0,0,0
16384,67108864,25,536.871,37.7462,30.9672,20.4137,89.1271,100,10,1410,1215,1410,1215,1.0000,1.0000,308039,46,5228,35731,40960,2685,6787,0,0,0,0,0
16384,67108864,26,536.871,37.6069,28.9852,57.1998,123.7919,100,11,1410,1215,1410,1215,1.0000,1.0000,350966,46,5228,35731,40960,2636,7031,0,0,0,0,0
16384,67108864,27,536.871,106.5199,30.2106,20.5804,157.3109,100,9,1410,1215,1410,1215,1.0000,1.0000,151252,41,5228,35731,40960,3027,7080,0,0,0,0,0
16384,67108864,28,536.871,37.7987,31.1588,20.6815,89.6390,100,7,1410,1215,1410,1215,1.0000,1.0000,308794,44,5228,35731,40960,2880,6689,0,0,0,0,0
16384,67108864,29,536.871,37.8014,29.8518,20.4599,88.1131,100,7,1410,1215,1410,1215,1.0000,1.0000,350494,45,5228,35731,40960,5957,6787,0,0,0,0,0
512,524288,0,4.194,0.4903,49.7691,1.1527,51.4120,79,0,1410,1215,1410,1215,1.0000,1.0000,127201,37,1388,39571,40960,6806054,10786083,0,0,0,0,0
512,524288,1,4.194,0.4028,0.2878,0.1902,0.8808,79,0,1410,1215,1410,1215,1.0000,1.0000,124066,37,1390,39569,40960,6905810,10840917,0,0,0,0,0
512,524288,2,4.194,0.3058,0.2935,0.2032,0.8025,79,0,1410,1215,1410,1215,1.0000,1.0000,124066,37,1390,39569,40960,6935937,10731347,0,0,0,0,0
512,524288,3,4.194,0.2966,0.3007,0.2061,0.8034,79,0,1410,1215,1410,1215,1.0000,1.0000,127201,37,1390,39569,40960,6713818,10703173,0,0,0,0,0
512,524288,4,4.194,0.2946,0.3014,0.2135,0.8096,79,0,1410,1215,1410,1215,1.0000,1.0000,127201,37,1390,39569,40960,6917968,10770068,0,0,0,0,0
512,524288,5,4.194,0.2983,0.2995,0.2149,0.8127,81,0,1410,1215,1410,1215,1.0000,1.0000,127352,37,1390,39569,40960,6707568,10705224,0,0,0,0,0
512,524288,6,4.194,0.2959,0.3122,0.2143,0.8224,81,0,1410,1215,1410,1215,1.0000,1.0000,127352,37,1390,39569,40960,6743261,10790917,0,0,0,0,0
512,524288,7,4.194,0.2959,0.2970,0.2144,0.8074,81,0,1410,1215,1410,1215,1.0000,1.0000,127728,37,1390,39569,40960,6739404,10731298,0,0,0,0,0
512,524288,8,4.194,0.2946,0.2960,0.2152,0.8059,81,0,1410,1215,1410,1215,1.0000,1.0000,127728,37,1390,39569,40960,6750244,10796923,0,0,0,0,0
512,524288,9,4.194,0.2967,0.2991,0.2132,0.8090,81,0,1410,1215,1410,1215,1.0000,1.0000,127728,37,1390,39569,40960,6744775,10723193,0,0,0,0,0
512,524288,10,4.194,0.2975,0.2888,0.1861,0.7723,79,0,1410,1215,1410,1215,1.0000,1.0000,126965,37,1390,39569,40960,6801416,10978125,0,0,0,0,0
512,524288,11,4.194,0.3076,0.2848,0.1883,0.7806,79,0,1410,1215,1410,1215,1.0000,1.0000,126965,37,1390,39569,40960,7289599,10999707,0,0,0,0,0
512,524288,12,4.194,0.3083,0.2876,0.1861,0.7820,79,0,1410,1215,1410,1215,1.0000,1.0000,127352,37,1390,39569,40960,6804833,11169384,0,0,0,0,0
512,524288,13,4.194,0.2781,0.2871,0.1870,0.7522,79,0,1410,1215,1410,1215,1.0000,1.0000,127352,37,1390,39569,40960,6687353,10789941,0,0,0,0,0
512,524288,14,4.194,0.3052,0.2958,0.2136,0.8145,79,0,1410,1215,1410,1215,1.0000,1.0000,125445,37,1390,39569,40960,6753466,10800390,0,0,0,0,0
512,524288,15,4.194,0.2966,0.2850,0.1879,0.7695,79,0,1410,1215,1410,1215,1.0000,1.0000,125445,37,1390,39569,40960,6749902,10824169,0,0,0,0,0
512,524288,16,4.194,0.3086,0.2917,0.1987,0.7991,79,0,1410,1215,1410,1215,1.0000,1.0000,127115,37,1390,39569,40960,6816064,10824951,0,0,0,0,0
512,524288,17,4.194,0.2979,0.3025,0.2136,0.8140,79,0,1410,1215,1410,1215,1.0000,1.0000,127115,37,1390,39569,40960,6741113,10621875,0,0,0,0,0
512,524288,18,4.194,0.2960,0.3284,0.2133,0.8377,79,0,1410,1215,1410,1215,1.0000,1.0000,127115,37,1390,39569,40960,6781103,10731591,0,0,0,0,0
512,524288,19,4.194,0.2917,0.2966,0.2135,0.8018,79,0,1410,1215,1410,1215,1.0000,1.0000,125831,37,1390,39569,40960,6738183,10731298,0,0,0,0,0
512,524288,20,4.194,0.2924,0.3027,0.2121,0.8071,79,0,1410,1215,1410,1215,1.0000,1.0000,125831,37,1390,39569,40960,6762646,11686376,0,0,0,0,0
512,524288,21,4.194,0.2981,0.3046,0.1900,0.7927,79,0,1410,1215,1410,1215,1.0000,1.0000,127636,37,1390,39569,40960,6880859,10840917,0,0,0,0,0
512,524288,22,4.194,0.3058,0.2903,0.1899,0.7859,79,0,1410,1215,1410,1215,1.0000,1.0000,127636,37,1390,39569,40960,6756250,10927343,0,0,0,0,0
512,524288,23,4.194,0.3092,0.3159,0.2139,0.8390,79,0,1410,1215,1410,1215,1.0000,1.0000,125831,37,1390,39569,40960,6731103,10703271,0,0,0,0,0
512,524288,24,4.194,0.2948,0.2979,0.1880,0.7808,79,0,1410,1215,1410,1215,1.0000,1.0000,125831,37,1390,39569,40960,6756689,10755078,0,0,0,0,0
512,524288,25,4.194,0.3066,0.3002,0.1855,0.7922,79,0,1410,1215,1410,1215,1.0000,1.0000,126878,37,1390,39569,40960,6728173,10693798,0,0,0,0,0
512,524288,26,4.194,0.3088,0.2994,0.1927,0.8010,79,0,1410,1215,1410,1215,1.0000,1.0000,126878,37,1390,39569,40960,6740478,10731396,0,0,0,0,0
512,524288,27,4.194,0.3095,0.3045,0.1999,0.8140,79,0,1410,1215,1410,1215,1.0000,1.0000,126878,37,1390,39569,40960,6753808,10731396,0,0,0,0,0
512,524288,28,4.194,0.2965,0.3019,0.2141,0.8124,79,0,1410,1215,1410,1215,1.0000,1.0000,127115,37,1390,39569,40960,6695117,10751660,0,0,0,0,0
512,524288,29,4.194,0.3135,0.2993,0.2128,0.8256,79,0,1410,1215,1410,1215,1.0000,1.0000,127115,37,1390,39569,40960,6729345,10760400,0,0,0,0,0
512,1048576,0,8.389,0.7777,26.7122,0.7846,28.2745,79,0,1410,1215,1410,1215,1.0000,1.0000,125965,37,1394,39565,40960,6806787,10731347,0,0,0,0,0
512,1048576,1,8.389,0.5843,0.3918,0.4520,1.4281,79,0,1410,1215,1410,1215,1.0000,1.0000,121880,37,1396,39563,40960,6743603,10656640,0,0,0,0,0
512,1048576,2,8.389,0.5179,0.3951,0.4120,1.3250,80,0,1410,1215,1410,1215,1.0000,1.0000,127201,37,1396,39563,40960,6743603,10647949,0,0,0,0,0
512,1048576,3,8.389,0.5238,0.3954,0.4404,1.3595,80,0,1410,1215,1410,1215,1.0000,1.0000,127201,37,1396,39563,40960,6721093,10633056,0,0,0,0,0
512,1048576,4,8.389,0.5192,0.4068,0.4191,1.3452,80,0,1410,1215,1410,1215,1.0000,1.0000,127201,37,1396,39563,40960,6771142,10626513,0,0,0,0,0
512,1048576,5,8.389,0.5247,0.4017,0.4966,1.4231,80,0,1410,1215,1410,1215,1.0000,1.0000,126728,37,1396,39563,40960,6704785,10689501,0,0,0,0,0
512,1048576,6,8.389,0.5560,0.4182,0.4190,1.3932,80,0,1410,1215,1410,1215,1.0000,1.0000,126728,37,1396,39563,40960,6802246,10973974,0,0,0,0,0
512,1048576,7,8.389,0.5236,0.4041,0.4161,1.3438,79,0,1410,1215,1410,1215,1.0000,1.0000,126115,37,1396,39563,40960,6882714,10748095,0,0,0,0,0
512,1048576,8,8.389,0.5216,0.4005,0.4375,1.3595,79,0,1410,1215,1410,1215,1.0000,1.0000,126115,37,1396,39563,40960,6781445,10731396,0,0,0,0,0
512,1048576,9,8.389,0.5199,0.4070,0.4248,1.3517,79,0,1410,1215,1410,1215,1.0000,1.0000,126115,37,1396,39563,40960,6745800,10703222,0,0,0,0,0
512,1048576,10,8.389,0.5225,0.4181,0.5014,1.4420,79,0,1410,1215,1410,1215,1.0000,1.0000,126115,37,1396,39563,40960,6724755,10681835,0,0,0,0,0
512,1048576,11,8.389,0.5240,0.4197,0.5603,1.5039,79,0,1410,1215,1410,1215,1.0000,1.0000,127485,37,1396,39563,40960,6747070,10704541,0,0,0,0,0
512,1048576,12,8.389,0.5333,0.4096,0.4395,1.3824,79,0,1410,1215,1410,1215,1.0000,1.0000,127485,37,1396,39563,40960,6708154,10731298,0,0,0,0,0
512,1048576,13,8.389,0.5240,0.3974,0.4508,1.3722,79,0,1410,1215,1410,1215,1.0000,1.0000,127485,37,1396,39563,40960,6712646,10676611,0,0,0,0,0
512,1048576,14,8.389,0.5613,0.4037,0.4254,1.3904,79,0,1410,1215,1410,1215,1.0000,1.0000,127201,37,1396,39563,40960,6737646,10631103,0,0,0,0,0
512,1048576,15,8.389,0.5283,0.4126,0.5291,1.4700,79,0,1410,1215,1410,1215,1.0000,1.0000,127201,37,1396,39563,40960,6726171,10731445,0,0,0,0,0
512,1048576,16,8.389,0.5450,0.4003,0.4167,1.3620,79,0,1410,1215,1410,1215,1.0000,1.0000,127201,37,1396,39563,40960,6779980,11066210,0,0,0,0,0
512,1048576,17,8.389,0.5240,0.4047,0.5264,1.4551,79,0,1410,1215,1410,1215,1.0000,1.0000,127201,37,1396,39563,40960,6872265,10950341,0,0,0,0,0
512,1048576,18,8.389,0.5435,0.4079,0.4447,1.3961,79,0,1410,1215,1410,1215,1.0000,1.0000,127201,37,1396,39563,40960,6760205,10645703,0,0,0,0,0
512,1048576,19,8.389,0.5622,0.4060,0.4200,1.3881,79,0,1410,1215,1410,1215,1.0000,1.0000,127201,37,1396,39563,40960,6687353,10726416,0,0,0,0,0
512,1048576,20,8.389,0.5271,0.4167,0.5377,1.4815,79,0,1410,1215,1410,1215,1.0000,1.0000,127201,37,1396,39563,40960,6800292,10621826,0,0,0,0,0
512,1048576,21,8.389,0.5413,0.4087,0.4189,1.3688,79,0,1410,1215,1410,1215,1.0000,1.0000,127201,37,1396,39563,40960,6715527,10732275,0,0,0,0,0
512,1048576,22,8.389,0.5269,0.4267,0.4455,1.3991,79,0,1410,1215,1410,1215,1.0000,1.0000,127201,37,1396,39563,40960,6753710,10731347,0,0,0,0,0
512,1048576,23,8.389,0.5640,0.4057,0.4168,1.3865,79,0,1410,1215,1410,1215,1.0000,1.0000,127201,37,1396,39563,40960,6687402,10712792,0,0,0,0,0
512,1048576,24,8.389,0.5230,0.4150,0.5340,1.4721,79,0,1410,1215,1410,1215,1.0000,1.0000,127201,37,1396,39563,40960,6717333,10731396,0,0,0,0,0
512,1048576,25,8.389,0.5437,0.4094,0.4233,1.3765,79,0,1410,1215,1410,1215,1.0000,1.0000,127201,37,1396,39563,40960,6711425,10671582,0,0,0,0,0
512,1048576,26,8.389,0.5244,0.3953,0.4169,1.3367,79,0,1410,1215,1410,1215,1.0000,1.0000,127201,37,1396,39563,40960,6936718,11068994,0,0,0,0,0
512,1048576,27,8.389,0.5249,0.4379,0.4289,1.3918,79,0,1410,1215,1410,1215,1.0000,1.0000,127485,37,1396,39563,40960,6897705,10695996,0,0,0,0,0
512,1048576,28,8.389,0.5306,0.4064,0.4671,1.4041,79,0,1410,1215,1410,1215,1.0000,1.0000,127485,37,1396,39563,40960,6819970,10675976,0,0,0,0,0
512,1048576,29,8.389,0.5425,0.4139,0.5626,1.5190,79,0,1410,1215,1410,1215,1.0000,1.0000,126965,37,1396,39563,40960,6744335,10690625,0,0,0,0,0
512,2097152,0,16.777,1.5303,28.3200,1.1749,31.0252,78,0,1410,1215,1410,1215,1.0000,1.0000,132253,37,1406,39553,40960,6731201,10731396,0,0,0,0,0
512,2097152,1,16.777,1.2751,0.6198,0.6901,2.5850,78,0,1410,1215,1410,1215,1.0000,1.0000,127636,37,1408,39551,40960,6895410,10840869,0,0,0,0,0
512,2097152,2,16.777,1.1014,0.6021,0.6731,2.3766,78,0,1410,1215,1410,1215,1.0000,1.0000,126445,37,1408,39551,40960,6943798,11032226,0,0,0,0,0
512,2097152,3,16.777,1.0184,0.6179,0.6685,2.3048,81,0,1410,1215,1410,1215,1.0000,1.0000,126445,37,1408,39551,40960,7392626,10721044,0,0,0,0,0
512,2097152,4,16.777,1.0038,0.6220,0.6836,2.3095,81,0,1410,1215,1410,1215,1.0000,1.0000,126445,37,1408,39551,40960,6750634,10714062,0,0,0,0,0
512,2097152,5,16.777,1.0419,0.6236,0.7219,2.3874,81,0,1410,1215,1410,1215,1.0000,1.0000,126445,37,1408,39551,40960,6700537,10718701,0,0,0,0,0
512,2097152,6,16.777,1.0120,0.6074,0.6697,2.2890,81,0,1410,1215,1410,1215,1.0000,1.0000,126445,37,1408,39551,40960,6754150,10731445,0,0,0,0,0
512,2097152,7,16.777,1.0247,0.6250,0.7108,2.3605,79,0,1410,1215,1410,1215,1.0000,1.0000,127115,37,1408,39551,40960,6737353,10731396,0,0,0,0,0
512,2097152,8,16.777,1.0078,0.5993,0.6696,2.2767,79,0,1410,1215,1410,1215,1.0000,1.0000,127115,37,1408,39551,40960,6687353,10751953,0,0,0,0,0
512,2097152,9,16.777,1.0001,0.6138,0.7053,2.3191,79,0,1410,1215,1410,1215,1.0000,1.0000,127352,37,1408,39551,40960,6745556,10720507,0,0,0,0,0
512,2097152,10,16.777,1.0107,0.6150,0.6950,2.3207,79,0,1410,1215,1410,1215,1.0000,1.0000,127352,37,1408,39551,40960,6736523,10748437,0,0,0,0,0
512,2097152,11,16.777,1.0238,0.6076,0.6650,2.2965,79,0,1410,1215,1410,1215,1.0000,1.0000,127636,37,1408,39551,40960,6967285,10840917,0,0,0,0,0
512,2097152,12,16.777,1.0349,0.5984,0.6741,2.3074,79,0,1410,1215,1410,1215,1.0000,1.0000,127636,37,1408,39551,40960,7009960,10950585,0,0,0,0,0
512,2097152,13,16.777,1.0421,0.6289,0.6808,2.3517,79,0,1410,1215,1410,1215,1.0000,1.0000,126115,37,1408,39551,40960,6726074,10731396,0,0,0,0,0
512,2097152,14,16.777,1.0056,0.6146,0.6730,2.2932,79,0,1410,1215,1410,1215,1.0000,1.0000,126115,37,1408,39551,40960,6743066,10731445,0,0,0,0,0
512,2097152,15,16.777,1.0182,0.6339,0.6736,2.3257,79,0,1410,1215,1410,1215,1.0000,1.0000,126115,37,1408,39551,40960,6755517,10737207,0,0,0,0,0
512,2097152,16,16.777,1.0198,0.6184,0.6818,2.3199,79,0,1410,1215,1410,1215,1.0000,1.0000,127115,37,1408,39551,40960,6739843,10713525,0,0,0,0,0
512,2097152,17,16.777,1.0186,0.6143,0.7162,2.3490,79,0,1410,1215,1410,1215,1.0000,1.0000,127115,37,1408,39551,40960,6880517,10731396,0,0,0,0,0
512,2097152,18,16.777,0.9947,0.6200,0.6776,2.2924,79,0,1410,1215,1410,1215,1.0000,1.0000,128399,37,1408,39551,40960,6743945,10676611,0,0,0,0,0
512,2097152,19,16.777,1.0153,0.6219,0.6797,2.3170,79,0,1410,1215,1410,1215,1.0000,1.0000,128399,37,1408,39551,40960,6740283,10731494,0,0,0,0,0
512,2097152,20,16.777,1.0207,0.6170,0.6651,2.3028,79,0,1410,1215,1410,1215,1.0000,1.0000,125831,37,1408,39551,40960,6743652,10830273,0,0,0,0,0
512,2097152,21,16.777,1.0256,0.6061,0.6677,2.2994,79,0,1410,1215,1410,1215,1.0000,1.0000,125831,37,1408,39551,40960,6819873,11257812,0,0,0,0,0
512,2097152,22,16.777,1.0269,0.6090,0.6731,2.3090,79,0,1410,1215,1410,1215,1.0000,1.0000,126351,37,1408,39551,40960,6817431,11020605,0,0,0,0,0
512,2097152,23,16.777,1.0037,0.6115,0.6812,2.2964,79,0,1410,1215,1410,1215,1.0000,1.0000,126351,37,1408,39551,40960,6753271,10677490,0,0,0,0,0
512,2097152,24,16.777,1.0246,0.6165,0.6691,2.3103,79,0,1410,1215,1410,1215,1.0000,1.0000,127115,37,1408,39551,40960,6743994,10779101,0,0,0,0,0
512,2097152,25,16.777,1.0318,0.6184,0.6796,2.3298,79,0,1410,1215,1410,1215,1.0000,1.0000,127115,37,1408,39551,40960,6792626,10731396,0,0,0,0,0
512,2097152,26,16.777,1.0243,0.6195,0.6805,2.3243,79,0,1410,1215,1410,1215,1.0000,1.0000,127115,37,1408,39551,40960,6745312,10731396,0,0,0,0,0
512,2097152,27,16.777,1.0192,0.6204,0.6801,2.3197,79,0,1410,1215,1410,1215,1.0000,1.0000,127115,37,1408,39551,40960,6743652,10719677,0,0,0,0,0
512,2097152,28,16.777,1.0009,0.6022,0.7136,2.3167,79,0,1410,1215,1410,1215,1.0000,1.0000,127115,37,1408,39551,40960,6733154,10731542,0,0,0,0,0
512,2097152,29,16.777,1.0068,0.6039,0.6710,2.2818,79,0,1410,1215,1410,1215,1.0000,1.0000,126878,37,1408,39551,40960,6738134,10731445,0,0,0,0,0
512,4194304,0,33.554,2.9556,27.1738,2.2527,32.3821,78,0,1410,1215,1410,1215,1.0000,1.0000,131576,37,1430,39529,40960,6727783,10646337,0,0,0,0,0
512,4194304,1,33.554,2.4717,1.0297,1.3046,4.8060,78,0,1410,1215,1410,1215,1.0000,1.0000,130057,37,1432,39527,40960,6806396,10850097,0,0,0,0,0
512,4194304,2,33.554,2.2928,1.0259,1.3089,4.6275,78,0,1410,1215,1410,1215,1.0000,1.0000,130057,37,1432,39527,40960,6804931,11576611,0,0,0,0,0
512,4194304,3,33.554,2.2481,1.0502,1.3068,4.6051,80,0,1410,1215,1410,1215,1.0000,1.0000,131813,37,1432,39527,40960,6943798,10934570,0,0,0,0,0
512,4194304,4,33.554,2.3049,1.0347,1.3153,4.6549,80,0,1410,1215,1410,1215,1.0000,1.0000,131813,37,1432,39527,40960,6745654,10722558,0,0,0,0,0
512,4194304,5,33.554,2.2367,1.0447,1.3199,4.6014,80,0,1410,1215,1410,1215,1.0000,1.0000,132096,37,1432,39527,40960,6701074,10725097,0,0,0,0,0
512,4194304,6,33.554,2.1970,1.0281,1.3144,4.5395,80,0,1410,1215,1410,1215,1.0000,1.0000,132096,37,1432,39527,40960,7027441,10708837,0,0,0,0,0
512,4194304,7,33.554,2.2176,1.0207,1.3096,4.5479,80,0,1410,1215,1410,1215,1.0000,1.0000,131293,37,1432,39527,40960,6735156,10621923,0,0,0,0,0
512,4194304,8,33.554,2.1615,1.0406,1.3140,4.5161,80,0,1410,1215,1410,1215,1.0000,1.0000,131293,37,1432,39527,40960,6740869,10741064,0,0,0,0,0
512,4194304,9,33.554,2.1395,1.0306,1.3048,4.4748,80,0,1410,1215,1410,1215,1.0000,1.0000,132332,37,1432,39527,40960,6687402,10711181,0,0,0,0,0
512,4194304,10,33.554,2.1406,1.0177,1.3441,4.5024,80,0,1410,1215,1410,1215,1.0000,1.0000,132332,37,1432,39527,40960,6735498,11243896,0,0,0,0,0
512,4194304,11,33.554,2.1443,1.0427,1.3120,4.4990,80,0,1410,1215,1410,1215,1.0000,1.0000,129530,37,1432,39527,40960,6896240,10731396,0,0,0,0,0
512,4194304,12,33.554,2.1539,1.0348,1.3149,4.5036,80,0,1410,1215,1410,1215,1.0000,1.0000,129530,37,1432,39527,40960,6812451,10802636,0,0,0,0,0
512,4194304,13,33.554,2.1861,1.0382,1.3010,4.5253,80,0,1410,1215,1410,1215,1.0000,1.0000,129767,37,1432,39527,40960,6743408,10731396,0,0,0,0,0
512,4194304,14,33.554,2.1565,1.0543,1.3070,4.5178,80,0,1410,1215,1410,1215,1.0000,1.0000,129767,37,1432,39527,40960,6722460,10635302,0,0,0,0,0
512,4194304,15,33.554,2.1408,1.0364,1.3043,4.4814,80,0,1410,1215,1410,1215,1.0000,1.0000,135661,37,1432,39527,40960,6732568,10642919,0,0,0,0,0
512,4194304,16,33.554,2.1349,1.0588,1.3247,4.5184,81,0,1410,1215,1410,1215,1.0000,1.0000,135661,37,1432,39527,40960,6686376,10676855,0,0,0,0,0
512,4194304,17,33.554,2.1135,1.0343,1.3056,4.4535,81,0,1410,1215,1410,1215,1.0000,1.0000,135661,37,1432,39527,40960,6765283,10667431,0,0,0,0,0
512,4194304,18,33.554,2.0720,1.0415,1.3070,4.4205,81,0,1410,1215,1410,1215,1.0000,1.0000,133332,37,1432,39527,40960,6731103,10621923,0,0,0,0,0
512,4194304,19,33.554,2.1233,1.0462,1.3234,4.4929,81,0,1410,1215,1410,1215,1.0000,1.0000,133332,37,1432,39527,40960,6744091,10696435,0,0,0,0,0
512,4194304,20,33.554,2.1180,1.0174,1.3230,4.4583,80,0,1410,1215,1410,1215,1.0000,1.0000,133332,37,1432,39527,40960,6953759,10980371,0,0,0,0,0
512,4194304,21,33.554,2.1104,1.0251,1.3153,4.4508,80,0,1410,1215,1410,1215,1.0000,1.0000,133332,37,1432,39527,40960,6870410,10832128,0,0,0,0,0
512,4194304,22,33.554,2.1343,1.0318,1.3021,4.4681,80,0,1410,1215,1410,1215,1.0000,1.0000,130530,37,1432,39527,40960,6739501,10663916,0,0,0,0,0
512,4194304,23,33.554,2.1277,1.0339,1.3183,4.4799,80,0,1410,1215,1410,1215,1.0000,1.0000,130530,37,1432,39527,40960,7086669,10781835,0,0,0,0,0
512,4194304,24,33.554,2.1282,1.0242,1.3271,4.4795,80,0,1410,1215,1410,1215,1.0000,1.0000,130293,37,1432,39527,40960,6687109,10730468,0,0,0,0,0
512,4194304,25,33.554,2.1326,1.0340,1.3292,4.4958,80,0,1410,1215,1410,1215,1.0000,1.0000,130293,37,1432,39527,40960,6717919,10749609,0,0,0,0,0
512,4194304,26,33.554,2.1355,1.0342,1.3254,4.4951,80,0,1410,1215,1410,1215,1.0000,1.0000,132576,37,1432,39527,40960,6687353,10731298,0,0,0,0,0
512,4194304,27,33.554,2.1363,1.0344,1.3070,4.4776,80,0,1410,1215,1410,1215,1.0000,1.0000,132576,37,1432,39527,40960,6743652,10731445,0,0,0,0,0
512,4194304,28,33.554,2.1292,1.0561,1.3066,4.4919,80,0,1410,1215,1410,1215,1.0000,1.0000,129767,37,1432,39527,40960,6730859,10723925,0,0,0,0,0
512,4194304,29,33.554,2.1233,1.0365,1.3124,4.4722,80,0,1410,1215,1410,1215,1.0000,1.0000,129767,37,1432,39527,40960,6776611,10919726,0,0,0,0,0
512,8388608,0,67.109,5.4609,32.6346,5.6202,43.7156,79,0,1410,1215,1410,1215,1.0000,1.0000,131813,37,1478,39481,40960,6800781,10731396,0,0,0,0,0
512,8388608,1,67.109,4.8757,1.8737,3.1883,9.9377,79,0,1410,1215,1410,1215,1.0000,1.0000,131050,37,1480,39479,40960,6746972,10791406,0,0,0,0,0
512,8388608,2,67.109,4.5713,1.8988,3.1457,9.6159,82,0,1410,1215,1410,1215,1.0000,1.0000,131813,37,1480,39479,40960,6746240,10695800,0,0,0,0,0
512,8388608,3,67.109,4.5809,1.8838,3.1627,9.6274,82,0,1410,1215,1410,1215,1.0000,1.0000,131813,37,1480,39479,40960,6779980,10759228,0,0,0,0,0
512,8388608,4,67.109,4.5267,1.8813,3.1537,9.5617,82,0,1410,1215,1410,1215,1.0000,1.0000,131813,37,1480,39479,40960,6785888,10785351,0,0,0,0,0
512,8388608,5,67.109,4.4941,1.8876,3.1479,9.5296,82,0,1410,1215,1410,1215,1.0000,1.0000,131813,37,1480,39479,40960,6767333,10874609,0,0,0,0,0
512,8388608,6,67.109,4.4907,1.8875,3.2002,9.5784,82,0,1410,1215,1410,1215,1.0000,1.0000,131293,37,1480,39479,40960,6899072,10797949,0,0,0,0,0
512,8388608,7,67.109,4.4524,1.8884,3.1508,9.4916,82,0,1410,1215,1410,1215,1.0000,1.0000,131293,37,1480,39479,40960,7147656,10786132,0,0,0,0,0
512,8388608,8,67.109,4.4276,1.8836,3.1649,9.4761,82,0,1410,1215,1410,1215,1.0000,1.0000,130293,37,1480,39479,40960,6765332,10731347,0,0,0,0,0
512,8388608,9,67.109,4.4824,1.8740,3.1903,9.5467,82,0,1410,1215,1410,1215,1.0000,1.0000,130293,37,1480,39479,40960,6810302,10731445,0,0,0,0,0
512,8388608,10,67.109,4.5111,1.8787,3.1545,9.5443,82,0,1410,1215,1410,1215,1.0000,1.0000,132096,37,1480,39479,40960,6765527,10731396,0,0,0,0,0
512,8388608,11,67.109,4.4674,1.8776,3.1445,9.4895,82,0,1410,1215,1410,1215,1.0000,1.0000,132096,37,1480,39479,40960,6758447,10788476,0,0,0,0,0
512,8388608,12,67.109,4.4494,1.8783,3.1552,9.4830,82,0,1410,1215,1410,1215,1.0000,1.0000,131050,37,1480,39479,40960,6746093,10783056,0,0,0,0,0
512,8388608,13,67.109,4.4709,1.8923,3.1501,9.5133,82,0,1410,1215,1410,1215,1.0000,1.0000,131050,37,1480,39479,40960,6828613,10830810,0,0,0,0,0
512,8388608,14,67.109,4.4806,1.8806,3.1484,9.5096,82,0,1410,1215,1410,1215,1.0000,1.0000,132096,37,1480,39479,40960,7844091,10844433,0,0,0,0,0
512,8388608,15,67.109,4.4731,1.8691,3.1654,9.5076,82,0,1410,1215,1410,1215,1.0000,1.0000,132576,37,1480,39479,40960,6899316,10824023,0,0,0,0,0
512,8388608,16,67.109,4.4889,1.8662,3.2185,9.5736,82,0,1410,1215,1410,1215,1.0000,1.0000,132576,37,1480,39479,40960,6744824,11323242,0,0,0,0,0
512,8388608,17,67.109,4.4903,1.9059,3.1538,9.5500,82,0,1410,1215,1410,1215,1.0000,1.0000,131576,37,1480,39479,40960,6749169,10799462,0,0,0,0,0
512,8388608,18,67.109,4.4849,1.8798,3.1416,9.5063,82,0,1410,1215,1410,1215,1.0000,1.0000,131576,37,1480,39479,40960,6751025,10841015,0,0,0,0,0
512,8388608,19,67.109,4.4669,1.8609,3.1829,9.5107,82,0,1410,1215,1410,1215,1.0000,1.0000,131813,37,1480,39479,40960,6755761,10731542,0,0,0,0,0
512,8388608,20,67.109,4.5234,1.8793,3.1650,9.5677,82,0,1410,1215,1410,1215,1.0000,1.0000,131813,37,1480,39479,40960,6788574,10757324,0,0,0,0,0
512,8388608,21,67.109,4.5120,1.8928,3.1466,9.5514,82,0,1410,1215,1410,1215,1.0000,1.0000,129767,37,1480,39479,40960,6743505,10736718,0,0,0,0,0
512,8388608,22,67.109,4.5378,1.8734,3.1509,9.5620,82,0,1410,1215,1410,1215,1.0000,1.0000,129767,37,1480,39479,40960,6971679,10753125,0,0,0,0,0
512,8388608,23,67.109,4.5129,1.8934,3.1581,9.5644,82,0,1410,1215,1410,1215,1.0000,1.0000,131050,37,1480,39479,40960,6801757,10875195,0,0,0,0,0
512,8388608,24,67.109,4.4663,1.8837,3.1999,9.5499,82,0,1410,1215,1410,1215,1.0000,1.0000,131050,37,1480,39479,40960,6881494,10742236,0,0,0,0,0
512,8388608,25,67.109,4.4747,1.8781,3.1581,9.5108,82,0,1410,1215,1410,1215,1.0000,1.0000,131050,37,1480,39479,40960,6745654,10808007,0,0,0,0,0
512,8388608,26,67.109,4.4699,1.8724,3.1667,9.5090,82,0,1410,1215,1410,1215,1.0000,1.0000,131050,37,1480,39479,40960,6768408,10773535,0,0,0,0,0
512,8388608,27,67.109,4.4754,1.8671,3.1523,9.4948,82,0,1410,1215,1410,1215,1.0000,1.0000,132096,37,1480,39479,40960,6744238,10728515,0,0,0,0,0
512,8388608,28,67.109,4.4759,1.8892,3.1446,9.5097,82,0,1410,1215,1410,1215,1.0000,1.0000,132096,37,1480,39479,40960,6767236,10780322,0,0,0,0,0
512,8388608,29,67.109,4.5034,1.8872,3.1653,9.5559,82,0,1410,1215,1410,1215,1.0000,1.0000,132859,37,1480,39479,40960,6760986,10735644,0,0,0,0,0
512,16777216,0,134.218,12.3009,28.7779,10.9281,52.0070,78,0,1410,1215,1410,1215,1.0000,1.0000,129163,37,1574,39385,40960,6812451,10774951,0,0,0,0,0
512,16777216,1,134.218,11.2045,4.0829,6.0955,21.3829,81,0,1410,1215,1410,1215,1.0000,1.0000,130684,37,1576,39383,40960,6711328,10713427,0,0,0,0,0
512,16777216,2,134.218,11.1035,4.0826,6.0370,21.2232,81,0,1410,1215,1410,1215,1.0000,1.0000,131050,37,1576,39383,40960,6709912,10663134,0,0,0,0,0
512,16777216,3,134.218,11.2408,4.0662,6.0710,21.3780,81,0,1410,1215,1410,1215,1.0000,1.0000,131050,37,1576,39383,40960,6950537,10731396,0,0,0,0,0
512,16777216,4,134.218,11.1540,4.0802,6.0626,21.2968,82,1,1410,1215,1410,1215,1.0000,1.0000,130813,37,1576,39383,40960,6731347,10636914,0,0,0,0,0
512,16777216,5,134.218,11.0455,4.0726,6.0078,21.1259,82,1,1410,1215,1410,1215,1.0000,1.0000,147167,37,1576,39383,40960,6776269,10950390,0,0,0,0,0
512,16777216,6,134.218,11.1076,4.0749,6.0526,21.2351,82,1,1410,1215,1410,1215,1.0000,1.0000,147167,37,1576,39383,40960,6876708,10964062,0,0,0,0,0
512,16777216,7,134.218,11.0639,4.0784,6.0024,21.1447,84,1,1410,1215,1410,1215,1.0000,1.0000,129530,37,1576,39383,40960,6714404,10731396,0,0,0,0,0
512,16777216,8,134.218,11.1000,4.0838,6.0649,21.2487,84,1,1410,1215,1410,1215,1.0000,1.0000,137187,37,1576,39383,40960,6742333,10731396,0,0,0,0,0
512,16777216,9,134.218,11.0699,4.0588,6.0420,21.1707,84,1,1410,1215,1410,1215,1.0000,1.0000,137187,37,1576,39383,40960,6721630,10731494,0,0,0,0,0
512,16777216,10,134.218,11.0687,4.0841,6.0477,21.2006,85,1,1410,1215,1410,1215,1.0000,1.0000,131813,37,1576,39383,40960,6731445,10622021,0,0,0,0,0
512,16777216,11,134.218,11.0782,4.0914,6.0488,21.2184,85,1,1410,1215,1410,1215,1.0000,1.0000,131813,37,1576,39383,40960,6743164,10661914,0,0,0,0,0
512,16777216,12,134.218,11.0635,4.0716,6.0172,21.1522,85,1,1410,1215,1410,1215,1.0000,1.0000,130057,37,1576,39383,40960,6891064,10752441,0,0,0,0,0
512,16777216,13,134.218,11.0436,4.0483,6.0717,21.1636,85,1,1410,1215,1410,1215,1.0000,1.0000,131813,37,1576,39383,40960,6742431,10909423,0,0,0,0,0
512,16777216,14,134.218,11.1028,4.0824,6.0501,21.2353,85,1,1410,1215,1410,1215,1.0000,1.0000,131813,37,1576,39383,40960,6759570,10726123,0,0,0,0,0
512,16777216,15,134.218,11.0676,4.0658,6.0407,21.1741,85,1,1410,1215,1410,1215,1.0000,1.0000,131293,37,1576,39383,40960,6732421,10621972,0,0,0,0,0
512,16777216,16,134.218,11.0924,4.0715,6.0602,21.2241,84,1,1410,1215,1410,1215,1.0000,1.0000,141036,37,1576,39383,40960,6744921,10642382,0,0,0,0,0
512,16777216,17,134.218,11.0814,4.0534,6.0469,21.1817,84,1,1410,1215,1410,1215,1.0000,1.0000,141036,37,1576,39383,40960,6736865,10695312,0,0,0,0,0
512,16777216,18,134.218,11.0610,4.1047,6.0445,21.2101,84,1,1410,1215,1410,1215,1.0000,1.0000,130813,37,1576,39383,40960,6710009,10685742,0,0,0,0,0
512,16777216,19,134.218,11.1743,4.0869,6.0378,21.2990,84,1,1410,1215,1410,1215,1.0000,1.0000,130813,37,1576,39383,40960,7441748,10849023,0,0,0,0,0
512,16777216,20,134.218,11.0496,4.0830,6.0575,21.1901,84,1,1410,1215,1410,1215,1.0000,1.0000,131205,37,1576,39383,40960,6913916,10708740,0,0,0,0,0
512,16777216,21,134.218,11.0624,4.0812,6.0797,21.2232,84,1,1410,1215,1410,1215,1.0000,1.0000,131050,37,1576,39383,40960,6728466,10652392,0,0,0,0,0
512,16777216,22,134.218,11.0790,4.0650,6.0427,21.1867,84,1,1410,1215,1410,1215,1.0000,1.0000,131050,37,1576,39383,40960,6749511,10731396,0,0,0,0,0
512,16777216,23,134.218,11.0507,4.0678,6.0395,21.1580,84,1,1410,1215,1410,1215,1.0000,1.0000,131050,37,1576,39383,40960,6730322,12494482,0,0,0,0,0
512,16777216,24,134.218,11.0934,4.0940,6.0457,21.2331,84,1,1410,1215,1410,1215,1.0000,1.0000,129767,37,1576,39383,40960,6704150,10731396,0,0,0,0,0
512,16777216,25,134.218,11.1217,4.0812,6.0010,21.2038,84,1,1410,1215,1410,1215,1.0000,1.0000,129767,37,1576,39383,40960,6744091,10736181,0,0,0,0,0
512,16777216,26,134.218,11.1089,4.0901,6.0462,21.2452,84,1,1410,1215,1410,1215,1.0000,1.0000,129767,37,1576,39383,40960,6883398,10840820,0,0,0,0,0
512,16777216,27,134.218,11.0556,4.0681,6.6965,21.8202,84,1,1410,1215,1410,1215,1.0000,1.0000,131050,37,1576,39383,40960,6864794,10627490,0,0,0,0,0
512,16777216,28,134.218,11.1827,4.1981,6.0628,21.4436,84,1,1410,1215,1410,1215,1.0000,1.0000,131050,37,1576,39383,40960,6740625,10663330,0,0,0,0,0
512,16777216,29,134.218,11.0540,4.0605,6.1287,21.2432,84,1,1410,1215,1410,1215,1.0000,1.0000,146404,37,1576,39383,40960,6685400,10708593,0,0,0,0,0
512,33554432,0,268.435,19.8603,33.5700,18.5048,71.9351,79,0,1410,1215,1410,1215,1.0000,1.0000,131576,37,1766,39193,40960,7090917,10840966,0,0,0,0,0
512,33554432,1,268.435,19.3235,8.5369,10.8168,38.6773,79,0,1410,1215,1410,1215,1.0000,1.0000,127115,37,1768,39191,40960,7569287,11045410,0,0,0,0,0
512,33554432,2,268.435,18.9414,8.5017,10.9426,38.3856,83,0,1410,1215,1410,1215,1.0000,1.0000,131293,37,1768,39191,40960,6890722,10793505,0,0,0,0,0
512,33554432,3,268.435,18.9353,8.5037,10.8846,38.3236,83,0,1410,1215,1410,1215,1.0000,1.0000,131293,37,1768,39191,40960,6784033,10978320,0,0,0,0,0
512,33554432,4,268.435,18.8498,8.4754,10.8297,38.1549,86,1,1410,1215,1410,1215,1.0000,1.0000,160428,37,1768,39191,40960,6747949,10732324,0,0,0,0,0
512,33554432,5,268.435,18.8344,8.5407,10.8565,38.2316,86,1,1410,1215,1410,1215,1.0000,1.0000,131448,37,1768,39191,40960,6752636,10731445,0,0,0,0,0
512,33554432,6,268.435,18.8248,8.5073,10.7990,38.1311,86,1,1410,1215,1410,1215,1.0000,1.0000,129920,37,1768,39191,40960,6877783,10795166,0,0,0,0,0
512,33554432,7,268.435,18.8531,8.5260,10.7875,38.1667,86,2,1410,1215,1410,1215,1.0000,1.0000,129920,37,1768,39191,40960,6880126,10812597,0,0,0,0,0
512,33554432,8,268.435,18.8610,8.5012,10.8262,38.1884,86,2,1410,1215,1410,1215,1.0000,1.0000,130530,37,1768,39191,40960,6788867,10766992,0,0,0,0,0
512,33554432,9,268.435,18.7920,8.4938,10.8445,38.1302,89,2,1410,1215,1410,1215,1.0000,1.0000,162993,37,1768,39191,40960,6781298,10781249,0,0,0,0,0
512,33554432,10,268.435,18.8059,8.4734,10.9158,38.1951,89,2,1410,1215,1410,1215,1.0000,1.0000,131969,37,1768,39191,40960,6799609,10750976,0,0,0,0,0
512,33554432,11,268.435,18.7874,8.5185,10.8292,38.1351,86,2,1410,1215,1410,1215,1.0000,1.0000,129684,37,1768,39191,40960,6805859,10731396,0,0,0,0,0
512,33554432,12,268.435,18.8294,8.4748,10.9036,38.2078,86,2,1410,1215,1410,1215,1.0000,1.0000,129684,37,1768,39191,40960,6805810,11018505,0,0,0,0,0
512,33554432,13,268.435,18.8909,8.4995,10.8165,38.2069,86,2,1410,1215,1410,1215,1.0000,1.0000,130968,37,1768,39191,40960,6751269,10840966,0,0,0,0,0
512,33554432,14,268.435,19.2169,8.5072,10.9668,38.6910,89,2,1410,1215,1410,1215,1.0000,1.0000,165755,37,1768,39191,40960,6752978,10731445,0,0,0,0,0
512,33554432,15,268.435,18.9282,8.4800,10.8166,38.2248,89,2,1410,1215,1410,1215,1.0000,1.0000,134142,37,1768,39191,40960,6755078,10771044,0,0,0,0,0
512,33554432,16,268.435,18.8113,8.4921,10.7847,38.0881,86,1,1410,1215,1410,1215,1.0000,1.0000,128636,37,1768,39191,40960,6761474,10766064,0,0,0,0,0
512,33554432,17,268.435,18.7852,8.5155,10.8286,38.1293,86,1,1410,1215,1410,1215,1.0000,1.0000,128636,37,1768,39191,40960,6981298,10950439,0,0,0,0,0
512,33554432,18,268.435,18.8158,8.5079,10.8893,38.2130,86,1,1410,1215,1410,1215,1.0000,1.0000,130293,37,1768,39191,40960,7163671,10840966,0,0,0,0,0
512,33554432,19,268.435,18.8487,8.4945,10.8254,38.1685,89,2,1410,1215,1410,1215,1.0000,1.0000,156099,37,1768,39191,40960,6756542,11060205,0,0,0,0,0
512,33554432,20,268.435,18.8398,8.4976,10.7764,38.1139,89,2,1410,1215,1410,1215,1.0000,1.0000,138470,37,1768,39191,40960,6761181,10731396,0,0,0,0,0
512,33554432,21,268.435,18.8398,8.5214,10.7904,38.1516,86,1,1410,1215,1410,1215,1.0000,1.0000,129010,37,1768,39191,40960,6797656,10732275,0,0,0,0,0
512,33554432,22,268.435,18.8429,8.5109,11.1468,38.5006,86,1,1410,1215,1410,1215,1.0000,1.0000,131448,37,1768,39191,40960,6773828,10857226,0,0,0,0,0
512,33554432,23,268.435,18.9606,8.5003,10.8124,38.2734,86,1,1410,1215,1410,1215,1.0000,1.0000,131448,37,1768,39191,40960,7063378,10734375,0,0,0,0,0
512,33554432,24,268.435,18.8472,8.5157,10.8718,38.2348,89,2,1410,1215,1410,1215,1.0000,1.0000,141792,37,1768,39191,40960,6799902,10746679,0,0,0,0,0
512,33554432,25,268.435,18.8354,8.5274,10.8232,38.1859,89,2,1410,1215,1410,1215,1.0000,1.0000,141960,37,1768,39191,40960,6785742,10756835,0,0,0,0,0
512,33554432,26,268.435,18.8187,8.5112,10.8245,38.1543,86,1,1410,1215,1410,1215,1.0000,1.0000,128636,37,1768,39191,40960,6747607,10731445,0,0,0,0,0
512,33554432,27,268.435,18.7887,8.5361,10.8553,38.1801,86,1,1410,1215,1410,1215,1.0000,1.0000,129684,37,1768,39191,40960,6756201,10825537,0,0,0,0,0
512,33554432,28,268.435,18.8761,8.4800,10.8457,38.2017,86,1,1410,1215,1410,1215,1.0000,1.0000,129684,37,1768,39191,40960,6803369,10840966,0,0,0,0,0
512,33554432,29,268.435,18.8395,8.5036,10.8716,38.2147,89,2,1410,1215,1410,1215,1.0000,1.0000,150968,37,1768,39191,40960,6942822,10841015,0,0,0,0,0
512,67108864,0,536.871,38.9213,48.0189,35.2488,122.1890,79,0,1410,1215,1410,1215,1.0000,1.0000,128399,37,2150,38809,40960,6743652,10728125,0,0,0,0,0
512,67108864,1,536.871,38.2160,16.8624,20.5873,75.6657,79,0,1410,1215,1410,1215,1.0000,1.0000,129530,37,2152,38807,40960,6731054,10743457,0,0,0,0,0
512,67108864,2,536.871,38.0140,16.8552,20.6049,75.4741,84,0,1410,1215,1410,1215,1.0000,1.0000,130293,37,2152,38807,40960,6768359,10766064,0,0,0,0,0
512,67108864,3,536.871,38.0465,16.8411,20.5516,75.4393,86,1,1410,1215,1410,1215,1.0000,1.0000,146883,37,2152,38807,40960,6811962,10763769,0,0,0,0,0
512,67108864,4,536.871,38.0137,16.8748,20.5736,75.4622,86,1,1410,1215,1410,1215,1.0000,1.0000,167321,37,2152,38807,40960,6747802,10731298,0,0,0,0,0
512,67108864,5,536.871,37.9836,16.8575,20.5366,75.3777,92,3,1410,1215,1410,1215,1.0000,1.0000,129684,37,2152,38807,40960,6764257,10731445,0,0,0,0,0
512,67108864,6,536.871,38.0888,16.8468,20.5523,75.4879,92,3,1410,1215,1410,1215,1.0000,1.0000,128636,37,2152,38807,40960,6890673,10833496,0,0,0,0,0
512,67108864,7,536.871,38.3375,16.8987,20.7995,76.0358,89,2,1410,1215,1410,1215,1.0000,1.0000,125831,37,2152,38807,40960,6742968,10731298,0,0,0,0,0
512,67108864,8,536.871,37.9996,16.8345,20.6259,75.4600,89,2,1410,1215,1410,1215,1.0000,1.0000,131732,37,2152,38807,40960,6741796,11224072,0,0,0,0,0
512,67108864,9,536.871,38.0083,16.8605,20.7430,75.6118,89,2,1410,1215,1410,1215,1.0000,1.0000,158908,37,2152,38807,40960,6760205,10657177,0,0,0,0,0
512,67108864,10,536.871,38.2351,16.8652,21.1697,76.2700,92,2,1410,1215,1410,1215,1.0000,1.0000,166849,37,2152,38807,40960,6759521,11068847,0,0,0,0,0
512,67108864,11,536.871,38.0343,16.8375,20.6154,75.4872,92,2,1410,1215,1410,1215,1.0000,1.0000,128399,37,2152,38807,40960,6806689,10752197,0,0,0,0,0
512,67108864,12,536.871,37.9606,16.8002,20.5725,75.3332,90,3,1410,1215,1410,1215,1.0000,1.0000,129400,37,2152,38807,40960,6746484,10731250,0,0,0,0,0
512,67108864,13,536.871,37.9740,16.8215,20.5827,75.3783,89,2,1410,1215,1410,1215,1.0000,1.0000,127352,37,2152,38807,40960,6742285,10731298,0,0,0,0,0
512,67108864,14,536.871,38.1182,16.8405,20.6781,75.6369,89,2,1410,1215,1410,1215,1.0000,1.0000,133332,37,2152,38807,40960,6816113,10731347,0,0,0,0,0
512,67108864,15,536.871,38.0802,16.8818,20.5644,75.5265,91,2,1410,1215,1410,1215,1.0000,1.0000,176254,37,2152,38807,40960,6748046,10731347,0,0,0,0,0
512,67108864,16,536.871,37.9521,16.8398,20.5904,75.3823,91,2,1410,1215,1410,1215,1.0000,1.0000,141036,37,2152,38807,40960,6743603,10765380,0,0,0,0,0
512,67108864,17,536.871,38.3500,16.8799,20.6793,75.9092,92,3,1410,1215,1410,1215,1.0000,1.0000,130293,37,2152,38807,40960,7078076,10693310,0,0,0,0,0
512,67108864,18,536.871,38.0163,16.8110,20.6001,75.4274,92,3,1410,1215,1410,1215,1.0000,1.0000,120977,37,2152,38807,40960,6743652,10731396,0,0,0,0,0
512,67108864,19,536.871,37.9647,16.8546,20.5400,75.3592,90,2,1410,1215,1410,1215,1.0000,1.0000,123546,37,2152,38807,40960,6720214,10696435,0,0,0,0,0
512,67108864,20,536.871,38.0178,16.8164,20.6257,75.4599,89,2,1410,1215,1410,1215,1.0000,1.0000,133017,37,2152,38807,40960,6688330,10716455,0,0,0,0,0
512,67108864,21,536.871,38.1623,16.8260,20.7952,75.7835,89,2,1410,1215,1410,1215,1.0000,1.0000,169124,37,2152,38807,40960,6886376,10905468,0,0,0,0,0
512,67108864,22,536.871,37.9689,16.8530,20.5691,75.3909,92,3,1410,1215,1410,1215,1.0000,1.0000,126595,37,2152,38807,40960,7019287,10763232,0,0,0,0,0
512,67108864,23,536.871,37.9443,16.8618,20.6238,75.4299,92,3,1410,1215,1410,1215,1.0000,1.0000,125831,37,2152,38807,40960,7066552,10731347,0,0,0,0,0
512,67108864,24,536.871,37.9587,16.8526,20.6669,75.4782,90,2,1410,1215,1410,1215,1.0000,1.0000,121734,37,2152,38807,40960,6744384,10731347,0,0,0,0,0
512,67108864,25,536.871,37.9900,16.8345,21.4075,76.2320,89,2,1410,1215,1410,1215,1.0000,1.0000,122025,37,2152,38807,40960,6885253,11023583,0,0,0,0,0
512,67108864,26,536.871,38.4959,16.8714,20.5460,75.9132,89,2,1410,1215,1410,1215,1.0000,1.0000,129163,37,2152,38807,40960,6702441,11079980,0,0,0,0,0
512,67108864,27,536.871,37.9934,16.8104,20.5635,75.3673,92,2,1410,1215,1410,1215,1.0000,1.0000,169651,37,2152,38807,40960,6878076,10734277,0,0,0,0,0
512,67108864,28,536.871,38.0227,16.8077,20.5453,75.3757,92,2,1410,1215,1410,1215,1.0000,1.0000,126878,37,2152,38807,40960,6750830,10757958,0,0,0,0,0
512,67108864,29,536.871,37.9760,16.8527,20.6344,75.4630,90,2,1410,1215,1410,1215,1.0000,1.0000,124066,37,2152,38807,40960,6817089,10745849,0,0,0,0,0
1024,524288,0,4.194,0.4401,32.1826,1.1821,33.8048,94,0,1410,1215,1410,1215,1.0000,1.0000,146404,38,1398,39561,40960,8390673,13220458,0,0,0,0,0
1024,524288,1,4.194,0.4258,0.3014,0.2110,0.9381,94,0,1410,1215,1410,1215,1.0000,1.0000,144601,38,1400,39559,40960,8490234,13319335,0,0,0,0,0
1024,524288,2,4.194,0.2803,0.2973,0.2070,0.7846,94,0,1410,1215,1410,1215,1.0000,1.0000,144601,38,1400,39559,40960,8352587,13180029,0,0,0,0,0
1024,524288,3,4.194,0.2715,0.2847,0.2070,0.7632,94,0,1410,1215,1410,1215,1.0000,1.0000,144601,38,1400,39559,40960,8343261,13247998,0,0,0,0,0
1024,524288,4,4.194,0.2703,0.3941,0.2199,0.8843,94,0,1410,1215,1410,1215,1.0000,1.0000,146647,38,1400,39559,40960,8345507,13398242,0,0,0,0,0
1024,524288,5,4.194,0.2628,0.3402,0.2215,0.8245,94,0,1410,1215,1410,1215,1.0000,1.0000,146647,38,1400,39559,40960,8752685,13460400,0,0,0,0,0
1024,524288,6,4.194,0.2617,0.3074,0.1862,0.7553,94,0,1410,1215,1410,1215,1.0000,1.0000,145884,38,1400,39559,40960,8488916,13741894,0,0,0,0,0
1024,524288,7,4.194,0.2670,0.3282,0.2001,0.7953,94,0,1410,1215,1410,1215,1.0000,1.0000,145884,38,1400,39559,40960,8364453,13446923,0,0,0,0,0
1024,524288,8,4.194,0.2720,0.2913,0.1926,0.7559,94,0,1410,1215,1410,1215,1.0000,1.0000,146404,38,1400,39559,40960,8519091,13693945,0,0,0,0,0
1024,524288,9,4.194,0.2626,0.3720,0.1986,0.8332,94,0,1410,1215,1410,1215,1.0000,1.0000,146404,38,1400,39559,40960,8347607,13647216,0,0,0,0,0
1024,524288,10,4.194,0.2814,0.3081,0.2279,0.8174,94,0,1410,1215,1410,1215,1.0000,1.0000,145600,38,1400,39559,40960,8469042,13479687,0,0,0,0,0
1024,524288,11,4.194,0.2728,0.3044,0.1919,0.7691,94,0,1410,1215,1410,1215,1.0000,1.0000,145600,38,1400,39559,40960,8488867,13176074,0,0,0,0,0
1024,524288,12,4.194,0.2734,0.3013,0.2284,0.8031,94,0,1410,1215,1410,1215,1.0000,1.0000,145600,38,1400,39559,40960,8380468,13476123,0,0,0,0,0
1024,524288,13,4.194,0.2412,0.3046,0.2155,0.7614,93,0,1410,1215,1410,1215,1.0000,1.0000,145600,38,1400,39559,40960,8401464,13219042,0,0,0,0,0
1024,524288,14,4.194,0.2711,0.3132,0.2287,0.8130,93,0,1410,1215,1410,1215,1.0000,1.0000,145600,38,1400,39559,40960,8324023,13485302,0,0,0,0,0
1024,524288,15,4.194,0.2676,0.2945,0.1900,0.7521,93,0,1410,1215,1410,1215,1.0000,1.0000,144601,38,1400,39559,40960,8482763,13375488,0,0,0,0,0
1024,524288,16,4.194,0.2731,0.3568,0.1991,0.8290,93,0,1410,1215,1410,1215,1.0000,1.0000,144601,38,1400,39559,40960,8485791,13673681,0,0,0,0,0
1024,524288,17,4.194,0.2735,0.2894,0.1866,0.7494,93,0,1410,1215,1410,1215,1.0000,1.0000,146647,38,1400,39559,40960,8470654,13558886,0,0,0,0,0
1024,524288,18,4.194,0.2663,0.2928,0.1860,0.7450,93,0,1410,1215,1410,1215,1.0000,1.0000,146647,38,1400,39559,40960,9495458,13567822,0,0,0,0,0
1024,524288,19,4.194,0.2776,0.3093,0.1936,0.7805,93,0,1410,1215,1410,1215,1.0000,1.0000,146647,38,1400,39559,40960,8483642,13221630,0,0,0,0,0
1024,524288,20,4.194,0.2720,0.4083,0.2048,0.8851,93,0,1410,1215,1410,1215,1.0000,1.0000,146647,38,1400,39559,40960,8416210,13350000,0,0,0,0,0
1024,524288,21,4.194,0.2726,0.3021,0.1892,0.7639,93,0,1410,1215,1410,1215,1.0000,1.0000,146647,38,1400,39559,40960,8499560,13365869,0,0,0,0,0
1024,524288,22,4.194,0.2785,0.2853,0.1857,0.7494,94,0,1410,1215,1410,1215,1.0000,1.0000,143318,38,1400,39559,40960,8355078,13348925,0,0,0,0,0
1024,524288,23,4.194,0.2786,0.3052,0.2169,0.8006,94,0,1410,1215,1410,1215,1.0000,1.0000,143318,38,1400,39559,40960,8836865,13521972,0,0,0,0,0
1024,524288,24,4.194,0.2470,0.3082,0.2089,0.7641,94,0,1410,1215,1410,1215,1.0000,1.0000,146120,38,1400,39559,40960,8503466,13210888,0,0,0,0,0
1024,524288,25,4.194,0.2689,0.3373,0.2044,0.8107,94,0,1410,1215,1410,1215,1.0000,1.0000,146120,38,1400,39559,40960,8365283,13450830,0,0,0,0,0
1024,524288,26,4.194,0.2701,0.2894,0.1981,0.7576,94,0,1410,1215,1410,1215,1.0000,1.0000,145121,38,1400,39559,40960,8489990,13767578,0,0,0,0,0
1024,524288,27,4.194,0.2693,0.2908,0.1956,0.7556,94,0,1410,1215,1410,1215,1.0000,1.0000,145121,38,1400,39559,40960,8550634,13567773,0,0,0,0,0
1024,524288,28,4.194,0.2417,0.2991,0.1888,0.7296,94,0,1410,1215,1410,1215,1.0000,1.0000,145121,38,1400,39559,40960,8515429,13567822,0,0,0,0,0
1024,524288,29,4.194,0.2801,0.2952,0.1901,0.7654,94,0,1410,1215,1410,1215,1.0000,1.0000,147167,38,1400,39559,40960,8449853,13235156,0,0,0,0,0
1024,1048576,0,8.389,0.8704,23.1007,1.5149,25.4860,93,0,1410,1215,1410,1215,1.0000,1.0000,142035,37,1404,39555,40960,8296875,13377441,0,0,0,0,0
1024,1048576,1,8.389,0.8450,0.4382,0.3097,1.5929,93,0,1410,1215,1410,1215,1.0000,1.0000,142035,37,1406,39553,40960,8527587,13507568,0,0,0,0,0
1024,1048576,2,8.389,0.6163,0.4096,0.2995,1.3254,93,0,1410,1215,1410,1215,1.0000,1.0000,146404,38,1406,39553,40960,8492285,13679785,0,0,0,0,0
1024,1048576,3,8.389,0.7655,0.4037,0.2988,1.4681,93,0,1410,1215,1410,1215,1.0000,1.0000,146404,38,1406,39553,40960,8679296,13555126,0,0,0,0,0
1024,1048576,4,8.389,0.7637,0.4098,0.3179,1.4915,94,0,1410,1215,1410,1215,1.0000,1.0000,144837,38,1406,39553,40960,8394580,13567773,0,0,0,0,0
1024,1048576,5,8.389,0.7716,0.4107,0.2966,1.4788,94,0,1410,1215,1410,1215,1.0000,1.0000,144837,38,1406,39553,40960,8508447,13568115,0,0,0,0,0
1024,1048576,6,8.389,0.7680,0.4213,0.2984,1.4877,94,0,1410,1215,1410,1215,1.0000,1.0000,145600,38,1406,39553,40960,8493896,13265527,0,0,0,0,0
1024,1048576,7,8.389,0.7665,0.3986,0.3029,1.4680,94,0,1410,1215,1410,1215,1.0000,1.0000,145600,38,1406,39553,40960,8497070,13265478,0,0,0,0,0
1024,1048576,8,8.389,0.7667,0.4182,0.3886,1.5734,94,0,1410,1215,1410,1215,1.0000,1.0000,145600,38,1406,39553,40960,8502392,13228662,0,0,0,0,0
1024,1048576,9,8.389,0.7706,0.4128,0.3877,1.5710,93,0,1410,1215,1410,1215,1.0000,1.0000,148449,38,1406,39553,40960,8434375,13212548,0,0,0,0,0
1024,1048576,10,8.389,0.7659,0.4130,0.2981,1.4769,93,0,1410,1215,1410,1215,1.0000,1.0000,148449,38,1406,39553,40960,8506005,13274755,0,0,0,0,0
1024,1048576,11,8.389,0.7639,0.4209,0.2988,1.4836,93,0,1410,1215,1410,1215,1.0000,1.0000,144601,38,1406,39553,40960,8487451,13321435,0,0,0,0,0
1024,1048576,12,8.389,0.7649,0.4044,0.2995,1.4687,93,0,1410,1215,1410,1215,1.0000,1.0000,144601,38,1406,39553,40960,8777929,14080224,0,0,0,0,0
1024,1048576,13,8.389,0.7655,0.4082,0.2959,1.4696,93,0,1410,1215,1410,1215,1.0000,1.0000,144601,38,1406,39553,40960,8486816,13336572,0,0,0,0,0
1024,1048576,14,8.389,0.7592,0.3974,0.3117,1.4684,93,0,1410,1215,1410,1215,1.0000,1.0000,144601,38,1406,39553,40960,8536181,14861425,0,0,0,0,0
1024,1048576,15,8.389,0.7651,0.4104,0.3047,1.4802,93,0,1410,1215,1410,1215,1.0000,1.0000,146404,38,1406,39553,40960,8489257,13307128,0,0,0,0,0
1024,1048576,16,8.389,0.7628,0.4119,0.3131,1.4878,93,0,1410,1215,1410,1215,1.0000,1.0000,146404,38,1406,39553,40960,8482373,13357617,0,0,0,0,0
1024,1048576,17,8.389,0.7567,0.4196,0.3864,1.5626,93,0,1410,1215,1410,1215,1.0000,1.0000,146404,38,1406,39553,40960,8490722,13284130,0,0,0,0,0
1024,1048576,18,8.389,0.8018,0.4196,0.4036,1.6250,94,0,1410,1215,1410,1215,1.0000,1.0000,146120,38,1406,39553,40960,8420996,13256494,0,0,0,0,0
1024,1048576,19,8.389,0.7479,0.4946,0.3688,1.6112,94,0,1410,1215,1410,1215,1.0000,1.0000,146120,38,1406,39553,40960,9049755,13400341,0,0,0,0,0
1024,1048576,20,8.389,0.7801,0.4261,0.3863,1.5924,94,0,1410,1215,1410,1215,1.0000,1.0000,146120,38,1406,39553,40960,8483544,13380810,0,0,0,0,0
1024,1048576,21,8.389,0.7733,0.4086,0.3883,1.5701,94,0,1410,1215,1410,1215,1.0000,1.0000,146120,38,1406,39553,40960,8497314,13212597,0,0,0,0,0
1024,1048576,22,8.389,0.7582,0.5022,0.3201,1.5805,94,0,1410,1215,1410,1215,1.0000,1.0000,146120,38,1406,39553,40960,8472363,13150683,0,0,0,0,0
1024,1048576,23,8.389,0.6271,0.4006,0.3069,1.3346,94,0,1410,1215,1410,1215,1.0000,1.0000,146120,38,1406,39553,40960,8773193,13675781,0,0,0,0,0
1024,1048576,24,8.389,0.6359,0.4012,0.3104,1.3475,94,0,1410,1215,1410,1215,1.0000,1.0000,145357,38,1406,39553,40960,8399804,13536035,0,0,0,0,0
1024,1048576,25,8.389,0.6277,0.4104,0.3482,1.3863,94,0,1410,1215,1410,1215,1.0000,1.0000,145357,38,1406,39553,40960,8385302,13567822,0,0,0,0,0
1024,1048576,26,8.389,0.7741,0.4115,0.3715,1.5571,94,0,1410,1215,1410,1215,1.0000,1.0000,145357,38,1406,39553,40960,8497558,13254443,0,0,0,0,0
1024,1048576,27,8.389,0.7497,0.4299,0.4366,1.6162,93,0,1410,1215,1410,1215,1.0000,1.0000,145121,38,1406,39553,40960,8501074,13202636,0,0,0,0,0
1024,1048576,28,8.389,0.7311,0.4161,0.3303,1.4775,93,0,1410,1215,1410,1215,1.0000,1.0000,145121,38,1406,39553,40960,9046728,13512841,0,0,0,0,0
1024,1048576,29,8.389,0.7824,0.4228,0.3886,1.5938,93,0,1410,1215,1410,1215,1.0000,1.0000,145884,38,1406,39553,40960,8479296,13384667,0,0,0,0,0
1024,2097152,0,16.777,1.7971,43.1028,2.0304,46.9304,93,0,1410,1215,1410,1215,1.0000,1.0000,145121,38,1416,39543,40960,8557666,13435351,0,0,0,0,0
1024,2097152,1,16.777,1.5530,0.6131,0.7921,2.9582,93,0,1410,1215,1410,1215,1.0000,1.0000,144601,37,1418,39541,40960,8485156,13567773,0,0,0,0,0
1024,2097152,2,16.777,1.3614,0.7200,0.7851,2.8665,93,0,1410,1215,1410,1215,1.0000,1.0000,145357,38,1418,39541,40960,8316748,13397509,0,0,0,0,0
1024,2097152,3,16.777,1.3168,0.6124,0.7876,2.7167,93,0,1410,1215,1410,1215,1.0000,1.0000,145357,38,1418,39541,40960,8761279,13268505,0,0,0,0,0
1024,2097152,4,16.777,1.2992,0.6122,0.7958,2.7072,93,0,1410,1215,1410,1215,1.0000,1.0000,145121,38,1418,39541,40960,8495898,13268457,0,0,0,0,0
1024,2097152,5,16.777,1.2926,0.6093,0.7914,2.6933,93,0,1410,1215,1410,1215,1.0000,1.0000,145121,38,1418,39541,40960,8484619,13358691,0,0,0,0,0
1024,2097152,6,16.777,1.2513,0.6146,0.7903,2.6562,94,0,1410,1215,1410,1215,1.0000,1.0000,145600,38,1418,39541,40960,8499365,13246142,0,0,0,0,0
1024,2097152,7,16.777,1.3062,0.6181,0.7884,2.7127,94,0,1410,1215,1410,1215,1.0000,1.0000,145600,38,1418,39541,40960,8484179,13798486,0,0,0,0,0
1024,2097152,8,16.777,1.3104,0.6264,0.7893,2.7260,94,0,1410,1215,1410,1215,1.0000,1.0000,145293,38,1418,39541,40960,8293603,13176171,0,0,0,0,0
1024,2097152,9,16.777,1.3155,0.6160,0.7981,2.7296,94,0,1410,1215,1410,1215,1.0000,1.0000,145293,38,1418,39541,40960,8525976,13569433,0,0,0,0,0
1024,2097152,10,16.777,1.2553,0.6251,0.7871,2.6675,94,0,1410,1215,1410,1215,1.0000,1.0000,145293,38,1418,39541,40960,8527832,13513232,0,0,0,0,0
1024,2097152,11,16.777,1.3033,0.6328,0.7851,2.7211,94,0,1410,1215,1410,1215,1.0000,1.0000,145529,38,1418,39541,40960,8363037,13565234,0,0,0,0,0
1024,2097152,12,16.777,1.2773,0.6202,0.7918,2.6893,94,0,1410,1215,1410,1215,1.0000,1.0000,145529,38,1418,39541,40960,8512060,13228515,0,0,0,0,0
1024,2097152,13,16.777,1.2876,0.6248,0.7887,2.7011,94,0,1410,1215,1410,1215,1.0000,1.0000,145884,38,1418,39541,40960,8502343,13188867,0,0,0,0,0
1024,2097152,14,16.777,1.2985,0.6140,0.7921,2.7046,94,0,1410,1215,1410,1215,1.0000,1.0000,145884,38,1418,39541,40960,8494238,13288720,0,0,0,0,0
1024,2097152,15,16.777,1.2538,0.6308,0.7913,2.6758,94,0,1410,1215,1410,1215,1.0000,1.0000,146120,38,1418,39541,40960,8506787,13139648,0,0,0,0,0
1024,2097152,16,16.777,1.3286,0.6184,0.8015,2.7485,94,0,1410,1215,1410,1215,1.0000,1.0000,146120,38,1418,39541,40960,8498339,13245312,0,0,0,0,0
1024,2097152,17,16.777,1.2805,0.6115,0.7899,2.6819,94,0,1410,1215,1410,1215,1.0000,1.0000,145357,38,1418,39541,40960,8502246,14514062,0,0,0,0,0
1024,2097152,18,16.777,1.2736,0.6138,0.7856,2.6730,94,0,1410,1215,1410,1215,1.0000,1.0000,145357,38,1418,39541,40960,8494287,13465136,0,0,0,0,0
1024,2097152,19,16.777,1.3154,0.6202,0.7899,2.7255,94,0,1410,1215,1410,1215,1.0000,1.0000,146577,38,1418,39541,40960,9326269,13567773,0,0,0,0,0
1024,2097152,20,16.777,1.3115,0.6171,0.7857,2.7142,94,0,1410,1215,1410,1215,1.0000,1.0000,146577,38,1418,39541,40960,9593164,14478808,0,0,0,0,0
1024,2097152,21,16.777,1.3093,0.6052,0.7965,2.7110,94,0,1410,1215,1410,1215,1.0000,1.0000,146120,38,1418,39541,40960,8388037,13567675,0,0,0,0,0
1024,2097152,22,16.777,1.3085,0.6190,0.7891,2.7166,94,0,1410,1215,1410,1215,1.0000,1.0000,146120,38,1418,39541,40960,8490820,13313085,0,0,0,0,0
1024,2097152,23,16.777,1.3108,0.6272,0.7967,2.7347,94,0,1410,1215,1410,1215,1.0000,1.0000,146647,38,1418,39541,40960,8301269,13316210,0,0,0,0,0
1024,2097152,24,16.777,1.2927,0.6338,0.7943,2.7208,94,0,1410,1215,1410,1215,1.0000,1.0000,146647,38,1418,39541,40960,8495312,13279736,0,0,0,0,0
1024,2097152,25,16.777,1.3049,0.6189,0.7882,2.7120,94,0,1410,1215,1410,1215,1.0000,1.0000,146647,38,1418,39541,40960,8502734,13186718,0,0,0,0,0
1024,2097152,26,16.777,1.3023,0.6148,0.7802,2.6974,94,0,1410,1215,1410,1215,1.0000,1.0000,146883,38,1418,39541,40960,8496728,13261425,0,0,0,0,0
1024,2097152,27,16.777,1.3007,0.6250,0.7880,2.7137,94,0,1410,1215,1410,1215,1.0000,1.0000,146883,38,1418,39541,40960,9238574,13222851,0,0,0,0,0
1024,2097152,28,16.777,1.2928,0.6188,0.7900,2.7015,94,0,1410,1215,1410,1215,1.0000,1.0000,146120,38,1418,39541,40960,8493066,13309472,0,0,0,0,0
1024,2097152,29,16.777,1.2719,0.6217,0.8018,2.6954,94,0,1410,1215,1410,1215,1.0000,1.0000,146120,38,1418,39541,40960,8517285,13512890,0,0,0,0,0
1024,4194304,0,33.554,3.5522,23.0582,2.3176,28.9281,93,0,1410,1215,1410,1215,1.0000,1.0000,142487,38,1440,39519,40960,8316406,13479541,0,0,0,0,0
1024,4194304,1,33.554,3.1484,1.0616,1.5352,5.7451,93,0,1410,1215,1410,1215,1.0000,1.0000,142487,38,1442,39517,40960,8499755,13164355,0,0,0,0,0
1024,4194304,2,33.554,2.9490,1.1456,1.4203,5.5150,93,0,1410,1215,1410,1215,1.0000,1.0000,145884,38,1442,39517,40960,8825146,13838232,0,0,0,0,0
1024,4194304,3,33.554,2.8013,1.0262,1.4257,5.2532,93,0,1410,1215,1410,1215,1.0000,1.0000,145884,38,1442,39517,40960,8707910,13235156,0,0,0,0,0
1024,4194304,4,33.554,2.9102,1.0364,1.5355,5.4821,93,0,1410,1215,1410,1215,1.0000,1.0000,147057,38,1442,39517,40960,8482861,13217626,0,0,0,0,0
1024,4194304,5,33.554,2.9511,1.0385,1.4371,5.4267,93,0,1410,1215,1410,1215,1.0000,1.0000,147057,38,1442,39517,40960,8528076,13316162,0,0,0,0,0
1024,4194304,6,33.554,2.8204,1.0316,1.5263,5.3783,94,0,1410,1215,1410,1215,1.0000,1.0000,150732,38,1442,39517,40960,8295996,13321191,0,0,0,0,0
1024,4194304,7,33.554,2.8161,1.0302,1.4358,5.2822,94,0,1410,1215,1410,1215,1.0000,1.0000,150732,38,1442,39517,40960,8322656,13567871,0,0,0,0,0
1024,4194304,8,33.554,2.7361,1.0227,1.4276,5.1864,94,0,1410,1215,1410,1215,1.0000,1.0000,146404,38,1442,39517,40960,8296875,13324511,0,0,0,0,0
1024,4194304,9,33.554,2.7338,1.1261,1.4145,5.2744,94,0,1410,1215,1410,1215,1.0000,1.0000,146404,38,1442,39517,40960,8300683,13380322,0,0,0,0,0
1024,4194304,10,33.554,2.7350,1.0374,1.4234,5.1958,94,0,1410,1215,1410,1215,1.0000,1.0000,146820,38,1442,39517,40960,8298730,13316992,0,0,0,0,0
1024,4194304,11,33.554,2.7288,1.0254,1.4316,5.1858,94,0,1410,1215,1410,1215,1.0000,1.0000,146820,38,1442,39517,40960,8389306,13446630,0,0,0,0,0
1024,4194304,12,33.554,2.9003,1.0295,1.4260,5.3558,94,0,1410,1215,1410,1215,1.0000,1.0000,148105,38,1442,39517,40960,8506494,13367382,0,0,0,0,0
1024,4194304,13,33.554,2.7222,1.0334,1.4328,5.1884,94,0,1410,1215,1410,1215,1.0000,1.0000,148105,38,1442,39517,40960,8542138,13203759,0,0,0,0,0
1024,4194304,14,33.554,2.7239,1.0497,1.4229,5.1965,94,0,1410,1215,1410,1215,1.0000,1.0000,147814,38,1442,39517,40960,8296191,13494726,0,0,0,0,0
1024,4194304,15,33.554,2.7255,1.0407,1.4207,5.1869,94,0,1410,1215,1410,1215,1.0000,1.0000,147814,38,1442,39517,40960,8297607,13338476,0,0,0,0,0
1024,4194304,16,33.554,2.7141,1.0331,1.5377,5.2849,94,0,1410,1215,1410,1215,1.0000,1.0000,147167,38,1442,39517,40960,8319042,13200732,0,0,0,0,0
1024,4194304,17,33.554,2.7622,1.0640,1.4230,5.2491,94,0,1410,1215,1410,1215,1.0000,1.0000,147167,38,1442,39517,40960,8362792,13511767,0,0,0,0,0
1024,4194304,18,33.554,2.7244,1.0317,1.4235,5.1796,94,0,1410,1215,1410,1215,1.0000,1.0000,147167,38,1442,39517,40960,8302783,13336718,0,0,0,0,0
1024,4194304,19,33.554,2.6785,1.0303,1.4368,5.1456,94,0,1410,1215,1410,1215,1.0000,1.0000,150674,38,1442,39517,40960,8302343,13300683,0,0,0,0,0
1024,4194304,20,33.554,2.6794,1.0313,1.4351,5.1458,94,0,1410,1215,1410,1215,1.0000,1.0000,150674,38,1442,39517,40960,8609423,13752050,0,0,0,0,0
1024,4194304,21,33.554,2.6763,1.0228,1.4195,5.1186,94,0,1410,1215,1410,1215,1.0000,1.0000,148105,38,1442,39517,40960,8329833,13626513,0,0,0,0,0
1024,4194304,22,33.554,2.7115,1.0299,1.4201,5.1614,94,0,1410,1215,1410,1215,1.0000,1.0000,148105,38,1442,39517,40960,8543896,13567773,0,0,0,0,0
1024,4194304,23,33.554,2.6849,1.0163,1.4322,5.1334,94,0,1410,1215,1410,1215,1.0000,1.0000,150732,38,1442,39517,40960,8302392,13314892,0,0,0,0,0
1024,4194304,24,33.554,2.6740,1.0193,1.4084,5.1018,94,0,1410,1215,1410,1215,1.0000,1.0000,150732,38,1442,39517,40960,8324267,13300000,0,0,0,0,0
1024,4194304,25,33.554,2.6655,1.0278,1.5360,5.2293,94,0,1410,1215,1410,1215,1.0000,1.0000,148449,38,1442,39517,40960,8496435,13251806,0,0,0,0,0
1024,4194304,26,33.554,2.7402,1.0350,1.4215,5.1968,94,0,1410,1215,1410,1215,1.0000,1.0000,148449,38,1442,39517,40960,8525878,13453027,0,0,0,0,0
1024,4194304,27,33.554,2.6697,1.0312,1.4336,5.1346,94,0,1410,1215,1410,1215,1.0000,1.0000,146883,38,1442,39517,40960,8400976,13130224,0,0,0,0,0
1024,4194304,28,33.554,2.6877,1.0284,1.4262,5.1424,94,0,1410,1215,1410,1215,1.0000,1.0000,146883,38,1442,39517,40960,8395751,13257128,0,0,0,0,0
1024,4194304,29,33.554,2.8567,1.0326,1.4263,5.3157,94,0,1410,1215,1410,1215,1.0000,1.0000,148449,38,1442,39517,40960,8338134,13583593,0,0,0,0,0
1024,8388608,0,67.109,6.8024,30.5600,4.8214,42.1838,93,0,1410,1215,1410,1215,1.0000,1.0000,148449,38,1488,39471,40960,8342822,13532373,0,0,0,0,0
1024,8388608,1,67.109,5.9095,1.8876,2.9087,10.7057,94,0,1410,1215,1410,1215,1.0000,1.0000,144601,38,1490,39469,40960,8483691,13428125,0,0,0,0,0
1024,8388608,2,67.109,5.8500,1.8634,2.9041,10.6175,94,0,1410,1215,1410,1215,1.0000,1.0000,144601,38,1490,39469,40960,8302392,14005908,0,0,0,0,0
1024,8388608,3,67.109,5.9866,1.8789,2.9315,10.7969,94,0,1410,1215,1410,1215,1.0000,1.0000,146883,38,1490,39469,40960,8497558,13245849,0,0,0,0,0
1024,8388608,4,67.109,5.8489,1.8772,2.8998,10.6259,94,0,1410,1215,1410,1215,1.0000,1.0000,146883,38,1490,39469,40960,8348144,13807958,0,0,0,0,0
1024,8388608,5,67.109,5.8336,1.8779,2.8861,10.5976,94,1,1410,1215,1410,1215,1.0000,1.0000,146883,38,1490,39469,40960,8499072,13756884,0,0,0,0,0
1024,8388608,6,67.109,5.8226,1.8917,2.9016,10.6159,94,1,1410,1215,1410,1215,1.0000,1.0000,146883,38,1490,39469,40960,9389355,13320898,0,0,0,0,0
1024,8388608,7,67.109,5.8427,1.8820,2.8872,10.6119,94,1,1410,1215,1410,1215,1.0000,1.0000,147167,38,1490,39469,40960,8303173,13328320,0,0,0,0,0
1024,8388608,8,67.109,5.8021,1.9680,2.8868,10.6568,94,1,1410,1215,1410,1215,1.0000,1.0000,147167,38,1490,39469,40960,8341699,13391796,0,0,0,0,0
1024,8388608,9,67.109,5.8096,1.8837,2.8867,10.5801,94,0,1410,1215,1410,1215,1.0000,1.0000,147167,38,1490,39469,40960,8302392,13325097,0,0,0,0,0
1024,8388608,10,67.109,5.8166,1.8901,2.9344,10.6411,94,0,1410,1215,1410,1215,1.0000,1.0000,147167,38,1490,39469,40960,8339355,13307421,0,0,0,0,0
1024,8388608,11,67.109,5.8314,1.8826,2.7833,10.4973,94,0,1410,1215,1410,1215,1.0000,1.0000,150968,38,1490,39469,40960,8407958,13525781,0,0,0,0,0
1024,8388608,12,67.109,5.9111,1.9158,2.9005,10.7275,94,0,1410,1215,1410,1215,1.0000,1.0000,150968,38,1490,39469,40960,8458300,13465283,0,0,0,0,0
1024,8388608,13,67.109,5.9364,1.8863,2.9152,10.7379,94,1,1410,1215,1410,1215,1.0000,1.0000,146404,38,1490,39469,40960,8546533,13539892,0,0,0,0,0
1024,8388608,14,67.109,5.8058,1.8799,2.8868,10.5725,94,1,1410,1215,1410,1215,1.0000,1.0000,155060,38,1490,39469,40960,8526708,13567871,0,0,0,0,0
1024,8388608,15,67.109,5.8082,1.8716,2.9022,10.5820,94,1,1410,1215,1410,1215,1.0000,1.0000,155060,38,1490,39469,40960,8349218,14005810,0,0,0,0,0
1024,8388608,16,67.109,5.8077,1.8974,2.9189,10.6240,94,1,1410,1215,1410,1215,1.0000,1.0000,147639,38,1490,39469,40960,8392089,13566113,0,0,0,0,0
1024,8388608,17,67.109,5.9414,1.9966,2.9122,10.8503,94,1,1410,1215,1410,1215,1.0000,1.0000,147639,38,1490,39469,40960,8549853,13348974,0,0,0,0,0
1024,8388608,18,67.109,5.8101,1.8705,2.9152,10.5957,94,1,1410,1215,1410,1215,1.0000,1.0000,147639,38,1490,39469,40960,8295898,13350732,0,0,0,0,0
1024,8388608,19,67.109,5.9270,1.9585,2.9187,10.8041,94,1,1410,1215,1410,1215,1.0000,1.0000,147639,38,1490,39469,40960,8275097,13398876,0,0,0,0,0
1024,8388608,20,67.109,5.9636,1.8740,2.8874,10.7249,94,1,1410,1215,1410,1215,1.0000,1.0000,147930,38,1490,39469,40960,8360546,13567773,0,0,0,0,0
1024,8388608,21,67.109,5.8222,1.9814,2.9124,10.7160,94,1,1410,1215,1410,1215,1.0000,1.0000,147930,38,1490,39469,40960,8556494,13887500,0,0,0,0,0
1024,8388608,22,67.109,5.8212,1.9583,2.9122,10.6918,94,1,1410,1215,1410,1215,1.0000,1.0000,146120,38,1490,39469,40960,8520605,13493164,0,0,0,0,0
1024,8388608,23,67.109,5.8997,1.8832,2.8968,10.6797,94,1,1410,1215,1410,1215,1.0000,1.0000,146120,38,1490,39469,40960,8487988,13313232,0,0,0,0,0
1024,8388608,24,67.109,5.8029,1.8669,2.8820,10.5518,94,1,1410,1215,1410,1215,1.0000,1.0000,146647,38,1490,39469,40960,8390869,13192578,0,0,0,0,0
1024,8388608,25,67.109,5.9508,1.8618,2.8904,10.7030,94,1,1410,1215,1410,1215,1.0000,1.0000,146647,38,1490,39469,40960,8485839,13335595,0,0,0,0,0
1024,8388608,26,67.109,5.8122,1.8847,2.9016,10.5985,94,1,1410,1215,1410,1215,1.0000,1.0000,149685,38,1490,39469,40960,8390087,13222900,0,0,0,0,0
1024,8388608,27,67.109,5.9804,1.8802,2.9188,10.7794,94,1,1410,1215,1410,1215,1.0000,1.0000,149685,38,1490,39469,40960,8450830,13484912,0,0,0,0,0
1024,8388608,28,67.109,5.7844,1.8869,2.9262,10.5976,94,0,1410,1215,1410,1215,1.0000,1.0000,145600,38,1490,39469,40960,8461474,13130273,0,0,0,0,0
1024,8388608,29,67.109,5.8736,1.8815,2.9079,10.6630,94,0,1410,1215,1410,1215,1.0000,1.0000,143554,38,1490,39469,40960,8586914,13567822,0,0,0,0,0
1024,16777216,0,134.218,12.9879,28.0394,9.5578,50.5851,93,0,1410,1215,1410,1215,1.0000,1.0000,145529,37,1584,39375,40960,8679101,13520410,0,0,0,0,0
1024,16777216,1,134.218,12.2634,4.2351,5.7197,22.2182,93,0,1410,1215,1410,1215,1.0000,1.0000,141439,37,1586,39373,40960,8497412,13406201,0,0,0,0,0
1024,16777216,2,134.218,12.1810,4.2419,5.8887,22.3116,94,0,1410,1215,1410,1215,1.0000,1.0000,145121,37,1586,39373,40960,8501855,13898095,0,0,0,0,0
1024,16777216,3,134.218,12.1311,4.2268,5.7371,22.0950,94,0,1410,1215,1410,1215,1.0000,1.0000,155060,37,1586,39373,40960,8487255,13337158,0,0,0,0,0
1024,16777216,4,134.218,12.1672,4.1992,5.7117,22.0781,94,0,1410,1215,1410,1215,1.0000,1.0000,155060,37,1586,39373,40960,8297167,13283447,0,0,0,0,0
1024,16777216,5,134.218,12.1114,4.2209,5.7419,22.0742,95,1,1410,1215,1410,1215,1.0000,1.0000,143251,37,1586,39373,40960,8485302,13349023,0,0,0,0,0
1024,16777216,6,134.218,12.2136,4.2176,5.7484,22.1796,95,1,1410,1215,1410,1215,1.0000,1.0000,152534,37,1586,39373,40960,8336132,13567773,0,0,0,0,0
1024,16777216,7,134.218,12.0911,4.2218,5.7249,22.0377,95,1,1410,1215,1410,1215,1.0000,1.0000,152534,37,1586,39373,40960,8507373,13499218,0,0,0,0,0
1024,16777216,8,134.218,12.1378,4.1959,5.7162,22.0499,95,1,1410,1215,1410,1215,1.0000,1.0000,146120,37,1586,39373,40960,8298583,13348925,0,0,0,0,0
1024,16777216,9,134.218,12.1318,4.2425,5.7478,22.1221,95,1,1410,1215,1410,1215,1.0000,1.0000,142724,37,1586,39373,40960,8382812,13567773,0,0,0,0,0
1024,16777216,10,134.218,12.1241,4.2144,5.7459,22.0843,95,1,1410,1215,1410,1215,1.0000,1.0000,142724,38,1586,39373,40960,8484814,13233886,0,0,0,0,0
1024,16777216,11,134.218,12.1549,4.2249,5.6914,22.0712,95,1,1410,1215,1410,1215,1.0000,1.0000,145529,37,1586,39373,40960,8302392,13257519,0,0,0,0,0
1024,16777216,12,134.218,12.1003,4.2152,5.7286,22.0440,95,1,1410,1215,1410,1215,1.0000,1.0000,145529,37,1586,39373,40960,8510791,13302490,0,0,0,0,0
1024,16777216,13,134.218,12.1679,4.2147,5.7186,22.1011,95,1,1410,1215,1410,1215,1.0000,1.0000,137423,37,1586,39373,40960,8530322,15757617,0,0,0,0,0
1024,16777216,14,134.218,12.1278,4.2444,5.7217,22.0939,95,1,1410,1215,1410,1215,1.0000,1.0000,146404,37,1586,39373,40960,8527392,13270410,0,0,0,0,0
1024,16777216,15,134.218,12.1894,4.2324,5.7182,22.1400,95,1,1410,1215,1410,1215,1.0000,1.0000,146404,37,1586,39373,40960,8490380,13333349,0,0,0,0,0
1024,16777216,16,134.218,12.1914,4.2085,5.7152,22.1151,95,1,1410,1215,1410,1215,1.0000,1.0000,142203,38,1586,39373,40960,8482958,13353906,0,0,0,0,0
1024,16777216,17,134.218,12.1573,4.2287,5.7595,22.1456,95,1,1410,1215,1410,1215,1.0000,1.0000,145600,38,1586,39373,40960,8358056,13549316,0,0,0,0,0
1024,16777216,18,134.218,12.1536,4.2177,5.7455,22.1167,95,1,1410,1215,1410,1215,1.0000,1.0000,145600,38,1586,39373,40960,8391992,13350390,0,0,0,0,0
1024,16777216,19,134.218,12.1598,4.2254,5.7170,22.1022,95,1,1410,1215,1410,1215,1.0000,1.0000,144074,37,1586,39373,40960,8298583,13524121,0,0,0,0,0
1024,16777216,20,134.218,12.1532,4.2319,5.7217,22.1067,95,1,1410,1215,1410,1215,1.0000,1.0000,153534,37,1586,39373,40960,8597460,13567773,0,0,0,0,0
1024,16777216,21,134.218,12.1806,4.2296,5.7243,22.1345,95,1,1410,1215,1410,1215,1.0000,1.0000,153534,37,1586,39373,40960,8512011,13309570,0,0,0,0,0
1024,16777216,22,134.218,12.3184,4.2298,5.7387,22.2869,95,1,1410,1215,1410,1215,1.0000,1.0000,144245,38,1586,39373,40960,8383886,13567626,0,0,0,0,0
1024,16777216,23,134.218,12.1781,4.2231,5.7112,22.1124,95,1,1410,1215,1410,1215,1.0000,1.0000,146883,38,1586,39373,40960,8329052,13130175,0,0,0,0,0
1024,16777216,24,134.218,12.1635,4.2186,5.7262,22.1083,95,1,1410,1215,1410,1215,1.0000,1.0000,146883,38,1586,39373,40960,8488037,13325097,0,0,0,0,0
1024,16777216,25,134.218,12.2100,4.2086,5.7177,22.1362,95,1,1410,1215,1410,1215,1.0000,1.0000,146883,37,1586,39373,40960,8482128,13360253,0,0,0,0,0
1024,16777216,26,134.218,12.7491,4.3351,5.7630,22.8471,95,1,1410,1215,1410,1215,1.0000,1.0000,146577,37,1586,39373,40960,8527636,13413134,0,0,0,0,0
1024,16777216,27,134.218,12.1898,4.2172,5.7150,22.1220,95,1,1410,1215,1410,1215,1.0000,1.0000,146577,37,1586,39373,40960,8532128,13567871,0,0,0,0,0
1024,16777216,28,134.218,12.1316,4.3135,5.7370,22.1820,95,1,1410,1215,1410,1215,1.0000,1.0000,146883,38,1586,39373,40960,8284619,13410205,0,0,0,0,0
1024,16777216,29,134.218,12.1716,4.2255,5.7220,22.1191,95,1,1410,1215,1410,1215,1.0000,1.0000,146820,38,1586,39373,40960,8294384,13331982,0,0,0,0,0
1024,33554432,0,268.435,25.2722,50.7528,19.3927,95.4177,93,0,1410,1215,1410,1215,1.0000,1.0000,146647,37,1776,39183,40960,8444531,13492773,0,0,0,0,0
1024,33554432,1,268.435,24.7797,8.9514,11.9458,45.6769,93,0,1410,1215,1410,1215,1.0000,1.0000,143554,37,1778,39181,40960,8442968,13506640,0,0,0,0,0
1024,33554432,2,268.435,24.8522,8.9360,11.9607,45.7489,94,0,1410,1215,1410,1215,1.0000,1.0000,142960,38,1778,39181,40960,9064453,13543457,0,0,0,0,0
1024,33554432,3,268.435,24.8618,8.9269,12.0555,45.8442,94,0,1410,1215,1410,1215,1.0000,1.0000,139989,37,1778,39181,40960,8480322,13168261,0,0,0,0,0
1024,33554432,4,268.435,24.7857,8.9376,11.9661,45.6894,96,2,1410,1215,1410,1215,1.0000,1.0000,145121,37,1778,39181,40960,8480126,13431201,0,0,0,0,0
1024,33554432,5,268.435,24.7048,9.0496,11.8368,45.5912,96,2,1410,1215,1410,1215,1.0000,1.0000,145357,37,1778,39181,40960,8288134,13392919,0,0,0,0,0
1024,33554432,6,268.435,24.7557,8.9222,11.7849,45.4627,96,2,1410,1215,1410,1215,1.0000,1.0000,145357,37,1778,39181,40960,8466162,13462792,0,0,0,0,0
1024,33554432,7,268.435,24.8076,9.0663,11.9423,45.8163,96,2,1410,1215,1410,1215,1.0000,1.0000,146647,37,1778,39181,40960,8546826,13393603,0,0,0,0,0
1024,33554432,8,268.435,24.7492,8.9844,11.8069,45.5405,96,2,1410,1215,1410,1215,1.0000,1.0000,172453,37,1778,39181,40960,8285498,13505615,0,0,0,0,0
1024,33554432,9,268.435,24.6386,9.0691,11.8246,45.5324,96,2,1410,1215,1410,1215,1.0000,1.0000,153534,38,1778,39181,40960,8297705,13350537,0,0,0,0,0
1024,33554432,10,268.435,24.7738,8.9459,11.8434,45.5631,96,2,1410,1215,1410,1215,1.0000,1.0000,147930,38,1778,39181,40960,8430371,13533886,0,0,0,0,0
1024,33554432,11,268.435,24.7447,8.9700,11.8561,45.5708,96,1,1410,1215,1410,1215,1.0000,1.0000,137707,38,1778,39181,40960,8321435,13224902,0,0,0,0,0
1024,33554432,12,268.435,24.9321,8.9730,11.8698,45.7749,96,1,1410,1215,1410,1215,1.0000,1.0000,144365,38,1778,39181,40960,8597363,13223828,0,0,0,0,0
1024,33554432,13,268.435,24.7573,8.9537,11.7618,45.4728,96,2,1410,1215,1410,1215,1.0000,1.0000,146404,38,1778,39181,40960,8296533,13173535,0,0,0,0,0
1024,33554432,14,268.435,24.6600,8.9471,12.0593,45.6664,96,2,1410,1215,1410,1215,1.0000,1.0000,146293,38,1778,39181,40960,8335351,13543896,0,0,0,0,0
1024,33554432,15,268.435,24.6587,8.9362,11.9644,45.5593,96,2,1410,1215,1410,1215,1.0000,1.0000,146293,38,1778,39181,40960,8347021,13309960,0,0,0,0,0
1024,33554432,16,268.435,24.6077,8.9195,11.9547,45.4819,96,2,1410,1215,1410,1215,1.0000,1.0000,169651,38,1778,39181,40960,9084130,13337646,0,0,0,0,0
1024,33554432,17,268.435,24.7507,8.9529,11.7830,45.4866,96,2,1410,1215,1410,1215,1.0000,1.0000,152015,38,1778,39181,40960,8482861,13449023,0,0,0,0,0
1024,33554432,18,268.435,24.6191,8.9482,12.1244,45.6918,96,2,1410,1215,1410,1215,1.0000,1.0000,142035,38,1778,39181,40960,8302392,14086914,0,0,0,0,0
1024,33554432,19,268.435,24.6647,8.9448,11.8987,45.5082,96,2,1410,1215,1410,1215,1.0000,1.0000,138990,38,1778,39181,40960,8428320,13527148,0,0,0,0,0
1024,33554432,20,268.435,24.7253,8.9291,11.9378,45.5923,96,1,1410,1215,1410,1215,1.0000,1.0000,146404,38,1778,39181,40960,8288916,13287597,0,0,0,0,0
1024,33554432,21,268.435,24.7622,8.9179,11.8908,45.5709,96,1,1410,1215,1410,1215,1.0000,1.0000,147403,38,1778,39181,40960,8336425,13188964,0,0,0,0,0
1024,33554432,22,268.435,24.8003,8.9461,11.9642,45.7105,96,2,1410,1215,1410,1215,1.0000,1.0000,146883,38,1778,39181,40960,8490136,13567871,0,0,0,0,0
1024,33554432,23,268.435,24.7794,8.9360,11.8272,45.5427,96,2,1410,1215,1410,1215,1.0000,1.0000,163230,38,1778,39181,40960,8325000,13251806,0,0,0,0,0
1024,33554432,24,268.435,24.7584,8.9886,11.9803,45.7273,96,2,1410,1215,1410,1215,1.0000,1.0000,163230,38,1778,39181,40960,8456689,13516650,0,0,0,0,0
1024,33554432,25,268.435,24.6321,9.0431,11.8948,45.5701,96,2,1410,1215,1410,1215,1.0000,1.0000,158672,38,1778,39181,40960,8294775,13348974,0,0,0,0,0
1024,33554432,26,268.435,24.7460,8.9436,11.8289,45.5184,96,2,1410,1215,1410,1215,1.0000,1.0000,150495,38,1778,39181,40960,8471777,13191601,0,0,0,0,0
1024,33554432,27,268.435,24.8799,8.9471,11.8323,45.6593,96,2,1410,1215,1410,1215,1.0000,1.0000,143838,38,1778,39181,40960,8389746,13711474,0,0,0,0,0
1024,33554432,28,268.435,24.7272,8.9576,12.0686,45.7534,96,2,1410,1215,1410,1215,1.0000,1.0000,145600,38,1778,39181,40960,8480566,13463134,0,0,0,0,0
1024,33554432,29,268.435,24.6687,8.9899,11.9079,45.5664,96,1,1410,1215,1410,1215,1.0000,1.0000,144601,38,1778,39181,40960,8312548,13484716,0,0,0,0,0
1024,67108864,0,536.871,50.0605,39.4158,37.4756,126.9518,93,0,1410,1215,1410,1215,1.0000,1.0000,142035,37,2160,38799,40960,8790185,13264990,0,0,0,0,0
1024,67108864,1,536.871,49.4946,17.6615,23.5323,90.6885,93,0,1410,1215,1410,1215,1.0000,1.0000,143082,37,2162,38797,40960,8478027,13408691,0,0,0,0,0
1024,67108864,2,536.871,49.6542,17.6569,23.5249,90.8359,95,0,1410,1215,1410,1215,1.0000,1.0000,159428,37,2162,38797,40960,8327294,13311767,0,0,0,0,0
1024,67108864,3,536.871,49.5604,17.5978,23.6724,90.8305,97,3,1410,1215,1410,1215,1.0000,1.0000,136660,37,2162,38797,40960,8350927,13557031,0,0,0,0,0
1024,67108864,4,536.871,49.4161,17.6333,23.4588,90.5082,97,3,1410,1215,1410,1215,1.0000,1.0000,139989,38,2162,38797,40960,8527392,13621484,0,0,0,0,0
1024,67108864,5,536.871,49.4956,17.7942,23.6550,90.9448,97,2,1410,1215,1410,1215,1.0000,1.0000,161474,37,2162,38797,40960,8300683,13348925,0,0,0,0,0
1024,67108864,6,536.871,49.6986,17.6685,23.6888,91.0560,97,3,1410,1215,1410,1215,1.0000,1.0000,143554,37,2162,38797,40960,8325146,13162158,0,0,0,0,0
1024,67108864,7,536.871,49.4904,17.6601,23.7206,90.8712,97,3,1410,1215,1410,1215,1.0000,1.0000,139226,38,2162,38797,40960,9083544,13523779,0,0,0,0,0
1024,67108864,8,536.871,49.3820,17.6393,23.6639,90.6852,97,2,1410,1215,1410,1215,1.0000,1.0000,142555,37,2162,38797,40960,8486328,13348876,0,0,0,0,0
1024,67108864,9,536.871,49.4682,17.6339,23.7461,90.8482,96,3,1410,1215,1410,1215,1.0000,1.0000,142555,37,2162,38797,40960,8496972,13245117,0,0,0,0,0
1024,67108864,10,536.871,49.3932,17.6571,23.7276,90.7779,96,3,1410,1215,1410,1215,1.0000,1.0000,135378,38,2162,38797,40960,8498144,13250537,0,0,0,0,0
1024,67108864,11,536.871,49.5074,17.7258,23.6906,90.9238,97,2,1410,1215,1410,1215,1.0000,1.0000,143318,37,2162,38797,40960,8527832,13392626,0,0,0,0,0
1024,67108864,12,536.871,49.4522,17.6718,23.6208,90.7448,97,3,1410,1215,1410,1215,1.0000,1.0000,144074,37,2162,38797,40960,8336376,13516210,0,0,0,0,0
1024,67108864,13,536.871,49.3805,17.6612,23.4817,90.5234,97,3,1410,1215,1410,1215,1.0000,1.0000,135661,38,2162,38797,40960,8397851,13553222,0,0,0,0,0
1024,67108864,14,536.871,49.4189,17.7749,23.5953,90.7891,97,2,1410,1215,1410,1215,1.0000,1.0000,141508,37,2162,38797,40960,8511669,13333935,0,0,0,0,0
1024,67108864,15,536.871,49.4040,17.6419,23.8919,90.9379,97,3,1410,1215,1410,1215,1.0000,1.0000,144601,37,2162,38797,40960,8478662,13377636,0,0,0,0,0
1024,67108864,16,536.871,49.4962,17.6768,23.4914,90.6644,97,3,1410,1215,1410,1215,1.0000,1.0000,141272,38,2162,38797,40960,8302343,13144726,0,0,0,0,0
1024,67108864,17,536.871,49.5712,17.6529,23.6512,90.8753,97,2,1410,1215,1410,1215,1.0000,1.0000,134615,37,2162,38797,40960,8341455,13673779,0,0,0,0,0
1024,67108864,18,536.871,49.5639,17.6750,23.9234,91.1623,97,3,1410,1215,1410,1215,1.0000,1.0000,145121,38,2162,38797,40960,8488525,13329248,0,0,0,0,0
1024,67108864,19,536.871,49.5024,17.6687,23.6784,90.8496,97,3,1410,1215,1410,1215,1.0000,1.0000,135378,38,2162,38797,40960,8302343,13177197,0,0,0,0,0
1024,67108864,20,536.871,49.3793,17.6549,23.7769,90.8111,97,2,1410,1215,1410,1215,1.0000,1.0000,139989,37,2162,38797,40960,8501611,13194287,0,0,0,0,0
1024,67108864,21,536.871,49.3960,17.6416,23.7466,90.7842,97,3,1410,1215,1410,1215,1.0000,1.0000,144601,37,2162,38797,40960,8464599,13567773,0,0,0,0,0
1024,67108864,22,536.871,49.4304,17.6523,23.7852,90.8679,97,3,1410,1215,1410,1215,1.0000,1.0000,135898,38,2162,38797,40960,8476855,13655566,0,0,0,0,0
1024,67108864,23,536.871,49.4292,17.6346,23.7001,90.7638,97,2,1410,1215,1410,1215,1.0000,1.0000,135898,37,2162,38797,40960,8504101,13164550,0,0,0,0,0
1024,67108864,24,536.871,49.5651,17.6713,23.5000,90.7364,97,3,1410,1215,1410,1215,1.0000,1.0000,144365,37,2162,38797,40960,8318457,13567773,0,0,0,0,0
1024,67108864,25,536.871,49.5136,17.6586,23.6586,90.8309,97,3,1410,1215,1410,1215,1.0000,1.0000,138990,38,2162,38797,40960,8307519,13567919,0,0,0,0,0
1024,67108864,26,536.871,49.4376,17.6523,23.5302,90.6202,97,2,1410,1215,1410,1215,1.0000,1.0000,136188,38,2162,38797,40960,8507275,13130322,0,0,0,0,0
1024,67108864,27,536.871,49.4273,17.6372,24.0827,91.1472,97,3,1410,1215,1410,1215,1.0000,1.0000,145121,38,2162,38797,40960,8514599,15022607,0,0,0,0,0
1024,67108864,28,536.871,49.3993,17.7216,23.5862,90.7071,97,3,1410,1215,1410,1215,1.0000,1.0000,139989,38,2162,38797,40960,8293652,13411425,0,0,0,0,0
1024,67108864,29,536.871,49.2654,17.6624,23.5425,90.4703,97,2,1410,1215,1410,1215,1.0000,1.0000,135661,38,2162,38797,40960,8333007,13517480,0,0,0,0,0
3072,524288,0,4.194,1.0319,23.3984,1.1976,25.6279,99,5,1410,1215,1410,1215,1.0000,1.0000,207205,41,1494,39465,40960,7287646,8917919,0,0,0,0,0
3072,524288,1,4.194,0.6263,0.2968,0.2750,1.1981,99,5,1410,1215,1410,1215,1.0000,1.0000,207205,41,1496,39463,40960,7209277,9578515,0,0,0,0,0
3072,524288,2,4.194,1.5011,0.9515,0.9593,3.4119,99,5,1410,1215,1410,1215,1.0000,1.0000,205160,41,1496,39463,40960,6832568,11815039,0,0,0,0,0
3072,524288,3,4.194,0.2819,1.2991,0.1846,1.7655,99,5,1410,1215,1410,1215,1.0000,1.0000,205160,41,1496,39463,40960,5298730,11814746,0,0,0,0,0
3072,524288,4,4.194,0.2493,0.2872,0.1946,0.7310,99,5,1410,1215,1410,1215,1.0000,1.0000,183675,41,1496,39463,40960,7426074,10133251,0,0,0,0,0
3072,524288,5,4.194,0.7840,0.2879,0.1886,1.2605,99,5,1410,1215,1410,1215,1.0000,1.0000,183675,41,1496,39463,40960,7173925,10405468,0,0,0,0,0
3072,524288,6,4.194,0.2466,2.2602,0.1920,2.6987,99,5,1410,1215,1410,1215,1.0000,1.0000,211290,41,1496,39463,40960,7459375,10913330,0,0,0,0,0
3072,524288,7,4.194,0.2429,0.4889,0.9509,1.6827,99,5,1410,1215,1410,1215,1.0000,1.0000,211290,41,1496,39463,40960,6475195,11814990,0,0,0,0,0
3072,524288,8,4.194,0.2806,0.2937,0.1990,0.7733,99,5,1410,1215,1410,1215,1.0000,1.0000,211290,41,1496,39463,40960,7339746,9217919,0,0,0,0,0
3072,524288,9,4.194,1.4123,0.2921,0.4767,2.1811,99,5,1410,1215,1410,1215,1.0000,1.0000,192891,41,1496,39463,40960,7182812,9843359,0,0,0,0,0
3072,524288,10,4.194,1.5387,0.9514,0.9630,3.4531,99,5,1410,1215,1410,1215,1.0000,1.0000,192891,41,1496,39463,40960,6732617,11815087,0,0,0,0,0
3072,524288,11,4.194,0.2801,1.2135,0.1888,1.6823,99,5,1410,1215,1410,1215,1.0000,1.0000,206198,41,1496,39463,40960,5290673,11814648,0,0,0,0,0
3072,524288,12,4.194,0.2448,0.3009,0.2014,0.7471,99,5,1410,1215,1410,1215,1.0000,1.0000,206198,41,1496,39463,40960,7426025,10259960,0,0,0,0,0
3072,524288,13,4.194,0.6554,0.3034,0.3732,1.3321,99,5,1410,1215,1410,1215,1.0000,1.0000,199549,41,1496,39463,40960,7190039,9790185,0,0,0,0,0
3072,524288,14,4.194,1.4907,0.5765,0.9669,3.0341,99,5,1410,1215,1410,1215,1.0000,1.0000,199549,41,1496,39463,40960,6848583,11815283,0,0,0,0,0
3072,524288,15,4.194,0.2807,1.2369,0.1885,1.7062,99,5,1410,1215,1410,1215,1.0000,1.0000,183958,41,1496,39463,40960,5290624,11814648,0,0,0,0,0
3072,524288,16,4.194,0.2447,2.1003,0.1900,2.5350,99,5,1410,1215,1410,1215,1.0000,1.0000,183958,41,1496,39463,40960,7458007,10995898,0,0,0,0,0
3072,524288,17,4.194,0.2450,0.2884,0.7920,1.3254,99,5,1410,1215,1410,1215,1.0000,1.0000,183958,41,1496,39463,40960,5515917,11815087,0,0,0,0,0
3072,524288,18,4.194,0.2700,0.2939,0.6499,1.2138,99,5,1410,1215,1410,1215,1.0000,1.0000,210527,42,1496,39463,40960,7083789,10687158,0,0,0,0,0
3072,524288,19,4.194,0.2786,1.2202,0.1883,1.6871,99,5,1410,1215,1410,1215,1.0000,1.0000,210527,42,1496,39463,40960,5299316,11814746,0,0,0,0,0
3072,524288,20,4.194,0.2436,0.3047,0.1987,0.7470,99,5,1410,1215,1410,1215,1.0000,1.0000,193134,42,1496,39463,40960,7426074,10309082,0,0,0,0,0
3072,524288,21,4.194,0.5938,0.3040,0.2860,1.1837,99,5,1410,1215,1410,1215,1.0000,1.0000,193134,42,1496,39463,40960,7191503,9770263,0,0,0,0,0
3072,524288,22,4.194,1.5022,0.8727,0.9716,3.3464,99,5,1410,1215,1410,1215,1.0000,1.0000,196983,42,1496,39463,40960,6817138,11815039,0,0,0,0,0
3072,524288,23,4.194,0.2762,0.3624,0.1908,0.8293,99,5,1410,1215,1410,1215,1.0000,1.0000,196983,42,1496,39463,40960,5299218,11815332,0,0,0,0,0
3072,524288,24,4.194,0.2445,1.7105,0.1890,2.1439,99,5,1410,1215,1410,1215,1.0000,1.0000,199029,42,1496,39463,40960,5387597,11814697,0,0,0,0,0
3072,524288,25,4.194,0.2444,0.3089,0.2017,0.7551,99,5,1410,1215,1410,1215,1.0000,1.0000,199029,42,1496,39463,40960,7426025,10203906,0,0,0,0,0
3072,524288,26,4.194,0.6535,0.2915,0.1993,1.1444,99,5,1410,1215,1410,1215,1.0000,1.0000,199029,42,1496,39463,40960,7230419,9756005,0,0,0,0,0
3072,524288,27,4.194,1.3244,0.2925,0.3958,2.0126,99,5,1410,1215,1410,1215,1.0000,1.0000,185714,42,1496,39463,40960,7426074,11814941,0,0,0,0,0
3072,524288,28,4.194,0.2770,0.2926,0.1987,0.7683,99,5,1410,1215,1410,1215,1.0000,1.0000,185714,42,1496,39463,40960,7203173,9161523,0,0,0,0,0
3072,524288,29,4.194,1.3437,0.3133,0.2309,1.8878,99,5,1410,1215,1410,1215,1.0000,1.0000,211290,42,1496,39463,40960,7426074,10307763,0,0,0,0,0
3072,1048576,0,8.389,2.2672,42.1082,2.3404,46.7158,99,5,1410,1215,1410,1215,1.0000,1.0000,209233,41,1500,39459,40960,7426025,10290869,0,0,0,0,0
3072,1048576,1,8.389,2.0983,0.4198,0.5333,3.0514,99,5,1410,1215,1410,1215,1.0000,1.0000,206679,41,1502,39457,40960,7242773,9309570,0,0,0,0,0
3072,1048576,2,8.389,2.5225,0.4158,0.6372,3.5755,99,5,1410,1215,1410,1215,1.0000,1.0000,206679,41,1502,39457,40960,7175634,9897753,0,0,0,0,0
3072,1048576,3,8.389,2.9651,2.5097,0.4040,5.8788,99,5,1410,1215,1410,1215,1.0000,1.0000,192891,41,1502,39457,40960,7427978,10776220,0,0,0,0,0
3072,1048576,4,8.389,0.4440,2.5375,0.4024,3.3838,99,5,1410,1215,1410,1215,1.0000,1.0000,192891,41,1502,39457,40960,7473632,10614306,0,0,0,0,0
3072,1048576,5,8.389,0.4429,0.4373,0.4157,1.2958,99,5,1410,1215,1410,1215,1.0000,1.0000,191608,42,1502,39457,40960,7122558,9416845,0,0,0,0,0
3072,1048576,6,8.389,1.8081,0.4017,0.5245,2.7343,99,5,1410,1215,1410,1215,1.0000,1.0000,191608,42,1502,39457,40960,7214843,9553417,0,0,0,0,0
3072,1048576,7,8.389,2.7066,0.4077,0.6339,3.7482,99,5,1410,1215,1410,1215,1.0000,1.0000,191608,42,1502,39457,40960,7185400,9798681,0,0,0,0,0
3072,1048576,8,8.389,2.8425,0.4129,0.5508,3.8062,99,5,1410,1215,1410,1215,1.0000,1.0000,212038,42,1502,39457,40960,7182128,9846386,0,0,0,0,0
3072,1048576,9,8.389,2.9412,0.4083,0.5169,3.8664,99,5,1410,1215,1410,1215,1.0000,1.0000,212038,42,1502,39457,40960,7187841,9786425,0,0,0,0,0
3072,1048576,10,8.389,2.9607,0.4159,0.4319,3.8085,99,5,1410,1215,1410,1215,1.0000,1.0000,193134,42,1502,39457,40960,7184082,9854052,0,0,0,0,0
3072,1048576,11,8.389,2.6071,1.0758,0.4030,4.0859,99,5,1410,1215,1410,1215,1.0000,1.0000,193134,42,1502,39457,40960,7427246,11814697,0,0,0,0,0
3072,1048576,12,8.389,0.4432,0.4064,1.0870,1.9366,99,5,1410,1215,1410,1215,1.0000,1.0000,199548,42,1502,39457,40960,5749609,11815087,0,0,0,0,0
3072,1048576,13,8.389,3.0885,0.4628,0.4055,3.9568,99,5,1410,1215,1410,1215,1.0000,1.0000,199548,42,1502,39457,40960,7427392,11814892,0,0,0,0,0
3072,1048576,14,8.389,0.4434,0.4249,0.5003,1.3686,100,5,1410,1215,1410,1215,1.0000,1.0000,211276,42,1502,39457,40960,7029931,10802099,0,0,0,0,0
3072,1048576,15,8.389,0.4448,0.4220,0.5366,1.4034,100,5,1410,1215,1410,1215,1.0000,1.0000,211276,42,1502,39457,40960,7295556,8895556,0,0,0,0,0
3072,1048576,16,8.389,2.0545,0.4203,0.4341,2.9089,100,5,1410,1215,1410,1215,1.0000,1.0000,188806,41,1502,39457,40960,7197460,9717431,0,0,0,0,0
3072,1048576,17,8.389,2.9131,0.4150,0.4131,3.7413,100,5,1410,1215,1410,1215,1.0000,1.0000,188806,41,1502,39457,40960,7177197,10407812,0,0,0,0,0
3072,1048576,18,8.389,0.4437,0.4156,0.4096,1.2688,99,5,1410,1215,1410,1215,1.0000,1.0000,199029,41,1502,39457,40960,6788818,11031982,0,0,0,0,0
3072,1048576,19,8.389,0.4451,0.4245,0.5054,1.3750,99,5,1410,1215,1410,1215,1.0000,1.0000,199029,41,1502,39457,40960,7304394,8818652,0,0,0,0,0
3072,1048576,20,8.389,2.0951,0.4229,0.4171,2.9351,99,5,1410,1215,1410,1215,1.0000,1.0000,199029,41,1502,39457,40960,7254931,9797949,0,0,0,0,0
3072,1048576,21,8.389,1.0582,0.4122,0.8239,2.2944,99,5,1410,1215,1410,1215,1.0000,1.0000,199029,41,1502,39457,40960,6910449,11814843,0,0,0,0,0
3072,1048576,22,8.389,3.0887,0.4270,0.4503,3.9660,99,5,1410,1215,1410,1215,1.0000,1.0000,199029,41,1502,39457,40960,7426464,11056445,0,0,0,0,0
3072,1048576,23,8.389,0.4579,0.4332,0.5092,1.4004,99,5,1410,1215,1410,1215,1.0000,1.0000,191608,41,1502,39457,40960,7324511,8851416,0,0,0,0,0
3072,1048576,24,8.389,1.9450,0.4281,0.4606,2.8337,99,5,1410,1215,1410,1215,1.0000,1.0000,191608,41,1502,39457,40960,7327587,9575537,0,0,0,0,0
3072,1048576,25,8.389,1.0201,0.4237,0.4334,1.8772,99,5,1410,1215,1410,1215,1.0000,1.0000,211054,41,1502,39457,40960,7241699,10994384,0,0,0,0,0
3072,1048576,26,8.389,1.0764,0.4328,0.4532,1.9625,99,5,1410,1215,1410,1215,1.0000,1.0000,211054,41,1502,39457,40960,7252343,10382324,0,0,0,0,0
3072,1048576,27,8.389,0.4439,0.4280,0.4891,1.3610,99,5,1410,1215,1410,1215,1.0000,1.0000,194937,41,1502,39457,40960,7257421,9148632,0,0,0,0,0
3072,1048576,28,8.389,2.3770,0.4156,0.5241,3.3167,99,5,1410,1215,1410,1215,1.0000,1.0000,194937,41,1502,39457,40960,7190820,9784326,0,0,0,0,0
3072,1048576,29,8.389,2.6927,0.4249,0.4227,3.5403,99,5,1410,1215,1410,1215,1.0000,1.0000,205916,41,1502,39457,40960,7182128,9857617,0,0,0,0,0
3072,2097152,0,16.777,2.8987,49.4200,2.6105,54.9293,99,5,1410,1215,1410,1215,1.0000,1.0000,175262,42,1512,39447,40960,7245166,9673486,0,0,0,0,0
3072,2097152,1,16.777,2.5587,1.6321,1.4202,5.6109,99,5,1410,1215,1410,1215,1.0000,1.0000,205915,42,1514,39445,40960,5759375,11814697,0,0,0,0,0
3072,2097152,2,16.777,3.5819,0.9330,0.6965,5.2113,99,5,1410,1215,1410,1215,1.0000,1.0000,205915,42,1514,39445,40960,7017285,11815478,0,0,0,0,0
3072,2097152,3,16.777,0.9345,2.4394,0.6693,4.0431,99,5,1410,1215,1410,1215,1.0000,1.0000,204923,42,1514,39445,40960,5680810,11814648,0,0,0,0,0
3072,2097152,4,16.777,0.8995,2.7715,0.6843,4.3553,99,5,1410,1215,1410,1215,1.0000,1.0000,204923,42,1514,39445,40960,6166015,11594189,0,0,0,0,0
3072,2097152,5,16.777,0.8968,0.6274,1.3693,2.8935,99,5,1410,1215,1410,1215,1.0000,1.0000,193890,42,1514,39445,40960,7090136,11006738,0,0,0,0,0
3072,2097152,6,16.777,3.3273,0.6189,0.6897,4.6360,99,5,1410,1215,1410,1215,1.0000,1.0000,193890,41,1514,39445,40960,7243945,9300146,0,0,0,0,0
3072,2097152,7,16.777,2.7846,0.6113,0.6880,4.0838,99,5,1410,1215,1410,1215,1.0000,1.0000,193890,41,1514,39445,40960,7265234,9089404,0,0,0,0,0
3072,2097152,8,16.777,2.6418,0.6303,0.6893,3.9615,99,5,1410,1215,1410,1215,1.0000,1.0000,191851,41,1514,39445,40960,7258886,9172949,0,0,0,0,0
3072,2097152,9,16.777,2.3953,0.6139,0.6866,3.6958,99,5,1410,1215,1410,1215,1.0000,1.0000,191851,41,1514,39445,40960,7409667,9764648,0,0,0,0,0
3072,2097152,10,16.777,0.8301,2.0319,0.6740,3.5361,99,5,1410,1215,1410,1215,1.0000,1.0000,211559,41,1514,39445,40960,7187255,11642089,0,0,0,0,0
3072,2097152,11,16.777,0.8700,0.6129,0.6859,2.1688,99,5,1410,1215,1410,1215,1.0000,1.0000,211559,41,1514,39445,40960,7501269,9019189,0,0,0,0,0
3072,2097152,12,16.777,1.5965,0.6251,0.6873,2.9089,100,5,1410,1215,1410,1215,1.0000,1.0000,193418,41,1514,39445,40960,7269726,9073730,0,0,0,0,0
3072,2097152,13,16.777,2.6004,0.6304,0.6847,3.9155,100,5,1410,1215,1410,1215,1.0000,1.0000,193418,41,1514,39445,40960,7253466,9235595,0,0,0,0,0
3072,2097152,14,16.777,2.5369,0.6156,0.7110,3.8635,100,5,1410,1215,1410,1215,1.0000,1.0000,187820,42,1514,39445,40960,7265380,9144824,0,0,0,0,0
3072,2097152,15,16.777,2.6181,0.6366,0.6942,3.9490,100,5,1410,1215,1410,1215,1.0000,1.0000,187820,42,1514,39445,40960,7426074,9165429,0,0,0,0,0
3072,2097152,16,16.777,1.4798,0.6123,0.6886,2.7807,99,5,1410,1215,1410,1215,1.0000,1.0000,208761,42,1514,39445,40960,7293212,8867431,0,0,0,0,0
3072,2097152,17,16.777,2.4778,0.6125,0.6860,3.7763,99,5,1410,1215,1410,1215,1.0000,1.0000,208761,42,1514,39445,40960,7252148,9226660,0,0,0,0,0
3072,2097152,18,16.777,2.9412,1.5162,0.6688,5.1261,99,5,1410,1215,1410,1215,1.0000,1.0000,193134,42,1514,39445,40960,7431201,11840478,0,0,0,0,0
3072,2097152,19,16.777,0.8728,0.6080,0.6877,2.1685,99,5,1410,1215,1410,1215,1.0000,1.0000,193134,42,1514,39445,40960,7033593,10872802,0,0,0,0,0
3072,2097152,20,16.777,2.8014,0.6199,0.6955,4.1169,99,5,1410,1215,1410,1215,1.0000,1.0000,186760,42,1514,39445,40960,7190576,10791162,0,0,0,0,0
3072,2097152,21,16.777,2.8014,1.9501,0.6898,5.4413,99,5,1410,1215,1410,1215,1.0000,1.0000,186760,42,1514,39445,40960,7188378,11814990,0,0,0,0,0
3072,2097152,22,16.777,0.8692,1.3940,1.4423,3.7055,99,5,1410,1215,1410,1215,1.0000,1.0000,208997,42,1514,39445,40960,6654248,11814941,0,0,0,0,0
3072,2097152,23,16.777,3.3725,0.6227,0.7352,4.7303,99,5,1410,1215,1410,1215,1.0000,1.0000,208997,42,1514,39445,40960,7244921,9291845,0,0,0,0,0
3072,2097152,24,16.777,2.6562,0.6146,0.6861,3.9569,99,5,1410,1215,1410,1215,1.0000,1.0000,208997,42,1514,39445,40960,7267578,9043359,0,0,0,0,0
3072,2097152,25,16.777,2.5822,0.6083,0.6750,3.8656,100,5,1410,1215,1410,1215,1.0000,1.0000,199265,41,1514,39445,40960,7260107,9157080,0,0,0,0,0
3072,2097152,26,16.777,2.7565,0.6332,0.7224,4.1121,100,5,1410,1215,1410,1215,1.0000,1.0000,199265,41,1514,39445,40960,7266845,9074609,0,0,0,0,0
3072,2097152,27,16.777,2.5865,0.6228,0.6914,3.9007,100,5,1410,1215,1410,1215,1.0000,1.0000,183958,41,1514,39445,40960,7262695,9137451,0,0,0,0,0
3072,2097152,28,16.777,2.5339,1.0519,0.6819,4.2677,100,5,1410,1215,1410,1215,1.0000,1.0000,183958,41,1514,39445,40960,7453222,11814746,0,0,0,0,0
3072,2097152,29,16.777,0.8959,0.9050,1.4425,3.2434,100,5,1410,1215,1410,1215,1.0000,1.0000,205916,42,1514,39445,40960,5579345,11814892,0,0,0,0,0
3072,4194304,0,33.554,2.9057,31.1357,2.2605,36.3020,99,5,1410,1215,1410,1215,1.0000,1.0000,191851,42,1536,39423,40960,7165087,10991992,0,0,0,0,0
3072,4194304,1,33.554,2.5359,1.0347,1.2964,4.8670,99,5,1410,1215,1410,1215,1.0000,1.0000,191851,42,1538,39421,40960,7426318,10111083,0,0,0,0,0
3072,4194304,2,33.554,2.3822,1.1335,1.3102,4.8259,99,5,1410,1215,1410,1215,1.0000,1.0000,197503,41,1538,39421,40960,6257080,11814746,0,0,0,0,0
3072,4194304,3,33.554,4.8881,2.0278,1.2839,8.1998,99,5,1410,1215,1410,1215,1.0000,1.0000,197746,41,1538,39421,40960,5312158,11814501,0,0,0,0,0
3072,4194304,4,33.554,4.8163,1.0332,1.2999,7.1494,99,5,1410,1215,1410,1215,1.0000,1.0000,197746,41,1538,39421,40960,7194482,9742480,0,0,0,0,0
3072,4194304,5,33.554,3.6234,3.0618,1.2852,7.9704,99,5,1410,1215,1410,1215,1.0000,1.0000,213093,41,1538,39421,40960,6939892,11431152,0,0,0,0,0
3072,4194304,6,33.554,4.4114,1.4031,1.6674,7.4819,99,5,1410,1215,1410,1215,1.0000,1.0000,213093,41,1538,39421,40960,7426025,11816015,0,0,0,0,0
3072,4194304,7,33.554,4.1543,2.2033,1.2795,7.6371,99,5,1410,1215,1410,1215,1.0000,1.0000,211290,42,1538,39421,40960,5621777,11814599,0,0,0,0,0
3072,4194304,8,33.554,3.2635,1.0374,1.3020,5.6029,99,5,1410,1215,1410,1215,1.0000,1.0000,211290,42,1538,39421,40960,7366406,9505712,0,0,0,0,0
3072,4194304,9,33.554,1.9759,1.0520,1.2987,4.3265,99,5,1410,1215,1410,1215,1.0000,1.0000,199785,41,1538,39421,40960,7426025,10083056,0,0,0,0,0
3072,4194304,10,33.554,1.9503,1.0250,1.2879,4.2633,99,5,1410,1215,1410,1215,1.0000,1.0000,199785,41,1538,39421,40960,6592968,11166650,0,0,0,0,0
3072,4194304,11,33.554,1.9607,1.7738,1.6746,5.4090,99,5,1410,1215,1410,1215,1.0000,1.0000,188286,41,1538,39421,40960,6732519,11814892,0,0,0,0,0
3072,4194304,12,33.554,4.1263,1.0460,1.2845,6.4568,100,5,1410,1215,1410,1215,1.0000,1.0000,188286,41,1538,39421,40960,7445556,9950830,0,0,0,0,0
3072,4194304,13,33.554,1.9481,1.0290,1.3166,4.2938,100,5,1410,1215,1410,1215,1.0000,1.0000,200021,41,1538,39421,40960,7213867,9199804,0,0,0,0,0
3072,4194304,14,33.554,2.2524,1.4581,1.6566,5.3671,100,5,1410,1215,1410,1215,1.0000,1.0000,200021,41,1538,39421,40960,5748925,11814697,0,0,0,0,0
3072,4194304,15,33.554,4.1626,1.0328,1.3039,6.4993,99,5,1410,1215,1410,1215,1.0000,1.0000,206442,41,1538,39421,40960,7263232,9100585,0,0,0,0,0
3072,4194304,16,33.554,3.0035,2.1773,1.2895,6.4703,99,5,1410,1215,1410,1215,1.0000,1.0000,206442,41,1538,39421,40960,7425976,10200976,0,0,0,0,0
3072,4194304,17,33.554,3.2572,1.2144,1.6640,6.1356,99,5,1410,1215,1410,1215,1.0000,1.0000,194181,42,1538,39421,40960,7077587,11341552,0,0,0,0,0
3072,4194304,18,33.554,4.1148,1.0307,1.3106,6.4562,99,5,1410,1215,1410,1215,1.0000,1.0000,194181,42,1538,39421,40960,7425976,8928076,0,0,0,0,0
3072,4194304,19,33.554,1.9940,1.0318,1.3072,4.3330,100,5,1410,1215,1410,1215,1.0000,1.0000,190852,42,1538,39421,40960,7150634,9816796,0,0,0,0,0
3072,4194304,20,33.554,2.3331,1.0477,1.3073,4.6881,100,5,1410,1215,1410,1215,1.0000,1.0000,190852,42,1538,39421,40960,5355712,11815478,0,0,0,0,0
3072,4194304,21,33.554,2.2492,1.6538,1.6518,5.5548,100,5,1410,1215,1410,1215,1.0000,1.0000,206679,42,1538,39421,40960,5329736,11817675,0,0,0,0,0
3072,4194304,22,33.554,4.1139,1.0269,1.2844,6.4252,100,5,1410,1215,1410,1215,1.0000,1.0000,206679,42,1538,39421,40960,7426025,9475830,0,0,0,0,0
3072,4194304,23,33.554,1.9489,1.0287,1.2890,4.2666,100,5,1410,1215,1410,1215,1.0000,1.0000,200312,41,1538,39421,40960,6509326,11232568,0,0,0,0,0
3072,4194304,24,33.554,1.9453,1.0474,1.2839,4.2766,100,5,1410,1215,1410,1215,1.0000,1.0000,200312,41,1538,39421,40960,6571630,11182861,0,0,0,0,0
3072,4194304,25,33.554,1.9524,2.0615,1.6626,5.6765,100,5,1410,1215,1410,1215,1.0000,1.0000,189569,41,1538,39421,40960,6304785,11814794,0,0,0,0,0
3072,4194304,26,33.554,4.1166,1.0425,1.3068,6.4659,100,5,1410,1215,1410,1215,1.0000,1.0000,189569,41,1538,39421,40960,7426025,8982128,0,0,0,0,0
3072,4194304,27,33.554,2.0487,1.0265,1.3028,4.3780,100,5,1410,1215,1410,1215,1.0000,1.0000,189569,41,1538,39421,40960,7426464,9451220,0,0,0,0,0
3072,4194304,28,33.554,1.9562,1.0317,1.2987,4.2865,100,5,1410,1215,1410,1215,1.0000,1.0000,199785,42,1538,39421,40960,7425976,9899023,0,0,0,0,0
3072,4194304,29,33.554,1.9896,1.5537,1.6462,5.1895,100,5,1410,1215,1410,1215,1.0000,1.0000,199785,42,1538,39421,40960,5407226,11814697,0,0,0,0,0
3072,8388608,0,67.109,7.2888,27.3440,5.6752,40.3079,99,5,1410,1215,1410,1215,1.0000,1.0000,203350,41,1584,39375,40960,7082519,10707470,0,0,0,0,0
3072,8388608,1,67.109,6.6685,3.0750,3.9291,13.6726,99,5,1410,1215,1410,1215,1.0000,1.0000,206442,41,1586,39373,40960,5342236,11814599,0,0,0,0,0
3072,8388608,2,67.109,6.5529,1.8766,2.6288,11.0582,99,5,1410,1215,1410,1215,1.0000,1.0000,206442,41,1586,39373,40960,6136572,11815136,0,0,0,0,0
3072,8388608,3,67.109,4.9852,1.8844,2.6017,9.4714,99,5,1410,1215,1410,1215,1.0000,1.0000,189326,41,1586,39373,40960,7127539,9974462,0,0,0,0,0
3072,8388608,4,67.109,5.6600,1.9012,2.6076,10.1688,99,5,1410,1215,1410,1215,1.0000,1.0000,189326,41,1586,39373,40960,7334912,8766162,0,0,0,0,0
3072,8388608,5,67.109,6.9154,1.8946,2.6173,11.4272,100,5,1410,1215,1410,1215,1.0000,1.0000,204113,41,1586,39373,40960,7228222,9436328,0,0,0,0,0
3072,8388608,6,67.109,4.3310,3.2264,3.9016,11.4590,100,5,1410,1215,1410,1215,1.0000,1.0000,204113,41,1586,39373,40960,5377929,11814599,0,0,0,0,0
3072,8388608,7,67.109,6.4574,3.6940,3.9123,14.0637,100,5,1410,1215,1410,1215,1.0000,1.0000,210521,42,1586,39373,40960,5684814,11814648,0,0,0,0,0
3072,8388608,8,67.109,6.3818,1.8819,2.6236,10.8874,100,5,1410,1215,1410,1215,1.0000,1.0000,208198,42,1586,39373,40960,7206640,9596240,0,0,0,0,0
3072,8388608,9,67.109,4.3165,3.4079,3.9093,11.6336,100,5,1410,1215,1410,1215,1.0000,1.0000,208198,41,1586,39373,40960,5394042,11814648,0,0,0,0,0
3072,8388608,10,67.109,6.4281,2.1227,2.6166,11.1674,100,5,1410,1215,1410,1215,1.0000,1.0000,210244,42,1586,39373,40960,5373730,11814941,0,0,0,0,0
3072,8388608,11,67.109,5.2922,1.9109,2.5968,9.7999,100,5,1410,1215,1410,1215,1.0000,1.0000,210244,42,1586,39373,40960,7110986,9245654,0,0,0,0,0
3072,8388608,12,67.109,6.9110,1.8859,2.6020,11.3988,100,5,1410,1215,1410,1215,1.0000,1.0000,198266,41,1586,39373,40960,6627832,11153222,0,0,0,0,0
3072,8388608,13,67.109,6.9289,1.8887,2.6016,11.4192,100,5,1410,1215,1410,1215,1.0000,1.0000,198266,41,1586,39373,40960,7419873,8895214,0,0,0,0,0
3072,8388608,14,67.109,6.9249,1.8971,2.5985,11.4205,100,5,1410,1215,1410,1215,1.0000,1.0000,198786,42,1586,39373,40960,7405761,8786279,0,0,0,0,0
3072,8388608,15,67.109,6.8880,1.9032,2.5949,11.3862,100,5,1410,1215,1410,1215,1.0000,1.0000,198786,42,1586,39373,40960,7374853,8790673,0,0,0,0,0
3072,8388608,16,67.109,6.9046,1.8901,2.6087,11.4035,99,5,1410,1215,1410,1215,1.0000,1.0000,213319,42,1586,39373,40960,7317480,8787792,0,0,0,0,0
3072,8388608,17,67.109,6.9042,1.8970,2.6154,11.4165,99,5,1410,1215,1410,1215,1.0000,1.0000,213319,42,1586,39373,40960,7203173,9633105,0,0,0,0,0
3072,8388608,18,67.109,4.3325,2.0775,2.6256,9.0356,99,5,1410,1215,1410,1215,1.0000,1.0000,198786,42,1586,39373,40960,5426855,11814990,0,0,0,0,0
3072,8388608,19,67.109,5.2566,1.8700,2.5737,9.7003,99,5,1410,1215,1410,1215,1.0000,1.0000,194942,42,1586,39373,40960,7397021,9910351,0,0,0,0,0
3072,8388608,20,67.109,6.9424,2.7040,2.6070,12.2535,100,5,1410,1215,1410,1215,1.0000,1.0000,194942,41,1586,39373,40960,5531445,11815087,0,0,0,0,0
3072,8388608,21,67.109,5.2767,3.4921,3.9096,12.6785,100,5,1410,1215,1410,1215,1.0000,1.0000,193890,42,1586,39373,40960,5462988,11814648,0,0,0,0,0
3072,8388608,22,67.109,6.4384,3.6010,3.9192,13.9587,100,5,1410,1215,1410,1215,1.0000,1.0000,193890,42,1586,39373,40960,5728076,11814746,0,0,0,0,0
3072,8388608,23,67.109,6.4494,3.6833,3.9082,14.0409,100,5,1410,1215,1410,1215,1.0000,1.0000,186477,41,1586,39373,40960,5688574,11814648,0,0,0,0,0
3072,8388608,24,67.109,6.4460,3.4833,3.9073,13.8367,100,5,1410,1215,1410,1215,1.0000,1.0000,186477,41,1586,39373,40960,5748925,11814697,0,0,0,0,0
3072,8388608,25,67.109,6.3825,3.6914,3.9115,13.9854,100,5,1410,1215,1410,1215,1.0000,1.0000,203877,42,1586,39373,40960,5691992,11814648,0,0,0,0,0
3072,8388608,26,67.109,6.4746,1.8548,2.6309,10.9602,100,5,1410,1215,1410,1215,1.0000,1.0000,203877,42,1586,39373,40960,5986376,11815087,0,0,0,0,0
3072,8388608,27,67.109,4.9950,1.8718,2.6478,9.5147,100,5,1410,1215,1410,1215,1.0000,1.0000,203114,42,1586,39373,40960,6988574,10906250,0,0,0,0,0
3072,8388608,28,67.109,4.4591,1.8932,2.5854,8.9378,100,5,1410,1215,1410,1215,1.0000,1.0000,216138,42,1586,39373,40960,7426074,9045556,0,0,0,0,0
3072,8388608,29,67.109,7.0242,1.8890,2.6079,11.5210,100,5,1410,1215,1410,1215,1.0000,1.0000,216138,42,1586,39373,40960,7426025,9058935,0,0,0,0,0
3072,16777216,0,134.218,14.5645,32.4842,10.2544,57.3031,99,5,1410,1215,1410,1215,1.0000,1.0000,203640,41,1680,39279,40960,7094042,9511621,0,0,0,0,0
3072,16777216,1,134.218,11.7824,6.1705,5.2216,23.1745,100,5,1410,1215,1410,1215,1.0000,1.0000,197746,41,1682,39277,40960,5318066,11814648,0,0,0,0,0
3072,16777216,2,134.218,11.7511,5.8166,5.2386,22.8063,100,5,1410,1215,1410,1215,1.0000,1.0000,209481,41,1682,39277,40960,6098681,11827587,0,0,0,0,0
3072,16777216,3,134.218,11.7346,6.1745,6.4985,24.4076,100,5,1410,1215,1410,1215,1.0000,1.0000,178064,41,1682,39277,40960,7000537,10899560,0,0,0,0,0
3072,16777216,4,134.218,12.6642,5.6715,5.1978,23.5335,100,5,1410,1215,1410,1215,1.0000,1.0000,178064,41,1682,39277,40960,5737451,11814697,0,0,0,0,0
3072,16777216,5,134.218,11.6584,7.3493,5.1844,24.1921,100,5,1410,1215,1410,1215,1.0000,1.0000,203114,41,1682,39277,40960,6178808,11586279,0,0,0,0,0
3072,16777216,6,134.218,11.7464,7.1914,5.1892,24.1269,100,5,1410,1215,1410,1215,1.0000,1.0000,183438,41,1682,39277,40960,5927539,11814697,0,0,0,0,0
3072,16777216,7,134.218,11.7582,7.3532,5.1613,24.2727,100,5,1410,1215,1410,1215,1.0000,1.0000,183438,41,1682,39277,40960,6267285,11584179,0,0,0,0,0
3072,16777216,8,134.218,11.9037,7.3326,5.1759,24.4122,100,5,1410,1215,1410,1215,1.0000,1.0000,208488,42,1682,39277,40960,6165576,11617871,0,0,0,0,0
3072,16777216,9,134.218,11.7277,3.5605,6.5008,21.7890,100,5,1410,1215,1410,1215,1.0000,1.0000,204923,41,1682,39277,40960,5755322,11815136,0,0,0,0,0
3072,16777216,10,134.218,13.7814,5.4738,5.1767,24.4319,100,5,1410,1215,1410,1215,1.0000,1.0000,204923,41,1682,39277,40960,5399755,11814843,0,0,0,0,0
3072,16777216,11,134.218,11.7058,4.1203,6.5366,22.3627,100,5,1410,1215,1410,1215,1.0000,1.0000,191088,41,1682,39277,40960,6239550,11815625,0,0,0,0,0
3072,16777216,12,134.218,14.1014,6.1833,6.4903,26.7750,100,5,1410,1215,1410,1215,1.0000,1.0000,198502,41,1682,39277,40960,6387890,11368798,0,0,0,0,0
3072,16777216,13,134.218,12.5213,6.1793,6.4728,25.1734,100,5,1410,1215,1410,1215,1.0000,1.0000,198502,41,1682,39277,40960,6381982,11499365,0,0,0,0,0
3072,16777216,14,134.218,12.6077,6.3549,5.2471,24.2097,100,5,1410,1215,1410,1215,1.0000,1.0000,198266,41,1682,39277,40960,6322070,11667187,0,0,0,0,0
3072,16777216,15,134.218,11.6759,6.3105,5.1777,23.1641,100,5,1410,1215,1410,1215,1.0000,1.0000,194937,41,1682,39277,40960,5776367,11843554,0,0,0,0,0
3072,16777216,16,134.218,11.7879,6.1784,6.4787,24.4450,100,5,1410,1215,1410,1215,1.0000,1.0000,194937,41,1682,39277,40960,7114501,11002001,0,0,0,0,0
3072,16777216,17,134.218,12.5153,5.4052,5.1645,23.0851,100,5,1410,1215,1410,1215,1.0000,1.0000,190852,42,1682,39277,40960,6020996,11814941,0,0,0,0,0
3072,16777216,18,134.218,11.6477,6.1866,6.4935,24.3278,100,5,1410,1215,1410,1215,1.0000,1.0000,210527,41,1682,39277,40960,6234179,11533837,0,0,0,0,0
3072,16777216,19,134.218,12.8101,3.7126,6.5912,23.1139,100,5,1410,1215,1410,1215,1.0000,1.0000,203877,41,1682,39277,40960,7093164,11293847,0,0,0,0,0
3072,16777216,20,134.218,14.0642,6.1975,6.4971,26.7588,100,5,1410,1215,1410,1215,1.0000,1.0000,203877,42,1682,39277,40960,6607080,11281640,0,0,0,0,0
3072,16777216,21,134.218,12.5316,6.2025,6.4937,25.2278,100,5,1410,1215,1410,1215,1.0000,1.0000,206159,41,1682,39277,40960,6320214,11446435,0,0,0,0,0
3072,16777216,22,134.218,12.5462,6.1636,6.4985,25.2082,100,5,1410,1215,1410,1215,1.0000,1.0000,204923,41,1682,39277,40960,7326171,9130078,0,0,0,0,0
3072,16777216,23,134.218,12.6318,6.1895,6.5065,25.3278,100,5,1410,1215,1410,1215,1.0000,1.0000,204923,41,1682,39277,40960,7181933,9404980,0,0,0,0,0
3072,16777216,24,134.218,12.5268,6.1780,6.4660,25.1708,100,5,1410,1215,1410,1215,1.0000,1.0000,192608,42,1682,39277,40960,6286718,11493408,0,0,0,0,0
3072,16777216,25,134.218,12.5733,6.1822,6.4583,25.2138,100,5,1410,1215,1410,1215,1.0000,1.0000,196747,41,1682,39277,40960,6240087,11553906,0,0,0,0,0
3072,16777216,26,134.218,12.6164,4.0586,6.4880,23.1630,100,5,1410,1215,1410,1215,1.0000,1.0000,196747,41,1682,39277,40960,6303320,11815039,0,0,0,0,0
3072,16777216,27,134.218,14.1166,6.1863,6.4792,26.7822,100,5,1410,1215,1410,1215,1.0000,1.0000,194937,41,1682,39277,40960,6661230,11083349,0,0,0,0,0
3072,16777216,28,134.218,12.5547,6.1649,5.1916,23.9112,100,5,1410,1215,1410,1215,1.0000,1.0000,194701,41,1682,39277,40960,5908593,11832812,0,0,0,0,0
3072,16777216,29,134.218,11.7785,6.2088,6.4872,24.4745,100,5,1410,1215,1410,1215,1.0000,1.0000,194701,41,1682,39277,40960,7019970,9207275,0,0,0,0,0
3072,33554432,0,268.435,28.7994,35.3123,20.1770,84.2887,99,5,1410,1215,1410,1215,1.0000,1.0000,199548,41,1872,39087,40960,5290673,11814648,0,0,0,0,0
3072,33554432,1,268.435,26.9885,11.4543,12.0980,50.5407,99,5,1410,1215,1410,1215,1.0000,1.0000,183958,42,1874,39085,40960,5497412,11814892,0,0,0,0,0
3072,33554432,2,268.435,28.6918,11.2580,11.6848,51.6346,99,5,1410,1215,1410,1215,1.0000,1.0000,194417,41,1874,39085,40960,6462500,11350146,0,0,0,0,0
3072,33554432,3,268.435,27.1608,11.2032,11.6096,49.9736,100,6,1410,1215,1410,1215,1.0000,1.0000,223813,42,1874,39085,40960,7426025,9936962,0,0,0,0,0
3072,33554432,4,268.435,27.0305,11.2440,11.6608,49.9353,100,6,1410,1215,1410,1215,1.0000,1.0000,211040,41,1874,39085,40960,7426025,9656201,0,0,0,0,0
3072,33554432,5,268.435,26.8658,11.2356,11.6625,49.7639,100,6,1410,1215,1410,1215,1.0000,1.0000,213336,41,1874,39085,40960,7425976,9846142,0,0,0,0,0
3072,33554432,6,268.435,27.0146,11.6274,12.0734,50.7155,100,6,1410,1215,1410,1215,1.0000,1.0000,198786,41,1874,39085,40960,5367382,11814843,0,0,0,0,0
3072,33554432,7,268.435,28.5261,11.2413,11.5902,51.3577,100,6,1410,1215,1410,1215,1.0000,1.0000,192371,42,1874,39085,40960,7426025,9214306,0,0,0,0,0
3072,33554432,8,268.435,27.0228,11.2534,11.5995,49.8757,100,6,1410,1215,1410,1215,1.0000,1.0000,179347,42,1874,39085,40960,7425976,9804101,0,0,0,0,0
3072,33554432,9,268.435,26.9591,12.1261,12.1153,51.2006,100,6,1410,1215,1410,1215,1.0000,1.0000,194701,42,1874,39085,40960,6481689,11814941,0,0,0,0,0
3072,33554432,10,268.435,28.8329,11.2664,11.7256,51.8249,100,6,1410,1215,1410,1215,1.0000,1.0000,194701,41,1874,39085,40960,7430029,10219726,0,0,0,0,0
3072,33554432,11,268.435,26.7619,11.4895,12.1137,50.3651,100,6,1410,1215,1410,1215,1.0000,1.0000,210770,41,1874,39085,40960,5450585,11814892,0,0,0,0,0
3072,33554432,12,268.435,28.5397,11.2575,11.6216,51.4187,100,6,1410,1215,1410,1215,1.0000,1.0000,196983,41,1874,39085,40960,7426513,9037353,0,0,0,0,0
3072,33554432,13,268.435,26.7625,11.9396,11.5907,50.2927,100,6,1410,1215,1410,1215,1.0000,1.0000,188043,42,1874,39085,40960,7427001,11816943,0,0,0,0,0
3072,33554432,14,268.435,27.5349,11.5597,12.1085,51.2031,100,6,1410,1215,1410,1215,1.0000,1.0000,197503,42,1874,39085,40960,7064062,11688330,0,0,0,0,0
3072,33554432,15,268.435,28.4368,11.2349,11.6511,51.3228,100,6,1410,1215,1410,1215,1.0000,1.0000,202351,41,1874,39085,40960,6391503,11815332,0,0,0,0,0
3072,33554432,16,268.435,27.9833,11.7601,11.6175,51.3609,100,6,1410,1215,1410,1215,1.0000,1.0000,187523,41,1874,39085,40960,5486376,11814746,0,0,0,0,0
3072,33554432,17,268.435,27.5863,11.2302,11.7829,50.5994,100,6,1410,1215,1410,1215,1.0000,1.0000,198786,41,1874,39085,40960,7076708,11665087,0,0,0,0,0
3072,33554432,18,268.435,28.3209,11.2565,11.5702,51.1476,100,6,1410,1215,1410,1215,1.0000,1.0000,206442,41,1874,39085,40960,7419482,8860156,0,0,0,0,0
3072,33554432,19,268.435,26.8621,11.2667,11.6664,49.7953,100,6,1410,1215,1410,1215,1.0000,1.0000,226848,41,1874,39085,40960,7426025,9862500,0,0,0,0,0
3072,33554432,20,268.435,27.0373,11.7376,11.5892,50.3641,100,6,1410,1215,1410,1215,1.0000,1.0000,214082,42,1874,39085,40960,6707812,11814648,0,0,0,0,0
3072,33554432,21,268.435,26.3798,11.2344,11.8237,49.4380,100,6,1410,1215,1410,1215,1.0000,1.0000,204633,42,1874,39085,40960,7114208,10432763,0,0,0,0,0
3072,33554432,22,268.435,28.2139,11.2622,11.6615,51.1376,100,6,1410,1215,1410,1215,1.0000,1.0000,200021,42,1874,39085,40960,7426025,9263427,0,0,0,0,0
3072,33554432,23,268.435,26.9350,11.2256,11.6075,49.7680,100,6,1410,1215,1410,1215,1.0000,1.0000,181912,41,1874,39085,40960,7426025,9880810,0,0,0,0,0
3072,33554432,24,268.435,26.9794,11.2439,11.5984,49.8217,100,6,1410,1215,1410,1215,1.0000,1.0000,186760,41,1874,39085,40960,7426025,9869091,0,0,0,0,0
3072,33554432,25,268.435,27.2507,11.6122,12.1954,51.0583,100,6,1410,1215,1410,1215,1.0000,1.0000,210244,41,1874,39085,40960,5382226,11814892,0,0,0,0,0
3072,33554432,26,268.435,28.5146,11.2516,11.6247,51.3909,100,6,1410,1215,1410,1215,1.0000,1.0000,203350,42,1874,39085,40960,7426025,9341992,0,0,0,0,0
3072,33554432,27,268.435,26.9416,11.7929,11.6106,50.3451,100,6,1410,1215,1410,1215,1.0000,1.0000,186760,42,1874,39085,40960,5587646,11814697,0,0,0,0,0
3072,33554432,28,268.435,27.5223,11.5768,12.1336,51.2326,100,6,1410,1215,1410,1215,1.0000,1.0000,186760,42,1874,39085,40960,7086962,11564111,0,0,0,0,0
3072,33554432,29,268.435,28.5923,11.2654,11.5689,51.4265,100,6,1410,1215,1410,1215,1.0000,1.0000,206679,42,1874,39085,40960,7426513,9704687,0,0,0,0,0
3072,67108864,0,536.871,55.4493,51.9669,40.1879,147.6040,99,5,1410,1215,1410,1215,1.0000,1.0000,193418,41,2256,38703,40960,7100390,10550341,0,0,0,0,0
3072,67108864,1,536.871,55.7752,22.6067,23.3105,101.6925,99,5,1410,1215,1410,1215,1.0000,1.0000,178827,41,2258,38701,40960,6562304,11492968,0,0,0,0,0
3072,67108864,2,536.871,54.5242,23.3688,24.5813,102.4742,99,5,1410,1215,1410,1215,1.0000,1.0000,192379,42,2258,38701,40960,5351269,11814697,0,0,0,0,0
3072,67108864,3,536.871,55.1774,23.8894,23.1702,102.2370,100,6,1410,1215,1410,1215,1.0000,1.0000,188523,41,2258,38701,40960,5401123,11814599,0,0,0,0,0
3072,67108864,4,536.871,55.4051,23.1540,24.7354,103.2945,100,6,1410,1215,1410,1215,1.0000,1.0000,205436,42,2258,38701,40960,6124316,11814746,0,0,0,0,0
3072,67108864,5,536.871,55.1610,23.8929,24.4626,103.5165,100,6,1410,1215,1410,1215,1.0000,1.0000,177827,41,2258,38701,40960,5401123,11814550,0,0,0,0,0
3072,67108864,6,536.871,55.3165,23.8674,24.8756,104.0595,100,6,1410,1215,1410,1215,1.0000,1.0000,229411,42,2258,38701,40960,5395019,11814648,0,0,0,0,0
3072,67108864,7,536.871,55.0905,22.3326,23.2209,100.6441,100,6,1410,1215,1410,1215,1.0000,1.0000,204113,42,2258,38701,40960,7261425,8771582,0,0,0,0,0
3072,67108864,8,536.871,52.8325,23.3051,24.4944,100.6320,100,6,1410,1215,1410,1215,1.0000,1.0000,228655,41,2258,38701,40960,5309570,11814599,0,0,0,0,0
3072,67108864,9,536.871,55.2697,22.3545,23.2455,100.8697,100,6,1410,1215,1410,1215,1.0000,1.0000,191372,41,2258,38701,40960,7173925,9632910,0,0,0,0,0
3072,67108864,10,536.871,52.9093,23.0082,24.2009,100.1184,100,6,1410,1215,1410,1215,1.0000,1.0000,193654,41,2258,38701,40960,5550244,11814746,0,0,0,0,0
3072,67108864,11,536.871,55.4427,22.4648,23.5777,101.4851,100,6,1410,1215,1410,1215,1.0000,1.0000,196456,42,2258,38701,40960,5829687,11397753,0,0,0,0,0
3072,67108864,12,536.871,54.5596,22.3844,23.2153,100.1593,100,6,1410,1215,1410,1215,1.0000,1.0000,200594,41,2258,38701,40960,7168066,9335058,0,0,0,0,0
3072,67108864,13,536.871,52.7972,23.2096,24.5322,100.5390,100,6,1410,1215,1410,1215,1.0000,1.0000,218445,42,2258,38701,40960,5300634,11814697,0,0,0,0,0
3072,67108864,14,536.871,55.1444,24.0453,24.4411,103.6308,100,6,1410,1215,1410,1215,1.0000,1.0000,178064,42,2258,38701,40960,5594140,11814599,0,0,0,0,0
3072,67108864,15,536.871,55.2199,22.3957,23.4416,101.0572,100,6,1410,1215,1410,1215,1.0000,1.0000,237342,42,2258,38701,40960,7160986,10465185,0,0,0,0,0
3072,67108864,16,536.871,52.8334,22.3343,23.2074,98.3750,100,6,1410,1215,1410,1215,1.0000,1.0000,198793,42,2258,38701,40960,7078417,11009960,0,0,0,0,0
3072,67108864,17,536.871,54.2251,23.7712,24.5169,102.5131,100,6,1410,1215,1410,1215,1.0000,1.0000,199029,42,2258,38701,40960,5382421,11814599,0,0,0,0,0
3072,67108864,18,536.871,55.3602,22.3288,23.7692,101.4582,100,6,1410,1215,1410,1215,1.0000,1.0000,189569,42,2258,38701,40960,7106152,10539697,0,0,0,0,0
3072,67108864,19,536.871,52.8730,22.9980,24.4740,100.3449,100,6,1410,1215,1410,1215,1.0000,1.0000,172979,42,2258,38701,40960,5485400,11814697,0,0,0,0,0
3072,67108864,20,536.871,55.2231,22.4992,23.2034,100.9258,100,6,1410,1215,1410,1215,1.0000,1.0000,212557,42,2258,38701,40960,6277294,11458447,0,0,0,0,0
3072,67108864,21,536.871,54.3990,22.3652,23.2374,100.0016,100,6,1410,1215,1410,1215,1.0000,1.0000,201831,42,2258,38701,40960,7086035,10503906,0,0,0,0,0
3072,67108864,22,536.871,53.3042,23.4257,24.4642,101.1940,100,6,1410,1215,1410,1215,1.0000,1.0000,235777,42,2258,38701,40960,5347119,11814648,0,0,0,0,0
3072,67108864,23,536.871,55.1014,24.0214,24.1893,103.3120,100,6,1410,1215,1410,1215,1.0000,1.0000,188043,41,2258,38701,40960,5557373,11814648,0,0,0,0,0
3072,67108864,24,536.871,55.3723,22.3382,23.2071,100.9176,100,6,1410,1215,1410,1215,1.0000,1.0000,183438,41,2258,38701,40960,6457373,11456591,0,0,0,0,0
3072,67108864,25,536.871,53.2984,23.4474,24.5088,101.2546,100,6,1410,1215,1410,1215,1.0000,1.0000,189569,41,2258,38701,40960,5340429,11814648,0,0,0,0,0
3072,67108864,26,536.871,55.1342,23.9015,23.1352,102.1709,100,6,1410,1215,1410,1215,1.0000,1.0000,200312,41,2258,38701,40960,5401123,11814599,0,0,0,0,0
3072,67108864,27,536.871,55.3484,23.5383,23.1493,102.0360,100,6,1410,1215,1410,1215,1.0000,1.0000,202067,42,2258,38701,40960,7426416,11814697,0,0,0,0,0
3072,67108864,28,536.871,55.3473,22.3567,23.1680,100.8720,100,6,1410,1215,1410,1215,1.0000,1.0000,182912,41,2258,38701,40960,7426025,10134814,0,0,0,0,0
3072,67108864,29,536.871,52.7319,23.0327,24.7963,100.5608,100,6,1410,1215,1410,1215,1.0000,1.0000,214601,42,2258,38701,40960,5415234,11814648,0,0,0,0,0
6144,524288,0,4.194,1.5886,22.7723,1.2034,25.5643,100,6,1410,1215,1410,1215,1.0000,1.0000,203114,45,1818,39141,40960,4946289,15752001,0,0,0,0,0
6144,524288,1,4.194,2.0087,0.3023,0.2536,2.5646,100,6,1410,1215,1410,1215,1.0000,1.0000,238576,46,1820,39139,40960,1185058,3881152,0,0,0,0,0
6144,524288,2,4.194,1.9046,0.2920,0.2039,2.4005,100,6,1410,1215,1410,1215,1.0000,1.0000,238576,46,1820,39139,40960,863916,6821972,0,0,0,0,0
6144,524288,3,4.194,1.3422,0.3105,0.2342,1.8868,100,6,1410,1215,1410,1215,1.0000,1.0000,313790,46,1820,39139,40960,619873,8872753,0,0,0,0,0
6144,524288,4,4.194,1.8877,0.3119,0.2308,2.4304,100,6,1410,1215,1410,1215,1.0000,1.0000,313790,46,1820,39139,40960,297802,11806298,0,0,0,0,0
6144,524288,5,4.194,1.8924,0.3012,0.2090,2.4027,100,6,1410,1215,1410,1215,1.0000,1.0000,181912,45,1820,39139,40960,2050,14679541,0,0,0,0,0
6144,524288,6,4.194,0.3084,2.1997,0.1899,2.6980,100,6,1410,1215,1410,1215,1.0000,1.0000,181912,45,1820,39139,40960,2148,15751269,0,0,0,0,0
6144,524288,7,4.194,0.2431,1.7273,0.1903,2.1607,100,6,1410,1215,1410,1215,1.0000,1.0000,291705,46,1820,39139,40960,2148,15780322,0,0,0,0,0
6144,524288,8,4.194,0.2430,1.9342,0.1931,2.3703,100,6,1410,1215,1410,1215,1.0000,1.0000,291705,46,1820,39139,40960,5492285,15752539,0,0,0,0,0
6144,524288,9,4.194,0.2439,1.2544,0.9688,2.4670,100,6,1410,1215,1410,1215,1.0000,1.0000,230699,45,1820,39139,40960,9831835,5371,0,0,0,0,0
6144,524288,10,4.194,0.2769,0.3000,0.6173,1.1942,100,6,1410,1215,1410,1215,1.0000,1.0000,230699,45,1820,39139,40960,3992675,4589,0,0,0,0,0
6144,524288,11,4.194,0.2792,0.2998,0.7568,1.3357,100,6,1410,1215,1410,1215,1.0000,1.0000,242184,44,1820,39139,40960,2531103,4296,0,0,0,0,0
6144,524288,12,4.194,0.2793,0.2970,0.2077,0.7840,100,6,1410,1215,1410,1215,1.0000,1.0000,242184,44,1820,39139,40960,1715283,4052,0,0,0,0,0
6144,524288,13,4.194,2.0368,0.3007,0.2048,2.5423,100,6,1410,1215,1410,1215,1.0000,1.0000,242184,44,1820,39139,40960,1365332,2449511,0,0,0,0,0
6144,524288,14,4.194,1.9285,0.3046,0.2260,2.4591,100,6,1410,1215,1410,1215,1.0000,1.0000,313353,45,1820,39139,40960,1024658,5403320,0,0,0,0,0
6144,524288,15,4.194,1.2609,0.3015,0.2040,1.7664,100,6,1410,1215,1410,1215,1.0000,1.0000,313353,45,1820,39139,40960,793408,7572705,0,0,0,0,0
6144,524288,16,4.194,1.8100,0.3061,0.2257,2.3417,100,6,1410,1215,1410,1215,1.0000,1.0000,168888,44,1820,39139,40960,461132,10329882,0,0,0,0,0
6144,524288,17,4.194,1.9046,0.3092,0.2321,2.4459,100,6,1410,1215,1410,1215,1.0000,1.0000,168888,44,1820,39139,40960,134667,13793457,0,0,0,0,0
6144,524288,18,4.194,0.6547,2.3296,0.1894,3.1737,100,6,1410,1215,1410,1215,1.0000,1.0000,299872,45,1820,39139,40960,2148,15751074,0,0,0,0,0
6144,524288,19,4.194,0.2436,1.9185,0.1892,2.3512,100,6,1410,1215,1410,1215,1.0000,1.0000,299872,45,1820,39139,40960,7642089,15104101,0,0,0,0,0
6144,524288,20,4.194,0.2435,2.1920,0.1901,2.6256,100,6,1410,1215,1410,1215,1.0000,1.0000,207442,45,1820,39139,40960,9006152,7662792,0,0,0,0,0
6144,524288,21,4.194,0.2438,2.2450,0.1900,2.6787,100,6,1410,1215,1410,1215,1.0000,1.0000,207442,45,1820,39139,40960,9336230,4771582,0,0,0,0,0
6144,524288,22,4.194,0.2439,1.2496,0.1898,1.6832,100,6,1410,1215,1410,1215,1.0000,1.0000,263360,45,1820,39139,40960,9900927,5175,0,0,0,0,0
6144,524288,23,4.194,0.2462,1.3191,0.9666,2.5318,100,6,1410,1215,1410,1215,1.0000,1.0000,263360,45,1820,39139,40960,9900585,5273,0,0,0,0,0
6144,524288,24,4.194,0.2762,0.3040,0.5828,1.1629,100,6,1410,1215,1410,1215,1.0000,1.0000,263360,45,1820,39139,40960,7012011,4931,0,0,0,0,0
6144,524288,25,4.194,0.2835,0.2930,0.7616,1.3381,100,6,1410,1215,1410,1215,1.0000,1.0000,293984,46,1820,39139,40960,5483203,4736,0,0,0,0,0
6144,524288,26,4.194,0.2762,0.2962,0.6745,1.2469,100,6,1410,1215,1410,1215,1.0000,1.0000,293984,46,1820,39139,40960,4018701,4687,0,0,0,0,0
6144,524288,27,4.194,0.2702,0.3137,0.2328,0.8167,100,6,1410,1215,1410,1215,1.0000,1.0000,185477,46,1820,39139,40960,2552539,15625,0,0,0,0,0
6144,524288,28,4.194,1.8897,0.2901,0.2012,2.3811,100,6,1410,1215,1410,1215,1.0000,1.0000,185477,46,1820,39139,40960,630029,12426953,0,0,0,0,0
6144,524288,29,4.194,0.2443,1.9062,0.1893,2.3398,100,6,1410,1215,1410,1215,1.0000,1.0000,306468,46,1820,39139,40960,1461035,15752148,0,0,0,0,0
6144,1048576,0,8.389,0.7648,29.2180,1.8380,31.8208,100,6,1410,1215,1410,1215,1.0000,1.0000,296957,46,1824,39135,40960,2148,15751074,0,0,0,0,0
6144,1048576,1,8.389,4.1130,2.4409,0.3854,6.9393,100,6,1410,1215,1410,1215,1.0000,1.0000,241901,46,1826,39133,40960,2882763,15751708,0,0,0,0,0
6144,1048576,2,8.389,0.4599,1.7209,0.3765,2.5573,100,6,1410,1215,1410,1215,1.0000,1.0000,241901,46,1826,39133,40960,8517919,11017626,0,0,0,0,0
6144,1048576,3,8.389,0.4491,0.5649,0.4036,1.4176,100,6,1410,1215,1410,1215,1.0000,1.0000,194470,46,1826,39133,40960,9861914,8251,0,0,0,0,0
6144,1048576,4,8.389,0.4625,2.0251,0.3741,2.8618,100,6,1410,1215,1410,1215,1.0000,1.0000,194470,46,1826,39133,40960,9900585,5371,0,0,0,0,0
6144,1048576,5,8.389,0.4502,1.0809,2.0286,3.5597,100,6,1410,1215,1410,1215,1.0000,1.0000,194470,46,1826,39133,40960,9901074,5273,0,0,0,0,0
6144,1048576,6,8.389,0.4988,0.4018,1.7227,2.6233,100,6,1410,1215,1410,1215,1.0000,1.0000,301793,46,1826,39133,40960,5233691,4736,0,0,0,0,0
6144,1048576,7,8.389,0.5034,0.3948,1.1367,2.0349,100,6,1410,1215,1410,1215,1.0000,1.0000,301793,46,1826,39133,40960,2304736,4199,0,0,0,0,0
6144,1048576,8,8.389,4.4459,0.4051,0.5729,5.4239,100,6,1410,1215,1410,1215,1.0000,1.0000,196223,46,1826,39133,40960,1019042,5328564,0,0,0,0,0
6144,1048576,9,8.389,3.2426,0.4021,0.5367,4.1814,100,6,1410,1215,1410,1215,1.0000,1.0000,196223,46,1826,39133,40960,460449,10329736,0,0,0,0,0
6144,1048576,10,8.389,3.2870,2.5209,0.3963,6.2043,100,6,1410,1215,1410,1215,1.0000,1.0000,272525,46,1826,39133,40960,2197,15301611,0,0,0,0,0
6144,1048576,11,8.389,0.4554,1.6222,0.3751,2.4528,100,6,1410,1215,1410,1215,1.0000,1.0000,272525,46,1826,39133,40960,3431103,15752050,0,0,0,0,0
6144,1048576,12,8.389,0.4491,1.6372,0.3861,2.4724,100,6,1410,1215,1410,1215,1.0000,1.0000,276369,46,1826,39133,40960,9345312,2635937,0,0,0,0,0
6144,1048576,13,8.389,0.4510,0.9340,2.0268,3.4119,100,6,1410,1215,1410,1215,1.0000,1.0000,276369,46,1826,39133,40960,9850390,5322,0,0,0,0,0
6144,1048576,14,8.389,0.4958,0.4149,1.5796,2.4903,100,6,1410,1215,1410,1215,1.0000,1.0000,204680,45,1826,39133,40960,5198388,4589,0,0,0,0,0
6144,1048576,15,8.389,0.5018,0.4061,0.4962,1.4041,100,6,1410,1215,1410,1215,1.0000,1.0000,204680,45,1826,39133,40960,2308447,4248,0,0,0,0,0
6144,1048576,16,8.389,3.6407,0.4184,0.5084,4.5674,100,6,1410,1215,1410,1215,1.0000,1.0000,308428,46,1826,39133,40960,1042480,5184619,0,0,0,0,0
6144,1048576,17,8.389,3.4447,0.4134,0.4846,4.3427,100,6,1410,1215,1410,1215,1.0000,1.0000,308428,46,1826,39133,40960,459179,10302490,0,0,0,0,0
6144,1048576,18,8.389,3.3872,0.4943,0.4538,4.3353,100,6,1410,1215,1410,1215,1.0000,1.0000,192608,46,1826,39133,40960,2392,15750976,0,0,0,0,0
6144,1048576,19,8.389,0.5190,1.7696,0.3770,2.6656,100,6,1410,1215,1410,1215,1.0000,1.0000,192608,45,1826,39133,40960,2099,15751025,0,0,0,0,0
6144,1048576,20,8.389,0.4504,2.2374,0.3787,3.0665,100,6,1410,1215,1410,1215,1.0000,1.0000,192608,45,1826,39133,40960,2164843,15768261,0,0,0,0,0
6144,1048576,21,8.389,0.4497,2.3723,0.3785,3.2005,100,6,1410,1215,1410,1215,1.0000,1.0000,272289,45,1826,39133,40960,8400537,11982812,0,0,0,0,0
6144,1048576,22,8.389,0.4501,0.4892,0.3838,1.3231,100,6,1410,1215,1410,1215,1.0000,1.0000,272289,45,1826,39133,40960,9522314,2198291,0,0,0,0,0
6144,1048576,23,8.389,0.4620,1.8529,0.3773,2.6923,100,6,1410,1215,1410,1215,1.0000,1.0000,275850,45,1826,39133,40960,9748339,1165869,0,0,0,0,0
6144,1048576,24,8.389,0.4536,1.5557,0.3776,2.3870,100,6,1410,1215,1410,1215,1.0000,1.0000,275850,45,1826,39133,40960,9900585,5468,0,0,0,0,0
6144,1048576,25,8.389,0.4543,0.9729,2.0394,3.4666,100,6,1410,1215,1410,1215,1.0000,1.0000,205916,45,1826,39133,40960,9867480,5273,0,0,0,0,0
6144,1048576,26,8.389,0.5023,0.4036,1.5850,2.4908,100,6,1410,1215,1410,1215,1.0000,1.0000,205916,45,1826,39133,40960,5260595,4736,0,0,0,0,0
6144,1048576,27,8.389,0.4994,0.4173,1.0884,2.0051,100,6,1410,1215,1410,1215,1.0000,1.0000,309425,45,1826,39133,40960,2284716,4150,0,0,0,0,0
6144,1048576,28,8.389,4.4460,0.4257,0.5191,5.3909,100,6,1410,1215,1410,1215,1.0000,1.0000,309425,45,1826,39133,40960,1026416,5330419,0,0,0,0,0
6144,1048576,29,8.389,3.2504,2.0092,0.3883,5.6479,100,6,1410,1215,1410,1215,1.0000,1.0000,199029,45,1826,39133,40960,2197,15766601,0,0,0,0,0
6144,2097152,0,16.777,1.5423,27.3999,2.1646,31.1067,100,6,1410,1215,1410,1215,1.0000,1.0000,231690,45,1836,39123,40960,1736376,3906,0,0,0,0,0
6144,2097152,1,16.777,1.2769,1.4660,0.7199,3.4627,100,6,1410,1215,1410,1215,1.0000,1.0000,281973,45,1838,39121,40960,9518994,3172851,0,0,0,0,0
6144,2097152,2,16.777,1.0301,1.0374,0.7010,2.7685,100,6,1410,1215,1410,1215,1.0000,1.0000,281973,45,1838,39121,40960,9881103,6152,0,0,0,0,0
6144,2097152,3,16.777,0.8868,0.6075,3.7387,5.2330,100,6,1410,1215,1410,1215,1.0000,1.0000,248307,45,1838,39121,40960,8520751,4980,0,0,0,0,0
6144,2097152,4,16.777,5.0917,0.6185,0.7202,6.4304,100,6,1410,1215,1410,1215,1.0000,1.0000,248307,45,1838,39121,40960,774365,9610449,0,0,0,0,0
6144,2097152,5,16.777,3.0592,2.2570,0.7247,6.0409,100,6,1410,1215,1410,1215,1.0000,1.0000,203350,45,1838,39121,40960,2099,15751074,0,0,0,0,0
6144,2097152,6,16.777,0.8406,1.5084,0.6970,3.0460,100,6,1410,1215,1410,1215,1.0000,1.0000,203350,45,1838,39121,40960,2846630,15751611,0,0,0,0,0
6144,2097152,7,16.777,0.8388,1.9906,0.6972,3.5266,100,6,1410,1215,1410,1215,1.0000,1.0000,309708,45,1838,39121,40960,8427050,12679931,0,0,0,0,0
6144,2097152,8,16.777,0.8428,1.4824,0.6985,3.0238,100,6,1410,1215,1410,1215,1.0000,1.0000,309708,45,1838,39121,40960,8847509,9050683,0,0,0,0,0
6144,2097152,9,16.777,0.8463,1.4272,0.7212,2.9947,100,6,1410,1215,1410,1215,1.0000,1.0000,309708,45,1838,39121,40960,9187255,6052880,0,0,0,0,0
6144,2097152,10,16.777,0.8617,1.4484,0.7136,3.0237,100,6,1410,1215,1410,1215,1.0000,1.0000,197982,44,1838,39121,40960,9522656,3141796,0,0,0,0,0
6144,2097152,11,16.777,0.8600,2.5646,0.7037,4.1283,100,6,1410,1215,1410,1215,1.0000,1.0000,197982,44,1838,39121,40960,9901660,5224,0,0,0,0,0
6144,2097152,12,16.777,0.8595,0.6073,3.6973,5.1642,100,6,1410,1215,1410,1215,1.0000,1.0000,272808,45,1838,39121,40960,8871337,20019,0,0,0,0,0
6144,2097152,13,16.777,5.0856,0.6266,0.7162,6.4284,100,6,1410,1215,1410,1215,1.0000,1.0000,272808,45,1838,39121,40960,640869,9185449,0,0,0,0,0
6144,2097152,14,16.777,3.6324,2.0816,0.7033,6.4173,100,6,1410,1215,1410,1215,1.0000,1.0000,284717,44,1838,39121,40960,214501,15751318,0,0,0,0,0
6144,2097152,15,16.777,0.8462,1.2274,0.7010,2.7746,100,6,1410,1215,1410,1215,1.0000,1.0000,284717,44,1838,39121,40960,7656396,14694482,0,0,0,0,0
6144,2097152,16,16.777,0.8526,1.4509,0.6986,3.0021,100,6,1410,1215,1410,1215,1.0000,1.0000,197746,45,1838,39121,40960,8517089,11926318,0,0,0,0,0
6144,2097152,17,16.777,0.8500,1.4144,0.7225,2.9869,100,6,1410,1215,1410,1215,1.0000,1.0000,197746,45,1838,39121,40960,8844482,9075927,0,0,0,0,0
6144,2097152,18,16.777,0.8450,1.4817,0.7084,3.0351,100,6,1410,1215,1410,1215,1.0000,1.0000,298472,45,1838,39121,40960,9185644,6091015,0,0,0,0,0
6144,2097152,19,16.777,0.8455,2.2754,0.6999,3.8209,100,6,1410,1215,1410,1215,1.0000,1.0000,298472,45,1838,39121,40960,9513232,3223144,0,0,0,0,0
6144,2097152,20,16.777,0.8605,1.2238,0.7018,2.7860,100,6,1410,1215,1410,1215,1.0000,1.0000,208241,45,1838,39121,40960,9900634,5175,0,0,0,0,0
6144,2097152,21,16.777,0.8676,0.6640,4.1011,5.6327,100,6,1410,1215,1410,1215,1.0000,1.0000,208241,45,1838,39121,40960,8895556,5126,0,0,0,0,0
6144,2097152,22,16.777,0.9926,0.6432,0.7041,2.3398,100,6,1410,1215,1410,1215,1.0000,1.0000,208241,45,1838,39121,40960,1210253,5600292,0,0,0,0,0
6144,2097152,23,16.777,6.1469,2.5190,0.6996,9.3654,100,6,1410,1215,1410,1215,1.0000,1.0000,256710,46,1838,39121,40960,2099,15751074,0,0,0,0,0
6144,2097152,24,16.777,0.8462,1.1188,0.6960,2.6611,100,6,1410,1215,1410,1215,1.0000,1.0000,301032,46,1838,39121,40960,8233300,14412207,0,0,0,0,0
6144,2097152,25,16.777,0.8457,1.4619,0.7061,3.0137,100,6,1410,1215,1410,1215,1.0000,1.0000,301032,45,1838,39121,40960,8514013,11960302,0,0,0,0,0
6144,2097152,26,16.777,0.8444,1.4078,0.6990,2.9512,100,6,1410,1215,1410,1215,1.0000,1.0000,301032,45,1838,39121,40960,8856250,8942968,0,0,0,0,0
6144,2097152,27,16.777,0.8422,1.4925,0.6997,3.0345,100,6,1410,1215,1410,1215,1.0000,1.0000,169367,46,1838,39121,40960,9180126,6140576,0,0,0,0,0
6144,2097152,28,16.777,0.8433,2.6646,0.6995,4.2074,100,6,1410,1215,1410,1215,1.0000,1.0000,169367,46,1838,39121,40960,9662304,1920117,0,0,0,0,0
6144,2097152,29,16.777,0.8459,1.4138,0.7008,2.9604,100,6,1410,1215,1410,1215,1.0000,1.0000,296957,46,1838,39121,40960,9900585,5126,0,0,0,0,0
6144,4194304,0,33.554,6.9969,34.0332,3.2131,44.2433,100,6,1410,1215,1410,1215,1.0000,1.0000,242187,44,1860,39099,40960,1024121,15770361,0,0,0,0,0
6144,4194304,1,33.554,2.5500,3.1744,1.3108,7.0353,100,6,1410,1215,1410,1215,1.0000,1.0000,242187,44,1862,39097,40960,2774560,15752099,0,0,0,0,0
6144,4194304,2,33.554,2.4001,2.8546,1.3234,6.5781,100,6,1410,1215,1410,1215,1.0000,1.0000,296547,44,1862,39097,40960,9258984,4544970,0,0,0,0,0
6144,4194304,3,33.554,1.9076,1.0198,3.5590,6.4865,100,6,1410,1215,1410,1215,1.0000,1.0000,204923,44,1862,39097,40960,5646435,4736,0,0,0,0,0
6144,4194304,4,33.554,12.3733,2.7440,1.3183,16.4356,100,6,1410,1215,1410,1215,1.0000,1.0000,204923,45,1862,39097,40960,2148,15751269,0,0,0,0,0
6144,4194304,5,33.554,2.1143,2.0886,1.3134,5.5163,100,6,1410,1215,1410,1215,1.0000,1.0000,247788,45,1862,39097,40960,2594775,15751513,0,0,0,0,0
6144,4194304,6,33.554,2.0925,1.2253,1.3205,4.6384,100,6,1410,1215,1410,1215,1.0000,1.0000,247788,45,1862,39097,40960,8147607,15117529,0,0,0,0,0
6144,4194304,7,33.554,2.1042,1.8602,1.3116,5.2760,100,6,1410,1215,1410,1215,1.0000,1.0000,315161,45,1862,39097,40960,9186767,6080859,0,0,0,0,0
6144,4194304,8,33.554,2.0837,2.1862,1.3340,5.6040,100,6,1410,1215,1410,1215,1.0000,1.0000,315161,45,1862,39097,40960,9805859,662304,0,0,0,0,0
6144,4194304,9,33.554,2.0592,1.0357,2.2618,5.3567,100,6,1410,1215,1410,1215,1.0000,1.0000,179583,45,1862,39097,40960,6004687,4638,0,0,0,0,0
6144,4194304,10,33.554,12.3164,2.3740,1.3114,16.0019,100,6,1410,1215,1410,1215,1.0000,1.0000,179583,45,1862,39097,40960,2148,15751416,0,0,0,0,0
6144,4194304,11,33.554,2.0250,2.0641,1.3105,5.3996,100,6,1410,1215,1410,1215,1.0000,1.0000,278932,44,1862,39097,40960,8481640,12227783,0,0,0,0,0
6144,4194304,12,33.554,2.0158,1.8614,1.3233,5.2006,100,6,1410,1215,1410,1215,1.0000,1.0000,278932,44,1862,39097,40960,9126269,6609667,0,0,0,0,0
6144,4194304,13,33.554,2.0453,2.1791,1.3259,5.5504,100,6,1410,1215,1410,1215,1.0000,1.0000,269720,45,1862,39097,40960,9807568,645654,0,0,0,0,0
6144,4194304,14,33.554,2.0369,1.3562,5.7363,9.1293,100,6,1410,1215,1410,1215,1.0000,1.0000,269720,45,1862,39097,40960,9325146,5273,0,0,0,0,0
6144,4194304,15,33.554,12.5885,2.5000,1.3203,16.4088,100,6,1410,1215,1410,1215,1.0000,1.0000,183195,45,1862,39097,40960,2148,15751660,0,0,0,0,0
6144,4194304,16,33.554,2.0367,2.0521,1.3268,5.4157,100,6,1410,1215,1410,1215,1.0000,1.0000,183195,45,1862,39097,40960,2501318,15751611,0,0,0,0,0
6144,4194304,17,33.554,2.0349,1.7801,1.3134,5.1284,100,6,1410,1215,1410,1215,1.0000,1.0000,294504,45,1862,39097,40960,8133544,15296289,0,0,0,0,0
6144,4194304,18,33.554,2.0193,2.3426,1.3273,5.6892,100,6,1410,1215,1410,1215,1.0000,1.0000,294504,45,1862,39097,40960,9014404,6695556,0,0,0,0,0
6144,4194304,19,33.554,2.0419,1.0367,1.3293,4.4079,100,6,1410,1215,1410,1215,1.0000,1.0000,227407,45,1862,39097,40960,8980224,5175,0,0,0,0,0
6144,4194304,20,33.554,11.6608,1.7637,1.3259,14.7504,100,6,1410,1215,1410,1215,1.0000,1.0000,227407,45,1862,39097,40960,2099,15751171,0,0,0,0,0
6144,4194304,21,33.554,1.9823,2.2235,1.3145,5.5203,100,6,1410,1215,1410,1215,1.0000,1.0000,226093,45,1862,39097,40960,2417333,15751464,0,0,0,0,0
6144,4194304,22,33.554,1.9721,2.1638,1.3169,5.4528,100,6,1410,1215,1410,1215,1.0000,1.0000,226093,45,1862,39097,40960,8115136,15431005,0,0,0,0,0
6144,4194304,23,33.554,1.9912,2.2313,1.3103,5.5328,100,6,1410,1215,1410,1215,1.0000,1.0000,308670,45,1862,39097,40960,8793798,9511669,0,0,0,0,0
6144,4194304,24,33.554,1.9778,2.5842,1.3164,5.8784,100,6,1410,1215,1410,1215,1.0000,1.0000,308670,45,1862,39097,40960,9453564,3746240,0,0,0,0,0
6144,4194304,25,33.554,1.9965,1.3552,5.7347,9.0863,100,6,1410,1215,1410,1215,1.0000,1.0000,193890,45,1862,39097,40960,9313574,5273,0,0,0,0,0
6144,4194304,26,33.554,12.5544,1.6358,1.3389,15.5291,100,6,1410,1215,1410,1215,1.0000,1.0000,193890,45,1862,39097,40960,7031,15778906,0,0,0,0,0
6144,4194304,27,33.554,2.0019,2.2757,1.3285,5.6061,100,6,1410,1215,1410,1215,1.0000,1.0000,264641,46,1862,39097,40960,8891992,7780273,0,0,0,0,0
6144,4194304,28,33.554,1.9940,1.0187,4.2721,7.2849,100,6,1410,1215,1410,1215,1.0000,1.0000,264641,46,1862,39097,40960,9901171,5126,0,0,0,0,0
6144,4194304,29,33.554,12.2364,2.8448,1.3097,16.3909,100,6,1410,1215,1410,1215,1.0000,1.0000,304714,45,1862,39097,40960,2148,15751171,0,0,0,0,0
6144,8388608,0,67.109,15.1389,32.5793,4.4554,52.1736,100,6,1410,1215,1410,1215,1.0000,1.0000,236532,45,1908,39051,40960,9563720,1403222,0,0,0,0,0
6144,8388608,1,67.109,4.6720,3.4533,2.5635,10.6888,100,6,1410,1215,1410,1215,1.0000,1.0000,294983,45,1910,39049,40960,9384570,4350537,0,0,0,0,0
6144,8388608,2,67.109,4.4081,1.8886,5.2112,11.5079,100,6,1410,1215,1410,1215,1.0000,1.0000,235777,45,1910,39049,40960,7386328,4980,0,0,0,0,0
6144,8388608,3,67.109,14.1897,2.0941,2.6068,18.8906,100,6,1410,1215,1410,1215,1.0000,1.0000,235777,45,1910,39049,40960,2343,15751269,0,0,0,0,0
6144,8388608,4,67.109,4.4008,3.5772,2.5878,10.5658,100,7,1410,1215,1410,1215,1.0000,1.0000,192663,44,1910,39049,40960,8380957,13127343,0,0,0,0,0
6144,8388608,5,67.109,4.3818,2.3355,2.5723,9.2896,100,7,1410,1215,1410,1215,1.0000,1.0000,192663,44,1910,39049,40960,9756982,1132617,0,0,0,0,0
6144,8388608,6,67.109,4.3193,1.8839,2.6060,8.8093,100,7,1410,1215,1410,1215,1.0000,1.0000,289378,45,1910,39049,40960,2077099,207812,0,0,0,0,0
6144,8388608,7,67.109,11.0612,2.6712,2.5797,16.3121,100,7,1410,1215,1410,1215,1.0000,1.0000,235015,45,1910,39049,40960,7968408,14826269,0,0,0,0,0
6144,8388608,8,67.109,4.3420,3.6334,2.5846,10.5600,100,6,1410,1215,1410,1215,1.0000,1.0000,235015,45,1910,39049,40960,9372460,4456689,0,0,0,0,0
6144,8388608,9,67.109,4.3157,1.8820,5.0150,11.2127,100,6,1410,1215,1410,1215,1.0000,1.0000,222505,45,1910,39049,40960,7101708,4931,0,0,0,0,0
6144,8388608,10,67.109,13.8780,3.4668,2.5703,19.9151,100,6,1410,1215,1410,1215,1.0000,1.0000,222505,45,1910,39049,40960,2099,15751025,0,0,0,0,0
6144,8388608,11,67.109,4.3091,3.6854,2.5847,10.5792,100,6,1410,1215,1410,1215,1.0000,1.0000,302907,46,1910,39049,40960,8361767,13298388,0,0,0,0,0
6144,8388608,12,67.109,4.3090,3.6165,2.5877,10.5131,100,6,1410,1215,1410,1215,1.0000,1.0000,302907,46,1910,39049,40960,9695166,1631445,0,0,0,0,0
6144,8388608,13,67.109,4.2884,1.8915,2.5880,8.7678,100,6,1410,1215,1410,1215,1.0000,1.0000,235777,45,1910,39049,40960,4918701,26806,0,0,0,0,0
6144,8388608,14,67.109,13.4809,2.6355,2.5875,18.7038,100,6,1410,1215,1410,1215,1.0000,1.0000,235777,45,1910,39049,40960,3910253,15519042,0,0,0,0,0
6144,8388608,15,67.109,4.3013,1.8741,4.2712,10.4465,100,6,1410,1215,1410,1215,1.0000,1.0000,204113,45,1910,39049,40960,6543261,4785,0,0,0,0,0
6144,8388608,16,67.109,14.0228,3.0378,2.5837,19.6442,100,6,1410,1215,1410,1215,1.0000,1.0000,306865,46,1910,39049,40960,2099,15751074,0,0,0,0,0
6144,8388608,17,67.109,4.3128,3.5473,2.5884,10.4486,100,6,1410,1215,1410,1215,1.0000,1.0000,306865,46,1910,39049,40960,8365966,13257617,0,0,0,0,0
6144,8388608,18,67.109,4.3217,3.5968,2.5822,10.5007,100,6,1410,1215,1410,1215,1.0000,1.0000,222269,46,1910,39049,40960,9713085,1475195,0,0,0,0,0
6144,8388608,19,67.109,4.2860,1.8748,3.5310,9.6918,100,6,1410,1215,1410,1215,1.0000,1.0000,222269,46,1910,39049,40960,4975048,4589,0,0,0,0,0
6144,8388608,20,67.109,13.8867,3.3613,2.5795,19.8276,100,6,1410,1215,1410,1215,1.0000,1.0000,215618,45,1910,39049,40960,2099,15750927,0,0,0,0,0
6144,8388608,21,67.109,4.3115,2.9190,2.5747,9.8052,100,6,1410,1215,1410,1215,1.0000,1.0000,215618,45,1910,39049,40960,8703906,10474414,0,0,0,0,0
6144,8388608,22,67.109,4.3082,1.8611,5.4866,11.6560,100,6,1410,1215,1410,1215,1.0000,1.0000,302312,47,1910,39049,40960,9900585,5273,0,0,0,0,0
6144,8388608,23,67.109,14.0429,3.3125,2.5945,19.9499,100,6,1410,1215,1410,1215,1.0000,1.0000,220205,46,1910,39049,40960,2043164,15751416,0,0,0,0,0
6144,8388608,24,67.109,4.3124,3.6529,2.5898,10.5551,100,6,1410,1215,1410,1215,1.0000,1.0000,220205,46,1910,39049,40960,8700927,10341845,0,0,0,0,0
6144,8388608,25,67.109,4.3231,2.5357,6.2230,13.0818,100,6,1410,1215,1410,1215,1.0000,1.0000,214855,45,1910,39049,40960,9825244,5224,0,0,0,0,0
6144,8388608,26,67.109,14.0116,3.4779,2.6038,20.0934,100,6,1410,1215,1410,1215,1.0000,1.0000,214855,45,1910,39049,40960,2099,15751025,0,0,0,0,0
6144,8388608,27,67.109,4.3044,3.7611,2.5773,10.6428,100,6,1410,1215,1410,1215,1.0000,1.0000,299589,47,1910,39049,40960,8367382,13240283,0,0,0,0,0
6144,8388608,28,67.109,4.3062,2.0343,2.5815,8.9220,100,6,1410,1215,1410,1215,1.0000,1.0000,299589,47,1910,39049,40960,9808886,5371,0,0,0,0,0
6144,8388608,29,67.109,4.2959,1.8845,2.6120,8.7925,100,6,1410,1215,1410,1215,1.0000,1.0000,235015,46,1910,39049,40960,4840380,4248,0,0,0,0,0
6144,16777216,0,134.218,15.8500,45.3227,10.0313,71.2040,100,6,1410,1215,1410,1215,1.0000,1.0000,309950,45,2004,38955,40960,9498388,2441943,0,0,0,0,0
6144,16777216,1,134.218,13.3107,8.2363,5.2081,26.7550,100,6,1410,1215,1410,1215,1.0000,1.0000,204113,45,2006,38953,40960,8315283,13663525,0,0,0,0,0
6144,16777216,2,134.218,9.2501,3.5790,5.2128,18.0419,100,6,1410,1215,1410,1215,1.0000,1.0000,247788,47,2006,38953,40960,3511718,4248,0,0,0,0,0
6144,16777216,3,134.218,15.8396,6.4790,5.1830,27.5016,100,6,1410,1215,1410,1215,1.0000,1.0000,286994,46,2006,38953,40960,6661474,15752294,0,0,0,0,0
6144,16777216,4,134.218,9.2545,3.5576,7.0086,19.8207,100,6,1410,1215,1410,1215,1.0000,1.0000,286994,46,2006,38953,40960,8622851,5322,0,0,0,0,0
6144,16777216,5,134.218,17.5991,6.8466,5.1776,29.6233,100,6,1410,1215,1410,1215,1.0000,1.0000,231454,46,2006,38953,40960,6118164,15752294,0,0,0,0,0
6144,16777216,6,134.218,9.1192,3.5626,5.2597,17.9415,100,7,1410,1215,1410,1215,1.0000,1.0000,169367,46,2006,38953,40960,7246093,500488,0,0,0,0,0
6144,16777216,7,134.218,12.7661,7.8402,5.1860,25.7924,100,7,1410,1215,1410,1215,1.0000,1.0000,169367,46,2006,38953,40960,8412548,11905908,0,0,0,0,0
6144,16777216,8,134.218,9.0679,3.5604,5.2108,17.8391,100,7,1410,1215,1410,1215,1.0000,1.0000,286580,46,2006,38953,40960,1723095,3759,0,0,0,0,0
6144,16777216,9,134.218,14.1229,6.2977,5.1833,25.6039,100,6,1410,1215,1410,1215,1.0000,1.0000,303073,46,2006,38953,40960,6877050,15752392,0,0,0,0,0
6144,16777216,10,134.218,9.0736,3.5518,7.1657,19.7912,100,6,1410,1215,1410,1215,1.0000,1.0000,303073,46,2006,38953,40960,8843261,5273,0,0,0,0,0
6144,16777216,11,134.218,17.5394,7.1116,5.2244,29.8755,100,6,1410,1215,1410,1215,1.0000,1.0000,185477,45,2006,38953,40960,5704931,15753515,0,0,0,0,0
6144,16777216,12,134.218,9.1155,3.5587,5.2130,17.8872,100,6,1410,1215,1410,1215,1.0000,1.0000,239857,45,2006,38953,40960,7047998,4296,0,0,0,0,0
6144,16777216,13,134.218,15.6499,6.7914,5.1755,27.6167,100,6,1410,1215,1410,1215,1.0000,1.0000,239857,45,2006,38953,40960,8533593,11738525,0,0,0,0,0
6144,16777216,14,134.218,9.0552,3.5537,5.2294,17.8383,100,6,1410,1215,1410,1215,1.0000,1.0000,310947,46,2006,38953,40960,3733886,4296,0,0,0,0,0
6144,16777216,15,134.218,15.9108,6.5886,5.1955,27.6948,100,6,1410,1215,1410,1215,1.0000,1.0000,242420,45,2006,38953,40960,6479199,15752294,0,0,0,0,0
6144,16777216,16,134.218,9.1343,3.5439,7.1058,19.7841,100,6,1410,1215,1410,1215,1.0000,1.0000,242420,45,2006,38953,40960,8763720,5175,0,0,0,0,0
6144,16777216,17,134.218,17.4343,7.1485,5.1731,29.7558,100,6,1410,1215,1410,1215,1.0000,1.0000,204633,44,2006,38953,40960,5714843,15752197,0,0,0,0,0
6144,16777216,18,134.218,9.0777,3.5551,6.4916,19.1244,100,6,1410,1215,1410,1215,1.0000,1.0000,277887,45,2006,38953,40960,8142382,23974,0,0,0,0,0
6144,16777216,19,134.218,17.4315,7.1578,5.1819,29.7712,100,6,1410,1215,1410,1215,1.0000,1.0000,277887,45,2006,38953,40960,8244970,13392187,0,0,0,0,0
6144,16777216,20,134.218,9.0552,3.5949,5.2402,17.8904,100,6,1410,1215,1410,1215,1.0000,1.0000,302029,45,2006,38953,40960,1387695,7153271,0,0,0,0,0
6144,16777216,21,134.218,9.0762,7.2042,5.1790,21.4593,100,7,1410,1215,1410,1215,1.0000,1.0000,193418,45,2006,38953,40960,8149121,15136914,0,0,0,0,0
6144,16777216,22,134.218,9.0533,3.5504,5.5328,18.1365,100,7,1410,1215,1410,1215,1.0000,1.0000,193418,45,2006,38953,40960,6307128,4882,0,0,0,0,0
6144,16777216,23,134.218,17.4145,7.1098,5.8331,30.3574,100,7,1410,1215,1410,1215,1.0000,1.0000,257756,45,2006,38953,40960,5747363,15752148,0,0,0,0,0
6144,16777216,24,134.218,9.1734,3.6029,5.2372,18.0134,100,6,1410,1215,1410,1215,1.0000,1.0000,306232,46,2006,38953,40960,4561914,4443,0,0,0,0,0
6144,16777216,25,134.218,16.3249,8.1916,5.1730,29.6895,100,6,1410,1215,1410,1215,1.0000,1.0000,306232,46,2006,38953,40960,6112255,15780273,0,0,0,0,0
6144,16777216,26,134.218,9.0859,3.5745,5.2680,17.9283,100,6,1410,1215,1410,1215,1.0000,1.0000,253912,47,2006,38953,40960,1487695,3012451,0,0,0,0,0
6144,16777216,27,134.218,11.0883,7.7059,5.1973,23.9915,100,7,1410,1215,1410,1215,1.0000,1.0000,166849,46,2006,38953,40960,8408447,12888867,0,0,0,0,0
6144,16777216,28,134.218,9.0633,3.5627,5.2260,17.8520,100,7,1410,1215,1410,1215,1.0000,1.0000,166849,46,2006,38953,40960,3656250,4394,0,0,0,0,0
6144,16777216,29,134.218,15.8280,6.8450,5.2320,27.9051,100,7,1410,1215,1410,1215,1.0000,1.0000,268728,46,2006,38953,40960,6154492,15752246,0,0,0,0,0
6144,33554432,0,268.435,23.9633,42.7292,22.0686,88.7611,100,6,1410,1215,1410,1215,1.0000,1.0000,177827,45,2196,38763,40960,1790722,148828,0,0,0,0,0
6144,33554432,1,268.435,18.7811,14.4345,14.7413,47.9569,100,6,1410,1215,1410,1215,1.0000,1.0000,258518,47,2198,38761,40960,9614062,2318261,0,0,0,0,0
6144,33554432,2,268.435,24.8367,15.9002,14.7221,55.4590,100,6,1410,1215,1410,1215,1.0000,1.0000,298065,46,2198,38761,40960,9383349,4336718,0,0,0,0,0
6144,33554432,3,268.435,24.7605,15.4269,14.7232,54.9106,100,7,1410,1215,1410,1215,1.0000,1.0000,238859,45,2198,38761,40960,9392822,4283105,0,0,0,0,0
6144,33554432,4,268.435,24.7517,10.7274,10.9547,46.4338,100,7,1410,1215,1410,1215,1.0000,1.0000,203350,45,2198,38761,40960,9776416,5322,0,0,0,0,0
6144,33554432,5,268.435,24.4864,15.9568,14.7705,55.2137,100,6,1410,1215,1410,1215,1.0000,1.0000,180110,45,2198,38761,40960,9357714,4586132,0,0,0,0,0
6144,33554432,6,268.435,24.6673,15.7383,14.7212,55.1268,100,6,1410,1215,1410,1215,1.0000,1.0000,180630,46,2198,38761,40960,9399072,4222167,0,0,0,0,0
6144,33554432,7,268.435,24.7386,16.0174,14.7136,55.4695,100,6,1410,1215,1410,1215,1.0000,1.0000,263596,45,2198,38761,40960,9356494,4596826,0,0,0,0,0
6144,33554432,8,268.435,24.6749,12.2335,12.8473,49.7557,100,6,1410,1215,1410,1215,1.0000,1.0000,289142,44,2198,38761,40960,9595556,1696435,0,0,0,0,0
6144,33554432,9,268.435,24.5785,9.4292,10.9538,44.9615,100,7,1410,1215,1410,1215,1.0000,1.0000,306758,45,2198,38761,40960,9900634,5371,0,0,0,0,0
6144,33554432,10,268.435,24.7979,15.7020,14.7972,55.2971,100,7,1410,1215,1410,1215,1.0000,1.0000,303952,46,2198,38761,40960,9420703,4033398,0,0,0,0,0
6144,33554432,11,268.435,24.7289,15.7428,14.7721,55.2437,100,7,1410,1215,1410,1215,1.0000,1.0000,287578,46,2198,38761,40960,9409912,4129150,0,0,0,0,0
6144,33554432,12,268.435,24.5919,15.8301,14.7588,55.1809,100,7,1410,1215,1410,1215,1.0000,1.0000,221749,45,2198,38761,40960,9397802,4235986,0,0,0,0,0
6144,33554432,13,268.435,24.7843,11.9026,12.8477,49.5345,100,7,1410,1215,1410,1215,1.0000,1.0000,196220,46,2198,38761,40960,9681201,908593,0,0,0,0,0
6144,33554432,14,268.435,24.6294,15.8475,14.7157,55.1926,100,7,1410,1215,1410,1215,1.0000,1.0000,171170,46,2198,38761,40960,9396777,4228662,0,0,0,0,0
6144,33554432,15,268.435,24.6552,15.8786,14.7292,55.2630,100,7,1410,1215,1410,1215,1.0000,1.0000,155580,46,2198,38761,40960,9391015,4293554,0,0,0,0,0
6144,33554432,16,268.435,24.7214,15.6188,14.6975,55.0377,100,7,1410,1215,1410,1215,1.0000,1.0000,163950,44,2198,38761,40960,9383154,4330712,0,0,0,0,0
6144,33554432,17,268.435,24.8982,14.8885,14.7272,54.5138,100,6,1410,1215,1410,1215,1.0000,1.0000,206442,45,2198,38761,40960,9408300,4172949,0,0,0,0,0
6144,33554432,18,268.435,24.7521,6.9512,10.2250,41.9284,100,6,1410,1215,1410,1215,1.0000,1.0000,241664,46,2198,38761,40960,9499072,5175,0,0,0,0,0
6144,33554432,19,268.435,22.2845,15.2923,14.7345,52.3113,100,6,1410,1215,1410,1215,1.0000,1.0000,273570,45,2198,38761,40960,9486523,3457617,0,0,0,0,0
6144,33554432,20,268.435,24.6699,15.8578,14.7277,55.2554,100,6,1410,1215,1410,1215,1.0000,1.0000,315916,44,2198,38761,40960,9397167,4240527,0,0,0,0,0
6144,33554432,21,268.435,24.7372,15.8419,14.7482,55.3272,100,7,1410,1215,1410,1215,1.0000,1.0000,254910,44,2198,38761,40960,9394873,4260839,0,0,0,0,0
6144,33554432,22,268.435,24.7172,6.9848,10.2171,41.9191,100,7,1410,1215,1410,1215,1.0000,1.0000,221749,46,2198,38761,40960,9927685,6005,0,0,0,0,0
6144,33554432,23,268.435,20.8024,12.1663,12.8374,45.8061,100,7,1410,1215,1410,1215,1.0000,1.0000,221749,46,2198,38761,40960,9787792,5126,0,0,0,0,0
6144,33554432,24,268.435,24.5132,16.0199,14.7404,55.2735,100,7,1410,1215,1410,1215,1.0000,1.0000,195464,46,2198,38761,40960,9365332,4495898,0,0,0,0,0
6144,33554432,25,268.435,24.7926,15.4788,14.8278,55.0991,100,7,1410,1215,1410,1215,1.0000,1.0000,246743,46,2198,38761,40960,9455859,3724462,0,0,0,0,0
6144,33554432,26,268.435,24.6462,14.8744,14.7166,54.2372,100,6,1410,1215,1410,1215,1.0000,1.0000,287099,45,2198,38761,40960,9541113,2961767,0,0,0,0,0
6144,33554432,27,268.435,24.7208,6.9492,10.2189,41.8890,100,6,1410,1215,1410,1215,1.0000,1.0000,304714,45,2198,38761,40960,9725390,5859,0,0,0,0,0
6144,33554432,28,268.435,21.8067,12.5246,12.8307,47.1620,100,7,1410,1215,1410,1215,1.0000,1.0000,292177,46,2198,38761,40960,9820605,533105,0,0,0,0,0
6144,33554432,29,268.435,24.6049,13.0496,12.8951,50.5496,100,7,1410,1215,1410,1215,1.0000,1.0000,303433,46,2198,38761,40960,9369335,4484423,0,0,0,0,0
6144,67108864,0,536.871,53.6420,42.9628,39.7478,136.3526,100,6,1410,1215,1410,1215,1.0000,1.0000,179347,46,2580,38379,40960,462988,10428515,0,0,0,0,0
6144,67108864,1,536.871,56.7952,30.7801,25.8336,113.4088,100,6,1410,1215,1410,1215,1.0000,1.0000,309189,45,2582,38377,40960,133886,15751269,0,0,0,0,0
6144,67108864,2,536.871,52.4575,29.9308,25.8103,108.1986,100,7,1410,1215,1410,1215,1.0000,1.0000,230935,45,2582,38377,40960,489257,15751123,0,0,0,0,0
6144,67108864,3,536.871,53.3512,30.4004,25.8106,109.5622,100,7,1410,1215,1410,1215,1.0000,1.0000,290551,44,2582,38377,40960,2148,15751025,0,0,0,0,0
6144,67108864,4,536.871,53.5197,30.2138,26.0020,109.7355,100,7,1410,1215,1410,1215,1.0000,1.0000,238859,45,2582,38377,40960,4015966,15751757,0,0,0,0,0
6144,67108864,5,536.871,51.3625,30.0763,25.8237,107.2625,100,7,1410,1215,1410,1215,1.0000,1.0000,268881,44,2582,38377,40960,357714,15751171,0,0,0,0,0
6144,67108864,6,536.871,53.2898,30.3378,25.7941,109.4217,100,7,1410,1215,1410,1215,1.0000,1.0000,260797,44,2582,38377,40960,2587,15751025,0,0,0,0,0
6144,67108864,7,536.871,53.3342,30.5931,25.7781,109.7054,100,7,1410,1215,1410,1215,1.0000,1.0000,282919,44,2582,38377,40960,3791992,15751708,0,0,0,0,0
6144,67108864,8,536.871,51.5054,31.0552,25.7599,108.3205,100,7,1410,1215,1410,1215,1.0000,1.0000,307909,44,2582,38377,40960,4843945,15751708,0,0,0,0,0
6144,67108864,9,536.871,51.6480,29.8197,25.7793,107.2469,100,7,1410,1215,1410,1215,1.0000,1.0000,273570,44,2582,38377,40960,625292,15751171,0,0,0,0,0
6144,67108864,10,536.871,53.3305,30.4417,25.7661,109.5383,100,7,1410,1215,1410,1215,1.0000,1.0000,302547,45,2582,38377,40960,3454150,15751708,0,0,0,0,0
6144,67108864,11,536.871,51.4791,29.8469,25.7845,107.1106,100,7,1410,1215,1410,1215,1.0000,1.0000,263596,44,2582,38377,40960,293017,15751269,0,0,0,0,0
6144,67108864,12,536.871,52.5042,30.0711,25.8337,108.4090,100,7,1410,1215,1410,1215,1.0000,1.0000,290079,45,2582,38377,40960,355322,15751074,0,0,0,0,0
6144,67108864,13,536.871,53.2039,30.6652,25.8148,109.6839,100,7,1410,1215,1410,1215,1.0000,1.0000,266159,45,2582,38377,40960,3302783,15751855,0,0,0,0,0
6144,67108864,14,536.871,51.4817,29.9925,26.0034,107.4776,100,7,1410,1215,1410,1215,1.0000,1.0000,280123,44,2582,38377,40960,422167,15751123,0,0,0,0,0
6144,67108864,15,536.871,53.1955,30.4150,25.8192,109.4297,100,7,1410,1215,1410,1215,1.0000,1.0000,256710,46,2582,38377,40960,2099,15751074,0,0,0,0,0
6144,67108864,16,536.871,53.1899,27.2789,22.3047,102.7735,100,7,1410,1215,1410,1215,1.0000,1.0000,282919,45,2582,38377,40960,6602343,15752441,0,0,0,0,0
6144,67108864,17,536.871,49.3187,29.7544,25.8125,104.8856,100,7,1410,1215,1410,1215,1.0000,1.0000,269720,45,2582,38377,40960,659960,15751269,0,0,0,0,0
6144,67108864,18,536.871,53.3201,30.2802,25.8378,109.4381,100,7,1410,1215,1410,1215,1.0000,1.0000,286758,44,2582,38377,40960,21533,15751074,0,0,0,0,0
6144,67108864,19,536.871,53.0192,30.2907,25.8302,109.1400,100,7,1410,1215,1410,1215,1.0000,1.0000,266685,46,2582,38377,40960,3575048,15751806,0,0,0,0,0
6144,67108864,20,536.871,51.4191,29.8786,25.8023,107.0999,100,7,1410,1215,1410,1215,1.0000,1.0000,281113,44,2582,38377,40960,671093,15751171,0,0,0,0,0
6144,67108864,21,536.871,53.0875,30.4248,25.8680,109.3803,100,7,1410,1215,1410,1215,1.0000,1.0000,256710,45,2582,38377,40960,2148,15751708,0,0,0,0,0
6144,67108864,22,536.871,53.1559,31.0329,25.7744,109.9632,100,7,1410,1215,1410,1215,1.0000,1.0000,283680,44,2582,38377,40960,3376806,15751757,0,0,0,0,0
6144,67108864,23,536.871,50.5936,30.4612,25.7901,106.8449,100,7,1410,1215,1410,1215,1.0000,1.0000,267966,45,2582,38377,40960,2575830,15751513,0,0,0,0,0
6144,67108864,24,536.871,52.3977,30.1403,25.8568,108.3948,100,7,1410,1215,1410,1215,1.0000,1.0000,258518,44,2582,38377,40960,217236,15751123,0,0,0,0,0
6144,67108864,25,536.871,53.2131,30.7134,25.7756,109.7021,100,7,1410,1215,1410,1215,1.0000,1.0000,259516,45,2582,38377,40960,3281396,15751660,0,0,0,0,0
6144,67108864,26,536.871,51.5195,29.9837,25.7978,107.3010,100,7,1410,1215,1410,1215,1.0000,1.0000,235777,44,2582,38377,40960,438818,15751123,0,0,0,0,0
6144,67108864,27,536.871,53.3426,30.1693,25.9835,109.4954,100,7,1410,1215,1410,1215,1.0000,1.0000,256191,45,2582,38377,40960,139257,15751025,0,0,0,0,0
6144,67108864,28,536.871,53.0496,31.2211,25.8017,110.0724,100,7,1410,1215,1410,1215,1.0000,1.0000,240619,45,2582,38377,40960,3764599,15751757,0,0,0,0,0
6144,67108864,29,536.871,51.4778,29.9472,25.8415,107.2665,100,7,1410,1215,1410,1215,1.0000,1.0000,258754,45,2582,38377,40960,437744,15751171,0,0,0,0,0
12288,524288,0,4.194,0.4615,24.6464,1.1571,26.2650,100,8,1410,1215,1410,1215,1.0000,1.0000,305996,49,3116,37843,40960,3759,6835,0,0,0,0,0
12288,524288,1,4.194,1.9926,2.1152,0.1874,4.2952,100,8,1410,1215,1410,1215,1.0000,1.0000,327019,49,3118,37841,40960,3222949,27772753,0,0,0,0,0
12288,524288,2,4.194,0.2346,2.3121,0.1883,2.7350,100,8,1410,1215,1410,1215,1.0000,1.0000,327019,49,3118,37841,40960,3076,13574,0,0,0,0,0
12288,524288,3,4.194,0.2375,2.1578,0.1845,2.5798,100,12,1410,1215,1410,1215,1.0000,1.0000,199549,45,3118,37841,40960,21972,6689,0,0,0,0,0
12288,524288,4,4.194,0.2332,2.3180,0.1877,2.7389,100,12,1410,1215,1410,1215,1.0000,1.0000,199549,45,3118,37841,40960,3515,8447,0,0,0,0,0
12288,524288,5,4.194,0.2333,1.3769,0.1838,1.7939,100,12,1410,1215,1410,1215,1.0000,1.0000,341293,49,3118,37841,40960,3466,8349,0,0,0,0,0
12288,524288,6,4.194,0.2330,0.2890,0.2133,0.7353,100,12,1410,1215,1410,1215,1.0000,1.0000,341293,49,3118,37841,40960,22274658,20992382,0,0,0,0,0
12288,524288,7,4.194,2.3096,1.0900,0.1848,3.5844,100,9,1410,1215,1410,1215,1.0000,1.0000,352535,50,3118,37841,40960,3223681,8742236,0,0,0,0,0
12288,524288,8,4.194,0.2354,0.5030,0.1947,0.9332,100,9,1410,1215,1410,1215,1.0000,1.0000,352535,50,3118,37841,40960,2685,6787,0,0,0,0,0
12288,524288,9,4.194,0.2329,0.4926,0.1966,0.9221,100,9,1410,1215,1410,1215,1.0000,1.0000,120740,48,3118,37841,40960,2636,6835,0,0,0,0,0
12288,524288,10,4.194,0.2321,0.8295,0.1886,1.2502,100,9,1410,1215,1410,1215,1.0000,1.0000,120740,48,3118,37841,40960,2734,7910,0,0,0,0,0
12288,524288,11,4.194,0.2351,1.3484,0.1894,1.7728,100,10,1410,1215,1410,1215,1.0000,1.0000,350494,50,3118,37841,40960,2685,6787,0,0,0,0,0
12288,524288,12,4.194,0.2332,0.3058,0.2151,0.7542,100,10,1410,1215,1410,1215,1.0000,1.0000,350494,50,3118,37841,40960,21256591,17707373,0,0,0,0,0
12288,524288,13,4.194,2.1363,2.3682,0.1902,4.6947,100,10,1410,1215,1410,1215,1.0000,1.0000,350494,50,3118,37841,40960,3298486,8744482,0,0,0,0,0
12288,524288,14,4.194,0.2390,0.8480,0.1881,1.2751,100,10,1410,1215,1410,1215,1.0000,1.0000,352535,46,3118,37841,40960,2587,6738,0,0,0,0,0
12288,524288,15,4.194,0.2342,1.3779,0.1877,1.7997,100,10,1410,1215,1410,1215,1.0000,1.0000,352535,46,3118,37841,40960,3417,8349,0,0,0,0,0
12288,524288,16,4.194,0.2348,2.3708,0.1877,2.7933,100,8,1410,1215,1410,1215,1.0000,1.0000,289614,49,3118,37841,40960,3320,8593,0,0,0,0,0
12288,524288,17,4.194,0.2386,0.3113,0.7196,1.2695,100,8,1410,1215,1410,1215,1.0000,1.0000,289614,49,3118,37841,40960,3466,10595,0,0,0,0,0
12288,524288,18,4.194,0.2698,0.1585,0.2389,0.6673,100,8,1410,1215,1410,1215,1.0000,1.0000,353290,50,3118,37841,40960,26731445,28291845,0,0,0,0,0
12288,524288,19,4.194,1.3904,1.4401,0.1880,3.0185,100,8,1410,1215,1410,1215,1.0000,1.0000,353290,50,3118,37841,40960,3228125,646923,0,0,0,0,0
12288,524288,20,4.194,0.2334,0.4992,0.1872,0.9199,100,13,1410,1215,1410,1215,1.0000,1.0000,152715,45,3118,37841,40960,2685,6542,0,0,0,0,0
12288,524288,21,4.194,0.2327,0.5412,0.2147,0.9886,100,13,1410,1215,1410,1215,1.0000,1.0000,152715,45,3118,37841,40960,2685,6787,0,0,0,0,0
12288,524288,22,4.194,0.2597,1.8177,0.1888,2.2663,100,13,1410,1215,1410,1215,1.0000,1.0000,152715,45,3118,37841,40960,3173,14843,0,0,0,0,0
12288,524288,23,4.194,0.2326,0.3387,0.1885,0.7597,100,13,1410,1215,1410,1215,1.0000,1.0000,347935,50,3118,37841,40960,22167,6884,0,0,0,0,0
12288,524288,24,4.194,0.2324,0.2900,0.2054,0.7278,100,13,1410,1215,1410,1215,1.0000,1.0000,347935,50,3118,37841,40960,31515185,28792626,0,0,0,0,0
12288,524288,25,4.194,2.1850,2.0249,0.1913,4.4012,100,9,1410,1215,1410,1215,1.0000,1.0000,349686,51,3118,37841,40960,2567480,6689,0,0,0,0,0
12288,524288,26,4.194,0.2394,0.4505,0.1905,0.8803,100,9,1410,1215,1410,1215,1.0000,1.0000,349686,51,3118,37841,40960,3125,7128,0,0,0,0,0
12288,524288,27,4.194,0.2338,0.4774,0.1881,0.8993,100,9,1410,1215,1410,1215,1.0000,1.0000,117505,47,3118,37841,40960,2636,6738,0,0,0,0,0
12288,524288,28,4.194,0.2329,0.4993,0.2156,0.9477,100,9,1410,1215,1410,1215,1.0000,1.0000,117505,47,3118,37841,40960,2685,6982,0,0,0,0,0
12288,524288,29,4.194,0.2643,0.2973,0.8966,1.4582,100,8,1410,1215,1410,1215,1.0000,1.0000,351255,50,3118,37841,40960,2685,6201,0,0,0,0,0
12288,1048576,0,8.389,0.8121,24.2170,2.9548,27.9838,100,10,1410,1215,1410,1215,1.0000,1.0000,335177,48,3122,37837,40960,3173,7031,0,0,0,0,0
12288,1048576,1,8.389,0.6096,0.2678,0.3788,1.2561,100,10,1410,1215,1410,1215,1.0000,1.0000,324978,49,3124,37835,40960,14439306,30806982,0,0,0,0,0
12288,1048576,2,8.389,4.4285,1.1409,0.3535,5.9229,100,8,1410,1215,1410,1215,1.0000,1.0000,145600,45,3124,37835,40960,824316,8642,0,0,0,0,0
12288,1048576,3,8.389,0.4429,1.8756,0.3604,2.6789,100,8,1410,1215,1410,1215,1.0000,1.0000,145600,45,3124,37835,40960,2685,6982,0,0,0,0,0
12288,1048576,4,8.389,0.4438,2.1454,0.3712,2.9603,100,8,1410,1215,1410,1215,1.0000,1.0000,347173,49,3124,37835,40960,2929,6982,0,0,0,0,0
12288,1048576,5,8.389,0.4459,2.4722,0.3586,3.2767,100,8,1410,1215,1410,1215,1.0000,1.0000,347173,49,3124,37835,40960,2783,6982,0,0,0,0,0
12288,1048576,6,8.389,0.4446,0.4157,0.3771,1.2373,100,8,1410,1215,1410,1215,1.0000,1.0000,351255,49,3124,37835,40960,20754736,16881787,0,0,0,0,0
12288,1048576,7,8.389,4.1181,2.3401,0.3562,6.8143,100,8,1410,1215,1410,1215,1.0000,1.0000,351255,50,3124,37835,40960,3223925,10338671,0,0,0,0,0
12288,1048576,8,8.389,0.4460,2.3780,0.3576,3.1816,100,8,1410,1215,1410,1215,1.0000,1.0000,351255,50,3124,37835,40960,3125,6835,0,0,0,0,0
12288,1048576,9,8.389,0.4430,2.4546,0.3616,3.2591,100,8,1410,1215,1410,1215,1.0000,1.0000,117408,46,3124,37835,40960,2734,6884,0,0,0,0,0
12288,1048576,10,8.389,0.4422,2.3857,0.3573,3.1851,100,8,1410,1215,1410,1215,1.0000,1.0000,117408,46,3124,37835,40960,3125,6933,0,0,0,0,0
12288,1048576,11,8.389,0.4425,2.2639,0.3602,3.0666,100,9,1410,1215,1410,1215,1.0000,1.0000,351727,50,3124,37835,40960,2734,11865,0,0,0,0,0
12288,1048576,12,8.389,0.4525,0.4127,0.3863,1.2516,100,9,1410,1215,1410,1215,1.0000,1.0000,351727,50,3124,37835,40960,26678369,23159228,0,0,0,0,0
12288,1048576,13,8.389,4.1630,1.4738,0.3569,5.9937,100,9,1410,1215,1410,1215,1.0000,1.0000,345132,50,3124,37835,40960,3271240,6982,0,0,0,0,0
12288,1048576,14,8.389,0.4486,1.7790,0.3622,2.5899,100,9,1410,1215,1410,1215,1.0000,1.0000,345132,50,3124,37835,40960,2734,7080,0,0,0,0,0
12288,1048576,15,8.389,0.4621,2.3204,0.3581,3.1406,100,10,1410,1215,1410,1215,1.0000,1.0000,322183,48,3124,37835,40960,2734,6835,0,0,0,0,0
12288,1048576,16,8.389,0.4501,2.3274,0.3606,3.1382,100,10,1410,1215,1410,1215,1.0000,1.0000,322183,48,3124,37835,40960,2734,7031,0,0,0,0,0
12288,1048576,17,8.389,0.4443,0.4160,1.7521,2.6124,100,10,1410,1215,1410,1215,1.0000,1.0000,349969,50,3124,37835,40960,2685,5371,0,0,0,0,0
12288,1048576,18,8.389,0.5247,0.2775,0.4260,1.2283,100,10,1410,1215,1410,1215,1.0000,1.0000,349969,50,3124,37835,40960,22584375,28273242,0,0,0,0,0
12288,1048576,19,8.389,4.2390,0.5574,0.3617,5.1580,100,10,1410,1215,1410,1215,1.0000,1.0000,349969,50,3124,37835,40960,2156787,6884,0,0,0,0,0
12288,1048576,20,8.389,0.4773,2.3118,0.3592,3.1483,100,8,1410,1215,1410,1215,1.0000,1.0000,132096,46,3124,37835,40960,2734,6982,0,0,0,0,0
12288,1048576,21,8.389,0.4623,1.8120,0.3749,2.6492,100,8,1410,1215,1410,1215,1.0000,1.0000,132096,46,3124,37835,40960,3125,34960,0,0,0,0,0
12288,1048576,22,8.389,0.4458,2.3728,0.3644,3.1830,100,8,1410,1215,1410,1215,1.0000,1.0000,349969,49,3124,37835,40960,2783,7031,0,0,0,0,0
12288,1048576,23,8.389,0.4452,0.3948,2.0758,2.9158,100,8,1410,1215,1410,1215,1.0000,1.0000,349969,49,3124,37835,40960,3076,2197,0,0,0,0,0
12288,1048576,24,8.389,0.5174,0.2775,0.3905,1.1855,100,8,1410,1215,1410,1215,1.0000,1.0000,344095,50,3124,37835,40960,3741845,28263574,0,0,0,0,0
12288,1048576,25,8.389,3.9516,2.0627,0.3580,6.3723,100,8,1410,1215,1410,1215,1.0000,1.0000,344095,50,3124,37835,40960,4003,6982,0,0,0,0,0
12288,1048576,26,8.389,0.4639,2.3726,0.3630,3.1995,100,8,1410,1215,1410,1215,1.0000,1.0000,147930,45,3124,37835,40960,2783,6884,0,0,0,0,0
12288,1048576,27,8.389,0.4436,2.3391,0.3655,3.1482,100,8,1410,1215,1410,1215,1.0000,1.0000,147930,45,3124,37835,40960,2734,6933,0,0,0,0,0
12288,1048576,28,8.389,0.4461,2.3670,0.3583,3.1714,100,9,1410,1215,1410,1215,1.0000,1.0000,349214,50,3124,37835,40960,2734,6884,0,0,0,0,0
12288,1048576,29,8.389,0.4548,0.4256,0.3855,1.2659,100,9,1410,1215,1410,1215,1.0000,1.0000,349214,50,3124,37835,40960,3944873,2607763,0,0,0,0,0
12288,2097152,0,16.777,1.5261,22.2619,2.3846,26.1726,100,9,1410,1215,1410,1215,1.0000,1.0000,316067,49,3134,37825,40960,20243164,19595849,0,0,0,0,0
12288,2097152,1,16.777,4.9264,0.7900,0.7996,6.5160,100,9,1410,1215,1410,1215,1.0000,1.0000,347935,46,3136,37823,40960,2685,6591,0,0,0,0,0
12288,2097152,2,16.777,0.9524,0.8041,0.7984,2.5550,100,9,1410,1215,1410,1215,1.0000,1.0000,347935,46,3136,37823,40960,3173,7177,0,0,0,0,0
12288,2097152,3,16.777,0.8401,1.7144,0.7959,3.3504,100,10,1410,1215,1410,1215,1.0000,1.0000,324743,48,3136,37823,40960,3222,8398,0,0,0,0,0
12288,2097152,4,16.777,0.8346,1.6979,0.7973,3.3297,100,10,1410,1215,1410,1215,1.0000,1.0000,324743,48,3136,37823,40960,3271,8544,0,0,0,0,0
12288,2097152,5,16.777,0.8398,0.6298,0.8159,2.2854,100,10,1410,1215,1410,1215,1.0000,1.0000,356611,50,3136,37823,40960,5070507,1361572,0,0,0,0,0
12288,2097152,6,16.777,8.6501,2.0354,0.7970,11.4825,100,10,1410,1215,1410,1215,1.0000,1.0000,356611,50,3136,37823,40960,3225146,18934619,0,0,0,0,0
12288,2097152,7,16.777,0.8648,1.4126,0.8026,3.0800,100,9,1410,1215,1410,1215,1.0000,1.0000,133858,45,3136,37823,40960,23437,6738,0,0,0,0,0
12288,2097152,8,16.777,0.8423,1.1074,0.8057,2.7555,100,9,1410,1215,1410,1215,1.0000,1.0000,133858,45,3136,37823,40960,2929,7128,0,0,0,0,0
12288,2097152,9,16.777,0.8419,0.9592,0.8052,2.6063,100,9,1410,1215,1410,1215,1.0000,1.0000,345894,49,3136,37823,40960,2734,6738,0,0,0,0,0
12288,2097152,10,16.777,0.8418,0.6100,4.0676,5.5194,100,9,1410,1215,1410,1215,1.0000,1.0000,345894,49,3136,37823,40960,2636,6152,0,0,0,0,0
12288,2097152,11,16.777,0.9771,0.4756,0.8160,2.2687,100,10,1410,1215,1410,1215,1.0000,1.0000,347935,50,3136,37823,40960,17900341,28217773,0,0,0,0,0
12288,2097152,12,16.777,8.7980,1.1764,0.8071,10.7816,100,10,1410,1215,1410,1215,1.0000,1.0000,347935,50,3136,37823,40960,1022314,7324,0,0,0,0,0
12288,2097152,13,16.777,0.8403,1.7870,0.7985,3.4257,100,10,1410,1215,1410,1215,1.0000,1.0000,117408,47,3136,37823,40960,2685,6738,0,0,0,0,0
12288,2097152,14,16.777,0.8366,1.8180,0.8002,3.4548,100,10,1410,1215,1410,1215,1.0000,1.0000,117408,47,3136,37823,40960,2636,6787,0,0,0,0,0
12288,2097152,15,16.777,0.8405,1.7460,0.7949,3.3813,100,10,1410,1215,1410,1215,1.0000,1.0000,117408,47,3136,37823,40960,3076,6738,0,0,0,0,0
12288,2097152,16,16.777,0.8362,0.6179,4.5112,5.9653,100,9,1410,1215,1410,1215,1.0000,1.0000,350211,50,3136,37823,40960,10400,24804,0,0,0,0,0
12288,2097152,17,16.777,0.9847,0.7561,0.8110,2.5519,100,9,1410,1215,1410,1215,1.0000,1.0000,350211,50,3136,37823,40960,3253759,26642626,0,0,0,0,0
12288,2097152,18,16.777,0.8380,2.5097,0.7972,4.1449,100,9,1410,1215,1410,1215,1.0000,1.0000,292939,49,3136,37823,40960,2734,6494,0,0,0,0,0
12288,2097152,19,16.777,0.8391,1.6443,0.7961,3.2796,100,9,1410,1215,1410,1215,1.0000,1.0000,292939,49,3136,37823,40960,3076,7373,0,0,0,0,0
12288,2097152,20,16.777,0.8405,1.6746,0.8018,3.3169,100,10,1410,1215,1410,1215,1.0000,1.0000,330859,49,3136,37823,40960,3222,8544,0,0,0,0,0
12288,2097152,21,16.777,0.8482,2.0018,0.8285,3.6784,100,10,1410,1215,1410,1215,1.0000,1.0000,330859,49,3136,37823,40960,4638,6689,0,0,0,0,0
12288,2097152,22,16.777,0.8563,0.6226,0.8318,2.3108,100,10,1410,1215,1410,1215,1.0000,1.0000,357082,50,3136,37823,40960,17003808,13188330,0,0,0,0,0
12288,2097152,23,16.777,8.5610,2.6230,0.7991,11.9831,100,10,1410,1215,1410,1215,1.0000,1.0000,357082,50,3136,37823,40960,3225341,7639062,0,0,0,0,0
12288,2097152,24,16.777,0.8528,1.7692,0.8021,3.4241,100,9,1410,1215,1410,1215,1.0000,1.0000,130968,46,3136,37823,40960,2636,6738,0,0,0,0,0
12288,2097152,25,16.777,0.8588,1.3395,0.8457,3.0439,100,9,1410,1215,1410,1215,1.0000,1.0000,130968,46,3136,37823,40960,2636,18554,0,0,0,0,0
12288,2097152,26,16.777,0.8556,1.7005,0.8041,3.3602,100,9,1410,1215,1410,1215,1.0000,1.0000,344378,50,3136,37823,40960,17089,7617,0,0,0,0,0
12288,2097152,27,16.777,0.8553,0.6083,3.7250,5.1887,100,9,1410,1215,1410,1215,1.0000,1.0000,344378,50,3136,37823,40960,2929,4345,0,0,0,0,0
12288,2097152,28,16.777,0.9834,0.4705,0.8146,2.2685,100,9,1410,1215,1410,1215,1.0000,1.0000,349686,51,3136,37823,40960,11094238,28209814,0,0,0,0,0
12288,2097152,29,16.777,8.5767,1.0200,0.8014,10.3980,100,9,1410,1215,1410,1215,1.0000,1.0000,349686,51,3136,37823,40960,183837,6787,0,0,0,0,0
12288,4194304,0,33.554,5.4356,45.7565,2.2576,53.4497,100,11,1410,1215,1410,1215,1.0000,1.0000,354287,46,3158,37801,40960,2734,6884,0,0,0,0,0
12288,4194304,1,33.554,2.5341,1.1391,1.3103,4.9836,100,9,1410,1215,1410,1215,1.0000,1.0000,210804,49,3160,37799,40960,2636,6787,0,0,0,0,0
12288,4194304,2,33.554,2.3923,1.0381,8.7203,12.1507,100,9,1410,1215,1410,1215,1.0000,1.0000,210804,49,3160,37799,40960,3466,5664,0,0,0,0,0
12288,4194304,3,33.554,2.3020,0.8851,1.3251,4.5122,100,9,1410,1215,1410,1215,1.0000,1.0000,343098,50,3160,37799,40960,12726171,28202685,0,0,0,0,0
12288,4194304,4,33.554,11.9490,3.0295,1.3149,16.2933,100,9,1410,1215,1410,1215,1.0000,1.0000,343098,50,3160,37799,40960,3076,6787,0,0,0,0,0
12288,4194304,5,33.554,2.1542,2.4920,1.3004,5.9466,100,8,1410,1215,1410,1215,1.0000,1.0000,222242,44,3160,37799,40960,2734,6689,0,0,0,0,0
12288,4194304,6,33.554,2.1276,2.4920,1.3000,5.9196,100,8,1410,1215,1410,1215,1.0000,1.0000,222242,44,3160,37799,40960,3125,6738,0,0,0,0,0
12288,4194304,7,33.554,2.0390,2.4448,1.3015,5.7853,100,8,1410,1215,1410,1215,1.0000,1.0000,341057,50,3160,37799,40960,38525,7031,0,0,0,0,0
12288,4194304,8,33.554,2.0093,1.0374,1.3354,4.3820,100,8,1410,1215,1410,1215,1.0000,1.0000,341057,50,3160,37799,40960,28888476,31414013,0,0,0,0,0
12288,4194304,9,33.554,17.7273,2.4151,1.2988,21.4412,100,8,1410,1215,1410,1215,1.0000,1.0000,339252,49,3160,37799,40960,2636,7177,0,0,0,0,0
12288,4194304,10,33.554,2.0437,2.5689,1.2992,5.9118,100,8,1410,1215,1410,1215,1.0000,1.0000,124310,48,3160,37799,40960,3417,6738,0,0,0,0,0
12288,4194304,11,33.554,2.0237,2.6181,1.2992,5.9410,100,8,1410,1215,1410,1215,1.0000,1.0000,124310,48,3160,37799,40960,2685,6787,0,0,0,0,0
12288,4194304,12,33.554,2.0134,2.1297,1.2999,5.4430,100,10,1410,1215,1410,1215,1.0000,1.0000,349686,50,3160,37799,40960,2685,6738,0,0,0,0,0
12288,4194304,13,33.554,2.0034,1.0450,1.3185,4.3668,100,10,1410,1215,1410,1215,1.0000,1.0000,349686,50,3160,37799,40960,16328417,12485058,0,0,0,0,0
12288,4194304,14,33.554,16.2496,2.0288,1.2993,19.5778,100,10,1410,1215,1410,1215,1.0000,1.0000,352246,46,3160,37799,40960,2941699,6689,0,0,0,0,0
12288,4194304,15,33.554,1.9784,1.6065,1.3076,4.8926,100,10,1410,1215,1410,1215,1.0000,1.0000,352246,46,3160,37799,40960,2734,34667,0,0,0,0,0
12288,4194304,16,33.554,1.9614,2.9380,1.3037,6.2031,100,9,1410,1215,1410,1215,1.0000,1.0000,188286,49,3160,37799,40960,2685,6835,0,0,0,0,0
12288,4194304,17,33.554,1.9756,2.8695,1.3015,6.1466,100,9,1410,1215,1410,1215,1.0000,1.0000,188286,49,3160,37799,40960,2685,6933,0,0,0,0,0
12288,4194304,18,33.554,1.9538,1.0293,1.3296,4.3127,100,9,1410,1215,1410,1215,1.0000,1.0000,351727,50,3160,37799,40960,4427246,700195,0,0,0,0,0
12288,4194304,19,33.554,17.2466,1.2440,1.3036,19.7942,100,9,1410,1215,1410,1215,1.0000,1.0000,351727,50,3160,37799,40960,3223583,8094921,0,0,0,0,0
12288,4194304,20,33.554,1.9620,2.6085,1.3112,5.8816,100,8,1410,1215,1410,1215,1.0000,1.0000,250068,45,3160,37799,40960,2685,6689,0,0,0,0,0
12288,4194304,21,33.554,1.9447,2.5999,1.3082,5.8527,100,8,1410,1215,1410,1215,1.0000,1.0000,250068,45,3160,37799,40960,2783,8203,0,0,0,0,0
12288,4194304,22,33.554,1.9653,2.4879,1.2995,5.7526,100,8,1410,1215,1410,1215,1.0000,1.0000,332900,49,3160,37799,40960,3320,8544,0,0,0,0,0
12288,4194304,23,33.554,1.9800,1.0249,9.1049,12.1098,100,8,1410,1215,1410,1215,1.0000,1.0000,332900,49,3160,37799,40960,2734,6103,0,0,0,0,0
12288,4194304,24,33.554,1.9346,0.8975,1.3260,4.1581,100,8,1410,1215,1410,1215,1.0000,1.0000,356328,51,3160,37799,40960,11853662,28561914,0,0,0,0,0
12288,4194304,25,33.554,10.2048,1.3284,1.2956,12.8288,100,8,1410,1215,1410,1215,1.0000,1.0000,356328,51,3160,37799,40960,3369,6787,0,0,0,0,0
12288,4194304,26,33.554,1.9798,1.6356,1.3032,4.9186,100,8,1410,1215,1410,1215,1.0000,1.0000,125682,48,3160,37799,40960,2685,6689,0,0,0,0,0
12288,4194304,27,33.554,1.9982,1.6082,1.3061,4.9125,100,8,1410,1215,1410,1215,1.0000,1.0000,125682,48,3160,37799,40960,3369,6689,0,0,0,0,0
12288,4194304,28,33.554,1.9797,1.0450,8.6792,11.7038,100,12,1410,1215,1410,1215,1.0000,1.0000,347652,50,3160,37799,40960,2685,6640,0,0,0,0,0
12288,4194304,29,33.554,1.9366,0.8939,1.3267,4.1572,100,12,1410,1215,1410,1215,1.0000,1.0000,347652,50,3160,37799,40960,17183593,28216162,0,0,0,0,0
12288,8388608,0,67.109,29.6038,38.8308,4.6498,73.0844,100,8,1410,1215,1410,1215,1.0000,1.0000,116123,45,3206,37753,40960,2685,6787,0,0,0,0,0
12288,8388608,1,67.109,4.8702,3.4466,2.6108,10.9276,100,9,1410,1215,1410,1215,1.0000,1.0000,116123,45,3208,37751,40960,3125,6835,0,0,0,0,0
12288,8388608,2,67.109,4.6948,3.6913,2.5960,10.9821,100,9,1410,1215,1410,1215,1.0000,1.0000,336982,49,3208,37751,40960,2636,6933,0,0,0,0,0
12288,8388608,3,67.109,4.6806,1.8785,2.6340,9.1931,100,9,1410,1215,1410,1215,1.0000,1.0000,334415,49,3208,37751,40960,24124560,28362939,0,0,0,0,0
12288,8388608,4,67.109,20.8697,3.8915,2.5817,27.3429,100,10,1410,1215,1410,1215,1.0000,1.0000,334415,50,3208,37751,40960,3173,6689,0,0,0,0,0
12288,8388608,5,67.109,4.5833,2.9162,2.5706,10.0701,100,10,1410,1215,1410,1215,1.0000,1.0000,316828,46,3208,37751,40960,3027,8349,0,0,0,0,0
12288,8388608,6,67.109,4.5300,3.5964,2.5902,10.7166,100,10,1410,1215,1410,1215,1.0000,1.0000,316828,46,3208,37751,40960,3710,8300,0,0,0,0,0
12288,8388608,7,67.109,4.5095,1.8688,8.3879,14.7662,100,8,1410,1215,1410,1215,1.0000,1.0000,347935,50,3208,37751,40960,2685,1953,0,0,0,0,0
12288,8388608,8,67.109,35.0240,3.9331,2.5815,41.5386,100,8,1410,1215,1410,1215,1.0000,1.0000,150212,47,3208,37751,40960,1763427,6738,0,0,0,0,0
12288,8388608,9,67.109,4.5354,2.7517,2.6001,9.8872,100,8,1410,1215,1410,1215,1.0000,1.0000,150212,47,3208,37751,40960,3906,6738,0,0,0,0,0
12288,8388608,10,67.109,4.5894,3.7785,2.6032,10.9711,100,9,1410,1215,1410,1215,1.0000,1.0000,344850,48,3208,37751,40960,2636,6738,0,0,0,0,0
12288,8388608,11,67.109,4.5793,3.1007,2.5910,10.2710,100,9,1410,1215,1410,1215,1.0000,1.0000,344850,48,3208,37751,40960,17382,6933,0,0,0,0,0
12288,8388608,12,67.109,4.5002,1.8855,2.5964,8.9821,100,9,1410,1215,1410,1215,1.0000,1.0000,344850,50,3208,37751,40960,31193457,28180224,0,0,0,0,0
12288,8388608,13,67.109,24.2387,2.9168,2.6106,29.7660,100,10,1410,1215,1410,1215,1.0000,1.0000,348453,45,3208,37751,40960,2636,6738,0,0,0,0,0
12288,8388608,14,67.109,4.5833,3.7034,2.6438,10.9305,100,10,1410,1215,1410,1215,1.0000,1.0000,348453,45,3208,37751,40960,2685,6835,0,0,0,0,0
12288,8388608,15,67.109,4.5980,3.6112,2.5786,10.7878,100,10,1410,1215,1410,1215,1.0000,1.0000,125965,49,3208,37751,40960,2783,6689,0,0,0,0,0
12288,8388608,16,67.109,4.6150,3.4694,17.7325,25.8169,100,10,1410,1215,1410,1215,1.0000,1.0000,125965,49,3208,37751,40960,2685,6933,0,0,0,0,0
12288,8388608,17,67.109,4.5231,1.7357,2.6297,8.8886,100,10,1410,1215,1410,1215,1.0000,1.0000,350730,50,3208,37751,40960,3625927,28206298,0,0,0,0,0
12288,8388608,18,67.109,6.0449,2.1280,2.6295,10.8024,100,10,1410,1215,1410,1215,1.0000,1.0000,350730,50,3208,37751,40960,3125,12207,0,0,0,0,0
12288,8388608,19,67.109,4.5505,2.8936,2.5962,10.0403,100,10,1410,1215,1410,1215,1.0000,1.0000,351727,45,3208,37751,40960,9277,8105,0,0,0,0,0
12288,8388608,20,67.109,4.5176,3.7469,2.5702,10.8347,100,10,1410,1215,1410,1215,1.0000,1.0000,267683,45,3208,37751,40960,3417,8496,0,0,0,0,0
12288,8388608,21,67.109,4.5049,1.8727,11.0782,17.4558,100,8,1410,1215,1410,1215,1.0000,1.0000,267683,49,3208,37751,40960,3320,4394,0,0,0,0,0
12288,8388608,22,67.109,36.2403,3.1188,2.5715,41.9306,100,8,1410,1215,1410,1215,1.0000,1.0000,349214,50,3208,37751,40960,1636962,8496,0,0,0,0,0
12288,8388608,23,67.109,4.4610,2.0546,2.5763,9.0919,100,10,1410,1215,1410,1215,1.0000,1.0000,207951,48,3208,37751,40960,11279,7666,0,0,0,0,0
12288,8388608,24,67.109,4.4560,2.4404,2.5705,9.4669,100,10,1410,1215,1410,1215,1.0000,1.0000,207951,48,3208,37751,40960,11425,38476,0,0,0,0,0
12288,8388608,25,67.109,4.4129,2.4713,2.5681,9.4523,100,10,1410,1215,1410,1215,1.0000,1.0000,326501,50,3208,37751,40960,5810,8935,0,0,0,0,0
12288,8388608,26,67.109,4.3779,1.8743,2.6018,8.8540,100,10,1410,1215,1410,1215,1.0000,1.0000,326501,50,3208,37751,40960,24730273,23775927,0,0,0,0,0
12288,8388608,27,67.109,27.3814,2.6830,2.6256,32.6900,100,12,1410,1215,1410,1215,1.0000,1.0000,337972,46,3208,37751,40960,2734,7666,0,0,0,0,0
12288,8388608,28,67.109,4.4191,3.1067,2.5750,10.1008,100,12,1410,1215,1410,1215,1.0000,1.0000,134615,48,3208,37751,40960,3710,6835,0,0,0,0,0
12288,8388608,29,67.109,4.3711,3.1222,2.5740,10.0672,100,12,1410,1215,1410,1215,1.0000,1.0000,134615,48,3208,37751,40960,5615,6884,0,0,0,0,0
12288,16777216,0,134.218,10.0842,56.6916,8.9487,75.7245,100,8,1410,1215,1410,1215,1.0000,1.0000,306104,48,3302,37657,40960,3246093,28310253,0,0,0,0,0
12288,16777216,1,134.218,9.3199,7.4827,5.1564,21.9589,100,9,1410,1215,1410,1215,1.0000,1.0000,122025,47,3304,37655,40960,2636,6591,0,0,0,0,0
12288,16777216,2,134.218,9.2336,8.0095,5.1188,22.3619,100,9,1410,1215,1410,1215,1.0000,1.0000,122025,47,3304,37655,40960,3076,6738,0,0,0,0,0
12288,16777216,3,134.218,9.2129,3.5728,5.2140,17.9998,100,9,1410,1215,1410,1215,1.0000,1.0000,351491,50,3304,37655,40960,25828076,22254980,0,0,0,0,0
12288,16777216,4,134.218,30.5812,7.3360,5.1303,43.0475,100,10,1410,1215,1410,1215,1.0000,1.0000,337736,46,3304,37655,40960,2685,6591,0,0,0,0,0
12288,16777216,5,134.218,9.0888,7.0938,5.1243,21.3069,100,10,1410,1215,1410,1215,1.0000,1.0000,307148,48,3304,37655,40960,2636,6640,0,0,0,0,0
12288,16777216,6,134.218,9.0843,6.4059,5.0920,20.5823,100,10,1410,1215,1410,1215,1.0000,1.0000,307148,48,3304,37655,40960,2685,9814,0,0,0,0,0
12288,16777216,7,134.218,9.0199,3.5811,5.1766,17.7776,100,8,1410,1215,1410,1215,1.0000,1.0000,324743,50,3304,37655,40960,17336816,15298095,0,0,0,0,0
12288,16777216,8,134.218,34.6167,7.7217,5.1065,47.4449,100,8,1410,1215,1410,1215,1.0000,1.0000,188806,45,3304,37655,40960,2636,6689,0,0,0,0,0
12288,16777216,9,134.218,9.0428,7.3622,5.0932,21.4982,100,8,1410,1215,1410,1215,1.0000,1.0000,188806,45,3304,37655,40960,3076,6542,0,0,0,0,0
12288,16777216,10,134.218,9.0267,6.6336,5.1112,20.7715,100,8,1410,1215,1410,1215,1.0000,1.0000,343570,48,3304,37655,40960,7128,32812,0,0,0,0,0
12288,16777216,11,134.218,9.0427,3.5882,5.1686,17.7994,100,8,1410,1215,1410,1215,1.0000,1.0000,348689,50,3304,37655,40960,15071044,12136474,0,0,0,0,0
12288,16777216,12,134.218,37.3214,8.1073,5.1340,50.5627,100,11,1410,1215,1410,1215,1.0000,1.0000,150212,44,3304,37655,40960,2636,6640,0,0,0,0,0
12288,16777216,13,134.218,9.0332,7.3515,5.1021,21.4867,100,11,1410,1215,1410,1215,1.0000,1.0000,150212,44,3304,37655,40960,2636,6738,0,0,0,0,0
12288,16777216,14,134.218,9.0295,7.4381,5.1102,21.5778,100,11,1410,1215,1410,1215,1.0000,1.0000,332139,49,3304,37655,40960,2636,6738,0,0,0,0,0
12288,16777216,15,134.218,9.0279,3.5833,5.1814,17.7926,100,11,1410,1215,1410,1215,1.0000,1.0000,332139,49,3304,37655,40960,10863574,7614111,0,0,0,0,0
12288,16777216,16,134.218,39.7775,7.1210,5.1205,52.0190,100,9,1410,1215,1410,1215,1.0000,1.0000,352535,50,3304,37655,40960,3076,6787,0,0,0,0,0
12288,16777216,17,134.218,9.0763,7.3677,5.1290,21.5729,100,9,1410,1215,1410,1215,1.0000,1.0000,121070,46,3304,37655,40960,2636,6591,0,0,0,0,0
12288,16777216,18,134.218,9.0396,7.1654,5.1137,21.3187,100,8,1410,1215,1410,1215,1.0000,1.0000,349214,50,3304,37655,40960,2636,6640,0,0,0,0,0
12288,16777216,19,134.218,9.0506,3.5770,5.1578,17.7854,100,8,1410,1215,1410,1215,1.0000,1.0000,349214,50,3304,37655,40960,14487890,13520312,0,0,0,0,0
12288,16777216,20,134.218,36.4779,8.0457,5.2018,49.7255,100,8,1410,1215,1410,1215,1.0000,1.0000,324978,50,3304,37655,40960,2636,6787,0,0,0,0,0
12288,16777216,21,134.218,9.0429,7.2330,5.1550,21.4309,100,9,1410,1215,1410,1215,1.0000,1.0000,210521,48,3304,37655,40960,2636,16943,0,0,0,0,0
12288,16777216,22,134.218,9.0115,7.6921,5.1374,21.8410,100,9,1410,1215,1410,1215,1.0000,1.0000,210521,48,3304,37655,40960,3076,6787,0,0,0,0,0
12288,16777216,23,134.218,9.0322,3.5729,5.1647,17.7698,100,9,1410,1215,1410,1215,1.0000,1.0000,352771,49,3304,37655,40960,19942089,17386718,0,0,0,0,0
12288,16777216,24,134.218,33.9024,7.7344,5.1322,46.7690,100,11,1410,1215,1410,1215,1.0000,1.0000,328299,47,3304,37655,40960,2636,6542,0,0,0,0,0
12288,16777216,25,134.218,9.0048,7.1960,5.1036,21.3044,100,11,1410,1215,1410,1215,1.0000,1.0000,322944,48,3304,37655,40960,2929,7666,0,0,0,0,0
12288,16777216,26,134.218,9.0219,7.1459,5.1224,21.2902,100,11,1410,1215,1410,1215,1.0000,1.0000,322944,48,3304,37655,40960,2832,6787,0,0,0,0,0
12288,16777216,27,134.218,9.0230,3.5851,5.1840,17.7921,100,9,1410,1215,1410,1215,1.0000,1.0000,342573,50,3304,37655,40960,10838037,7084130,0,0,0,0,0
12288,16777216,28,134.218,40.8639,7.6279,5.1533,53.6451,100,9,1410,1215,1410,1215,1.0000,1.0000,156862,47,3304,37655,40960,2685,7226,0,0,0,0,0
12288,16777216,29,134.218,9.0633,6.4476,5.1290,20.6398,100,9,1410,1215,1410,1215,1.0000,1.0000,156862,47,3304,37655,40960,3027,6591,0,0,0,0,0
12288,33554432,0,268.435,55.8518,42.0373,18.1501,116.0392,100,10,1410,1215,1410,1215,1.0000,1.0000,353348,47,3494,37465,40960,2783,6835,0,0,0,0,0
12288,33554432,1,268.435,19.1897,15.5085,10.9147,45.6129,100,10,1410,1215,1410,1215,1.0000,1.0000,116742,49,3496,37463,40960,2783,6884,0,0,0,0,0
12288,33554432,2,268.435,18.8602,7.0017,10.8964,36.7583,100,10,1410,1215,1410,1215,1.0000,1.0000,323698,50,3496,37463,40960,17281494,28392919,0,0,0,0,0
12288,33554432,3,268.435,19.3615,14.9207,10.8709,45.1530,100,10,1410,1215,1410,1215,1.0000,1.0000,304353,46,3496,37463,40960,2685,14257,0,0,0,0,0
12288,33554432,4,268.435,18.8035,14.9194,10.7592,44.4822,100,10,1410,1215,1410,1215,1.0000,1.0000,173452,48,3496,37463,40960,2783,6884,0,0,0,0,0
12288,33554432,5,268.435,18.7499,6.9957,10.8307,36.5763,100,9,1410,1215,1410,1215,1.0000,1.0000,345894,49,3496,37463,40960,3047460,292,0,0,0,0,0
12288,33554432,6,268.435,49.3526,16.0142,10.7844,76.1512,100,9,1410,1215,1410,1215,1.0000,1.0000,351255,45,3496,37463,40960,2685,6738,0,0,0,0,0
12288,33554432,7,268.435,18.7617,15.7899,10.7960,45.3477,100,9,1410,1215,1410,1215,1.0000,1.0000,284017,49,3496,37463,40960,2832,6982,0,0,0,0,0
12288,33554432,8,268.435,18.7178,6.9995,11.3492,37.0665,100,9,1410,1215,1410,1215,1.0000,1.0000,350730,49,3496,37463,40960,6246582,2537988,0,0,0,0,0
12288,33554432,9,268.435,46.6316,15.0266,10.8570,72.5153,100,11,1410,1215,1410,1215,1.0000,1.0000,261317,45,3496,37463,40960,2685,6689,0,0,0,0,0
12288,33554432,10,268.435,18.7445,15.1917,10.8766,44.8127,100,11,1410,1215,1410,1215,1.0000,1.0000,261317,45,3496,37463,40960,3662,8544,0,0,0,0,0
12288,33554432,11,268.435,18.7246,6.9748,10.8366,36.5361,100,11,1410,1215,1410,1215,1.0000,1.0000,326022,49,3496,37463,40960,3613,17089,0,0,0,0,0
12288,33554432,12,268.435,53.9484,14.9879,10.7906,79.7269,100,9,1410,1215,1410,1215,1.0000,1.0000,354909,50,3496,37463,40960,3125,6884,0,0,0,0,0
12288,33554432,13,268.435,18.7170,15.1195,32.2273,66.0637,100,10,1410,1215,1410,1215,1.0000,1.0000,345375,49,3496,37463,40960,2685,6884,0,0,0,0,0
12288,33554432,14,268.435,57.8083,16.9244,10.8630,85.5958,100,10,1410,1215,1410,1215,1.0000,1.0000,127201,45,3496,37463,40960,3173,6835,0,0,0,0,0
12288,33554432,15,268.435,18.7417,14.9867,10.8258,44.5541,100,11,1410,1215,1410,1215,1.0000,1.0000,127201,45,3496,37463,40960,2783,16796,0,0,0,0,0
12288,33554432,16,268.435,18.7344,6.9584,10.7146,36.4073,100,11,1410,1215,1410,1215,1.0000,1.0000,326258,50,3496,37463,40960,2734,488,0,0,0,0,0
12288,33554432,17,268.435,51.3922,16.4950,10.7658,78.6530,100,8,1410,1215,1410,1215,1.0000,1.0000,304070,50,3496,37463,40960,2734,6884,0,0,0,0,0
12288,33554432,18,268.435,18.7056,16.8579,10.7931,46.3566,100,8,1410,1215,1410,1215,1.0000,1.0000,130293,46,3496,37463,40960,2734,7519,0,0,0,0,0
12288,33554432,19,268.435,18.7356,6.9889,10.7777,36.5022,100,8,1410,1215,1410,1215,1.0000,1.0000,295434,50,3496,37463,40960,2685,830,0,0,0,0,0
12288,33554432,20,268.435,53.5215,16.4355,10.9751,80.9320,100,8,1410,1215,1410,1215,1.0000,1.0000,333897,48,3496,37463,40960,26220,7031,0,0,0,0,0
12288,33554432,21,268.435,18.7936,16.9424,10.8888,46.6249,100,11,1410,1215,1410,1215,1.0000,1.0000,119834,47,3496,37463,40960,2685,6884,0,0,0,0,0
12288,33554432,22,268.435,18.7505,6.9662,10.7947,36.5115,100,11,1410,1215,1410,1215,1.0000,1.0000,330340,50,3496,37463,40960,3286328,292,0,0,0,0,0
12288,33554432,23,268.435,49.4271,16.0251,10.8747,76.3269,100,10,1410,1215,1410,1215,1.0000,1.0000,344204,47,3496,37463,40960,2685,6884,0,0,0,0,0
12288,33554432,24,268.435,18.7359,15.0589,10.8493,44.6441,100,10,1410,1215,1410,1215,1.0000,1.0000,116985,48,3496,37463,40960,2685,6982,0,0,0,0,0
12288,33554432,25,268.435,18.7877,6.9914,10.8426,36.6218,100,9,1410,1215,1410,1215,1.0000,1.0000,347652,49,3496,37463,40960,2832,439,0,0,0,0,0
12288,33554432,26,268.435,51.3755,16.3024,10.8509,78.5288,100,9,1410,1215,1410,1215,1.0000,1.0000,352535,46,3496,37463,40960,2685,6738,0,0,0,0,0
12288,33554432,27,268.435,18.7666,14.9714,10.7488,44.4869,100,9,1410,1215,1410,1215,1.0000,1.0000,268728,48,3496,37463,40960,3027,7373,0,0,0,0,0
12288,33554432,28,268.435,18.7202,6.9749,10.8473,36.5424,100,9,1410,1215,1410,1215,1.0000,1.0000,352535,50,3496,37463,40960,2636,1513,0,0,0,0,0
12288,33554432,29,268.435,55.4485,14.9129,10.7873,81.1487,100,11,1410,1215,1410,1215,1.0000,1.0000,296667,46,3496,37463,40960,4394,35791,0,0,0,0,0
12288,67108864,0,536.871,38.1798,47.5176,55.9570,141.6545,100,10,1410,1215,1410,1215,1.0000,1.0000,154060,49,3878,37081,40960,2587,6738,0,0,0,0,0
12288,67108864,1,536.871,47.5072,29.7156,27.2159,104.4387,100,10,1410,1215,1410,1215,1.0000,1.0000,296667,44,3880,37079,40960,2539,7080,0,0,0,0,0
12288,67108864,2,536.871,37.4550,13.7600,30.8075,82.0224,100,10,1410,1215,1410,1215,1.0000,1.0000,293400,48,3880,37079,40960,3271,5957,0,0,0,0,0
12288,67108864,3,536.871,63.1211,30.0312,27.4922,120.6446,100,9,1410,1215,1410,1215,1.0000,1.0000,262598,46,3880,37079,40960,2636,6835,0,0,0,0,0
12288,67108864,4,536.871,37.3477,13.7777,34.5534,85.6788,100,11,1410,1215,1410,1215,1.0000,1.0000,326022,48,3880,37079,40960,3271,8789,0,0,0,0,0
12288,67108864,5,536.871,63.6847,29.5143,27.0913,120.2903,100,13,1410,1215,1410,1215,1.0000,1.0000,219703,47,3880,37079,40960,2685,6787,0,0,0,0,0
12288,67108864,6,536.871,37.2879,13.7589,28.4794,79.5262,100,13,1410,1215,1410,1215,1.0000,1.0000,339252,48,3880,37079,40960,2636,5566,0,0,0,0,0
12288,67108864,7,536.871,63.0769,31.1963,28.1022,122.3753,100,9,1410,1215,1410,1215,1.0000,1.0000,345375,50,3880,37079,40960,3125,20947,0,0,0,0,0
12288,67108864,8,536.871,37.2806,31.5540,27.0628,95.8974,100,9,1410,1215,1410,1215,1.0000,1.0000,350211,50,3880,37079,40960,27177978,6640,0,0,0,0,0
12288,67108864,9,536.871,37.4184,30.3325,26.9805,94.7314,100,11,1410,1215,1410,1215,1.0000,1.0000,120834,47,3880,37079,40960,2636,6640,0,0,0,0,0
12288,67108864,10,536.871,37.2047,26.8542,27.0859,91.1447,100,9,1410,1215,1410,1215,1.0000,1.0000,290424,50,3880,37079,40960,3407519,28217773,0,0,0,0,0
12288,67108864,11,536.871,37.5631,31.3052,26.9586,95.8270,100,9,1410,1215,1410,1215,1.0000,1.0000,354051,50,3880,37079,40960,2685,6835,0,0,0,0,0
12288,67108864,12,536.871,43.1407,31.5116,27.2481,101.9004,100,9,1410,1215,1410,1215,1.0000,1.0000,354051,50,3880,37079,40960,2978,6738,0,0,0,0,0
12288,67108864,13,536.871,37.2478,29.8552,47.5799,114.6828,100,11,1410,1215,1410,1215,1.0000,1.0000,278413,50,3880,37079,40960,2685,23974,0,0,0,0,0
12288,67108864,14,536.871,69.7750,30.8412,27.2705,127.8867,100,10,1410,1215,1410,1215,1.0000,1.0000,354570,49,3880,37079,40960,3027,6835,0,0,0,0,0
12288,67108864,15,536.871,37.3068,13.7515,32.9969,84.0551,100,8,1410,1215,1410,1215,1.0000,1.0000,312510,49,3880,37079,40960,2636,37109,0,0,0,0,0
12288,67108864,16,536.871,63.2304,30.1917,27.8168,121.2388,100,8,1410,1215,1410,1215,1.0000,1.0000,353768,50,3880,37079,40960,3125,6884,0,0,0,0,0
12288,67108864,17,536.871,37.3374,14.7033,37.1779,89.2185,100,11,1410,1215,1410,1215,1.0000,1.0000,289142,50,3880,37079,40960,2636,6835,0,0,0,0,0
12288,67108864,18,536.871,63.8858,30.1623,27.0903,121.1384,100,10,1410,1215,1410,1215,1.0000,1.0000,353525,49,3880,37079,40960,27929,6982,0,0,0,0,0
12288,67108864,19,536.871,37.3196,13.7509,33.4202,84.4907,100,9,1410,1215,1410,1215,1.0000,1.0000,285534,50,3880,37079,40960,2636,6152,0,0,0,0,0
12288,67108864,20,536.871,63.7089,30.0939,27.3144,121.1172,100,9,1410,1215,1410,1215,1.0000,1.0000,354570,49,3880,37079,40960,2636,7226,0,0,0,0,0
12288,67108864,21,536.871,37.3139,13.7968,34.5687,85.6794,100,10,1410,1215,1410,1215,1.0000,1.0000,307909,50,3880,37079,40960,29052,14208,0,0,0,0,0
12288,67108864,22,536.871,64.0193,30.2967,27.2446,121.5607,100,12,1410,1215,1410,1215,1.0000,1.0000,334180,48,3880,37079,40960,2636,6982,0,0,0,0,0
12288,67108864,23,536.871,37.3043,13.7929,33.7370,84.8342,100,9,1410,1215,1410,1215,1.0000,1.0000,337218,50,3880,37079,40960,2929,6298,0,0,0,0,0
12288,67108864,24,536.871,63.9986,31.3127,27.0880,122.3993,100,9,1410,1215,1410,1215,1.0000,1.0000,271008,47,3880,37079,40960,22558,20410,0,0,0,0,0
12288,67108864,25,536.871,37.2116,13.7535,29.5957,80.5608,100,10,1410,1215,1410,1215,1.0000,1.0000,345611,49,3880,37079,40960,3564,6005,0,0,0,0,0
12288,67108864,26,536.871,63.2880,30.1136,27.0122,120.4139,100,13,1410,1215,1410,1215,1.0000,1.0000,219969,46,3880,37079,40960,2587,6787,0,0,0,0,0
12288,67108864,27,536.871,37.3676,14.8141,37.2962,89.4779,100,13,1410,1215,1410,1215,1.0000,1.0000,340296,49,3880,37079,40960,3076,34960,0,0,0,0,0
12288,67108864,28,536.871,63.8583,30.4521,27.0452,121.3555,100,9,1410,1215,1410,1215,1.0000,1.0000,152251,46,3880,37079,40960,2685,8349,0,0,0,0,0
12288,67108864,29,536.871,37.2936,13.7993,33.9411,85.0340,100,9,1410,1215,1410,1215,1.0000,1.0000,350494,49,3880,37079,40960,3027,6445,0,0,0,0,0
