[INFO] PDC_SERVER[0]: Starting server with no previous data
[INFO] PDC_SERVER[0]: Using [/pscratch/sd/n/nlewi26/pdc_curl_analysis_bench/] as tmp dir, 1 OSTs, 1 OSTs per data file, 0% to BB
[INFO] PDC_SERVER[0]: Environment variable HG_TRANSPORT was NOT set, default to ofi+cxi
[INFO] PDC_SERVER[0]: Environment variable HG_HOST was set
[INFO] PDC_SERVER[0]: Connection string: ofi+cxi://cxi0:0:7000
[INFO] PDC_SERVER[1]: Environment variable HG_HOST was set
[INFO] PDC_SERVER[6]: Environment variable HG_HOST was set
[INFO] PDC_SERVER[2]: Environment variable HG_HOST was set
[INFO] PDC_SERVER[7]: Environment variable HG_HOST was set
[INFO] PDC_SERVER[3]: Environment variable HG_HOST was set
[INFO] PDC_SERVER[4]: Environment variable HG_HOST was set
[INFO] PDC_SERVER[5]: Environment variable HG_HOST was set
[INFO] PDC_SERVER[0]: Scoped Slingshot CXI auth for Mercury: svc=1 vni=1 device=cxi0
[INFO] PDC_SERVER[0]: Without multi-thread
[INFO] PDC_SERVER[0]: Read cache enabled
[INFO] PDC_SERVER[0]: Max cache size: 68719476736
[INFO] PDC_SERVER[0]: Max transformation cache size: 68719476736
[INFO] PDC_SERVER[0]: Successfully established connection to 7 other PDC servers
[INFO] PDC_SERVER[0]: Succesfully wrote address to config in dir /pscratch/sd/n/nlewi26/pdc_curl_analysis_bench/
[INFO] PDC_SERVER[0]: Server ready!


[INFO] PDC_SERVER[0]: Starting flush for obj_id 2000000000, ndim=3
[13:54:05.975820] [WARNING] [pdc_server_region_cache.c:823] PDC_SERVER[0]: Region mapping lookup took 0.000000 s
[13:54:05.975835] [WARNING] [pdc_server_region_cache.c:828] PDC_SERVER[0]: No region mapping found for obj_id 2000000000
[13:54:05.993826] [WARNING] [pdc_server_region_cache.c:834] PDC_SERVER[0]: Flushed region via POSIX I/O in 0.017981 s
[13:54:05.993846] [WARNING] [pdc_server_region_cache.c:850] PDC_SERVER[0]: [2026-10-07 13:54:05.993840] Flushed 16.00 / 16.00 MB to storage
[INFO] PDC_SERVER[0]: Region flush iteration took 0.018272 s
[INFO] PDC_SERVER[0]: Starting flush for obj_id 2000000000, ndim=3
[13:54:05.997191] [WARNING] [pdc_server_region_cache.c:823] PDC_SERVER[0]: Region mapping lookup took 0.000000 s
[13:54:05.997196] [WARNING] [pdc_server_region_cache.c:828] PDC_SERVER[0]: No region mapping found for obj_id 2000000000
[13:54:06.014699] [WARNING] [pdc_server_region_cache.c:834] PDC_SERVER[0]: Flushed region via POSIX I/O in 0.017494 s
[13:54:06.014711] [WARNING] [pdc_server_region_cache.c:850] PDC_SERVER[0]: [2026-10-07 13:54:06.014707] Flushed 16.00 / 16.00 MB to storage
[INFO] PDC_SERVER[0]: Region flush iteration took 0.017527 s
[INFO] PDC_SERVER[0]: Starting flush for obj_id 2000000000, ndim=3
[13:54:06.015742] [WARNING] [pdc_server_region_cache.c:823] PDC_SERVER[0]: Region mapping lookup took 0.000000 s
[13:54:06.015748] [WARNING] [pdc_server_region_cache.c:828] PDC_SERVER[0]: No region mapping found for obj_id 2000000000
[13:54:06.032969] [WARNING] [pdc_server_region_cache.c:834] PDC_SERVER[0]: Flushed region via POSIX I/O in 0.017212 s
[13:54:06.032986] [WARNING] [pdc_server_region_cache.c:850] PDC_SERVER[0]: [2026-10-07 13:54:06.032982] Flushed 16.00 / 16.00 MB to storage
[INFO] PDC_SERVER[0]: Region flush iteration took 0.017253 s
[INFO] PDC_SERVER[0]: Starting flush for obj_id 2000000000, ndim=3
[13:54:06.034127] [WARNING] [pdc_server_region_cache.c:823] PDC_SERVER[0]: Region mapping lookup took 0.000001 s
[13:54:06.034132] [WARNING] [pdc_server_region_cache.c:828] PDC_SERVER[0]: No region mapping found for obj_id 2000000000
[13:54:06.050989] [WARNING] [pdc_server_region_cache.c:834] PDC_SERVER[0]: Flushed region via POSIX I/O in 0.016846 s
[13:54:06.051002] [WARNING] [pdc_server_region_cache.c:850] PDC_SERVER[0]: [2026-10-07 13:54:06.050999] Flushed 16.00 / 16.00 MB to storage
[INFO] PDC_SERVER[0]: Region flush iteration took 0.016882 s
[INFO] PDC_SERVER[0]: Starting flush for obj_id 2000000000, ndim=3
[13:54:06.052279] [WARNING] [pdc_server_region_cache.c:823] PDC_SERVER[0]: Region mapping lookup took 0.000000 s
[13:54:06.052286] [WARNING] [pdc_server_region_cache.c:828] PDC_SERVER[0]: No region mapping found for obj_id 2000000000
[13:54:06.069885] [WARNING] [pdc_server_region_cache.c:834] PDC_SERVER[0]: Flushed region via POSIX I/O in 0.017589 s
[13:54:06.069898] [WARNING] [pdc_server_region_cache.c:850] PDC_SERVER[0]: [2026-10-07 13:54:06.069894] Flushed 16.00 / 16.00 MB to storage
[INFO] PDC_SERVER[0]: Region flush iteration took 0.017627 s
[INFO] PDC_SERVER[0]: Starting flush for obj_id 2000000000, ndim=3
[13:54:06.071076] [WARNING] [pdc_server_region_cache.c:823] PDC_SERVER[0]: Region mapping lookup took 0.000001 s
[13:54:06.071083] [WARNING] [pdc_server_region_cache.c:828] PDC_SERVER[0]: No region mapping found for obj_id 2000000000
[13:54:06.088515] [WARNING] [pdc_server_region_cache.c:834] PDC_SERVER[0]: Flushed region via POSIX I/O in 0.017425 s
[13:54:06.088526] [WARNING] [pdc_server_region_cache.c:850] PDC_SERVER[0]: [2026-10-07 13:54:06.088523] Flushed 16.00 / 16.00 MB to storage
[INFO] PDC_SERVER[0]: Region flush iteration took 0.017458 s
[INFO] PDC_SERVER[0]: Starting flush for obj_id 2000000000, ndim=3
[13:54:06.089585] [WARNING] [pdc_server_region_cache.c:823] PDC_SERVER[0]: Region mapping lookup took 0.000000 s
[13:54:06.089590] [WARNING] [pdc_server_region_cache.c:828] PDC_SERVER[0]: No region mapping found for obj_id 2000000000
[13:54:06.107349] [WARNING] [pdc_server_region_cache.c:834] PDC_SERVER[0]: Flushed region via POSIX I/O in 0.017750 s
[13:54:06.107359] [WARNING] [pdc_server_region_cache.c:850] PDC_SERVER[0]: [2026-10-07 13:54:06.107357] Flushed 16.00 / 16.00 MB to storage
[INFO] PDC_SERVER[0]: Region flush iteration took 0.017782 s
[INFO] PDC_SERVER[0]: Starting flush for obj_id 2000000000, ndim=3
[13:54:06.108399] [WARNING] [pdc_server_region_cache.c:823] PDC_SERVER[0]: Region mapping lookup took 0.000000 s
[13:54:06.108406] [WARNING] [pdc_server_region_cache.c:828] PDC_SERVER[0]: No region mapping found for obj_id 2000000000
[13:54:06.125593] [WARNING] [pdc_server_region_cache.c:834] PDC_SERVER[0]: Flushed region via POSIX I/O in 0.017168 s
[13:54:06.125603] [WARNING] [pdc_server_region_cache.c:850] PDC_SERVER[0]: [2026-10-07 13:54:06.125600] Flushed 16.00 / 16.00 MB to storage
[INFO] PDC_SERVER[0]: Region flush iteration took 0.017212 s
[INFO] PDC_SERVER[0]: Starting flush for obj_id 2000000000, ndim=3
[13:54:06.126677] [WARNING] [pdc_server_region_cache.c:823] PDC_SERVER[0]: Region mapping lookup took 0.000001 s
[13:54:06.126681] [WARNING] [pdc_server_region_cache.c:828] PDC_SERVER[0]: No region mapping found for obj_id 2000000000
[13:54:06.144501] [WARNING] [pdc_server_region_cache.c:834] PDC_SERVER[0]: Flushed region via POSIX I/O in 0.017817 s
[13:54:06.144511] [WARNING] [pdc_server_region_cache.c:850] PDC_SERVER[0]: [2026-10-07 13:54:06.144509] Flushed 16.00 / 16.00 MB to storage
[INFO] PDC_SERVER[0]: Region flush iteration took 0.017839 s
[INFO] PDC_SERVER[0]: Starting flush for obj_id 2000000000, ndim=3
[13:54:06.145543] [WARNING] [pdc_server_region_cache.c:823] PDC_SERVER[0]: Region mapping lookup took 0.000000 s
[13:54:06.145550] [WARNING] [pdc_server_region_cache.c:828] PDC_SERVER[0]: No region mapping found for obj_id 2000000000
[13:54:06.163093] [WARNING] [pdc_server_region_cache.c:834] PDC_SERVER[0]: Flushed region via POSIX I/O in 0.017535 s
[13:54:06.163102] [WARNING] [pdc_server_region_cache.c:850] PDC_SERVER[0]: [2026-10-07 13:54:06.163099] Flushed 16.00 / 16.00 MB to storage
[INFO] PDC_SERVER[0]: Region flush iteration took 0.017566 s
[INFO] PDC_SERVER[0]: Starting flush for obj_id 2000000000, ndim=3
[13:54:06.164093] [WARNING] [pdc_server_region_cache.c:823] PDC_SERVER[0]: Region mapping lookup took 0.000001 s
[13:54:06.164097] [WARNING] [pdc_server_region_cache.c:828] PDC_SERVER[0]: No region mapping found for obj_id 2000000000
[13:54:06.181946] [WARNING] [pdc_server_region_cache.c:834] PDC_SERVER[0]: Flushed region via POSIX I/O in 0.017835 s
[13:54:06.181962] [WARNING] [pdc_server_region_cache.c:850] PDC_SERVER[0]: [2026-10-07 13:54:06.181959] Flushed 16.00 / 16.00 MB to storage
[INFO] PDC_SERVER[0]: Region flush iteration took 0.017877 s
[INFO] PDC_SERVER[0]: Starting flush for obj_id 2000000000, ndim=3
[13:54:06.183929] [WARNING] [pdc_server_region_cache.c:823] PDC_SERVER[0]: Region mapping lookup took 0.000001 s
[13:54:06.183935] [WARNING] [pdc_server_region_cache.c:828] PDC_SERVER[0]: No region mapping found for obj_id 2000000000
[13:54:06.201400] [WARNING] [pdc_server_region_cache.c:834] PDC_SERVER[0]: Flushed region via POSIX I/O in 0.017457 s
[13:54:06.201412] [WARNING] [pdc_server_region_cache.c:850] PDC_SERVER[0]: [2026-10-07 13:54:06.201409] Flushed 16.00 / 16.00 MB to storage
[INFO] PDC_SERVER[0]: Region flush iteration took 0.017490 s
[INFO] PDC_SERVER[0]: Starting flush for obj_id 2000000000, ndim=3
[13:54:06.202978] [WARNING] [pdc_server_region_cache.c:823] PDC_SERVER[0]: Region mapping lookup took 0.000001 s
[13:54:06.202985] [WARNING] [pdc_server_region_cache.c:828] PDC_SERVER[0]: No region mapping found for obj_id 2000000000
[13:54:06.220542] [WARNING] [pdc_server_region_cache.c:834] PDC_SERVER[0]: Flushed region via POSIX I/O in 0.017550 s
[13:54:06.220551] [WARNING] [pdc_server_region_cache.c:850] PDC_SERVER[0]: [2026-10-07 13:54:06.220548] Flushed 16.00 / 16.00 MB to storage
[INFO] PDC_SERVER[0]: Region flush iteration took 0.017581 s
[INFO] PDC_SERVER[0]: Starting flush for obj_id 2000000000, ndim=3
[13:54:06.221916] [WARNING] [pdc_server_region_cache.c:823] PDC_SERVER[0]: Region mapping lookup took 0.000000 s
[13:54:06.221924] [WARNING] [pdc_server_region_cache.c:828] PDC_SERVER[0]: No region mapping found for obj_id 2000000000
[13:54:06.239444] [WARNING] [pdc_server_region_cache.c:834] PDC_SERVER[0]: Flushed region via POSIX I/O in 0.017513 s
[13:54:06.239454] [WARNING] [pdc_server_region_cache.c:850] PDC_SERVER[0]: [2026-10-07 13:54:06.239451] Flushed 16.00 / 16.00 MB to storage
[INFO] PDC_SERVER[0]: Region flush iteration took 0.017546 s
[INFO] PDC_SERVER[0]: Starting flush for obj_id 2000000000, ndim=3
[13:54:06.240694] [WARNING] [pdc_server_region_cache.c:823] PDC_SERVER[0]: Region mapping lookup took 0.000000 s
[13:54:06.240699] [WARNING] [pdc_server_region_cache.c:828] PDC_SERVER[0]: No region mapping found for obj_id 2000000000
[13:54:06.258316] [WARNING] [pdc_server_region_cache.c:834] PDC_SERVER[0]: Flushed region via POSIX I/O in 0.017609 s
[13:54:06.258328] [WARNING] [pdc_server_region_cache.c:850] PDC_SERVER[0]: [2026-10-07 13:54:06.258325] Flushed 16.00 / 16.00 MB to storage
[INFO] PDC_SERVER[0]: Region flush iteration took 0.017641 s
[INFO] PDC_SERVER[0]: Starting flush for obj_id 2000000000, ndim=3
[13:54:06.277172] [WARNING] [pdc_server_region_cache.c:823] PDC_SERVER[0]: Region mapping lookup took 0.000000 s
[13:54:06.277179] [WARNING] [pdc_server_region_cache.c:828] PDC_SERVER[0]: No region mapping found for obj_id 2000000000
[13:54:06.293568] [WARNING] [pdc_server_region_cache.c:834] PDC_SERVER[0]: Flushed region via POSIX I/O in 0.016386 s
[13:54:06.293583] [WARNING] [pdc_server_region_cache.c:850] PDC_SERVER[0]: [2026-10-07 13:54:06.293580] Flushed 16.00 / 16.00 MB to storage
[INFO] PDC_SERVER[0]: Region flush iteration took 0.016417 s
[INFO] PDC_SERVER[0]: Starting flush for obj_id 3000000000, ndim=3
[13:54:06.312279] [WARNING] [pdc_server_region_cache.c:823] PDC_SERVER[0]: Region mapping lookup took 0.000000 s
[13:54:06.312285] [WARNING] [pdc_server_region_cache.c:828] PDC_SERVER[0]: No region mapping found for obj_id 3000000000
[13:54:06.330247] [WARNING] [pdc_server_region_cache.c:834] PDC_SERVER[0]: Flushed region via POSIX I/O in 0.017953 s
[13:54:06.330259] [WARNING] [pdc_server_region_cache.c:850] PDC_SERVER[0]: [2026-10-07 13:54:06.330256] Flushed 16.00 / 16.00 MB to storage
[INFO] PDC_SERVER[0]: Region flush iteration took 0.017986 s
[INFO] PDC_SERVER[0]: Starting flush for obj_id 3000000000, ndim=3
[13:54:06.331578] [WARNING] [pdc_server_region_cache.c:823] PDC_SERVER[0]: Region mapping lookup took 0.000006 s
[13:54:06.331584] [WARNING] [pdc_server_region_cache.c:828] PDC_SERVER[0]: No region mapping found for obj_id 3000000000
[13:54:06.348991] [WARNING] [pdc_server_region_cache.c:834] PDC_SERVER[0]: Flushed region via POSIX I/O in 0.017398 s
[13:54:06.349002] [WARNING] [pdc_server_region_cache.c:850] PDC_SERVER[0]: [2026-10-07 13:54:06.348999] Flushed 16.00 / 16.00 MB to storage
[INFO] PDC_SERVER[0]: Region flush iteration took 0.017437 s
[INFO] PDC_SERVER[0]: Starting flush for obj_id 3000000000, ndim=3
[13:54:06.350054] [WARNING] [pdc_server_region_cache.c:823] PDC_SERVER[0]: Region mapping lookup took 0.000000 s
[13:54:06.350059] [WARNING] [pdc_server_region_cache.c:828] PDC_SERVER[0]: No region mapping found for obj_id 3000000000
[13:54:06.366948] [WARNING] [pdc_server_region_cache.c:834] PDC_SERVER[0]: Flushed region via POSIX I/O in 0.016883 s
[13:54:06.366958] [WARNING] [pdc_server_region_cache.c:850] PDC_SERVER[0]: [2026-10-07 13:54:06.366955] Flushed 16.00 / 16.00 MB to storage
[INFO] PDC_SERVER[0]: Region flush iteration took 0.016909 s
[INFO] PDC_SERVER[0]: Starting flush for obj_id 3000000000, ndim=3
[13:54:06.367932] [WARNING] [pdc_server_region_cache.c:823] PDC_SERVER[0]: Region mapping lookup took 0.000000 s
[13:54:06.367937] [WARNING] [pdc_server_region_cache.c:828] PDC_SERVER[0]: No region mapping found for obj_id 3000000000
[13:54:06.384940] [WARNING] [pdc_server_region_cache.c:834] PDC_SERVER[0]: Flushed region via POSIX I/O in 0.016995 s
[13:54:06.384951] [WARNING] [pdc_server_region_cache.c:850] PDC_SERVER[0]: [2026-10-07 13:54:06.384948] Flushed 16.00 / 16.00 MB to storage
[INFO] PDC_SERVER[0]: Region flush iteration took 0.017025 s
[INFO] PDC_SERVER[0]: Starting flush for obj_id 3000000000, ndim=3
[13:54:06.385854] [WARNING] [pdc_server_region_cache.c:823] PDC_SERVER[0]: Region mapping lookup took 0.000000 s
[13:54:06.385857] [WARNING] [pdc_server_region_cache.c:828] PDC_SERVER[0]: No region mapping found for obj_id 3000000000
[13:54:06.403426] [WARNING] [pdc_server_region_cache.c:834] PDC_SERVER[0]: Flushed region via POSIX I/O in 0.017566 s
[13:54:06.403436] [WARNING] [pdc_server_region_cache.c:850] PDC_SERVER[0]: [2026-10-07 13:54:06.403434] Flushed 16.00 / 16.00 MB to storage
[INFO] PDC_SERVER[0]: Region flush iteration took 0.017587 s
[INFO] PDC_SERVER[0]: Starting flush for obj_id 3000000000, ndim=3
[13:54:06.404242] [WARNING] [pdc_server_region_cache.c:823] PDC_SERVER[0]: Region mapping lookup took 0.000000 s
[13:54:06.404246] [WARNING] [pdc_server_region_cache.c:828] PDC_SERVER[0]: No region mapping found for obj_id 3000000000
[13:54:06.421778] [WARNING] [pdc_server_region_cache.c:834] PDC_SERVER[0]: Flushed region via POSIX I/O in 0.017526 s
[13:54:06.421787] [WARNING] [pdc_server_region_cache.c:850] PDC_SERVER[0]: [2026-10-07 13:54:06.421784] Flushed 16.00 / 16.00 MB to storage
[INFO] PDC_SERVER[0]: Region flush iteration took 0.017551 s
[INFO] PDC_SERVER[0]: Starting flush for obj_id 3000000000, ndim=3
[13:54:06.422650] [WARNING] [pdc_server_region_cache.c:823] PDC_SERVER[0]: Region mapping lookup took 0.000000 s
[13:54:06.422654] [WARNING] [pdc_server_region_cache.c:828] PDC_SERVER[0]: No region mapping found for obj_id 3000000000
[13:54:06.439866] [WARNING] [pdc_server_region_cache.c:834] PDC_SERVER[0]: Flushed region via POSIX I/O in 0.017205 s
[13:54:06.439875] [WARNING] [pdc_server_region_cache.c:850] PDC_SERVER[0]: [2026-10-07 13:54:06.439872] Flushed 16.00 / 16.00 MB to storage
[INFO] PDC_SERVER[0]: Region flush iteration took 0.017231 s
[INFO] PDC_SERVER[0]: Starting flush for obj_id 3000000000, ndim=3
[13:54:06.442877] [WARNING] [pdc_server_region_cache.c:823] PDC_SERVER[0]: Region mapping lookup took 0.000000 s
[13:54:06.442881] [WARNING] [pdc_server_region_cache.c:828] PDC_SERVER[0]: No region mapping found for obj_id 3000000000
[13:54:06.459853] [WARNING] [pdc_server_region_cache.c:834] PDC_SERVER[0]: Flushed region via POSIX I/O in 0.016969 s
[13:54:06.459862] [WARNING] [pdc_server_region_cache.c:850] PDC_SERVER[0]: [2026-10-07 13:54:06.459860] Flushed 16.00 / 16.00 MB to storage
[INFO] PDC_SERVER[0]: Region flush iteration took 0.016990 s
[INFO] PDC_SERVER[0]: Starting flush for obj_id 3000000000, ndim=3
[13:54:06.460731] [WARNING] [pdc_server_region_cache.c:823] PDC_SERVER[0]: Region mapping lookup took 0.000000 s
[13:54:06.460734] [WARNING] [pdc_server_region_cache.c:828] PDC_SERVER[0]: No region mapping found for obj_id 3000000000
[13:54:06.478378] [WARNING] [pdc_server_region_cache.c:834] PDC_SERVER[0]: Flushed region via POSIX I/O in 0.017641 s
[13:54:06.478387] [WARNING] [pdc_server_region_cache.c:850] PDC_SERVER[0]: [2026-10-07 13:54:06.478385] Flushed 16.00 / 16.00 MB to storage
[INFO] PDC_SERVER[0]: Region flush iteration took 0.017661 s
[INFO] PDC_SERVER[0]: Starting flush for obj_id 3000000000, ndim=3
[13:54:06.479198] [WARNING] [pdc_server_region_cache.c:823] PDC_SERVER[0]: Region mapping lookup took 0.000000 s
[13:54:06.479202] [WARNING] [pdc_server_region_cache.c:828] PDC_SERVER[0]: No region mapping found for obj_id 3000000000
[13:54:06.496855] [WARNING] [pdc_server_region_cache.c:834] PDC_SERVER[0]: Flushed region via POSIX I/O in 0.017647 s
[13:54:06.496863] [WARNING] [pdc_server_region_cache.c:850] PDC_SERVER[0]: [2026-10-07 13:54:06.496860] Flushed 16.00 / 16.00 MB to storage
[INFO] PDC_SERVER[0]: Region flush iteration took 0.017671 s
[INFO] PDC_SERVER[0]: Starting flush for obj_id 3000000000, ndim=3
[13:54:06.497728] [WARNING] [pdc_server_region_cache.c:823] PDC_SERVER[0]: Region mapping lookup took 0.000000 s
[13:54:06.497732] [WARNING] [pdc_server_region_cache.c:828] PDC_SERVER[0]: No region mapping found for obj_id 3000000000
[13:54:06.515021] [WARNING] [pdc_server_region_cache.c:834] PDC_SERVER[0]: Flushed region via POSIX I/O in 0.017283 s
[13:54:06.515029] [WARNING] [pdc_server_region_cache.c:850] PDC_SERVER[0]: [2026-10-07 13:54:06.515026] Flushed 16.00 / 16.00 MB to storage
[INFO] PDC_SERVER[0]: Region flush iteration took 0.017307 s
[INFO] PDC_SERVER[0]: Starting flush for obj_id 3000000000, ndim=3
[13:54:06.515828] [WARNING] [pdc_server_region_cache.c:823] PDC_SERVER[0]: Region mapping lookup took 0.000000 s
[13:54:06.515832] [WARNING] [pdc_server_region_cache.c:828] PDC_SERVER[0]: No region mapping found for obj_id 3000000000
[13:54:06.533432] [WARNING] [pdc_server_region_cache.c:834] PDC_SERVER[0]: Flushed region via POSIX I/O in 0.017587 s
[13:54:06.533448] [WARNING] [pdc_server_region_cache.c:850] PDC_SERVER[0]: [2026-10-07 13:54:06.533445] Flushed 16.00 / 16.00 MB to storage
[INFO] PDC_SERVER[0]: Region flush iteration took 0.017627 s
[INFO] PDC_SERVER[0]: Starting flush for obj_id 3000000000, ndim=3
[13:54:06.535211] [WARNING] [pdc_server_region_cache.c:823] PDC_SERVER[0]: Region mapping lookup took 0.000000 s
[13:54:06.535217] [WARNING] [pdc_server_region_cache.c:828] PDC_SERVER[0]: No region mapping found for obj_id 3000000000
[13:54:06.553091] [WARNING] [pdc_server_region_cache.c:834] PDC_SERVER[0]: Flushed region via POSIX I/O in 0.017867 s
[13:54:06.553100] [WARNING] [pdc_server_region_cache.c:850] PDC_SERVER[0]: [2026-10-07 13:54:06.553097] Flushed 16.00 / 16.00 MB to storage
[INFO] PDC_SERVER[0]: Region flush iteration took 0.017895 s
[INFO] PDC_SERVER[0]: Starting flush for obj_id 3000000000, ndim=3
[13:54:06.561015] [WARNING] [pdc_server_region_cache.c:823] PDC_SERVER[0]: Region mapping lookup took 0.000000 s
[13:54:06.561020] [WARNING] [pdc_server_region_cache.c:828] PDC_SERVER[0]: No region mapping found for obj_id 3000000000
[13:54:06.578504] [WARNING] [pdc_server_region_cache.c:834] PDC_SERVER[0]: Flushed region via POSIX I/O in 0.017479 s
[13:54:06.578513] [WARNING] [pdc_server_region_cache.c:850] PDC_SERVER[0]: [2026-10-07 13:54:06.578512] Flushed 16.00 / 16.00 MB to storage
[INFO] PDC_SERVER[0]: Region flush iteration took 0.017503 s
[INFO] PDC_SERVER[0]: Starting flush for obj_id 3000000000, ndim=3
[13:54:06.579402] [WARNING] [pdc_server_region_cache.c:823] PDC_SERVER[0]: Region mapping lookup took 0.000000 s
[13:54:06.579406] [WARNING] [pdc_server_region_cache.c:828] PDC_SERVER[0]: No region mapping found for obj_id 3000000000
[13:54:06.597156] [WARNING] [pdc_server_region_cache.c:834] PDC_SERVER[0]: Flushed region via POSIX I/O in 0.017747 s
[13:54:06.597167] [WARNING] [pdc_server_region_cache.c:850] PDC_SERVER[0]: [2026-10-07 13:54:06.597165] Flushed 16.00 / 16.00 MB to storage
[INFO] PDC_SERVER[0]: Region flush iteration took 0.017769 s
[INFO] PDC_SERVER[0]: Starting flush for obj_id 3000000000, ndim=3
[13:54:06.607133] [WARNING] [pdc_server_region_cache.c:823] PDC_SERVER[0]: Region mapping lookup took 0.000000 s
[13:54:06.607138] [WARNING] [pdc_server_region_cache.c:828] PDC_SERVER[0]: No region mapping found for obj_id 3000000000
[13:54:06.623756] [WARNING] [pdc_server_region_cache.c:834] PDC_SERVER[0]: Flushed region via POSIX I/O in 0.016615 s
[13:54:06.623767] [WARNING] [pdc_server_region_cache.c:850] PDC_SERVER[0]: [2026-10-07 13:54:06.623765] Flushed 16.00 / 16.00 MB to storage
[INFO] PDC_SERVER[0]: Region flush iteration took 0.016639 s
[INFO] PDC_SERVER[0]: Starting flush for obj_id 4000000000, ndim=3
[13:54:06.638058] [WARNING] [pdc_server_region_cache.c:823] PDC_SERVER[0]: Region mapping lookup took 0.000000 s
[13:54:06.638063] [WARNING] [pdc_server_region_cache.c:828] PDC_SERVER[0]: No region mapping found for obj_id 4000000000
[INFO] PDC_SERVER[0]: Executing graph with json filepath /pscratch/sd/n/nlewi26/src/work_space/source/pdc/tf_client/graphs/zfp_gpu.json
[13:54:06.897480] [WARNING] [pdc_tf_server.c:393] PDC_SERVER[0]: SCHED: setting CUDA device to 0 for edge 0 func=zfp_compress
[13:54:06.927710] [WARNING] [pdc_tf_server.c:393] PDC_SERVER[5]: SCHED: setting CUDA device to 0 for edge 0 func=zfp_compress
[13:54:06.938007] [WARNING] [pdc_tf_server.c:393] PDC_SERVER[7]: SCHED: setting CUDA device to 0 for edge 0 func=zfp_compress
[13:54:06.939254] [WARNING] [pdc_tf_server.c:393] PDC_SERVER[2]: SCHED: setting CUDA device to 0 for edge 0 func=zfp_compress
[13:54:06.947982] [WARNING] [pdc_tf_server.c:393] PDC_SERVER[1]: SCHED: setting CUDA device to 0 for edge 0 func=zfp_compress
[13:54:06.968686] [WARNING] [pdc_tf_server.c:393] PDC_SERVER[6]: SCHED: setting CUDA device to 0 for edge 0 func=zfp_compress
[13:54:06.985449] [WARNING] [pdc_tf_server.c:393] PDC_SERVER[3]: SCHED: setting CUDA device to 0 for edge 0 func=zfp_compress
[13:54:06.989802] [WARNING] [pdc_tf_server.c:393] PDC_SERVER[4]: SCHED: setting CUDA device to 0 for edge 0 func=zfp_compress
[13:54:07.270351] [WARNING] [pdc_tf_server.c:401] PDC_SERVER[0]: SCHED: executing edge 0 func=zfp_compress dev=GPU
[13:54:07.294557] [WARNING] [pdc_tf_server.c:401] PDC_SERVER[1]: SCHED: executing edge 0 func=zfp_compress dev=GPU
[13:54:07.324874] [WARNING] [pdc_tf_server.c:475] PDC_SERVER[0]: SCHED: done running transformations
[13:54:07.340392] [WARNING] [pdc_tf_server.c:475] PDC_SERVER[1]: SCHED: done running transformations
[13:54:07.367088] [WARNING] [pdc_server_region_cache.c:834] PDC_SERVER[0]: Flushed region via POSIX I/O in 0.729016 s
[13:54:07.367117] [WARNING] [pdc_server_region_cache.c:850] PDC_SERVER[0]: [2026-10-07 13:54:07.367114] Flushed 16.00 / 16.00 MB to storage
[INFO] PDC_SERVER[0]: Region flush iteration took 0.729070 s
[INFO] PDC_SERVER[0]: Starting flush for obj_id 4000000000, ndim=3
[13:54:07.368574] [WARNING] [pdc_server_region_cache.c:823] PDC_SERVER[0]: Region mapping lookup took 0.000001 s
[13:54:07.368581] [WARNING] [pdc_server_region_cache.c:828] PDC_SERVER[0]: No region mapping found for obj_id 4000000000
[13:54:07.375222] [WARNING] [pdc_tf_server.c:401] PDC_SERVER[2]: SCHED: executing edge 0 func=zfp_compress dev=GPU
[13:54:07.375399] [WARNING] [pdc_tf_server.c:401] PDC_SERVER[3]: SCHED: executing edge 0 func=zfp_compress dev=GPU
[13:54:07.380915] [WARNING] [pdc_tf_server.c:401] PDC_SERVER[5]: SCHED: executing edge 0 func=zfp_compress dev=GPU
[13:54:07.408674] [WARNING] [pdc_tf_server.c:475] PDC_SERVER[2]: SCHED: done running transformations
[13:54:07.408777] [WARNING] [pdc_tf_server.c:475] PDC_SERVER[3]: SCHED: done running transformations
[13:54:07.410001] [WARNING] [pdc_tf_server.c:475] PDC_SERVER[5]: SCHED: done running transformations
[13:54:07.414895] [WARNING] [pdc_tf_server.c:401] PDC_SERVER[6]: SCHED: executing edge 0 func=zfp_compress dev=GPU
[13:54:07.416977] [WARNING] [pdc_tf_server.c:401] PDC_SERVER[4]: SCHED: executing edge 0 func=zfp_compress dev=GPU
[13:54:07.419042] [WARNING] [pdc_tf_server.c:401] PDC_SERVER[7]: SCHED: executing edge 0 func=zfp_compress dev=GPU
[13:54:07.443394] [WARNING] [pdc_tf_server.c:475] PDC_SERVER[4]: SCHED: done running transformations
[13:54:07.444292] [WARNING] [pdc_tf_server.c:475] PDC_SERVER[6]: SCHED: done running transformations
[13:54:07.445622] [WARNING] [pdc_tf_server.c:475] PDC_SERVER[7]: SCHED: done running transformations
[INFO] PDC_SERVER[0]: Executing graph with json filepath /pscratch/sd/n/nlewi26/src/work_space/source/pdc/tf_client/graphs/zfp_gpu.json
[13:54:07.638229] [WARNING] [pdc_tf_server.c:393] PDC_SERVER[0]: SCHED: setting CUDA device to 0 for edge 0 func=zfp_compress
[13:54:07.638244] [WARNING] [pdc_tf_server.c:401] PDC_SERVER[0]: SCHED: executing edge 0 func=zfp_compress dev=GPU
[13:54:07.649048] [WARNING] [pdc_tf_server.c:475] PDC_SERVER[0]: SCHED: done running transformations
[13:54:07.672280] [WARNING] [pdc_tf_server.c:393] PDC_SERVER[1]: SCHED: setting CUDA device to 0 for edge 0 func=zfp_compress
[13:54:07.672318] [WARNING] [pdc_tf_server.c:401] PDC_SERVER[1]: SCHED: executing edge 0 func=zfp_compress dev=GPU
[13:54:07.683451] [WARNING] [pdc_server_region_cache.c:834] PDC_SERVER[0]: Flushed region via POSIX I/O in 0.314856 s
[13:54:07.683471] [WARNING] [pdc_server_region_cache.c:850] PDC_SERVER[0]: [2026-10-07 13:54:07.683467] Flushed 16.00 / 16.00 MB to storage
[INFO] PDC_SERVER[0]: Region flush iteration took 0.314905 s
[INFO] PDC_SERVER[0]: Starting flush for obj_id 4000000000, ndim=3
[13:54:07.684839] [WARNING] [pdc_server_region_cache.c:823] PDC_SERVER[0]: Region mapping lookup took 0.000001 s
[13:54:07.684847] [WARNING] [pdc_server_region_cache.c:828] PDC_SERVER[0]: No region mapping found for obj_id 4000000000
[13:54:07.691539] [WARNING] [pdc_tf_server.c:475] PDC_SERVER[1]: SCHED: done running transformations
[13:54:07.703315] [WARNING] [pdc_tf_server.c:393] PDC_SERVER[5]: SCHED: setting CUDA device to 0 for edge 0 func=zfp_compress
[13:54:07.703344] [WARNING] [pdc_tf_server.c:401] PDC_SERVER[5]: SCHED: executing edge 0 func=zfp_compress dev=GPU
[13:54:07.718945] [WARNING] [pdc_tf_server.c:475] PDC_SERVER[5]: SCHED: done running transformations
[13:54:07.726035] [WARNING] [pdc_tf_server.c:393] PDC_SERVER[2]: SCHED: setting CUDA device to 0 for edge 0 func=zfp_compress
[13:54:07.726065] [WARNING] [pdc_tf_server.c:401] PDC_SERVER[2]: SCHED: executing edge 0 func=zfp_compress dev=GPU
[13:54:07.734164] [WARNING] [pdc_tf_server.c:393] PDC_SERVER[7]: SCHED: setting CUDA device to 0 for edge 0 func=zfp_compress
[13:54:07.734191] [WARNING] [pdc_tf_server.c:401] PDC_SERVER[7]: SCHED: executing edge 0 func=zfp_compress dev=GPU
[13:54:07.743268] [WARNING] [pdc_tf_server.c:475] PDC_SERVER[7]: SCHED: done running transformations
[13:54:07.743404] [WARNING] [pdc_tf_server.c:475] PDC_SERVER[2]: SCHED: done running transformations
[13:54:07.747539] [WARNING] [pdc_tf_server.c:393] PDC_SERVER[3]: SCHED: setting CUDA device to 0 for edge 0 func=zfp_compress
[13:54:07.747598] [WARNING] [pdc_tf_server.c:401] PDC_SERVER[3]: SCHED: executing edge 0 func=zfp_compress dev=GPU
[13:54:07.749404] [WARNING] [pdc_tf_server.c:393] PDC_SERVER[4]: SCHED: setting CUDA device to 0 for edge 0 func=zfp_compress
[13:54:07.749432] [WARNING] [pdc_tf_server.c:401] PDC_SERVER[4]: SCHED: executing edge 0 func=zfp_compress dev=GPU
[13:54:07.756986] [WARNING] [pdc_tf_server.c:393] PDC_SERVER[6]: SCHED: setting CUDA device to 0 for edge 0 func=zfp_compress
[13:54:07.757024] [WARNING] [pdc_tf_server.c:401] PDC_SERVER[6]: SCHED: executing edge 0 func=zfp_compress dev=GPU
[13:54:07.767103] [WARNING] [pdc_tf_server.c:475] PDC_SERVER[4]: SCHED: done running transformations
[13:54:07.769013] [WARNING] [pdc_tf_server.c:475] PDC_SERVER[3]: SCHED: done running transformations
[13:54:07.772830] [WARNING] [pdc_tf_server.c:475] PDC_SERVER[6]: SCHED: done running transformations
[INFO] PDC_SERVER[0]: Executing graph with json filepath /pscratch/sd/n/nlewi26/src/work_space/source/pdc/tf_client/graphs/zfp_gpu.json
[13:54:07.927660] [WARNING] [pdc_tf_server.c:393] PDC_SERVER[0]: SCHED: setting CUDA device to 0 for edge 0 func=zfp_compress
[13:54:07.927676] [WARNING] [pdc_tf_server.c:401] PDC_SERVER[0]: SCHED: executing edge 0 func=zfp_compress dev=GPU
[13:54:07.935440] [WARNING] [pdc_tf_server.c:475] PDC_SERVER[0]: SCHED: done running transformations
[13:54:07.969531] [WARNING] [pdc_server_region_cache.c:834] PDC_SERVER[0]: Flushed region via POSIX I/O in 0.284670 s
[13:54:07.969548] [WARNING] [pdc_server_region_cache.c:850] PDC_SERVER[0]: [2026-10-07 13:54:07.969545] Flushed 16.00 / 16.00 MB to storage
[INFO] PDC_SERVER[0]: Region flush iteration took 0.284718 s
[INFO] PDC_SERVER[0]: Starting flush for obj_id 4000000000, ndim=3
[13:54:07.972908] [WARNING] [pdc_server_region_cache.c:823] PDC_SERVER[0]: Region mapping lookup took 0.000000 s
[13:54:07.972914] [WARNING] [pdc_server_region_cache.c:828] PDC_SERVER[0]: No region mapping found for obj_id 4000000000
[13:54:07.980929] [WARNING] [pdc_tf_server.c:393] PDC_SERVER[1]: SCHED: setting CUDA device to 0 for edge 0 func=zfp_compress
[13:54:07.980961] [WARNING] [pdc_tf_server.c:401] PDC_SERVER[1]: SCHED: executing edge 0 func=zfp_compress dev=GPU
[13:54:07.990158] [WARNING] [pdc_tf_server.c:475] PDC_SERVER[1]: SCHED: done running transformations
[13:54:08.001842] [WARNING] [pdc_tf_server.c:393] PDC_SERVER[5]: SCHED: setting CUDA device to 0 for edge 0 func=zfp_compress
[13:54:08.001870] [WARNING] [pdc_tf_server.c:401] PDC_SERVER[5]: SCHED: executing edge 0 func=zfp_compress dev=GPU
[13:54:08.010158] [WARNING] [pdc_tf_server.c:475] PDC_SERVER[5]: SCHED: done running transformations
[13:54:08.023401] [WARNING] [pdc_tf_server.c:393] PDC_SERVER[7]: SCHED: setting CUDA device to 0 for edge 0 func=zfp_compress
[13:54:08.023427] [WARNING] [pdc_tf_server.c:401] PDC_SERVER[7]: SCHED: executing edge 0 func=zfp_compress dev=GPU
[13:54:08.037969] [WARNING] [pdc_tf_server.c:475] PDC_SERVER[7]: SCHED: done running transformations
[13:54:08.048009] [WARNING] [pdc_tf_server.c:393] PDC_SERVER[2]: SCHED: setting CUDA device to 0 for edge 0 func=zfp_compress
[13:54:08.048040] [WARNING] [pdc_tf_server.c:401] PDC_SERVER[2]: SCHED: executing edge 0 func=zfp_compress dev=GPU
[13:54:08.055925] [WARNING] [pdc_tf_server.c:475] PDC_SERVER[2]: SCHED: done running transformations
[13:54:08.065811] [WARNING] [pdc_tf_server.c:393] PDC_SERVER[3]: SCHED: setting CUDA device to 0 for edge 0 func=zfp_compress
[13:54:08.065841] [WARNING] [pdc_tf_server.c:401] PDC_SERVER[3]: SCHED: executing edge 0 func=zfp_compress dev=GPU
[13:54:08.069257] [WARNING] [pdc_tf_server.c:393] PDC_SERVER[4]: SCHED: setting CUDA device to 0 for edge 0 func=zfp_compress
[13:54:08.069287] [WARNING] [pdc_tf_server.c:401] PDC_SERVER[4]: SCHED: executing edge 0 func=zfp_compress dev=GPU
[13:54:08.070928] [WARNING] [pdc_tf_server.c:393] PDC_SERVER[6]: SCHED: setting CUDA device to 0 for edge 0 func=zfp_compress
[13:54:08.070955] [WARNING] [pdc_tf_server.c:401] PDC_SERVER[6]: SCHED: executing edge 0 func=zfp_compress dev=GPU
[13:54:08.073070] [WARNING] [pdc_tf_server.c:475] PDC_SERVER[3]: SCHED: done running transformations
[13:54:08.077925] [WARNING] [pdc_tf_server.c:475] PDC_SERVER[4]: SCHED: done running transformations
[13:54:08.079871] [WARNING] [pdc_tf_server.c:475] PDC_SERVER[6]: SCHED: done running transformations
[INFO] PDC_SERVER[0]: Executing graph with json filepath /pscratch/sd/n/nlewi26/src/work_space/source/pdc/tf_client/graphs/zfp_gpu.json
[13:54:08.223546] [WARNING] [pdc_tf_server.c:393] PDC_SERVER[0]: SCHED: setting CUDA device to 0 for edge 0 func=zfp_compress
[13:54:08.223561] [WARNING] [pdc_tf_server.c:401] PDC_SERVER[0]: SCHED: executing edge 0 func=zfp_compress dev=GPU
[13:54:08.231367] [WARNING] [pdc_tf_server.c:475] PDC_SERVER[0]: SCHED: done running transformations
[13:54:08.266892] [WARNING] [pdc_server_region_cache.c:834] PDC_SERVER[0]: Flushed region via POSIX I/O in 0.293969 s
[13:54:08.266906] [WARNING] [pdc_server_region_cache.c:850] PDC_SERVER[0]: [2026-10-07 13:54:08.266902] Flushed 16.00 / 16.00 MB to storage
[INFO] PDC_SERVER[0]: Region flush iteration took 0.294004 s
[INFO] PDC_SERVER[0]: Starting flush for obj_id 4000000000, ndim=3
[13:54:08.268525] [WARNING] [pdc_server_region_cache.c:823] PDC_SERVER[0]: Region mapping lookup took 0.000000 s
[13:54:08.268529] [WARNING] [pdc_server_region_cache.c:828] PDC_SERVER[0]: No region mapping found for obj_id 4000000000
[13:54:08.276802] [WARNING] [pdc_tf_server.c:393] PDC_SERVER[1]: SCHED: setting CUDA device to 0 for edge 0 func=zfp_compress
[13:54:08.276829] [WARNING] [pdc_tf_server.c:401] PDC_SERVER[1]: SCHED: executing edge 0 func=zfp_compress dev=GPU
[13:54:08.286484] [WARNING] [pdc_tf_server.c:475] PDC_SERVER[1]: SCHED: done running transformations
[13:54:08.300377] [WARNING] [pdc_tf_server.c:393] PDC_SERVER[5]: SCHED: setting CUDA device to 0 for edge 0 func=zfp_compress
[13:54:08.300424] [WARNING] [pdc_tf_server.c:401] PDC_SERVER[5]: SCHED: executing edge 0 func=zfp_compress dev=GPU
[13:54:08.309578] [WARNING] [pdc_tf_server.c:475] PDC_SERVER[5]: SCHED: done running transformations
[13:54:08.320115] [WARNING] [pdc_tf_server.c:393] PDC_SERVER[7]: SCHED: setting CUDA device to 0 for edge 0 func=zfp_compress
[13:54:08.320144] [WARNING] [pdc_tf_server.c:401] PDC_SERVER[7]: SCHED: executing edge 0 func=zfp_compress dev=GPU
[13:54:08.336781] [WARNING] [pdc_tf_server.c:475] PDC_SERVER[7]: SCHED: done running transformations
[13:54:08.364012] [WARNING] [pdc_tf_server.c:393] PDC_SERVER[2]: SCHED: setting CUDA device to 0 for edge 0 func=zfp_compress
[13:54:08.364045] [WARNING] [pdc_tf_server.c:401] PDC_SERVER[2]: SCHED: executing edge 0 func=zfp_compress dev=GPU
[13:54:08.371068] [WARNING] [pdc_tf_server.c:393] PDC_SERVER[4]: SCHED: setting CUDA device to 0 for edge 0 func=zfp_compress
[13:54:08.371095] [WARNING] [pdc_tf_server.c:401] PDC_SERVER[4]: SCHED: executing edge 0 func=zfp_compress dev=GPU
[13:54:08.371939] [WARNING] [pdc_tf_server.c:475] PDC_SERVER[2]: SCHED: done running transformations
[13:54:08.377605] [WARNING] [pdc_tf_server.c:393] PDC_SERVER[6]: SCHED: setting CUDA device to 0 for edge 0 func=zfp_compress
[13:54:08.377632] [WARNING] [pdc_tf_server.c:401] PDC_SERVER[6]: SCHED: executing edge 0 func=zfp_compress dev=GPU
[13:54:08.379591] [WARNING] [pdc_tf_server.c:475] PDC_SERVER[4]: SCHED: done running transformations
[13:54:08.384211] [WARNING] [pdc_tf_server.c:393] PDC_SERVER[3]: SCHED: setting CUDA device to 0 for edge 0 func=zfp_compress
[13:54:08.384241] [WARNING] [pdc_tf_server.c:401] PDC_SERVER[3]: SCHED: executing edge 0 func=zfp_compress dev=GPU
[13:54:08.391464] [WARNING] [pdc_tf_server.c:475] PDC_SERVER[3]: SCHED: done running transformations
[13:54:08.397629] [WARNING] [pdc_tf_server.c:475] PDC_SERVER[6]: SCHED: done running transformations
[INFO] PDC_SERVER[0]: Executing graph with json filepath /pscratch/sd/n/nlewi26/src/work_space/source/pdc/tf_client/graphs/zfp_gpu.json
[13:54:08.520381] [WARNING] [pdc_tf_server.c:393] PDC_SERVER[0]: SCHED: setting CUDA device to 0 for edge 0 func=zfp_compress
[13:54:08.520396] [WARNING] [pdc_tf_server.c:401] PDC_SERVER[0]: SCHED: executing edge 0 func=zfp_compress dev=GPU
[13:54:08.534620] [WARNING] [pdc_tf_server.c:475] PDC_SERVER[0]: SCHED: done running transformations
[13:54:08.570357] [WARNING] [pdc_server_region_cache.c:834] PDC_SERVER[0]: Flushed region via POSIX I/O in 0.301817 s
[13:54:08.570375] [WARNING] [pdc_server_region_cache.c:850] PDC_SERVER[0]: [2026-10-07 13:54:08.570371] Flushed 16.00 / 16.00 MB to storage
[INFO] PDC_SERVER[0]: Region flush iteration took 0.301859 s
[INFO] PDC_SERVER[0]: Starting flush for obj_id 4000000000, ndim=3
[13:54:08.572010] [WARNING] [pdc_server_region_cache.c:823] PDC_SERVER[0]: Region mapping lookup took 0.000000 s
[13:54:08.572015] [WARNING] [pdc_server_region_cache.c:828] PDC_SERVER[0]: No region mapping found for obj_id 4000000000
[13:54:08.582796] [WARNING] [pdc_tf_server.c:393] PDC_SERVER[1]: SCHED: setting CUDA device to 0 for edge 0 func=zfp_compress
[13:54:08.582833] [WARNING] [pdc_tf_server.c:401] PDC_SERVER[1]: SCHED: executing edge 0 func=zfp_compress dev=GPU
[13:54:08.591184] [WARNING] [pdc_tf_server.c:475] PDC_SERVER[1]: SCHED: done running transformations
[13:54:08.606040] [WARNING] [pdc_tf_server.c:393] PDC_SERVER[5]: SCHED: setting CUDA device to 0 for edge 0 func=zfp_compress
[13:54:08.606103] [WARNING] [pdc_tf_server.c:401] PDC_SERVER[5]: SCHED: executing edge 0 func=zfp_compress dev=GPU
[13:54:08.615571] [WARNING] [pdc_tf_server.c:393] PDC_SERVER[7]: SCHED: setting CUDA device to 0 for edge 0 func=zfp_compress
[13:54:08.615599] [WARNING] [pdc_tf_server.c:401] PDC_SERVER[7]: SCHED: executing edge 0 func=zfp_compress dev=GPU
[13:54:08.623825] [WARNING] [pdc_tf_server.c:475] PDC_SERVER[7]: SCHED: done running transformations
[13:54:08.627769] [WARNING] [pdc_tf_server.c:475] PDC_SERVER[5]: SCHED: done running transformations
[13:54:08.678759] [WARNING] [pdc_tf_server.c:393] PDC_SERVER[2]: SCHED: setting CUDA device to 0 for edge 0 func=zfp_compress
[13:54:08.678787] [WARNING] [pdc_tf_server.c:401] PDC_SERVER[2]: SCHED: executing edge 0 func=zfp_compress dev=GPU
[13:54:08.685928] [WARNING] [pdc_tf_server.c:393] PDC_SERVER[4]: SCHED: setting CUDA device to 0 for edge 0 func=zfp_compress
[13:54:08.685964] [WARNING] [pdc_tf_server.c:401] PDC_SERVER[4]: SCHED: executing edge 0 func=zfp_compress dev=GPU
[13:54:08.690109] [WARNING] [pdc_tf_server.c:393] PDC_SERVER[3]: SCHED: setting CUDA device to 0 for edge 0 func=zfp_compress
[13:54:08.690137] [WARNING] [pdc_tf_server.c:401] PDC_SERVER[3]: SCHED: executing edge 0 func=zfp_compress dev=GPU
[13:54:08.694409] [WARNING] [pdc_tf_server.c:475] PDC_SERVER[4]: SCHED: done running transformations
[13:54:08.696705] [WARNING] [pdc_tf_server.c:475] PDC_SERVER[2]: SCHED: done running transformations
[13:54:08.699962] [WARNING] [pdc_tf_server.c:393] PDC_SERVER[6]: SCHED: setting CUDA device to 0 for edge 0 func=zfp_compress
[13:54:08.700000] [WARNING] [pdc_tf_server.c:401] PDC_SERVER[6]: SCHED: executing edge 0 func=zfp_compress dev=GPU
[13:54:08.708440] [WARNING] [pdc_tf_server.c:475] PDC_SERVER[3]: SCHED: done running transformations
[13:54:08.709298] [WARNING] [pdc_tf_server.c:475] PDC_SERVER[6]: SCHED: done running transformations
[INFO] PDC_SERVER[0]: Executing graph with json filepath /pscratch/sd/n/nlewi26/src/work_space/source/pdc/tf_client/graphs/zfp_gpu.json
[13:54:08.830421] [WARNING] [pdc_tf_server.c:393] PDC_SERVER[0]: SCHED: setting CUDA device to 0 for edge 0 func=zfp_compress
[13:54:08.830437] [WARNING] [pdc_tf_server.c:401] PDC_SERVER[0]: SCHED: executing edge 0 func=zfp_compress dev=GPU
[13:54:08.838477] [WARNING] [pdc_tf_server.c:475] PDC_SERVER[0]: SCHED: done running transformations
[13:54:08.873747] [WARNING] [pdc_server_region_cache.c:834] PDC_SERVER[0]: Flushed region via POSIX I/O in 0.301723 s
[13:54:08.873762] [WARNING] [pdc_server_region_cache.c:850] PDC_SERVER[0]: [2026-10-07 13:54:08.873758] Flushed 16.00 / 16.00 MB to storage
[INFO] PDC_SERVER[0]: Region flush iteration took 0.301760 s
[INFO] PDC_SERVER[0]: Starting flush for obj_id 4000000000, ndim=3
[13:54:08.875362] [WARNING] [pdc_server_region_cache.c:823] PDC_SERVER[0]: Region mapping lookup took 0.000001 s
[13:54:08.875367] [WARNING] [pdc_server_region_cache.c:828] PDC_SERVER[0]: No region mapping found for obj_id 4000000000
[13:54:08.884207] [WARNING] [pdc_tf_server.c:393] PDC_SERVER[1]: SCHED: setting CUDA device to 0 for edge 0 func=zfp_compress
[13:54:08.884237] [WARNING] [pdc_tf_server.c:401] PDC_SERVER[1]: SCHED: executing edge 0 func=zfp_compress dev=GPU
[13:54:08.901255] [WARNING] [pdc_tf_server.c:475] PDC_SERVER[1]: SCHED: done running transformations
[13:54:08.903049] [WARNING] [pdc_tf_server.c:393] PDC_SERVER[7]: SCHED: setting CUDA device to 0 for edge 0 func=zfp_compress
[13:54:08.903077] [WARNING] [pdc_tf_server.c:401] PDC_SERVER[7]: SCHED: executing edge 0 func=zfp_compress dev=GPU
[13:54:08.911955] [WARNING] [pdc_tf_server.c:475] PDC_SERVER[7]: SCHED: done running transformations
[13:54:08.916629] [WARNING] [pdc_tf_server.c:393] PDC_SERVER[5]: SCHED: setting CUDA device to 0 for edge 0 func=zfp_compress
[13:54:08.916656] [WARNING] [pdc_tf_server.c:401] PDC_SERVER[5]: SCHED: executing edge 0 func=zfp_compress dev=GPU
[13:54:08.925929] [WARNING] [pdc_tf_server.c:475] PDC_SERVER[5]: SCHED: done running transformations
[13:54:09.002325] [WARNING] [pdc_tf_server.c:393] PDC_SERVER[2]: SCHED: setting CUDA device to 0 for edge 0 func=zfp_compress
[13:54:09.002353] [WARNING] [pdc_tf_server.c:401] PDC_SERVER[2]: SCHED: executing edge 0 func=zfp_compress dev=GPU
[13:54:09.004862] [WARNING] [pdc_tf_server.c:393] PDC_SERVER[3]: SCHED: setting CUDA device to 0 for edge 0 func=zfp_compress
[13:54:09.004892] [WARNING] [pdc_tf_server.c:401] PDC_SERVER[3]: SCHED: executing edge 0 func=zfp_compress dev=GPU
[13:54:09.005114] [WARNING] [pdc_tf_server.c:393] PDC_SERVER[4]: SCHED: setting CUDA device to 0 for edge 0 func=zfp_compress
[13:54:09.005143] [WARNING] [pdc_tf_server.c:401] PDC_SERVER[4]: SCHED: executing edge 0 func=zfp_compress dev=GPU
[13:54:09.010779] [WARNING] [pdc_tf_server.c:475] PDC_SERVER[2]: SCHED: done running transformations
[13:54:09.013122] [WARNING] [pdc_tf_server.c:475] PDC_SERVER[3]: SCHED: done running transformations
[13:54:09.013622] [WARNING] [pdc_tf_server.c:393] PDC_SERVER[6]: SCHED: setting CUDA device to 0 for edge 0 func=zfp_compress
[13:54:09.013651] [WARNING] [pdc_tf_server.c:401] PDC_SERVER[6]: SCHED: executing edge 0 func=zfp_compress dev=GPU
[13:54:09.022192] [WARNING] [pdc_tf_server.c:475] PDC_SERVER[6]: SCHED: done running transformations
[13:54:09.025741] [WARNING] [pdc_tf_server.c:475] PDC_SERVER[4]: SCHED: done running transformations
[INFO] PDC_SERVER[0]: Executing graph with json filepath /pscratch/sd/n/nlewi26/src/work_space/source/pdc/tf_client/graphs/zfp_gpu.json
[13:54:09.142004] [WARNING] [pdc_tf_server.c:393] PDC_SERVER[0]: SCHED: setting CUDA device to 0 for edge 0 func=zfp_compress
[13:54:09.142019] [WARNING] [pdc_tf_server.c:401] PDC_SERVER[0]: SCHED: executing edge 0 func=zfp_compress dev=GPU
[13:54:09.149897] [WARNING] [pdc_tf_server.c:475] PDC_SERVER[0]: SCHED: done running transformations
[13:54:09.185088] [WARNING] [pdc_server_region_cache.c:834] PDC_SERVER[0]: Flushed region via POSIX I/O in 0.309710 s
[13:54:09.185104] [WARNING] [pdc_server_region_cache.c:850] PDC_SERVER[0]: [2026-10-07 13:54:09.185101] Flushed 16.00 / 16.00 MB to storage
[INFO] PDC_SERVER[0]: Region flush iteration took 0.309751 s
[INFO] PDC_SERVER[0]: Starting flush for obj_id 4000000000, ndim=3
[13:54:09.188717] [WARNING] [pdc_server_region_cache.c:823] PDC_SERVER[0]: Region mapping lookup took 0.000000 s
[13:54:09.188722] [WARNING] [pdc_server_region_cache.c:828] PDC_SERVER[0]: No region mapping found for obj_id 4000000000
[13:54:09.195727] [WARNING] [pdc_tf_server.c:393] PDC_SERVER[7]: SCHED: setting CUDA device to 0 for edge 0 func=zfp_compress
[13:54:09.195755] [WARNING] [pdc_tf_server.c:401] PDC_SERVER[7]: SCHED: executing edge 0 func=zfp_compress dev=GPU
[13:54:09.196930] [WARNING] [pdc_tf_server.c:393] PDC_SERVER[1]: SCHED: setting CUDA device to 0 for edge 0 func=zfp_compress
[13:54:09.196961] [WARNING] [pdc_tf_server.c:401] PDC_SERVER[1]: SCHED: executing edge 0 func=zfp_compress dev=GPU
[13:54:09.205298] [WARNING] [pdc_tf_server.c:475] PDC_SERVER[1]: SCHED: done running transformations
[13:54:09.214673] [WARNING] [pdc_tf_server.c:475] PDC_SERVER[7]: SCHED: done running transformations
[13:54:09.214818] [WARNING] [pdc_tf_server.c:393] PDC_SERVER[5]: SCHED: setting CUDA device to 0 for edge 0 func=zfp_compress
[13:54:09.214847] [WARNING] [pdc_tf_server.c:401] PDC_SERVER[5]: SCHED: executing edge 0 func=zfp_compress dev=GPU
[13:54:09.223829] [WARNING] [pdc_tf_server.c:475] PDC_SERVER[5]: SCHED: done running transformations
[13:54:09.314743] [WARNING] [pdc_tf_server.c:393] PDC_SERVER[3]: SCHED: setting CUDA device to 0 for edge 0 func=zfp_compress
[13:54:09.314768] [WARNING] [pdc_tf_server.c:401] PDC_SERVER[3]: SCHED: executing edge 0 func=zfp_compress dev=GPU
[13:54:09.320320] [WARNING] [pdc_tf_server.c:393] PDC_SERVER[2]: SCHED: setting CUDA device to 0 for edge 0 func=zfp_compress
[13:54:09.320348] [WARNING] [pdc_tf_server.c:401] PDC_SERVER[2]: SCHED: executing edge 0 func=zfp_compress dev=GPU
[13:54:09.323905] [WARNING] [pdc_tf_server.c:475] PDC_SERVER[3]: SCHED: done running transformations
[13:54:09.328535] [WARNING] [pdc_tf_server.c:475] PDC_SERVER[2]: SCHED: done running transformations
[13:54:09.330845] [WARNING] [pdc_tf_server.c:393] PDC_SERVER[6]: SCHED: setting CUDA device to 0 for edge 0 func=zfp_compress
[13:54:09.330870] [WARNING] [pdc_tf_server.c:401] PDC_SERVER[6]: SCHED: executing edge 0 func=zfp_compress dev=GPU
[13:54:09.331567] [WARNING] [pdc_tf_server.c:393] PDC_SERVER[4]: SCHED: setting CUDA device to 0 for edge 0 func=zfp_compress
[13:54:09.331594] [WARNING] [pdc_tf_server.c:401] PDC_SERVER[4]: SCHED: executing edge 0 func=zfp_compress dev=GPU
[13:54:09.340166] [WARNING] [pdc_tf_server.c:475] PDC_SERVER[6]: SCHED: done running transformations
[13:54:09.340669] [WARNING] [pdc_tf_server.c:475] PDC_SERVER[4]: SCHED: done running transformations
[INFO] PDC_SERVER[0]: Executing graph with json filepath /pscratch/sd/n/nlewi26/src/work_space/source/pdc/tf_client/graphs/zfp_gpu.json
[13:54:09.441337] [WARNING] [pdc_tf_server.c:393] PDC_SERVER[0]: SCHED: setting CUDA device to 0 for edge 0 func=zfp_compress
[13:54:09.441352] [WARNING] [pdc_tf_server.c:401] PDC_SERVER[0]: SCHED: executing edge 0 func=zfp_compress dev=GPU
[13:54:09.449357] [WARNING] [pdc_tf_server.c:475] PDC_SERVER[0]: SCHED: done running transformations
[13:54:09.485000] [WARNING] [pdc_server_region_cache.c:834] PDC_SERVER[0]: Flushed region via POSIX I/O in 0.296268 s
[13:54:09.485019] [WARNING] [pdc_server_region_cache.c:850] PDC_SERVER[0]: [2026-10-07 13:54:09.485009] Flushed 16.00 / 16.00 MB to storage
[INFO] PDC_SERVER[0]: Region flush iteration took 0.296310 s
[INFO] PDC_SERVER[0]: Starting flush for obj_id 4000000000, ndim=3
[13:54:09.486609] [WARNING] [pdc_server_region_cache.c:823] PDC_SERVER[0]: Region mapping lookup took 0.000000 s
[13:54:09.486613] [WARNING] [pdc_server_region_cache.c:828] PDC_SERVER[0]: No region mapping found for obj_id 4000000000
[13:54:09.493415] [WARNING] [pdc_tf_server.c:393] PDC_SERVER[7]: SCHED: setting CUDA device to 0 for edge 0 func=zfp_compress
[13:54:09.493443] [WARNING] [pdc_tf_server.c:401] PDC_SERVER[7]: SCHED: executing edge 0 func=zfp_compress dev=GPU
[13:54:09.500589] [WARNING] [pdc_tf_server.c:393] PDC_SERVER[1]: SCHED: setting CUDA device to 0 for edge 0 func=zfp_compress
[13:54:09.500614] [WARNING] [pdc_tf_server.c:401] PDC_SERVER[1]: SCHED: executing edge 0 func=zfp_compress dev=GPU
[13:54:09.502622] [WARNING] [pdc_tf_server.c:475] PDC_SERVER[7]: SCHED: done running transformations
[13:54:09.508848] [WARNING] [pdc_tf_server.c:475] PDC_SERVER[1]: SCHED: done running transformations
[13:54:09.512308] [WARNING] [pdc_tf_server.c:393] PDC_SERVER[5]: SCHED: setting CUDA device to 0 for edge 0 func=zfp_compress
[13:54:09.512335] [WARNING] [pdc_tf_server.c:401] PDC_SERVER[5]: SCHED: executing edge 0 func=zfp_compress dev=GPU
[13:54:09.531769] [WARNING] [pdc_tf_server.c:475] PDC_SERVER[5]: SCHED: done running transformations
[13:54:09.623098] [WARNING] [pdc_tf_server.c:393] PDC_SERVER[3]: SCHED: setting CUDA device to 0 for edge 0 func=zfp_compress
[13:54:09.623125] [WARNING] [pdc_tf_server.c:401] PDC_SERVER[3]: SCHED: executing edge 0 func=zfp_compress dev=GPU
[13:54:09.631252] [WARNING] [pdc_tf_server.c:475] PDC_SERVER[3]: SCHED: done running transformations
[13:54:09.634161] [WARNING] [pdc_tf_server.c:393] PDC_SERVER[2]: SCHED: setting CUDA device to 0 for edge 0 func=zfp_compress
[13:54:09.634188] [WARNING] [pdc_tf_server.c:401] PDC_SERVER[2]: SCHED: executing edge 0 func=zfp_compress dev=GPU
[13:54:09.643498] [WARNING] [pdc_tf_server.c:475] PDC_SERVER[2]: SCHED: done running transformations
[13:54:09.649161] [WARNING] [pdc_tf_server.c:393] PDC_SERVER[4]: SCHED: setting CUDA device to 0 for edge 0 func=zfp_compress
[13:54:09.649190] [WARNING] [pdc_tf_server.c:401] PDC_SERVER[4]: SCHED: executing edge 0 func=zfp_compress dev=GPU
[13:54:09.652477] [WARNING] [pdc_tf_server.c:393] PDC_SERVER[6]: SCHED: setting CUDA device to 0 for edge 0 func=zfp_compress
[13:54:09.652507] [WARNING] [pdc_tf_server.c:401] PDC_SERVER[6]: SCHED: executing edge 0 func=zfp_compress dev=GPU
[13:54:09.657829] [WARNING] [pdc_tf_server.c:475] PDC_SERVER[4]: SCHED: done running transformations
[13:54:09.669417] [WARNING] [pdc_tf_server.c:475] PDC_SERVER[6]: SCHED: done running transformations
[INFO] PDC_SERVER[0]: Executing graph with json filepath /pscratch/sd/n/nlewi26/src/work_space/source/pdc/tf_client/graphs/zfp_gpu.json
[13:54:09.737001] [WARNING] [pdc_tf_server.c:393] PDC_SERVER[0]: SCHED: setting CUDA device to 0 for edge 0 func=zfp_compress
[13:54:09.737018] [WARNING] [pdc_tf_server.c:401] PDC_SERVER[0]: SCHED: executing edge 0 func=zfp_compress dev=GPU
[13:54:09.748934] [WARNING] [pdc_tf_server.c:475] PDC_SERVER[0]: SCHED: done running transformations
[13:54:09.779782] [WARNING] [pdc_tf_server.c:393] PDC_SERVER[7]: SCHED: setting CUDA device to 0 for edge 0 func=zfp_compress
[13:54:09.779837] [WARNING] [pdc_tf_server.c:401] PDC_SERVER[7]: SCHED: executing edge 0 func=zfp_compress dev=GPU
[13:54:09.783769] [WARNING] [pdc_server_region_cache.c:834] PDC_SERVER[0]: Flushed region via POSIX I/O in 0.297142 s
[13:54:09.783787] [WARNING] [pdc_server_region_cache.c:850] PDC_SERVER[0]: [2026-10-07 13:54:09.783784] Flushed 16.00 / 16.00 MB to storage
[INFO] PDC_SERVER[0]: Region flush iteration took 0.297195 s
[INFO] PDC_SERVER[0]: Starting flush for obj_id 4000000000, ndim=3
[13:54:09.785112] [WARNING] [pdc_server_region_cache.c:823] PDC_SERVER[0]: Region mapping lookup took 0.000001 s
[13:54:09.785118] [WARNING] [pdc_server_region_cache.c:828] PDC_SERVER[0]: No region mapping found for obj_id 4000000000
[13:54:09.789313] [WARNING] [pdc_tf_server.c:475] PDC_SERVER[7]: SCHED: done running transformations
[13:54:09.804705] [WARNING] [pdc_tf_server.c:393] PDC_SERVER[1]: SCHED: setting CUDA device to 0 for edge 0 func=zfp_compress
[13:54:09.804734] [WARNING] [pdc_tf_server.c:401] PDC_SERVER[1]: SCHED: executing edge 0 func=zfp_compress dev=GPU
[13:54:09.814248] [WARNING] [pdc_tf_server.c:393] PDC_SERVER[5]: SCHED: setting CUDA device to 0 for edge 0 func=zfp_compress
[13:54:09.814276] [WARNING] [pdc_tf_server.c:401] PDC_SERVER[5]: SCHED: executing edge 0 func=zfp_compress dev=GPU
[13:54:09.823208] [WARNING] [pdc_tf_server.c:475] PDC_SERVER[5]: SCHED: done running transformations
[13:54:09.825518] [WARNING] [pdc_tf_server.c:475] PDC_SERVER[1]: SCHED: done running transformations
[13:54:09.929841] [WARNING] [pdc_tf_server.c:393] PDC_SERVER[3]: SCHED: setting CUDA device to 0 for edge 0 func=zfp_compress
[13:54:09.929926] [WARNING] [pdc_tf_server.c:401] PDC_SERVER[3]: SCHED: executing edge 0 func=zfp_compress dev=GPU
[13:54:09.944890] [WARNING] [pdc_tf_server.c:475] PDC_SERVER[3]: SCHED: done running transformations
[13:54:09.948673] [WARNING] [pdc_tf_server.c:393] PDC_SERVER[2]: SCHED: setting CUDA device to 0 for edge 0 func=zfp_compress
[13:54:09.948700] [WARNING] [pdc_tf_server.c:401] PDC_SERVER[2]: SCHED: executing edge 0 func=zfp_compress dev=GPU
[13:54:09.971782] [WARNING] [pdc_tf_server.c:475] PDC_SERVER[2]: SCHED: done running transformations
[13:54:09.972950] [WARNING] [pdc_tf_server.c:393] PDC_SERVER[6]: SCHED: setting CUDA device to 0 for edge 0 func=zfp_compress
[13:54:09.972975] [WARNING] [pdc_tf_server.c:401] PDC_SERVER[6]: SCHED: executing edge 0 func=zfp_compress dev=GPU
[13:54:09.982227] [WARNING] [pdc_tf_server.c:475] PDC_SERVER[6]: SCHED: done running transformations
[13:54:09.987385] [WARNING] [pdc_tf_server.c:393] PDC_SERVER[4]: SCHED: setting CUDA device to 0 for edge 0 func=zfp_compress
[13:54:09.987452] [WARNING] [pdc_tf_server.c:401] PDC_SERVER[4]: SCHED: executing edge 0 func=zfp_compress dev=GPU
[13:54:09.996919] [WARNING] [pdc_tf_server.c:475] PDC_SERVER[4]: SCHED: done running transformations
[INFO] PDC_SERVER[0]: Executing graph with json filepath /pscratch/sd/n/nlewi26/src/work_space/source/pdc/tf_client/graphs/zfp_gpu.json
[13:54:10.036418] [WARNING] [pdc_tf_server.c:393] PDC_SERVER[0]: SCHED: setting CUDA device to 0 for edge 0 func=zfp_compress
[13:54:10.036434] [WARNING] [pdc_tf_server.c:401] PDC_SERVER[0]: SCHED: executing edge 0 func=zfp_compress dev=GPU
[13:54:10.044593] [WARNING] [pdc_tf_server.c:475] PDC_SERVER[0]: SCHED: done running transformations
[13:54:10.067150] [WARNING] [pdc_tf_server.c:393] PDC_SERVER[7]: SCHED: setting CUDA device to 0 for edge 0 func=zfp_compress
[13:54:10.067178] [WARNING] [pdc_tf_server.c:401] PDC_SERVER[7]: SCHED: executing edge 0 func=zfp_compress dev=GPU
[13:54:10.080722] [WARNING] [pdc_server_region_cache.c:834] PDC_SERVER[0]: Flushed region via POSIX I/O in 0.295590 s
[13:54:10.080743] [WARNING] [pdc_server_region_cache.c:850] PDC_SERVER[0]: [2026-10-07 13:54:10.080739] Flushed 16.00 / 16.00 MB to storage
[INFO] PDC_SERVER[0]: Region flush iteration took 0.295639 s
[INFO] PDC_SERVER[0]: Starting flush for obj_id 4000000000, ndim=3
[13:54:10.082010] [WARNING] [pdc_server_region_cache.c:823] PDC_SERVER[0]: Region mapping lookup took 0.000001 s
[13:54:10.082015] [WARNING] [pdc_server_region_cache.c:828] PDC_SERVER[0]: No region mapping found for obj_id 4000000000
[13:54:10.084134] [WARNING] [pdc_tf_server.c:475] PDC_SERVER[7]: SCHED: done running transformations
[13:54:10.108282] [WARNING] [pdc_tf_server.c:393] PDC_SERVER[5]: SCHED: setting CUDA device to 0 for edge 0 func=zfp_compress
[13:54:10.108309] [WARNING] [pdc_tf_server.c:401] PDC_SERVER[5]: SCHED: executing edge 0 func=zfp_compress dev=GPU
[13:54:10.116042] [WARNING] [pdc_tf_server.c:393] PDC_SERVER[1]: SCHED: setting CUDA device to 0 for edge 0 func=zfp_compress
[13:54:10.116130] [WARNING] [pdc_tf_server.c:401] PDC_SERVER[1]: SCHED: executing edge 0 func=zfp_compress dev=GPU
[13:54:10.117226] [WARNING] [pdc_tf_server.c:475] PDC_SERVER[5]: SCHED: done running transformations
[13:54:10.124381] [WARNING] [pdc_tf_server.c:475] PDC_SERVER[1]: SCHED: done running transformations
[13:54:10.239620] [WARNING] [pdc_tf_server.c:393] PDC_SERVER[3]: SCHED: setting CUDA device to 0 for edge 0 func=zfp_compress
[13:54:10.239647] [WARNING] [pdc_tf_server.c:401] PDC_SERVER[3]: SCHED: executing edge 0 func=zfp_compress dev=GPU
[13:54:10.247673] [WARNING] [pdc_tf_server.c:475] PDC_SERVER[3]: SCHED: done running transformations
[13:54:10.274874] [WARNING] [pdc_tf_server.c:393] PDC_SERVER[2]: SCHED: setting CUDA device to 0 for edge 0 func=zfp_compress
[13:54:10.274951] [WARNING] [pdc_tf_server.c:401] PDC_SERVER[2]: SCHED: executing edge 0 func=zfp_compress dev=GPU
[13:54:10.284562] [WARNING] [pdc_tf_server.c:475] PDC_SERVER[2]: SCHED: done running transformations
[13:54:10.284883] [WARNING] [pdc_tf_server.c:393] PDC_SERVER[6]: SCHED: setting CUDA device to 0 for edge 0 func=zfp_compress
[13:54:10.284927] [WARNING] [pdc_tf_server.c:401] PDC_SERVER[6]: SCHED: executing edge 0 func=zfp_compress dev=GPU
[13:54:10.294222] [WARNING] [pdc_tf_server.c:475] PDC_SERVER[6]: SCHED: done running transformations
[13:54:10.298654] [WARNING] [pdc_tf_server.c:393] PDC_SERVER[4]: SCHED: setting CUDA device to 0 for edge 0 func=zfp_compress
[13:54:10.298682] [WARNING] [pdc_tf_server.c:401] PDC_SERVER[4]: SCHED: executing edge 0 func=zfp_compress dev=GPU
[13:54:10.314947] [WARNING] [pdc_tf_server.c:475] PDC_SERVER[4]: SCHED: done running transformations
[INFO] PDC_SERVER[0]: Executing graph with json filepath /pscratch/sd/n/nlewi26/src/work_space/source/pdc/tf_client/graphs/zfp_gpu.json
[13:54:10.331110] [WARNING] [pdc_tf_server.c:393] PDC_SERVER[0]: SCHED: setting CUDA device to 0 for edge 0 func=zfp_compress
[13:54:10.331125] [WARNING] [pdc_tf_server.c:401] PDC_SERVER[0]: SCHED: executing edge 0 func=zfp_compress dev=GPU
[13:54:10.339548] [WARNING] [pdc_tf_server.c:475] PDC_SERVER[0]: SCHED: done running transformations
[13:54:10.361772] [WARNING] [pdc_tf_server.c:393] PDC_SERVER[7]: SCHED: setting CUDA device to 0 for edge 0 func=zfp_compress
[13:54:10.361804] [WARNING] [pdc_tf_server.c:401] PDC_SERVER[7]: SCHED: executing edge 0 func=zfp_compress dev=GPU
[13:54:10.370578] [WARNING] [pdc_tf_server.c:475] PDC_SERVER[7]: SCHED: done running transformations
[13:54:10.374074] [WARNING] [pdc_server_region_cache.c:834] PDC_SERVER[0]: Flushed region via POSIX I/O in 0.292043 s
[13:54:10.374102] [WARNING] [pdc_server_region_cache.c:850] PDC_SERVER[0]: [2026-10-07 13:54:10.374098] Flushed 16.00 / 16.00 MB to storage
[INFO] PDC_SERVER[0]: Region flush iteration took 0.292103 s
[INFO] PDC_SERVER[0]: Starting flush for obj_id 4000000000, ndim=3
[13:54:10.375530] [WARNING] [pdc_server_region_cache.c:823] PDC_SERVER[0]: Region mapping lookup took 0.000001 s
[13:54:10.375536] [WARNING] [pdc_server_region_cache.c:828] PDC_SERVER[0]: No region mapping found for obj_id 4000000000
[13:54:10.409456] [WARNING] [pdc_tf_server.c:393] PDC_SERVER[5]: SCHED: setting CUDA device to 0 for edge 0 func=zfp_compress
[13:54:10.409489] [WARNING] [pdc_tf_server.c:401] PDC_SERVER[5]: SCHED: executing edge 0 func=zfp_compress dev=GPU
[13:54:10.417861] [WARNING] [pdc_tf_server.c:393] PDC_SERVER[1]: SCHED: setting CUDA device to 0 for edge 0 func=zfp_compress
[13:54:10.417892] [WARNING] [pdc_tf_server.c:401] PDC_SERVER[1]: SCHED: executing edge 0 func=zfp_compress dev=GPU
[13:54:10.426122] [WARNING] [pdc_tf_server.c:475] PDC_SERVER[1]: SCHED: done running transformations
[13:54:10.429104] [WARNING] [pdc_tf_server.c:475] PDC_SERVER[5]: SCHED: done running transformations
[13:54:10.549497] [WARNING] [pdc_tf_server.c:393] PDC_SERVER[3]: SCHED: setting CUDA device to 0 for edge 0 func=zfp_compress
[13:54:10.549628] [WARNING] [pdc_tf_server.c:401] PDC_SERVER[3]: SCHED: executing edge 0 func=zfp_compress dev=GPU
[13:54:10.559538] [WARNING] [pdc_tf_server.c:475] PDC_SERVER[3]: SCHED: done running transformations
[13:54:10.593544] [WARNING] [pdc_tf_server.c:393] PDC_SERVER[2]: SCHED: setting CUDA device to 0 for edge 0 func=zfp_compress
[13:54:10.593625] [WARNING] [pdc_tf_server.c:401] PDC_SERVER[2]: SCHED: executing edge 0 func=zfp_compress dev=GPU
[13:54:10.597908] [WARNING] [pdc_tf_server.c:393] PDC_SERVER[6]: SCHED: setting CUDA device to 0 for edge 0 func=zfp_compress
[13:54:10.597948] [WARNING] [pdc_tf_server.c:401] PDC_SERVER[6]: SCHED: executing edge 0 func=zfp_compress dev=GPU
[13:54:10.601930] [WARNING] [pdc_tf_server.c:475] PDC_SERVER[2]: SCHED: done running transformations
[13:54:10.607329] [WARNING] [pdc_tf_server.c:475] PDC_SERVER[6]: SCHED: done running transformations
[13:54:10.623751] [WARNING] [pdc_tf_server.c:393] PDC_SERVER[4]: SCHED: setting CUDA device to 0 for edge 0 func=zfp_compress
[13:54:10.623783] [WARNING] [pdc_tf_server.c:401] PDC_SERVER[4]: SCHED: executing edge 0 func=zfp_compress dev=GPU
[INFO] PDC_SERVER[0]: Executing graph with json filepath /pscratch/sd/n/nlewi26/src/work_space/source/pdc/tf_client/graphs/zfp_gpu.json
[13:54:10.624906] [WARNING] [pdc_tf_server.c:393] PDC_SERVER[0]: SCHED: setting CUDA device to 0 for edge 0 func=zfp_compress
[13:54:10.624994] [WARNING] [pdc_tf_server.c:401] PDC_SERVER[0]: SCHED: executing edge 0 func=zfp_compress dev=GPU
[13:54:10.633299] [WARNING] [pdc_tf_server.c:475] PDC_SERVER[4]: SCHED: done running transformations
[13:54:10.634454] [WARNING] [pdc_tf_server.c:475] PDC_SERVER[0]: SCHED: done running transformations
[13:54:10.648082] [WARNING] [pdc_tf_server.c:393] PDC_SERVER[7]: SCHED: setting CUDA device to 0 for edge 0 func=zfp_compress
[13:54:10.648146] [WARNING] [pdc_tf_server.c:401] PDC_SERVER[7]: SCHED: executing edge 0 func=zfp_compress dev=GPU
[13:54:10.657248] [WARNING] [pdc_tf_server.c:475] PDC_SERVER[7]: SCHED: done running transformations
[13:54:10.669509] [WARNING] [pdc_server_region_cache.c:834] PDC_SERVER[0]: Flushed region via POSIX I/O in 0.293962 s
[13:54:10.669523] [WARNING] [pdc_server_region_cache.c:850] PDC_SERVER[0]: [2026-10-07 13:54:10.669520] Flushed 16.00 / 16.00 MB to storage
[INFO] PDC_SERVER[0]: Region flush iteration took 0.294002 s
[INFO] PDC_SERVER[0]: Starting flush for obj_id 4000000000, ndim=3
[13:54:10.671036] [WARNING] [pdc_server_region_cache.c:823] PDC_SERVER[0]: Region mapping lookup took 0.000001 s
[13:54:10.671042] [WARNING] [pdc_server_region_cache.c:828] PDC_SERVER[0]: No region mapping found for obj_id 4000000000
[13:54:10.720579] [WARNING] [pdc_tf_server.c:393] PDC_SERVER[5]: SCHED: setting CUDA device to 0 for edge 0 func=zfp_compress
[13:54:10.720606] [WARNING] [pdc_tf_server.c:401] PDC_SERVER[5]: SCHED: executing edge 0 func=zfp_compress dev=GPU
[13:54:10.722675] [WARNING] [pdc_tf_server.c:393] PDC_SERVER[1]: SCHED: setting CUDA device to 0 for edge 0 func=zfp_compress
[13:54:10.722705] [WARNING] [pdc_tf_server.c:401] PDC_SERVER[1]: SCHED: executing edge 0 func=zfp_compress dev=GPU
[13:54:10.728732] [WARNING] [pdc_tf_server.c:475] PDC_SERVER[5]: SCHED: done running transformations
[13:54:10.739630] [WARNING] [pdc_tf_server.c:475] PDC_SERVER[1]: SCHED: done running transformations
[13:54:10.868093] [WARNING] [pdc_tf_server.c:393] PDC_SERVER[3]: SCHED: setting CUDA device to 0 for edge 0 func=zfp_compress
[13:54:10.868133] [WARNING] [pdc_tf_server.c:401] PDC_SERVER[3]: SCHED: executing edge 0 func=zfp_compress dev=GPU
[13:54:10.884924] [WARNING] [pdc_tf_server.c:475] PDC_SERVER[3]: SCHED: done running transformations
[13:54:10.910752] [WARNING] [pdc_tf_server.c:393] PDC_SERVER[6]: SCHED: setting CUDA device to 0 for edge 0 func=zfp_compress
[13:54:10.910780] [WARNING] [pdc_tf_server.c:401] PDC_SERVER[6]: SCHED: executing edge 0 func=zfp_compress dev=GPU
[13:54:10.913310] [WARNING] [pdc_tf_server.c:393] PDC_SERVER[2]: SCHED: setting CUDA device to 0 for edge 0 func=zfp_compress
[13:54:10.913339] [WARNING] [pdc_tf_server.c:401] PDC_SERVER[2]: SCHED: executing edge 0 func=zfp_compress dev=GPU
[INFO] PDC_SERVER[0]: Executing graph with json filepath /pscratch/sd/n/nlewi26/src/work_space/source/pdc/tf_client/graphs/zfp_gpu.json
[13:54:10.918882] [WARNING] [pdc_tf_server.c:393] PDC_SERVER[0]: SCHED: setting CUDA device to 0 for edge 0 func=zfp_compress
[13:54:10.918896] [WARNING] [pdc_tf_server.c:401] PDC_SERVER[0]: SCHED: executing edge 0 func=zfp_compress dev=GPU
[13:54:10.924904] [WARNING] [pdc_tf_server.c:475] PDC_SERVER[2]: SCHED: done running transformations
[13:54:10.927446] [WARNING] [pdc_tf_server.c:475] PDC_SERVER[0]: SCHED: done running transformations
[13:54:10.928032] [WARNING] [pdc_tf_server.c:475] PDC_SERVER[6]: SCHED: done running transformations
[13:54:10.940261] [WARNING] [pdc_tf_server.c:393] PDC_SERVER[4]: SCHED: setting CUDA device to 0 for edge 0 func=zfp_compress
[13:54:10.940290] [WARNING] [pdc_tf_server.c:401] PDC_SERVER[4]: SCHED: executing edge 0 func=zfp_compress dev=GPU
[13:54:10.944101] [WARNING] [pdc_tf_server.c:393] PDC_SERVER[7]: SCHED: setting CUDA device to 0 for edge 0 func=zfp_compress
[13:54:10.944138] [WARNING] [pdc_tf_server.c:401] PDC_SERVER[7]: SCHED: executing edge 0 func=zfp_compress dev=GPU
[13:54:10.950074] [WARNING] [pdc_tf_server.c:475] PDC_SERVER[4]: SCHED: done running transformations
[13:54:10.959251] [WARNING] [pdc_tf_server.c:475] PDC_SERVER[7]: SCHED: done running transformations
[13:54:10.963984] [WARNING] [pdc_server_region_cache.c:834] PDC_SERVER[0]: Flushed region via POSIX I/O in 0.292930 s
[13:54:10.964021] [WARNING] [pdc_server_region_cache.c:850] PDC_SERVER[0]: [2026-10-07 13:54:10.964007] Flushed 16.00 / 16.00 MB to storage
[INFO] PDC_SERVER[0]: Region flush iteration took 0.292994 s
[INFO] PDC_SERVER[0]: Starting flush for obj_id 4000000000, ndim=3
[13:54:10.965708] [WARNING] [pdc_server_region_cache.c:823] PDC_SERVER[0]: Region mapping lookup took 0.000000 s
[13:54:10.965712] [WARNING] [pdc_server_region_cache.c:828] PDC_SERVER[0]: No region mapping found for obj_id 4000000000
[13:54:11.020264] [WARNING] [pdc_tf_server.c:393] PDC_SERVER[5]: SCHED: setting CUDA device to 0 for edge 0 func=zfp_compress
[13:54:11.020322] [WARNING] [pdc_tf_server.c:401] PDC_SERVER[5]: SCHED: executing edge 0 func=zfp_compress dev=GPU
[13:54:11.029378] [WARNING] [pdc_tf_server.c:475] PDC_SERVER[5]: SCHED: done running transformations
[13:54:11.030729] [WARNING] [pdc_tf_server.c:393] PDC_SERVER[1]: SCHED: setting CUDA device to 0 for edge 0 func=zfp_compress
[13:54:11.030759] [WARNING] [pdc_tf_server.c:401] PDC_SERVER[1]: SCHED: executing edge 0 func=zfp_compress dev=GPU
[13:54:11.038876] [WARNING] [pdc_tf_server.c:475] PDC_SERVER[1]: SCHED: done running transformations
[13:54:11.189228] [WARNING] [pdc_tf_server.c:393] PDC_SERVER[3]: SCHED: setting CUDA device to 0 for edge 0 func=zfp_compress
[13:54:11.189262] [WARNING] [pdc_tf_server.c:401] PDC_SERVER[3]: SCHED: executing edge 0 func=zfp_compress dev=GPU
[13:54:11.197118] [WARNING] [pdc_tf_server.c:475] PDC_SERVER[3]: SCHED: done running transformations
[INFO] PDC_SERVER[0]: Executing graph with json filepath /pscratch/sd/n/nlewi26/src/work_space/source/pdc/tf_client/graphs/zfp_gpu.json
[13:54:11.216697] [WARNING] [pdc_tf_server.c:393] PDC_SERVER[0]: SCHED: setting CUDA device to 0 for edge 0 func=zfp_compress
[13:54:11.216739] [WARNING] [pdc_tf_server.c:401] PDC_SERVER[0]: SCHED: executing edge 0 func=zfp_compress dev=GPU
[13:54:11.224797] [WARNING] [pdc_tf_server.c:475] PDC_SERVER[0]: SCHED: done running transformations
[13:54:11.233066] [WARNING] [pdc_tf_server.c:393] PDC_SERVER[6]: SCHED: setting CUDA device to 0 for edge 0 func=zfp_compress
[13:54:11.233091] [WARNING] [pdc_tf_server.c:401] PDC_SERVER[6]: SCHED: executing edge 0 func=zfp_compress dev=GPU
[13:54:11.238386] [WARNING] [pdc_tf_server.c:393] PDC_SERVER[2]: SCHED: setting CUDA device to 0 for edge 0 func=zfp_compress
[13:54:11.238415] [WARNING] [pdc_tf_server.c:401] PDC_SERVER[2]: SCHED: executing edge 0 func=zfp_compress dev=GPU
[13:54:11.242263] [WARNING] [pdc_tf_server.c:475] PDC_SERVER[6]: SCHED: done running transformations
[13:54:11.243841] [WARNING] [pdc_tf_server.c:393] PDC_SERVER[7]: SCHED: setting CUDA device to 0 for edge 0 func=zfp_compress
[13:54:11.243870] [WARNING] [pdc_tf_server.c:401] PDC_SERVER[7]: SCHED: executing edge 0 func=zfp_compress dev=GPU
[13:54:11.248640] [WARNING] [pdc_tf_server.c:393] PDC_SERVER[4]: SCHED: setting CUDA device to 0 for edge 0 func=zfp_compress
[13:54:11.248670] [WARNING] [pdc_tf_server.c:401] PDC_SERVER[4]: SCHED: executing edge 0 func=zfp_compress dev=GPU
[13:54:11.249016] [WARNING] [pdc_tf_server.c:475] PDC_SERVER[2]: SCHED: done running transformations
[13:54:11.251868] [WARNING] [pdc_tf_server.c:475] PDC_SERVER[7]: SCHED: done running transformations
[13:54:11.260454] [WARNING] [pdc_server_region_cache.c:834] PDC_SERVER[0]: Flushed region via POSIX I/O in 0.294723 s
[13:54:11.260475] [WARNING] [pdc_server_region_cache.c:850] PDC_SERVER[0]: [2026-10-07 13:54:11.260472] Flushed 16.00 / 16.00 MB to storage
[INFO] PDC_SERVER[0]: Region flush iteration took 0.294776 s
[INFO] PDC_SERVER[0]: Starting flush for obj_id 4000000000, ndim=3
[13:54:11.262229] [WARNING] [pdc_server_region_cache.c:823] PDC_SERVER[0]: Region mapping lookup took 0.000000 s
[13:54:11.262233] [WARNING] [pdc_server_region_cache.c:828] PDC_SERVER[0]: No region mapping found for obj_id 4000000000
[13:54:11.266493] [WARNING] [pdc_tf_server.c:475] PDC_SERVER[4]: SCHED: done running transformations
[13:54:11.319454] [WARNING] [pdc_tf_server.c:393] PDC_SERVER[5]: SCHED: setting CUDA device to 0 for edge 0 func=zfp_compress
[13:54:11.319480] [WARNING] [pdc_tf_server.c:401] PDC_SERVER[5]: SCHED: executing edge 0 func=zfp_compress dev=GPU
[13:54:11.330238] [WARNING] [pdc_tf_server.c:393] PDC_SERVER[1]: SCHED: setting CUDA device to 0 for edge 0 func=zfp_compress
[13:54:11.330268] [WARNING] [pdc_tf_server.c:401] PDC_SERVER[1]: SCHED: executing edge 0 func=zfp_compress dev=GPU
[13:54:11.332899] [WARNING] [pdc_tf_server.c:475] PDC_SERVER[5]: SCHED: done running transformations
[13:54:11.338351] [WARNING] [pdc_tf_server.c:475] PDC_SERVER[1]: SCHED: done running transformations
[13:54:11.503143] [WARNING] [pdc_tf_server.c:393] PDC_SERVER[3]: SCHED: setting CUDA device to 0 for edge 0 func=zfp_compress
[13:54:11.503171] [WARNING] [pdc_tf_server.c:401] PDC_SERVER[3]: SCHED: executing edge 0 func=zfp_compress dev=GPU
[13:54:11.510154] [WARNING] [pdc_tf_server.c:475] PDC_SERVER[3]: SCHED: done running transformations
[INFO] PDC_SERVER[0]: Executing graph with json filepath /pscratch/sd/n/nlewi26/src/work_space/source/pdc/tf_client/graphs/zfp_gpu.json
[13:54:11.512675] [WARNING] [pdc_tf_server.c:393] PDC_SERVER[0]: SCHED: setting CUDA device to 0 for edge 0 func=zfp_compress
[13:54:11.512692] [WARNING] [pdc_tf_server.c:401] PDC_SERVER[0]: SCHED: executing edge 0 func=zfp_compress dev=GPU
[13:54:11.528042] [WARNING] [pdc_tf_server.c:475] PDC_SERVER[0]: SCHED: done running transformations
[13:54:11.551003] [WARNING] [pdc_tf_server.c:393] PDC_SERVER[2]: SCHED: setting CUDA device to 0 for edge 0 func=zfp_compress
[13:54:11.551030] [WARNING] [pdc_tf_server.c:401] PDC_SERVER[2]: SCHED: executing edge 0 func=zfp_compress dev=GPU
[13:54:11.551775] [WARNING] [pdc_tf_server.c:393] PDC_SERVER[7]: SCHED: setting CUDA device to 0 for edge 0 func=zfp_compress
[13:54:11.551830] [WARNING] [pdc_tf_server.c:401] PDC_SERVER[7]: SCHED: executing edge 0 func=zfp_compress dev=GPU
[13:54:11.559828] [WARNING] [pdc_tf_server.c:475] PDC_SERVER[2]: SCHED: done running transformations
[13:54:11.562618] [WARNING] [pdc_tf_server.c:393] PDC_SERVER[6]: SCHED: setting CUDA device to 0 for edge 0 func=zfp_compress
[13:54:11.562647] [WARNING] [pdc_tf_server.c:401] PDC_SERVER[6]: SCHED: executing edge 0 func=zfp_compress dev=GPU
[13:54:11.562941] [WARNING] [pdc_server_region_cache.c:834] PDC_SERVER[0]: Flushed region via POSIX I/O in 0.300697 s
[13:54:11.562956] [WARNING] [pdc_server_region_cache.c:850] PDC_SERVER[0]: [2026-10-07 13:54:11.562953] Flushed 16.00 / 16.00 MB to storage
[INFO] PDC_SERVER[0]: Region flush iteration took 0.300735 s
[13:54:11.563048] [WARNING] [pdc_tf_server.c:475] PDC_SERVER[7]: SCHED: done running transformations
[INFO] PDC_SERVER[0]: Starting flush for obj_id 4000000000, ndim=3
[13:54:11.564400] [WARNING] [pdc_server_region_cache.c:823] PDC_SERVER[0]: Region mapping lookup took 0.000000 s
[13:54:11.564405] [WARNING] [pdc_server_region_cache.c:828] PDC_SERVER[0]: No region mapping found for obj_id 4000000000
[13:54:11.565330] [WARNING] [pdc_tf_server.c:393] PDC_SERVER[4]: SCHED: setting CUDA device to 0 for edge 0 func=zfp_compress
[13:54:11.565358] [WARNING] [pdc_tf_server.c:401] PDC_SERVER[4]: SCHED: executing edge 0 func=zfp_compress dev=GPU
[13:54:11.573238] [WARNING] [pdc_tf_server.c:475] PDC_SERVER[6]: SCHED: done running transformations
[13:54:11.574591] [WARNING] [pdc_tf_server.c:475] PDC_SERVER[4]: SCHED: done running transformations
[13:54:11.624938] [WARNING] [pdc_tf_server.c:393] PDC_SERVER[5]: SCHED: setting CUDA device to 0 for edge 0 func=zfp_compress
[13:54:11.624991] [WARNING] [pdc_tf_server.c:401] PDC_SERVER[5]: SCHED: executing edge 0 func=zfp_compress dev=GPU
[13:54:11.628687] [WARNING] [pdc_tf_server.c:393] PDC_SERVER[1]: SCHED: setting CUDA device to 0 for edge 0 func=zfp_compress
[13:54:11.628717] [WARNING] [pdc_tf_server.c:401] PDC_SERVER[1]: SCHED: executing edge 0 func=zfp_compress dev=GPU
[13:54:11.637669] [WARNING] [pdc_tf_server.c:475] PDC_SERVER[5]: SCHED: done running transformations
[13:54:11.643346] [WARNING] [pdc_tf_server.c:475] PDC_SERVER[1]: SCHED: done running transformations
[INFO] PDC_SERVER[0]: Executing graph with json filepath /pscratch/sd/n/nlewi26/src/work_space/source/pdc/tf_client/graphs/zfp_gpu.json
[13:54:11.811272] [WARNING] [pdc_tf_server.c:393] PDC_SERVER[0]: SCHED: setting CUDA device to 0 for edge 0 func=zfp_compress
[13:54:11.811308] [WARNING] [pdc_tf_server.c:401] PDC_SERVER[0]: SCHED: executing edge 0 func=zfp_compress dev=GPU
[13:54:11.817453] [WARNING] [pdc_tf_server.c:393] PDC_SERVER[3]: SCHED: setting CUDA device to 0 for edge 0 func=zfp_compress
[13:54:11.817482] [WARNING] [pdc_tf_server.c:401] PDC_SERVER[3]: SCHED: executing edge 0 func=zfp_compress dev=GPU
[13:54:11.819562] [WARNING] [pdc_tf_server.c:475] PDC_SERVER[0]: SCHED: done running transformations
[13:54:11.825354] [WARNING] [pdc_tf_server.c:475] PDC_SERVER[3]: SCHED: done running transformations
[13:54:11.848827] [WARNING] [pdc_tf_server.c:393] PDC_SERVER[7]: SCHED: setting CUDA device to 0 for edge 0 func=zfp_compress
[13:54:11.848879] [WARNING] [pdc_tf_server.c:401] PDC_SERVER[7]: SCHED: executing edge 0 func=zfp_compress dev=GPU
[13:54:11.855457] [WARNING] [pdc_server_region_cache.c:834] PDC_SERVER[0]: Flushed region via POSIX I/O in 0.291039 s
[13:54:11.855472] [WARNING] [pdc_server_region_cache.c:850] PDC_SERVER[0]: [2026-10-07 13:54:11.855469] Flushed 16.00 / 16.00 MB to storage
[INFO] PDC_SERVER[0]: Region flush iteration took 0.291080 s
[13:54:11.859611] [WARNING] [pdc_tf_server.c:393] PDC_SERVER[2]: SCHED: setting CUDA device to 0 for edge 0 func=zfp_compress
[13:54:11.859639] [WARNING] [pdc_tf_server.c:401] PDC_SERVER[2]: SCHED: executing edge 0 func=zfp_compress dev=GPU
[13:54:11.865787] [WARNING] [pdc_tf_server.c:475] PDC_SERVER[7]: SCHED: done running transformations
[13:54:11.867529] [WARNING] [pdc_tf_server.c:475] PDC_SERVER[2]: SCHED: done running transformations
[13:54:11.880006] [WARNING] [pdc_tf_server.c:393] PDC_SERVER[4]: SCHED: setting CUDA device to 0 for edge 0 func=zfp_compress
[13:54:11.880035] [WARNING] [pdc_tf_server.c:401] PDC_SERVER[4]: SCHED: executing edge 0 func=zfp_compress dev=GPU
[13:54:11.881766] [WARNING] [pdc_tf_server.c:393] PDC_SERVER[6]: SCHED: setting CUDA device to 0 for edge 0 func=zfp_compress
[13:54:11.881794] [WARNING] [pdc_tf_server.c:401] PDC_SERVER[6]: SCHED: executing edge 0 func=zfp_compress dev=GPU
[13:54:11.889149] [WARNING] [pdc_tf_server.c:475] PDC_SERVER[4]: SCHED: done running transformations
[13:54:11.900413] [WARNING] [pdc_tf_server.c:475] PDC_SERVER[6]: SCHED: done running transformations
[13:54:11.927209] [WARNING] [pdc_tf_server.c:393] PDC_SERVER[5]: SCHED: setting CUDA device to 0 for edge 0 func=zfp_compress
[13:54:11.927235] [WARNING] [pdc_tf_server.c:401] PDC_SERVER[5]: SCHED: executing edge 0 func=zfp_compress dev=GPU
[13:54:11.932279] [WARNING] [pdc_tf_server.c:393] PDC_SERVER[1]: SCHED: setting CUDA device to 0 for edge 0 func=zfp_compress
[13:54:11.932308] [WARNING] [pdc_tf_server.c:401] PDC_SERVER[1]: SCHED: executing edge 0 func=zfp_compress dev=GPU
[13:54:11.936059] [WARNING] [pdc_tf_server.c:475] PDC_SERVER[5]: SCHED: done running transformations
[13:54:11.940609] [WARNING] [pdc_tf_server.c:475] PDC_SERVER[1]: SCHED: done running transformations
[13:54:12.126517] [WARNING] [pdc_tf_server.c:393] PDC_SERVER[3]: SCHED: setting CUDA device to 0 for edge 0 func=zfp_compress
[13:54:12.126545] [WARNING] [pdc_tf_server.c:401] PDC_SERVER[3]: SCHED: executing edge 0 func=zfp_compress dev=GPU
[13:54:12.136577] [WARNING] [pdc_tf_server.c:475] PDC_SERVER[3]: SCHED: done running transformations
[13:54:12.167968] [WARNING] [pdc_tf_server.c:393] PDC_SERVER[2]: SCHED: setting CUDA device to 0 for edge 0 func=zfp_compress
[13:54:12.167993] [WARNING] [pdc_tf_server.c:401] PDC_SERVER[2]: SCHED: executing edge 0 func=zfp_compress dev=GPU
[13:54:12.186763] [WARNING] [pdc_tf_server.c:393] PDC_SERVER[4]: SCHED: setting CUDA device to 0 for edge 0 func=zfp_compress
[13:54:12.186789] [WARNING] [pdc_tf_server.c:401] PDC_SERVER[4]: SCHED: executing edge 0 func=zfp_compress dev=GPU
[13:54:12.187413] [WARNING] [pdc_tf_server.c:475] PDC_SERVER[2]: SCHED: done running transformations
[13:54:12.196644] [WARNING] [pdc_tf_server.c:475] PDC_SERVER[4]: SCHED: done running transformations
[13:54:12.199360] [WARNING] [pdc_tf_server.c:393] PDC_SERVER[6]: SCHED: setting CUDA device to 0 for edge 0 func=zfp_compress
[13:54:12.199387] [WARNING] [pdc_tf_server.c:401] PDC_SERVER[6]: SCHED: executing edge 0 func=zfp_compress dev=GPU
[13:54:12.208312] [WARNING] [pdc_tf_server.c:475] PDC_SERVER[6]: SCHED: done running transformations
[INFO] PDC_SERVER[7]: Fetching region for obj_id=7000000000
[INFO] PDC_SERVER[7]: Checking against Object 2000000000
[INFO] PDC_SERVER[7]: Checking against Object 3000000000
[INFO] PDC_SERVER[7]: Checking against Object 4000000000
[INFO] PDC_SERVER[7]: Object 7000000000 NOT found in cache
[INFO] PDC_SERVER[7]: Fetching region from server for obj_id=7000000000
[INFO] PDC_SERVER[6]: Fetching region for obj_id=7000000000
[INFO] PDC_SERVER[6]: Checking against Object 2000000000
[INFO] PDC_SERVER[6]: Checking against Object 3000000000
[INFO] PDC_SERVER[6]: Checking against Object 4000000000
[INFO] PDC_SERVER[6]: Object 7000000000 NOT found in cache
[INFO] PDC_SERVER[6]: Fetching region from server for obj_id=7000000000
[INFO] PDC_SERVER[5]: Fetching region for obj_id=7000000000
[INFO] PDC_SERVER[5]: Checking against Object 2000000000
[INFO] PDC_SERVER[5]: Checking against Object 3000000000
[INFO] PDC_SERVER[5]: Checking against Object 4000000000
[INFO] PDC_SERVER[5]: Object 7000000000 NOT found in cache
[INFO] PDC_SERVER[5]: Fetching region from server for obj_id=7000000000
[INFO] PDC_SERVER[0]: Fetching region for obj_id=7000000000
[INFO] PDC_SERVER[0]: Checking against Object 2000000000
[INFO] PDC_SERVER[0]: Checking against Object 3000000000
[INFO] PDC_SERVER[0]: Checking against Object 4000000000
[INFO] PDC_SERVER[0]: Object 7000000000 NOT found in cache
[INFO] PDC_SERVER[0]: Fetching region from server for obj_id=7000000000
[INFO] PDC_SERVER[1]: Fetching region for obj_id=7000000000
[INFO] PDC_SERVER[1]: Checking against Object 2000000000
[INFO] PDC_SERVER[1]: Checking against Object 3000000000
[INFO] PDC_SERVER[1]: Checking against Object 4000000000
[INFO] PDC_SERVER[1]: Object 7000000000 NOT found in cache
[INFO] PDC_SERVER[1]: Fetching region from server for obj_id=7000000000
[INFO] PDC_SERVER[2]: Fetching region for obj_id=7000000000
[INFO] PDC_SERVER[2]: Checking against Object 2000000000
[INFO] PDC_SERVER[2]: Checking against Object 3000000000
[INFO] PDC_SERVER[2]: Checking against Object 4000000000
[INFO] PDC_SERVER[2]: Object 7000000000 NOT found in cache
[INFO] PDC_SERVER[2]: Fetching region from server for obj_id=7000000000
[INFO] PDC_SERVER[4]: Fetching region for obj_id=7000000000
[INFO] PDC_SERVER[4]: Checking against Object 2000000000
[INFO] PDC_SERVER[4]: Checking against Object 3000000000
[INFO] PDC_SERVER[4]: Checking against Object 4000000000
[INFO] PDC_SERVER[4]: Object 7000000000 NOT found in cache
[INFO] PDC_SERVER[4]: Fetching region from server for obj_id=7000000000
[INFO] PDC_SERVER[3]: Fetching region for obj_id=7000000000
[INFO] PDC_SERVER[3]: Checking against Object 2000000000
[INFO] PDC_SERVER[3]: Checking against Object 3000000000
[INFO] PDC_SERVER[3]: Checking against Object 4000000000
[INFO] PDC_SERVER[3]: Object 7000000000 NOT found in cache
[INFO] PDC_SERVER[3]: Fetching region from server for obj_id=7000000000
[13:54:12.270144] [WARNING] [pdc_tf_server.c:393] PDC_SERVER[7]: SCHED: setting CUDA device to 0 for edge 0 func=zfp_decompress
[13:54:12.270192] [WARNING] [pdc_tf_server.c:401] PDC_SERVER[7]: SCHED: executing edge 0 func=zfp_decompress dev=GPU
[13:54:12.271987] [WARNING] [pdc_tf_server.c:393] PDC_SERVER[2]: SCHED: setting CUDA device to 0 for edge 0 func=zfp_decompress
[13:54:12.272008] [WARNING] [pdc_tf_server.c:401] PDC_SERVER[2]: SCHED: executing edge 0 func=zfp_decompress dev=GPU
[13:54:12.272112] [WARNING] [pdc_tf_server.c:393] PDC_SERVER[4]: SCHED: setting CUDA device to 0 for edge 0 func=zfp_decompress
[13:54:12.272120] [WARNING] [pdc_tf_server.c:393] PDC_SERVER[5]: SCHED: setting CUDA device to 0 for edge 0 func=zfp_decompress
[13:54:12.272140] [WARNING] [pdc_tf_server.c:401] PDC_SERVER[5]: SCHED: executing edge 0 func=zfp_decompress dev=GPU
[13:54:12.272164] [WARNING] [pdc_tf_server.c:401] PDC_SERVER[4]: SCHED: executing edge 0 func=zfp_decompress dev=GPU
[13:54:12.272525] [WARNING] [pdc_tf_server.c:393] PDC_SERVER[6]: SCHED: setting CUDA device to 0 for edge 0 func=zfp_decompress
[13:54:12.272545] [WARNING] [pdc_tf_server.c:401] PDC_SERVER[6]: SCHED: executing edge 0 func=zfp_decompress dev=GPU
[INFO] PDC_SERVER[0]: Executing graph with json filepath /pscratch/sd/n/nlewi26/src/work_space/source/pdc/tf_client/graphs/zfp_gpu.json
[13:54:12.272974] [WARNING] [pdc_tf_server.c:393] PDC_SERVER[0]: SCHED: setting CUDA device to 0 for edge 0 func=zfp_decompress
[13:54:12.272989] [WARNING] [pdc_tf_server.c:401] PDC_SERVER[0]: SCHED: executing edge 0 func=zfp_decompress dev=GPU
[13:54:12.273982] [WARNING] [pdc_tf_server.c:393] PDC_SERVER[3]: SCHED: setting CUDA device to 0 for edge 0 func=zfp_decompress
[13:54:12.274016] [WARNING] [pdc_tf_server.c:401] PDC_SERVER[3]: SCHED: executing edge 0 func=zfp_decompress dev=GPU
[13:54:12.277582] [WARNING] [pdc_tf_server.c:393] PDC_SERVER[1]: SCHED: setting CUDA device to 0 for edge 0 func=zfp_decompress
[13:54:12.277635] [WARNING] [pdc_tf_server.c:401] PDC_SERVER[1]: SCHED: executing edge 0 func=zfp_decompress dev=GPU
[13:54:12.279935] [WARNING] [pdc_tf_server.c:475] PDC_SERVER[2]: SCHED: done running transformations
[13:54:12.281409] [WARNING] [pdc_tf_server.c:475] PDC_SERVER[0]: SCHED: done running transformations
[13:54:12.282362] [WARNING] [pdc_tf_server.c:475] PDC_SERVER[3]: SCHED: done running transformations
[INFO] PDC_SERVER[2]: Fetching region for obj_id=7000000000
[INFO] PDC_SERVER[2]: Checking against Object 2000000000
[INFO] PDC_SERVER[2]: Checking against Object 3000000000
[INFO] PDC_SERVER[2]: Checking against Object 4000000000
[INFO] PDC_SERVER[2]: Object 7000000000 NOT found in cache
[INFO] PDC_SERVER[2]: Fetching region from server for obj_id=7000000000
[13:54:12.283303] [WARNING] [pdc_tf_server.c:475] PDC_SERVER[5]: SCHED: done running transformations
[13:54:12.283909] [WARNING] [pdc_tf_server.c:475] PDC_SERVER[4]: SCHED: done running transformations
[INFO] PDC_SERVER[5]: Fetching region for obj_id=7000000000
[INFO] PDC_SERVER[5]: Checking against Object 2000000000
[INFO] PDC_SERVER[5]: Checking against Object 3000000000
[INFO] PDC_SERVER[5]: Checking against Object 4000000000
[INFO] PDC_SERVER[5]: Object 7000000000 NOT found in cache
[INFO] PDC_SERVER[5]: Fetching region from server for obj_id=7000000000
[13:54:12.286273] [WARNING] [pdc_tf_server.c:475] PDC_SERVER[1]: SCHED: done running transformations
[INFO] PDC_SERVER[0]: Fetching region for obj_id=7000000000
[INFO] PDC_SERVER[0]: Checking against Object 2000000000
[INFO] PDC_SERVER[0]: Checking against Object 3000000000
[INFO] PDC_SERVER[0]: Checking against Object 4000000000
[INFO] PDC_SERVER[0]: Object 7000000000 NOT found in cache
[INFO] PDC_SERVER[0]: Fetching region from server for obj_id=7000000000
[INFO] PDC_SERVER[3]: Fetching region for obj_id=7000000000
[INFO] PDC_SERVER[3]: Checking against Object 2000000000
[INFO] PDC_SERVER[3]: Checking against Object 3000000000
[INFO] PDC_SERVER[3]: Checking against Object 4000000000
[INFO] PDC_SERVER[3]: Object 7000000000 NOT found in cache
[INFO] PDC_SERVER[3]: Fetching region from server for obj_id=7000000000
[INFO] PDC_SERVER[1]: Fetching region for obj_id=7000000000
[INFO] PDC_SERVER[1]: Checking against Object 2000000000
[INFO] PDC_SERVER[1]: Checking against Object 3000000000
[INFO] PDC_SERVER[1]: Checking against Object 4000000000
[INFO] PDC_SERVER[1]: Object 7000000000 NOT found in cache
[INFO] PDC_SERVER[1]: Fetching region from server for obj_id=7000000000
[INFO] PDC_SERVER[4]: Fetching region for obj_id=7000000000
[INFO] PDC_SERVER[4]: Checking against Object 2000000000
[INFO] PDC_SERVER[4]: Checking against Object 3000000000
[INFO] PDC_SERVER[4]: Checking against Object 4000000000
[INFO] PDC_SERVER[4]: Object 7000000000 NOT found in cache
[INFO] PDC_SERVER[4]: Fetching region from server for obj_id=7000000000
[13:54:12.293598] [WARNING] [pdc_tf_server.c:475] PDC_SERVER[7]: SCHED: done running transformations
[13:54:12.293631] [WARNING] [pdc_tf_server.c:475] PDC_SERVER[6]: SCHED: done running transformations
[INFO] PDC_SERVER[6]: Fetching region for obj_id=7000000000
[INFO] PDC_SERVER[6]: Checking against Object 2000000000
[INFO] PDC_SERVER[6]: Checking against Object 3000000000
[INFO] PDC_SERVER[6]: Checking against Object 4000000000
[INFO] PDC_SERVER[6]: Object 7000000000 NOT found in cache
[INFO] PDC_SERVER[6]: Fetching region from server for obj_id=7000000000
[INFO] PDC_SERVER[7]: Fetching region for obj_id=7000000000
[INFO] PDC_SERVER[7]: Checking against Object 2000000000
[INFO] PDC_SERVER[7]: Checking against Object 3000000000
[INFO] PDC_SERVER[7]: Checking against Object 4000000000
[INFO] PDC_SERVER[7]: Object 7000000000 NOT found in cache
[INFO] PDC_SERVER[7]: Fetching region from server for obj_id=7000000000
[13:54:12.301645] [WARNING] [pdc_tf_server.c:393] PDC_SERVER[5]: SCHED: setting CUDA device to 0 for edge 0 func=zfp_decompress
[13:54:12.301664] [WARNING] [pdc_tf_server.c:401] PDC_SERVER[5]: SCHED: executing edge 0 func=zfp_decompress dev=GPU
[INFO] PDC_SERVER[0]: Executing graph with json filepath /pscratch/sd/n/nlewi26/src/work_space/source/pdc/tf_client/graphs/zfp_gpu.json
[13:54:12.302611] [WARNING] [pdc_tf_server.c:393] PDC_SERVER[0]: SCHED: setting CUDA device to 0 for edge 0 func=zfp_decompress
[13:54:12.302625] [WARNING] [pdc_tf_server.c:401] PDC_SERVER[0]: SCHED: executing edge 0 func=zfp_decompress dev=GPU
[13:54:12.302767] [WARNING] [pdc_tf_server.c:393] PDC_SERVER[3]: SCHED: setting CUDA device to 0 for edge 0 func=zfp_decompress
[13:54:12.302789] [WARNING] [pdc_tf_server.c:401] PDC_SERVER[3]: SCHED: executing edge 0 func=zfp_decompress dev=GPU
[13:54:12.303582] [WARNING] [pdc_tf_server.c:393] PDC_SERVER[2]: SCHED: setting CUDA device to 0 for edge 0 func=zfp_decompress
[13:54:12.303602] [WARNING] [pdc_tf_server.c:401] PDC_SERVER[2]: SCHED: executing edge 0 func=zfp_decompress dev=GPU
[13:54:12.304676] [WARNING] [pdc_tf_server.c:393] PDC_SERVER[1]: SCHED: setting CUDA device to 0 for edge 0 func=zfp_decompress
[13:54:12.304698] [WARNING] [pdc_tf_server.c:401] PDC_SERVER[1]: SCHED: executing edge 0 func=zfp_decompress dev=GPU
[13:54:12.306646] [WARNING] [pdc_tf_server.c:393] PDC_SERVER[4]: SCHED: setting CUDA device to 0 for edge 0 func=zfp_decompress
[13:54:12.306662] [WARNING] [pdc_tf_server.c:401] PDC_SERVER[4]: SCHED: executing edge 0 func=zfp_decompress dev=GPU
[13:54:12.310676] [WARNING] [pdc_tf_server.c:475] PDC_SERVER[5]: SCHED: done running transformations
[13:54:12.311232] [WARNING] [pdc_tf_server.c:475] PDC_SERVER[0]: SCHED: done running transformations
[13:54:12.311520] [WARNING] [pdc_tf_server.c:475] PDC_SERVER[3]: SCHED: done running transformations
[13:54:12.312266] [WARNING] [pdc_tf_server.c:475] PDC_SERVER[2]: SCHED: done running transformations
[13:54:12.312351] [WARNING] [pdc_tf_server.c:393] PDC_SERVER[6]: SCHED: setting CUDA device to 0 for edge 0 func=zfp_decompress
[13:54:12.312368] [WARNING] [pdc_tf_server.c:401] PDC_SERVER[6]: SCHED: executing edge 0 func=zfp_decompress dev=GPU
[13:54:12.313063] [WARNING] [pdc_tf_server.c:475] PDC_SERVER[1]: SCHED: done running transformations
[13:54:12.314345] [WARNING] [pdc_tf_server.c:393] PDC_SERVER[7]: SCHED: setting CUDA device to 0 for edge 0 func=zfp_decompress
[13:54:12.314361] [WARNING] [pdc_tf_server.c:401] PDC_SERVER[7]: SCHED: executing edge 0 func=zfp_decompress dev=GPU
[13:54:12.314818] [WARNING] [pdc_tf_server.c:475] PDC_SERVER[4]: SCHED: done running transformations
[INFO] PDC_SERVER[5]: Fetching region for obj_id=7000000000
[INFO] PDC_SERVER[5]: Checking against Object 2000000000
[INFO] PDC_SERVER[5]: Checking against Object 3000000000
[INFO] PDC_SERVER[5]: Checking against Object 4000000000
[INFO] PDC_SERVER[5]: Object 7000000000 NOT found in cache
[INFO] PDC_SERVER[5]: Fetching region from server for obj_id=7000000000
[INFO] PDC_SERVER[0]: Fetching region for obj_id=7000000000
[INFO] PDC_SERVER[0]: Checking against Object 2000000000
[INFO] PDC_SERVER[0]: Checking against Object 3000000000
[INFO] PDC_SERVER[0]: Checking against Object 4000000000
[INFO] PDC_SERVER[0]: Object 7000000000 NOT found in cache
[INFO] PDC_SERVER[0]: Fetching region from server for obj_id=7000000000
[INFO] PDC_SERVER[3]: Fetching region for obj_id=7000000000
[INFO] PDC_SERVER[3]: Checking against Object 2000000000
[INFO] PDC_SERVER[3]: Checking against Object 3000000000
[INFO] PDC_SERVER[3]: Checking against Object 4000000000
[INFO] PDC_SERVER[3]: Object 7000000000 NOT found in cache
[INFO] PDC_SERVER[3]: Fetching region from server for obj_id=7000000000
[INFO] PDC_SERVER[2]: Fetching region for obj_id=7000000000
[INFO] PDC_SERVER[2]: Checking against Object 2000000000
[INFO] PDC_SERVER[2]: Checking against Object 3000000000
[INFO] PDC_SERVER[2]: Checking against Object 4000000000
[INFO] PDC_SERVER[2]: Object 7000000000 NOT found in cache
[INFO] PDC_SERVER[2]: Fetching region from server for obj_id=7000000000
[INFO] PDC_SERVER[1]: Fetching region for obj_id=7000000000
[INFO] PDC_SERVER[1]: Checking against Object 2000000000
[INFO] PDC_SERVER[1]: Checking against Object 3000000000
[INFO] PDC_SERVER[1]: Checking against Object 4000000000
[INFO] PDC_SERVER[1]: Object 7000000000 NOT found in cache
[INFO] PDC_SERVER[1]: Fetching region from server for obj_id=7000000000
[INFO] PDC_SERVER[4]: Fetching region for obj_id=7000000000
[INFO] PDC_SERVER[4]: Checking against Object 2000000000
[INFO] PDC_SERVER[4]: Checking against Object 3000000000
[INFO] PDC_SERVER[4]: Checking against Object 4000000000
[INFO] PDC_SERVER[4]: Object 7000000000 NOT found in cache
[INFO] PDC_SERVER[4]: Fetching region from server for obj_id=7000000000
[13:54:12.331332] [WARNING] [pdc_tf_server.c:393] PDC_SERVER[5]: SCHED: setting CUDA device to 0 for edge 0 func=zfp_decompress
[13:54:12.331347] [WARNING] [pdc_tf_server.c:401] PDC_SERVER[5]: SCHED: executing edge 0 func=zfp_decompress dev=GPU
[INFO] PDC_SERVER[0]: Executing graph with json filepath /pscratch/sd/n/nlewi26/src/work_space/source/pdc/tf_client/graphs/zfp_gpu.json
[13:54:12.332269] [WARNING] [pdc_tf_server.c:393] PDC_SERVER[0]: SCHED: setting CUDA device to 0 for edge 0 func=zfp_decompress
[13:54:12.332284] [WARNING] [pdc_tf_server.c:401] PDC_SERVER[0]: SCHED: executing edge 0 func=zfp_decompress dev=GPU
[13:54:12.332781] [WARNING] [pdc_tf_server.c:393] PDC_SERVER[3]: SCHED: setting CUDA device to 0 for edge 0 func=zfp_decompress
[13:54:12.332802] [WARNING] [pdc_tf_server.c:401] PDC_SERVER[3]: SCHED: executing edge 0 func=zfp_decompress dev=GPU
[13:54:12.333241] [WARNING] [pdc_tf_server.c:475] PDC_SERVER[7]: SCHED: done running transformations
[13:54:12.333355] [WARNING] [pdc_tf_server.c:393] PDC_SERVER[2]: SCHED: setting CUDA device to 0 for edge 0 func=zfp_decompress
[13:54:12.333378] [WARNING] [pdc_tf_server.c:401] PDC_SERVER[2]: SCHED: executing edge 0 func=zfp_decompress dev=GPU
[13:54:12.333989] [WARNING] [pdc_tf_server.c:475] PDC_SERVER[6]: SCHED: done running transformations
[13:54:12.334024] [WARNING] [pdc_tf_server.c:393] PDC_SERVER[1]: SCHED: setting CUDA device to 0 for edge 0 func=zfp_decompress
[13:54:12.334047] [WARNING] [pdc_tf_server.c:401] PDC_SERVER[1]: SCHED: executing edge 0 func=zfp_decompress dev=GPU
[13:54:12.335933] [WARNING] [pdc_tf_server.c:393] PDC_SERVER[4]: SCHED: setting CUDA device to 0 for edge 0 func=zfp_decompress
[13:54:12.335957] [WARNING] [pdc_tf_server.c:401] PDC_SERVER[4]: SCHED: executing edge 0 func=zfp_decompress dev=GPU
[INFO] PDC_SERVER[7]: Fetching region for obj_id=7000000000
[INFO] PDC_SERVER[7]: Checking against Object 2000000000
[INFO] PDC_SERVER[7]: Checking against Object 3000000000
[INFO] PDC_SERVER[7]: Checking against Object 4000000000
[INFO] PDC_SERVER[7]: Object 7000000000 NOT found in cache
[INFO] PDC_SERVER[7]: Fetching region from server for obj_id=7000000000
[INFO] PDC_SERVER[6]: Fetching region for obj_id=7000000000
[INFO] PDC_SERVER[6]: Checking against Object 2000000000
[INFO] PDC_SERVER[6]: Checking against Object 3000000000
[INFO] PDC_SERVER[6]: Checking against Object 4000000000
[INFO] PDC_SERVER[6]: Object 7000000000 NOT found in cache
[INFO] PDC_SERVER[6]: Fetching region from server for obj_id=7000000000
[13:54:12.340147] [WARNING] [pdc_tf_server.c:475] PDC_SERVER[5]: SCHED: done running transformations
[13:54:12.340662] [WARNING] [pdc_tf_server.c:475] PDC_SERVER[0]: SCHED: done running transformations
[13:54:12.340872] [WARNING] [pdc_tf_server.c:475] PDC_SERVER[3]: SCHED: done running transformations
[13:54:12.342530] [WARNING] [pdc_tf_server.c:475] PDC_SERVER[1]: SCHED: done running transformations
[13:54:12.342543] [WARNING] [pdc_tf_server.c:475] PDC_SERVER[2]: SCHED: done running transformations
[13:54:12.344470] [WARNING] [pdc_tf_server.c:475] PDC_SERVER[4]: SCHED: done running transformations
[INFO] PDC_SERVER[5]: Fetching region for obj_id=7000000000
[INFO] PDC_SERVER[5]: Checking against Object 2000000000
[INFO] PDC_SERVER[5]: Checking against Object 3000000000
[INFO] PDC_SERVER[5]: Checking against Object 4000000000
[INFO] PDC_SERVER[5]: Object 7000000000 NOT found in cache
[INFO] PDC_SERVER[5]: Fetching region from server for obj_id=7000000000
[INFO] PDC_SERVER[0]: Fetching region for obj_id=7000000000
[INFO] PDC_SERVER[0]: Checking against Object 2000000000
[INFO] PDC_SERVER[0]: Checking against Object 3000000000
[INFO] PDC_SERVER[0]: Checking against Object 4000000000
[INFO] PDC_SERVER[0]: Object 7000000000 NOT found in cache
[INFO] PDC_SERVER[0]: Fetching region from server for obj_id=7000000000
[INFO] PDC_SERVER[3]: Fetching region for obj_id=7000000000
[INFO] PDC_SERVER[3]: Checking against Object 2000000000
[INFO] PDC_SERVER[3]: Checking against Object 3000000000
[INFO] PDC_SERVER[3]: Checking against Object 4000000000
[INFO] PDC_SERVER[3]: Object 7000000000 NOT found in cache
[INFO] PDC_SERVER[3]: Fetching region from server for obj_id=7000000000
[INFO] PDC_SERVER[1]: Fetching region for obj_id=7000000000
[INFO] PDC_SERVER[1]: Checking against Object 2000000000
[INFO] PDC_SERVER[1]: Checking against Object 3000000000
[INFO] PDC_SERVER[2]: Fetching region for obj_id=7000000000
[INFO] PDC_SERVER[2]: Checking against Object 2000000000
[INFO] PDC_SERVER[2]: Checking against Object 3000000000
[INFO] PDC_SERVER[1]: Checking against Object 4000000000
[INFO] PDC_SERVER[1]: Object 7000000000 NOT found in cache
[INFO] PDC_SERVER[1]: Fetching region from server for obj_id=7000000000
[INFO] PDC_SERVER[2]: Checking against Object 4000000000
[INFO] PDC_SERVER[2]: Object 7000000000 NOT found in cache
[INFO] PDC_SERVER[2]: Fetching region from server for obj_id=7000000000
[INFO] PDC_SERVER[4]: Fetching region for obj_id=7000000000
[INFO] PDC_SERVER[4]: Checking against Object 2000000000
[INFO] PDC_SERVER[4]: Checking against Object 3000000000
[INFO] PDC_SERVER[4]: Checking against Object 4000000000
[INFO] PDC_SERVER[4]: Object 7000000000 NOT found in cache
[INFO] PDC_SERVER[4]: Fetching region from server for obj_id=7000000000
[13:54:12.354473] [WARNING] [pdc_tf_server.c:393] PDC_SERVER[7]: SCHED: setting CUDA device to 0 for edge 0 func=zfp_decompress
[13:54:12.354487] [WARNING] [pdc_tf_server.c:401] PDC_SERVER[7]: SCHED: executing edge 0 func=zfp_decompress dev=GPU
[13:54:12.355349] [WARNING] [pdc_tf_server.c:393] PDC_SERVER[6]: SCHED: setting CUDA device to 0 for edge 0 func=zfp_decompress
[13:54:12.355369] [WARNING] [pdc_tf_server.c:401] PDC_SERVER[6]: SCHED: executing edge 0 func=zfp_decompress dev=GPU
[13:54:12.360773] [WARNING] [pdc_tf_server.c:393] PDC_SERVER[5]: SCHED: setting CUDA device to 0 for edge 0 func=zfp_decompress
[13:54:12.360794] [WARNING] [pdc_tf_server.c:401] PDC_SERVER[5]: SCHED: executing edge 0 func=zfp_decompress dev=GPU
[INFO] PDC_SERVER[0]: Executing graph with json filepath /pscratch/sd/n/nlewi26/src/work_space/source/pdc/tf_client/graphs/zfp_gpu.json
[13:54:12.361680] [WARNING] [pdc_tf_server.c:393] PDC_SERVER[0]: SCHED: setting CUDA device to 0 for edge 0 func=zfp_decompress
[13:54:12.361695] [WARNING] [pdc_tf_server.c:401] PDC_SERVER[0]: SCHED: executing edge 0 func=zfp_decompress dev=GPU
[13:54:12.362102] [WARNING] [pdc_tf_server.c:393] PDC_SERVER[3]: SCHED: setting CUDA device to 0 for edge 0 func=zfp_decompress
[13:54:12.362124] [WARNING] [pdc_tf_server.c:401] PDC_SERVER[3]: SCHED: executing edge 0 func=zfp_decompress dev=GPU
[13:54:12.363026] [WARNING] [pdc_tf_server.c:475] PDC_SERVER[7]: SCHED: done running transformations
[13:54:12.363491] [WARNING] [pdc_tf_server.c:393] PDC_SERVER[1]: SCHED: setting CUDA device to 0 for edge 0 func=zfp_decompress
[13:54:12.363512] [WARNING] [pdc_tf_server.c:401] PDC_SERVER[1]: SCHED: executing edge 0 func=zfp_decompress dev=GPU
[13:54:12.363929] [WARNING] [pdc_tf_server.c:393] PDC_SERVER[2]: SCHED: setting CUDA device to 0 for edge 0 func=zfp_decompress
[13:54:12.363951] [WARNING] [pdc_tf_server.c:401] PDC_SERVER[2]: SCHED: executing edge 0 func=zfp_decompress dev=GPU
[13:54:12.364749] [WARNING] [pdc_tf_server.c:475] PDC_SERVER[6]: SCHED: done running transformations
[13:54:12.366087] [WARNING] [pdc_tf_server.c:393] PDC_SERVER[4]: SCHED: setting CUDA device to 0 for edge 0 func=zfp_decompress
[13:54:12.366102] [WARNING] [pdc_tf_server.c:401] PDC_SERVER[4]: SCHED: executing edge 0 func=zfp_decompress dev=GPU
[INFO] PDC_SERVER[7]: Fetching region for obj_id=7000000000
[INFO] PDC_SERVER[7]: Checking against Object 2000000000
[INFO] PDC_SERVER[7]: Checking against Object 3000000000
[INFO] PDC_SERVER[7]: Checking against Object 4000000000
[INFO] PDC_SERVER[7]: Object 7000000000 NOT found in cache
[INFO] PDC_SERVER[7]: Fetching region from server for obj_id=7000000000
[13:54:12.368818] [WARNING] [pdc_tf_server.c:475] PDC_SERVER[5]: SCHED: done running transformations
[13:54:12.369260] [WARNING] [pdc_tf_server.c:475] PDC_SERVER[3]: SCHED: done running transformations
[13:54:12.369542] [WARNING] [pdc_tf_server.c:475] PDC_SERVER[0]: SCHED: done running transformations
[INFO] PDC_SERVER[6]: Fetching region for obj_id=7000000000
[INFO] PDC_SERVER[6]: Checking against Object 2000000000
[INFO] PDC_SERVER[6]: Checking against Object 3000000000
[INFO] PDC_SERVER[6]: Checking against Object 4000000000
[INFO] PDC_SERVER[6]: Object 7000000000 NOT found in cache
[INFO] PDC_SERVER[6]: Fetching region from server for obj_id=7000000000
[13:54:12.371566] [WARNING] [pdc_tf_server.c:475] PDC_SERVER[1]: SCHED: done running transformations
[13:54:12.371763] [WARNING] [pdc_tf_server.c:475] PDC_SERVER[2]: SCHED: done running transformations
[13:54:12.373551] [WARNING] [pdc_tf_server.c:475] PDC_SERVER[4]: SCHED: done running transformations
[INFO] PDC_SERVER[5]: Fetching region for obj_id=7000000000
[INFO] PDC_SERVER[5]: Checking against Object 2000000000
[INFO] PDC_SERVER[5]: Checking against Object 3000000000
[INFO] PDC_SERVER[5]: Checking against Object 4000000000
[INFO] PDC_SERVER[5]: Object 7000000000 NOT found in cache
[INFO] PDC_SERVER[5]: Fetching region from server for obj_id=7000000000
[INFO] PDC_SERVER[3]: Fetching region for obj_id=7000000000
[INFO] PDC_SERVER[3]: Checking against Object 2000000000
[INFO] PDC_SERVER[3]: Checking against Object 3000000000
[INFO] PDC_SERVER[3]: Checking against Object 4000000000
[INFO] PDC_SERVER[3]: Object 7000000000 NOT found in cache
[INFO] PDC_SERVER[3]: Fetching region from server for obj_id=7000000000
[INFO] PDC_SERVER[0]: Fetching region for obj_id=7000000000
[INFO] PDC_SERVER[0]: Checking against Object 2000000000
[INFO] PDC_SERVER[0]: Checking against Object 3000000000
[INFO] PDC_SERVER[0]: Checking against Object 4000000000
[INFO] PDC_SERVER[0]: Object 7000000000 NOT found in cache
[INFO] PDC_SERVER[0]: Fetching region from server for obj_id=7000000000
[INFO] PDC_SERVER[1]: Fetching region for obj_id=7000000000
[INFO] PDC_SERVER[1]: Checking against Object 2000000000
[INFO] PDC_SERVER[1]: Checking against Object 3000000000
[INFO] PDC_SERVER[1]: Checking against Object 4000000000
[INFO] PDC_SERVER[1]: Object 7000000000 NOT found in cache
[INFO] PDC_SERVER[1]: Fetching region from server for obj_id=7000000000
[INFO] PDC_SERVER[2]: Fetching region for obj_id=7000000000
[INFO] PDC_SERVER[2]: Checking against Object 2000000000
[INFO] PDC_SERVER[2]: Checking against Object 3000000000
[INFO] PDC_SERVER[2]: Checking against Object 4000000000
[INFO] PDC_SERVER[2]: Object 7000000000 NOT found in cache
[INFO] PDC_SERVER[2]: Fetching region from server for obj_id=7000000000
[INFO] PDC_SERVER[4]: Fetching region for obj_id=7000000000
[INFO] PDC_SERVER[4]: Checking against Object 2000000000
[INFO] PDC_SERVER[4]: Checking against Object 3000000000
[INFO] PDC_SERVER[4]: Checking against Object 4000000000
[INFO] PDC_SERVER[4]: Object 7000000000 NOT found in cache
[INFO] PDC_SERVER[4]: Fetching region from server for obj_id=7000000000
[13:54:12.385364] [WARNING] [pdc_tf_server.c:393] PDC_SERVER[7]: SCHED: setting CUDA device to 0 for edge 0 func=zfp_decompress
[13:54:12.385381] [WARNING] [pdc_tf_server.c:401] PDC_SERVER[7]: SCHED: executing edge 0 func=zfp_decompress dev=GPU
[13:54:12.386213] [WARNING] [pdc_tf_server.c:393] PDC_SERVER[6]: SCHED: setting CUDA device to 0 for edge 0 func=zfp_decompress
[13:54:12.386236] [WARNING] [pdc_tf_server.c:401] PDC_SERVER[6]: SCHED: executing edge 0 func=zfp_decompress dev=GPU
[13:54:12.389259] [WARNING] [pdc_tf_server.c:393] PDC_SERVER[5]: SCHED: setting CUDA device to 0 for edge 0 func=zfp_decompress
[13:54:12.389280] [WARNING] [pdc_tf_server.c:401] PDC_SERVER[5]: SCHED: executing edge 0 func=zfp_decompress dev=GPU
[13:54:12.390345] [WARNING] [pdc_tf_server.c:393] PDC_SERVER[3]: SCHED: setting CUDA device to 0 for edge 0 func=zfp_decompress
[13:54:12.390367] [WARNING] [pdc_tf_server.c:401] PDC_SERVER[3]: SCHED: executing edge 0 func=zfp_decompress dev=GPU
[INFO] PDC_SERVER[0]: Executing graph with json filepath /pscratch/sd/n/nlewi26/src/work_space/source/pdc/tf_client/graphs/zfp_gpu.json
[13:54:12.390490] [WARNING] [pdc_tf_server.c:393] PDC_SERVER[0]: SCHED: setting CUDA device to 0 for edge 0 func=zfp_decompress
[13:54:12.390505] [WARNING] [pdc_tf_server.c:401] PDC_SERVER[0]: SCHED: executing edge 0 func=zfp_decompress dev=GPU
[13:54:12.392601] [WARNING] [pdc_tf_server.c:393] PDC_SERVER[1]: SCHED: setting CUDA device to 0 for edge 0 func=zfp_decompress
[13:54:12.392622] [WARNING] [pdc_tf_server.c:401] PDC_SERVER[1]: SCHED: executing edge 0 func=zfp_decompress dev=GPU
[13:54:12.393232] [WARNING] [pdc_tf_server.c:393] PDC_SERVER[2]: SCHED: setting CUDA device to 0 for edge 0 func=zfp_decompress
[13:54:12.393249] [WARNING] [pdc_tf_server.c:401] PDC_SERVER[2]: SCHED: executing edge 0 func=zfp_decompress dev=GPU
[13:54:12.393898] [WARNING] [pdc_tf_server.c:475] PDC_SERVER[7]: SCHED: done running transformations
[13:54:12.394564] [WARNING] [pdc_tf_server.c:475] PDC_SERVER[6]: SCHED: done running transformations
[13:54:12.395057] [WARNING] [pdc_tf_server.c:393] PDC_SERVER[4]: SCHED: setting CUDA device to 0 for edge 0 func=zfp_decompress
[13:54:12.395073] [WARNING] [pdc_tf_server.c:401] PDC_SERVER[4]: SCHED: executing edge 0 func=zfp_decompress dev=GPU
[13:54:12.397222] [WARNING] [pdc_tf_server.c:475] PDC_SERVER[5]: SCHED: done running transformations
[13:54:12.397495] [WARNING] [pdc_tf_server.c:475] PDC_SERVER[3]: SCHED: done running transformations
[INFO] PDC_SERVER[7]: Fetching region for obj_id=7000000000
[INFO] PDC_SERVER[7]: Checking against Object 2000000000
[INFO] PDC_SERVER[7]: Checking against Object 3000000000
[INFO] PDC_SERVER[7]: Checking against Object 4000000000
[INFO] PDC_SERVER[7]: Object 7000000000 NOT found in cache
[INFO] PDC_SERVER[7]: Fetching region from server for obj_id=7000000000
[INFO] PDC_SERVER[6]: Fetching region for obj_id=7000000000
[INFO] PDC_SERVER[6]: Checking against Object 2000000000
[INFO] PDC_SERVER[6]: Checking against Object 3000000000
[INFO] PDC_SERVER[6]: Checking against Object 4000000000
[INFO] PDC_SERVER[6]: Object 7000000000 NOT found in cache
[INFO] PDC_SERVER[6]: Fetching region from server for obj_id=7000000000
[13:54:12.401023] [WARNING] [pdc_tf_server.c:475] PDC_SERVER[2]: SCHED: done running transformations
[INFO] PDC_SERVER[5]: Fetching region for obj_id=7000000000
[INFO] PDC_SERVER[5]: Checking against Object 2000000000
[INFO] PDC_SERVER[5]: Checking against Object 3000000000
[INFO] PDC_SERVER[5]: Checking against Object 4000000000
[INFO] PDC_SERVER[5]: Object 7000000000 NOT found in cache
[INFO] PDC_SERVER[5]: Fetching region from server for obj_id=7000000000
[13:54:12.402236] [WARNING] [pdc_tf_server.c:475] PDC_SERVER[0]: SCHED: done running transformations
[INFO] PDC_SERVER[3]: Fetching region for obj_id=7000000000
[INFO] PDC_SERVER[3]: Checking against Object 2000000000
[INFO] PDC_SERVER[3]: Checking against Object 3000000000
[INFO] PDC_SERVER[3]: Checking against Object 4000000000
[INFO] PDC_SERVER[3]: Object 7000000000 NOT found in cache
[INFO] PDC_SERVER[3]: Fetching region from server for obj_id=7000000000
[13:54:12.404489] [WARNING] [pdc_tf_server.c:475] PDC_SERVER[4]: SCHED: done running transformations
[13:54:12.404650] [WARNING] [pdc_tf_server.c:475] PDC_SERVER[1]: SCHED: done running transformations
[INFO] PDC_SERVER[2]: Fetching region for obj_id=7000000000
[INFO] PDC_SERVER[2]: Checking against Object 2000000000
[INFO] PDC_SERVER[2]: Checking against Object 3000000000
[INFO] PDC_SERVER[2]: Checking against Object 4000000000
[INFO] PDC_SERVER[2]: Object 7000000000 NOT found in cache
[INFO] PDC_SERVER[2]: Fetching region from server for obj_id=7000000000
[INFO] PDC_SERVER[0]: Fetching region for obj_id=7000000000
[INFO] PDC_SERVER[0]: Checking against Object 2000000000
[INFO] PDC_SERVER[0]: Checking against Object 3000000000
[INFO] PDC_SERVER[0]: Checking against Object 4000000000
[INFO] PDC_SERVER[0]: Object 7000000000 NOT found in cache
[INFO] PDC_SERVER[0]: Fetching region from server for obj_id=7000000000
[INFO] PDC_SERVER[4]: Fetching region for obj_id=7000000000
[INFO] PDC_SERVER[4]: Checking against Object 2000000000
[INFO] PDC_SERVER[4]: Checking against Object 3000000000
[INFO] PDC_SERVER[4]: Checking against Object 4000000000
[INFO] PDC_SERVER[4]: Object 7000000000 NOT found in cache
[INFO] PDC_SERVER[4]: Fetching region from server for obj_id=7000000000
[INFO] PDC_SERVER[1]: Fetching region for obj_id=7000000000
[INFO] PDC_SERVER[1]: Checking against Object 2000000000
[INFO] PDC_SERVER[1]: Checking against Object 3000000000
[INFO] PDC_SERVER[1]: Checking against Object 4000000000
[INFO] PDC_SERVER[1]: Object 7000000000 NOT found in cache
[INFO] PDC_SERVER[1]: Fetching region from server for obj_id=7000000000
[13:54:12.414955] [WARNING] [pdc_tf_server.c:393] PDC_SERVER[7]: SCHED: setting CUDA device to 0 for edge 0 func=zfp_decompress
[13:54:12.414971] [WARNING] [pdc_tf_server.c:401] PDC_SERVER[7]: SCHED: executing edge 0 func=zfp_decompress dev=GPU
[13:54:12.416018] [WARNING] [pdc_tf_server.c:393] PDC_SERVER[6]: SCHED: setting CUDA device to 0 for edge 0 func=zfp_decompress
[13:54:12.416033] [WARNING] [pdc_tf_server.c:401] PDC_SERVER[6]: SCHED: executing edge 0 func=zfp_decompress dev=GPU
[13:54:12.417623] [WARNING] [pdc_tf_server.c:393] PDC_SERVER[5]: SCHED: setting CUDA device to 0 for edge 0 func=zfp_decompress
[13:54:12.417644] [WARNING] [pdc_tf_server.c:401] PDC_SERVER[5]: SCHED: executing edge 0 func=zfp_decompress dev=GPU
[13:54:12.418815] [WARNING] [pdc_tf_server.c:393] PDC_SERVER[3]: SCHED: setting CUDA device to 0 for edge 0 func=zfp_decompress
[13:54:12.418846] [WARNING] [pdc_tf_server.c:401] PDC_SERVER[3]: SCHED: executing edge 0 func=zfp_decompress dev=GPU
[13:54:12.422252] [WARNING] [pdc_tf_server.c:393] PDC_SERVER[2]: SCHED: setting CUDA device to 0 for edge 0 func=zfp_decompress
[13:54:12.422265] [WARNING] [pdc_tf_server.c:401] PDC_SERVER[2]: SCHED: executing edge 0 func=zfp_decompress dev=GPU
[INFO] PDC_SERVER[0]: Executing graph with json filepath /pscratch/sd/n/nlewi26/src/work_space/source/pdc/tf_client/graphs/zfp_gpu.json
[13:54:12.423329] [WARNING] [pdc_tf_server.c:393] PDC_SERVER[0]: SCHED: setting CUDA device to 0 for edge 0 func=zfp_decompress
[13:54:12.423344] [WARNING] [pdc_tf_server.c:401] PDC_SERVER[0]: SCHED: executing edge 0 func=zfp_decompress dev=GPU
[13:54:12.423497] [WARNING] [pdc_tf_server.c:475] PDC_SERVER[7]: SCHED: done running transformations
[13:54:12.424543] [WARNING] [pdc_tf_server.c:475] PDC_SERVER[6]: SCHED: done running transformations
[13:54:12.425072] [WARNING] [pdc_tf_server.c:393] PDC_SERVER[4]: SCHED: setting CUDA device to 0 for edge 0 func=zfp_decompress
[13:54:12.425087] [WARNING] [pdc_tf_server.c:401] PDC_SERVER[4]: SCHED: executing edge 0 func=zfp_decompress dev=GPU
[13:54:12.425454] [WARNING] [pdc_tf_server.c:393] PDC_SERVER[1]: SCHED: setting CUDA device to 0 for edge 0 func=zfp_decompress
[13:54:12.425470] [WARNING] [pdc_tf_server.c:401] PDC_SERVER[1]: SCHED: executing edge 0 func=zfp_decompress dev=GPU
[13:54:12.425623] [WARNING] [pdc_tf_server.c:475] PDC_SERVER[5]: SCHED: done running transformations
[13:54:12.425902] [WARNING] [pdc_tf_server.c:475] PDC_SERVER[3]: SCHED: done running transformations
[INFO] PDC_SERVER[7]: Fetching region for obj_id=7000000000
[INFO] PDC_SERVER[7]: Checking against Object 2000000000
[INFO] PDC_SERVER[7]: Checking against Object 3000000000
[INFO] PDC_SERVER[7]: Checking against Object 4000000000
[INFO] PDC_SERVER[7]: Object 7000000000 NOT found in cache
[INFO] PDC_SERVER[7]: Fetching region from server for obj_id=7000000000
[13:54:12.430046] [WARNING] [pdc_tf_server.c:475] PDC_SERVER[2]: SCHED: done running transformations
[INFO] PDC_SERVER[6]: Fetching region for obj_id=7000000000
[INFO] PDC_SERVER[6]: Checking against Object 2000000000
[INFO] PDC_SERVER[6]: Checking against Object 3000000000
[INFO] PDC_SERVER[6]: Checking against Object 4000000000
[INFO] PDC_SERVER[6]: Object 7000000000 NOT found in cache
[INFO] PDC_SERVER[6]: Fetching region from server for obj_id=7000000000
[INFO] PDC_SERVER[5]: Fetching region for obj_id=7000000000
[INFO] PDC_SERVER[5]: Checking against Object 2000000000
[INFO] PDC_SERVER[5]: Checking against Object 3000000000
[INFO] PDC_SERVER[5]: Checking against Object 4000000000
[INFO] PDC_SERVER[5]: Object 7000000000 NOT found in cache
[INFO] PDC_SERVER[5]: Fetching region from server for obj_id=7000000000
[INFO] PDC_SERVER[3]: Fetching region for obj_id=7000000000
[INFO] PDC_SERVER[3]: Checking against Object 2000000000
[INFO] PDC_SERVER[3]: Checking against Object 3000000000
[INFO] PDC_SERVER[3]: Checking against Object 4000000000
[INFO] PDC_SERVER[3]: Object 7000000000 NOT found in cache
[INFO] PDC_SERVER[3]: Fetching region from server for obj_id=7000000000
[13:54:12.433985] [WARNING] [pdc_tf_server.c:475] PDC_SERVER[4]: SCHED: done running transformations
[INFO] PDC_SERVER[2]: Fetching region for obj_id=7000000000
[INFO] PDC_SERVER[2]: Checking against Object 2000000000
[INFO] PDC_SERVER[2]: Checking against Object 3000000000
[INFO] PDC_SERVER[2]: Checking against Object 4000000000
[INFO] PDC_SERVER[2]: Object 7000000000 NOT found in cache
[INFO] PDC_SERVER[2]: Fetching region from server for obj_id=7000000000
[INFO] PDC_SERVER[4]: Fetching region for obj_id=7000000000
[INFO] PDC_SERVER[4]: Checking against Object 2000000000
[INFO] PDC_SERVER[4]: Checking against Object 3000000000
[INFO] PDC_SERVER[4]: Checking against Object 4000000000
[INFO] PDC_SERVER[4]: Object 7000000000 NOT found in cache
[INFO] PDC_SERVER[4]: Fetching region from server for obj_id=7000000000
[13:54:12.444687] [WARNING] [pdc_tf_server.c:393] PDC_SERVER[7]: SCHED: setting CUDA device to 0 for edge 0 func=zfp_decompress
[13:54:12.444703] [WARNING] [pdc_tf_server.c:401] PDC_SERVER[7]: SCHED: executing edge 0 func=zfp_decompress dev=GPU
[13:54:12.445904] [WARNING] [pdc_tf_server.c:475] PDC_SERVER[0]: SCHED: done running transformations
[13:54:12.445933] [WARNING] [pdc_tf_server.c:475] PDC_SERVER[1]: SCHED: done running transformations
[13:54:12.446287] [WARNING] [pdc_tf_server.c:393] PDC_SERVER[5]: SCHED: setting CUDA device to 0 for edge 0 func=zfp_decompress
[13:54:12.446300] [WARNING] [pdc_tf_server.c:401] PDC_SERVER[5]: SCHED: executing edge 0 func=zfp_decompress dev=GPU
[13:54:12.446399] [WARNING] [pdc_tf_server.c:393] PDC_SERVER[6]: SCHED: setting CUDA device to 0 for edge 0 func=zfp_decompress
[13:54:12.446422] [WARNING] [pdc_tf_server.c:401] PDC_SERVER[6]: SCHED: executing edge 0 func=zfp_decompress dev=GPU
[13:54:12.447150] [WARNING] [pdc_tf_server.c:393] PDC_SERVER[3]: SCHED: setting CUDA device to 0 for edge 0 func=zfp_decompress
[13:54:12.447173] [WARNING] [pdc_tf_server.c:401] PDC_SERVER[3]: SCHED: executing edge 0 func=zfp_decompress dev=GPU
[INFO] PDC_SERVER[0]: Fetching region for obj_id=7000000000
[INFO] PDC_SERVER[0]: Checking against Object 2000000000
[INFO] PDC_SERVER[0]: Checking against Object 3000000000
[INFO] PDC_SERVER[1]: Fetching region for obj_id=7000000000
[INFO] PDC_SERVER[1]: Checking against Object 2000000000
[INFO] PDC_SERVER[1]: Checking against Object 3000000000
[INFO] PDC_SERVER[1]: Checking against Object 4000000000
[INFO] PDC_SERVER[1]: Object 7000000000 NOT found in cache
[INFO] PDC_SERVER[1]: Fetching region from server for obj_id=7000000000
[INFO] PDC_SERVER[0]: Checking against Object 4000000000
[INFO] PDC_SERVER[0]: Object 7000000000 NOT found in cache
[INFO] PDC_SERVER[0]: Fetching region from server for obj_id=7000000000
[13:54:12.451431] [WARNING] [pdc_tf_server.c:393] PDC_SERVER[2]: SCHED: setting CUDA device to 0 for edge 0 func=zfp_decompress
[13:54:12.451451] [WARNING] [pdc_tf_server.c:401] PDC_SERVER[2]: SCHED: executing edge 0 func=zfp_decompress dev=GPU
[13:54:12.452931] [WARNING] [pdc_tf_server.c:475] PDC_SERVER[7]: SCHED: done running transformations
[13:54:12.454093] [WARNING] [pdc_tf_server.c:475] PDC_SERVER[5]: SCHED: done running transformations
[13:54:12.454269] [WARNING] [pdc_tf_server.c:475] PDC_SERVER[3]: SCHED: done running transformations
[13:54:12.454656] [WARNING] [pdc_tf_server.c:475] PDC_SERVER[6]: SCHED: done running transformations
[13:54:12.454636] [WARNING] [pdc_tf_server.c:393] PDC_SERVER[4]: SCHED: setting CUDA device to 0 for edge 0 func=zfp_decompress
[13:54:12.454659] [WARNING] [pdc_tf_server.c:401] PDC_SERVER[4]: SCHED: executing edge 0 func=zfp_decompress dev=GPU
[INFO] PDC_SERVER[7]: Fetching region for obj_id=7000000000
[INFO] PDC_SERVER[7]: Checking against Object 2000000000
[INFO] PDC_SERVER[7]: Checking against Object 3000000000
[INFO] PDC_SERVER[7]: Checking against Object 4000000000
[INFO] PDC_SERVER[7]: Object 7000000000 NOT found in cache
[INFO] PDC_SERVER[7]: Fetching region from server for obj_id=7000000000
[INFO] PDC_SERVER[5]: Fetching region for obj_id=7000000000
[INFO] PDC_SERVER[5]: Checking against Object 2000000000
[INFO] PDC_SERVER[5]: Checking against Object 3000000000
[INFO] PDC_SERVER[5]: Checking against Object 4000000000
[INFO] PDC_SERVER[5]: Object 7000000000 NOT found in cache
[INFO] PDC_SERVER[5]: Fetching region from server for obj_id=7000000000
[13:54:12.459348] [WARNING] [pdc_tf_server.c:475] PDC_SERVER[2]: SCHED: done running transformations
[INFO] PDC_SERVER[3]: Fetching region for obj_id=7000000000
[INFO] PDC_SERVER[3]: Checking against Object 2000000000
[INFO] PDC_SERVER[3]: Checking against Object 3000000000
[INFO] PDC_SERVER[3]: Checking against Object 4000000000
[INFO] PDC_SERVER[3]: Object 7000000000 NOT found in cache
[INFO] PDC_SERVER[3]: Fetching region from server for obj_id=7000000000
[INFO] PDC_SERVER[6]: Fetching region for obj_id=7000000000
[INFO] PDC_SERVER[6]: Checking against Object 2000000000
[INFO] PDC_SERVER[6]: Checking against Object 3000000000
[INFO] PDC_SERVER[6]: Checking against Object 4000000000
[INFO] PDC_SERVER[6]: Object 7000000000 NOT found in cache
[INFO] PDC_SERVER[6]: Fetching region from server for obj_id=7000000000
[13:54:12.462335] [WARNING] [pdc_tf_server.c:475] PDC_SERVER[4]: SCHED: done running transformations
[INFO] PDC_SERVER[2]: Fetching region for obj_id=7000000000
[INFO] PDC_SERVER[2]: Checking against Object 2000000000
[INFO] PDC_SERVER[2]: Checking against Object 3000000000
[INFO] PDC_SERVER[2]: Checking against Object 4000000000
[INFO] PDC_SERVER[2]: Object 7000000000 NOT found in cache
[INFO] PDC_SERVER[2]: Fetching region from server for obj_id=7000000000
[INFO] PDC_SERVER[0]: Executing graph with json filepath /pscratch/sd/n/nlewi26/src/work_space/source/pdc/tf_client/graphs/zfp_gpu.json
[13:54:12.466961] [WARNING] [pdc_tf_server.c:393] PDC_SERVER[0]: SCHED: setting CUDA device to 0 for edge 0 func=zfp_decompress
[13:54:12.466975] [WARNING] [pdc_tf_server.c:401] PDC_SERVER[0]: SCHED: executing edge 0 func=zfp_decompress dev=GPU
[INFO] PDC_SERVER[4]: Fetching region for obj_id=7000000000
[INFO] PDC_SERVER[4]: Checking against Object 2000000000
[INFO] PDC_SERVER[4]: Checking against Object 3000000000
[INFO] PDC_SERVER[4]: Checking against Object 4000000000
[INFO] PDC_SERVER[4]: Object 7000000000 NOT found in cache
[INFO] PDC_SERVER[4]: Fetching region from server for obj_id=7000000000
[13:54:12.467624] [WARNING] [pdc_tf_server.c:393] PDC_SERVER[1]: SCHED: setting CUDA device to 0 for edge 0 func=zfp_decompress
[13:54:12.467645] [WARNING] [pdc_tf_server.c:401] PDC_SERVER[1]: SCHED: executing edge 0 func=zfp_decompress dev=GPU
[13:54:12.474019] [WARNING] [pdc_tf_server.c:393] PDC_SERVER[7]: SCHED: setting CUDA device to 0 for edge 0 func=zfp_decompress
[13:54:12.474036] [WARNING] [pdc_tf_server.c:401] PDC_SERVER[7]: SCHED: executing edge 0 func=zfp_decompress dev=GPU
[13:54:12.475385] [WARNING] [pdc_tf_server.c:393] PDC_SERVER[5]: SCHED: setting CUDA device to 0 for edge 0 func=zfp_decompress
[13:54:12.475424] [WARNING] [pdc_tf_server.c:401] PDC_SERVER[5]: SCHED: executing edge 0 func=zfp_decompress dev=GPU
[13:54:12.475523] [WARNING] [pdc_tf_server.c:393] PDC_SERVER[3]: SCHED: setting CUDA device to 0 for edge 0 func=zfp_decompress
[13:54:12.475547] [WARNING] [pdc_tf_server.c:401] PDC_SERVER[3]: SCHED: executing edge 0 func=zfp_decompress dev=GPU
[13:54:12.475684] [WARNING] [pdc_tf_server.c:393] PDC_SERVER[6]: SCHED: setting CUDA device to 0 for edge 0 func=zfp_decompress
[13:54:12.475701] [WARNING] [pdc_tf_server.c:401] PDC_SERVER[6]: SCHED: executing edge 0 func=zfp_decompress dev=GPU
[13:54:12.480273] [WARNING] [pdc_tf_server.c:393] PDC_SERVER[2]: SCHED: setting CUDA device to 0 for edge 0 func=zfp_decompress
[13:54:12.480289] [WARNING] [pdc_tf_server.c:401] PDC_SERVER[2]: SCHED: executing edge 0 func=zfp_decompress dev=GPU
[13:54:12.482244] [WARNING] [pdc_tf_server.c:475] PDC_SERVER[7]: SCHED: done running transformations
[13:54:12.482656] [WARNING] [pdc_tf_server.c:475] PDC_SERVER[3]: SCHED: done running transformations
[13:54:12.482816] [WARNING] [pdc_tf_server.c:393] PDC_SERVER[4]: SCHED: setting CUDA device to 0 for edge 0 func=zfp_decompress
[13:54:12.482843] [WARNING] [pdc_tf_server.c:401] PDC_SERVER[4]: SCHED: executing edge 0 func=zfp_decompress dev=GPU
[13:54:12.483516] [WARNING] [pdc_tf_server.c:475] PDC_SERVER[5]: SCHED: done running transformations
[13:54:12.484034] [WARNING] [pdc_tf_server.c:475] PDC_SERVER[6]: SCHED: done running transformations
[13:54:12.485826] [WARNING] [pdc_tf_server.c:475] PDC_SERVER[1]: SCHED: done running transformations
[13:54:12.485868] [WARNING] [pdc_tf_server.c:475] PDC_SERVER[0]: SCHED: done running transformations
[INFO] PDC_SERVER[7]: Fetching region for obj_id=7000000000
[INFO] PDC_SERVER[7]: Checking against Object 2000000000
[INFO] PDC_SERVER[7]: Checking against Object 3000000000
[INFO] PDC_SERVER[7]: Checking against Object 4000000000
[INFO] PDC_SERVER[7]: Object 7000000000 NOT found in cache
[INFO] PDC_SERVER[7]: Fetching region from server for obj_id=7000000000
[INFO] PDC_SERVER[3]: Fetching region for obj_id=7000000000
[INFO] PDC_SERVER[3]: Checking against Object 2000000000
[INFO] PDC_SERVER[3]: Checking against Object 3000000000
[INFO] PDC_SERVER[3]: Checking against Object 4000000000
[INFO] PDC_SERVER[3]: Object 7000000000 NOT found in cache
[INFO] PDC_SERVER[3]: Fetching region from server for obj_id=7000000000
[INFO] PDC_SERVER[5]: Fetching region for obj_id=7000000000
[INFO] PDC_SERVER[5]: Checking against Object 2000000000
[INFO] PDC_SERVER[5]: Checking against Object 3000000000
[INFO] PDC_SERVER[5]: Checking against Object 4000000000
[INFO] PDC_SERVER[5]: Object 7000000000 NOT found in cache
[INFO] PDC_SERVER[5]: Fetching region from server for obj_id=7000000000
[13:54:12.489071] [WARNING] [pdc_tf_server.c:475] PDC_SERVER[2]: SCHED: done running transformations
[INFO] PDC_SERVER[6]: Fetching region for obj_id=7000000000
[INFO] PDC_SERVER[6]: Checking against Object 2000000000
[INFO] PDC_SERVER[6]: Checking against Object 3000000000
[INFO] PDC_SERVER[6]: Checking against Object 4000000000
[INFO] PDC_SERVER[6]: Object 7000000000 NOT found in cache
[INFO] PDC_SERVER[6]: Fetching region from server for obj_id=7000000000
[INFO] PDC_SERVER[1]: Fetching region for obj_id=7000000000
[INFO] PDC_SERVER[1]: Checking against Object 2000000000
[INFO] PDC_SERVER[1]: Checking against Object 3000000000
[INFO] PDC_SERVER[1]: Checking against Object 4000000000
[INFO] PDC_SERVER[1]: Object 7000000000 NOT found in cache
[INFO] PDC_SERVER[1]: Fetching region from server for obj_id=7000000000
[INFO] PDC_SERVER[0]: Fetching region for obj_id=7000000000
[INFO] PDC_SERVER[0]: Checking against Object 2000000000
[INFO] PDC_SERVER[0]: Checking against Object 3000000000
[INFO] PDC_SERVER[0]: Checking against Object 4000000000
[INFO] PDC_SERVER[0]: Object 7000000000 NOT found in cache
[INFO] PDC_SERVER[0]: Fetching region from server for obj_id=7000000000
[13:54:12.491760] [WARNING] [pdc_tf_server.c:475] PDC_SERVER[4]: SCHED: done running transformations
[INFO] PDC_SERVER[2]: Fetching region for obj_id=7000000000
[INFO] PDC_SERVER[2]: Checking against Object 2000000000
[INFO] PDC_SERVER[2]: Checking against Object 3000000000
[INFO] PDC_SERVER[2]: Checking against Object 4000000000
[INFO] PDC_SERVER[2]: Object 7000000000 NOT found in cache
[INFO] PDC_SERVER[2]: Fetching region from server for obj_id=7000000000
[INFO] PDC_SERVER[4]: Fetching region for obj_id=7000000000
[INFO] PDC_SERVER[4]: Checking against Object 2000000000
[INFO] PDC_SERVER[4]: Checking against Object 3000000000
[INFO] PDC_SERVER[4]: Checking against Object 4000000000
[INFO] PDC_SERVER[4]: Object 7000000000 NOT found in cache
[INFO] PDC_SERVER[4]: Fetching region from server for obj_id=7000000000
[13:54:12.503446] [WARNING] [pdc_tf_server.c:393] PDC_SERVER[7]: SCHED: setting CUDA device to 0 for edge 0 func=zfp_decompress
[13:54:12.503462] [WARNING] [pdc_tf_server.c:401] PDC_SERVER[7]: SCHED: executing edge 0 func=zfp_decompress dev=GPU
[13:54:12.503899] [WARNING] [pdc_tf_server.c:393] PDC_SERVER[5]: SCHED: setting CUDA device to 0 for edge 0 func=zfp_decompress
[13:54:12.503914] [WARNING] [pdc_tf_server.c:401] PDC_SERVER[5]: SCHED: executing edge 0 func=zfp_decompress dev=GPU
[13:54:12.504329] [WARNING] [pdc_tf_server.c:393] PDC_SERVER[3]: SCHED: setting CUDA device to 0 for edge 0 func=zfp_decompress
[13:54:12.504352] [WARNING] [pdc_tf_server.c:401] PDC_SERVER[3]: SCHED: executing edge 0 func=zfp_decompress dev=GPU
[13:54:12.505770] [WARNING] [pdc_tf_server.c:393] PDC_SERVER[6]: SCHED: setting CUDA device to 0 for edge 0 func=zfp_decompress
[13:54:12.505794] [WARNING] [pdc_tf_server.c:401] PDC_SERVER[6]: SCHED: executing edge 0 func=zfp_decompress dev=GPU
[13:54:12.506882] [WARNING] [pdc_tf_server.c:393] PDC_SERVER[1]: SCHED: setting CUDA device to 0 for edge 0 func=zfp_decompress
[13:54:12.506904] [WARNING] [pdc_tf_server.c:401] PDC_SERVER[1]: SCHED: executing edge 0 func=zfp_decompress dev=GPU
[INFO] PDC_SERVER[0]: Executing graph with json filepath /pscratch/sd/n/nlewi26/src/work_space/source/pdc/tf_client/graphs/zfp_gpu.json
[13:54:12.507442] [WARNING] [pdc_tf_server.c:393] PDC_SERVER[0]: SCHED: setting CUDA device to 0 for edge 0 func=zfp_decompress
[13:54:12.507456] [WARNING] [pdc_tf_server.c:401] PDC_SERVER[0]: SCHED: executing edge 0 func=zfp_decompress dev=GPU
[13:54:12.509960] [WARNING] [pdc_tf_server.c:393] PDC_SERVER[2]: SCHED: setting CUDA device to 0 for edge 0 func=zfp_decompress
[13:54:12.509976] [WARNING] [pdc_tf_server.c:401] PDC_SERVER[2]: SCHED: executing edge 0 func=zfp_decompress dev=GPU
[13:54:12.511530] [WARNING] [pdc_tf_server.c:475] PDC_SERVER[3]: SCHED: done running transformations
[13:54:12.511565] [WARNING] [pdc_tf_server.c:475] PDC_SERVER[7]: SCHED: done running transformations
[13:54:12.512412] [WARNING] [pdc_tf_server.c:393] PDC_SERVER[4]: SCHED: setting CUDA device to 0 for edge 0 func=zfp_decompress
[13:54:12.512431] [WARNING] [pdc_tf_server.c:401] PDC_SERVER[4]: SCHED: executing edge 0 func=zfp_decompress dev=GPU
[13:54:12.514134] [WARNING] [pdc_tf_server.c:475] PDC_SERVER[6]: SCHED: done running transformations
[INFO] PDC_SERVER[7]: Fetching region for obj_id=7000000000
[INFO] PDC_SERVER[7]: Checking against Object 2000000000
[INFO] PDC_SERVER[7]: Checking against Object 3000000000
[INFO] PDC_SERVER[7]: Checking against Object 4000000000
[INFO] PDC_SERVER[7]: Object 7000000000 NOT found in cache
[INFO] PDC_SERVER[7]: Fetching region from server for obj_id=7000000000
[INFO] PDC_SERVER[3]: Fetching region for obj_id=7000000000
[INFO] PDC_SERVER[3]: Checking against Object 2000000000
[INFO] PDC_SERVER[3]: Checking against Object 3000000000
[INFO] PDC_SERVER[3]: Checking against Object 4000000000
[INFO] PDC_SERVER[3]: Object 7000000000 NOT found in cache
[INFO] PDC_SERVER[3]: Fetching region from server for obj_id=7000000000
[INFO] PDC_SERVER[6]: Fetching region for obj_id=7000000000
[INFO] PDC_SERVER[6]: Checking against Object 2000000000
[INFO] PDC_SERVER[6]: Checking against Object 3000000000
[INFO] PDC_SERVER[6]: Checking against Object 4000000000
[INFO] PDC_SERVER[6]: Object 7000000000 NOT found in cache
[INFO] PDC_SERVER[6]: Fetching region from server for obj_id=7000000000
[13:54:12.519516] [WARNING] [pdc_tf_server.c:475] PDC_SERVER[2]: SCHED: done running transformations
[13:54:12.520820] [WARNING] [pdc_tf_server.c:475] PDC_SERVER[5]: SCHED: done running transformations
[13:54:12.522082] [WARNING] [pdc_tf_server.c:475] PDC_SERVER[1]: SCHED: done running transformations
[13:54:12.522140] [WARNING] [pdc_tf_server.c:475] PDC_SERVER[0]: SCHED: done running transformations
[INFO] PDC_SERVER[2]: Fetching region for obj_id=7000000000
[INFO] PDC_SERVER[2]: Checking against Object 2000000000
[INFO] PDC_SERVER[2]: Checking against Object 3000000000
[INFO] PDC_SERVER[2]: Checking against Object 4000000000
[INFO] PDC_SERVER[2]: Object 7000000000 NOT found in cache
[INFO] PDC_SERVER[2]: Fetching region from server for obj_id=7000000000
[INFO] PDC_SERVER[5]: Fetching region for obj_id=7000000000
[INFO] PDC_SERVER[5]: Checking against Object 2000000000
[INFO] PDC_SERVER[5]: Checking against Object 3000000000
[INFO] PDC_SERVER[5]: Checking against Object 4000000000
[INFO] PDC_SERVER[5]: Object 7000000000 NOT found in cache
[INFO] PDC_SERVER[5]: Fetching region from server for obj_id=7000000000
[INFO] PDC_SERVER[1]: Fetching region for obj_id=7000000000
[INFO] PDC_SERVER[1]: Checking against Object 2000000000
[INFO] PDC_SERVER[1]: Checking against Object 3000000000
[INFO] PDC_SERVER[1]: Checking against Object 4000000000
[INFO] PDC_SERVER[1]: Object 7000000000 NOT found in cache
[INFO] PDC_SERVER[1]: Fetching region from server for obj_id=7000000000
[INFO] PDC_SERVER[0]: Fetching region for obj_id=7000000000
[INFO] PDC_SERVER[0]: Checking against Object 2000000000
[INFO] PDC_SERVER[0]: Checking against Object 3000000000
[INFO] PDC_SERVER[0]: Checking against Object 4000000000
[INFO] PDC_SERVER[0]: Object 7000000000 NOT found in cache
[INFO] PDC_SERVER[0]: Fetching region from server for obj_id=7000000000
[13:54:12.532580] [WARNING] [pdc_tf_server.c:393] PDC_SERVER[7]: SCHED: setting CUDA device to 0 for edge 0 func=zfp_decompress
[13:54:12.532596] [WARNING] [pdc_tf_server.c:401] PDC_SERVER[7]: SCHED: executing edge 0 func=zfp_decompress dev=GPU
[13:54:12.533308] [WARNING] [pdc_tf_server.c:393] PDC_SERVER[3]: SCHED: setting CUDA device to 0 for edge 0 func=zfp_decompress
[13:54:12.533329] [WARNING] [pdc_tf_server.c:401] PDC_SERVER[3]: SCHED: executing edge 0 func=zfp_decompress dev=GPU
[13:54:12.535458] [WARNING] [pdc_tf_server.c:393] PDC_SERVER[6]: SCHED: setting CUDA device to 0 for edge 0 func=zfp_decompress
[13:54:12.535474] [WARNING] [pdc_tf_server.c:401] PDC_SERVER[6]: SCHED: executing edge 0 func=zfp_decompress dev=GPU
[13:54:12.539566] [WARNING] [pdc_tf_server.c:475] PDC_SERVER[4]: SCHED: done running transformations
[13:54:12.540413] [WARNING] [pdc_tf_server.c:475] PDC_SERVER[3]: SCHED: done running transformations
[13:54:12.540619] [WARNING] [pdc_tf_server.c:475] PDC_SERVER[7]: SCHED: done running transformations
[13:54:12.541207] [WARNING] [pdc_tf_server.c:393] PDC_SERVER[5]: SCHED: setting CUDA device to 0 for edge 0 func=zfp_decompress
[13:54:12.541226] [WARNING] [pdc_tf_server.c:401] PDC_SERVER[5]: SCHED: executing edge 0 func=zfp_decompress dev=GPU
[13:54:12.543178] [WARNING] [pdc_tf_server.c:393] PDC_SERVER[1]: SCHED: setting CUDA device to 0 for edge 0 func=zfp_decompress
[13:54:12.543194] [WARNING] [pdc_tf_server.c:401] PDC_SERVER[1]: SCHED: executing edge 0 func=zfp_decompress dev=GPU
[INFO] PDC_SERVER[0]: Executing graph with json filepath /pscratch/sd/n/nlewi26/src/work_space/source/pdc/tf_client/graphs/zfp_gpu.json
[13:54:12.543460] [WARNING] [pdc_tf_server.c:393] PDC_SERVER[0]: SCHED: setting CUDA device to 0 for edge 0 func=zfp_decompress
[13:54:12.543475] [WARNING] [pdc_tf_server.c:401] PDC_SERVER[0]: SCHED: executing edge 0 func=zfp_decompress dev=GPU
[13:54:12.543750] [WARNING] [pdc_tf_server.c:475] PDC_SERVER[6]: SCHED: done running transformations
[INFO] PDC_SERVER[4]: Fetching region for obj_id=7000000000
[INFO] PDC_SERVER[4]: Checking against Object 2000000000
[INFO] PDC_SERVER[4]: Checking against Object 3000000000
[INFO] PDC_SERVER[4]: Checking against Object 4000000000
[INFO] PDC_SERVER[4]: Object 7000000000 NOT found in cache
[INFO] PDC_SERVER[4]: Fetching region from server for obj_id=7000000000
[INFO] PDC_SERVER[3]: Fetching region for obj_id=7000000000
[INFO] PDC_SERVER[3]: Checking against Object 2000000000
[INFO] PDC_SERVER[3]: Checking against Object 3000000000
[INFO] PDC_SERVER[3]: Checking against Object 4000000000
[INFO] PDC_SERVER[3]: Object 7000000000 NOT found in cache
[INFO] PDC_SERVER[3]: Fetching region from server for obj_id=7000000000
[INFO] PDC_SERVER[7]: Fetching region for obj_id=7000000000
[INFO] PDC_SERVER[7]: Checking against Object 2000000000
[INFO] PDC_SERVER[7]: Checking against Object 3000000000
[INFO] PDC_SERVER[7]: Checking against Object 4000000000
[INFO] PDC_SERVER[7]: Object 7000000000 NOT found in cache
[INFO] PDC_SERVER[7]: Fetching region from server for obj_id=7000000000
[13:54:12.546988] [WARNING] [pdc_tf_server.c:393] PDC_SERVER[2]: SCHED: setting CUDA device to 0 for edge 0 func=zfp_decompress
[13:54:12.547010] [WARNING] [pdc_tf_server.c:401] PDC_SERVER[2]: SCHED: executing edge 0 func=zfp_decompress dev=GPU
[INFO] PDC_SERVER[6]: Fetching region for obj_id=7000000000
[INFO] PDC_SERVER[6]: Checking against Object 2000000000
[INFO] PDC_SERVER[6]: Checking against Object 3000000000
[INFO] PDC_SERVER[6]: Checking against Object 4000000000
[INFO] PDC_SERVER[6]: Object 7000000000 NOT found in cache
[INFO] PDC_SERVER[6]: Fetching region from server for obj_id=7000000000
[13:54:12.551876] [WARNING] [pdc_tf_server.c:475] PDC_SERVER[1]: SCHED: done running transformations
[13:54:12.552471] [WARNING] [pdc_tf_server.c:475] PDC_SERVER[0]: SCHED: done running transformations
[13:54:12.554982] [WARNING] [pdc_tf_server.c:475] PDC_SERVER[2]: SCHED: done running transformations
[INFO] PDC_SERVER[1]: Fetching region for obj_id=7000000000
[INFO] PDC_SERVER[1]: Checking against Object 2000000000
[INFO] PDC_SERVER[1]: Checking against Object 3000000000
[INFO] PDC_SERVER[1]: Checking against Object 4000000000
[INFO] PDC_SERVER[1]: Object 7000000000 NOT found in cache
[INFO] PDC_SERVER[1]: Fetching region from server for obj_id=7000000000
[INFO] PDC_SERVER[0]: Fetching region for obj_id=7000000000
[INFO] PDC_SERVER[0]: Checking against Object 2000000000
[INFO] PDC_SERVER[0]: Checking against Object 3000000000
[INFO] PDC_SERVER[0]: Checking against Object 4000000000
[INFO] PDC_SERVER[0]: Object 7000000000 NOT found in cache
[INFO] PDC_SERVER[0]: Fetching region from server for obj_id=7000000000
[13:54:12.558305] [WARNING] [pdc_tf_server.c:475] PDC_SERVER[5]: SCHED: done running transformations
[INFO] PDC_SERVER[2]: Fetching region for obj_id=7000000000
[INFO] PDC_SERVER[2]: Checking against Object 2000000000
[INFO] PDC_SERVER[2]: Checking against Object 3000000000
[INFO] PDC_SERVER[2]: Checking against Object 4000000000
[INFO] PDC_SERVER[2]: Object 7000000000 NOT found in cache
[INFO] PDC_SERVER[2]: Fetching region from server for obj_id=7000000000
[13:54:12.560114] [WARNING] [pdc_tf_server.c:393] PDC_SERVER[4]: SCHED: setting CUDA device to 0 for edge 0 func=zfp_decompress
[13:54:12.560129] [WARNING] [pdc_tf_server.c:401] PDC_SERVER[4]: SCHED: executing edge 0 func=zfp_decompress dev=GPU
[13:54:12.561807] [WARNING] [pdc_tf_server.c:393] PDC_SERVER[3]: SCHED: setting CUDA device to 0 for edge 0 func=zfp_decompress
[13:54:12.561831] [WARNING] [pdc_tf_server.c:401] PDC_SERVER[3]: SCHED: executing edge 0 func=zfp_decompress dev=GPU
[INFO] PDC_SERVER[5]: Fetching region for obj_id=7000000000
[INFO] PDC_SERVER[5]: Checking against Object 2000000000
[INFO] PDC_SERVER[5]: Checking against Object 3000000000
[INFO] PDC_SERVER[5]: Checking against Object 4000000000
[INFO] PDC_SERVER[5]: Object 7000000000 NOT found in cache
[INFO] PDC_SERVER[5]: Fetching region from server for obj_id=7000000000
[13:54:12.565153] [WARNING] [pdc_tf_server.c:393] PDC_SERVER[6]: SCHED: setting CUDA device to 0 for edge 0 func=zfp_decompress
[13:54:12.565171] [WARNING] [pdc_tf_server.c:401] PDC_SERVER[6]: SCHED: executing edge 0 func=zfp_decompress dev=GPU
[13:54:12.566942] [WARNING] [pdc_tf_server.c:393] PDC_SERVER[7]: SCHED: setting CUDA device to 0 for edge 0 func=zfp_decompress
[13:54:12.566957] [WARNING] [pdc_tf_server.c:401] PDC_SERVER[7]: SCHED: executing edge 0 func=zfp_decompress dev=GPU
[13:54:12.568947] [WARNING] [pdc_tf_server.c:475] PDC_SERVER[3]: SCHED: done running transformations
[13:54:12.573544] [WARNING] [pdc_tf_server.c:475] PDC_SERVER[6]: SCHED: done running transformations
[INFO] PDC_SERVER[0]: Executing graph with json filepath /pscratch/sd/n/nlewi26/src/work_space/source/pdc/tf_client/graphs/zfp_gpu.json
[13:54:12.573862] [WARNING] [pdc_tf_server.c:393] PDC_SERVER[0]: SCHED: setting CUDA device to 0 for edge 0 func=zfp_decompress
[13:54:12.573877] [WARNING] [pdc_tf_server.c:401] PDC_SERVER[0]: SCHED: executing edge 0 func=zfp_decompress dev=GPU
[INFO] PDC_SERVER[3]: Fetching region for obj_id=7000000000
[INFO] PDC_SERVER[3]: Checking against Object 2000000000
[INFO] PDC_SERVER[3]: Checking against Object 3000000000
[INFO] PDC_SERVER[3]: Checking against Object 4000000000
[INFO] PDC_SERVER[3]: Object 7000000000 NOT found in cache
[INFO] PDC_SERVER[3]: Fetching region from server for obj_id=7000000000
[13:54:12.574950] [WARNING] [pdc_tf_server.c:393] PDC_SERVER[1]: SCHED: setting CUDA device to 0 for edge 0 func=zfp_decompress
[13:54:12.574974] [WARNING] [pdc_tf_server.c:401] PDC_SERVER[1]: SCHED: executing edge 0 func=zfp_decompress dev=GPU
[13:54:12.575276] [WARNING] [pdc_tf_server.c:475] PDC_SERVER[7]: SCHED: done running transformations
[13:54:12.576939] [WARNING] [pdc_tf_server.c:475] PDC_SERVER[4]: SCHED: done running transformations
[13:54:12.578656] [WARNING] [pdc_tf_server.c:393] PDC_SERVER[5]: SCHED: setting CUDA device to 0 for edge 0 func=zfp_decompress
[13:54:12.578670] [WARNING] [pdc_tf_server.c:401] PDC_SERVER[5]: SCHED: executing edge 0 func=zfp_decompress dev=GPU
[INFO] PDC_SERVER[6]: Fetching region for obj_id=7000000000
[INFO] PDC_SERVER[6]: Checking against Object 2000000000
[INFO] PDC_SERVER[6]: Checking against Object 3000000000
[INFO] PDC_SERVER[6]: Checking against Object 4000000000
[INFO] PDC_SERVER[6]: Object 7000000000 NOT found in cache
[INFO] PDC_SERVER[6]: Fetching region from server for obj_id=7000000000
[INFO] PDC_SERVER[7]: Fetching region for obj_id=7000000000
[INFO] PDC_SERVER[7]: Checking against Object 2000000000
[INFO] PDC_SERVER[7]: Checking against Object 3000000000
[INFO] PDC_SERVER[7]: Checking against Object 4000000000
[INFO] PDC_SERVER[7]: Object 7000000000 NOT found in cache
[INFO] PDC_SERVER[7]: Fetching region from server for obj_id=7000000000
[13:54:12.580653] [WARNING] [pdc_tf_server.c:393] PDC_SERVER[2]: SCHED: setting CUDA device to 0 for edge 0 func=zfp_decompress
[13:54:12.580667] [WARNING] [pdc_tf_server.c:401] PDC_SERVER[2]: SCHED: executing edge 0 func=zfp_decompress dev=GPU
[INFO] PDC_SERVER[4]: Fetching region for obj_id=7000000000
[INFO] PDC_SERVER[4]: Checking against Object 2000000000
[INFO] PDC_SERVER[4]: Checking against Object 3000000000
[INFO] PDC_SERVER[4]: Checking against Object 4000000000
[INFO] PDC_SERVER[4]: Object 7000000000 NOT found in cache
[INFO] PDC_SERVER[4]: Fetching region from server for obj_id=7000000000
[13:54:12.582314] [WARNING] [pdc_tf_server.c:475] PDC_SERVER[0]: SCHED: done running transformations
[13:54:12.583327] [WARNING] [pdc_tf_server.c:475] PDC_SERVER[1]: SCHED: done running transformations
[INFO] PDC_SERVER[0]: Fetching region for obj_id=7000000000
[INFO] PDC_SERVER[0]: Checking against Object 2000000000
[INFO] PDC_SERVER[0]: Checking against Object 3000000000
[INFO] PDC_SERVER[0]: Checking against Object 4000000000
[INFO] PDC_SERVER[0]: Object 7000000000 NOT found in cache
[INFO] PDC_SERVER[0]: Fetching region from server for obj_id=7000000000
[INFO] PDC_SERVER[1]: Fetching region for obj_id=7000000000
[INFO] PDC_SERVER[1]: Checking against Object 2000000000
[INFO] PDC_SERVER[1]: Checking against Object 3000000000
[INFO] PDC_SERVER[1]: Checking against Object 4000000000
[INFO] PDC_SERVER[1]: Object 7000000000 NOT found in cache
[INFO] PDC_SERVER[1]: Fetching region from server for obj_id=7000000000
[13:54:12.590129] [WARNING] [pdc_tf_server.c:393] PDC_SERVER[3]: SCHED: setting CUDA device to 0 for edge 0 func=zfp_decompress
[13:54:12.590153] [WARNING] [pdc_tf_server.c:401] PDC_SERVER[3]: SCHED: executing edge 0 func=zfp_decompress dev=GPU
[13:54:12.594611] [WARNING] [pdc_tf_server.c:475] PDC_SERVER[5]: SCHED: done running transformations
[13:54:12.594680] [WARNING] [pdc_tf_server.c:475] PDC_SERVER[2]: SCHED: done running transformations
[13:54:12.594987] [WARNING] [pdc_tf_server.c:393] PDC_SERVER[6]: SCHED: setting CUDA device to 0 for edge 0 func=zfp_decompress
[13:54:12.595003] [WARNING] [pdc_tf_server.c:401] PDC_SERVER[6]: SCHED: executing edge 0 func=zfp_decompress dev=GPU
[13:54:12.597507] [WARNING] [pdc_tf_server.c:393] PDC_SERVER[4]: SCHED: setting CUDA device to 0 for edge 0 func=zfp_decompress
[13:54:12.597524] [WARNING] [pdc_tf_server.c:401] PDC_SERVER[4]: SCHED: executing edge 0 func=zfp_decompress dev=GPU
[INFO] PDC_SERVER[5]: Fetching region for obj_id=7000000000
[INFO] PDC_SERVER[5]: Checking against Object 2000000000
[INFO] PDC_SERVER[5]: Checking against Object 3000000000
[INFO] PDC_SERVER[5]: Checking against Object 4000000000
[INFO] PDC_SERVER[5]: Object 7000000000 NOT found in cache
[INFO] PDC_SERVER[5]: Fetching region from server for obj_id=7000000000
[INFO] PDC_SERVER[2]: Fetching region for obj_id=7000000000
[INFO] PDC_SERVER[2]: Checking against Object 2000000000
[INFO] PDC_SERVER[2]: Checking against Object 3000000000
[INFO] PDC_SERVER[2]: Checking against Object 4000000000
[INFO] PDC_SERVER[2]: Object 7000000000 NOT found in cache
[INFO] PDC_SERVER[2]: Fetching region from server for obj_id=7000000000
[13:54:12.601339] [WARNING] [pdc_tf_server.c:393] PDC_SERVER[7]: SCHED: setting CUDA device to 0 for edge 0 func=zfp_decompress
[13:54:12.601354] [WARNING] [pdc_tf_server.c:401] PDC_SERVER[7]: SCHED: executing edge 0 func=zfp_decompress dev=GPU
[13:54:12.603220] [WARNING] [pdc_tf_server.c:475] PDC_SERVER[6]: SCHED: done running transformations
[INFO] PDC_SERVER[0]: Executing graph with json filepath /pscratch/sd/n/nlewi26/src/work_space/source/pdc/tf_client/graphs/zfp_gpu.json
[13:54:12.603642] [WARNING] [pdc_tf_server.c:393] PDC_SERVER[0]: SCHED: setting CUDA device to 0 for edge 0 func=zfp_decompress
[13:54:12.603656] [WARNING] [pdc_tf_server.c:401] PDC_SERVER[0]: SCHED: executing edge 0 func=zfp_decompress dev=GPU
[13:54:12.604293] [WARNING] [pdc_tf_server.c:393] PDC_SERVER[1]: SCHED: setting CUDA device to 0 for edge 0 func=zfp_decompress
[13:54:12.604314] [WARNING] [pdc_tf_server.c:401] PDC_SERVER[1]: SCHED: executing edge 0 func=zfp_decompress dev=GPU
[13:54:12.606990] [WARNING] [pdc_tf_server.c:475] PDC_SERVER[3]: SCHED: done running transformations
[INFO] PDC_SERVER[6]: Fetching region for obj_id=7000000000
[INFO] PDC_SERVER[6]: Checking against Object 2000000000
[INFO] PDC_SERVER[6]: Checking against Object 3000000000
[INFO] PDC_SERVER[6]: Checking against Object 4000000000
[INFO] PDC_SERVER[6]: Object 7000000000 NOT found in cache
[INFO] PDC_SERVER[6]: Fetching region from server for obj_id=7000000000
[13:54:12.611201] [WARNING] [pdc_tf_server.c:475] PDC_SERVER[7]: SCHED: done running transformations
[INFO] PDC_SERVER[3]: Fetching region for obj_id=7000000000
[INFO] PDC_SERVER[3]: Checking against Object 2000000000
[INFO] PDC_SERVER[3]: Checking against Object 3000000000
[INFO] PDC_SERVER[3]: Checking against Object 4000000000
[INFO] PDC_SERVER[3]: Object 7000000000 NOT found in cache
[INFO] PDC_SERVER[3]: Fetching region from server for obj_id=7000000000
[13:54:12.612446] [WARNING] [pdc_tf_server.c:475] PDC_SERVER[0]: SCHED: done running transformations
[13:54:12.612916] [WARNING] [pdc_tf_server.c:475] PDC_SERVER[1]: SCHED: done running transformations
[13:54:12.615461] [WARNING] [pdc_tf_server.c:393] PDC_SERVER[5]: SCHED: setting CUDA device to 0 for edge 0 func=zfp_decompress
[13:54:12.615473] [WARNING] [pdc_tf_server.c:401] PDC_SERVER[5]: SCHED: executing edge 0 func=zfp_decompress dev=GPU
[13:54:12.615943] [WARNING] [pdc_tf_server.c:393] PDC_SERVER[2]: SCHED: setting CUDA device to 0 for edge 0 func=zfp_decompress
[13:54:12.615965] [WARNING] [pdc_tf_server.c:401] PDC_SERVER[2]: SCHED: executing edge 0 func=zfp_decompress dev=GPU
[INFO] PDC_SERVER[7]: Fetching region for obj_id=7000000000
[INFO] PDC_SERVER[7]: Checking against Object 2000000000
[INFO] PDC_SERVER[7]: Checking against Object 3000000000
[INFO] PDC_SERVER[7]: Checking against Object 4000000000
[INFO] PDC_SERVER[7]: Object 7000000000 NOT found in cache
[INFO] PDC_SERVER[7]: Fetching region from server for obj_id=7000000000
[INFO] PDC_SERVER[1]: Fetching region for obj_id=7000000000
[INFO] PDC_SERVER[1]: Checking against Object 2000000000
[INFO] PDC_SERVER[1]: Checking against Object 3000000000
[INFO] PDC_SERVER[1]: Checking against Object 4000000000
[INFO] PDC_SERVER[1]: Object 7000000000 NOT found in cache
[INFO] PDC_SERVER[1]: Fetching region from server for obj_id=7000000000
[INFO] PDC_SERVER[0]: Fetching region for obj_id=7000000000
[INFO] PDC_SERVER[0]: Checking against Object 2000000000
[INFO] PDC_SERVER[0]: Checking against Object 3000000000
[INFO] PDC_SERVER[0]: Checking against Object 4000000000
[INFO] PDC_SERVER[0]: Object 7000000000 NOT found in cache
[INFO] PDC_SERVER[0]: Fetching region from server for obj_id=7000000000
[13:54:12.622701] [WARNING] [pdc_tf_server.c:475] PDC_SERVER[4]: SCHED: done running transformations
[13:54:12.625332] [WARNING] [pdc_tf_server.c:393] PDC_SERVER[6]: SCHED: setting CUDA device to 0 for edge 0 func=zfp_decompress
[13:54:12.625368] [WARNING] [pdc_tf_server.c:401] PDC_SERVER[6]: SCHED: executing edge 0 func=zfp_decompress dev=GPU
[INFO] PDC_SERVER[4]: Fetching region for obj_id=7000000000
[INFO] PDC_SERVER[4]: Checking against Object 2000000000
[INFO] PDC_SERVER[4]: Checking against Object 3000000000
[INFO] PDC_SERVER[4]: Checking against Object 4000000000
[INFO] PDC_SERVER[4]: Object 7000000000 NOT found in cache
[INFO] PDC_SERVER[4]: Fetching region from server for obj_id=7000000000
[13:54:12.629735] [WARNING] [pdc_tf_server.c:475] PDC_SERVER[2]: SCHED: done running transformations
[13:54:12.631492] [WARNING] [pdc_tf_server.c:475] PDC_SERVER[5]: SCHED: done running transformations
[13:54:12.632064] [WARNING] [pdc_tf_server.c:393] PDC_SERVER[3]: SCHED: setting CUDA device to 0 for edge 0 func=zfp_decompress
[13:54:12.632081] [WARNING] [pdc_tf_server.c:401] PDC_SERVER[3]: SCHED: executing edge 0 func=zfp_decompress dev=GPU
[13:54:12.632735] [WARNING] [pdc_tf_server.c:393] PDC_SERVER[7]: SCHED: setting CUDA device to 0 for edge 0 func=zfp_decompress
[13:54:12.632752] [WARNING] [pdc_tf_server.c:401] PDC_SERVER[7]: SCHED: executing edge 0 func=zfp_decompress dev=GPU
[13:54:12.633491] [WARNING] [pdc_tf_server.c:475] PDC_SERVER[6]: SCHED: done running transformations
[13:54:12.633772] [WARNING] [pdc_tf_server.c:393] PDC_SERVER[1]: SCHED: setting CUDA device to 0 for edge 0 func=zfp_decompress
[13:54:12.633793] [WARNING] [pdc_tf_server.c:401] PDC_SERVER[1]: SCHED: executing edge 0 func=zfp_decompress dev=GPU
[INFO] PDC_SERVER[0]: Executing graph with json filepath /pscratch/sd/n/nlewi26/src/work_space/source/pdc/tf_client/graphs/zfp_gpu.json
[13:54:12.634205] [WARNING] [pdc_tf_server.c:393] PDC_SERVER[0]: SCHED: setting CUDA device to 0 for edge 0 func=zfp_decompress
[13:54:12.634227] [WARNING] [pdc_tf_server.c:401] PDC_SERVER[0]: SCHED: executing edge 0 func=zfp_decompress dev=GPU
[INFO] PDC_SERVER[2]: Fetching region for obj_id=7000000000
[INFO] PDC_SERVER[2]: Checking against Object 2000000000
[INFO] PDC_SERVER[2]: Checking against Object 3000000000
[INFO] PDC_SERVER[2]: Checking against Object 4000000000
[INFO] PDC_SERVER[2]: Object 7000000000 NOT found in cache
[INFO] PDC_SERVER[2]: Fetching region from server for obj_id=7000000000
[INFO] PDC_SERVER[5]: Fetching region for obj_id=7000000000
[INFO] PDC_SERVER[5]: Checking against Object 2000000000
[INFO] PDC_SERVER[5]: Checking against Object 3000000000
[INFO] PDC_SERVER[5]: Checking against Object 4000000000
[INFO] PDC_SERVER[5]: Object 7000000000 NOT found in cache
[INFO] PDC_SERVER[5]: Fetching region from server for obj_id=7000000000
[INFO] PDC_SERVER[6]: Fetching region for obj_id=7000000000
[INFO] PDC_SERVER[6]: Checking against Object 2000000000
[INFO] PDC_SERVER[6]: Checking against Object 3000000000
[INFO] PDC_SERVER[6]: Checking against Object 4000000000
[INFO] PDC_SERVER[6]: Object 7000000000 NOT found in cache
[INFO] PDC_SERVER[6]: Fetching region from server for obj_id=7000000000
[13:54:12.642457] [WARNING] [pdc_tf_server.c:475] PDC_SERVER[1]: SCHED: done running transformations
[13:54:12.642445] [WARNING] [pdc_tf_server.c:475] PDC_SERVER[7]: SCHED: done running transformations
[13:54:12.643222] [WARNING] [pdc_tf_server.c:475] PDC_SERVER[0]: SCHED: done running transformations
[13:54:12.643269] [WARNING] [pdc_tf_server.c:393] PDC_SERVER[4]: SCHED: setting CUDA device to 0 for edge 0 func=zfp_decompress
[13:54:12.643284] [WARNING] [pdc_tf_server.c:401] PDC_SERVER[4]: SCHED: executing edge 0 func=zfp_decompress dev=GPU
[INFO] PDC_SERVER[1]: Fetching region for obj_id=7000000000
[INFO] PDC_SERVER[1]: Checking against Object 2000000000
[INFO] PDC_SERVER[1]: Checking against Object 3000000000
[INFO] PDC_SERVER[1]: Checking against Object 4000000000
[INFO] PDC_SERVER[1]: Object 7000000000 NOT found in cache
[INFO] PDC_SERVER[1]: Fetching region from server for obj_id=7000000000
[INFO] PDC_SERVER[7]: Fetching region for obj_id=7000000000
[INFO] PDC_SERVER[7]: Checking against Object 2000000000
[INFO] PDC_SERVER[7]: Checking against Object 3000000000
[INFO] PDC_SERVER[7]: Checking against Object 4000000000
[INFO] PDC_SERVER[7]: Object 7000000000 NOT found in cache
[INFO] PDC_SERVER[7]: Fetching region from server for obj_id=7000000000
[INFO] PDC_SERVER[0]: Fetching region for obj_id=7000000000
[INFO] PDC_SERVER[0]: Checking against Object 2000000000
[INFO] PDC_SERVER[0]: Checking against Object 3000000000
[INFO] PDC_SERVER[0]: Checking against Object 4000000000
[INFO] PDC_SERVER[0]: Object 7000000000 NOT found in cache
[INFO] PDC_SERVER[0]: Fetching region from server for obj_id=7000000000
[13:54:12.649258] [WARNING] [pdc_tf_server.c:475] PDC_SERVER[3]: SCHED: done running transformations
[13:54:12.650442] [WARNING] [pdc_tf_server.c:475] PDC_SERVER[4]: SCHED: done running transformations
[13:54:12.651205] [WARNING] [pdc_tf_server.c:393] PDC_SERVER[2]: SCHED: setting CUDA device to 0 for edge 0 func=zfp_decompress
[13:54:12.651225] [WARNING] [pdc_tf_server.c:401] PDC_SERVER[2]: SCHED: executing edge 0 func=zfp_decompress dev=GPU
[13:54:12.652250] [WARNING] [pdc_tf_server.c:393] PDC_SERVER[5]: SCHED: setting CUDA device to 0 for edge 0 func=zfp_decompress
[13:54:12.652266] [WARNING] [pdc_tf_server.c:401] PDC_SERVER[5]: SCHED: executing edge 0 func=zfp_decompress dev=GPU
[INFO] PDC_SERVER[3]: Fetching region for obj_id=7000000000
[INFO] PDC_SERVER[3]: Checking against Object 2000000000
[INFO] PDC_SERVER[3]: Checking against Object 3000000000
[INFO] PDC_SERVER[3]: Checking against Object 4000000000
[INFO] PDC_SERVER[3]: Object 7000000000 NOT found in cache
[INFO] PDC_SERVER[3]: Fetching region from server for obj_id=7000000000
[13:54:12.654875] [WARNING] [pdc_tf_server.c:393] PDC_SERVER[6]: SCHED: setting CUDA device to 0 for edge 0 func=zfp_decompress
[13:54:12.654898] [WARNING] [pdc_tf_server.c:401] PDC_SERVER[6]: SCHED: executing edge 0 func=zfp_decompress dev=GPU
[INFO] PDC_SERVER[4]: Fetching region for obj_id=7000000000
[INFO] PDC_SERVER[4]: Checking against Object 2000000000
[INFO] PDC_SERVER[4]: Checking against Object 3000000000
[INFO] PDC_SERVER[4]: Checking against Object 4000000000
[INFO] PDC_SERVER[4]: Object 7000000000 NOT found in cache
[INFO] PDC_SERVER[4]: Fetching region from server for obj_id=7000000000
[13:54:12.660962] [WARNING] [pdc_tf_server.c:475] PDC_SERVER[5]: SCHED: done running transformations
[13:54:12.663213] [WARNING] [pdc_tf_server.c:393] PDC_SERVER[1]: SCHED: setting CUDA device to 0 for edge 0 func=zfp_decompress
[13:54:12.663229] [WARNING] [pdc_tf_server.c:401] PDC_SERVER[1]: SCHED: executing edge 0 func=zfp_decompress dev=GPU
[13:54:12.663521] [WARNING] [pdc_tf_server.c:393] PDC_SERVER[7]: SCHED: setting CUDA device to 0 for edge 0 func=zfp_decompress
[13:54:12.663535] [WARNING] [pdc_tf_server.c:401] PDC_SERVER[7]: SCHED: executing edge 0 func=zfp_decompress dev=GPU
[INFO] PDC_SERVER[0]: Executing graph with json filepath /pscratch/sd/n/nlewi26/src/work_space/source/pdc/tf_client/graphs/zfp_gpu.json
[13:54:12.664660] [WARNING] [pdc_tf_server.c:393] PDC_SERVER[0]: SCHED: setting CUDA device to 0 for edge 0 func=zfp_decompress
[13:54:12.664675] [WARNING] [pdc_tf_server.c:401] PDC_SERVER[0]: SCHED: executing edge 0 func=zfp_decompress dev=GPU
[INFO] PDC_SERVER[5]: Fetching region for obj_id=7000000000
[INFO] PDC_SERVER[5]: Checking against Object 2000000000
[INFO] PDC_SERVER[5]: Checking against Object 3000000000
[INFO] PDC_SERVER[5]: Checking against Object 4000000000
[INFO] PDC_SERVER[5]: Object 7000000000 NOT found in cache
[INFO] PDC_SERVER[5]: Fetching region from server for obj_id=7000000000
[13:54:12.670473] [WARNING] [pdc_tf_server.c:393] PDC_SERVER[3]: SCHED: setting CUDA device to 0 for edge 0 func=zfp_decompress
[13:54:12.670494] [WARNING] [pdc_tf_server.c:401] PDC_SERVER[3]: SCHED: executing edge 0 func=zfp_decompress dev=GPU
[13:54:12.671158] [WARNING] [pdc_tf_server.c:475] PDC_SERVER[1]: SCHED: done running transformations
[13:54:12.671229] [WARNING] [pdc_tf_server.c:393] PDC_SERVER[4]: SCHED: setting CUDA device to 0 for edge 0 func=zfp_decompress
[13:54:12.671244] [WARNING] [pdc_tf_server.c:401] PDC_SERVER[4]: SCHED: executing edge 0 func=zfp_decompress dev=GPU
[13:54:12.671884] [WARNING] [pdc_tf_server.c:475] PDC_SERVER[6]: SCHED: done running transformations
[13:54:12.672917] [WARNING] [pdc_tf_server.c:475] PDC_SERVER[0]: SCHED: done running transformations
[INFO] PDC_SERVER[1]: Fetching region for obj_id=7000000000
[INFO] PDC_SERVER[1]: Checking against Object 2000000000
[INFO] PDC_SERVER[1]: Checking against Object 3000000000
[INFO] PDC_SERVER[1]: Checking against Object 4000000000
[INFO] PDC_SERVER[1]: Object 7000000000 NOT found in cache
[INFO] PDC_SERVER[1]: Fetching region from server for obj_id=7000000000
[INFO] PDC_SERVER[6]: Fetching region for obj_id=7000000000
[INFO] PDC_SERVER[6]: Checking against Object 2000000000
[INFO] PDC_SERVER[6]: Checking against Object 3000000000
[INFO] PDC_SERVER[6]: Checking against Object 4000000000
[INFO] PDC_SERVER[6]: Object 7000000000 NOT found in cache
[INFO] PDC_SERVER[6]: Fetching region from server for obj_id=7000000000
[13:54:12.678499] [WARNING] [pdc_tf_server.c:475] PDC_SERVER[4]: SCHED: done running transformations
[INFO] PDC_SERVER[0]: Fetching region for obj_id=7000000000
[INFO] PDC_SERVER[0]: Checking against Object 2000000000
[INFO] PDC_SERVER[0]: Checking against Object 3000000000
[INFO] PDC_SERVER[0]: Checking against Object 4000000000
[INFO] PDC_SERVER[0]: Object 7000000000 NOT found in cache
[INFO] PDC_SERVER[0]: Fetching region from server for obj_id=7000000000
[13:54:12.678912] [WARNING] [pdc_tf_server.c:475] PDC_SERVER[2]: SCHED: done running transformations
[13:54:12.681918] [WARNING] [pdc_tf_server.c:393] PDC_SERVER[5]: SCHED: setting CUDA device to 0 for edge 0 func=zfp_decompress
[13:54:12.681938] [WARNING] [pdc_tf_server.c:401] PDC_SERVER[5]: SCHED: executing edge 0 func=zfp_decompress dev=GPU
[13:54:12.683187] [WARNING] [pdc_tf_server.c:475] PDC_SERVER[7]: SCHED: done running transformations
[INFO] PDC_SERVER[4]: Fetching region for obj_id=7000000000
[INFO] PDC_SERVER[4]: Checking against Object 2000000000
[INFO] PDC_SERVER[4]: Checking against Object 3000000000
[INFO] PDC_SERVER[4]: Checking against Object 4000000000
[INFO] PDC_SERVER[4]: Object 7000000000 NOT found in cache
[INFO] PDC_SERVER[4]: Fetching region from server for obj_id=7000000000
[INFO] PDC_SERVER[2]: Fetching region for obj_id=7000000000
[INFO] PDC_SERVER[2]: Checking against Object 2000000000
[INFO] PDC_SERVER[2]: Checking against Object 3000000000
[INFO] PDC_SERVER[2]: Checking against Object 4000000000
[INFO] PDC_SERVER[2]: Object 7000000000 NOT found in cache
[INFO] PDC_SERVER[2]: Fetching region from server for obj_id=7000000000
[13:54:12.685115] [WARNING] [pdc_tf_server.c:475] PDC_SERVER[3]: SCHED: done running transformations
[INFO] PDC_SERVER[7]: Fetching region for obj_id=7000000000
[INFO] PDC_SERVER[7]: Checking against Object 2000000000
[INFO] PDC_SERVER[7]: Checking against Object 3000000000
[INFO] PDC_SERVER[7]: Checking against Object 4000000000
[INFO] PDC_SERVER[7]: Object 7000000000 NOT found in cache
[INFO] PDC_SERVER[7]: Fetching region from server for obj_id=7000000000
[INFO] PDC_SERVER[3]: Fetching region for obj_id=7000000000
[INFO] PDC_SERVER[3]: Checking against Object 2000000000
[INFO] PDC_SERVER[3]: Checking against Object 3000000000
[INFO] PDC_SERVER[3]: Checking against Object 4000000000
[INFO] PDC_SERVER[3]: Object 7000000000 NOT found in cache
[INFO] PDC_SERVER[3]: Fetching region from server for obj_id=7000000000
[13:54:12.690566] [WARNING] [pdc_tf_server.c:475] PDC_SERVER[5]: SCHED: done running transformations
[13:54:12.693065] [WARNING] [pdc_tf_server.c:393] PDC_SERVER[6]: SCHED: setting CUDA device to 0 for edge 0 func=zfp_decompress
[13:54:12.693083] [WARNING] [pdc_tf_server.c:401] PDC_SERVER[6]: SCHED: executing edge 0 func=zfp_decompress dev=GPU
[13:54:12.693529] [WARNING] [pdc_tf_server.c:393] PDC_SERVER[1]: SCHED: setting CUDA device to 0 for edge 0 func=zfp_decompress
[13:54:12.693549] [WARNING] [pdc_tf_server.c:401] PDC_SERVER[1]: SCHED: executing edge 0 func=zfp_decompress dev=GPU
[INFO] PDC_SERVER[0]: Executing graph with json filepath /pscratch/sd/n/nlewi26/src/work_space/source/pdc/tf_client/graphs/zfp_gpu.json
[13:54:12.695070] [WARNING] [pdc_tf_server.c:393] PDC_SERVER[0]: SCHED: setting CUDA device to 0 for edge 0 func=zfp_decompress
[13:54:12.695088] [WARNING] [pdc_tf_server.c:401] PDC_SERVER[0]: SCHED: executing edge 0 func=zfp_decompress dev=GPU
[INFO] PDC_SERVER[5]: Fetching region for obj_id=7000000000
[INFO] PDC_SERVER[5]: Checking against Object 2000000000
[INFO] PDC_SERVER[5]: Checking against Object 3000000000
[INFO] PDC_SERVER[5]: Checking against Object 4000000000
[INFO] PDC_SERVER[5]: Object 7000000000 NOT found in cache
[INFO] PDC_SERVER[5]: Fetching region from server for obj_id=7000000000
[13:54:12.699038] [WARNING] [pdc_tf_server.c:393] PDC_SERVER[4]: SCHED: setting CUDA device to 0 for edge 0 func=zfp_decompress
[13:54:12.699054] [WARNING] [pdc_tf_server.c:401] PDC_SERVER[4]: SCHED: executing edge 0 func=zfp_decompress dev=GPU
[13:54:12.700048] [WARNING] [pdc_tf_server.c:393] PDC_SERVER[2]: SCHED: setting CUDA device to 0 for edge 0 func=zfp_decompress
[13:54:12.700069] [WARNING] [pdc_tf_server.c:401] PDC_SERVER[2]: SCHED: executing edge 0 func=zfp_decompress dev=GPU
[13:54:12.701481] [WARNING] [pdc_tf_server.c:475] PDC_SERVER[1]: SCHED: done running transformations
[13:54:12.703313] [WARNING] [pdc_tf_server.c:475] PDC_SERVER[0]: SCHED: done running transformations
[13:54:12.704267] [WARNING] [pdc_tf_server.c:393] PDC_SERVER[7]: SCHED: setting CUDA device to 0 for edge 0 func=zfp_decompress
[13:54:12.704282] [WARNING] [pdc_tf_server.c:401] PDC_SERVER[7]: SCHED: executing edge 0 func=zfp_decompress dev=GPU
[13:54:12.705645] [WARNING] [pdc_tf_server.c:393] PDC_SERVER[3]: SCHED: setting CUDA device to 0 for edge 0 func=zfp_decompress
[13:54:12.705670] [WARNING] [pdc_tf_server.c:401] PDC_SERVER[3]: SCHED: executing edge 0 func=zfp_decompress dev=GPU
[INFO] PDC_SERVER[1]: Fetching region for obj_id=7000000000
[INFO] PDC_SERVER[1]: Checking against Object 2000000000
[INFO] PDC_SERVER[1]: Checking against Object 3000000000
[INFO] PDC_SERVER[1]: Checking against Object 4000000000
[INFO] PDC_SERVER[1]: Object 7000000000 NOT found in cache
[INFO] PDC_SERVER[1]: Fetching region from server for obj_id=7000000000
[13:54:12.706400] [WARNING] [pdc_tf_server.c:475] PDC_SERVER[4]: SCHED: done running transformations
[INFO] PDC_SERVER[0]: Fetching region for obj_id=7000000000
[INFO] PDC_SERVER[0]: Checking against Object 2000000000
[INFO] PDC_SERVER[0]: Checking against Object 3000000000
[INFO] PDC_SERVER[0]: Checking against Object 4000000000
[INFO] PDC_SERVER[0]: Object 7000000000 NOT found in cache
[INFO] PDC_SERVER[0]: Fetching region from server for obj_id=7000000000
[INFO] PDC_SERVER[4]: Fetching region for obj_id=7000000000
[INFO] PDC_SERVER[4]: Checking against Object 2000000000
[INFO] PDC_SERVER[4]: Checking against Object 3000000000
[INFO] PDC_SERVER[4]: Checking against Object 4000000000
[INFO] PDC_SERVER[4]: Object 7000000000 NOT found in cache
[INFO] PDC_SERVER[4]: Fetching region from server for obj_id=7000000000
[13:54:12.711276] [WARNING] [pdc_tf_server.c:393] PDC_SERVER[5]: SCHED: setting CUDA device to 0 for edge 0 func=zfp_decompress
[13:54:12.711316] [WARNING] [pdc_tf_server.c:475] PDC_SERVER[2]: SCHED: done running transformations
[13:54:12.711290] [WARNING] [pdc_tf_server.c:401] PDC_SERVER[5]: SCHED: executing edge 0 func=zfp_decompress dev=GPU
[13:54:12.713019] [WARNING] [pdc_tf_server.c:475] PDC_SERVER[3]: SCHED: done running transformations
[INFO] PDC_SERVER[2]: Fetching region for obj_id=7000000000
[INFO] PDC_SERVER[2]: Checking against Object 2000000000
[INFO] PDC_SERVER[2]: Checking against Object 3000000000
[INFO] PDC_SERVER[2]: Checking against Object 4000000000
[INFO] PDC_SERVER[2]: Object 7000000000 NOT found in cache
[INFO] PDC_SERVER[2]: Fetching region from server for obj_id=7000000000
[INFO] PDC_SERVER[3]: Fetching region for obj_id=7000000000
[INFO] PDC_SERVER[3]: Checking against Object 2000000000
[INFO] PDC_SERVER[3]: Checking against Object 3000000000
[INFO] PDC_SERVER[3]: Checking against Object 4000000000
[INFO] PDC_SERVER[3]: Object 7000000000 NOT found in cache
[INFO] PDC_SERVER[3]: Fetching region from server for obj_id=7000000000
[13:54:12.719831] [WARNING] [pdc_tf_server.c:475] PDC_SERVER[5]: SCHED: done running transformations
[13:54:12.722081] [WARNING] [pdc_tf_server.c:393] PDC_SERVER[1]: SCHED: setting CUDA device to 0 for edge 0 func=zfp_decompress
[13:54:12.722102] [WARNING] [pdc_tf_server.c:401] PDC_SERVER[1]: SCHED: executing edge 0 func=zfp_decompress dev=GPU
[INFO] PDC_SERVER[5]: Fetching region for obj_id=7000000000
[INFO] PDC_SERVER[5]: Checking against Object 2000000000
[INFO] PDC_SERVER[5]: Checking against Object 3000000000
[INFO] PDC_SERVER[5]: Checking against Object 4000000000
[INFO] PDC_SERVER[5]: Object 7000000000 NOT found in cache
[INFO] PDC_SERVER[5]: Fetching region from server for obj_id=7000000000
[13:54:12.725189] [WARNING] [pdc_tf_server.c:475] PDC_SERVER[6]: SCHED: done running transformations
[INFO] PDC_SERVER[0]: Executing graph with json filepath /pscratch/sd/n/nlewi26/src/work_space/source/pdc/tf_client/graphs/zfp_gpu.json
[13:54:12.725405] [WARNING] [pdc_tf_server.c:393] PDC_SERVER[0]: SCHED: setting CUDA device to 0 for edge 0 func=zfp_decompress
[13:54:12.725439] [WARNING] [pdc_tf_server.c:401] PDC_SERVER[0]: SCHED: executing edge 0 func=zfp_decompress dev=GPU
[13:54:12.727235] [WARNING] [pdc_tf_server.c:393] PDC_SERVER[4]: SCHED: setting CUDA device to 0 for edge 0 func=zfp_decompress
[13:54:12.727253] [WARNING] [pdc_tf_server.c:401] PDC_SERVER[4]: SCHED: executing edge 0 func=zfp_decompress dev=GPU
[13:54:12.727969] [WARNING] [pdc_tf_server.c:475] PDC_SERVER[7]: SCHED: done running transformations
[13:54:12.729953] [WARNING] [pdc_tf_server.c:475] PDC_SERVER[1]: SCHED: done running transformations
[INFO] PDC_SERVER[6]: Fetching region for obj_id=7000000000
[INFO] PDC_SERVER[6]: Checking against Object 2000000000
[INFO] PDC_SERVER[6]: Checking against Object 3000000000
[INFO] PDC_SERVER[6]: Checking against Object 4000000000
[INFO] PDC_SERVER[6]: Object 7000000000 NOT found in cache
[INFO] PDC_SERVER[6]: Fetching region from server for obj_id=7000000000
[13:54:12.732561] [WARNING] [pdc_tf_server.c:393] PDC_SERVER[2]: SCHED: setting CUDA device to 0 for edge 0 func=zfp_decompress
[13:54:12.732578] [WARNING] [pdc_tf_server.c:401] PDC_SERVER[2]: SCHED: executing edge 0 func=zfp_decompress dev=GPU
[13:54:12.733699] [WARNING] [pdc_tf_server.c:475] PDC_SERVER[0]: SCHED: done running transformations
[13:54:12.733889] [WARNING] [pdc_tf_server.c:393] PDC_SERVER[3]: SCHED: setting CUDA device to 0 for edge 0 func=zfp_decompress
[13:54:12.733915] [WARNING] [pdc_tf_server.c:401] PDC_SERVER[3]: SCHED: executing edge 0 func=zfp_decompress dev=GPU
[INFO] PDC_SERVER[7]: Fetching region for obj_id=7000000000
[INFO] PDC_SERVER[7]: Checking against Object 2000000000
[INFO] PDC_SERVER[7]: Checking against Object 3000000000
[INFO] PDC_SERVER[7]: Checking against Object 4000000000
[INFO] PDC_SERVER[7]: Object 7000000000 NOT found in cache
[INFO] PDC_SERVER[7]: Fetching region from server for obj_id=7000000000
[13:54:12.734534] [WARNING] [pdc_tf_server.c:475] PDC_SERVER[4]: SCHED: done running transformations
[INFO] PDC_SERVER[1]: Fetching region for obj_id=7000000000
[INFO] PDC_SERVER[1]: Checking against Object 2000000000
[INFO] PDC_SERVER[1]: Checking against Object 3000000000
[INFO] PDC_SERVER[1]: Checking against Object 4000000000
[INFO] PDC_SERVER[1]: Object 7000000000 NOT found in cache
[INFO] PDC_SERVER[1]: Fetching region from server for obj_id=7000000000
[INFO] PDC_SERVER[0]: Fetching region for obj_id=7000000000
[INFO] PDC_SERVER[0]: Checking against Object 2000000000
[INFO] PDC_SERVER[0]: Checking against Object 3000000000
[INFO] PDC_SERVER[0]: Checking against Object 4000000000
[INFO] PDC_SERVER[0]: Object 7000000000 NOT found in cache
[INFO] PDC_SERVER[0]: Fetching region from server for obj_id=7000000000
[INFO] PDC_SERVER[4]: Fetching region for obj_id=7000000000
[INFO] PDC_SERVER[4]: Checking against Object 2000000000
[INFO] PDC_SERVER[4]: Checking against Object 3000000000
[INFO] PDC_SERVER[4]: Checking against Object 4000000000
[INFO] PDC_SERVER[4]: Object 7000000000 NOT found in cache
[INFO] PDC_SERVER[4]: Fetching region from server for obj_id=7000000000
[13:54:12.740608] [WARNING] [pdc_tf_server.c:393] PDC_SERVER[5]: SCHED: setting CUDA device to 0 for edge 0 func=zfp_decompress
[13:54:12.740631] [WARNING] [pdc_tf_server.c:401] PDC_SERVER[5]: SCHED: executing edge 0 func=zfp_decompress dev=GPU
[13:54:12.740697] [WARNING] [pdc_tf_server.c:475] PDC_SERVER[2]: SCHED: done running transformations
[13:54:12.741393] [WARNING] [pdc_tf_server.c:475] PDC_SERVER[3]: SCHED: done running transformations
[INFO] PDC_SERVER[2]: Fetching region for obj_id=7000000000
[INFO] PDC_SERVER[2]: Checking against Object 2000000000
[INFO] PDC_SERVER[2]: Checking against Object 3000000000
[INFO] PDC_SERVER[2]: Checking against Object 4000000000
[INFO] PDC_SERVER[2]: Object 7000000000 NOT found in cache
[INFO] PDC_SERVER[2]: Fetching region from server for obj_id=7000000000
[13:54:12.746502] [WARNING] [pdc_tf_server.c:393] PDC_SERVER[6]: SCHED: setting CUDA device to 0 for edge 0 func=zfp_decompress
[13:54:12.746518] [WARNING] [pdc_tf_server.c:401] PDC_SERVER[6]: SCHED: executing edge 0 func=zfp_decompress dev=GPU
[13:54:12.748770] [WARNING] [pdc_tf_server.c:475] PDC_SERVER[5]: SCHED: done running transformations
[13:54:12.750721] [WARNING] [pdc_tf_server.c:393] PDC_SERVER[1]: SCHED: setting CUDA device to 0 for edge 0 func=zfp_decompress
[13:54:12.750742] [WARNING] [pdc_tf_server.c:401] PDC_SERVER[1]: SCHED: executing edge 0 func=zfp_decompress dev=GPU
[INFO] PDC_SERVER[0]: Executing graph with json filepath /pscratch/sd/n/nlewi26/src/work_space/source/pdc/tf_client/graphs/zfp_gpu.json
[13:54:12.755022] [WARNING] [pdc_tf_server.c:393] PDC_SERVER[0]: SCHED: setting CUDA device to 0 for edge 0 func=zfp_decompress
[13:54:12.755036] [WARNING] [pdc_tf_server.c:401] PDC_SERVER[0]: SCHED: executing edge 0 func=zfp_decompress dev=GPU
[13:54:12.755801] [WARNING] [pdc_tf_server.c:393] PDC_SERVER[4]: SCHED: setting CUDA device to 0 for edge 0 func=zfp_decompress
[13:54:12.755839] [WARNING] [pdc_tf_server.c:401] PDC_SERVER[4]: SCHED: executing edge 0 func=zfp_decompress dev=GPU
[13:54:12.756103] [WARNING] [pdc_tf_server.c:393] PDC_SERVER[7]: SCHED: setting CUDA device to 0 for edge 0 func=zfp_decompress
[13:54:12.756156] [WARNING] [pdc_tf_server.c:401] PDC_SERVER[7]: SCHED: executing edge 0 func=zfp_decompress dev=GPU
[13:54:12.758584] [WARNING] [pdc_tf_server.c:475] PDC_SERVER[1]: SCHED: done running transformations
[13:54:12.761785] [WARNING] [pdc_tf_server.c:475] PDC_SERVER[6]: SCHED: done running transformations
[13:54:12.763213] [WARNING] [pdc_tf_server.c:475] PDC_SERVER[0]: SCHED: done running transformations
[13:54:12.764924] [WARNING] [pdc_tf_server.c:393] PDC_SERVER[2]: SCHED: setting CUDA device to 0 for edge 0 func=zfp_decompress
[13:54:12.764957] [WARNING] [pdc_tf_server.c:401] PDC_SERVER[2]: SCHED: executing edge 0 func=zfp_decompress dev=GPU
[INFO] PDC_SERVER[6]: Fetching region for obj_id=7000000000
[INFO] PDC_SERVER[6]: Checking against Object 2000000000
[INFO] PDC_SERVER[6]: Checking against Object 3000000000
[INFO] PDC_SERVER[6]: Checking against Object 4000000000
[INFO] PDC_SERVER[6]: Object 7000000000 NOT found in cache
[INFO] PDC_SERVER[6]: Fetching region from server for obj_id=7000000000
[13:54:12.771318] [WARNING] [pdc_tf_server.c:475] PDC_SERVER[7]: SCHED: done running transformations
[13:54:12.774560] [WARNING] [pdc_tf_server.c:475] PDC_SERVER[2]: SCHED: done running transformations
[INFO] PDC_SERVER[7]: Fetching region for obj_id=7000000000
[INFO] PDC_SERVER[7]: Checking against Object 2000000000
[INFO] PDC_SERVER[7]: Checking against Object 3000000000
[INFO] PDC_SERVER[7]: Checking against Object 4000000000
[INFO] PDC_SERVER[7]: Object 7000000000 NOT found in cache
[INFO] PDC_SERVER[7]: Fetching region from server for obj_id=7000000000
[13:54:12.778422] [WARNING] [pdc_tf_server.c:475] PDC_SERVER[4]: SCHED: done running transformations
[13:54:12.783383] [WARNING] [pdc_tf_server.c:393] PDC_SERVER[6]: SCHED: setting CUDA device to 0 for edge 0 func=zfp_decompress
[13:54:12.783399] [WARNING] [pdc_tf_server.c:401] PDC_SERVER[6]: SCHED: executing edge 0 func=zfp_decompress dev=GPU
[13:54:12.791536] [WARNING] [pdc_tf_server.c:475] PDC_SERVER[6]: SCHED: done running transformations
[13:54:12.799490] [WARNING] [pdc_tf_server.c:393] PDC_SERVER[7]: SCHED: setting CUDA device to 0 for edge 0 func=zfp_decompress
[13:54:12.799523] [WARNING] [pdc_tf_server.c:401] PDC_SERVER[7]: SCHED: executing edge 0 func=zfp_decompress dev=GPU
[13:54:12.814717] [WARNING] [pdc_tf_server.c:475] PDC_SERVER[7]: SCHED: done running transformations
[INFO] PDC_SERVER[0]: Starting flush for obj_id 3000000002, ndim=3
[13:54:12.991204] [WARNING] [pdc_server_region_cache.c:823] PDC_SERVER[0]: Region mapping lookup took 0.000000 s
[13:54:12.991211] [WARNING] [pdc_server_region_cache.c:828] PDC_SERVER[0]: No region mapping found for obj_id 3000000002
[13:54:13.008613] [WARNING] [pdc_server_region_cache.c:834] PDC_SERVER[0]: Flushed region via POSIX I/O in 0.017394 s
[13:54:13.008623] [WARNING] [pdc_server_region_cache.c:850] PDC_SERVER[0]: [2026-10-07 13:54:13.008620] Flushed 16.00 / 16.00 MB to storage
[INFO] PDC_SERVER[0]: Region flush iteration took 0.017426 s
[INFO] PDC_SERVER[0]: Starting flush for obj_id 3000000002, ndim=3
[13:54:13.010408] [WARNING] [pdc_server_region_cache.c:823] PDC_SERVER[0]: Region mapping lookup took 0.000000 s
[13:54:13.010412] [WARNING] [pdc_server_region_cache.c:828] PDC_SERVER[0]: No region mapping found for obj_id 3000000002
[13:54:13.027747] [WARNING] [pdc_server_region_cache.c:834] PDC_SERVER[0]: Flushed region via POSIX I/O in 0.017326 s
[13:54:13.027759] [WARNING] [pdc_server_region_cache.c:850] PDC_SERVER[0]: [2026-10-07 13:54:13.027756] Flushed 16.00 / 16.00 MB to storage
[INFO] PDC_SERVER[0]: Region flush iteration took 0.017358 s
[INFO] PDC_SERVER[0]: Starting flush for obj_id 3000000002, ndim=3
[13:54:13.053165] [WARNING] [pdc_server_region_cache.c:823] PDC_SERVER[0]: Region mapping lookup took 0.000000 s
[13:54:13.053173] [WARNING] [pdc_server_region_cache.c:828] PDC_SERVER[0]: No region mapping found for obj_id 3000000002
[13:54:13.069730] [WARNING] [pdc_server_region_cache.c:834] PDC_SERVER[0]: Flushed region via POSIX I/O in 0.016552 s
[13:54:13.069748] [WARNING] [pdc_server_region_cache.c:850] PDC_SERVER[0]: [2026-10-07 13:54:13.069746] Flushed 16.00 / 16.00 MB to storage
[INFO] PDC_SERVER[0]: Region flush iteration took 0.016589 s
[INFO] PDC_SERVER[0]: Starting flush for obj_id 3000000002, ndim=3
[13:54:13.071733] [WARNING] [pdc_server_region_cache.c:823] PDC_SERVER[0]: Region mapping lookup took 0.000000 s
[13:54:13.071737] [WARNING] [pdc_server_region_cache.c:828] PDC_SERVER[0]: No region mapping found for obj_id 3000000002
[13:54:13.089014] [WARNING] [pdc_server_region_cache.c:834] PDC_SERVER[0]: Flushed region via POSIX I/O in 0.017272 s
[13:54:13.089031] [WARNING] [pdc_server_region_cache.c:850] PDC_SERVER[0]: [2026-10-07 13:54:13.089028] Flushed 16.00 / 16.00 MB to storage
[INFO] PDC_SERVER[0]: Region flush iteration took 0.017305 s
[INFO] PDC_SERVER[0]: Starting flush for obj_id 3000000002, ndim=3
[13:54:13.091066] [WARNING] [pdc_server_region_cache.c:823] PDC_SERVER[0]: Region mapping lookup took 0.000001 s
[13:54:13.091072] [WARNING] [pdc_server_region_cache.c:828] PDC_SERVER[0]: No region mapping found for obj_id 3000000002
[13:54:13.107459] [WARNING] [pdc_server_region_cache.c:834] PDC_SERVER[0]: Flushed region via POSIX I/O in 0.016375 s
[13:54:13.107470] [WARNING] [pdc_server_region_cache.c:850] PDC_SERVER[0]: [2026-10-07 13:54:13.107467] Flushed 16.00 / 16.00 MB to storage
[INFO] PDC_SERVER[0]: Region flush iteration took 0.016410 s
[INFO] PDC_SERVER[0]: Starting flush for obj_id 3000000002, ndim=3
[13:54:13.108953] [WARNING] [pdc_server_region_cache.c:823] PDC_SERVER[0]: Region mapping lookup took 0.000001 s
[13:54:13.108958] [WARNING] [pdc_server_region_cache.c:828] PDC_SERVER[0]: No region mapping found for obj_id 3000000002
[13:54:13.128338] [WARNING] [pdc_server_region_cache.c:834] PDC_SERVER[0]: Flushed region via POSIX I/O in 0.019367 s
[13:54:13.128354] [WARNING] [pdc_server_region_cache.c:850] PDC_SERVER[0]: [2026-10-07 13:54:13.128351] Flushed 16.00 / 16.00 MB to storage
[INFO] PDC_SERVER[0]: Region flush iteration took 0.019409 s
[INFO] PDC_SERVER[0]: Starting flush for obj_id 3000000002, ndim=3
[13:54:13.130105] [WARNING] [pdc_server_region_cache.c:823] PDC_SERVER[0]: Region mapping lookup took 0.000001 s
[13:54:13.130116] [WARNING] [pdc_server_region_cache.c:828] PDC_SERVER[0]: No region mapping found for obj_id 3000000002
[13:54:13.147038] [WARNING] [pdc_server_region_cache.c:834] PDC_SERVER[0]: Flushed region via POSIX I/O in 0.016912 s
[13:54:13.147051] [WARNING] [pdc_server_region_cache.c:850] PDC_SERVER[0]: [2026-10-07 13:54:13.147048] Flushed 16.00 / 16.00 MB to storage
[INFO] PDC_SERVER[0]: Region flush iteration took 0.016952 s
[INFO] PDC_SERVER[0]: Starting flush for obj_id 3000000002, ndim=3
[13:54:13.150519] [WARNING] [pdc_server_region_cache.c:823] PDC_SERVER[0]: Region mapping lookup took 0.000000 s
[13:54:13.150524] [WARNING] [pdc_server_region_cache.c:828] PDC_SERVER[0]: No region mapping found for obj_id 3000000002
[13:54:13.167852] [WARNING] [pdc_server_region_cache.c:834] PDC_SERVER[0]: Flushed region via POSIX I/O in 0.017315 s
[13:54:13.167866] [WARNING] [pdc_server_region_cache.c:850] PDC_SERVER[0]: [2026-10-07 13:54:13.167864] Flushed 16.00 / 16.00 MB to storage
[INFO] PDC_SERVER[0]: Region flush iteration took 0.017352 s
[INFO] PDC_SERVER[0]: Starting flush for obj_id 3000000002, ndim=3
[13:54:13.169059] [WARNING] [pdc_server_region_cache.c:823] PDC_SERVER[0]: Region mapping lookup took 0.000001 s
[13:54:13.169064] [WARNING] [pdc_server_region_cache.c:828] PDC_SERVER[0]: No region mapping found for obj_id 3000000002
[13:54:13.185608] [WARNING] [pdc_server_region_cache.c:834] PDC_SERVER[0]: Flushed region via POSIX I/O in 0.016532 s
[13:54:13.185624] [WARNING] [pdc_server_region_cache.c:850] PDC_SERVER[0]: [2026-10-07 13:54:13.185621] Flushed 16.00 / 16.00 MB to storage
[INFO] PDC_SERVER[0]: Region flush iteration took 0.016577 s
[INFO] PDC_SERVER[0]: Starting flush for obj_id 3000000002, ndim=3
[13:54:13.187301] [WARNING] [pdc_server_region_cache.c:823] PDC_SERVER[0]: Region mapping lookup took 0.000001 s
[13:54:13.187306] [WARNING] [pdc_server_region_cache.c:828] PDC_SERVER[0]: No region mapping found for obj_id 3000000002
[13:54:13.205115] [WARNING] [pdc_server_region_cache.c:834] PDC_SERVER[0]: Flushed region via POSIX I/O in 0.017797 s
[13:54:13.205132] [WARNING] [pdc_server_region_cache.c:850] PDC_SERVER[0]: [2026-10-07 13:54:13.205129] Flushed 16.00 / 16.00 MB to storage
[INFO] PDC_SERVER[0]: Region flush iteration took 0.017839 s
[INFO] PDC_SERVER[0]: Starting flush for obj_id 3000000002, ndim=3
[13:54:13.206879] [WARNING] [pdc_server_region_cache.c:823] PDC_SERVER[0]: Region mapping lookup took 0.000000 s
[13:54:13.206884] [WARNING] [pdc_server_region_cache.c:828] PDC_SERVER[0]: No region mapping found for obj_id 3000000002
[13:54:13.224000] [WARNING] [pdc_server_region_cache.c:834] PDC_SERVER[0]: Flushed region via POSIX I/O in 0.017109 s
[13:54:13.224011] [WARNING] [pdc_server_region_cache.c:850] PDC_SERVER[0]: [2026-10-07 13:54:13.224008] Flushed 16.00 / 16.00 MB to storage
[INFO] PDC_SERVER[0]: Region flush iteration took 0.017138 s
[INFO] PDC_SERVER[0]: Starting flush for obj_id 3000000002, ndim=3
[13:54:13.225481] [WARNING] [pdc_server_region_cache.c:823] PDC_SERVER[0]: Region mapping lookup took 0.000000 s
[13:54:13.225486] [WARNING] [pdc_server_region_cache.c:828] PDC_SERVER[0]: No region mapping found for obj_id 3000000002
[13:54:13.242527] [WARNING] [pdc_server_region_cache.c:834] PDC_SERVER[0]: Flushed region via POSIX I/O in 0.017034 s
[13:54:13.242537] [WARNING] [pdc_server_region_cache.c:850] PDC_SERVER[0]: [2026-10-07 13:54:13.242534] Flushed 16.00 / 16.00 MB to storage
[INFO] PDC_SERVER[0]: Region flush iteration took 0.017062 s
[INFO] PDC_SERVER[0]: Starting flush for obj_id 3000000002, ndim=3
[13:54:13.243881] [WARNING] [pdc_server_region_cache.c:823] PDC_SERVER[0]: Region mapping lookup took 0.000000 s
[13:54:13.243886] [WARNING] [pdc_server_region_cache.c:828] PDC_SERVER[0]: No region mapping found for obj_id 3000000002
[13:54:13.260516] [WARNING] [pdc_server_region_cache.c:834] PDC_SERVER[0]: Flushed region via POSIX I/O in 0.016627 s
[13:54:13.260526] [WARNING] [pdc_server_region_cache.c:850] PDC_SERVER[0]: [2026-10-07 13:54:13.260525] Flushed 16.00 / 16.00 MB to storage
[INFO] PDC_SERVER[0]: Region flush iteration took 0.016650 s
[INFO] PDC_SERVER[0]: Starting flush for obj_id 3000000002, ndim=3
[13:54:13.261685] [WARNING] [pdc_server_region_cache.c:823] PDC_SERVER[0]: Region mapping lookup took 0.000000 s
[13:54:13.261689] [WARNING] [pdc_server_region_cache.c:828] PDC_SERVER[0]: No region mapping found for obj_id 3000000002
[13:54:13.278982] [WARNING] [pdc_server_region_cache.c:834] PDC_SERVER[0]: Flushed region via POSIX I/O in 0.017287 s
[13:54:13.278991] [WARNING] [pdc_server_region_cache.c:850] PDC_SERVER[0]: [2026-10-07 13:54:13.278988] Flushed 16.00 / 16.00 MB to storage
[INFO] PDC_SERVER[0]: Region flush iteration took 0.017311 s
[INFO] PDC_SERVER[0]: Starting flush for obj_id 3000000002, ndim=3
[13:54:13.280048] [WARNING] [pdc_server_region_cache.c:823] PDC_SERVER[0]: Region mapping lookup took 0.000000 s
[13:54:13.280052] [WARNING] [pdc_server_region_cache.c:828] PDC_SERVER[0]: No region mapping found for obj_id 3000000002
[13:54:13.296853] [WARNING] [pdc_server_region_cache.c:834] PDC_SERVER[0]: Flushed region via POSIX I/O in 0.016794 s
[13:54:13.296862] [WARNING] [pdc_server_region_cache.c:850] PDC_SERVER[0]: [2026-10-07 13:54:13.296859] Flushed 16.00 / 16.00 MB to storage
[INFO] PDC_SERVER[0]: Region flush iteration took 0.016820 s
[INFO] PDC_SERVER[0]: Starting flush for obj_id 3000000002, ndim=3
[13:54:13.298048] [WARNING] [pdc_server_region_cache.c:823] PDC_SERVER[0]: Region mapping lookup took 0.000000 s
[13:54:13.298055] [WARNING] [pdc_server_region_cache.c:828] PDC_SERVER[0]: No region mapping found for obj_id 3000000002
[13:54:13.315093] [WARNING] [pdc_server_region_cache.c:834] PDC_SERVER[0]: Flushed region via POSIX I/O in 0.017030 s
[13:54:13.315103] [WARNING] [pdc_server_region_cache.c:850] PDC_SERVER[0]: [2026-10-07 13:54:13.315100] Flushed 16.00 / 16.00 MB to storage
[INFO] PDC_SERVER[0]: Region flush iteration took 0.017069 s
[INFO] PDC_SERVER[0]: Starting flush for obj_id 4000000002, ndim=3
[13:54:13.316018] [WARNING] [pdc_server_region_cache.c:823] PDC_SERVER[0]: Region mapping lookup took 0.000000 s
[13:54:13.316023] [WARNING] [pdc_server_region_cache.c:828] PDC_SERVER[0]: No region mapping found for obj_id 4000000002
[13:54:13.339160] [WARNING] [pdc_server_region_cache.c:834] PDC_SERVER[0]: Flushed region via POSIX I/O in 0.023122 s
[13:54:13.339182] [WARNING] [pdc_server_region_cache.c:850] PDC_SERVER[0]: [2026-10-07 13:54:13.339177] Flushed 16.00 / 16.00 MB to storage
[INFO] PDC_SERVER[0]: Region flush iteration took 0.023173 s
[INFO] PDC_SERVER[0]: Starting flush for obj_id 4000000002, ndim=3
[13:54:13.361030] [WARNING] [pdc_server_region_cache.c:823] PDC_SERVER[0]: Region mapping lookup took 0.000000 s
[13:54:13.361037] [WARNING] [pdc_server_region_cache.c:828] PDC_SERVER[0]: No region mapping found for obj_id 4000000002
[13:54:13.379025] [WARNING] [pdc_server_region_cache.c:834] PDC_SERVER[0]: Flushed region via POSIX I/O in 0.017982 s
[13:54:13.379047] [WARNING] [pdc_server_region_cache.c:850] PDC_SERVER[0]: [2026-10-07 13:54:13.379044] Flushed 16.00 / 16.00 MB to storage
[INFO] PDC_SERVER[0]: Region flush iteration took 0.018024 s
[INFO] PDC_SERVER[0]: Starting flush for obj_id 4000000002, ndim=3
[13:54:13.394729] [WARNING] [pdc_server_region_cache.c:823] PDC_SERVER[0]: Region mapping lookup took 0.000000 s
[13:54:13.394734] [WARNING] [pdc_server_region_cache.c:828] PDC_SERVER[0]: No region mapping found for obj_id 4000000002
[13:54:13.411060] [WARNING] [pdc_server_region_cache.c:834] PDC_SERVER[0]: Flushed region via POSIX I/O in 0.016322 s
[13:54:13.411071] [WARNING] [pdc_server_region_cache.c:850] PDC_SERVER[0]: [2026-10-07 13:54:13.411069] Flushed 16.00 / 16.00 MB to storage
[INFO] PDC_SERVER[0]: Region flush iteration took 0.016347 s
[INFO] PDC_SERVER[0]: Starting flush for obj_id 4000000002, ndim=3
[13:54:13.412545] [WARNING] [pdc_server_region_cache.c:823] PDC_SERVER[0]: Region mapping lookup took 0.000001 s
[13:54:13.412550] [WARNING] [pdc_server_region_cache.c:828] PDC_SERVER[0]: No region mapping found for obj_id 4000000002
[13:54:13.430077] [WARNING] [pdc_server_region_cache.c:834] PDC_SERVER[0]: Flushed region via POSIX I/O in 0.017524 s
[13:54:13.430087] [WARNING] [pdc_server_region_cache.c:850] PDC_SERVER[0]: [2026-10-07 13:54:13.430085] Flushed 16.00 / 16.00 MB to storage
[INFO] PDC_SERVER[0]: Region flush iteration took 0.017549 s
[INFO] PDC_SERVER[0]: Starting flush for obj_id 4000000002, ndim=3
[13:54:13.431086] [WARNING] [pdc_server_region_cache.c:823] PDC_SERVER[0]: Region mapping lookup took 0.000000 s
[13:54:13.431091] [WARNING] [pdc_server_region_cache.c:828] PDC_SERVER[0]: No region mapping found for obj_id 4000000002
[13:54:13.448231] [WARNING] [pdc_server_region_cache.c:834] PDC_SERVER[0]: Flushed region via POSIX I/O in 0.017132 s
[13:54:13.448244] [WARNING] [pdc_server_region_cache.c:850] PDC_SERVER[0]: [2026-10-07 13:54:13.448241] Flushed 16.00 / 16.00 MB to storage
[INFO] PDC_SERVER[0]: Region flush iteration took 0.017165 s
[INFO] PDC_SERVER[0]: Starting flush for obj_id 4000000002, ndim=3
[13:54:13.449242] [WARNING] [pdc_server_region_cache.c:823] PDC_SERVER[0]: Region mapping lookup took 0.000001 s
[13:54:13.449247] [WARNING] [pdc_server_region_cache.c:828] PDC_SERVER[0]: No region mapping found for obj_id 4000000002
[13:54:13.466153] [WARNING] [pdc_server_region_cache.c:834] PDC_SERVER[0]: Flushed region via POSIX I/O in 0.016898 s
[13:54:13.466164] [WARNING] [pdc_server_region_cache.c:850] PDC_SERVER[0]: [2026-10-07 13:54:13.466161] Flushed 16.00 / 16.00 MB to storage
[INFO] PDC_SERVER[0]: Region flush iteration took 0.016929 s
[INFO] PDC_SERVER[0]: Starting flush for obj_id 4000000002, ndim=3
[13:54:13.467175] [WARNING] [pdc_server_region_cache.c:823] PDC_SERVER[0]: Region mapping lookup took 0.000001 s
[13:54:13.467180] [WARNING] [pdc_server_region_cache.c:828] PDC_SERVER[0]: No region mapping found for obj_id 4000000002
[13:54:13.484615] [WARNING] [pdc_server_region_cache.c:834] PDC_SERVER[0]: Flushed region via POSIX I/O in 0.017426 s
[13:54:13.484624] [WARNING] [pdc_server_region_cache.c:850] PDC_SERVER[0]: [2026-10-07 13:54:13.484622] Flushed 16.00 / 16.00 MB to storage
[INFO] PDC_SERVER[0]: Region flush iteration took 0.017457 s
[INFO] PDC_SERVER[0]: Starting flush for obj_id 4000000002, ndim=3
[13:54:13.485524] [WARNING] [pdc_server_region_cache.c:823] PDC_SERVER[0]: Region mapping lookup took 0.000001 s
[13:54:13.485528] [WARNING] [pdc_server_region_cache.c:828] PDC_SERVER[0]: No region mapping found for obj_id 4000000002
[13:54:13.503599] [WARNING] [pdc_server_region_cache.c:834] PDC_SERVER[0]: Flushed region via POSIX I/O in 0.018067 s
[13:54:13.503610] [WARNING] [pdc_server_region_cache.c:850] PDC_SERVER[0]: [2026-10-07 13:54:13.503608] Flushed 16.00 / 16.00 MB to storage
[INFO] PDC_SERVER[0]: Region flush iteration took 0.018092 s
[INFO] PDC_SERVER[0]: Starting flush for obj_id 4000000002, ndim=3
[13:54:13.504556] [WARNING] [pdc_server_region_cache.c:823] PDC_SERVER[0]: Region mapping lookup took 0.000001 s
[13:54:13.504561] [WARNING] [pdc_server_region_cache.c:828] PDC_SERVER[0]: No region mapping found for obj_id 4000000002
[13:54:13.521886] [WARNING] [pdc_server_region_cache.c:834] PDC_SERVER[0]: Flushed region via POSIX I/O in 0.017316 s
[13:54:13.521896] [WARNING] [pdc_server_region_cache.c:850] PDC_SERVER[0]: [2026-10-07 13:54:13.521893] Flushed 16.00 / 16.00 MB to storage
[INFO] PDC_SERVER[0]: Region flush iteration took 0.017346 s
[INFO] PDC_SERVER[0]: Starting flush for obj_id 4000000002, ndim=3
[13:54:13.522886] [WARNING] [pdc_server_region_cache.c:823] PDC_SERVER[0]: Region mapping lookup took 0.000001 s
[13:54:13.522890] [WARNING] [pdc_server_region_cache.c:828] PDC_SERVER[0]: No region mapping found for obj_id 4000000002
[13:54:13.539989] [WARNING] [pdc_server_region_cache.c:834] PDC_SERVER[0]: Flushed region via POSIX I/O in 0.017091 s
[13:54:13.540001] [WARNING] [pdc_server_region_cache.c:850] PDC_SERVER[0]: [2026-10-07 13:54:13.539998] Flushed 16.00 / 16.00 MB to storage
[INFO] PDC_SERVER[0]: Region flush iteration took 0.017121 s
[INFO] PDC_SERVER[0]: Starting flush for obj_id 4000000002, ndim=3
[13:54:13.541034] [WARNING] [pdc_server_region_cache.c:823] PDC_SERVER[0]: Region mapping lookup took 0.000001 s
[13:54:13.541038] [WARNING] [pdc_server_region_cache.c:828] PDC_SERVER[0]: No region mapping found for obj_id 4000000002
[13:54:13.559560] [WARNING] [pdc_server_region_cache.c:834] PDC_SERVER[0]: Flushed region via POSIX I/O in 0.018510 s
[13:54:13.559574] [WARNING] [pdc_server_region_cache.c:850] PDC_SERVER[0]: [2026-10-07 13:54:13.559571] Flushed 16.00 / 16.00 MB to storage
[INFO] PDC_SERVER[0]: Region flush iteration took 0.018547 s
[INFO] PDC_SERVER[0]: Starting flush for obj_id 4000000002, ndim=3
[13:54:13.560790] [WARNING] [pdc_server_region_cache.c:823] PDC_SERVER[0]: Region mapping lookup took 0.000001 s
[13:54:13.560795] [WARNING] [pdc_server_region_cache.c:828] PDC_SERVER[0]: No region mapping found for obj_id 4000000002
[13:54:13.578906] [WARNING] [pdc_server_region_cache.c:834] PDC_SERVER[0]: Flushed region via POSIX I/O in 0.018099 s
[13:54:13.578922] [WARNING] [pdc_server_region_cache.c:850] PDC_SERVER[0]: [2026-10-07 13:54:13.578919] Flushed 16.00 / 16.00 MB to storage
[INFO] PDC_SERVER[0]: Region flush iteration took 0.018139 s
[INFO] PDC_SERVER[0]: Starting flush for obj_id 4000000002, ndim=3
[13:54:13.582080] [WARNING] [pdc_server_region_cache.c:823] PDC_SERVER[0]: Region mapping lookup took 0.000000 s
[13:54:13.582085] [WARNING] [pdc_server_region_cache.c:828] PDC_SERVER[0]: No region mapping found for obj_id 4000000002
[13:54:13.599709] [WARNING] [pdc_server_region_cache.c:834] PDC_SERVER[0]: Flushed region via POSIX I/O in 0.017621 s
[13:54:13.599723] [WARNING] [pdc_server_region_cache.c:850] PDC_SERVER[0]: [2026-10-07 13:54:13.599720] Flushed 16.00 / 16.00 MB to storage
[INFO] PDC_SERVER[0]: Region flush iteration took 0.017649 s
[INFO] PDC_SERVER[0]: Starting flush for obj_id 4000000002, ndim=3
[13:54:13.601201] [WARNING] [pdc_server_region_cache.c:823] PDC_SERVER[0]: Region mapping lookup took 0.000001 s
[13:54:13.601221] [WARNING] [pdc_server_region_cache.c:828] PDC_SERVER[0]: No region mapping found for obj_id 4000000002
[13:54:13.622378] [WARNING] [pdc_server_region_cache.c:834] PDC_SERVER[0]: Flushed region via POSIX I/O in 0.021141 s
[13:54:13.622403] [WARNING] [pdc_server_region_cache.c:850] PDC_SERVER[0]: [2026-10-07 13:54:13.622399] Flushed 16.00 / 16.00 MB to storage
[INFO] PDC_SERVER[0]: Region flush iteration took 0.021213 s
[INFO] PDC_SERVER[0]: Starting flush for obj_id 4000000002, ndim=3
[13:54:13.623750] [WARNING] [pdc_server_region_cache.c:823] PDC_SERVER[0]: Region mapping lookup took 0.000001 s
[13:54:13.623758] [WARNING] [pdc_server_region_cache.c:828] PDC_SERVER[0]: No region mapping found for obj_id 4000000002
[13:54:13.641121] [WARNING] [pdc_server_region_cache.c:834] PDC_SERVER[0]: Flushed region via POSIX I/O in 0.017356 s
[13:54:13.641130] [WARNING] [pdc_server_region_cache.c:850] PDC_SERVER[0]: [2026-10-07 13:54:13.641127] Flushed 16.00 / 16.00 MB to storage
[INFO] PDC_SERVER[0]: Region flush iteration took 0.017388 s
[INFO] PDC_SERVER[0]: Starting flush for obj_id 4000000002, ndim=3
[13:54:13.642241] [WARNING] [pdc_server_region_cache.c:823] PDC_SERVER[0]: Region mapping lookup took 0.000001 s
[13:54:13.642246] [WARNING] [pdc_server_region_cache.c:828] PDC_SERVER[0]: No region mapping found for obj_id 4000000002
[13:54:13.659099] [WARNING] [pdc_server_region_cache.c:834] PDC_SERVER[0]: Flushed region via POSIX I/O in 0.016846 s
[13:54:13.659111] [WARNING] [pdc_server_region_cache.c:850] PDC_SERVER[0]: [2026-10-07 13:54:13.659108] Flushed 16.00 / 16.00 MB to storage
[INFO] PDC_SERVER[0]: Region flush iteration took 0.016877 s
[INFO] PDC_SERVER[0]: Starting flush for obj_id 5000000000, ndim=3
[13:54:13.660264] [WARNING] [pdc_server_region_cache.c:823] PDC_SERVER[0]: Region mapping lookup took 0.000001 s
[13:54:13.660270] [WARNING] [pdc_server_region_cache.c:828] PDC_SERVER[0]: No region mapping found for obj_id 5000000000
[13:54:13.888528] [WARNING] [pdc_tf_server.c:393] PDC_SERVER[7]: SCHED: setting CUDA device to 0 for edge 0 func=zfp_compress
[13:54:13.888588] [WARNING] [pdc_tf_server.c:401] PDC_SERVER[7]: SCHED: executing edge 0 func=zfp_compress dev=GPU
[13:54:13.911037] [WARNING] [pdc_tf_server.c:475] PDC_SERVER[7]: SCHED: done running transformations
[INFO] PDC_SERVER[0]: Executing graph with json filepath /pscratch/sd/n/nlewi26/src/work_space/source/pdc/tf_client/graphs/zfp_gpu.json
[13:54:13.911962] [WARNING] [pdc_tf_server.c:393] PDC_SERVER[0]: SCHED: setting CUDA device to 0 for edge 0 func=zfp_compress
[13:54:13.911977] [WARNING] [pdc_tf_server.c:401] PDC_SERVER[0]: SCHED: executing edge 0 func=zfp_compress dev=GPU
[13:54:13.920556] [WARNING] [pdc_tf_server.c:475] PDC_SERVER[0]: SCHED: done running transformations
[13:54:13.949378] [WARNING] [pdc_tf_server.c:393] PDC_SERVER[6]: SCHED: setting CUDA device to 0 for edge 0 func=zfp_compress
[13:54:13.949433] [WARNING] [pdc_tf_server.c:401] PDC_SERVER[6]: SCHED: executing edge 0 func=zfp_compress dev=GPU
[13:54:13.957381] [WARNING] [pdc_server_region_cache.c:834] PDC_SERVER[0]: Flushed region via POSIX I/O in 0.297096 s
[13:54:13.957404] [WARNING] [pdc_server_region_cache.c:850] PDC_SERVER[0]: [2026-10-07 13:54:13.957400] Flushed 16.00 / 16.00 MB to storage
[INFO] PDC_SERVER[0]: Region flush iteration took 0.297148 s
[13:54:13.964862] [WARNING] [pdc_tf_server.c:475] PDC_SERVER[6]: SCHED: done running transformations
[13:54:13.979286] [WARNING] [pdc_tf_server.c:393] PDC_SERVER[4]: SCHED: setting CUDA device to 0 for edge 0 func=zfp_compress
[13:54:13.979338] [WARNING] [pdc_tf_server.c:401] PDC_SERVER[4]: SCHED: executing edge 0 func=zfp_compress dev=GPU
[13:54:13.986497] [WARNING] [pdc_tf_server.c:393] PDC_SERVER[2]: SCHED: setting CUDA device to 0 for edge 0 func=zfp_compress
[13:54:13.986599] [WARNING] [pdc_tf_server.c:401] PDC_SERVER[2]: SCHED: executing edge 0 func=zfp_compress dev=GPU
[13:54:13.988006] [WARNING] [pdc_tf_server.c:475] PDC_SERVER[4]: SCHED: done running transformations
[INFO] PDC_SERVER[0]: Starting flush for obj_id 5000000000, ndim=3
[13:54:13.989037] [WARNING] [pdc_server_region_cache.c:823] PDC_SERVER[0]: Region mapping lookup took 0.000000 s
[13:54:13.989044] [WARNING] [pdc_server_region_cache.c:828] PDC_SERVER[0]: No region mapping found for obj_id 5000000000
[13:54:13.998136] [WARNING] [pdc_tf_server.c:393] PDC_SERVER[1]: SCHED: setting CUDA device to 0 for edge 0 func=zfp_compress
[13:54:13.998168] [WARNING] [pdc_tf_server.c:401] PDC_SERVER[1]: SCHED: executing edge 0 func=zfp_compress dev=GPU
[13:54:13.999436] [WARNING] [pdc_tf_server.c:393] PDC_SERVER[5]: SCHED: setting CUDA device to 0 for edge 0 func=zfp_compress
[13:54:13.999503] [WARNING] [pdc_tf_server.c:401] PDC_SERVER[5]: SCHED: executing edge 0 func=zfp_compress dev=GPU
[13:54:14.003185] [WARNING] [pdc_tf_server.c:475] PDC_SERVER[2]: SCHED: done running transformations
[13:54:14.005817] [WARNING] [pdc_tf_server.c:393] PDC_SERVER[3]: SCHED: setting CUDA device to 0 for edge 0 func=zfp_compress
[13:54:14.005843] [WARNING] [pdc_tf_server.c:401] PDC_SERVER[3]: SCHED: executing edge 0 func=zfp_compress dev=GPU
[13:54:14.006958] [WARNING] [pdc_tf_server.c:475] PDC_SERVER[1]: SCHED: done running transformations
[13:54:14.008838] [WARNING] [pdc_tf_server.c:475] PDC_SERVER[5]: SCHED: done running transformations
[13:54:14.017060] [WARNING] [pdc_tf_server.c:475] PDC_SERVER[3]: SCHED: done running transformations
[13:54:14.222047] [WARNING] [pdc_tf_server.c:393] PDC_SERVER[7]: SCHED: setting CUDA device to 0 for edge 0 func=zfp_compress
[13:54:14.222082] [WARNING] [pdc_tf_server.c:401] PDC_SERVER[7]: SCHED: executing edge 0 func=zfp_compress dev=GPU
[13:54:14.231015] [WARNING] [pdc_tf_server.c:475] PDC_SERVER[7]: SCHED: done running transformations
[INFO] PDC_SERVER[0]: Executing graph with json filepath /pscratch/sd/n/nlewi26/src/work_space/source/pdc/tf_client/graphs/zfp_gpu.json
[13:54:14.238376] [WARNING] [pdc_tf_server.c:393] PDC_SERVER[0]: SCHED: setting CUDA device to 0 for edge 0 func=zfp_compress
[13:54:14.238420] [WARNING] [pdc_tf_server.c:401] PDC_SERVER[0]: SCHED: executing edge 0 func=zfp_compress dev=GPU
[13:54:14.247391] [WARNING] [pdc_tf_server.c:393] PDC_SERVER[6]: SCHED: setting CUDA device to 0 for edge 0 func=zfp_compress
[13:54:14.247417] [WARNING] [pdc_tf_server.c:401] PDC_SERVER[6]: SCHED: executing edge 0 func=zfp_compress dev=GPU
[13:54:14.256321] [WARNING] [pdc_tf_server.c:475] PDC_SERVER[0]: SCHED: done running transformations
[13:54:14.256571] [WARNING] [pdc_tf_server.c:475] PDC_SERVER[6]: SCHED: done running transformations
[13:54:14.292926] [WARNING] [pdc_server_region_cache.c:834] PDC_SERVER[0]: Flushed region via POSIX I/O in 0.303872 s
[13:54:14.292942] [WARNING] [pdc_server_region_cache.c:850] PDC_SERVER[0]: [2026-10-07 13:54:14.292938] Flushed 16.00 / 16.00 MB to storage
[INFO] PDC_SERVER[0]: Region flush iteration took 0.303912 s
[INFO] PDC_SERVER[0]: Starting flush for obj_id 5000000000, ndim=3
[13:54:14.294362] [WARNING] [pdc_server_region_cache.c:823] PDC_SERVER[0]: Region mapping lookup took 0.000001 s
[13:54:14.294370] [WARNING] [pdc_server_region_cache.c:828] PDC_SERVER[0]: No region mapping found for obj_id 5000000000
[13:54:14.298595] [WARNING] [pdc_tf_server.c:393] PDC_SERVER[2]: SCHED: setting CUDA device to 0 for edge 0 func=zfp_compress
[13:54:14.298624] [WARNING] [pdc_tf_server.c:401] PDC_SERVER[2]: SCHED: executing edge 0 func=zfp_compress dev=GPU
[13:54:14.307270] [WARNING] [pdc_tf_server.c:475] PDC_SERVER[2]: SCHED: done running transformations
[13:54:14.309063] [WARNING] [pdc_tf_server.c:393] PDC_SERVER[3]: SCHED: setting CUDA device to 0 for edge 0 func=zfp_compress
[13:54:14.309090] [WARNING] [pdc_tf_server.c:401] PDC_SERVER[3]: SCHED: executing edge 0 func=zfp_compress dev=GPU
[13:54:14.318274] [WARNING] [pdc_tf_server.c:475] PDC_SERVER[3]: SCHED: done running transformations
[13:54:14.319038] [WARNING] [pdc_tf_server.c:393] PDC_SERVER[4]: SCHED: setting CUDA device to 0 for edge 0 func=zfp_compress
[13:54:14.319096] [WARNING] [pdc_tf_server.c:401] PDC_SERVER[4]: SCHED: executing edge 0 func=zfp_compress dev=GPU
[13:54:14.319837] [WARNING] [pdc_tf_server.c:393] PDC_SERVER[5]: SCHED: setting CUDA device to 0 for edge 0 func=zfp_compress
[13:54:14.319872] [WARNING] [pdc_tf_server.c:401] PDC_SERVER[5]: SCHED: executing edge 0 func=zfp_compress dev=GPU
[13:54:14.338347] [WARNING] [pdc_tf_server.c:475] PDC_SERVER[5]: SCHED: done running transformations
[13:54:14.338385] [WARNING] [pdc_tf_server.c:475] PDC_SERVER[4]: SCHED: done running transformations
[13:54:14.372085] [WARNING] [pdc_tf_server.c:393] PDC_SERVER[1]: SCHED: setting CUDA device to 0 for edge 0 func=zfp_compress
[13:54:14.372119] [WARNING] [pdc_tf_server.c:401] PDC_SERVER[1]: SCHED: executing edge 0 func=zfp_compress dev=GPU
[13:54:14.381477] [WARNING] [pdc_tf_server.c:475] PDC_SERVER[1]: SCHED: done running transformations
[13:54:14.535327] [WARNING] [pdc_tf_server.c:393] PDC_SERVER[7]: SCHED: setting CUDA device to 0 for edge 0 func=zfp_compress
[13:54:14.535396] [WARNING] [pdc_tf_server.c:401] PDC_SERVER[7]: SCHED: executing edge 0 func=zfp_compress dev=GPU
[13:54:14.544399] [WARNING] [pdc_tf_server.c:475] PDC_SERVER[7]: SCHED: done running transformations
[13:54:14.547025] [WARNING] [pdc_tf_server.c:393] PDC_SERVER[6]: SCHED: setting CUDA device to 0 for edge 0 func=zfp_compress
[13:54:14.547080] [WARNING] [pdc_tf_server.c:401] PDC_SERVER[6]: SCHED: executing edge 0 func=zfp_compress dev=GPU
[INFO] PDC_SERVER[0]: Executing graph with json filepath /pscratch/sd/n/nlewi26/src/work_space/source/pdc/tf_client/graphs/zfp_gpu.json
[13:54:14.547268] [WARNING] [pdc_tf_server.c:393] PDC_SERVER[0]: SCHED: setting CUDA device to 0 for edge 0 func=zfp_compress
[13:54:14.547309] [WARNING] [pdc_tf_server.c:401] PDC_SERVER[0]: SCHED: executing edge 0 func=zfp_compress dev=GPU
[13:54:14.555709] [WARNING] [pdc_tf_server.c:475] PDC_SERVER[0]: SCHED: done running transformations
[13:54:14.556244] [WARNING] [pdc_tf_server.c:475] PDC_SERVER[6]: SCHED: done running transformations
[13:54:14.592395] [WARNING] [pdc_server_region_cache.c:834] PDC_SERVER[0]: Flushed region via POSIX I/O in 0.298012 s
[13:54:14.592413] [WARNING] [pdc_server_region_cache.c:850] PDC_SERVER[0]: [2026-10-07 13:54:14.592410] Flushed 16.00 / 16.00 MB to storage
[INFO] PDC_SERVER[0]: Region flush iteration took 0.298061 s
[13:54:14.593207] [WARNING] [pdc_tf_server.c:393] PDC_SERVER[2]: SCHED: setting CUDA device to 0 for edge 0 func=zfp_compress
[13:54:14.593236] [WARNING] [pdc_tf_server.c:401] PDC_SERVER[2]: SCHED: executing edge 0 func=zfp_compress dev=GPU
[INFO] PDC_SERVER[0]: Starting flush for obj_id 5000000000, ndim=3
[13:54:14.594003] [WARNING] [pdc_server_region_cache.c:823] PDC_SERVER[0]: Region mapping lookup took 0.000001 s
[13:54:14.594007] [WARNING] [pdc_server_region_cache.c:828] PDC_SERVER[0]: No region mapping found for obj_id 5000000000
[13:54:14.602910] [WARNING] [pdc_tf_server.c:475] PDC_SERVER[2]: SCHED: done running transformations
[13:54:14.605170] [WARNING] [pdc_tf_server.c:393] PDC_SERVER[3]: SCHED: setting CUDA device to 0 for edge 0 func=zfp_compress
[13:54:14.605198] [WARNING] [pdc_tf_server.c:401] PDC_SERVER[3]: SCHED: executing edge 0 func=zfp_compress dev=GPU
[13:54:14.613260] [WARNING] [pdc_tf_server.c:475] PDC_SERVER[3]: SCHED: done running transformations
[13:54:14.629639] [WARNING] [pdc_tf_server.c:393] PDC_SERVER[5]: SCHED: setting CUDA device to 0 for edge 0 func=zfp_compress
[13:54:14.629701] [WARNING] [pdc_tf_server.c:401] PDC_SERVER[5]: SCHED: executing edge 0 func=zfp_compress dev=GPU
[13:54:14.630087] [WARNING] [pdc_tf_server.c:393] PDC_SERVER[4]: SCHED: setting CUDA device to 0 for edge 0 func=zfp_compress
[13:54:14.630169] [WARNING] [pdc_tf_server.c:401] PDC_SERVER[4]: SCHED: executing edge 0 func=zfp_compress dev=GPU
[13:54:14.640125] [WARNING] [pdc_tf_server.c:475] PDC_SERVER[5]: SCHED: done running transformations
[13:54:14.641685] [WARNING] [pdc_tf_server.c:475] PDC_SERVER[4]: SCHED: done running transformations
[13:54:14.751145] [WARNING] [pdc_tf_server.c:393] PDC_SERVER[1]: SCHED: setting CUDA device to 0 for edge 0 func=zfp_compress
[13:54:14.751180] [WARNING] [pdc_tf_server.c:401] PDC_SERVER[1]: SCHED: executing edge 0 func=zfp_compress dev=GPU
[13:54:14.760466] [WARNING] [pdc_tf_server.c:475] PDC_SERVER[1]: SCHED: done running transformations
[13:54:14.831196] [WARNING] [pdc_tf_server.c:393] PDC_SERVER[7]: SCHED: setting CUDA device to 0 for edge 0 func=zfp_compress
[13:54:14.831224] [WARNING] [pdc_tf_server.c:401] PDC_SERVER[7]: SCHED: executing edge 0 func=zfp_compress dev=GPU
[INFO] PDC_SERVER[0]: Executing graph with json filepath /pscratch/sd/n/nlewi26/src/work_space/source/pdc/tf_client/graphs/zfp_gpu.json
[13:54:14.839647] [WARNING] [pdc_tf_server.c:393] PDC_SERVER[0]: SCHED: setting CUDA device to 0 for edge 0 func=zfp_compress
[13:54:14.839690] [WARNING] [pdc_tf_server.c:401] PDC_SERVER[0]: SCHED: executing edge 0 func=zfp_compress dev=GPU
[13:54:14.847541] [WARNING] [pdc_tf_server.c:475] PDC_SERVER[0]: SCHED: done running transformations
[13:54:14.847577] [WARNING] [pdc_tf_server.c:393] PDC_SERVER[6]: SCHED: setting CUDA device to 0 for edge 0 func=zfp_compress
[13:54:14.847639] [WARNING] [pdc_tf_server.c:401] PDC_SERVER[6]: SCHED: executing edge 0 func=zfp_compress dev=GPU
[13:54:14.847760] [WARNING] [pdc_tf_server.c:475] PDC_SERVER[7]: SCHED: done running transformations
[13:54:14.863186] [WARNING] [pdc_tf_server.c:475] PDC_SERVER[6]: SCHED: done running transformations
[13:54:14.882548] [WARNING] [pdc_server_region_cache.c:834] PDC_SERVER[0]: Flushed region via POSIX I/O in 0.288529 s
[13:54:14.882563] [WARNING] [pdc_server_region_cache.c:850] PDC_SERVER[0]: [2026-10-07 13:54:14.882559] Flushed 16.00 / 16.00 MB to storage
[INFO] PDC_SERVER[0]: Region flush iteration took 0.288570 s
[INFO] PDC_SERVER[0]: Starting flush for obj_id 5000000000, ndim=3
[13:54:14.884162] [WARNING] [pdc_server_region_cache.c:823] PDC_SERVER[0]: Region mapping lookup took 0.000001 s
[13:54:14.884168] [WARNING] [pdc_server_region_cache.c:828] PDC_SERVER[0]: No region mapping found for obj_id 5000000000
[13:54:14.895297] [WARNING] [pdc_tf_server.c:393] PDC_SERVER[2]: SCHED: setting CUDA device to 0 for edge 0 func=zfp_compress
[13:54:14.895324] [WARNING] [pdc_tf_server.c:401] PDC_SERVER[2]: SCHED: executing edge 0 func=zfp_compress dev=GPU
[13:54:14.899607] [WARNING] [pdc_tf_server.c:393] PDC_SERVER[3]: SCHED: setting CUDA device to 0 for edge 0 func=zfp_compress
[13:54:14.899669] [WARNING] [pdc_tf_server.c:401] PDC_SERVER[3]: SCHED: executing edge 0 func=zfp_compress dev=GPU
[13:54:14.913030] [WARNING] [pdc_tf_server.c:475] PDC_SERVER[2]: SCHED: done running transformations
[13:54:14.913637] [WARNING] [pdc_tf_server.c:475] PDC_SERVER[3]: SCHED: done running transformations
[13:54:14.937778] [WARNING] [pdc_tf_server.c:393] PDC_SERVER[4]: SCHED: setting CUDA device to 0 for edge 0 func=zfp_compress
[13:54:14.937804] [WARNING] [pdc_tf_server.c:401] PDC_SERVER[4]: SCHED: executing edge 0 func=zfp_compress dev=GPU
[13:54:14.939246] [WARNING] [pdc_tf_server.c:393] PDC_SERVER[5]: SCHED: setting CUDA device to 0 for edge 0 func=zfp_compress
[13:54:14.939277] [WARNING] [pdc_tf_server.c:401] PDC_SERVER[5]: SCHED: executing edge 0 func=zfp_compress dev=GPU
[13:54:14.947630] [WARNING] [pdc_tf_server.c:475] PDC_SERVER[4]: SCHED: done running transformations
[13:54:14.948498] [WARNING] [pdc_tf_server.c:475] PDC_SERVER[5]: SCHED: done running transformations
[13:54:15.103676] [WARNING] [pdc_tf_server.c:393] PDC_SERVER[1]: SCHED: setting CUDA device to 0 for edge 0 func=zfp_compress
[13:54:15.103709] [WARNING] [pdc_tf_server.c:401] PDC_SERVER[1]: SCHED: executing edge 0 func=zfp_compress dev=GPU
[13:54:15.126732] [WARNING] [pdc_tf_server.c:475] PDC_SERVER[1]: SCHED: done running transformations
[13:54:15.129274] [WARNING] [pdc_tf_server.c:393] PDC_SERVER[7]: SCHED: setting CUDA device to 0 for edge 0 func=zfp_compress
[13:54:15.129299] [WARNING] [pdc_tf_server.c:401] PDC_SERVER[7]: SCHED: executing edge 0 func=zfp_compress dev=GPU
[INFO] PDC_SERVER[0]: Executing graph with json filepath /pscratch/sd/n/nlewi26/src/work_space/source/pdc/tf_client/graphs/zfp_gpu.json
[13:54:15.129863] [WARNING] [pdc_tf_server.c:393] PDC_SERVER[0]: SCHED: setting CUDA device to 0 for edge 0 func=zfp_compress
[13:54:15.129879] [WARNING] [pdc_tf_server.c:401] PDC_SERVER[0]: SCHED: executing edge 0 func=zfp_compress dev=GPU
[13:54:15.138224] [WARNING] [pdc_tf_server.c:475] PDC_SERVER[7]: SCHED: done running transformations
[13:54:15.146453] [WARNING] [pdc_tf_server.c:475] PDC_SERVER[0]: SCHED: done running transformations
[13:54:15.183418] [WARNING] [pdc_server_region_cache.c:834] PDC_SERVER[0]: Flushed region via POSIX I/O in 0.299239 s
[13:54:15.183431] [WARNING] [pdc_server_region_cache.c:850] PDC_SERVER[0]: [2026-10-07 13:54:15.183428] Flushed 16.00 / 16.00 MB to storage
[INFO] PDC_SERVER[0]: Region flush iteration took 0.299277 s
[INFO] PDC_SERVER[0]: Starting flush for obj_id 5000000000, ndim=3
[13:54:15.184991] [WARNING] [pdc_server_region_cache.c:823] PDC_SERVER[0]: Region mapping lookup took 0.000001 s
[13:54:15.184996] [WARNING] [pdc_server_region_cache.c:828] PDC_SERVER[0]: No region mapping found for obj_id 5000000000
[13:54:15.196917] [WARNING] [pdc_tf_server.c:393] PDC_SERVER[2]: SCHED: setting CUDA device to 0 for edge 0 func=zfp_compress
[13:54:15.196943] [WARNING] [pdc_tf_server.c:401] PDC_SERVER[2]: SCHED: executing edge 0 func=zfp_compress dev=GPU
[13:54:15.204944] [WARNING] [pdc_tf_server.c:475] PDC_SERVER[2]: SCHED: done running transformations
[13:54:15.233403] [WARNING] [pdc_tf_server.c:393] PDC_SERVER[4]: SCHED: setting CUDA device to 0 for edge 0 func=zfp_compress
[13:54:15.233431] [WARNING] [pdc_tf_server.c:401] PDC_SERVER[4]: SCHED: executing edge 0 func=zfp_compress dev=GPU
[13:54:15.245836] [WARNING] [pdc_tf_server.c:393] PDC_SERVER[6]: SCHED: setting CUDA device to 0 for edge 0 func=zfp_compress
[13:54:15.245900] [WARNING] [pdc_tf_server.c:401] PDC_SERVER[6]: SCHED: executing edge 0 func=zfp_compress dev=GPU
[13:54:15.252368] [WARNING] [pdc_tf_server.c:475] PDC_SERVER[4]: SCHED: done running transformations
[13:54:15.252986] [WARNING] [pdc_tf_server.c:393] PDC_SERVER[5]: SCHED: setting CUDA device to 0 for edge 0 func=zfp_compress
[13:54:15.253039] [WARNING] [pdc_tf_server.c:401] PDC_SERVER[5]: SCHED: executing edge 0 func=zfp_compress dev=GPU
[13:54:15.268278] [WARNING] [pdc_tf_server.c:475] PDC_SERVER[6]: SCHED: done running transformations
[13:54:15.271575] [WARNING] [pdc_tf_server.c:475] PDC_SERVER[5]: SCHED: done running transformations
[13:54:15.278415] [WARNING] [pdc_tf_server.c:393] PDC_SERVER[3]: SCHED: setting CUDA device to 0 for edge 0 func=zfp_compress
[13:54:15.278479] [WARNING] [pdc_tf_server.c:401] PDC_SERVER[3]: SCHED: executing edge 0 func=zfp_compress dev=GPU
[13:54:15.295988] [WARNING] [pdc_tf_server.c:475] PDC_SERVER[3]: SCHED: done running transformations
[13:54:15.417843] [WARNING] [pdc_tf_server.c:393] PDC_SERVER[7]: SCHED: setting CUDA device to 0 for edge 0 func=zfp_compress
[13:54:15.417871] [WARNING] [pdc_tf_server.c:401] PDC_SERVER[7]: SCHED: executing edge 0 func=zfp_compress dev=GPU
[13:54:15.426903] [WARNING] [pdc_tf_server.c:475] PDC_SERVER[7]: SCHED: done running transformations
[INFO] PDC_SERVER[0]: Executing graph with json filepath /pscratch/sd/n/nlewi26/src/work_space/source/pdc/tf_client/graphs/zfp_gpu.json
[13:54:15.430775] [WARNING] [pdc_tf_server.c:393] PDC_SERVER[0]: SCHED: setting CUDA device to 0 for edge 0 func=zfp_compress
[13:54:15.430820] [WARNING] [pdc_tf_server.c:401] PDC_SERVER[0]: SCHED: executing edge 0 func=zfp_compress dev=GPU
[13:54:15.439074] [WARNING] [pdc_tf_server.c:475] PDC_SERVER[0]: SCHED: done running transformations
[13:54:15.475338] [WARNING] [pdc_server_region_cache.c:834] PDC_SERVER[0]: Flushed region via POSIX I/O in 0.290328 s
[13:54:15.475359] [WARNING] [pdc_server_region_cache.c:850] PDC_SERVER[0]: [2026-10-07 13:54:15.475355] Flushed 16.00 / 16.00 MB to storage
[INFO] PDC_SERVER[0]: Region flush iteration took 0.290377 s
[INFO] PDC_SERVER[0]: Starting flush for obj_id 5000000000, ndim=3
[13:54:15.476794] [WARNING] [pdc_server_region_cache.c:823] PDC_SERVER[0]: Region mapping lookup took 0.000001 s
[13:54:15.476800] [WARNING] [pdc_server_region_cache.c:828] PDC_SERVER[0]: No region mapping found for obj_id 5000000000
[13:54:15.484350] [WARNING] [pdc_tf_server.c:393] PDC_SERVER[2]: SCHED: setting CUDA device to 0 for edge 0 func=zfp_compress
[13:54:15.484377] [WARNING] [pdc_tf_server.c:401] PDC_SERVER[2]: SCHED: executing edge 0 func=zfp_compress dev=GPU
[13:54:15.484809] [WARNING] [pdc_tf_server.c:393] PDC_SERVER[1]: SCHED: setting CUDA device to 0 for edge 0 func=zfp_compress
[13:54:15.484843] [WARNING] [pdc_tf_server.c:401] PDC_SERVER[1]: SCHED: executing edge 0 func=zfp_compress dev=GPU
[13:54:15.492583] [WARNING] [pdc_tf_server.c:475] PDC_SERVER[2]: SCHED: done running transformations
[13:54:15.506921] [WARNING] [pdc_tf_server.c:475] PDC_SERVER[1]: SCHED: done running transformations
[13:54:15.537073] [WARNING] [pdc_tf_server.c:393] PDC_SERVER[4]: SCHED: setting CUDA device to 0 for edge 0 func=zfp_compress
[13:54:15.537101] [WARNING] [pdc_tf_server.c:401] PDC_SERVER[4]: SCHED: executing edge 0 func=zfp_compress dev=GPU
[13:54:15.550998] [WARNING] [pdc_tf_server.c:475] PDC_SERVER[4]: SCHED: done running transformations
[13:54:15.553451] [WARNING] [pdc_tf_server.c:393] PDC_SERVER[6]: SCHED: setting CUDA device to 0 for edge 0 func=zfp_compress
[13:54:15.553503] [WARNING] [pdc_tf_server.c:401] PDC_SERVER[6]: SCHED: executing edge 0 func=zfp_compress dev=GPU
[13:54:15.556800] [WARNING] [pdc_tf_server.c:393] PDC_SERVER[5]: SCHED: setting CUDA device to 0 for edge 0 func=zfp_compress
[13:54:15.556827] [WARNING] [pdc_tf_server.c:401] PDC_SERVER[5]: SCHED: executing edge 0 func=zfp_compress dev=GPU
[13:54:15.562806] [WARNING] [pdc_tf_server.c:475] PDC_SERVER[6]: SCHED: done running transformations
[13:54:15.571043] [WARNING] [pdc_tf_server.c:475] PDC_SERVER[5]: SCHED: done running transformations
[13:54:15.656074] [WARNING] [pdc_tf_server.c:393] PDC_SERVER[3]: SCHED: setting CUDA device to 0 for edge 0 func=zfp_compress
[13:54:15.656104] [WARNING] [pdc_tf_server.c:401] PDC_SERVER[3]: SCHED: executing edge 0 func=zfp_compress dev=GPU
[13:54:15.665344] [WARNING] [pdc_tf_server.c:475] PDC_SERVER[3]: SCHED: done running transformations
[13:54:15.708581] [WARNING] [pdc_tf_server.c:393] PDC_SERVER[7]: SCHED: setting CUDA device to 0 for edge 0 func=zfp_compress
[13:54:15.708609] [WARNING] [pdc_tf_server.c:401] PDC_SERVER[7]: SCHED: executing edge 0 func=zfp_compress dev=GPU
[13:54:15.723563] [WARNING] [pdc_tf_server.c:475] PDC_SERVER[7]: SCHED: done running transformations
[INFO] PDC_SERVER[0]: Executing graph with json filepath /pscratch/sd/n/nlewi26/src/work_space/source/pdc/tf_client/graphs/zfp_gpu.json
[13:54:15.725832] [WARNING] [pdc_tf_server.c:393] PDC_SERVER[0]: SCHED: setting CUDA device to 0 for edge 0 func=zfp_compress
[13:54:15.725848] [WARNING] [pdc_tf_server.c:401] PDC_SERVER[0]: SCHED: executing edge 0 func=zfp_compress dev=GPU
[13:54:15.733887] [WARNING] [pdc_tf_server.c:475] PDC_SERVER[0]: SCHED: done running transformations
[13:54:15.769975] [WARNING] [pdc_server_region_cache.c:834] PDC_SERVER[0]: Flushed region via POSIX I/O in 0.293161 s
[13:54:15.769996] [WARNING] [pdc_server_region_cache.c:850] PDC_SERVER[0]: [2026-10-07 13:54:15.769992] Flushed 16.00 / 16.00 MB to storage
[INFO] PDC_SERVER[0]: Region flush iteration took 0.293210 s
[INFO] PDC_SERVER[0]: Starting flush for obj_id 5000000000, ndim=3
[13:54:15.771338] [WARNING] [pdc_server_region_cache.c:823] PDC_SERVER[0]: Region mapping lookup took 0.000001 s
[13:54:15.771342] [WARNING] [pdc_server_region_cache.c:828] PDC_SERVER[0]: No region mapping found for obj_id 5000000000
[13:54:15.775033] [WARNING] [pdc_tf_server.c:393] PDC_SERVER[2]: SCHED: setting CUDA device to 0 for edge 0 func=zfp_compress
[13:54:15.775059] [WARNING] [pdc_tf_server.c:401] PDC_SERVER[2]: SCHED: executing edge 0 func=zfp_compress dev=GPU
[13:54:15.795009] [WARNING] [pdc_tf_server.c:475] PDC_SERVER[2]: SCHED: done running transformations
[13:54:15.832631] [WARNING] [pdc_tf_server.c:393] PDC_SERVER[4]: SCHED: setting CUDA device to 0 for edge 0 func=zfp_compress
[13:54:15.832666] [WARNING] [pdc_tf_server.c:401] PDC_SERVER[4]: SCHED: executing edge 0 func=zfp_compress dev=GPU
[13:54:15.848109] [WARNING] [pdc_tf_server.c:475] PDC_SERVER[4]: SCHED: done running transformations
[13:54:15.848748] [WARNING] [pdc_tf_server.c:393] PDC_SERVER[6]: SCHED: setting CUDA device to 0 for edge 0 func=zfp_compress
[13:54:15.848799] [WARNING] [pdc_tf_server.c:401] PDC_SERVER[6]: SCHED: executing edge 0 func=zfp_compress dev=GPU
[13:54:15.857973] [WARNING] [pdc_tf_server.c:475] PDC_SERVER[6]: SCHED: done running transformations
[13:54:15.868437] [WARNING] [pdc_tf_server.c:393] PDC_SERVER[1]: SCHED: setting CUDA device to 0 for edge 0 func=zfp_compress
[13:54:15.868471] [WARNING] [pdc_tf_server.c:401] PDC_SERVER[1]: SCHED: executing edge 0 func=zfp_compress dev=GPU
[13:54:15.877895] [WARNING] [pdc_tf_server.c:475] PDC_SERVER[1]: SCHED: done running transformations
[13:54:15.897476] [WARNING] [pdc_tf_server.c:393] PDC_SERVER[5]: SCHED: setting CUDA device to 0 for edge 0 func=zfp_compress
[13:54:15.897530] [WARNING] [pdc_tf_server.c:401] PDC_SERVER[5]: SCHED: executing edge 0 func=zfp_compress dev=GPU
[13:54:15.921306] [WARNING] [pdc_tf_server.c:475] PDC_SERVER[5]: SCHED: done running transformations
[13:54:15.951329] [WARNING] [pdc_tf_server.c:393] PDC_SERVER[3]: SCHED: setting CUDA device to 0 for edge 0 func=zfp_compress
[13:54:15.951356] [WARNING] [pdc_tf_server.c:401] PDC_SERVER[3]: SCHED: executing edge 0 func=zfp_compress dev=GPU
[13:54:15.960769] [WARNING] [pdc_tf_server.c:475] PDC_SERVER[3]: SCHED: done running transformations
[13:54:16.005082] [WARNING] [pdc_tf_server.c:393] PDC_SERVER[7]: SCHED: setting CUDA device to 0 for edge 0 func=zfp_compress
[13:54:16.005112] [WARNING] [pdc_tf_server.c:401] PDC_SERVER[7]: SCHED: executing edge 0 func=zfp_compress dev=GPU
[13:54:16.013968] [WARNING] [pdc_tf_server.c:475] PDC_SERVER[7]: SCHED: done running transformations
[INFO] PDC_SERVER[0]: Executing graph with json filepath /pscratch/sd/n/nlewi26/src/work_space/source/pdc/tf_client/graphs/zfp_gpu.json
[13:54:16.016785] [WARNING] [pdc_tf_server.c:393] PDC_SERVER[0]: SCHED: setting CUDA device to 0 for edge 0 func=zfp_compress
[13:54:16.016801] [WARNING] [pdc_tf_server.c:401] PDC_SERVER[0]: SCHED: executing edge 0 func=zfp_compress dev=GPU
[13:54:16.029555] [WARNING] [pdc_tf_server.c:475] PDC_SERVER[0]: SCHED: done running transformations
[13:54:16.065644] [WARNING] [pdc_server_region_cache.c:834] PDC_SERVER[0]: Flushed region via POSIX I/O in 0.294287 s
[13:54:16.065662] [WARNING] [pdc_server_region_cache.c:850] PDC_SERVER[0]: [2026-10-07 13:54:16.065659] Flushed 16.00 / 16.00 MB to storage
[INFO] PDC_SERVER[0]: Region flush iteration took 0.294331 s
[INFO] PDC_SERVER[0]: Starting flush for obj_id 5000000000, ndim=3
[13:54:16.067069] [WARNING] [pdc_server_region_cache.c:823] PDC_SERVER[0]: Region mapping lookup took 0.000001 s
[13:54:16.067074] [WARNING] [pdc_server_region_cache.c:828] PDC_SERVER[0]: No region mapping found for obj_id 5000000000
[13:54:16.083625] [WARNING] [pdc_tf_server.c:393] PDC_SERVER[2]: SCHED: setting CUDA device to 0 for edge 0 func=zfp_compress
[13:54:16.083655] [WARNING] [pdc_tf_server.c:401] PDC_SERVER[2]: SCHED: executing edge 0 func=zfp_compress dev=GPU
[13:54:16.092893] [WARNING] [pdc_tf_server.c:475] PDC_SERVER[2]: SCHED: done running transformations
[13:54:16.127627] [WARNING] [pdc_tf_server.c:393] PDC_SERVER[4]: SCHED: setting CUDA device to 0 for edge 0 func=zfp_compress
[13:54:16.127677] [WARNING] [pdc_tf_server.c:401] PDC_SERVER[4]: SCHED: executing edge 0 func=zfp_compress dev=GPU
[13:54:16.137542] [WARNING] [pdc_tf_server.c:475] PDC_SERVER[4]: SCHED: done running transformations
[13:54:16.162891] [WARNING] [pdc_tf_server.c:393] PDC_SERVER[6]: SCHED: setting CUDA device to 0 for edge 0 func=zfp_compress
[13:54:16.162919] [WARNING] [pdc_tf_server.c:401] PDC_SERVER[6]: SCHED: executing edge 0 func=zfp_compress dev=GPU
[13:54:16.182442] [WARNING] [pdc_tf_server.c:475] PDC_SERVER[6]: SCHED: done running transformations
[13:54:16.211346] [WARNING] [pdc_tf_server.c:393] PDC_SERVER[5]: SCHED: setting CUDA device to 0 for edge 0 func=zfp_compress
[13:54:16.211398] [WARNING] [pdc_tf_server.c:401] PDC_SERVER[5]: SCHED: executing edge 0 func=zfp_compress dev=GPU
[13:54:16.220369] [WARNING] [pdc_tf_server.c:475] PDC_SERVER[5]: SCHED: done running transformations
[13:54:16.241200] [WARNING] [pdc_tf_server.c:393] PDC_SERVER[3]: SCHED: setting CUDA device to 0 for edge 0 func=zfp_compress
[13:54:16.241228] [WARNING] [pdc_tf_server.c:401] PDC_SERVER[3]: SCHED: executing edge 0 func=zfp_compress dev=GPU
[13:54:16.242937] [WARNING] [pdc_tf_server.c:393] PDC_SERVER[1]: SCHED: setting CUDA device to 0 for edge 0 func=zfp_compress
[13:54:16.242971] [WARNING] [pdc_tf_server.c:401] PDC_SERVER[1]: SCHED: executing edge 0 func=zfp_compress dev=GPU
[13:54:16.249390] [WARNING] [pdc_tf_server.c:475] PDC_SERVER[3]: SCHED: done running transformations
[13:54:16.252497] [WARNING] [pdc_tf_server.c:475] PDC_SERVER[1]: SCHED: done running transformations
[13:54:16.293103] [WARNING] [pdc_tf_server.c:393] PDC_SERVER[7]: SCHED: setting CUDA device to 0 for edge 0 func=zfp_compress
[13:54:16.293128] [WARNING] [pdc_tf_server.c:401] PDC_SERVER[7]: SCHED: executing edge 0 func=zfp_compress dev=GPU
[13:54:16.302192] [WARNING] [pdc_tf_server.c:475] PDC_SERVER[7]: SCHED: done running transformations
[INFO] PDC_SERVER[0]: Executing graph with json filepath /pscratch/sd/n/nlewi26/src/work_space/source/pdc/tf_client/graphs/zfp_gpu.json
[13:54:16.308824] [WARNING] [pdc_tf_server.c:393] PDC_SERVER[0]: SCHED: setting CUDA device to 0 for edge 0 func=zfp_compress
[13:54:16.308868] [WARNING] [pdc_tf_server.c:401] PDC_SERVER[0]: SCHED: executing edge 0 func=zfp_compress dev=GPU
[13:54:16.319866] [WARNING] [pdc_tf_server.c:475] PDC_SERVER[0]: SCHED: done running transformations
[13:54:16.355490] [WARNING] [pdc_server_region_cache.c:834] PDC_SERVER[0]: Flushed region via POSIX I/O in 0.288405 s
[13:54:16.355506] [WARNING] [pdc_server_region_cache.c:850] PDC_SERVER[0]: [2026-10-07 13:54:16.355502] Flushed 16.00 / 16.00 MB to storage
[INFO] PDC_SERVER[0]: Region flush iteration took 0.288445 s
[INFO] PDC_SERVER[0]: Starting flush for obj_id 5000000000, ndim=3
[13:54:16.356853] [WARNING] [pdc_server_region_cache.c:823] PDC_SERVER[0]: Region mapping lookup took 0.000001 s
[13:54:16.356858] [WARNING] [pdc_server_region_cache.c:828] PDC_SERVER[0]: No region mapping found for obj_id 5000000000
[13:54:16.376118] [WARNING] [pdc_tf_server.c:393] PDC_SERVER[2]: SCHED: setting CUDA device to 0 for edge 0 func=zfp_compress
[13:54:16.376145] [WARNING] [pdc_tf_server.c:401] PDC_SERVER[2]: SCHED: executing edge 0 func=zfp_compress dev=GPU
[13:54:16.384089] [WARNING] [pdc_tf_server.c:475] PDC_SERVER[2]: SCHED: done running transformations
[13:54:16.421578] [WARNING] [pdc_tf_server.c:393] PDC_SERVER[4]: SCHED: setting CUDA device to 0 for edge 0 func=zfp_compress
[13:54:16.421606] [WARNING] [pdc_tf_server.c:401] PDC_SERVER[4]: SCHED: executing edge 0 func=zfp_compress dev=GPU
[13:54:16.434755] [WARNING] [pdc_tf_server.c:475] PDC_SERVER[4]: SCHED: done running transformations
[13:54:16.464945] [WARNING] [pdc_tf_server.c:393] PDC_SERVER[6]: SCHED: setting CUDA device to 0 for edge 0 func=zfp_compress
[13:54:16.464996] [WARNING] [pdc_tf_server.c:401] PDC_SERVER[6]: SCHED: executing edge 0 func=zfp_compress dev=GPU
[13:54:16.473958] [WARNING] [pdc_tf_server.c:475] PDC_SERVER[6]: SCHED: done running transformations
[13:54:16.503836] [WARNING] [pdc_tf_server.c:393] PDC_SERVER[5]: SCHED: setting CUDA device to 0 for edge 0 func=zfp_compress
[13:54:16.503865] [WARNING] [pdc_tf_server.c:401] PDC_SERVER[5]: SCHED: executing edge 0 func=zfp_compress dev=GPU
[13:54:16.512819] [WARNING] [pdc_tf_server.c:475] PDC_SERVER[5]: SCHED: done running transformations
[13:54:16.530355] [WARNING] [pdc_tf_server.c:393] PDC_SERVER[3]: SCHED: setting CUDA device to 0 for edge 0 func=zfp_compress
[13:54:16.530382] [WARNING] [pdc_tf_server.c:401] PDC_SERVER[3]: SCHED: executing edge 0 func=zfp_compress dev=GPU
[13:54:16.538600] [WARNING] [pdc_tf_server.c:475] PDC_SERVER[3]: SCHED: done running transformations
[13:54:16.582044] [WARNING] [pdc_tf_server.c:393] PDC_SERVER[7]: SCHED: setting CUDA device to 0 for edge 0 func=zfp_compress
[13:54:16.582095] [WARNING] [pdc_tf_server.c:401] PDC_SERVER[7]: SCHED: executing edge 0 func=zfp_compress dev=GPU
[INFO] PDC_SERVER[0]: Executing graph with json filepath /pscratch/sd/n/nlewi26/src/work_space/source/pdc/tf_client/graphs/zfp_gpu.json
[13:54:16.600525] [WARNING] [pdc_tf_server.c:393] PDC_SERVER[0]: SCHED: setting CUDA device to 0 for edge 0 func=zfp_compress
[13:54:16.600540] [WARNING] [pdc_tf_server.c:401] PDC_SERVER[0]: SCHED: executing edge 0 func=zfp_compress dev=GPU
[13:54:16.601683] [WARNING] [pdc_tf_server.c:475] PDC_SERVER[7]: SCHED: done running transformations
[13:54:16.608911] [WARNING] [pdc_tf_server.c:475] PDC_SERVER[0]: SCHED: done running transformations
[13:54:16.617198] [WARNING] [pdc_tf_server.c:393] PDC_SERVER[1]: SCHED: setting CUDA device to 0 for edge 0 func=zfp_compress
[13:54:16.617245] [WARNING] [pdc_tf_server.c:401] PDC_SERVER[1]: SCHED: executing edge 0 func=zfp_compress dev=GPU
[13:54:16.626518] [WARNING] [pdc_tf_server.c:475] PDC_SERVER[1]: SCHED: done running transformations
[13:54:16.644563] [WARNING] [pdc_server_region_cache.c:834] PDC_SERVER[0]: Flushed region via POSIX I/O in 0.287693 s
[13:54:16.644580] [WARNING] [pdc_server_region_cache.c:850] PDC_SERVER[0]: [2026-10-07 13:54:16.644577] Flushed 16.00 / 16.00 MB to storage
[INFO] PDC_SERVER[0]: Region flush iteration took 0.287735 s
[INFO] PDC_SERVER[0]: Starting flush for obj_id 5000000000, ndim=3
[13:54:16.646055] [WARNING] [pdc_server_region_cache.c:823] PDC_SERVER[0]: Region mapping lookup took 0.000001 s
[13:54:16.646060] [WARNING] [pdc_server_region_cache.c:828] PDC_SERVER[0]: No region mapping found for obj_id 5000000000
[13:54:16.665974] [WARNING] [pdc_tf_server.c:393] PDC_SERVER[2]: SCHED: setting CUDA device to 0 for edge 0 func=zfp_compress
[13:54:16.666003] [WARNING] [pdc_tf_server.c:401] PDC_SERVER[2]: SCHED: executing edge 0 func=zfp_compress dev=GPU
[13:54:16.679380] [WARNING] [pdc_tf_server.c:475] PDC_SERVER[2]: SCHED: done running transformations
[13:54:16.711608] [WARNING] [pdc_tf_server.c:393] PDC_SERVER[4]: SCHED: setting CUDA device to 0 for edge 0 func=zfp_compress
[13:54:16.711636] [WARNING] [pdc_tf_server.c:401] PDC_SERVER[4]: SCHED: executing edge 0 func=zfp_compress dev=GPU
[13:54:16.720950] [WARNING] [pdc_tf_server.c:475] PDC_SERVER[4]: SCHED: done running transformations
[13:54:16.758284] [WARNING] [pdc_tf_server.c:393] PDC_SERVER[6]: SCHED: setting CUDA device to 0 for edge 0 func=zfp_compress
[13:54:16.758313] [WARNING] [pdc_tf_server.c:401] PDC_SERVER[6]: SCHED: executing edge 0 func=zfp_compress dev=GPU
[13:54:16.769436] [WARNING] [pdc_tf_server.c:475] PDC_SERVER[6]: SCHED: done running transformations
[13:54:16.798481] [WARNING] [pdc_tf_server.c:393] PDC_SERVER[5]: SCHED: setting CUDA device to 0 for edge 0 func=zfp_compress
[13:54:16.798508] [WARNING] [pdc_tf_server.c:401] PDC_SERVER[5]: SCHED: executing edge 0 func=zfp_compress dev=GPU
[13:54:16.807299] [WARNING] [pdc_tf_server.c:475] PDC_SERVER[5]: SCHED: done running transformations
[13:54:16.819475] [WARNING] [pdc_tf_server.c:393] PDC_SERVER[3]: SCHED: setting CUDA device to 0 for edge 0 func=zfp_compress
[13:54:16.819505] [WARNING] [pdc_tf_server.c:401] PDC_SERVER[3]: SCHED: executing edge 0 func=zfp_compress dev=GPU
[13:54:16.827493] [WARNING] [pdc_tf_server.c:475] PDC_SERVER[3]: SCHED: done running transformations
[13:54:16.884998] [WARNING] [pdc_tf_server.c:393] PDC_SERVER[7]: SCHED: setting CUDA device to 0 for edge 0 func=zfp_compress
[13:54:16.885023] [WARNING] [pdc_tf_server.c:401] PDC_SERVER[7]: SCHED: executing edge 0 func=zfp_compress dev=GPU
[INFO] PDC_SERVER[0]: Executing graph with json filepath /pscratch/sd/n/nlewi26/src/work_space/source/pdc/tf_client/graphs/zfp_gpu.json
[13:54:16.893310] [WARNING] [pdc_tf_server.c:393] PDC_SERVER[0]: SCHED: setting CUDA device to 0 for edge 0 func=zfp_compress
[13:54:16.893327] [WARNING] [pdc_tf_server.c:401] PDC_SERVER[0]: SCHED: executing edge 0 func=zfp_compress dev=GPU
[13:54:16.894196] [WARNING] [pdc_tf_server.c:475] PDC_SERVER[7]: SCHED: done running transformations
[13:54:16.914870] [WARNING] [pdc_tf_server.c:475] PDC_SERVER[0]: SCHED: done running transformations
[13:54:16.916053] [WARNING] [pdc_tf_server.c:393] PDC_SERVER[1]: SCHED: setting CUDA device to 0 for edge 0 func=zfp_compress
[13:54:16.916084] [WARNING] [pdc_tf_server.c:401] PDC_SERVER[1]: SCHED: executing edge 0 func=zfp_compress dev=GPU
[13:54:16.924976] [WARNING] [pdc_tf_server.c:475] PDC_SERVER[1]: SCHED: done running transformations
[13:54:16.951576] [WARNING] [pdc_server_region_cache.c:834] PDC_SERVER[0]: Flushed region via POSIX I/O in 0.305506 s
[13:54:16.951592] [WARNING] [pdc_server_region_cache.c:850] PDC_SERVER[0]: [2026-10-07 13:54:16.951589] Flushed 16.00 / 16.00 MB to storage
[INFO] PDC_SERVER[0]: Region flush iteration took 0.305546 s
[INFO] PDC_SERVER[0]: Starting flush for obj_id 5000000000, ndim=3
[13:54:16.953111] [WARNING] [pdc_server_region_cache.c:823] PDC_SERVER[0]: Region mapping lookup took 0.000001 s
[13:54:16.953117] [WARNING] [pdc_server_region_cache.c:828] PDC_SERVER[0]: No region mapping found for obj_id 5000000000
[13:54:16.966284] [WARNING] [pdc_tf_server.c:393] PDC_SERVER[2]: SCHED: setting CUDA device to 0 for edge 0 func=zfp_compress
[13:54:16.966319] [WARNING] [pdc_tf_server.c:401] PDC_SERVER[2]: SCHED: executing edge 0 func=zfp_compress dev=GPU
[13:54:16.974353] [WARNING] [pdc_tf_server.c:475] PDC_SERVER[2]: SCHED: done running transformations
[13:54:17.000228] [WARNING] [pdc_tf_server.c:393] PDC_SERVER[4]: SCHED: setting CUDA device to 0 for edge 0 func=zfp_compress
[13:54:17.000280] [WARNING] [pdc_tf_server.c:401] PDC_SERVER[4]: SCHED: executing edge 0 func=zfp_compress dev=GPU
[13:54:17.027188] [WARNING] [pdc_tf_server.c:475] PDC_SERVER[4]: SCHED: done running transformations
[13:54:17.053211] [WARNING] [pdc_tf_server.c:393] PDC_SERVER[6]: SCHED: setting CUDA device to 0 for edge 0 func=zfp_compress
[13:54:17.053266] [WARNING] [pdc_tf_server.c:401] PDC_SERVER[6]: SCHED: executing edge 0 func=zfp_compress dev=GPU
[13:54:17.066228] [WARNING] [pdc_tf_server.c:475] PDC_SERVER[6]: SCHED: done running transformations
[13:54:17.092559] [WARNING] [pdc_tf_server.c:393] PDC_SERVER[5]: SCHED: setting CUDA device to 0 for edge 0 func=zfp_compress
[13:54:17.092626] [WARNING] [pdc_tf_server.c:401] PDC_SERVER[5]: SCHED: executing edge 0 func=zfp_compress dev=GPU
[13:54:17.101470] [WARNING] [pdc_tf_server.c:475] PDC_SERVER[5]: SCHED: done running transformations
[13:54:17.109272] [WARNING] [pdc_tf_server.c:393] PDC_SERVER[3]: SCHED: setting CUDA device to 0 for edge 0 func=zfp_compress
[13:54:17.109300] [WARNING] [pdc_tf_server.c:401] PDC_SERVER[3]: SCHED: executing edge 0 func=zfp_compress dev=GPU
[13:54:17.121843] [WARNING] [pdc_tf_server.c:475] PDC_SERVER[3]: SCHED: done running transformations
[13:54:17.174294] [WARNING] [pdc_tf_server.c:393] PDC_SERVER[7]: SCHED: setting CUDA device to 0 for edge 0 func=zfp_compress
[13:54:17.174321] [WARNING] [pdc_tf_server.c:401] PDC_SERVER[7]: SCHED: executing edge 0 func=zfp_compress dev=GPU
[13:54:17.185524] [WARNING] [pdc_tf_server.c:475] PDC_SERVER[7]: SCHED: done running transformations
[INFO] PDC_SERVER[0]: Executing graph with json filepath /pscratch/sd/n/nlewi26/src/work_space/source/pdc/tf_client/graphs/zfp_gpu.json
[13:54:17.198683] [WARNING] [pdc_tf_server.c:393] PDC_SERVER[0]: SCHED: setting CUDA device to 0 for edge 0 func=zfp_compress
[13:54:17.198736] [WARNING] [pdc_tf_server.c:401] PDC_SERVER[0]: SCHED: executing edge 0 func=zfp_compress dev=GPU
[13:54:17.207388] [WARNING] [pdc_tf_server.c:475] PDC_SERVER[0]: SCHED: done running transformations
[13:54:17.210892] [WARNING] [pdc_tf_server.c:393] PDC_SERVER[1]: SCHED: setting CUDA device to 0 for edge 0 func=zfp_compress
[13:54:17.210942] [WARNING] [pdc_tf_server.c:401] PDC_SERVER[1]: SCHED: executing edge 0 func=zfp_compress dev=GPU
[13:54:17.219225] [WARNING] [pdc_tf_server.c:475] PDC_SERVER[1]: SCHED: done running transformations
[13:54:17.244933] [WARNING] [pdc_server_region_cache.c:834] PDC_SERVER[0]: Flushed region via POSIX I/O in 0.291805 s
[13:54:17.244949] [WARNING] [pdc_server_region_cache.c:850] PDC_SERVER[0]: [2026-10-07 13:54:17.244945] Flushed 16.00 / 16.00 MB to storage
[INFO] PDC_SERVER[0]: Region flush iteration took 0.291846 s
[INFO] PDC_SERVER[0]: Starting flush for obj_id 5000000000, ndim=3
[13:54:17.246554] [WARNING] [pdc_server_region_cache.c:823] PDC_SERVER[0]: Region mapping lookup took 0.000001 s
[13:54:17.246559] [WARNING] [pdc_server_region_cache.c:828] PDC_SERVER[0]: No region mapping found for obj_id 5000000000
[13:54:17.258572] [WARNING] [pdc_tf_server.c:393] PDC_SERVER[2]: SCHED: setting CUDA device to 0 for edge 0 func=zfp_compress
[13:54:17.258621] [WARNING] [pdc_tf_server.c:401] PDC_SERVER[2]: SCHED: executing edge 0 func=zfp_compress dev=GPU
[13:54:17.266974] [WARNING] [pdc_tf_server.c:475] PDC_SERVER[2]: SCHED: done running transformations
[13:54:17.310435] [WARNING] [pdc_tf_server.c:393] PDC_SERVER[4]: SCHED: setting CUDA device to 0 for edge 0 func=zfp_compress
[13:54:17.310463] [WARNING] [pdc_tf_server.c:401] PDC_SERVER[4]: SCHED: executing edge 0 func=zfp_compress dev=GPU
[13:54:17.320049] [WARNING] [pdc_tf_server.c:475] PDC_SERVER[4]: SCHED: done running transformations
[13:54:17.349824] [WARNING] [pdc_tf_server.c:393] PDC_SERVER[6]: SCHED: setting CUDA device to 0 for edge 0 func=zfp_compress
[13:54:17.349851] [WARNING] [pdc_tf_server.c:401] PDC_SERVER[6]: SCHED: executing edge 0 func=zfp_compress dev=GPU
[13:54:17.358784] [WARNING] [pdc_tf_server.c:475] PDC_SERVER[6]: SCHED: done running transformations
[13:54:17.382334] [WARNING] [pdc_tf_server.c:393] PDC_SERVER[5]: SCHED: setting CUDA device to 0 for edge 0 func=zfp_compress
[13:54:17.382367] [WARNING] [pdc_tf_server.c:401] PDC_SERVER[5]: SCHED: executing edge 0 func=zfp_compress dev=GPU
[13:54:17.397607] [WARNING] [pdc_tf_server.c:475] PDC_SERVER[5]: SCHED: done running transformations
[13:54:17.405381] [WARNING] [pdc_tf_server.c:393] PDC_SERVER[3]: SCHED: setting CUDA device to 0 for edge 0 func=zfp_compress
[13:54:17.405415] [WARNING] [pdc_tf_server.c:401] PDC_SERVER[3]: SCHED: executing edge 0 func=zfp_compress dev=GPU
[13:54:17.413343] [WARNING] [pdc_tf_server.c:475] PDC_SERVER[3]: SCHED: done running transformations
[INFO] PDC_SERVER[0]: Executing graph with json filepath /pscratch/sd/n/nlewi26/src/work_space/source/pdc/tf_client/graphs/zfp_gpu.json
[13:54:17.492697] [WARNING] [pdc_tf_server.c:393] PDC_SERVER[0]: SCHED: setting CUDA device to 0 for edge 0 func=zfp_compress
[13:54:17.492713] [WARNING] [pdc_tf_server.c:401] PDC_SERVER[0]: SCHED: executing edge 0 func=zfp_compress dev=GPU
[13:54:17.500161] [WARNING] [pdc_tf_server.c:393] PDC_SERVER[7]: SCHED: setting CUDA device to 0 for edge 0 func=zfp_compress
[13:54:17.500213] [WARNING] [pdc_tf_server.c:401] PDC_SERVER[7]: SCHED: executing edge 0 func=zfp_compress dev=GPU
[13:54:17.500729] [WARNING] [pdc_tf_server.c:475] PDC_SERVER[0]: SCHED: done running transformations
[13:54:17.504259] [WARNING] [pdc_tf_server.c:393] PDC_SERVER[1]: SCHED: setting CUDA device to 0 for edge 0 func=zfp_compress
[13:54:17.504286] [WARNING] [pdc_tf_server.c:401] PDC_SERVER[1]: SCHED: executing edge 0 func=zfp_compress dev=GPU
[13:54:17.510808] [WARNING] [pdc_tf_server.c:475] PDC_SERVER[7]: SCHED: done running transformations
[13:54:17.512723] [WARNING] [pdc_tf_server.c:475] PDC_SERVER[1]: SCHED: done running transformations
[13:54:17.535988] [WARNING] [pdc_server_region_cache.c:834] PDC_SERVER[0]: Flushed region via POSIX I/O in 0.289417 s
[13:54:17.536007] [WARNING] [pdc_server_region_cache.c:850] PDC_SERVER[0]: [2026-10-07 13:54:17.536004] Flushed 16.00 / 16.00 MB to storage
[INFO] PDC_SERVER[0]: Region flush iteration took 0.289462 s
[INFO] PDC_SERVER[0]: Starting flush for obj_id 5000000000, ndim=3
[13:54:17.537563] [WARNING] [pdc_server_region_cache.c:823] PDC_SERVER[0]: Region mapping lookup took 0.000001 s
[13:54:17.537569] [WARNING] [pdc_server_region_cache.c:828] PDC_SERVER[0]: No region mapping found for obj_id 5000000000
[13:54:17.551472] [WARNING] [pdc_tf_server.c:393] PDC_SERVER[2]: SCHED: setting CUDA device to 0 for edge 0 func=zfp_compress
[13:54:17.551522] [WARNING] [pdc_tf_server.c:401] PDC_SERVER[2]: SCHED: executing edge 0 func=zfp_compress dev=GPU
[13:54:17.566773] [WARNING] [pdc_tf_server.c:475] PDC_SERVER[2]: SCHED: done running transformations
[13:54:17.609655] [WARNING] [pdc_tf_server.c:393] PDC_SERVER[4]: SCHED: setting CUDA device to 0 for edge 0 func=zfp_compress
[13:54:17.609684] [WARNING] [pdc_tf_server.c:401] PDC_SERVER[4]: SCHED: executing edge 0 func=zfp_compress dev=GPU
[13:54:17.618515] [WARNING] [pdc_tf_server.c:475] PDC_SERVER[4]: SCHED: done running transformations
[13:54:17.648426] [WARNING] [pdc_tf_server.c:393] PDC_SERVER[6]: SCHED: setting CUDA device to 0 for edge 0 func=zfp_compress
[13:54:17.648454] [WARNING] [pdc_tf_server.c:401] PDC_SERVER[6]: SCHED: executing edge 0 func=zfp_compress dev=GPU
[13:54:17.657373] [WARNING] [pdc_tf_server.c:475] PDC_SERVER[6]: SCHED: done running transformations
[13:54:17.679869] [WARNING] [pdc_tf_server.c:393] PDC_SERVER[5]: SCHED: setting CUDA device to 0 for edge 0 func=zfp_compress
[13:54:17.679910] [WARNING] [pdc_tf_server.c:401] PDC_SERVER[5]: SCHED: executing edge 0 func=zfp_compress dev=GPU
[13:54:17.693188] [WARNING] [pdc_tf_server.c:475] PDC_SERVER[5]: SCHED: done running transformations
[13:54:17.700805] [WARNING] [pdc_tf_server.c:393] PDC_SERVER[3]: SCHED: setting CUDA device to 0 for edge 0 func=zfp_compress
[13:54:17.700832] [WARNING] [pdc_tf_server.c:401] PDC_SERVER[3]: SCHED: executing edge 0 func=zfp_compress dev=GPU
[13:54:17.708818] [WARNING] [pdc_tf_server.c:475] PDC_SERVER[3]: SCHED: done running transformations
[INFO] PDC_SERVER[0]: Executing graph with json filepath /pscratch/sd/n/nlewi26/src/work_space/source/pdc/tf_client/graphs/zfp_gpu.json
[13:54:17.787954] [WARNING] [pdc_tf_server.c:393] PDC_SERVER[0]: SCHED: setting CUDA device to 0 for edge 0 func=zfp_compress
[13:54:17.787969] [WARNING] [pdc_tf_server.c:401] PDC_SERVER[0]: SCHED: executing edge 0 func=zfp_compress dev=GPU
[13:54:17.793699] [WARNING] [pdc_tf_server.c:393] PDC_SERVER[7]: SCHED: setting CUDA device to 0 for edge 0 func=zfp_compress
[13:54:17.793752] [WARNING] [pdc_tf_server.c:401] PDC_SERVER[7]: SCHED: executing edge 0 func=zfp_compress dev=GPU
[13:54:17.796478] [WARNING] [pdc_tf_server.c:475] PDC_SERVER[0]: SCHED: done running transformations
[13:54:17.797177] [WARNING] [pdc_tf_server.c:393] PDC_SERVER[1]: SCHED: setting CUDA device to 0 for edge 0 func=zfp_compress
[13:54:17.797215] [WARNING] [pdc_tf_server.c:401] PDC_SERVER[1]: SCHED: executing edge 0 func=zfp_compress dev=GPU
[13:54:17.802633] [WARNING] [pdc_tf_server.c:475] PDC_SERVER[7]: SCHED: done running transformations
[13:54:17.806055] [WARNING] [pdc_tf_server.c:475] PDC_SERVER[1]: SCHED: done running transformations
[13:54:17.831771] [WARNING] [pdc_server_region_cache.c:834] PDC_SERVER[0]: Flushed region via POSIX I/O in 0.294191 s
[13:54:17.831787] [WARNING] [pdc_server_region_cache.c:850] PDC_SERVER[0]: [2026-10-07 13:54:17.831784] Flushed 16.00 / 16.00 MB to storage
[INFO] PDC_SERVER[0]: Region flush iteration took 0.294232 s
[INFO] PDC_SERVER[0]: Starting flush for obj_id 5000000000, ndim=3
[13:54:17.833322] [WARNING] [pdc_server_region_cache.c:823] PDC_SERVER[0]: Region mapping lookup took 0.000001 s
[13:54:17.833326] [WARNING] [pdc_server_region_cache.c:828] PDC_SERVER[0]: No region mapping found for obj_id 5000000000
[13:54:17.849484] [WARNING] [pdc_tf_server.c:393] PDC_SERVER[2]: SCHED: setting CUDA device to 0 for edge 0 func=zfp_compress
[13:54:17.849511] [WARNING] [pdc_tf_server.c:401] PDC_SERVER[2]: SCHED: executing edge 0 func=zfp_compress dev=GPU
[13:54:17.858311] [WARNING] [pdc_tf_server.c:475] PDC_SERVER[2]: SCHED: done running transformations
[13:54:17.898745] [WARNING] [pdc_tf_server.c:393] PDC_SERVER[4]: SCHED: setting CUDA device to 0 for edge 0 func=zfp_compress
[13:54:17.898773] [WARNING] [pdc_tf_server.c:401] PDC_SERVER[4]: SCHED: executing edge 0 func=zfp_compress dev=GPU
[13:54:17.922638] [WARNING] [pdc_tf_server.c:475] PDC_SERVER[4]: SCHED: done running transformations
[13:54:17.941313] [WARNING] [pdc_tf_server.c:393] PDC_SERVER[6]: SCHED: setting CUDA device to 0 for edge 0 func=zfp_compress
[13:54:17.941365] [WARNING] [pdc_tf_server.c:401] PDC_SERVER[6]: SCHED: executing edge 0 func=zfp_compress dev=GPU
[13:54:17.950621] [WARNING] [pdc_tf_server.c:475] PDC_SERVER[6]: SCHED: done running transformations
[13:54:17.982287] [WARNING] [pdc_tf_server.c:393] PDC_SERVER[5]: SCHED: setting CUDA device to 0 for edge 0 func=zfp_compress
[13:54:17.982344] [WARNING] [pdc_tf_server.c:401] PDC_SERVER[5]: SCHED: executing edge 0 func=zfp_compress dev=GPU
[13:54:17.990741] [WARNING] [pdc_tf_server.c:393] PDC_SERVER[3]: SCHED: setting CUDA device to 0 for edge 0 func=zfp_compress
[13:54:17.990769] [WARNING] [pdc_tf_server.c:401] PDC_SERVER[3]: SCHED: executing edge 0 func=zfp_compress dev=GPU
[13:54:17.992174] [WARNING] [pdc_tf_server.c:475] PDC_SERVER[5]: SCHED: done running transformations
[13:54:18.003922] [WARNING] [pdc_tf_server.c:475] PDC_SERVER[3]: SCHED: done running transformations
[INFO] PDC_SERVER[0]: Executing graph with json filepath /pscratch/sd/n/nlewi26/src/work_space/source/pdc/tf_client/graphs/zfp_gpu.json
[13:54:18.077356] [WARNING] [pdc_tf_server.c:393] PDC_SERVER[0]: SCHED: setting CUDA device to 0 for edge 0 func=zfp_compress
[13:54:18.077371] [WARNING] [pdc_tf_server.c:401] PDC_SERVER[0]: SCHED: executing edge 0 func=zfp_compress dev=GPU
[13:54:18.085197] [WARNING] [pdc_tf_server.c:393] PDC_SERVER[7]: SCHED: setting CUDA device to 0 for edge 0 func=zfp_compress
[13:54:18.085263] [WARNING] [pdc_tf_server.c:475] PDC_SERVER[0]: SCHED: done running transformations
[13:54:18.085247] [WARNING] [pdc_tf_server.c:401] PDC_SERVER[7]: SCHED: executing edge 0 func=zfp_compress dev=GPU
[13:54:18.089871] [WARNING] [pdc_tf_server.c:393] PDC_SERVER[1]: SCHED: setting CUDA device to 0 for edge 0 func=zfp_compress
[13:54:18.089898] [WARNING] [pdc_tf_server.c:401] PDC_SERVER[1]: SCHED: executing edge 0 func=zfp_compress dev=GPU
[13:54:18.094159] [WARNING] [pdc_tf_server.c:475] PDC_SERVER[7]: SCHED: done running transformations
[13:54:18.098183] [WARNING] [pdc_tf_server.c:475] PDC_SERVER[1]: SCHED: done running transformations
[13:54:18.120992] [WARNING] [pdc_server_region_cache.c:834] PDC_SERVER[0]: Flushed region via POSIX I/O in 0.287653 s
[13:54:18.121013] [WARNING] [pdc_server_region_cache.c:850] PDC_SERVER[0]: [2026-10-07 13:54:18.121010] Flushed 16.00 / 16.00 MB to storage
[INFO] PDC_SERVER[0]: Region flush iteration took 0.287698 s
[INFO] PDC_SERVER[0]: Starting flush for obj_id 5000000000, ndim=3
[13:54:18.122252] [WARNING] [pdc_server_region_cache.c:823] PDC_SERVER[0]: Region mapping lookup took 0.000001 s
[13:54:18.122258] [WARNING] [pdc_server_region_cache.c:828] PDC_SERVER[0]: No region mapping found for obj_id 5000000000
[13:54:18.141370] [WARNING] [pdc_tf_server.c:393] PDC_SERVER[2]: SCHED: setting CUDA device to 0 for edge 0 func=zfp_compress
[13:54:18.141421] [WARNING] [pdc_tf_server.c:401] PDC_SERVER[2]: SCHED: executing edge 0 func=zfp_compress dev=GPU
[13:54:18.149502] [WARNING] [pdc_tf_server.c:475] PDC_SERVER[2]: SCHED: done running transformations
[13:54:18.203082] [WARNING] [pdc_tf_server.c:393] PDC_SERVER[4]: SCHED: setting CUDA device to 0 for edge 0 func=zfp_compress
[13:54:18.203122] [WARNING] [pdc_tf_server.c:401] PDC_SERVER[4]: SCHED: executing edge 0 func=zfp_compress dev=GPU
[13:54:18.212015] [WARNING] [pdc_tf_server.c:475] PDC_SERVER[4]: SCHED: done running transformations
[13:54:18.236804] [WARNING] [pdc_tf_server.c:393] PDC_SERVER[6]: SCHED: setting CUDA device to 0 for edge 0 func=zfp_compress
[13:54:18.236831] [WARNING] [pdc_tf_server.c:401] PDC_SERVER[6]: SCHED: executing edge 0 func=zfp_compress dev=GPU
[13:54:18.245662] [WARNING] [pdc_tf_server.c:475] PDC_SERVER[6]: SCHED: done running transformations
[13:54:18.269785] [WARNING] [pdc_tf_server.c:393] PDC_SERVER[5]: SCHED: setting CUDA device to 0 for edge 0 func=zfp_compress
[13:54:18.269814] [WARNING] [pdc_tf_server.c:401] PDC_SERVER[5]: SCHED: executing edge 0 func=zfp_compress dev=GPU
[13:54:18.286267] [WARNING] [pdc_tf_server.c:393] PDC_SERVER[3]: SCHED: setting CUDA device to 0 for edge 0 func=zfp_compress
[13:54:18.286295] [WARNING] [pdc_tf_server.c:401] PDC_SERVER[3]: SCHED: executing edge 0 func=zfp_compress dev=GPU
[13:54:18.287367] [WARNING] [pdc_tf_server.c:475] PDC_SERVER[5]: SCHED: done running transformations
[13:54:18.295981] [WARNING] [pdc_tf_server.c:475] PDC_SERVER[3]: SCHED: done running transformations
[INFO] PDC_SERVER[0]: Executing graph with json filepath /pscratch/sd/n/nlewi26/src/work_space/source/pdc/tf_client/graphs/zfp_gpu.json
[13:54:18.367598] [WARNING] [pdc_tf_server.c:393] PDC_SERVER[0]: SCHED: setting CUDA device to 0 for edge 0 func=zfp_compress
[13:54:18.367640] [WARNING] [pdc_tf_server.c:401] PDC_SERVER[0]: SCHED: executing edge 0 func=zfp_compress dev=GPU
[13:54:18.375096] [WARNING] [pdc_tf_server.c:393] PDC_SERVER[7]: SCHED: setting CUDA device to 0 for edge 0 func=zfp_compress
[13:54:18.375121] [WARNING] [pdc_tf_server.c:401] PDC_SERVER[7]: SCHED: executing edge 0 func=zfp_compress dev=GPU
[13:54:18.377947] [WARNING] [pdc_tf_server.c:475] PDC_SERVER[0]: SCHED: done running transformations
[13:54:18.382844] [WARNING] [pdc_tf_server.c:393] PDC_SERVER[1]: SCHED: setting CUDA device to 0 for edge 0 func=zfp_compress
[13:54:18.382871] [WARNING] [pdc_tf_server.c:401] PDC_SERVER[1]: SCHED: executing edge 0 func=zfp_compress dev=GPU
[13:54:18.386256] [WARNING] [pdc_tf_server.c:475] PDC_SERVER[7]: SCHED: done running transformations
[13:54:18.391104] [WARNING] [pdc_tf_server.c:475] PDC_SERVER[1]: SCHED: done running transformations
[13:54:18.414041] [WARNING] [pdc_server_region_cache.c:834] PDC_SERVER[0]: Flushed region via POSIX I/O in 0.291767 s
[13:54:18.414065] [WARNING] [pdc_server_region_cache.c:850] PDC_SERVER[0]: [2026-10-07 13:54:18.414061] Flushed 16.00 / 16.00 MB to storage
[INFO] PDC_SERVER[0]: Region flush iteration took 0.291823 s
[13:54:18.437628] [WARNING] [pdc_tf_server.c:393] PDC_SERVER[2]: SCHED: setting CUDA device to 0 for edge 0 func=zfp_compress
[13:54:18.437654] [WARNING] [pdc_tf_server.c:401] PDC_SERVER[2]: SCHED: executing edge 0 func=zfp_compress dev=GPU
[13:54:18.449735] [WARNING] [pdc_tf_server.c:475] PDC_SERVER[2]: SCHED: done running transformations
[13:54:18.490166] [WARNING] [pdc_tf_server.c:393] PDC_SERVER[4]: SCHED: setting CUDA device to 0 for edge 0 func=zfp_compress
[13:54:18.490195] [WARNING] [pdc_tf_server.c:401] PDC_SERVER[4]: SCHED: executing edge 0 func=zfp_compress dev=GPU
[13:54:18.499735] [WARNING] [pdc_tf_server.c:475] PDC_SERVER[4]: SCHED: done running transformations
[13:54:18.528753] [WARNING] [pdc_tf_server.c:393] PDC_SERVER[6]: SCHED: setting CUDA device to 0 for edge 0 func=zfp_compress
[13:54:18.528808] [WARNING] [pdc_tf_server.c:401] PDC_SERVER[6]: SCHED: executing edge 0 func=zfp_compress dev=GPU
[13:54:18.537743] [WARNING] [pdc_tf_server.c:475] PDC_SERVER[6]: SCHED: done running transformations
[13:54:18.571618] [WARNING] [pdc_tf_server.c:393] PDC_SERVER[5]: SCHED: setting CUDA device to 0 for edge 0 func=zfp_compress
[13:54:18.571645] [WARNING] [pdc_tf_server.c:401] PDC_SERVER[5]: SCHED: executing edge 0 func=zfp_compress dev=GPU
[13:54:18.580185] [WARNING] [pdc_tf_server.c:393] PDC_SERVER[3]: SCHED: setting CUDA device to 0 for edge 0 func=zfp_compress
[13:54:18.580213] [WARNING] [pdc_tf_server.c:401] PDC_SERVER[3]: SCHED: executing edge 0 func=zfp_compress dev=GPU
[13:54:18.580502] [WARNING] [pdc_tf_server.c:475] PDC_SERVER[5]: SCHED: done running transformations
[13:54:18.591519] [WARNING] [pdc_tf_server.c:475] PDC_SERVER[3]: SCHED: done running transformations
[13:54:18.670578] [WARNING] [pdc_tf_server.c:393] PDC_SERVER[1]: SCHED: setting CUDA device to 0 for edge 0 func=zfp_compress
[13:54:18.670630] [WARNING] [pdc_tf_server.c:401] PDC_SERVER[1]: SCHED: executing edge 0 func=zfp_compress dev=GPU
[13:54:18.678728] [WARNING] [pdc_tf_server.c:475] PDC_SERVER[1]: SCHED: done running transformations
[13:54:18.955895] [WARNING] [pdc_tf_server.c:393] PDC_SERVER[1]: SCHED: setting CUDA device to 0 for edge 0 func=zfp_compress
[13:54:18.955922] [WARNING] [pdc_tf_server.c:401] PDC_SERVER[1]: SCHED: executing edge 0 func=zfp_compress dev=GPU
[13:54:18.964030] [WARNING] [pdc_tf_server.c:475] PDC_SERVER[1]: SCHED: done running transformations
[INFO] PDC_SERVER[6]: Fetching region for obj_id=8000000000
[INFO] PDC_SERVER[6]: Checking against Object 2000000000
[INFO] PDC_SERVER[6]: Checking against Object 3000000000
[INFO] PDC_SERVER[6]: Checking against Object 4000000000
[INFO] PDC_SERVER[6]: Checking against Object 3000000002
[INFO] PDC_SERVER[6]: Checking against Object 4000000002
[INFO] PDC_SERVER[6]: Checking against Object 5000000000
[INFO] PDC_SERVER[6]: Object 8000000000 NOT found in cache
[INFO] PDC_SERVER[6]: Fetching region from server for obj_id=8000000000
[INFO] PDC_SERVER[7]: Fetching region for obj_id=8000000000
[INFO] PDC_SERVER[7]: Checking against Object 2000000000
[INFO] PDC_SERVER[7]: Checking against Object 3000000000
[INFO] PDC_SERVER[7]: Checking against Object 4000000000
[INFO] PDC_SERVER[7]: Checking against Object 3000000002
[INFO] PDC_SERVER[7]: Checking against Object 4000000002
[INFO] PDC_SERVER[7]: Checking against Object 5000000000
[INFO] PDC_SERVER[7]: Object 8000000000 NOT found in cache
[INFO] PDC_SERVER[7]: Fetching region from server for obj_id=8000000000
[INFO] PDC_SERVER[0]: Fetching region for obj_id=8000000000
[INFO] PDC_SERVER[0]: Checking against Object 2000000000
[INFO] PDC_SERVER[0]: Checking against Object 3000000000
[INFO] PDC_SERVER[0]: Checking against Object 4000000000
[INFO] PDC_SERVER[0]: Checking against Object 3000000002
[INFO] PDC_SERVER[0]: Checking against Object 4000000002
[INFO] PDC_SERVER[0]: Checking against Object 5000000000
[INFO] PDC_SERVER[0]: Object 8000000000 NOT found in cache
[INFO] PDC_SERVER[0]: Fetching region from server for obj_id=8000000000
[INFO] PDC_SERVER[1]: Fetching region for obj_id=8000000000
[INFO] PDC_SERVER[1]: Checking against Object 2000000000
[INFO] PDC_SERVER[1]: Checking against Object 3000000000
[INFO] PDC_SERVER[1]: Checking against Object 4000000000
[INFO] PDC_SERVER[1]: Checking against Object 3000000002
[INFO] PDC_SERVER[1]: Checking against Object 4000000002
[INFO] PDC_SERVER[1]: Checking against Object 5000000000
[INFO] PDC_SERVER[1]: Object 8000000000 NOT found in cache
[INFO] PDC_SERVER[1]: Fetching region from server for obj_id=8000000000
[INFO] PDC_SERVER[5]: Fetching region for obj_id=8000000000
[INFO] PDC_SERVER[5]: Checking against Object 2000000000
[INFO] PDC_SERVER[5]: Checking against Object 3000000000
[INFO] PDC_SERVER[5]: Checking against Object 4000000000
[INFO] PDC_SERVER[5]: Checking against Object 3000000002
[INFO] PDC_SERVER[5]: Checking against Object 4000000002
[INFO] PDC_SERVER[5]: Checking against Object 5000000000
[INFO] PDC_SERVER[5]: Object 8000000000 NOT found in cache
[INFO] PDC_SERVER[5]: Fetching region from server for obj_id=8000000000
[INFO] PDC_SERVER[2]: Fetching region for obj_id=8000000000
[INFO] PDC_SERVER[2]: Checking against Object 2000000000
[INFO] PDC_SERVER[2]: Checking against Object 3000000000
[INFO] PDC_SERVER[2]: Checking against Object 4000000000
[INFO] PDC_SERVER[2]: Checking against Object 3000000002
[INFO] PDC_SERVER[2]: Checking against Object 4000000002
[INFO] PDC_SERVER[2]: Checking against Object 5000000000
[INFO] PDC_SERVER[2]: Object 8000000000 NOT found in cache
[INFO] PDC_SERVER[2]: Fetching region from server for obj_id=8000000000
[INFO] PDC_SERVER[3]: Fetching region for obj_id=8000000000
[INFO] PDC_SERVER[3]: Checking against Object 2000000000
[INFO] PDC_SERVER[3]: Checking against Object 3000000000
[INFO] PDC_SERVER[3]: Checking against Object 4000000000
[INFO] PDC_SERVER[3]: Checking against Object 3000000002
[INFO] PDC_SERVER[3]: Checking against Object 4000000002
[INFO] PDC_SERVER[3]: Checking against Object 5000000000
[INFO] PDC_SERVER[3]: Object 8000000000 NOT found in cache
[INFO] PDC_SERVER[3]: Fetching region from server for obj_id=8000000000
[INFO] PDC_SERVER[4]: Fetching region for obj_id=8000000000
[INFO] PDC_SERVER[4]: Checking against Object 2000000000
[INFO] PDC_SERVER[4]: Checking against Object 3000000000
[INFO] PDC_SERVER[4]: Checking against Object 4000000000
[INFO] PDC_SERVER[4]: Checking against Object 3000000002
[INFO] PDC_SERVER[4]: Checking against Object 4000000002
[INFO] PDC_SERVER[4]: Checking against Object 5000000000
[INFO] PDC_SERVER[4]: Object 8000000000 NOT found in cache
[INFO] PDC_SERVER[4]: Fetching region from server for obj_id=8000000000
[13:54:19.026142] [WARNING] [pdc_tf_server.c:393] PDC_SERVER[7]: SCHED: setting CUDA device to 0 for edge 0 func=zfp_decompress
[13:54:19.026196] [WARNING] [pdc_tf_server.c:401] PDC_SERVER[7]: SCHED: executing edge 0 func=zfp_decompress dev=GPU
[13:54:19.027082] [WARNING] [pdc_tf_server.c:393] PDC_SERVER[6]: SCHED: setting CUDA device to 0 for edge 0 func=zfp_decompress
[13:54:19.027101] [WARNING] [pdc_tf_server.c:401] PDC_SERVER[6]: SCHED: executing edge 0 func=zfp_decompress dev=GPU
[INFO] PDC_SERVER[0]: Executing graph with json filepath /pscratch/sd/n/nlewi26/src/work_space/source/pdc/tf_client/graphs/zfp_gpu.json
[13:54:19.027484] [WARNING] [pdc_tf_server.c:393] PDC_SERVER[0]: SCHED: setting CUDA device to 0 for edge 0 func=zfp_decompress
[13:54:19.027499] [WARNING] [pdc_tf_server.c:401] PDC_SERVER[0]: SCHED: executing edge 0 func=zfp_decompress dev=GPU
[13:54:19.027871] [WARNING] [pdc_tf_server.c:393] PDC_SERVER[2]: SCHED: setting CUDA device to 0 for edge 0 func=zfp_decompress
[13:54:19.027919] [WARNING] [pdc_tf_server.c:401] PDC_SERVER[2]: SCHED: executing edge 0 func=zfp_decompress dev=GPU
[13:54:19.028286] [WARNING] [pdc_tf_server.c:393] PDC_SERVER[4]: SCHED: setting CUDA device to 0 for edge 0 func=zfp_decompress
[13:54:19.028304] [WARNING] [pdc_tf_server.c:401] PDC_SERVER[4]: SCHED: executing edge 0 func=zfp_decompress dev=GPU
[13:54:19.029540] [WARNING] [pdc_tf_server.c:393] PDC_SERVER[3]: SCHED: setting CUDA device to 0 for edge 0 func=zfp_decompress
[13:54:19.029567] [WARNING] [pdc_tf_server.c:401] PDC_SERVER[3]: SCHED: executing edge 0 func=zfp_decompress dev=GPU
[13:54:19.034089] [WARNING] [pdc_tf_server.c:393] PDC_SERVER[5]: SCHED: setting CUDA device to 0 for edge 0 func=zfp_decompress
[13:54:19.034110] [WARNING] [pdc_tf_server.c:401] PDC_SERVER[5]: SCHED: executing edge 0 func=zfp_decompress dev=GPU
[13:54:19.035982] [WARNING] [pdc_tf_server.c:475] PDC_SERVER[2]: SCHED: done running transformations
[13:54:19.036486] [WARNING] [pdc_tf_server.c:393] PDC_SERVER[1]: SCHED: setting CUDA device to 0 for edge 0 func=zfp_decompress
[13:54:19.036509] [WARNING] [pdc_tf_server.c:401] PDC_SERVER[1]: SCHED: executing edge 0 func=zfp_decompress dev=GPU
[13:54:19.037422] [WARNING] [pdc_tf_server.c:475] PDC_SERVER[4]: SCHED: done running transformations
[13:54:19.037818] [WARNING] [pdc_tf_server.c:475] PDC_SERVER[3]: SCHED: done running transformations
[INFO] PDC_SERVER[2]: Fetching region for obj_id=8000000000
[INFO] PDC_SERVER[2]: Checking against Object 2000000000
[INFO] PDC_SERVER[2]: Checking against Object 3000000000
[INFO] PDC_SERVER[2]: Checking against Object 4000000000
[INFO] PDC_SERVER[2]: Checking against Object 3000000002
[INFO] PDC_SERVER[2]: Checking against Object 4000000002
[INFO] PDC_SERVER[2]: Checking against Object 5000000000
[INFO] PDC_SERVER[2]: Object 8000000000 NOT found in cache
[INFO] PDC_SERVER[2]: Fetching region from server for obj_id=8000000000
[INFO] PDC_SERVER[3]: Fetching region for obj_id=8000000000
[INFO] PDC_SERVER[3]: Checking against Object 2000000000
[INFO] PDC_SERVER[3]: Checking against Object 3000000000
[INFO] PDC_SERVER[3]: Checking against Object 4000000000
[INFO] PDC_SERVER[3]: Checking against Object 3000000002
[INFO] PDC_SERVER[3]: Checking against Object 4000000002
[INFO] PDC_SERVER[3]: Checking against Object 5000000000
[INFO] PDC_SERVER[3]: Object 8000000000 NOT found in cache
[INFO] PDC_SERVER[4]: Fetching region for obj_id=8000000000
[INFO] PDC_SERVER[4]: Checking against Object 2000000000
[INFO] PDC_SERVER[4]: Checking against Object 3000000000
[INFO] PDC_SERVER[4]: Checking against Object 4000000000
[INFO] PDC_SERVER[4]: Checking against Object 3000000002
[INFO] PDC_SERVER[4]: Checking against Object 4000000002
[INFO] PDC_SERVER[4]: Checking against Object 5000000000
[INFO] PDC_SERVER[4]: Object 8000000000 NOT found in cache
[INFO] PDC_SERVER[4]: Fetching region from server for obj_id=8000000000
[INFO] PDC_SERVER[3]: Fetching region from server for obj_id=8000000000
[13:54:19.043403] [WARNING] [pdc_tf_server.c:475] PDC_SERVER[5]: SCHED: done running transformations
[13:54:19.046141] [WARNING] [pdc_tf_server.c:475] PDC_SERVER[6]: SCHED: done running transformations
[13:54:19.046182] [WARNING] [pdc_tf_server.c:475] PDC_SERVER[7]: SCHED: done running transformations
[13:54:19.046857] [WARNING] [pdc_tf_server.c:475] PDC_SERVER[0]: SCHED: done running transformations
[INFO] PDC_SERVER[5]: Fetching region for obj_id=8000000000
[INFO] PDC_SERVER[5]: Checking against Object 2000000000
[INFO] PDC_SERVER[5]: Checking against Object 3000000000
[INFO] PDC_SERVER[5]: Checking against Object 4000000000
[INFO] PDC_SERVER[5]: Checking against Object 3000000002
[INFO] PDC_SERVER[5]: Checking against Object 4000000002
[INFO] PDC_SERVER[5]: Checking against Object 5000000000
[INFO] PDC_SERVER[5]: Object 8000000000 NOT found in cache
[INFO] PDC_SERVER[5]: Fetching region from server for obj_id=8000000000
[INFO] PDC_SERVER[7]: Fetching region for obj_id=8000000000
[INFO] PDC_SERVER[7]: Checking against Object 2000000000
[INFO] PDC_SERVER[7]: Checking against Object 3000000000
[INFO] PDC_SERVER[7]: Checking against Object 4000000000
[INFO] PDC_SERVER[7]: Checking against Object 3000000002
[INFO] PDC_SERVER[7]: Checking against Object 4000000002
[INFO] PDC_SERVER[7]: Checking against Object 5000000000
[INFO] PDC_SERVER[7]: Object 8000000000 NOT found in cache
[INFO] PDC_SERVER[7]: Fetching region from server for obj_id=8000000000
[INFO] PDC_SERVER[6]: Fetching region for obj_id=8000000000
[INFO] PDC_SERVER[6]: Checking against Object 2000000000
[INFO] PDC_SERVER[6]: Checking against Object 3000000000
[INFO] PDC_SERVER[6]: Checking against Object 4000000000
[INFO] PDC_SERVER[6]: Checking against Object 3000000002
[INFO] PDC_SERVER[6]: Checking against Object 4000000002
[INFO] PDC_SERVER[6]: Checking against Object 5000000000
[INFO] PDC_SERVER[6]: Object 8000000000 NOT found in cache
[INFO] PDC_SERVER[6]: Fetching region from server for obj_id=8000000000
[INFO] PDC_SERVER[0]: Fetching region for obj_id=8000000000
[INFO] PDC_SERVER[0]: Checking against Object 2000000000
[INFO] PDC_SERVER[0]: Checking against Object 3000000000
[INFO] PDC_SERVER[0]: Checking against Object 4000000000
[INFO] PDC_SERVER[0]: Checking against Object 3000000002
[INFO] PDC_SERVER[0]: Checking against Object 4000000002
[INFO] PDC_SERVER[0]: Checking against Object 5000000000
[INFO] PDC_SERVER[0]: Object 8000000000 NOT found in cache
[INFO] PDC_SERVER[0]: Fetching region from server for obj_id=8000000000
[13:54:19.053121] [WARNING] [pdc_tf_server.c:475] PDC_SERVER[1]: SCHED: done running transformations
[13:54:19.056876] [WARNING] [pdc_tf_server.c:393] PDC_SERVER[2]: SCHED: setting CUDA device to 0 for edge 0 func=zfp_decompress
[13:54:19.056892] [WARNING] [pdc_tf_server.c:401] PDC_SERVER[2]: SCHED: executing edge 0 func=zfp_decompress dev=GPU
[INFO] PDC_SERVER[1]: Fetching region for obj_id=8000000000
[INFO] PDC_SERVER[1]: Checking against Object 2000000000
[INFO] PDC_SERVER[1]: Checking against Object 3000000000
[INFO] PDC_SERVER[1]: Checking against Object 4000000000
[INFO] PDC_SERVER[1]: Checking against Object 3000000002
[INFO] PDC_SERVER[1]: Checking against Object 4000000002
[INFO] PDC_SERVER[1]: Checking against Object 5000000000
[INFO] PDC_SERVER[1]: Object 8000000000 NOT found in cache
[INFO] PDC_SERVER[1]: Fetching region from server for obj_id=8000000000
[13:54:19.058955] [WARNING] [pdc_tf_server.c:393] PDC_SERVER[4]: SCHED: setting CUDA device to 0 for edge 0 func=zfp_decompress
[13:54:19.058969] [WARNING] [pdc_tf_server.c:401] PDC_SERVER[4]: SCHED: executing edge 0 func=zfp_decompress dev=GPU
[13:54:19.059186] [WARNING] [pdc_tf_server.c:393] PDC_SERVER[3]: SCHED: setting CUDA device to 0 for edge 0 func=zfp_decompress
[13:54:19.059203] [WARNING] [pdc_tf_server.c:401] PDC_SERVER[3]: SCHED: executing edge 0 func=zfp_decompress dev=GPU
[13:54:19.064554] [WARNING] [pdc_tf_server.c:393] PDC_SERVER[5]: SCHED: setting CUDA device to 0 for edge 0 func=zfp_decompress
[13:54:19.064590] [WARNING] [pdc_tf_server.c:401] PDC_SERVER[5]: SCHED: executing edge 0 func=zfp_decompress dev=GPU
[13:54:19.065513] [WARNING] [pdc_tf_server.c:475] PDC_SERVER[2]: SCHED: done running transformations
[13:54:19.067028] [WARNING] [pdc_tf_server.c:393] PDC_SERVER[7]: SCHED: setting CUDA device to 0 for edge 0 func=zfp_decompress
[13:54:19.067041] [WARNING] [pdc_tf_server.c:401] PDC_SERVER[7]: SCHED: executing edge 0 func=zfp_decompress dev=GPU
[13:54:19.067254] [WARNING] [pdc_tf_server.c:475] PDC_SERVER[3]: SCHED: done running transformations
[13:54:19.067526] [WARNING] [pdc_tf_server.c:393] PDC_SERVER[6]: SCHED: setting CUDA device to 0 for edge 0 func=zfp_decompress
[13:54:19.067545] [WARNING] [pdc_tf_server.c:401] PDC_SERVER[6]: SCHED: executing edge 0 func=zfp_decompress dev=GPU
[13:54:19.068202] [WARNING] [pdc_tf_server.c:475] PDC_SERVER[4]: SCHED: done running transformations
[INFO] PDC_SERVER[0]: Executing graph with json filepath /pscratch/sd/n/nlewi26/src/work_space/source/pdc/tf_client/graphs/zfp_gpu.json
[13:54:19.068293] [WARNING] [pdc_tf_server.c:393] PDC_SERVER[0]: SCHED: setting CUDA device to 0 for edge 0 func=zfp_decompress
[13:54:19.068303] [WARNING] [pdc_tf_server.c:401] PDC_SERVER[0]: SCHED: executing edge 0 func=zfp_decompress dev=GPU
[INFO] PDC_SERVER[2]: Fetching region for obj_id=8000000000
[INFO] PDC_SERVER[2]: Checking against Object 2000000000
[INFO] PDC_SERVER[2]: Checking against Object 3000000000
[INFO] PDC_SERVER[2]: Checking against Object 4000000000
[INFO] PDC_SERVER[2]: Checking against Object 3000000002
[INFO] PDC_SERVER[2]: Checking against Object 4000000002
[INFO] PDC_SERVER[2]: Checking against Object 5000000000
[INFO] PDC_SERVER[2]: Object 8000000000 NOT found in cache
[INFO] PDC_SERVER[2]: Fetching region from server for obj_id=8000000000
[INFO] PDC_SERVER[3]: Fetching region for obj_id=8000000000
[INFO] PDC_SERVER[3]: Checking against Object 2000000000
[INFO] PDC_SERVER[3]: Checking against Object 3000000000
[INFO] PDC_SERVER[3]: Checking against Object 4000000000
[INFO] PDC_SERVER[3]: Checking against Object 3000000002
[INFO] PDC_SERVER[3]: Checking against Object 4000000002
[INFO] PDC_SERVER[3]: Checking against Object 5000000000
[INFO] PDC_SERVER[3]: Object 8000000000 NOT found in cache
[INFO] PDC_SERVER[3]: Fetching region from server for obj_id=8000000000
[INFO] PDC_SERVER[4]: Fetching region for obj_id=8000000000
[INFO] PDC_SERVER[4]: Checking against Object 2000000000
[INFO] PDC_SERVER[4]: Checking against Object 3000000000
[INFO] PDC_SERVER[4]: Checking against Object 4000000000
[INFO] PDC_SERVER[4]: Checking against Object 3000000002
[INFO] PDC_SERVER[4]: Checking against Object 4000000002
[INFO] PDC_SERVER[4]: Checking against Object 5000000000
[INFO] PDC_SERVER[4]: Object 8000000000 NOT found in cache
[INFO] PDC_SERVER[4]: Fetching region from server for obj_id=8000000000
[13:54:19.073622] [WARNING] [pdc_tf_server.c:393] PDC_SERVER[1]: SCHED: setting CUDA device to 0 for edge 0 func=zfp_decompress
[13:54:19.073638] [WARNING] [pdc_tf_server.c:401] PDC_SERVER[1]: SCHED: executing edge 0 func=zfp_decompress dev=GPU
[13:54:19.073753] [WARNING] [pdc_tf_server.c:475] PDC_SERVER[5]: SCHED: done running transformations
[INFO] PDC_SERVER[5]: Fetching region for obj_id=8000000000
[INFO] PDC_SERVER[5]: Checking against Object 2000000000
[INFO] PDC_SERVER[5]: Checking against Object 3000000000
[INFO] PDC_SERVER[5]: Checking against Object 4000000000
[INFO] PDC_SERVER[5]: Checking against Object 3000000002
[INFO] PDC_SERVER[5]: Checking against Object 4000000002
[INFO] PDC_SERVER[5]: Checking against Object 5000000000
[INFO] PDC_SERVER[5]: Object 8000000000 NOT found in cache
[INFO] PDC_SERVER[5]: Fetching region from server for obj_id=8000000000
[13:54:19.082558] [WARNING] [pdc_tf_server.c:475] PDC_SERVER[7]: SCHED: done running transformations
[13:54:19.082841] [WARNING] [pdc_tf_server.c:475] PDC_SERVER[6]: SCHED: done running transformations
[13:54:19.085553] [WARNING] [pdc_tf_server.c:475] PDC_SERVER[0]: SCHED: done running transformations
[13:54:19.086444] [WARNING] [pdc_tf_server.c:393] PDC_SERVER[2]: SCHED: setting CUDA device to 0 for edge 0 func=zfp_decompress
[13:54:19.086458] [WARNING] [pdc_tf_server.c:401] PDC_SERVER[2]: SCHED: executing edge 0 func=zfp_decompress dev=GPU
[INFO] PDC_SERVER[7]: Fetching region for obj_id=8000000000
[INFO] PDC_SERVER[7]: Checking against Object 2000000000
[INFO] PDC_SERVER[7]: Checking against Object 3000000000
[INFO] PDC_SERVER[7]: Checking against Object 4000000000
[INFO] PDC_SERVER[7]: Checking against Object 3000000002
[INFO] PDC_SERVER[7]: Checking against Object 4000000002
[INFO] PDC_SERVER[7]: Checking against Object 5000000000
[INFO] PDC_SERVER[7]: Object 8000000000 NOT found in cache
[INFO] PDC_SERVER[7]: Fetching region from server for obj_id=8000000000
[INFO] PDC_SERVER[6]: Fetching region for obj_id=8000000000
[INFO] PDC_SERVER[6]: Checking against Object 2000000000
[INFO] PDC_SERVER[6]: Checking against Object 3000000000
[INFO] PDC_SERVER[6]: Checking against Object 4000000000
[INFO] PDC_SERVER[6]: Checking against Object 3000000002
[INFO] PDC_SERVER[6]: Checking against Object 4000000002
[INFO] PDC_SERVER[6]: Checking against Object 5000000000
[INFO] PDC_SERVER[6]: Object 8000000000 NOT found in cache
[INFO] PDC_SERVER[6]: Fetching region from server for obj_id=8000000000
[13:54:19.088452] [WARNING] [pdc_tf_server.c:475] PDC_SERVER[1]: SCHED: done running transformations
[13:54:19.088757] [WARNING] [pdc_tf_server.c:393] PDC_SERVER[3]: SCHED: setting CUDA device to 0 for edge 0 func=zfp_decompress
[13:54:19.088780] [WARNING] [pdc_tf_server.c:401] PDC_SERVER[3]: SCHED: executing edge 0 func=zfp_decompress dev=GPU
[13:54:19.088983] [WARNING] [pdc_tf_server.c:393] PDC_SERVER[4]: SCHED: setting CUDA device to 0 for edge 0 func=zfp_decompress
[13:54:19.088995] [WARNING] [pdc_tf_server.c:401] PDC_SERVER[4]: SCHED: executing edge 0 func=zfp_decompress dev=GPU
[INFO] PDC_SERVER[0]: Fetching region for obj_id=8000000000
[INFO] PDC_SERVER[0]: Checking against Object 2000000000
[INFO] PDC_SERVER[0]: Checking against Object 3000000000
[INFO] PDC_SERVER[0]: Checking against Object 4000000000
[INFO] PDC_SERVER[0]: Checking against Object 3000000002
[INFO] PDC_SERVER[0]: Checking against Object 4000000002
[INFO] PDC_SERVER[0]: Checking against Object 5000000000
[INFO] PDC_SERVER[0]: Object 8000000000 NOT found in cache
[INFO] PDC_SERVER[0]: Fetching region from server for obj_id=8000000000
[INFO] PDC_SERVER[1]: Fetching region for obj_id=8000000000
[INFO] PDC_SERVER[1]: Checking against Object 2000000000
[INFO] PDC_SERVER[1]: Checking against Object 3000000000
[INFO] PDC_SERVER[1]: Checking against Object 4000000000
[INFO] PDC_SERVER[1]: Checking against Object 3000000002
[INFO] PDC_SERVER[1]: Checking against Object 4000000002
[INFO] PDC_SERVER[1]: Checking against Object 5000000000
[INFO] PDC_SERVER[1]: Object 8000000000 NOT found in cache
[INFO] PDC_SERVER[1]: Fetching region from server for obj_id=8000000000
[13:54:19.094191] [WARNING] [pdc_tf_server.c:475] PDC_SERVER[2]: SCHED: done running transformations
[13:54:19.094680] [WARNING] [pdc_tf_server.c:393] PDC_SERVER[5]: SCHED: setting CUDA device to 0 for edge 0 func=zfp_decompress
[13:54:19.094695] [WARNING] [pdc_tf_server.c:401] PDC_SERVER[5]: SCHED: executing edge 0 func=zfp_decompress dev=GPU
[13:54:19.096083] [WARNING] [pdc_tf_server.c:475] PDC_SERVER[3]: SCHED: done running transformations
[13:54:19.097240] [WARNING] [pdc_tf_server.c:475] PDC_SERVER[4]: SCHED: done running transformations
[INFO] PDC_SERVER[2]: Fetching region for obj_id=8000000000
[INFO] PDC_SERVER[2]: Checking against Object 2000000000
[INFO] PDC_SERVER[2]: Checking against Object 3000000000
[INFO] PDC_SERVER[2]: Checking against Object 4000000000
[INFO] PDC_SERVER[2]: Checking against Object 3000000002
[INFO] PDC_SERVER[2]: Checking against Object 4000000002
[INFO] PDC_SERVER[2]: Checking against Object 5000000000
[INFO] PDC_SERVER[2]: Object 8000000000 NOT found in cache
[INFO] PDC_SERVER[2]: Fetching region from server for obj_id=8000000000
[INFO] PDC_SERVER[3]: Fetching region for obj_id=8000000000
[INFO] PDC_SERVER[3]: Checking against Object 2000000000
[INFO] PDC_SERVER[3]: Checking against Object 3000000000
[INFO] PDC_SERVER[3]: Checking against Object 4000000000
[INFO] PDC_SERVER[3]: Checking against Object 3000000002
[INFO] PDC_SERVER[3]: Checking against Object 4000000002
[INFO] PDC_SERVER[3]: Checking against Object 5000000000
[INFO] PDC_SERVER[3]: Object 8000000000 NOT found in cache
[INFO] PDC_SERVER[3]: Fetching region from server for obj_id=8000000000
[INFO] PDC_SERVER[4]: Fetching region for obj_id=8000000000
[INFO] PDC_SERVER[4]: Checking against Object 2000000000
[INFO] PDC_SERVER[4]: Checking against Object 3000000000
[INFO] PDC_SERVER[4]: Checking against Object 4000000000
[INFO] PDC_SERVER[4]: Checking against Object 3000000002
[INFO] PDC_SERVER[4]: Checking against Object 4000000002
[INFO] PDC_SERVER[4]: Checking against Object 5000000000
[INFO] PDC_SERVER[4]: Object 8000000000 NOT found in cache
[INFO] PDC_SERVER[4]: Fetching region from server for obj_id=8000000000
[13:54:19.103876] [WARNING] [pdc_tf_server.c:393] PDC_SERVER[7]: SCHED: setting CUDA device to 0 for edge 0 func=zfp_decompress
[13:54:19.103890] [WARNING] [pdc_tf_server.c:401] PDC_SERVER[7]: SCHED: executing edge 0 func=zfp_decompress dev=GPU
[13:54:19.104445] [WARNING] [pdc_tf_server.c:475] PDC_SERVER[5]: SCHED: done running transformations
[13:54:19.106149] [WARNING] [pdc_tf_server.c:393] PDC_SERVER[6]: SCHED: setting CUDA device to 0 for edge 0 func=zfp_decompress
[13:54:19.106176] [WARNING] [pdc_tf_server.c:401] PDC_SERVER[6]: SCHED: executing edge 0 func=zfp_decompress dev=GPU
[INFO] PDC_SERVER[0]: Executing graph with json filepath /pscratch/sd/n/nlewi26/src/work_space/source/pdc/tf_client/graphs/zfp_gpu.json
[13:54:19.106205] [WARNING] [pdc_tf_server.c:393] PDC_SERVER[0]: SCHED: setting CUDA device to 0 for edge 0 func=zfp_decompress
[13:54:19.106227] [WARNING] [pdc_tf_server.c:401] PDC_SERVER[0]: SCHED: executing edge 0 func=zfp_decompress dev=GPU
[INFO] PDC_SERVER[5]: Fetching region for obj_id=8000000000
[INFO] PDC_SERVER[5]: Checking against Object 2000000000
[INFO] PDC_SERVER[5]: Checking against Object 3000000000
[13:54:19.109158] [WARNING] [pdc_tf_server.c:393] PDC_SERVER[1]: SCHED: setting CUDA device to 0 for edge 0 func=zfp_decompress
[INFO] PDC_SERVER[5]: Checking against Object 4000000000
[INFO] PDC_SERVER[5]: Checking against Object 3000000002
[INFO] PDC_SERVER[5]: Checking against Object 4000000002
[INFO] PDC_SERVER[5]: Checking against Object 5000000000
[13:54:19.109178] [WARNING] [pdc_tf_server.c:401] PDC_SERVER[1]: SCHED: executing edge 0 func=zfp_decompress dev=GPU
[INFO] PDC_SERVER[5]: Object 8000000000 NOT found in cache
[INFO] PDC_SERVER[5]: Fetching region from server for obj_id=8000000000
[13:54:19.112157] [WARNING] [pdc_tf_server.c:475] PDC_SERVER[7]: SCHED: done running transformations
[13:54:19.114530] [WARNING] [pdc_tf_server.c:475] PDC_SERVER[6]: SCHED: done running transformations
[13:54:19.115462] [WARNING] [pdc_tf_server.c:393] PDC_SERVER[2]: SCHED: setting CUDA device to 0 for edge 0 func=zfp_decompress
[13:54:19.115476] [WARNING] [pdc_tf_server.c:401] PDC_SERVER[2]: SCHED: executing edge 0 func=zfp_decompress dev=GPU
[13:54:19.116640] [WARNING] [pdc_tf_server.c:393] PDC_SERVER[3]: SCHED: setting CUDA device to 0 for edge 0 func=zfp_decompress
[13:54:19.116659] [WARNING] [pdc_tf_server.c:401] PDC_SERVER[3]: SCHED: executing edge 0 func=zfp_decompress dev=GPU
[INFO] PDC_SERVER[7]: Fetching region for obj_id=8000000000
[INFO] PDC_SERVER[7]: Checking against Object 2000000000
[INFO] PDC_SERVER[7]: Checking against Object 3000000000
[INFO] PDC_SERVER[7]: Checking against Object 4000000000
[INFO] PDC_SERVER[7]: Checking against Object 3000000002
[INFO] PDC_SERVER[7]: Checking against Object 4000000002
[INFO] PDC_SERVER[7]: Checking against Object 5000000000
[INFO] PDC_SERVER[7]: Object 8000000000 NOT found in cache
[INFO] PDC_SERVER[7]: Fetching region from server for obj_id=8000000000
[13:54:19.117750] [WARNING] [pdc_tf_server.c:393] PDC_SERVER[4]: SCHED: setting CUDA device to 0 for edge 0 func=zfp_decompress
[13:54:19.117773] [WARNING] [pdc_tf_server.c:401] PDC_SERVER[4]: SCHED: executing edge 0 func=zfp_decompress dev=GPU
[INFO] PDC_SERVER[6]: Fetching region for obj_id=8000000000
[INFO] PDC_SERVER[6]: Checking against Object 2000000000
[INFO] PDC_SERVER[6]: Checking against Object 3000000000
[INFO] PDC_SERVER[6]: Checking against Object 4000000000
[INFO] PDC_SERVER[6]: Checking against Object 3000000002
[INFO] PDC_SERVER[6]: Checking against Object 4000000002
[INFO] PDC_SERVER[6]: Checking against Object 5000000000
[INFO] PDC_SERVER[6]: Object 8000000000 NOT found in cache
[INFO] PDC_SERVER[6]: Fetching region from server for obj_id=8000000000
[13:54:19.123613] [WARNING] [pdc_tf_server.c:475] PDC_SERVER[2]: SCHED: done running transformations
[13:54:19.123860] [WARNING] [pdc_tf_server.c:475] PDC_SERVER[0]: SCHED: done running transformations
[13:54:19.124183] [WARNING] [pdc_tf_server.c:475] PDC_SERVER[3]: SCHED: done running transformations
[13:54:19.124326] [WARNING] [pdc_tf_server.c:475] PDC_SERVER[1]: SCHED: done running transformations
[13:54:19.124925] [WARNING] [pdc_tf_server.c:393] PDC_SERVER[5]: SCHED: setting CUDA device to 0 for edge 0 func=zfp_decompress
[13:54:19.124943] [WARNING] [pdc_tf_server.c:401] PDC_SERVER[5]: SCHED: executing edge 0 func=zfp_decompress dev=GPU
[INFO] PDC_SERVER[2]: Fetching region for obj_id=8000000000
[INFO] PDC_SERVER[2]: Checking against Object 2000000000
[INFO] PDC_SERVER[2]: Checking against Object 3000000000
[INFO] PDC_SERVER[2]: Checking against Object 4000000000
[INFO] PDC_SERVER[2]: Checking against Object 3000000002
[INFO] PDC_SERVER[2]: Checking against Object 4000000002
[INFO] PDC_SERVER[2]: Checking against Object 5000000000
[INFO] PDC_SERVER[2]: Object 8000000000 NOT found in cache
[INFO] PDC_SERVER[2]: Fetching region from server for obj_id=8000000000
[INFO] PDC_SERVER[0]: Fetching region for obj_id=8000000000
[INFO] PDC_SERVER[0]: Checking against Object 2000000000
[INFO] PDC_SERVER[0]: Checking against Object 3000000000
[INFO] PDC_SERVER[0]: Checking against Object 4000000000
[INFO] PDC_SERVER[0]: Checking against Object 3000000002
[INFO] PDC_SERVER[0]: Checking against Object 4000000002
[INFO] PDC_SERVER[0]: Checking against Object 5000000000
[INFO] PDC_SERVER[0]: Object 8000000000 NOT found in cache
[INFO] PDC_SERVER[0]: Fetching region from server for obj_id=8000000000
[INFO] PDC_SERVER[3]: Fetching region for obj_id=8000000000
[INFO] PDC_SERVER[3]: Checking against Object 2000000000
[INFO] PDC_SERVER[3]: Checking against Object 3000000000
[INFO] PDC_SERVER[3]: Checking against Object 4000000000
[INFO] PDC_SERVER[3]: Checking against Object 3000000002
[INFO] PDC_SERVER[3]: Checking against Object 4000000002
[INFO] PDC_SERVER[3]: Checking against Object 5000000000
[INFO] PDC_SERVER[3]: Object 8000000000 NOT found in cache
[INFO] PDC_SERVER[3]: Fetching region from server for obj_id=8000000000
[INFO] PDC_SERVER[1]: Fetching region for obj_id=8000000000
[INFO] PDC_SERVER[1]: Checking against Object 2000000000
[INFO] PDC_SERVER[1]: Checking against Object 3000000000
[INFO] PDC_SERVER[1]: Checking against Object 4000000000
[INFO] PDC_SERVER[1]: Checking against Object 3000000002
[INFO] PDC_SERVER[1]: Checking against Object 4000000002
[INFO] PDC_SERVER[1]: Checking against Object 5000000000
[INFO] PDC_SERVER[1]: Object 8000000000 NOT found in cache
[INFO] PDC_SERVER[1]: Fetching region from server for obj_id=8000000000
[13:54:19.133018] [WARNING] [pdc_tf_server.c:393] PDC_SERVER[7]: SCHED: setting CUDA device to 0 for edge 0 func=zfp_decompress
[13:54:19.133037] [WARNING] [pdc_tf_server.c:401] PDC_SERVER[7]: SCHED: executing edge 0 func=zfp_decompress dev=GPU
[13:54:19.135260] [WARNING] [pdc_tf_server.c:393] PDC_SERVER[6]: SCHED: setting CUDA device to 0 for edge 0 func=zfp_decompress
[13:54:19.135278] [WARNING] [pdc_tf_server.c:401] PDC_SERVER[6]: SCHED: executing edge 0 func=zfp_decompress dev=GPU
[13:54:19.137049] [WARNING] [pdc_tf_server.c:475] PDC_SERVER[4]: SCHED: done running transformations
[13:54:19.138770] [WARNING] [pdc_tf_server.c:475] PDC_SERVER[5]: SCHED: done running transformations
[13:54:19.141389] [WARNING] [pdc_tf_server.c:475] PDC_SERVER[7]: SCHED: done running transformations
[INFO] PDC_SERVER[4]: Fetching region for obj_id=8000000000
[INFO] PDC_SERVER[4]: Checking against Object 2000000000
[INFO] PDC_SERVER[4]: Checking against Object 3000000000
[INFO] PDC_SERVER[4]: Checking against Object 4000000000
[INFO] PDC_SERVER[4]: Checking against Object 3000000002
[INFO] PDC_SERVER[4]: Checking against Object 4000000002
[INFO] PDC_SERVER[4]: Checking against Object 5000000000
[INFO] PDC_SERVER[4]: Object 8000000000 NOT found in cache
[INFO] PDC_SERVER[4]: Fetching region from server for obj_id=8000000000
[13:54:19.143427] [WARNING] [pdc_tf_server.c:475] PDC_SERVER[6]: SCHED: done running transformations
[INFO] PDC_SERVER[5]: Fetching region for obj_id=8000000000
[INFO] PDC_SERVER[5]: Checking against Object 2000000000
[INFO] PDC_SERVER[5]: Checking against Object 3000000000
[INFO] PDC_SERVER[5]: Checking against Object 4000000000
[INFO] PDC_SERVER[5]: Checking against Object 3000000002
[INFO] PDC_SERVER[5]: Checking against Object 4000000002
[INFO] PDC_SERVER[5]: Checking against Object 5000000000
[INFO] PDC_SERVER[5]: Object 8000000000 NOT found in cache
[INFO] PDC_SERVER[5]: Fetching region from server for obj_id=8000000000
[INFO] PDC_SERVER[0]: Executing graph with json filepath /pscratch/sd/n/nlewi26/src/work_space/source/pdc/tf_client/graphs/zfp_gpu.json
[13:54:19.144379] [WARNING] [pdc_tf_server.c:393] PDC_SERVER[0]: SCHED: setting CUDA device to 0 for edge 0 func=zfp_decompress
[13:54:19.144388] [WARNING] [pdc_tf_server.c:401] PDC_SERVER[0]: SCHED: executing edge 0 func=zfp_decompress dev=GPU
[13:54:19.144415] [WARNING] [pdc_tf_server.c:393] PDC_SERVER[2]: SCHED: setting CUDA device to 0 for edge 0 func=zfp_decompress
[13:54:19.144428] [WARNING] [pdc_tf_server.c:401] PDC_SERVER[2]: SCHED: executing edge 0 func=zfp_decompress dev=GPU
[13:54:19.145791] [WARNING] [pdc_tf_server.c:393] PDC_SERVER[1]: SCHED: setting CUDA device to 0 for edge 0 func=zfp_decompress
[13:54:19.145810] [WARNING] [pdc_tf_server.c:401] PDC_SERVER[1]: SCHED: executing edge 0 func=zfp_decompress dev=GPU
[INFO] PDC_SERVER[7]: Fetching region for obj_id=8000000000
[INFO] PDC_SERVER[7]: Checking against Object 2000000000
[INFO] PDC_SERVER[7]: Checking against Object 3000000000
[INFO] PDC_SERVER[7]: Checking against Object 4000000000
[INFO] PDC_SERVER[7]: Checking against Object 3000000002
[INFO] PDC_SERVER[7]: Checking against Object 4000000002
[INFO] PDC_SERVER[7]: Checking against Object 5000000000
[INFO] PDC_SERVER[7]: Object 8000000000 NOT found in cache
[INFO] PDC_SERVER[7]: Fetching region from server for obj_id=8000000000
[13:54:19.147856] [WARNING] [pdc_tf_server.c:393] PDC_SERVER[3]: SCHED: setting CUDA device to 0 for edge 0 func=zfp_decompress
[13:54:19.147872] [WARNING] [pdc_tf_server.c:401] PDC_SERVER[3]: SCHED: executing edge 0 func=zfp_decompress dev=GPU
[INFO] PDC_SERVER[6]: Fetching region for obj_id=8000000000
[INFO] PDC_SERVER[6]: Checking against Object 2000000000
[INFO] PDC_SERVER[6]: Checking against Object 3000000000
[INFO] PDC_SERVER[6]: Checking against Object 4000000000
[INFO] PDC_SERVER[6]: Checking against Object 3000000002
[INFO] PDC_SERVER[6]: Checking against Object 4000000002
[INFO] PDC_SERVER[6]: Checking against Object 5000000000
[INFO] PDC_SERVER[6]: Object 8000000000 NOT found in cache
[INFO] PDC_SERVER[6]: Fetching region from server for obj_id=8000000000
[13:54:19.152240] [WARNING] [pdc_tf_server.c:475] PDC_SERVER[0]: SCHED: done running transformations
[13:54:19.152248] [WARNING] [pdc_tf_server.c:475] PDC_SERVER[2]: SCHED: done running transformations
[13:54:19.153796] [WARNING] [pdc_tf_server.c:475] PDC_SERVER[1]: SCHED: done running transformations
[13:54:19.155096] [WARNING] [pdc_tf_server.c:475] PDC_SERVER[3]: SCHED: done running transformations
[INFO] PDC_SERVER[2]: Fetching region for obj_id=8000000000
[INFO] PDC_SERVER[2]: Checking against Object 2000000000
[INFO] PDC_SERVER[2]: Checking against Object 3000000000
[INFO] PDC_SERVER[2]: Checking against Object 4000000000
[INFO] PDC_SERVER[2]: Checking against Object 3000000002
[INFO] PDC_SERVER[2]: Checking against Object 4000000002
[INFO] PDC_SERVER[2]: Checking against Object 5000000000
[INFO] PDC_SERVER[2]: Object 8000000000 NOT found in cache
[INFO] PDC_SERVER[2]: Fetching region from server for obj_id=8000000000
[INFO] PDC_SERVER[0]: Fetching region for obj_id=8000000000
[INFO] PDC_SERVER[0]: Checking against Object 2000000000
[INFO] PDC_SERVER[0]: Checking against Object 3000000000
[INFO] PDC_SERVER[0]: Checking against Object 4000000000
[INFO] PDC_SERVER[0]: Checking against Object 3000000002
[INFO] PDC_SERVER[0]: Checking against Object 4000000002
[INFO] PDC_SERVER[0]: Checking against Object 5000000000
[INFO] PDC_SERVER[0]: Object 8000000000 NOT found in cache
[INFO] PDC_SERVER[0]: Fetching region from server for obj_id=8000000000
[13:54:19.157357] [WARNING] [pdc_tf_server.c:393] PDC_SERVER[4]: SCHED: setting CUDA device to 0 for edge 0 func=zfp_decompress
[13:54:19.157373] [WARNING] [pdc_tf_server.c:401] PDC_SERVER[4]: SCHED: executing edge 0 func=zfp_decompress dev=GPU
[INFO] PDC_SERVER[1]: Fetching region for obj_id=8000000000
[INFO] PDC_SERVER[1]: Checking against Object 2000000000
[INFO] PDC_SERVER[1]: Checking against Object 3000000000
[INFO] PDC_SERVER[1]: Checking against Object 4000000000
[INFO] PDC_SERVER[1]: Checking against Object 3000000002
[INFO] PDC_SERVER[1]: Checking against Object 4000000002
[INFO] PDC_SERVER[1]: Checking against Object 5000000000
[INFO] PDC_SERVER[1]: Object 8000000000 NOT found in cache
[INFO] PDC_SERVER[1]: Fetching region from server for obj_id=8000000000
[13:54:19.159728] [WARNING] [pdc_tf_server.c:393] PDC_SERVER[5]: SCHED: setting CUDA device to 0 for edge 0 func=zfp_decompress
[13:54:19.159741] [WARNING] [pdc_tf_server.c:401] PDC_SERVER[5]: SCHED: executing edge 0 func=zfp_decompress dev=GPU
[INFO] PDC_SERVER[3]: Fetching region for obj_id=8000000000
[INFO] PDC_SERVER[3]: Checking against Object 2000000000
[INFO] PDC_SERVER[3]: Checking against Object 3000000000
[INFO] PDC_SERVER[3]: Checking against Object 4000000000
[INFO] PDC_SERVER[3]: Checking against Object 3000000002
[INFO] PDC_SERVER[3]: Checking against Object 4000000002
[INFO] PDC_SERVER[3]: Checking against Object 5000000000
[INFO] PDC_SERVER[3]: Object 8000000000 NOT found in cache
[INFO] PDC_SERVER[3]: Fetching region from server for obj_id=8000000000
[13:54:19.162158] [WARNING] [pdc_tf_server.c:393] PDC_SERVER[7]: SCHED: setting CUDA device to 0 for edge 0 func=zfp_decompress
[13:54:19.162175] [WARNING] [pdc_tf_server.c:401] PDC_SERVER[7]: SCHED: executing edge 0 func=zfp_decompress dev=GPU
[13:54:19.164487] [WARNING] [pdc_tf_server.c:393] PDC_SERVER[6]: SCHED: setting CUDA device to 0 for edge 0 func=zfp_decompress
[13:54:19.164517] [WARNING] [pdc_tf_server.c:401] PDC_SERVER[6]: SCHED: executing edge 0 func=zfp_decompress dev=GPU
[13:54:19.170460] [WARNING] [pdc_tf_server.c:475] PDC_SERVER[7]: SCHED: done running transformations
[13:54:19.172769] [WARNING] [pdc_tf_server.c:475] PDC_SERVER[6]: SCHED: done running transformations
[13:54:19.172917] [WARNING] [pdc_tf_server.c:393] PDC_SERVER[2]: SCHED: setting CUDA device to 0 for edge 0 func=zfp_decompress
[13:54:19.172931] [WARNING] [pdc_tf_server.c:401] PDC_SERVER[2]: SCHED: executing edge 0 func=zfp_decompress dev=GPU
[INFO] PDC_SERVER[0]: Executing graph with json filepath /pscratch/sd/n/nlewi26/src/work_space/source/pdc/tf_client/graphs/zfp_gpu.json
[13:54:19.173640] [WARNING] [pdc_tf_server.c:393] PDC_SERVER[0]: SCHED: setting CUDA device to 0 for edge 0 func=zfp_decompress
[13:54:19.173651] [WARNING] [pdc_tf_server.c:401] PDC_SERVER[0]: SCHED: executing edge 0 func=zfp_decompress dev=GPU
[13:54:19.174733] [WARNING] [pdc_tf_server.c:393] PDC_SERVER[1]: SCHED: setting CUDA device to 0 for edge 0 func=zfp_decompress
[13:54:19.174748] [WARNING] [pdc_tf_server.c:401] PDC_SERVER[1]: SCHED: executing edge 0 func=zfp_decompress dev=GPU
[INFO] PDC_SERVER[7]: Fetching region for obj_id=8000000000
[INFO] PDC_SERVER[7]: Checking against Object 2000000000
[INFO] PDC_SERVER[7]: Checking against Object 3000000000
[INFO] PDC_SERVER[7]: Checking against Object 4000000000
[INFO] PDC_SERVER[7]: Checking against Object 3000000002
[INFO] PDC_SERVER[7]: Checking against Object 4000000002
[INFO] PDC_SERVER[7]: Checking against Object 5000000000
[INFO] PDC_SERVER[7]: Object 8000000000 NOT found in cache
[INFO] PDC_SERVER[7]: Fetching region from server for obj_id=8000000000
[13:54:19.175817] [WARNING] [pdc_tf_server.c:393] PDC_SERVER[3]: SCHED: setting CUDA device to 0 for edge 0 func=zfp_decompress
[13:54:19.175839] [WARNING] [pdc_tf_server.c:401] PDC_SERVER[3]: SCHED: executing edge 0 func=zfp_decompress dev=GPU
[INFO] PDC_SERVER[6]: Fetching region for obj_id=8000000000
[INFO] PDC_SERVER[6]: Checking against Object 2000000000
[INFO] PDC_SERVER[6]: Checking against Object 3000000000
[INFO] PDC_SERVER[6]: Checking against Object 4000000000
[INFO] PDC_SERVER[6]: Checking against Object 3000000002
[INFO] PDC_SERVER[6]: Checking against Object 4000000002
[INFO] PDC_SERVER[6]: Checking against Object 5000000000
[INFO] PDC_SERVER[6]: Object 8000000000 NOT found in cache
[INFO] PDC_SERVER[6]: Fetching region from server for obj_id=8000000000
[13:54:19.178982] [WARNING] [pdc_tf_server.c:475] PDC_SERVER[4]: SCHED: done running transformations
[13:54:19.180733] [WARNING] [pdc_tf_server.c:475] PDC_SERVER[2]: SCHED: done running transformations
[13:54:19.181790] [WARNING] [pdc_tf_server.c:475] PDC_SERVER[5]: SCHED: done running transformations
[13:54:19.181845] [WARNING] [pdc_tf_server.c:475] PDC_SERVER[0]: SCHED: done running transformations
[13:54:19.183132] [WARNING] [pdc_tf_server.c:475] PDC_SERVER[1]: SCHED: done running transformations
[13:54:19.183139] [WARNING] [pdc_tf_server.c:475] PDC_SERVER[3]: SCHED: done running transformations
[INFO] PDC_SERVER[4]: Fetching region for obj_id=8000000000
[INFO] PDC_SERVER[4]: Checking against Object 2000000000
[INFO] PDC_SERVER[4]: Checking against Object 3000000000
[INFO] PDC_SERVER[4]: Checking against Object 4000000000
[INFO] PDC_SERVER[4]: Checking against Object 3000000002
[INFO] PDC_SERVER[4]: Checking against Object 4000000002
[INFO] PDC_SERVER[4]: Checking against Object 5000000000
[INFO] PDC_SERVER[4]: Object 8000000000 NOT found in cache
[INFO] PDC_SERVER[4]: Fetching region from server for obj_id=8000000000
[INFO] PDC_SERVER[2]: Fetching region for obj_id=8000000000
[INFO] PDC_SERVER[2]: Checking against Object 2000000000
[INFO] PDC_SERVER[2]: Checking against Object 3000000000
[INFO] PDC_SERVER[2]: Checking against Object 4000000000
[INFO] PDC_SERVER[2]: Checking against Object 3000000002
[INFO] PDC_SERVER[2]: Checking against Object 4000000002
[INFO] PDC_SERVER[2]: Checking against Object 5000000000
[INFO] PDC_SERVER[2]: Object 8000000000 NOT found in cache
[INFO] PDC_SERVER[2]: Fetching region from server for obj_id=8000000000
[INFO] PDC_SERVER[5]: Fetching region for obj_id=8000000000
[INFO] PDC_SERVER[5]: Checking against Object 2000000000
[INFO] PDC_SERVER[5]: Checking against Object 3000000000
[INFO] PDC_SERVER[5]: Checking against Object 4000000000
[INFO] PDC_SERVER[5]: Checking against Object 3000000002
[INFO] PDC_SERVER[5]: Checking against Object 4000000002
[INFO] PDC_SERVER[5]: Checking against Object 5000000000
[INFO] PDC_SERVER[5]: Object 8000000000 NOT found in cache
[INFO] PDC_SERVER[5]: Fetching region from server for obj_id=8000000000
[INFO] PDC_SERVER[0]: Fetching region for obj_id=8000000000
[INFO] PDC_SERVER[0]: Checking against Object 2000000000
[INFO] PDC_SERVER[0]: Checking against Object 3000000000
[INFO] PDC_SERVER[0]: Checking against Object 4000000000
[INFO] PDC_SERVER[0]: Checking against Object 3000000002
[INFO] PDC_SERVER[0]: Checking against Object 4000000002
[INFO] PDC_SERVER[0]: Checking against Object 5000000000
[INFO] PDC_SERVER[0]: Object 8000000000 NOT found in cache
[INFO] PDC_SERVER[0]: Fetching region from server for obj_id=8000000000
[INFO] PDC_SERVER[3]: Fetching region for obj_id=8000000000
[INFO] PDC_SERVER[3]: Checking against Object 2000000000
[INFO] PDC_SERVER[3]: Checking against Object 3000000000
[INFO] PDC_SERVER[3]: Checking against Object 4000000000
[INFO] PDC_SERVER[3]: Checking against Object 3000000002
[INFO] PDC_SERVER[3]: Checking against Object 4000000002
[INFO] PDC_SERVER[3]: Checking against Object 5000000000
[INFO] PDC_SERVER[3]: Object 8000000000 NOT found in cache
[INFO] PDC_SERVER[3]: Fetching region from server for obj_id=8000000000
[INFO] PDC_SERVER[1]: Fetching region for obj_id=8000000000
[INFO] PDC_SERVER[1]: Checking against Object 2000000000
[INFO] PDC_SERVER[1]: Checking against Object 3000000000
[INFO] PDC_SERVER[1]: Checking against Object 4000000000
[INFO] PDC_SERVER[1]: Checking against Object 3000000002
[INFO] PDC_SERVER[1]: Checking against Object 4000000002
[INFO] PDC_SERVER[1]: Checking against Object 5000000000
[INFO] PDC_SERVER[1]: Object 8000000000 NOT found in cache
[INFO] PDC_SERVER[1]: Fetching region from server for obj_id=8000000000
[13:54:19.191750] [WARNING] [pdc_tf_server.c:393] PDC_SERVER[7]: SCHED: setting CUDA device to 0 for edge 0 func=zfp_decompress
[13:54:19.191767] [WARNING] [pdc_tf_server.c:401] PDC_SERVER[7]: SCHED: executing edge 0 func=zfp_decompress dev=GPU
[13:54:19.194128] [WARNING] [pdc_tf_server.c:393] PDC_SERVER[6]: SCHED: setting CUDA device to 0 for edge 0 func=zfp_decompress
[13:54:19.194155] [WARNING] [pdc_tf_server.c:401] PDC_SERVER[6]: SCHED: executing edge 0 func=zfp_decompress dev=GPU
[13:54:19.199681] [WARNING] [pdc_tf_server.c:393] PDC_SERVER[4]: SCHED: setting CUDA device to 0 for edge 0 func=zfp_decompress
[13:54:19.199721] [WARNING] [pdc_tf_server.c:401] PDC_SERVER[4]: SCHED: executing edge 0 func=zfp_decompress dev=GPU
[13:54:19.200073] [WARNING] [pdc_tf_server.c:475] PDC_SERVER[7]: SCHED: done running transformations
[13:54:19.201716] [WARNING] [pdc_tf_server.c:393] PDC_SERVER[2]: SCHED: setting CUDA device to 0 for edge 0 func=zfp_decompress
[13:54:19.201755] [WARNING] [pdc_tf_server.c:401] PDC_SERVER[2]: SCHED: executing edge 0 func=zfp_decompress dev=GPU
[INFO] PDC_SERVER[0]: Executing graph with json filepath /pscratch/sd/n/nlewi26/src/work_space/source/pdc/tf_client/graphs/zfp_gpu.json
[13:54:19.202995] [WARNING] [pdc_tf_server.c:393] PDC_SERVER[0]: SCHED: setting CUDA device to 0 for edge 0 func=zfp_decompress
[13:54:19.203009] [WARNING] [pdc_tf_server.c:401] PDC_SERVER[0]: SCHED: executing edge 0 func=zfp_decompress dev=GPU
[13:54:19.203141] [WARNING] [pdc_tf_server.c:475] PDC_SERVER[6]: SCHED: done running transformations
[13:54:19.203808] [WARNING] [pdc_tf_server.c:393] PDC_SERVER[3]: SCHED: setting CUDA device to 0 for edge 0 func=zfp_decompress
[13:54:19.203829] [WARNING] [pdc_tf_server.c:401] PDC_SERVER[3]: SCHED: executing edge 0 func=zfp_decompress dev=GPU
[13:54:19.203853] [WARNING] [pdc_tf_server.c:393] PDC_SERVER[5]: SCHED: setting CUDA device to 0 for edge 0 func=zfp_decompress
[13:54:19.203867] [WARNING] [pdc_tf_server.c:401] PDC_SERVER[5]: SCHED: executing edge 0 func=zfp_decompress dev=GPU
[13:54:19.204315] [WARNING] [pdc_tf_server.c:393] PDC_SERVER[1]: SCHED: setting CUDA device to 0 for edge 0 func=zfp_decompress
[13:54:19.204331] [WARNING] [pdc_tf_server.c:401] PDC_SERVER[1]: SCHED: executing edge 0 func=zfp_decompress dev=GPU
[INFO] PDC_SERVER[7]: Fetching region for obj_id=8000000000
[INFO] PDC_SERVER[7]: Checking against Object 2000000000
[INFO] PDC_SERVER[7]: Checking against Object 3000000000
[INFO] PDC_SERVER[7]: Checking against Object 4000000000
[INFO] PDC_SERVER[7]: Checking against Object 3000000002
[INFO] PDC_SERVER[7]: Checking against Object 4000000002
[INFO] PDC_SERVER[7]: Checking against Object 5000000000
[INFO] PDC_SERVER[7]: Object 8000000000 NOT found in cache
[INFO] PDC_SERVER[7]: Fetching region from server for obj_id=8000000000
[INFO] PDC_SERVER[6]: Fetching region for obj_id=8000000000
[INFO] PDC_SERVER[6]: Checking against Object 2000000000
[INFO] PDC_SERVER[6]: Checking against Object 3000000000
[INFO] PDC_SERVER[6]: Checking against Object 4000000000
[INFO] PDC_SERVER[6]: Checking against Object 3000000002
[INFO] PDC_SERVER[6]: Checking against Object 4000000002
[INFO] PDC_SERVER[6]: Checking against Object 5000000000
[INFO] PDC_SERVER[6]: Object 8000000000 NOT found in cache
[INFO] PDC_SERVER[6]: Fetching region from server for obj_id=8000000000
[13:54:19.211202] [WARNING] [pdc_tf_server.c:475] PDC_SERVER[0]: SCHED: done running transformations
[13:54:19.212482] [WARNING] [pdc_tf_server.c:475] PDC_SERVER[1]: SCHED: done running transformations
[13:54:19.213122] [WARNING] [pdc_tf_server.c:475] PDC_SERVER[2]: SCHED: done running transformations
[13:54:19.215376] [WARNING] [pdc_tf_server.c:475] PDC_SERVER[3]: SCHED: done running transformations
[INFO] PDC_SERVER[0]: Fetching region for obj_id=8000000000
[INFO] PDC_SERVER[0]: Checking against Object 2000000000
[INFO] PDC_SERVER[0]: Checking against Object 3000000000
[INFO] PDC_SERVER[0]: Checking against Object 4000000000
[INFO] PDC_SERVER[0]: Checking against Object 3000000002
[INFO] PDC_SERVER[0]: Checking against Object 4000000002
[INFO] PDC_SERVER[0]: Checking against Object 5000000000
[INFO] PDC_SERVER[0]: Object 8000000000 NOT found in cache
[INFO] PDC_SERVER[0]: Fetching region from server for obj_id=8000000000
[INFO] PDC_SERVER[1]: Fetching region for obj_id=8000000000
[INFO] PDC_SERVER[1]: Checking against Object 2000000000
[INFO] PDC_SERVER[1]: Checking against Object 3000000000
[INFO] PDC_SERVER[1]: Checking against Object 4000000000
[INFO] PDC_SERVER[1]: Checking against Object 3000000002
[INFO] PDC_SERVER[1]: Checking against Object 4000000002
[INFO] PDC_SERVER[1]: Checking against Object 5000000000
[INFO] PDC_SERVER[1]: Object 8000000000 NOT found in cache
[INFO] PDC_SERVER[1]: Fetching region from server for obj_id=8000000000
[INFO] PDC_SERVER[2]: Fetching region for obj_id=8000000000
[INFO] PDC_SERVER[2]: Checking against Object 2000000000
[INFO] PDC_SERVER[2]: Checking against Object 3000000000
[INFO] PDC_SERVER[2]: Checking against Object 4000000000
[INFO] PDC_SERVER[2]: Checking against Object 3000000002
[INFO] PDC_SERVER[2]: Checking against Object 4000000002
[INFO] PDC_SERVER[2]: Checking against Object 5000000000
[INFO] PDC_SERVER[2]: Object 8000000000 NOT found in cache
[INFO] PDC_SERVER[2]: Fetching region from server for obj_id=8000000000
[INFO] PDC_SERVER[3]: Fetching region for obj_id=8000000000
[INFO] PDC_SERVER[3]: Checking against Object 2000000000
[INFO] PDC_SERVER[3]: Checking against Object 3000000000
[INFO] PDC_SERVER[3]: Checking against Object 4000000000
[INFO] PDC_SERVER[3]: Checking against Object 3000000002
[INFO] PDC_SERVER[3]: Checking against Object 4000000002
[INFO] PDC_SERVER[3]: Checking against Object 5000000000
[INFO] PDC_SERVER[3]: Object 8000000000 NOT found in cache
[INFO] PDC_SERVER[3]: Fetching region from server for obj_id=8000000000
[13:54:19.221602] [WARNING] [pdc_tf_server.c:393] PDC_SERVER[7]: SCHED: setting CUDA device to 0 for edge 0 func=zfp_decompress
[13:54:19.221618] [WARNING] [pdc_tf_server.c:401] PDC_SERVER[7]: SCHED: executing edge 0 func=zfp_decompress dev=GPU
[13:54:19.224840] [WARNING] [pdc_tf_server.c:393] PDC_SERVER[6]: SCHED: setting CUDA device to 0 for edge 0 func=zfp_decompress
[13:54:19.224856] [WARNING] [pdc_tf_server.c:401] PDC_SERVER[6]: SCHED: executing edge 0 func=zfp_decompress dev=GPU
[13:54:19.225201] [WARNING] [pdc_tf_server.c:475] PDC_SERVER[4]: SCHED: done running transformations
[13:54:19.225254] [WARNING] [pdc_tf_server.c:475] PDC_SERVER[5]: SCHED: done running transformations
[INFO] PDC_SERVER[4]: Fetching region for obj_id=8000000000
[INFO] PDC_SERVER[4]: Checking against Object 2000000000
[INFO] PDC_SERVER[4]: Checking against Object 3000000000
[INFO] PDC_SERVER[4]: Checking against Object 4000000000
[INFO] PDC_SERVER[4]: Checking against Object 3000000002
[INFO] PDC_SERVER[4]: Checking against Object 4000000002
[INFO] PDC_SERVER[4]: Checking against Object 5000000000
[INFO] PDC_SERVER[4]: Object 8000000000 NOT found in cache
[INFO] PDC_SERVER[4]: Fetching region from server for obj_id=8000000000
[INFO] PDC_SERVER[5]: Fetching region for obj_id=8000000000
[INFO] PDC_SERVER[5]: Checking against Object 2000000000
[INFO] PDC_SERVER[5]: Checking against Object 3000000000
[INFO] PDC_SERVER[5]: Checking against Object 4000000000
[INFO] PDC_SERVER[5]: Checking against Object 3000000002
[13:54:19.230020] [WARNING] [pdc_tf_server.c:475] PDC_SERVER[7]: SCHED: done running transformations
[INFO] PDC_SERVER[5]: Checking against Object 4000000002
[INFO] PDC_SERVER[5]: Checking against Object 5000000000
[INFO] PDC_SERVER[5]: Object 8000000000 NOT found in cache
[INFO] PDC_SERVER[5]: Fetching region from server for obj_id=8000000000
[INFO] PDC_SERVER[0]: Executing graph with json filepath /pscratch/sd/n/nlewi26/src/work_space/source/pdc/tf_client/graphs/zfp_gpu.json
[13:54:19.232619] [WARNING] [pdc_tf_server.c:393] PDC_SERVER[0]: SCHED: setting CUDA device to 0 for edge 0 func=zfp_decompress
[13:54:19.232629] [WARNING] [pdc_tf_server.c:401] PDC_SERVER[0]: SCHED: executing edge 0 func=zfp_decompress dev=GPU
[13:54:19.233325] [WARNING] [pdc_tf_server.c:475] PDC_SERVER[6]: SCHED: done running transformations
[13:54:19.233480] [WARNING] [pdc_tf_server.c:393] PDC_SERVER[1]: SCHED: setting CUDA device to 0 for edge 0 func=zfp_decompress
[13:54:19.233496] [WARNING] [pdc_tf_server.c:401] PDC_SERVER[1]: SCHED: executing edge 0 func=zfp_decompress dev=GPU
[13:54:19.233840] [WARNING] [pdc_tf_server.c:393] PDC_SERVER[2]: SCHED: setting CUDA device to 0 for edge 0 func=zfp_decompress
[13:54:19.233862] [WARNING] [pdc_tf_server.c:401] PDC_SERVER[2]: SCHED: executing edge 0 func=zfp_decompress dev=GPU
[INFO] PDC_SERVER[7]: Fetching region for obj_id=8000000000
[INFO] PDC_SERVER[7]: Checking against Object 2000000000
[INFO] PDC_SERVER[7]: Checking against Object 3000000000
[INFO] PDC_SERVER[7]: Checking against Object 4000000000
[INFO] PDC_SERVER[7]: Checking against Object 3000000002
[INFO] PDC_SERVER[7]: Checking against Object 4000000002
[INFO] PDC_SERVER[7]: Checking against Object 5000000000
[INFO] PDC_SERVER[7]: Object 8000000000 NOT found in cache
[INFO] PDC_SERVER[7]: Fetching region from server for obj_id=8000000000
[13:54:19.236014] [WARNING] [pdc_tf_server.c:393] PDC_SERVER[3]: SCHED: setting CUDA device to 0 for edge 0 func=zfp_decompress
[13:54:19.236036] [WARNING] [pdc_tf_server.c:401] PDC_SERVER[3]: SCHED: executing edge 0 func=zfp_decompress dev=GPU
[INFO] PDC_SERVER[6]: Fetching region for obj_id=8000000000
[INFO] PDC_SERVER[6]: Checking against Object 2000000000
[INFO] PDC_SERVER[6]: Checking against Object 3000000000
[INFO] PDC_SERVER[6]: Checking against Object 4000000000
[INFO] PDC_SERVER[6]: Checking against Object 3000000002
[INFO] PDC_SERVER[6]: Checking against Object 4000000002
[INFO] PDC_SERVER[6]: Checking against Object 5000000000
[INFO] PDC_SERVER[6]: Object 8000000000 NOT found in cache
[INFO] PDC_SERVER[6]: Fetching region from server for obj_id=8000000000
[13:54:19.245519] [WARNING] [pdc_tf_server.c:393] PDC_SERVER[4]: SCHED: setting CUDA device to 0 for edge 0 func=zfp_decompress
[13:54:19.245533] [WARNING] [pdc_tf_server.c:401] PDC_SERVER[4]: SCHED: executing edge 0 func=zfp_decompress dev=GPU
[13:54:19.245623] [WARNING] [pdc_tf_server.c:393] PDC_SERVER[5]: SCHED: setting CUDA device to 0 for edge 0 func=zfp_decompress
[13:54:19.245638] [WARNING] [pdc_tf_server.c:401] PDC_SERVER[5]: SCHED: executing edge 0 func=zfp_decompress dev=GPU
[13:54:19.249505] [WARNING] [pdc_tf_server.c:475] PDC_SERVER[0]: SCHED: done running transformations
[13:54:19.249645] [WARNING] [pdc_tf_server.c:475] PDC_SERVER[1]: SCHED: done running transformations
[13:54:19.251078] [WARNING] [pdc_tf_server.c:393] PDC_SERVER[7]: SCHED: setting CUDA device to 0 for edge 0 func=zfp_decompress
[13:54:19.251115] [WARNING] [pdc_tf_server.c:401] PDC_SERVER[7]: SCHED: executing edge 0 func=zfp_decompress dev=GPU
[13:54:19.252059] [WARNING] [pdc_tf_server.c:475] PDC_SERVER[3]: SCHED: done running transformations
[13:54:19.253721] [WARNING] [pdc_tf_server.c:475] PDC_SERVER[2]: SCHED: done running transformations
[13:54:19.253878] [WARNING] [pdc_tf_server.c:393] PDC_SERVER[6]: SCHED: setting CUDA device to 0 for edge 0 func=zfp_decompress
[13:54:19.253892] [WARNING] [pdc_tf_server.c:401] PDC_SERVER[6]: SCHED: executing edge 0 func=zfp_decompress dev=GPU
[INFO] PDC_SERVER[1]: Fetching region for obj_id=8000000000
[INFO] PDC_SERVER[1]: Checking against Object 2000000000
[INFO] PDC_SERVER[1]: Checking against Object 3000000000
[INFO] PDC_SERVER[0]: Fetching region for obj_id=8000000000
[INFO] PDC_SERVER[0]: Checking against Object 2000000000
[INFO] PDC_SERVER[0]: Checking against Object 3000000000
[INFO] PDC_SERVER[0]: Checking against Object 4000000000
[INFO] PDC_SERVER[1]: Checking against Object 4000000000
[INFO] PDC_SERVER[1]: Checking against Object 3000000002
[INFO] PDC_SERVER[1]: Checking against Object 4000000002
[INFO] PDC_SERVER[1]: Checking against Object 5000000000
[INFO] PDC_SERVER[1]: Object 8000000000 NOT found in cache
[INFO] PDC_SERVER[1]: Fetching region from server for obj_id=8000000000
[INFO] PDC_SERVER[0]: Checking against Object 3000000002
[INFO] PDC_SERVER[0]: Checking against Object 4000000002
[INFO] PDC_SERVER[0]: Checking against Object 5000000000
[INFO] PDC_SERVER[0]: Object 8000000000 NOT found in cache
[INFO] PDC_SERVER[0]: Fetching region from server for obj_id=8000000000
[13:54:19.255856] [WARNING] [pdc_tf_server.c:475] PDC_SERVER[4]: SCHED: done running transformations
[13:54:19.256118] [WARNING] [pdc_tf_server.c:475] PDC_SERVER[5]: SCHED: done running transformations
[INFO] PDC_SERVER[3]: Fetching region for obj_id=8000000000
[INFO] PDC_SERVER[3]: Checking against Object 2000000000
[INFO] PDC_SERVER[3]: Checking against Object 3000000000
[INFO] PDC_SERVER[3]: Checking against Object 4000000000
[INFO] PDC_SERVER[3]: Checking against Object 3000000002
[INFO] PDC_SERVER[3]: Checking against Object 4000000002
[INFO] PDC_SERVER[3]: Checking against Object 5000000000
[INFO] PDC_SERVER[3]: Object 8000000000 NOT found in cache
[INFO] PDC_SERVER[3]: Fetching region from server for obj_id=8000000000
[INFO] PDC_SERVER[2]: Fetching region for obj_id=8000000000
[INFO] PDC_SERVER[2]: Checking against Object 2000000000
[INFO] PDC_SERVER[2]: Checking against Object 3000000000
[INFO] PDC_SERVER[2]: Checking against Object 4000000000
[INFO] PDC_SERVER[2]: Checking against Object 3000000002
[INFO] PDC_SERVER[2]: Checking against Object 4000000002
[INFO] PDC_SERVER[2]: Checking against Object 5000000000
[INFO] PDC_SERVER[2]: Object 8000000000 NOT found in cache
[INFO] PDC_SERVER[2]: Fetching region from server for obj_id=8000000000
[13:54:19.259575] [WARNING] [pdc_tf_server.c:475] PDC_SERVER[7]: SCHED: done running transformations
[INFO] PDC_SERVER[4]: Fetching region for obj_id=8000000000
[INFO] PDC_SERVER[4]: Checking against Object 2000000000
[INFO] PDC_SERVER[4]: Checking against Object 3000000000
[INFO] PDC_SERVER[4]: Checking against Object 4000000000
[INFO] PDC_SERVER[4]: Checking against Object 3000000002
[INFO] PDC_SERVER[4]: Checking against Object 4000000002
[INFO] PDC_SERVER[4]: Checking against Object 5000000000
[INFO] PDC_SERVER[4]: Object 8000000000 NOT found in cache
[INFO] PDC_SERVER[4]: Fetching region from server for obj_id=8000000000
[INFO] PDC_SERVER[5]: Fetching region for obj_id=8000000000
[INFO] PDC_SERVER[5]: Checking against Object 2000000000
[INFO] PDC_SERVER[5]: Checking against Object 3000000000
[INFO] PDC_SERVER[5]: Checking against Object 4000000000
[INFO] PDC_SERVER[5]: Checking against Object 3000000002
[INFO] PDC_SERVER[5]: Checking against Object 4000000002
[INFO] PDC_SERVER[5]: Checking against Object 5000000000
[INFO] PDC_SERVER[5]: Object 8000000000 NOT found in cache
[INFO] PDC_SERVER[5]: Fetching region from server for obj_id=8000000000
[13:54:19.262113] [WARNING] [pdc_tf_server.c:475] PDC_SERVER[6]: SCHED: done running transformations
[INFO] PDC_SERVER[7]: Fetching region for obj_id=8000000000
[INFO] PDC_SERVER[7]: Checking against Object 2000000000
[INFO] PDC_SERVER[7]: Checking against Object 3000000000
[INFO] PDC_SERVER[7]: Checking against Object 4000000000
[INFO] PDC_SERVER[7]: Checking against Object 3000000002
[INFO] PDC_SERVER[7]: Checking against Object 4000000002
[INFO] PDC_SERVER[7]: Checking against Object 5000000000
[INFO] PDC_SERVER[7]: Object 8000000000 NOT found in cache
[INFO] PDC_SERVER[7]: Fetching region from server for obj_id=8000000000
[INFO] PDC_SERVER[6]: Fetching region for obj_id=8000000000
[INFO] PDC_SERVER[6]: Checking against Object 2000000000
[INFO] PDC_SERVER[6]: Checking against Object 3000000000
[INFO] PDC_SERVER[6]: Checking against Object 4000000000
[INFO] PDC_SERVER[6]: Checking against Object 3000000002
[INFO] PDC_SERVER[6]: Checking against Object 4000000002
[INFO] PDC_SERVER[6]: Checking against Object 5000000000
[INFO] PDC_SERVER[6]: Object 8000000000 NOT found in cache
[INFO] PDC_SERVER[6]: Fetching region from server for obj_id=8000000000
[INFO] PDC_SERVER[0]: Executing graph with json filepath /pscratch/sd/n/nlewi26/src/work_space/source/pdc/tf_client/graphs/zfp_gpu.json
[13:54:19.270522] [WARNING] [pdc_tf_server.c:393] PDC_SERVER[0]: SCHED: setting CUDA device to 0 for edge 0 func=zfp_decompress
[13:54:19.270535] [WARNING] [pdc_tf_server.c:401] PDC_SERVER[0]: SCHED: executing edge 0 func=zfp_decompress dev=GPU
[13:54:19.271153] [WARNING] [pdc_tf_server.c:393] PDC_SERVER[1]: SCHED: setting CUDA device to 0 for edge 0 func=zfp_decompress
[13:54:19.271172] [WARNING] [pdc_tf_server.c:401] PDC_SERVER[1]: SCHED: executing edge 0 func=zfp_decompress dev=GPU
[13:54:19.272783] [WARNING] [pdc_tf_server.c:393] PDC_SERVER[3]: SCHED: setting CUDA device to 0 for edge 0 func=zfp_decompress
[13:54:19.272805] [WARNING] [pdc_tf_server.c:401] PDC_SERVER[3]: SCHED: executing edge 0 func=zfp_decompress dev=GPU
[13:54:19.274388] [WARNING] [pdc_tf_server.c:393] PDC_SERVER[2]: SCHED: setting CUDA device to 0 for edge 0 func=zfp_decompress
[13:54:19.274400] [WARNING] [pdc_tf_server.c:401] PDC_SERVER[2]: SCHED: executing edge 0 func=zfp_decompress dev=GPU
[13:54:19.276429] [WARNING] [pdc_tf_server.c:393] PDC_SERVER[4]: SCHED: setting CUDA device to 0 for edge 0 func=zfp_decompress
[13:54:19.276443] [WARNING] [pdc_tf_server.c:401] PDC_SERVER[4]: SCHED: executing edge 0 func=zfp_decompress dev=GPU
[13:54:19.276545] [WARNING] [pdc_tf_server.c:393] PDC_SERVER[5]: SCHED: setting CUDA device to 0 for edge 0 func=zfp_decompress
[13:54:19.276561] [WARNING] [pdc_tf_server.c:401] PDC_SERVER[5]: SCHED: executing edge 0 func=zfp_decompress dev=GPU
[13:54:19.280756] [WARNING] [pdc_tf_server.c:393] PDC_SERVER[7]: SCHED: setting CUDA device to 0 for edge 0 func=zfp_decompress
[13:54:19.280777] [WARNING] [pdc_tf_server.c:401] PDC_SERVER[7]: SCHED: executing edge 0 func=zfp_decompress dev=GPU
[13:54:19.282917] [WARNING] [pdc_tf_server.c:393] PDC_SERVER[6]: SCHED: setting CUDA device to 0 for edge 0 func=zfp_decompress
[13:54:19.282940] [WARNING] [pdc_tf_server.c:401] PDC_SERVER[6]: SCHED: executing edge 0 func=zfp_decompress dev=GPU
[13:54:19.285316] [WARNING] [pdc_tf_server.c:475] PDC_SERVER[1]: SCHED: done running transformations
[13:54:19.285284] [WARNING] [pdc_tf_server.c:475] PDC_SERVER[4]: SCHED: done running transformations
[13:54:19.285618] [WARNING] [pdc_tf_server.c:475] PDC_SERVER[5]: SCHED: done running transformations
[13:54:19.287999] [WARNING] [pdc_tf_server.c:475] PDC_SERVER[0]: SCHED: done running transformations
[13:54:19.289384] [WARNING] [pdc_tf_server.c:475] PDC_SERVER[7]: SCHED: done running transformations
[INFO] PDC_SERVER[1]: Fetching region for obj_id=8000000000
[INFO] PDC_SERVER[1]: Checking against Object 2000000000
[INFO] PDC_SERVER[1]: Checking against Object 3000000000
[INFO] PDC_SERVER[1]: Checking against Object 4000000000
[INFO] PDC_SERVER[1]: Checking against Object 3000000002
[INFO] PDC_SERVER[1]: Checking against Object 4000000002
[INFO] PDC_SERVER[1]: Checking against Object 5000000000
[INFO] PDC_SERVER[1]: Object 8000000000 NOT found in cache
[INFO] PDC_SERVER[1]: Fetching region from server for obj_id=8000000000
[INFO] PDC_SERVER[4]: Fetching region for obj_id=8000000000
[INFO] PDC_SERVER[4]: Checking against Object 2000000000
[INFO] PDC_SERVER[4]: Checking against Object 3000000000
[INFO] PDC_SERVER[4]: Checking against Object 4000000000
[INFO] PDC_SERVER[4]: Checking against Object 3000000002
[INFO] PDC_SERVER[4]: Checking against Object 4000000002
[INFO] PDC_SERVER[4]: Checking against Object 5000000000
[INFO] PDC_SERVER[4]: Object 8000000000 NOT found in cache
[INFO] PDC_SERVER[4]: Fetching region from server for obj_id=8000000000
[INFO] PDC_SERVER[5]: Fetching region for obj_id=8000000000
[INFO] PDC_SERVER[5]: Checking against Object 2000000000
[INFO] PDC_SERVER[5]: Checking against Object 3000000000
[INFO] PDC_SERVER[5]: Checking against Object 4000000000
[INFO] PDC_SERVER[5]: Checking against Object 3000000002
[INFO] PDC_SERVER[5]: Checking against Object 4000000002
[INFO] PDC_SERVER[5]: Checking against Object 5000000000
[INFO] PDC_SERVER[5]: Object 8000000000 NOT found in cache
[INFO] PDC_SERVER[5]: Fetching region from server for obj_id=8000000000
[13:54:19.291419] [WARNING] [pdc_tf_server.c:475] PDC_SERVER[6]: SCHED: done running transformations
[13:54:19.292789] [WARNING] [pdc_tf_server.c:475] PDC_SERVER[3]: SCHED: done running transformations
[INFO] PDC_SERVER[0]: Fetching region for obj_id=8000000000
[INFO] PDC_SERVER[0]: Checking against Object 2000000000
[INFO] PDC_SERVER[0]: Checking against Object 3000000000
[INFO] PDC_SERVER[0]: Checking against Object 4000000000
[INFO] PDC_SERVER[0]: Checking against Object 3000000002
[INFO] PDC_SERVER[0]: Checking against Object 4000000002
[INFO] PDC_SERVER[0]: Checking against Object 5000000000
[INFO] PDC_SERVER[0]: Object 8000000000 NOT found in cache
[INFO] PDC_SERVER[0]: Fetching region from server for obj_id=8000000000
[13:54:19.293430] [WARNING] [pdc_tf_server.c:475] PDC_SERVER[2]: SCHED: done running transformations
[INFO] PDC_SERVER[7]: Fetching region for obj_id=8000000000
[INFO] PDC_SERVER[7]: Checking against Object 2000000000
[INFO] PDC_SERVER[7]: Checking against Object 3000000000
[INFO] PDC_SERVER[7]: Checking against Object 4000000000
[INFO] PDC_SERVER[7]: Checking against Object 3000000002
[INFO] PDC_SERVER[7]: Checking against Object 4000000002
[INFO] PDC_SERVER[7]: Checking against Object 5000000000
[INFO] PDC_SERVER[7]: Object 8000000000 NOT found in cache
[INFO] PDC_SERVER[7]: Fetching region from server for obj_id=8000000000
[INFO] PDC_SERVER[6]: Fetching region for obj_id=8000000000
[INFO] PDC_SERVER[6]: Checking against Object 2000000000
[INFO] PDC_SERVER[6]: Checking against Object 3000000000
[INFO] PDC_SERVER[6]: Checking against Object 4000000000
[INFO] PDC_SERVER[6]: Checking against Object 3000000002
[INFO] PDC_SERVER[6]: Checking against Object 4000000002
[INFO] PDC_SERVER[6]: Checking against Object 5000000000
[INFO] PDC_SERVER[6]: Object 8000000000 NOT found in cache
[INFO] PDC_SERVER[6]: Fetching region from server for obj_id=8000000000
[INFO] PDC_SERVER[3]: Fetching region for obj_id=8000000000
[INFO] PDC_SERVER[3]: Checking against Object 2000000000
[INFO] PDC_SERVER[3]: Checking against Object 3000000000
[INFO] PDC_SERVER[3]: Checking against Object 4000000000
[INFO] PDC_SERVER[3]: Checking against Object 3000000002
[INFO] PDC_SERVER[3]: Checking against Object 4000000002
[INFO] PDC_SERVER[3]: Checking against Object 5000000000
[INFO] PDC_SERVER[3]: Object 8000000000 NOT found in cache
[INFO] PDC_SERVER[3]: Fetching region from server for obj_id=8000000000
[INFO] PDC_SERVER[2]: Fetching region for obj_id=8000000000
[INFO] PDC_SERVER[2]: Checking against Object 2000000000
[INFO] PDC_SERVER[2]: Checking against Object 3000000000
[INFO] PDC_SERVER[2]: Checking against Object 4000000000
[INFO] PDC_SERVER[2]: Checking against Object 3000000002
[INFO] PDC_SERVER[2]: Checking against Object 4000000002
[INFO] PDC_SERVER[2]: Checking against Object 5000000000
[INFO] PDC_SERVER[2]: Object 8000000000 NOT found in cache
[INFO] PDC_SERVER[2]: Fetching region from server for obj_id=8000000000
[13:54:19.305792] [WARNING] [pdc_tf_server.c:393] PDC_SERVER[4]: SCHED: setting CUDA device to 0 for edge 0 func=zfp_decompress
[13:54:19.305813] [WARNING] [pdc_tf_server.c:401] PDC_SERVER[4]: SCHED: executing edge 0 func=zfp_decompress dev=GPU
[13:54:19.305869] [WARNING] [pdc_tf_server.c:393] PDC_SERVER[5]: SCHED: setting CUDA device to 0 for edge 0 func=zfp_decompress
[13:54:19.305880] [WARNING] [pdc_tf_server.c:401] PDC_SERVER[5]: SCHED: executing edge 0 func=zfp_decompress dev=GPU
[13:54:19.305949] [WARNING] [pdc_tf_server.c:393] PDC_SERVER[1]: SCHED: setting CUDA device to 0 for edge 0 func=zfp_decompress
[13:54:19.305963] [WARNING] [pdc_tf_server.c:401] PDC_SERVER[1]: SCHED: executing edge 0 func=zfp_decompress dev=GPU
[13:54:19.310380] [WARNING] [pdc_tf_server.c:393] PDC_SERVER[7]: SCHED: setting CUDA device to 0 for edge 0 func=zfp_decompress
[13:54:19.310397] [WARNING] [pdc_tf_server.c:401] PDC_SERVER[7]: SCHED: executing edge 0 func=zfp_decompress dev=GPU
[INFO] PDC_SERVER[0]: Executing graph with json filepath /pscratch/sd/n/nlewi26/src/work_space/source/pdc/tf_client/graphs/zfp_gpu.json
[13:54:19.310511] [WARNING] [pdc_tf_server.c:393] PDC_SERVER[0]: SCHED: setting CUDA device to 0 for edge 0 func=zfp_decompress
[13:54:19.310521] [WARNING] [pdc_tf_server.c:401] PDC_SERVER[0]: SCHED: executing edge 0 func=zfp_decompress dev=GPU
[13:54:19.312059] [WARNING] [pdc_tf_server.c:393] PDC_SERVER[6]: SCHED: setting CUDA device to 0 for edge 0 func=zfp_decompress
[13:54:19.312075] [WARNING] [pdc_tf_server.c:401] PDC_SERVER[6]: SCHED: executing edge 0 func=zfp_decompress dev=GPU
[13:54:19.313083] [WARNING] [pdc_tf_server.c:393] PDC_SERVER[3]: SCHED: setting CUDA device to 0 for edge 0 func=zfp_decompress
[13:54:19.313096] [WARNING] [pdc_tf_server.c:401] PDC_SERVER[3]: SCHED: executing edge 0 func=zfp_decompress dev=GPU
[13:54:19.313694] [WARNING] [pdc_tf_server.c:475] PDC_SERVER[1]: SCHED: done running transformations
[13:54:19.314085] [WARNING] [pdc_tf_server.c:393] PDC_SERVER[2]: SCHED: setting CUDA device to 0 for edge 0 func=zfp_decompress
[13:54:19.314105] [WARNING] [pdc_tf_server.c:401] PDC_SERVER[2]: SCHED: executing edge 0 func=zfp_decompress dev=GPU
[13:54:19.314472] [WARNING] [pdc_tf_server.c:475] PDC_SERVER[5]: SCHED: done running transformations
[13:54:19.315112] [WARNING] [pdc_tf_server.c:475] PDC_SERVER[4]: SCHED: done running transformations
[INFO] PDC_SERVER[1]: Fetching region for obj_id=8000000000
[INFO] PDC_SERVER[1]: Checking against Object 2000000000
[INFO] PDC_SERVER[1]: Checking against Object 3000000000
[INFO] PDC_SERVER[1]: Checking against Object 4000000000
[INFO] PDC_SERVER[1]: Checking against Object 3000000002
[INFO] PDC_SERVER[1]: Checking against Object 4000000002
[INFO] PDC_SERVER[1]: Checking against Object 5000000000
[INFO] PDC_SERVER[1]: Object 8000000000 NOT found in cache
[INFO] PDC_SERVER[1]: Fetching region from server for obj_id=8000000000
[13:54:19.318582] [WARNING] [pdc_tf_server.c:475] PDC_SERVER[0]: SCHED: done running transformations
[13:54:19.318980] [WARNING] [pdc_tf_server.c:475] PDC_SERVER[7]: SCHED: done running transformations
[INFO] PDC_SERVER[5]: Fetching region for obj_id=8000000000
[INFO] PDC_SERVER[5]: Checking against Object 2000000000
[INFO] PDC_SERVER[5]: Checking against Object 3000000000
[INFO] PDC_SERVER[5]: Checking against Object 4000000000
[INFO] PDC_SERVER[5]: Checking against Object 3000000002
[INFO] PDC_SERVER[5]: Checking against Object 4000000002
[INFO] PDC_SERVER[5]: Checking against Object 5000000000
[INFO] PDC_SERVER[5]: Object 8000000000 NOT found in cache
[INFO] PDC_SERVER[5]: Fetching region from server for obj_id=8000000000
[INFO] PDC_SERVER[4]: Fetching region for obj_id=8000000000
[INFO] PDC_SERVER[4]: Checking against Object 2000000000
[INFO] PDC_SERVER[4]: Checking against Object 3000000000
[INFO] PDC_SERVER[4]: Checking against Object 4000000000
[INFO] PDC_SERVER[4]: Checking against Object 3000000002
[INFO] PDC_SERVER[4]: Checking against Object 4000000002
[INFO] PDC_SERVER[4]: Checking against Object 5000000000
[INFO] PDC_SERVER[4]: Object 8000000000 NOT found in cache
[INFO] PDC_SERVER[4]: Fetching region from server for obj_id=8000000000
[13:54:19.320442] [WARNING] [pdc_tf_server.c:475] PDC_SERVER[6]: SCHED: done running transformations
[INFO] PDC_SERVER[0]: Fetching region for obj_id=8000000000
[INFO] PDC_SERVER[0]: Checking against Object 2000000000
[INFO] PDC_SERVER[0]: Checking against Object 3000000000
[INFO] PDC_SERVER[0]: Checking against Object 4000000000
[INFO] PDC_SERVER[0]: Checking against Object 3000000002
[INFO] PDC_SERVER[0]: Checking against Object 4000000002
[INFO] PDC_SERVER[0]: Checking against Object 5000000000
[INFO] PDC_SERVER[0]: Object 8000000000 NOT found in cache
[INFO] PDC_SERVER[0]: Fetching region from server for obj_id=8000000000
[INFO] PDC_SERVER[7]: Fetching region for obj_id=8000000000
[INFO] PDC_SERVER[7]: Checking against Object 2000000000
[INFO] PDC_SERVER[7]: Checking against Object 3000000000
[INFO] PDC_SERVER[7]: Checking against Object 4000000000
[INFO] PDC_SERVER[7]: Checking against Object 3000000002
[INFO] PDC_SERVER[7]: Checking against Object 4000000002
[INFO] PDC_SERVER[7]: Checking against Object 5000000000
[INFO] PDC_SERVER[7]: Object 8000000000 NOT found in cache
[INFO] PDC_SERVER[7]: Fetching region from server for obj_id=8000000000
[INFO] PDC_SERVER[6]: Fetching region for obj_id=8000000000
[INFO] PDC_SERVER[6]: Checking against Object 2000000000
[INFO] PDC_SERVER[6]: Checking against Object 3000000000
[INFO] PDC_SERVER[6]: Checking against Object 4000000000
[INFO] PDC_SERVER[6]: Checking against Object 3000000002
[INFO] PDC_SERVER[6]: Checking against Object 4000000002
[INFO] PDC_SERVER[6]: Checking against Object 5000000000
[INFO] PDC_SERVER[6]: Object 8000000000 NOT found in cache
[INFO] PDC_SERVER[6]: Fetching region from server for obj_id=8000000000
[13:54:19.327973] [WARNING] [pdc_tf_server.c:475] PDC_SERVER[3]: SCHED: done running transformations
[13:54:19.328153] [WARNING] [pdc_tf_server.c:475] PDC_SERVER[2]: SCHED: done running transformations
[INFO] PDC_SERVER[3]: Fetching region for obj_id=8000000000
[INFO] PDC_SERVER[3]: Checking against Object 2000000000
[INFO] PDC_SERVER[3]: Checking against Object 3000000000
[INFO] PDC_SERVER[3]: Checking against Object 4000000000
[INFO] PDC_SERVER[3]: Checking against Object 3000000002
[INFO] PDC_SERVER[3]: Checking against Object 4000000002
[INFO] PDC_SERVER[3]: Checking against Object 5000000000
[INFO] PDC_SERVER[3]: Object 8000000000 NOT found in cache
[INFO] PDC_SERVER[3]: Fetching region from server for obj_id=8000000000
[INFO] PDC_SERVER[2]: Fetching region for obj_id=8000000000
[INFO] PDC_SERVER[2]: Checking against Object 2000000000
[INFO] PDC_SERVER[2]: Checking against Object 3000000000
[INFO] PDC_SERVER[2]: Checking against Object 4000000000
[INFO] PDC_SERVER[2]: Checking against Object 3000000002
[INFO] PDC_SERVER[2]: Checking against Object 4000000002
[INFO] PDC_SERVER[2]: Checking against Object 5000000000
[INFO] PDC_SERVER[2]: Object 8000000000 NOT found in cache
[INFO] PDC_SERVER[2]: Fetching region from server for obj_id=8000000000
[13:54:19.335210] [WARNING] [pdc_tf_server.c:393] PDC_SERVER[5]: SCHED: setting CUDA device to 0 for edge 0 func=zfp_decompress
[13:54:19.335222] [WARNING] [pdc_tf_server.c:401] PDC_SERVER[5]: SCHED: executing edge 0 func=zfp_decompress dev=GPU
[13:54:19.335502] [WARNING] [pdc_tf_server.c:393] PDC_SERVER[4]: SCHED: setting CUDA device to 0 for edge 0 func=zfp_decompress
[13:54:19.335520] [WARNING] [pdc_tf_server.c:401] PDC_SERVER[4]: SCHED: executing edge 0 func=zfp_decompress dev=GPU
[13:54:19.338645] [WARNING] [pdc_tf_server.c:393] PDC_SERVER[1]: SCHED: setting CUDA device to 0 for edge 0 func=zfp_decompress
[13:54:19.338657] [WARNING] [pdc_tf_server.c:401] PDC_SERVER[1]: SCHED: executing edge 0 func=zfp_decompress dev=GPU
[13:54:19.341151] [WARNING] [pdc_tf_server.c:393] PDC_SERVER[7]: SCHED: setting CUDA device to 0 for edge 0 func=zfp_decompress
[13:54:19.341174] [WARNING] [pdc_tf_server.c:401] PDC_SERVER[7]: SCHED: executing edge 0 func=zfp_decompress dev=GPU
[13:54:19.341477] [WARNING] [pdc_tf_server.c:393] PDC_SERVER[6]: SCHED: setting CUDA device to 0 for edge 0 func=zfp_decompress
[13:54:19.341490] [WARNING] [pdc_tf_server.c:401] PDC_SERVER[6]: SCHED: executing edge 0 func=zfp_decompress dev=GPU
[13:54:19.345280] [WARNING] [pdc_tf_server.c:475] PDC_SERVER[4]: SCHED: done running transformations
[13:54:19.345595] [WARNING] [pdc_tf_server.c:475] PDC_SERVER[5]: SCHED: done running transformations
[13:54:19.346272] [WARNING] [pdc_tf_server.c:475] PDC_SERVER[1]: SCHED: done running transformations
[INFO] PDC_SERVER[0]: Executing graph with json filepath /pscratch/sd/n/nlewi26/src/work_space/source/pdc/tf_client/graphs/zfp_gpu.json
[13:54:19.346415] [WARNING] [pdc_tf_server.c:393] PDC_SERVER[0]: SCHED: setting CUDA device to 0 for edge 0 func=zfp_decompress
[13:54:19.346430] [WARNING] [pdc_tf_server.c:401] PDC_SERVER[0]: SCHED: executing edge 0 func=zfp_decompress dev=GPU
[13:54:19.348833] [WARNING] [pdc_tf_server.c:393] PDC_SERVER[3]: SCHED: setting CUDA device to 0 for edge 0 func=zfp_decompress
[13:54:19.348848] [WARNING] [pdc_tf_server.c:401] PDC_SERVER[3]: SCHED: executing edge 0 func=zfp_decompress dev=GPU
[13:54:19.349153] [WARNING] [pdc_tf_server.c:393] PDC_SERVER[2]: SCHED: setting CUDA device to 0 for edge 0 func=zfp_decompress
[13:54:19.349167] [WARNING] [pdc_tf_server.c:401] PDC_SERVER[2]: SCHED: executing edge 0 func=zfp_decompress dev=GPU
[INFO] PDC_SERVER[4]: Fetching region for obj_id=8000000000
[INFO] PDC_SERVER[4]: Checking against Object 2000000000
[INFO] PDC_SERVER[4]: Checking against Object 3000000000
[INFO] PDC_SERVER[4]: Checking against Object 4000000000
[INFO] PDC_SERVER[4]: Checking against Object 3000000002
[INFO] PDC_SERVER[4]: Checking against Object 4000000002
[INFO] PDC_SERVER[4]: Checking against Object 5000000000
[INFO] PDC_SERVER[4]: Object 8000000000 NOT found in cache
[INFO] PDC_SERVER[4]: Fetching region from server for obj_id=8000000000
[13:54:19.350324] [WARNING] [pdc_tf_server.c:475] PDC_SERVER[7]: SCHED: done running transformations
[INFO] PDC_SERVER[5]: Fetching region for obj_id=8000000000
[INFO] PDC_SERVER[5]: Checking against Object 2000000000
[INFO] PDC_SERVER[5]: Checking against Object 3000000000
[INFO] PDC_SERVER[5]: Checking against Object 4000000000
[13:54:19.350600] [WARNING] [pdc_tf_server.c:475] PDC_SERVER[6]: SCHED: done running transformations
[INFO] PDC_SERVER[5]: Checking against Object 3000000002
[INFO] PDC_SERVER[5]: Checking against Object 4000000002
[INFO] PDC_SERVER[5]: Checking against Object 5000000000
[INFO] PDC_SERVER[5]: Object 8000000000 NOT found in cache
[INFO] PDC_SERVER[5]: Fetching region from server for obj_id=8000000000
[INFO] PDC_SERVER[1]: Fetching region for obj_id=8000000000
[INFO] PDC_SERVER[1]: Checking against Object 2000000000
[INFO] PDC_SERVER[1]: Checking against Object 3000000000
[INFO] PDC_SERVER[1]: Checking against Object 4000000000
[INFO] PDC_SERVER[1]: Checking against Object 3000000002
[INFO] PDC_SERVER[1]: Checking against Object 4000000002
[INFO] PDC_SERVER[1]: Checking against Object 5000000000
[INFO] PDC_SERVER[1]: Object 8000000000 NOT found in cache
[INFO] PDC_SERVER[1]: Fetching region from server for obj_id=8000000000
[INFO] PDC_SERVER[7]: Fetching region for obj_id=8000000000
[INFO] PDC_SERVER[7]: Checking against Object 2000000000
[INFO] PDC_SERVER[7]: Checking against Object 3000000000
[INFO] PDC_SERVER[7]: Checking against Object 4000000000
[INFO] PDC_SERVER[7]: Checking against Object 3000000002
[INFO] PDC_SERVER[7]: Checking against Object 4000000002
[INFO] PDC_SERVER[7]: Checking against Object 5000000000
[INFO] PDC_SERVER[7]: Object 8000000000 NOT found in cache
[INFO] PDC_SERVER[7]: Fetching region from server for obj_id=8000000000
[INFO] PDC_SERVER[6]: Fetching region for obj_id=8000000000
[INFO] PDC_SERVER[6]: Checking against Object 2000000000
[INFO] PDC_SERVER[6]: Checking against Object 3000000000
[INFO] PDC_SERVER[6]: Checking against Object 4000000000
[INFO] PDC_SERVER[6]: Checking against Object 3000000002
[INFO] PDC_SERVER[6]: Checking against Object 4000000002
[INFO] PDC_SERVER[6]: Checking against Object 5000000000
[INFO] PDC_SERVER[6]: Object 8000000000 NOT found in cache
[INFO] PDC_SERVER[6]: Fetching region from server for obj_id=8000000000
[13:54:19.355470] [WARNING] [pdc_tf_server.c:475] PDC_SERVER[0]: SCHED: done running transformations
[13:54:19.356918] [WARNING] [pdc_tf_server.c:475] PDC_SERVER[3]: SCHED: done running transformations
[13:54:19.358029] [WARNING] [pdc_tf_server.c:475] PDC_SERVER[2]: SCHED: done running transformations
[INFO] PDC_SERVER[0]: Fetching region for obj_id=8000000000
[INFO] PDC_SERVER[0]: Checking against Object 2000000000
[INFO] PDC_SERVER[0]: Checking against Object 3000000000
[INFO] PDC_SERVER[0]: Checking against Object 4000000000
[INFO] PDC_SERVER[0]: Checking against Object 3000000002
[INFO] PDC_SERVER[0]: Checking against Object 4000000002
[INFO] PDC_SERVER[0]: Checking against Object 5000000000
[INFO] PDC_SERVER[0]: Object 8000000000 NOT found in cache
[INFO] PDC_SERVER[0]: Fetching region from server for obj_id=8000000000
[INFO] PDC_SERVER[3]: Fetching region for obj_id=8000000000
[INFO] PDC_SERVER[3]: Checking against Object 2000000000
[INFO] PDC_SERVER[3]: Checking against Object 3000000000
[INFO] PDC_SERVER[3]: Checking against Object 4000000000
[INFO] PDC_SERVER[3]: Checking against Object 3000000002
[INFO] PDC_SERVER[3]: Checking against Object 4000000002
[INFO] PDC_SERVER[3]: Checking against Object 5000000000
[INFO] PDC_SERVER[3]: Object 8000000000 NOT found in cache
[INFO] PDC_SERVER[3]: Fetching region from server for obj_id=8000000000
[INFO] PDC_SERVER[2]: Fetching region for obj_id=8000000000
[INFO] PDC_SERVER[2]: Checking against Object 2000000000
[INFO] PDC_SERVER[2]: Checking against Object 3000000000
[INFO] PDC_SERVER[2]: Checking against Object 4000000000
[INFO] PDC_SERVER[2]: Checking against Object 3000000002
[INFO] PDC_SERVER[2]: Checking against Object 4000000002
[INFO] PDC_SERVER[2]: Checking against Object 5000000000
[INFO] PDC_SERVER[2]: Object 8000000000 NOT found in cache
[INFO] PDC_SERVER[2]: Fetching region from server for obj_id=8000000000
[13:54:19.366335] [WARNING] [pdc_tf_server.c:393] PDC_SERVER[4]: SCHED: setting CUDA device to 0 for edge 0 func=zfp_decompress
[13:54:19.366349] [WARNING] [pdc_tf_server.c:401] PDC_SERVER[4]: SCHED: executing edge 0 func=zfp_decompress dev=GPU
[13:54:19.366367] [WARNING] [pdc_tf_server.c:393] PDC_SERVER[5]: SCHED: setting CUDA device to 0 for edge 0 func=zfp_decompress
[13:54:19.366380] [WARNING] [pdc_tf_server.c:401] PDC_SERVER[5]: SCHED: executing edge 0 func=zfp_decompress dev=GPU
[13:54:19.366816] [WARNING] [pdc_tf_server.c:393] PDC_SERVER[1]: SCHED: setting CUDA device to 0 for edge 0 func=zfp_decompress
[13:54:19.366837] [WARNING] [pdc_tf_server.c:401] PDC_SERVER[1]: SCHED: executing edge 0 func=zfp_decompress dev=GPU
[13:54:19.370826] [WARNING] [pdc_tf_server.c:393] PDC_SERVER[7]: SCHED: setting CUDA device to 0 for edge 0 func=zfp_decompress
[13:54:19.370842] [WARNING] [pdc_tf_server.c:401] PDC_SERVER[7]: SCHED: executing edge 0 func=zfp_decompress dev=GPU
[13:54:19.371739] [WARNING] [pdc_tf_server.c:393] PDC_SERVER[6]: SCHED: setting CUDA device to 0 for edge 0 func=zfp_decompress
[13:54:19.371762] [WARNING] [pdc_tf_server.c:401] PDC_SERVER[6]: SCHED: executing edge 0 func=zfp_decompress dev=GPU
[13:54:19.374643] [WARNING] [pdc_tf_server.c:475] PDC_SERVER[1]: SCHED: done running transformations
[13:54:19.375320] [WARNING] [pdc_tf_server.c:475] PDC_SERVER[4]: SCHED: done running transformations
[13:54:19.375425] [WARNING] [pdc_tf_server.c:475] PDC_SERVER[5]: SCHED: done running transformations
[13:54:19.377544] [WARNING] [pdc_tf_server.c:393] PDC_SERVER[3]: SCHED: setting CUDA device to 0 for edge 0 func=zfp_decompress
[13:54:19.377566] [WARNING] [pdc_tf_server.c:401] PDC_SERVER[3]: SCHED: executing edge 0 func=zfp_decompress dev=GPU
[13:54:19.378774] [WARNING] [pdc_tf_server.c:393] PDC_SERVER[2]: SCHED: setting CUDA device to 0 for edge 0 func=zfp_decompress
[13:54:19.378786] [WARNING] [pdc_tf_server.c:401] PDC_SERVER[2]: SCHED: executing edge 0 func=zfp_decompress dev=GPU
[INFO] PDC_SERVER[1]: Fetching region for obj_id=8000000000
[INFO] PDC_SERVER[1]: Checking against Object 2000000000
[INFO] PDC_SERVER[1]: Checking against Object 3000000000
[INFO] PDC_SERVER[1]: Checking against Object 4000000000
[INFO] PDC_SERVER[1]: Checking against Object 3000000002
[INFO] PDC_SERVER[1]: Checking against Object 4000000002
[INFO] PDC_SERVER[1]: Checking against Object 5000000000
[INFO] PDC_SERVER[1]: Object 8000000000 NOT found in cache
[INFO] PDC_SERVER[1]: Fetching region from server for obj_id=8000000000
[13:54:19.379704] [WARNING] [pdc_tf_server.c:475] PDC_SERVER[7]: SCHED: done running transformations
[INFO] PDC_SERVER[4]: Fetching region for obj_id=8000000000
[INFO] PDC_SERVER[4]: Checking against Object 2000000000
[INFO] PDC_SERVER[4]: Checking against Object 3000000000
[INFO] PDC_SERVER[4]: Checking against Object 4000000000
[INFO] PDC_SERVER[4]: Checking against Object 3000000002
[INFO] PDC_SERVER[4]: Checking against Object 4000000002
[INFO] PDC_SERVER[4]: Checking against Object 5000000000
[INFO] PDC_SERVER[4]: Object 8000000000 NOT found in cache
[INFO] PDC_SERVER[4]: Fetching region from server for obj_id=8000000000
[13:54:19.380349] [WARNING] [pdc_tf_server.c:475] PDC_SERVER[6]: SCHED: done running transformations
[INFO] PDC_SERVER[5]: Fetching region for obj_id=8000000000
[INFO] PDC_SERVER[5]: Checking against Object 2000000000
[INFO] PDC_SERVER[5]: Checking against Object 3000000000
[INFO] PDC_SERVER[5]: Checking against Object 4000000000
[INFO] PDC_SERVER[5]: Checking against Object 3000000002
[INFO] PDC_SERVER[5]: Checking against Object 4000000002
[INFO] PDC_SERVER[5]: Checking against Object 5000000000
[INFO] PDC_SERVER[5]: Object 8000000000 NOT found in cache
[INFO] PDC_SERVER[5]: Fetching region from server for obj_id=8000000000
[INFO] PDC_SERVER[0]: Executing graph with json filepath /pscratch/sd/n/nlewi26/src/work_space/source/pdc/tf_client/graphs/zfp_gpu.json
[13:54:19.381550] [WARNING] [pdc_tf_server.c:393] PDC_SERVER[0]: SCHED: setting CUDA device to 0 for edge 0 func=zfp_decompress
[13:54:19.381562] [WARNING] [pdc_tf_server.c:401] PDC_SERVER[0]: SCHED: executing edge 0 func=zfp_decompress dev=GPU
[INFO] PDC_SERVER[7]: Fetching region for obj_id=8000000000
[INFO] PDC_SERVER[7]: Checking against Object 2000000000
[INFO] PDC_SERVER[7]: Checking against Object 3000000000
[INFO] PDC_SERVER[7]: Checking against Object 4000000000
[INFO] PDC_SERVER[7]: Checking against Object 3000000002
[INFO] PDC_SERVER[7]: Checking against Object 4000000002
[INFO] PDC_SERVER[7]: Checking against Object 5000000000
[INFO] PDC_SERVER[7]: Object 8000000000 NOT found in cache
[INFO] PDC_SERVER[7]: Fetching region from server for obj_id=8000000000
[INFO] PDC_SERVER[6]: Fetching region for obj_id=8000000000
[INFO] PDC_SERVER[6]: Checking against Object 2000000000
[INFO] PDC_SERVER[6]: Checking against Object 3000000000
[INFO] PDC_SERVER[6]: Checking against Object 4000000000
[INFO] PDC_SERVER[6]: Checking against Object 3000000002
[INFO] PDC_SERVER[6]: Checking against Object 4000000002
[INFO] PDC_SERVER[6]: Checking against Object 5000000000
[INFO] PDC_SERVER[6]: Object 8000000000 NOT found in cache
[INFO] PDC_SERVER[6]: Fetching region from server for obj_id=8000000000
[13:54:19.385685] [WARNING] [pdc_tf_server.c:475] PDC_SERVER[3]: SCHED: done running transformations
[13:54:19.387140] [WARNING] [pdc_tf_server.c:475] PDC_SERVER[2]: SCHED: done running transformations
[13:54:19.389530] [WARNING] [pdc_tf_server.c:475] PDC_SERVER[0]: SCHED: done running transformations
[INFO] PDC_SERVER[3]: Fetching region for obj_id=8000000000
[INFO] PDC_SERVER[3]: Checking against Object 2000000000
[INFO] PDC_SERVER[3]: Checking against Object 3000000000
[INFO] PDC_SERVER[3]: Checking against Object 4000000000
[INFO] PDC_SERVER[3]: Checking against Object 3000000002
[INFO] PDC_SERVER[3]: Checking against Object 4000000002
[INFO] PDC_SERVER[3]: Checking against Object 5000000000
[INFO] PDC_SERVER[3]: Object 8000000000 NOT found in cache
[INFO] PDC_SERVER[3]: Fetching region from server for obj_id=8000000000
[INFO] PDC_SERVER[2]: Fetching region for obj_id=8000000000
[INFO] PDC_SERVER[2]: Checking against Object 2000000000
[INFO] PDC_SERVER[2]: Checking against Object 3000000000
[INFO] PDC_SERVER[2]: Checking against Object 4000000000
[INFO] PDC_SERVER[2]: Checking against Object 3000000002
[INFO] PDC_SERVER[2]: Checking against Object 4000000002
[INFO] PDC_SERVER[2]: Checking against Object 5000000000
[INFO] PDC_SERVER[2]: Object 8000000000 NOT found in cache
[INFO] PDC_SERVER[2]: Fetching region from server for obj_id=8000000000
[INFO] PDC_SERVER[0]: Fetching region for obj_id=8000000000
[INFO] PDC_SERVER[0]: Checking against Object 2000000000
[INFO] PDC_SERVER[0]: Checking against Object 3000000000
[INFO] PDC_SERVER[0]: Checking against Object 4000000000
[INFO] PDC_SERVER[0]: Checking against Object 3000000002
[INFO] PDC_SERVER[0]: Checking against Object 4000000002
[INFO] PDC_SERVER[0]: Checking against Object 5000000000
[INFO] PDC_SERVER[0]: Object 8000000000 NOT found in cache
[INFO] PDC_SERVER[0]: Fetching region from server for obj_id=8000000000
[13:54:19.395043] [WARNING] [pdc_tf_server.c:393] PDC_SERVER[1]: SCHED: setting CUDA device to 0 for edge 0 func=zfp_decompress
[13:54:19.395066] [WARNING] [pdc_tf_server.c:401] PDC_SERVER[1]: SCHED: executing edge 0 func=zfp_decompress dev=GPU
[13:54:19.396118] [WARNING] [pdc_tf_server.c:393] PDC_SERVER[5]: SCHED: setting CUDA device to 0 for edge 0 func=zfp_decompress
[13:54:19.396135] [WARNING] [pdc_tf_server.c:401] PDC_SERVER[5]: SCHED: executing edge 0 func=zfp_decompress dev=GPU
[13:54:19.400171] [WARNING] [pdc_tf_server.c:393] PDC_SERVER[4]: SCHED: setting CUDA device to 0 for edge 0 func=zfp_decompress
[13:54:19.400184] [WARNING] [pdc_tf_server.c:401] PDC_SERVER[4]: SCHED: executing edge 0 func=zfp_decompress dev=GPU
[13:54:19.400679] [WARNING] [pdc_tf_server.c:393] PDC_SERVER[7]: SCHED: setting CUDA device to 0 for edge 0 func=zfp_decompress
[13:54:19.400696] [WARNING] [pdc_tf_server.c:401] PDC_SERVER[7]: SCHED: executing edge 0 func=zfp_decompress dev=GPU
[13:54:19.400902] [WARNING] [pdc_tf_server.c:393] PDC_SERVER[6]: SCHED: setting CUDA device to 0 for edge 0 func=zfp_decompress
[13:54:19.400918] [WARNING] [pdc_tf_server.c:401] PDC_SERVER[6]: SCHED: executing edge 0 func=zfp_decompress dev=GPU
[13:54:19.403059] [WARNING] [pdc_tf_server.c:475] PDC_SERVER[1]: SCHED: done running transformations
[13:54:19.404009] [WARNING] [pdc_tf_server.c:475] PDC_SERVER[5]: SCHED: done running transformations
[13:54:19.406770] [WARNING] [pdc_tf_server.c:393] PDC_SERVER[3]: SCHED: setting CUDA device to 0 for edge 0 func=zfp_decompress
[13:54:19.406784] [WARNING] [pdc_tf_server.c:401] PDC_SERVER[3]: SCHED: executing edge 0 func=zfp_decompress dev=GPU
[INFO] PDC_SERVER[1]: Fetching region for obj_id=8000000000
[INFO] PDC_SERVER[1]: Checking against Object 2000000000
[INFO] PDC_SERVER[1]: Checking against Object 3000000000
[INFO] PDC_SERVER[1]: Checking against Object 4000000000
[INFO] PDC_SERVER[1]: Checking against Object 3000000002
[INFO] PDC_SERVER[1]: Checking against Object 4000000002
[INFO] PDC_SERVER[1]: Checking against Object 5000000000
[INFO] PDC_SERVER[1]: Object 8000000000 NOT found in cache
[INFO] PDC_SERVER[1]: Fetching region from server for obj_id=8000000000
[13:54:19.408536] [WARNING] [pdc_tf_server.c:475] PDC_SERVER[4]: SCHED: done running transformations
[INFO] PDC_SERVER[5]: Fetching region for obj_id=8000000000
[INFO] PDC_SERVER[5]: Checking against Object 2000000000
[INFO] PDC_SERVER[5]: Checking against Object 3000000000
[INFO] PDC_SERVER[5]: Checking against Object 4000000000
[INFO] PDC_SERVER[5]: Checking against Object 3000000002
[INFO] PDC_SERVER[5]: Checking against Object 4000000002
[INFO] PDC_SERVER[5]: Checking against Object 5000000000
[INFO] PDC_SERVER[5]: Object 8000000000 NOT found in cache
[INFO] PDC_SERVER[5]: Fetching region from server for obj_id=8000000000
[INFO] PDC_SERVER[0]: Executing graph with json filepath /pscratch/sd/n/nlewi26/src/work_space/source/pdc/tf_client/graphs/zfp_gpu.json
[13:54:19.410867] [WARNING] [pdc_tf_server.c:393] PDC_SERVER[0]: SCHED: setting CUDA device to 0 for edge 0 func=zfp_decompress
[13:54:19.410918] [WARNING] [pdc_tf_server.c:401] PDC_SERVER[0]: SCHED: executing edge 0 func=zfp_decompress dev=GPU
[13:54:19.412215] [WARNING] [pdc_tf_server.c:393] PDC_SERVER[2]: SCHED: setting CUDA device to 0 for edge 0 func=zfp_decompress
[13:54:19.412235] [WARNING] [pdc_tf_server.c:401] PDC_SERVER[2]: SCHED: executing edge 0 func=zfp_decompress dev=GPU
[INFO] PDC_SERVER[4]: Fetching region for obj_id=8000000000
[INFO] PDC_SERVER[4]: Checking against Object 2000000000
[INFO] PDC_SERVER[4]: Checking against Object 3000000000
[INFO] PDC_SERVER[4]: Checking against Object 4000000000
[INFO] PDC_SERVER[4]: Checking against Object 3000000002
[INFO] PDC_SERVER[4]: Checking against Object 4000000002
[INFO] PDC_SERVER[4]: Checking against Object 5000000000
[INFO] PDC_SERVER[4]: Object 8000000000 NOT found in cache
[INFO] PDC_SERVER[4]: Fetching region from server for obj_id=8000000000
[13:54:19.413767] [WARNING] [pdc_tf_server.c:475] PDC_SERVER[7]: SCHED: done running transformations
[13:54:19.413853] [WARNING] [pdc_tf_server.c:475] PDC_SERVER[3]: SCHED: done running transformations
[13:54:19.414951] [WARNING] [pdc_tf_server.c:475] PDC_SERVER[6]: SCHED: done running transformations
[INFO] PDC_SERVER[3]: Fetching region for obj_id=8000000000
[INFO] PDC_SERVER[3]: Checking against Object 2000000000
[INFO] PDC_SERVER[3]: Checking against Object 3000000000
[INFO] PDC_SERVER[3]: Checking against Object 4000000000
[INFO] PDC_SERVER[3]: Checking against Object 3000000002
[INFO] PDC_SERVER[3]: Checking against Object 4000000002
[INFO] PDC_SERVER[3]: Checking against Object 5000000000
[INFO] PDC_SERVER[3]: Object 8000000000 NOT found in cache
[INFO] PDC_SERVER[3]: Fetching region from server for obj_id=8000000000
[INFO] PDC_SERVER[7]: Fetching region for obj_id=8000000000
[INFO] PDC_SERVER[7]: Checking against Object 2000000000
[INFO] PDC_SERVER[7]: Checking against Object 3000000000
[INFO] PDC_SERVER[7]: Checking against Object 4000000000
[INFO] PDC_SERVER[7]: Checking against Object 3000000002
[INFO] PDC_SERVER[7]: Checking against Object 4000000002
[INFO] PDC_SERVER[7]: Checking against Object 5000000000
[INFO] PDC_SERVER[7]: Object 8000000000 NOT found in cache
[INFO] PDC_SERVER[7]: Fetching region from server for obj_id=8000000000
[13:54:19.418974] [WARNING] [pdc_tf_server.c:475] PDC_SERVER[0]: SCHED: done running transformations
[INFO] PDC_SERVER[6]: Fetching region for obj_id=8000000000
[INFO] PDC_SERVER[6]: Checking against Object 2000000000
[INFO] PDC_SERVER[6]: Checking against Object 3000000000
[INFO] PDC_SERVER[6]: Checking against Object 4000000000
[INFO] PDC_SERVER[6]: Checking against Object 3000000002
[INFO] PDC_SERVER[6]: Checking against Object 4000000002
[INFO] PDC_SERVER[6]: Checking against Object 5000000000
[INFO] PDC_SERVER[6]: Object 8000000000 NOT found in cache
[INFO] PDC_SERVER[6]: Fetching region from server for obj_id=8000000000
[13:54:19.421939] [WARNING] [pdc_tf_server.c:475] PDC_SERVER[2]: SCHED: done running transformations
[13:54:19.423597] [WARNING] [pdc_tf_server.c:393] PDC_SERVER[1]: SCHED: setting CUDA device to 0 for edge 0 func=zfp_decompress
[13:54:19.423618] [WARNING] [pdc_tf_server.c:401] PDC_SERVER[1]: SCHED: executing edge 0 func=zfp_decompress dev=GPU
[INFO] PDC_SERVER[0]: Fetching region for obj_id=8000000000
[INFO] PDC_SERVER[0]: Checking against Object 2000000000
[INFO] PDC_SERVER[0]: Checking against Object 3000000000
[INFO] PDC_SERVER[0]: Checking against Object 4000000000
[INFO] PDC_SERVER[0]: Checking against Object 3000000002
[INFO] PDC_SERVER[0]: Checking against Object 4000000002
[INFO] PDC_SERVER[0]: Checking against Object 5000000000
[INFO] PDC_SERVER[0]: Object 8000000000 NOT found in cache
[INFO] PDC_SERVER[0]: Fetching region from server for obj_id=8000000000
[13:54:19.424496] [WARNING] [pdc_tf_server.c:393] PDC_SERVER[5]: SCHED: setting CUDA device to 0 for edge 0 func=zfp_decompress
[13:54:19.424512] [WARNING] [pdc_tf_server.c:401] PDC_SERVER[5]: SCHED: executing edge 0 func=zfp_decompress dev=GPU
[INFO] PDC_SERVER[2]: Fetching region for obj_id=8000000000
[INFO] PDC_SERVER[2]: Checking against Object 2000000000
[INFO] PDC_SERVER[2]: Checking against Object 3000000000
[INFO] PDC_SERVER[2]: Checking against Object 4000000000
[INFO] PDC_SERVER[2]: Checking against Object 3000000002
[INFO] PDC_SERVER[2]: Checking against Object 4000000002
[INFO] PDC_SERVER[2]: Checking against Object 5000000000
[INFO] PDC_SERVER[2]: Object 8000000000 NOT found in cache
[INFO] PDC_SERVER[2]: Fetching region from server for obj_id=8000000000
[13:54:19.429010] [WARNING] [pdc_tf_server.c:393] PDC_SERVER[4]: SCHED: setting CUDA device to 0 for edge 0 func=zfp_decompress
[13:54:19.429025] [WARNING] [pdc_tf_server.c:401] PDC_SERVER[4]: SCHED: executing edge 0 func=zfp_decompress dev=GPU
[13:54:19.431552] [WARNING] [pdc_tf_server.c:475] PDC_SERVER[1]: SCHED: done running transformations
[13:54:19.432507] [WARNING] [pdc_tf_server.c:475] PDC_SERVER[5]: SCHED: done running transformations
[13:54:19.434584] [WARNING] [pdc_tf_server.c:393] PDC_SERVER[3]: SCHED: setting CUDA device to 0 for edge 0 func=zfp_decompress
[13:54:19.434605] [WARNING] [pdc_tf_server.c:401] PDC_SERVER[3]: SCHED: executing edge 0 func=zfp_decompress dev=GPU
[13:54:19.434801] [WARNING] [pdc_tf_server.c:393] PDC_SERVER[7]: SCHED: setting CUDA device to 0 for edge 0 func=zfp_decompress
[13:54:19.434814] [WARNING] [pdc_tf_server.c:401] PDC_SERVER[7]: SCHED: executing edge 0 func=zfp_decompress dev=GPU
[13:54:19.435720] [WARNING] [pdc_tf_server.c:393] PDC_SERVER[6]: SCHED: setting CUDA device to 0 for edge 0 func=zfp_decompress
[13:54:19.435758] [WARNING] [pdc_tf_server.c:401] PDC_SERVER[6]: SCHED: executing edge 0 func=zfp_decompress dev=GPU
[INFO] PDC_SERVER[1]: Fetching region for obj_id=8000000000
[INFO] PDC_SERVER[1]: Checking against Object 2000000000
[INFO] PDC_SERVER[1]: Checking against Object 3000000000
[INFO] PDC_SERVER[1]: Checking against Object 4000000000
[INFO] PDC_SERVER[1]: Checking against Object 3000000002
[INFO] PDC_SERVER[1]: Checking against Object 4000000002
[INFO] PDC_SERVER[1]: Checking against Object 5000000000
[INFO] PDC_SERVER[1]: Object 8000000000 NOT found in cache
[INFO] PDC_SERVER[1]: Fetching region from server for obj_id=8000000000
[INFO] PDC_SERVER[5]: Fetching region for obj_id=8000000000
[INFO] PDC_SERVER[5]: Checking against Object 2000000000
[INFO] PDC_SERVER[5]: Checking against Object 3000000000
[INFO] PDC_SERVER[5]: Checking against Object 4000000000
[INFO] PDC_SERVER[5]: Checking against Object 3000000002
[INFO] PDC_SERVER[5]: Checking against Object 4000000002
[INFO] PDC_SERVER[5]: Checking against Object 5000000000
[INFO] PDC_SERVER[5]: Object 8000000000 NOT found in cache
[INFO] PDC_SERVER[5]: Fetching region from server for obj_id=8000000000
[13:54:19.437368] [WARNING] [pdc_tf_server.c:475] PDC_SERVER[4]: SCHED: done running transformations
[INFO] PDC_SERVER[0]: Executing graph with json filepath /pscratch/sd/n/nlewi26/src/work_space/source/pdc/tf_client/graphs/zfp_gpu.json
[13:54:19.440260] [WARNING] [pdc_tf_server.c:393] PDC_SERVER[0]: SCHED: setting CUDA device to 0 for edge 0 func=zfp_decompress
[13:54:19.440274] [WARNING] [pdc_tf_server.c:401] PDC_SERVER[0]: SCHED: executing edge 0 func=zfp_decompress dev=GPU
[13:54:19.441723] [WARNING] [pdc_tf_server.c:475] PDC_SERVER[3]: SCHED: done running transformations
[INFO] PDC_SERVER[4]: Fetching region for obj_id=8000000000
[INFO] PDC_SERVER[4]: Checking against Object 2000000000
[INFO] PDC_SERVER[4]: Checking against Object 3000000000
[INFO] PDC_SERVER[4]: Checking against Object 4000000000
[INFO] PDC_SERVER[4]: Checking against Object 3000000002
[INFO] PDC_SERVER[4]: Checking against Object 4000000002
[INFO] PDC_SERVER[4]: Checking against Object 5000000000
[INFO] PDC_SERVER[4]: Object 8000000000 NOT found in cache
[INFO] PDC_SERVER[4]: Fetching region from server for obj_id=8000000000
[13:54:19.442931] [WARNING] [pdc_tf_server.c:393] PDC_SERVER[2]: SCHED: setting CUDA device to 0 for edge 0 func=zfp_decompress
[13:54:19.442948] [WARNING] [pdc_tf_server.c:401] PDC_SERVER[2]: SCHED: executing edge 0 func=zfp_decompress dev=GPU
[INFO] PDC_SERVER[3]: Fetching region for obj_id=8000000000
[INFO] PDC_SERVER[3]: Checking against Object 2000000000
[INFO] PDC_SERVER[3]: Checking against Object 3000000000
[INFO] PDC_SERVER[3]: Checking against Object 4000000000
[INFO] PDC_SERVER[3]: Checking against Object 3000000002
[INFO] PDC_SERVER[3]: Checking against Object 4000000002
[INFO] PDC_SERVER[3]: Checking against Object 5000000000
[INFO] PDC_SERVER[3]: Object 8000000000 NOT found in cache
[INFO] PDC_SERVER[3]: Fetching region from server for obj_id=8000000000
[13:54:19.450687] [WARNING] [pdc_tf_server.c:475] PDC_SERVER[6]: SCHED: done running transformations
[13:54:19.450893] [WARNING] [pdc_tf_server.c:475] PDC_SERVER[2]: SCHED: done running transformations
[13:54:19.451656] [WARNING] [pdc_tf_server.c:475] PDC_SERVER[0]: SCHED: done running transformations
[13:54:19.452134] [WARNING] [pdc_tf_server.c:393] PDC_SERVER[1]: SCHED: setting CUDA device to 0 for edge 0 func=zfp_decompress
[13:54:19.452155] [WARNING] [pdc_tf_server.c:401] PDC_SERVER[1]: SCHED: executing edge 0 func=zfp_decompress dev=GPU
[13:54:19.452377] [WARNING] [pdc_tf_server.c:475] PDC_SERVER[7]: SCHED: done running transformations
[13:54:19.452973] [WARNING] [pdc_tf_server.c:393] PDC_SERVER[5]: SCHED: setting CUDA device to 0 for edge 0 func=zfp_decompress
[13:54:19.452988] [WARNING] [pdc_tf_server.c:401] PDC_SERVER[5]: SCHED: executing edge 0 func=zfp_decompress dev=GPU
[INFO] PDC_SERVER[6]: Fetching region for obj_id=8000000000
[INFO] PDC_SERVER[6]: Checking against Object 2000000000
[INFO] PDC_SERVER[6]: Checking against Object 3000000000
[INFO] PDC_SERVER[6]: Checking against Object 4000000000
[INFO] PDC_SERVER[6]: Checking against Object 3000000002
[INFO] PDC_SERVER[6]: Checking against Object 4000000002
[INFO] PDC_SERVER[6]: Checking against Object 5000000000
[INFO] PDC_SERVER[6]: Object 8000000000 NOT found in cache
[INFO] PDC_SERVER[6]: Fetching region from server for obj_id=8000000000
[INFO] PDC_SERVER[2]: Fetching region for obj_id=8000000000
[INFO] PDC_SERVER[2]: Checking against Object 2000000000
[INFO] PDC_SERVER[2]: Checking against Object 3000000000
[INFO] PDC_SERVER[2]: Checking against Object 4000000000
[INFO] PDC_SERVER[2]: Checking against Object 3000000002
[INFO] PDC_SERVER[2]: Checking against Object 4000000002
[INFO] PDC_SERVER[2]: Checking against Object 5000000000
[INFO] PDC_SERVER[2]: Object 8000000000 NOT found in cache
[INFO] PDC_SERVER[2]: Fetching region from server for obj_id=8000000000
[INFO] PDC_SERVER[0]: Fetching region for obj_id=8000000000
[INFO] PDC_SERVER[0]: Checking against Object 2000000000
[INFO] PDC_SERVER[0]: Checking against Object 3000000000
[INFO] PDC_SERVER[0]: Checking against Object 4000000000
[INFO] PDC_SERVER[0]: Checking against Object 3000000002
[INFO] PDC_SERVER[0]: Checking against Object 4000000002
[INFO] PDC_SERVER[0]: Checking against Object 5000000000
[INFO] PDC_SERVER[0]: Object 8000000000 NOT found in cache
[INFO] PDC_SERVER[0]: Fetching region from server for obj_id=8000000000
[INFO] PDC_SERVER[7]: Fetching region for obj_id=8000000000
[INFO] PDC_SERVER[7]: Checking against Object 2000000000
[INFO] PDC_SERVER[7]: Checking against Object 3000000000
[INFO] PDC_SERVER[7]: Checking against Object 4000000000
[INFO] PDC_SERVER[7]: Checking against Object 3000000002
[INFO] PDC_SERVER[7]: Checking against Object 4000000002
[INFO] PDC_SERVER[7]: Checking against Object 5000000000
[INFO] PDC_SERVER[7]: Object 8000000000 NOT found in cache
[INFO] PDC_SERVER[7]: Fetching region from server for obj_id=8000000000
[13:54:19.458152] [WARNING] [pdc_tf_server.c:393] PDC_SERVER[4]: SCHED: setting CUDA device to 0 for edge 0 func=zfp_decompress
[13:54:19.458165] [WARNING] [pdc_tf_server.c:401] PDC_SERVER[4]: SCHED: executing edge 0 func=zfp_decompress dev=GPU
[13:54:19.460991] [WARNING] [pdc_tf_server.c:475] PDC_SERVER[5]: SCHED: done running transformations
[13:54:19.462632] [WARNING] [pdc_tf_server.c:393] PDC_SERVER[3]: SCHED: setting CUDA device to 0 for edge 0 func=zfp_decompress
[13:54:19.462655] [WARNING] [pdc_tf_server.c:401] PDC_SERVER[3]: SCHED: executing edge 0 func=zfp_decompress dev=GPU
[INFO] PDC_SERVER[5]: Fetching region for obj_id=8000000000
[INFO] PDC_SERVER[5]: Checking against Object 2000000000
[INFO] PDC_SERVER[5]: Checking against Object 3000000000
[INFO] PDC_SERVER[5]: Checking against Object 4000000000
[INFO] PDC_SERVER[5]: Checking against Object 3000000002
[INFO] PDC_SERVER[5]: Checking against Object 4000000002
[INFO] PDC_SERVER[5]: Checking against Object 5000000000
[INFO] PDC_SERVER[5]: Object 8000000000 NOT found in cache
[INFO] PDC_SERVER[5]: Fetching region from server for obj_id=8000000000
[13:54:19.467061] [WARNING] [pdc_tf_server.c:475] PDC_SERVER[1]: SCHED: done running transformations
[13:54:19.467488] [WARNING] [pdc_tf_server.c:475] PDC_SERVER[4]: SCHED: done running transformations
[13:54:19.469811] [WARNING] [pdc_tf_server.c:475] PDC_SERVER[3]: SCHED: done running transformations
[13:54:19.471671] [WARNING] [pdc_tf_server.c:393] PDC_SERVER[2]: SCHED: setting CUDA device to 0 for edge 0 func=zfp_decompress
[13:54:19.471689] [WARNING] [pdc_tf_server.c:401] PDC_SERVER[2]: SCHED: executing edge 0 func=zfp_decompress dev=GPU
[INFO] PDC_SERVER[1]: Fetching region for obj_id=8000000000
[INFO] PDC_SERVER[1]: Checking against Object 2000000000
[INFO] PDC_SERVER[1]: Checking against Object 3000000000
[INFO] PDC_SERVER[1]: Checking against Object 4000000000
[INFO] PDC_SERVER[1]: Checking against Object 3000000002
[INFO] PDC_SERVER[1]: Checking against Object 4000000002
[INFO] PDC_SERVER[1]: Checking against Object 5000000000
[INFO] PDC_SERVER[1]: Object 8000000000 NOT found in cache
[INFO] PDC_SERVER[1]: Fetching region from server for obj_id=8000000000
[INFO] PDC_SERVER[4]: Fetching region for obj_id=8000000000
[INFO] PDC_SERVER[4]: Checking against Object 2000000000
[INFO] PDC_SERVER[4]: Checking against Object 3000000000
[13:54:19.472290] [WARNING] [pdc_tf_server.c:393] PDC_SERVER[6]: SCHED: setting CUDA device to 0 for edge 0 func=zfp_decompress
[13:54:19.472308] [WARNING] [pdc_tf_server.c:401] PDC_SERVER[6]: SCHED: executing edge 0 func=zfp_decompress dev=GPU
[INFO] PDC_SERVER[4]: Checking against Object 4000000000
[INFO] PDC_SERVER[4]: Checking against Object 3000000002
[INFO] PDC_SERVER[4]: Checking against Object 4000000002
[INFO] PDC_SERVER[4]: Checking against Object 5000000000
[INFO] PDC_SERVER[4]: Object 8000000000 NOT found in cache
[INFO] PDC_SERVER[4]: Fetching region from server for obj_id=8000000000
[13:54:19.473344] [WARNING] [pdc_tf_server.c:393] PDC_SERVER[7]: SCHED: setting CUDA device to 0 for edge 0 func=zfp_decompress
[13:54:19.473361] [WARNING] [pdc_tf_server.c:401] PDC_SERVER[7]: SCHED: executing edge 0 func=zfp_decompress dev=GPU
[INFO] PDC_SERVER[3]: Fetching region for obj_id=8000000000
[INFO] PDC_SERVER[3]: Checking against Object 2000000000
[INFO] PDC_SERVER[3]: Checking against Object 3000000000
[INFO] PDC_SERVER[3]: Checking against Object 4000000000
[INFO] PDC_SERVER[3]: Checking against Object 3000000002
[INFO] PDC_SERVER[3]: Checking against Object 4000000002
[INFO] PDC_SERVER[3]: Checking against Object 5000000000
[INFO] PDC_SERVER[3]: Object 8000000000 NOT found in cache
[INFO] PDC_SERVER[3]: Fetching region from server for obj_id=8000000000
[INFO] PDC_SERVER[0]: Executing graph with json filepath /pscratch/sd/n/nlewi26/src/work_space/source/pdc/tf_client/graphs/zfp_gpu.json
[13:54:19.477586] [WARNING] [pdc_tf_server.c:393] PDC_SERVER[0]: SCHED: setting CUDA device to 0 for edge 0 func=zfp_decompress
[13:54:19.477600] [WARNING] [pdc_tf_server.c:401] PDC_SERVER[0]: SCHED: executing edge 0 func=zfp_decompress dev=GPU
[13:54:19.479667] [WARNING] [pdc_tf_server.c:475] PDC_SERVER[2]: SCHED: done running transformations
[13:54:19.481889] [WARNING] [pdc_tf_server.c:393] PDC_SERVER[5]: SCHED: setting CUDA device to 0 for edge 0 func=zfp_decompress
[13:54:19.481914] [WARNING] [pdc_tf_server.c:401] PDC_SERVER[5]: SCHED: executing edge 0 func=zfp_decompress dev=GPU
[INFO] PDC_SERVER[2]: Fetching region for obj_id=8000000000
[INFO] PDC_SERVER[2]: Checking against Object 2000000000
[INFO] PDC_SERVER[2]: Checking against Object 3000000000
[INFO] PDC_SERVER[2]: Checking against Object 4000000000
[INFO] PDC_SERVER[2]: Checking against Object 3000000002
[INFO] PDC_SERVER[2]: Checking against Object 4000000002
[INFO] PDC_SERVER[2]: Checking against Object 5000000000
[INFO] PDC_SERVER[2]: Object 8000000000 NOT found in cache
[INFO] PDC_SERVER[2]: Fetching region from server for obj_id=8000000000
[13:54:19.488020] [WARNING] [pdc_tf_server.c:393] PDC_SERVER[4]: SCHED: setting CUDA device to 0 for edge 0 func=zfp_decompress
[13:54:19.488033] [WARNING] [pdc_tf_server.c:401] PDC_SERVER[4]: SCHED: executing edge 0 func=zfp_decompress dev=GPU
[13:54:19.490433] [WARNING] [pdc_tf_server.c:475] PDC_SERVER[5]: SCHED: done running transformations
[13:54:19.490774] [WARNING] [pdc_tf_server.c:393] PDC_SERVER[3]: SCHED: setting CUDA device to 0 for edge 0 func=zfp_decompress
[13:54:19.490796] [WARNING] [pdc_tf_server.c:401] PDC_SERVER[3]: SCHED: executing edge 0 func=zfp_decompress dev=GPU
[13:54:19.492528] [WARNING] [pdc_tf_server.c:393] PDC_SERVER[1]: SCHED: setting CUDA device to 0 for edge 0 func=zfp_decompress
[13:54:19.492544] [WARNING] [pdc_tf_server.c:401] PDC_SERVER[1]: SCHED: executing edge 0 func=zfp_decompress dev=GPU
[INFO] PDC_SERVER[5]: Fetching region for obj_id=8000000000
[INFO] PDC_SERVER[5]: Checking against Object 2000000000
[INFO] PDC_SERVER[5]: Checking against Object 3000000000
[INFO] PDC_SERVER[5]: Checking against Object 4000000000
[INFO] PDC_SERVER[5]: Checking against Object 3000000002
[INFO] PDC_SERVER[5]: Checking against Object 4000000002
[INFO] PDC_SERVER[5]: Checking against Object 5000000000
[INFO] PDC_SERVER[5]: Object 8000000000 NOT found in cache
[INFO] PDC_SERVER[5]: Fetching region from server for obj_id=8000000000
[13:54:19.497100] [WARNING] [pdc_tf_server.c:475] PDC_SERVER[0]: SCHED: done running transformations
[13:54:19.497940] [WARNING] [pdc_tf_server.c:475] PDC_SERVER[3]: SCHED: done running transformations
[13:54:19.497978] [WARNING] [pdc_tf_server.c:475] PDC_SERVER[4]: SCHED: done running transformations
[13:54:19.498372] [WARNING] [pdc_tf_server.c:475] PDC_SERVER[6]: SCHED: done running transformations
[13:54:19.498427] [WARNING] [pdc_tf_server.c:475] PDC_SERVER[7]: SCHED: done running transformations
[13:54:19.500474] [WARNING] [pdc_tf_server.c:393] PDC_SERVER[2]: SCHED: setting CUDA device to 0 for edge 0 func=zfp_decompress
[13:54:19.500493] [WARNING] [pdc_tf_server.c:401] PDC_SERVER[2]: SCHED: executing edge 0 func=zfp_decompress dev=GPU
[INFO] PDC_SERVER[0]: Fetching region for obj_id=8000000000
[INFO] PDC_SERVER[0]: Checking against Object 2000000000
[INFO] PDC_SERVER[0]: Checking against Object 3000000000
[INFO] PDC_SERVER[0]: Checking against Object 4000000000
[INFO] PDC_SERVER[0]: Checking against Object 3000000002
[INFO] PDC_SERVER[0]: Checking against Object 4000000002
[INFO] PDC_SERVER[0]: Checking against Object 5000000000
[INFO] PDC_SERVER[0]: Object 8000000000 NOT found in cache
[INFO] PDC_SERVER[0]: Fetching region from server for obj_id=8000000000
[INFO] PDC_SERVER[4]: Fetching region for obj_id=8000000000
[INFO] PDC_SERVER[4]: Checking against Object 2000000000
[INFO] PDC_SERVER[4]: Checking against Object 3000000000
[INFO] PDC_SERVER[4]: Checking against Object 4000000000
[INFO] PDC_SERVER[4]: Checking against Object 3000000002
[INFO] PDC_SERVER[4]: Checking against Object 4000000002
[INFO] PDC_SERVER[4]: Checking against Object 5000000000
[INFO] PDC_SERVER[4]: Object 8000000000 NOT found in cache
[INFO] PDC_SERVER[4]: Fetching region from server for obj_id=8000000000
[INFO] PDC_SERVER[6]: Fetching region for obj_id=8000000000
[INFO] PDC_SERVER[6]: Checking against Object 2000000000
[INFO] PDC_SERVER[6]: Checking against Object 3000000000
[INFO] PDC_SERVER[6]: Checking against Object 4000000000
[INFO] PDC_SERVER[6]: Checking against Object 3000000002
[INFO] PDC_SERVER[6]: Checking against Object 4000000002
[INFO] PDC_SERVER[6]: Checking against Object 5000000000
[INFO] PDC_SERVER[6]: Object 8000000000 NOT found in cache
[INFO] PDC_SERVER[6]: Fetching region from server for obj_id=8000000000
[INFO] PDC_SERVER[7]: Fetching region for obj_id=8000000000
[INFO] PDC_SERVER[7]: Checking against Object 2000000000
[INFO] PDC_SERVER[7]: Checking against Object 3000000000
[INFO] PDC_SERVER[7]: Checking against Object 4000000000
[INFO] PDC_SERVER[7]: Checking against Object 3000000002
[INFO] PDC_SERVER[7]: Checking against Object 4000000002
[INFO] PDC_SERVER[7]: Checking against Object 5000000000
[INFO] PDC_SERVER[7]: Object 8000000000 NOT found in cache
[INFO] PDC_SERVER[7]: Fetching region from server for obj_id=8000000000
[13:54:19.513912] [WARNING] [pdc_tf_server.c:475] PDC_SERVER[2]: SCHED: done running transformations
[13:54:19.515381] [WARNING] [pdc_tf_server.c:475] PDC_SERVER[1]: SCHED: done running transformations
[13:54:19.517349] [WARNING] [pdc_tf_server.c:393] PDC_SERVER[5]: SCHED: setting CUDA device to 0 for edge 0 func=zfp_decompress
[13:54:19.517406] [WARNING] [pdc_tf_server.c:401] PDC_SERVER[5]: SCHED: executing edge 0 func=zfp_decompress dev=GPU
[13:54:19.518369] [WARNING] [pdc_tf_server.c:393] PDC_SERVER[4]: SCHED: setting CUDA device to 0 for edge 0 func=zfp_decompress
[13:54:19.518388] [WARNING] [pdc_tf_server.c:401] PDC_SERVER[4]: SCHED: executing edge 0 func=zfp_decompress dev=GPU
[INFO] PDC_SERVER[0]: Executing graph with json filepath /pscratch/sd/n/nlewi26/src/work_space/source/pdc/tf_client/graphs/zfp_gpu.json
[13:54:19.518418] [WARNING] [pdc_tf_server.c:393] PDC_SERVER[0]: SCHED: setting CUDA device to 0 for edge 0 func=zfp_decompress
[13:54:19.518432] [WARNING] [pdc_tf_server.c:401] PDC_SERVER[0]: SCHED: executing edge 0 func=zfp_decompress dev=GPU
[13:54:19.518873] [WARNING] [pdc_tf_server.c:393] PDC_SERVER[6]: SCHED: setting CUDA device to 0 for edge 0 func=zfp_decompress
[13:54:19.518890] [WARNING] [pdc_tf_server.c:401] PDC_SERVER[6]: SCHED: executing edge 0 func=zfp_decompress dev=GPU
[INFO] PDC_SERVER[1]: Fetching region for obj_id=8000000000
[INFO] PDC_SERVER[1]: Checking against Object 2000000000
[INFO] PDC_SERVER[1]: Checking against Object 3000000000
[INFO] PDC_SERVER[1]: Checking against Object 4000000000
[INFO] PDC_SERVER[1]: Checking against Object 3000000002
[INFO] PDC_SERVER[1]: Checking against Object 4000000002
[INFO] PDC_SERVER[1]: Checking against Object 5000000000
[INFO] PDC_SERVER[1]: Object 8000000000 NOT found in cache
[INFO] PDC_SERVER[1]: Fetching region from server for obj_id=8000000000
[13:54:19.523588] [WARNING] [pdc_tf_server.c:393] PDC_SERVER[7]: SCHED: setting CUDA device to 0 for edge 0 func=zfp_decompress
[13:54:19.523605] [WARNING] [pdc_tf_server.c:401] PDC_SERVER[7]: SCHED: executing edge 0 func=zfp_decompress dev=GPU
[13:54:19.526552] [WARNING] [pdc_tf_server.c:475] PDC_SERVER[5]: SCHED: done running transformations
[13:54:19.526898] [WARNING] [pdc_tf_server.c:475] PDC_SERVER[4]: SCHED: done running transformations
[13:54:19.532479] [WARNING] [pdc_tf_server.c:475] PDC_SERVER[6]: SCHED: done running transformations
[13:54:19.532941] [WARNING] [pdc_tf_server.c:475] PDC_SERVER[7]: SCHED: done running transformations
[13:54:19.533043] [WARNING] [pdc_tf_server.c:475] PDC_SERVER[0]: SCHED: done running transformations
[13:54:19.536421] [WARNING] [pdc_tf_server.c:393] PDC_SERVER[1]: SCHED: setting CUDA device to 0 for edge 0 func=zfp_decompress
[13:54:19.536437] [WARNING] [pdc_tf_server.c:401] PDC_SERVER[1]: SCHED: executing edge 0 func=zfp_decompress dev=GPU
[INFO] PDC_SERVER[0]: Fetching region for obj_id=8000000000
[INFO] PDC_SERVER[0]: Checking against Object 2000000000
[INFO] PDC_SERVER[0]: Checking against Object 3000000000
[INFO] PDC_SERVER[0]: Checking against Object 4000000000
[INFO] PDC_SERVER[0]: Checking against Object 3000000002
[INFO] PDC_SERVER[0]: Checking against Object 4000000002
[INFO] PDC_SERVER[0]: Checking against Object 5000000000
[INFO] PDC_SERVER[0]: Object 8000000000 NOT found in cache
[INFO] PDC_SERVER[0]: Fetching region from server for obj_id=8000000000
[13:54:19.553797] [WARNING] [pdc_tf_server.c:475] PDC_SERVER[1]: SCHED: done running transformations
[INFO] PDC_SERVER[0]: Executing graph with json filepath /pscratch/sd/n/nlewi26/src/work_space/source/pdc/tf_client/graphs/zfp_gpu.json
[13:54:19.554303] [WARNING] [pdc_tf_server.c:393] PDC_SERVER[0]: SCHED: setting CUDA device to 0 for edge 0 func=zfp_decompress
[13:54:19.554317] [WARNING] [pdc_tf_server.c:401] PDC_SERVER[0]: SCHED: executing edge 0 func=zfp_decompress dev=GPU
[13:54:19.586970] [WARNING] [pdc_tf_server.c:475] PDC_SERVER[0]: SCHED: done running transformations
[INFO] PDC_SERVER[0]: Starting flush for obj_id 4000000004, ndim=3
[13:54:19.743398] [WARNING] [pdc_server_region_cache.c:823] PDC_SERVER[0]: Region mapping lookup took 0.000001 s
[13:54:19.743408] [WARNING] [pdc_server_region_cache.c:828] PDC_SERVER[0]: No region mapping found for obj_id 4000000004
[13:54:19.762051] [WARNING] [pdc_server_region_cache.c:834] PDC_SERVER[0]: Flushed region via POSIX I/O in 0.018633 s
[13:54:19.762064] [WARNING] [pdc_server_region_cache.c:850] PDC_SERVER[0]: [2026-10-07 13:54:19.762060] Flushed 16.00 / 16.00 MB to storage
[INFO] PDC_SERVER[0]: Region flush iteration took 0.018674 s
[INFO] PDC_SERVER[0]: Starting flush for obj_id 4000000004, ndim=3
[13:54:19.799399] [WARNING] [pdc_server_region_cache.c:823] PDC_SERVER[0]: Region mapping lookup took 0.000000 s
[13:54:19.799405] [WARNING] [pdc_server_region_cache.c:828] PDC_SERVER[0]: No region mapping found for obj_id 4000000004
[13:54:19.816881] [WARNING] [pdc_server_region_cache.c:834] PDC_SERVER[0]: Flushed region via POSIX I/O in 0.017472 s
[13:54:19.816892] [WARNING] [pdc_server_region_cache.c:850] PDC_SERVER[0]: [2026-10-07 13:54:19.816890] Flushed 16.00 / 16.00 MB to storage
[INFO] PDC_SERVER[0]: Region flush iteration took 0.017499 s
[INFO] PDC_SERVER[0]: Starting flush for obj_id 4000000004, ndim=3
[13:54:19.818403] [WARNING] [pdc_server_region_cache.c:823] PDC_SERVER[0]: Region mapping lookup took 0.000000 s
[13:54:19.818409] [WARNING] [pdc_server_region_cache.c:828] PDC_SERVER[0]: No region mapping found for obj_id 4000000004
[13:54:19.835633] [WARNING] [pdc_server_region_cache.c:834] PDC_SERVER[0]: Flushed region via POSIX I/O in 0.017211 s
[13:54:19.835650] [WARNING] [pdc_server_region_cache.c:850] PDC_SERVER[0]: [2026-10-07 13:54:19.835647] Flushed 16.00 / 16.00 MB to storage
[INFO] PDC_SERVER[0]: Region flush iteration took 0.017255 s
[INFO] PDC_SERVER[0]: Starting flush for obj_id 4000000004, ndim=3
[13:54:19.837549] [WARNING] [pdc_server_region_cache.c:823] PDC_SERVER[0]: Region mapping lookup took 0.000001 s
[13:54:19.837555] [WARNING] [pdc_server_region_cache.c:828] PDC_SERVER[0]: No region mapping found for obj_id 4000000004
[13:54:19.854505] [WARNING] [pdc_server_region_cache.c:834] PDC_SERVER[0]: Flushed region via POSIX I/O in 0.016935 s
[13:54:19.854523] [WARNING] [pdc_server_region_cache.c:850] PDC_SERVER[0]: [2026-10-07 13:54:19.854520] Flushed 16.00 / 16.00 MB to storage
[INFO] PDC_SERVER[0]: Region flush iteration took 0.016981 s
[INFO] PDC_SERVER[0]: Starting flush for obj_id 4000000004, ndim=3
[13:54:19.857974] [WARNING] [pdc_server_region_cache.c:823] PDC_SERVER[0]: Region mapping lookup took 0.000001 s
[13:54:19.857979] [WARNING] [pdc_server_region_cache.c:828] PDC_SERVER[0]: No region mapping found for obj_id 4000000004
[13:54:19.875693] [WARNING] [pdc_server_region_cache.c:834] PDC_SERVER[0]: Flushed region via POSIX I/O in 0.017704 s
[13:54:19.875705] [WARNING] [pdc_server_region_cache.c:850] PDC_SERVER[0]: [2026-10-07 13:54:19.875702] Flushed 16.00 / 16.00 MB to storage
[INFO] PDC_SERVER[0]: Region flush iteration took 0.017739 s
[INFO] PDC_SERVER[0]: Starting flush for obj_id 4000000004, ndim=3
[13:54:19.877295] [WARNING] [pdc_server_region_cache.c:823] PDC_SERVER[0]: Region mapping lookup took 0.000001 s
[13:54:19.877300] [WARNING] [pdc_server_region_cache.c:828] PDC_SERVER[0]: No region mapping found for obj_id 4000000004
[13:54:19.894608] [WARNING] [pdc_server_region_cache.c:834] PDC_SERVER[0]: Flushed region via POSIX I/O in 0.017300 s
[13:54:19.894619] [WARNING] [pdc_server_region_cache.c:850] PDC_SERVER[0]: [2026-10-07 13:54:19.894617] Flushed 16.00 / 16.00 MB to storage
[INFO] PDC_SERVER[0]: Region flush iteration took 0.017332 s
[INFO] PDC_SERVER[0]: Starting flush for obj_id 4000000004, ndim=3
[13:54:19.895643] [WARNING] [pdc_server_region_cache.c:823] PDC_SERVER[0]: Region mapping lookup took 0.000001 s
[13:54:19.895648] [WARNING] [pdc_server_region_cache.c:828] PDC_SERVER[0]: No region mapping found for obj_id 4000000004
[13:54:19.912445] [WARNING] [pdc_server_region_cache.c:834] PDC_SERVER[0]: Flushed region via POSIX I/O in 0.016782 s
[13:54:19.912470] [WARNING] [pdc_server_region_cache.c:850] PDC_SERVER[0]: [2026-10-07 13:54:19.912466] Flushed 16.00 / 16.00 MB to storage
[INFO] PDC_SERVER[0]: Region flush iteration took 0.016837 s
[INFO] PDC_SERVER[0]: Starting flush for obj_id 4000000004, ndim=3
[13:54:19.915289] [WARNING] [pdc_server_region_cache.c:823] PDC_SERVER[0]: Region mapping lookup took 0.000001 s
[13:54:19.915296] [WARNING] [pdc_server_region_cache.c:828] PDC_SERVER[0]: No region mapping found for obj_id 4000000004
[13:54:19.933015] [WARNING] [pdc_server_region_cache.c:834] PDC_SERVER[0]: Flushed region via POSIX I/O in 0.017709 s
[13:54:19.933028] [WARNING] [pdc_server_region_cache.c:850] PDC_SERVER[0]: [2026-10-07 13:54:19.933024] Flushed 16.00 / 16.00 MB to storage
[INFO] PDC_SERVER[0]: Region flush iteration took 0.017747 s
[INFO] PDC_SERVER[0]: Starting flush for obj_id 4000000004, ndim=3
[13:54:19.934704] [WARNING] [pdc_server_region_cache.c:823] PDC_SERVER[0]: Region mapping lookup took 0.000001 s
[13:54:19.934710] [WARNING] [pdc_server_region_cache.c:828] PDC_SERVER[0]: No region mapping found for obj_id 4000000004
[13:54:19.952037] [WARNING] [pdc_server_region_cache.c:834] PDC_SERVER[0]: Flushed region via POSIX I/O in 0.017323 s
[13:54:19.952053] [WARNING] [pdc_server_region_cache.c:850] PDC_SERVER[0]: [2026-10-07 13:54:19.952051] Flushed 16.00 / 16.00 MB to storage
[INFO] PDC_SERVER[0]: Region flush iteration took 0.017356 s
[INFO] PDC_SERVER[0]: Starting flush for obj_id 4000000004, ndim=3
[13:54:19.953719] [WARNING] [pdc_server_region_cache.c:823] PDC_SERVER[0]: Region mapping lookup took 0.000000 s
[13:54:19.953724] [WARNING] [pdc_server_region_cache.c:828] PDC_SERVER[0]: No region mapping found for obj_id 4000000004
[13:54:19.971047] [WARNING] [pdc_server_region_cache.c:834] PDC_SERVER[0]: Flushed region via POSIX I/O in 0.017308 s
[13:54:19.971069] [WARNING] [pdc_server_region_cache.c:850] PDC_SERVER[0]: [2026-10-07 13:54:19.971065] Flushed 16.00 / 16.00 MB to storage
[INFO] PDC_SERVER[0]: Region flush iteration took 0.017360 s
[INFO] PDC_SERVER[0]: Starting flush for obj_id 4000000004, ndim=3
[13:54:19.972666] [WARNING] [pdc_server_region_cache.c:823] PDC_SERVER[0]: Region mapping lookup took 0.000001 s
[13:54:19.972674] [WARNING] [pdc_server_region_cache.c:828] PDC_SERVER[0]: No region mapping found for obj_id 4000000004
[13:54:19.989973] [WARNING] [pdc_server_region_cache.c:834] PDC_SERVER[0]: Flushed region via POSIX I/O in 0.017292 s
[13:54:19.989982] [WARNING] [pdc_server_region_cache.c:850] PDC_SERVER[0]: [2026-10-07 13:54:19.989979] Flushed 16.00 / 16.00 MB to storage
[INFO] PDC_SERVER[0]: Region flush iteration took 0.017323 s
[INFO] PDC_SERVER[0]: Starting flush for obj_id 4000000004, ndim=3
[13:54:19.991350] [WARNING] [pdc_server_region_cache.c:823] PDC_SERVER[0]: Region mapping lookup took 0.000000 s
[13:54:19.991354] [WARNING] [pdc_server_region_cache.c:828] PDC_SERVER[0]: No region mapping found for obj_id 4000000004
[13:54:20.008634] [WARNING] [pdc_server_region_cache.c:834] PDC_SERVER[0]: Flushed region via POSIX I/O in 0.017274 s
[13:54:20.008643] [WARNING] [pdc_server_region_cache.c:850] PDC_SERVER[0]: [2026-10-07 13:54:20.008640] Flushed 16.00 / 16.00 MB to storage
[INFO] PDC_SERVER[0]: Region flush iteration took 0.017300 s
[INFO] PDC_SERVER[0]: Starting flush for obj_id 4000000004, ndim=3
[13:54:20.009482] [WARNING] [pdc_server_region_cache.c:823] PDC_SERVER[0]: Region mapping lookup took 0.000001 s
[13:54:20.009486] [WARNING] [pdc_server_region_cache.c:828] PDC_SERVER[0]: No region mapping found for obj_id 4000000004
[13:54:20.026396] [WARNING] [pdc_server_region_cache.c:834] PDC_SERVER[0]: Flushed region via POSIX I/O in 0.016902 s
[13:54:20.026407] [WARNING] [pdc_server_region_cache.c:850] PDC_SERVER[0]: [2026-10-07 13:54:20.026404] Flushed 16.00 / 16.00 MB to storage
[INFO] PDC_SERVER[0]: Region flush iteration took 0.016932 s
[INFO] PDC_SERVER[0]: Starting flush for obj_id 4000000004, ndim=3
[13:54:20.027481] [WARNING] [pdc_server_region_cache.c:823] PDC_SERVER[0]: Region mapping lookup took 0.000001 s
[13:54:20.027488] [WARNING] [pdc_server_region_cache.c:828] PDC_SERVER[0]: No region mapping found for obj_id 4000000004
[13:54:20.044338] [WARNING] [pdc_server_region_cache.c:834] PDC_SERVER[0]: Flushed region via POSIX I/O in 0.016841 s
[13:54:20.044351] [WARNING] [pdc_server_region_cache.c:850] PDC_SERVER[0]: [2026-10-07 13:54:20.044347] Flushed 16.00 / 16.00 MB to storage
[INFO] PDC_SERVER[0]: Region flush iteration took 0.016888 s
[INFO] PDC_SERVER[0]: Starting flush for obj_id 4000000004, ndim=3
[13:54:20.045535] [WARNING] [pdc_server_region_cache.c:823] PDC_SERVER[0]: Region mapping lookup took 0.000001 s
[13:54:20.045542] [WARNING] [pdc_server_region_cache.c:828] PDC_SERVER[0]: No region mapping found for obj_id 4000000004
[13:54:20.062561] [WARNING] [pdc_server_region_cache.c:834] PDC_SERVER[0]: Flushed region via POSIX I/O in 0.017011 s
[13:54:20.062570] [WARNING] [pdc_server_region_cache.c:850] PDC_SERVER[0]: [2026-10-07 13:54:20.062567] Flushed 16.00 / 16.00 MB to storage
[INFO] PDC_SERVER[0]: Region flush iteration took 0.017044 s
[INFO] PDC_SERVER[0]: Starting flush for obj_id 4000000004, ndim=3
[13:54:20.063544] [WARNING] [pdc_server_region_cache.c:823] PDC_SERVER[0]: Region mapping lookup took 0.000000 s
[13:54:20.063548] [WARNING] [pdc_server_region_cache.c:828] PDC_SERVER[0]: No region mapping found for obj_id 4000000004
[13:54:20.080426] [WARNING] [pdc_server_region_cache.c:834] PDC_SERVER[0]: Flushed region via POSIX I/O in 0.016875 s
[13:54:20.080436] [WARNING] [pdc_server_region_cache.c:850] PDC_SERVER[0]: [2026-10-07 13:54:20.080434] Flushed 16.00 / 16.00 MB to storage
[INFO] PDC_SERVER[0]: Region flush iteration took 0.016897 s
[INFO] PDC_SERVER[0]: Starting flush for obj_id 5000000002, ndim=3
[13:54:20.094198] [WARNING] [pdc_server_region_cache.c:823] PDC_SERVER[0]: Region mapping lookup took 0.000000 s
[13:54:20.094203] [WARNING] [pdc_server_region_cache.c:828] PDC_SERVER[0]: No region mapping found for obj_id 5000000002
[13:54:20.112581] [WARNING] [pdc_server_region_cache.c:834] PDC_SERVER[0]: Flushed region via POSIX I/O in 0.018366 s
[13:54:20.112599] [WARNING] [pdc_server_region_cache.c:850] PDC_SERVER[0]: [2026-10-07 13:54:20.112595] Flushed 16.00 / 16.00 MB to storage
[INFO] PDC_SERVER[0]: Region flush iteration took 0.018407 s
[INFO] PDC_SERVER[0]: Starting flush for obj_id 5000000002, ndim=3
[13:54:20.133454] [WARNING] [pdc_server_region_cache.c:823] PDC_SERVER[0]: Region mapping lookup took 0.000000 s
[13:54:20.133461] [WARNING] [pdc_server_region_cache.c:828] PDC_SERVER[0]: No region mapping found for obj_id 5000000002
[13:54:20.150795] [WARNING] [pdc_server_region_cache.c:834] PDC_SERVER[0]: Flushed region via POSIX I/O in 0.017329 s
[13:54:20.150814] [WARNING] [pdc_server_region_cache.c:850] PDC_SERVER[0]: [2026-10-07 13:54:20.150812] Flushed 16.00 / 16.00 MB to storage
[INFO] PDC_SERVER[0]: Region flush iteration took 0.017367 s
[INFO] PDC_SERVER[0]: Starting flush for obj_id 5000000002, ndim=3
[13:54:20.152505] [WARNING] [pdc_server_region_cache.c:823] PDC_SERVER[0]: Region mapping lookup took 0.000001 s
[13:54:20.152510] [WARNING] [pdc_server_region_cache.c:828] PDC_SERVER[0]: No region mapping found for obj_id 5000000002
[13:54:20.169192] [WARNING] [pdc_server_region_cache.c:834] PDC_SERVER[0]: Flushed region via POSIX I/O in 0.016673 s
[13:54:20.169202] [WARNING] [pdc_server_region_cache.c:850] PDC_SERVER[0]: [2026-10-07 13:54:20.169199] Flushed 16.00 / 16.00 MB to storage
[INFO] PDC_SERVER[0]: Region flush iteration took 0.016705 s
[INFO] PDC_SERVER[0]: Starting flush for obj_id 5000000002, ndim=3
[13:54:20.170262] [WARNING] [pdc_server_region_cache.c:823] PDC_SERVER[0]: Region mapping lookup took 0.000001 s
[13:54:20.170267] [WARNING] [pdc_server_region_cache.c:828] PDC_SERVER[0]: No region mapping found for obj_id 5000000002
[13:54:20.187617] [WARNING] [pdc_server_region_cache.c:834] PDC_SERVER[0]: Flushed region via POSIX I/O in 0.017342 s
[13:54:20.187629] [WARNING] [pdc_server_region_cache.c:850] PDC_SERVER[0]: [2026-10-07 13:54:20.187626] Flushed 16.00 / 16.00 MB to storage
[INFO] PDC_SERVER[0]: Region flush iteration took 0.017373 s
[INFO] PDC_SERVER[0]: Starting flush for obj_id 5000000002, ndim=3
[13:54:20.188583] [WARNING] [pdc_server_region_cache.c:823] PDC_SERVER[0]: Region mapping lookup took 0.000001 s
[13:54:20.188588] [WARNING] [pdc_server_region_cache.c:828] PDC_SERVER[0]: No region mapping found for obj_id 5000000002
[13:54:20.205331] [WARNING] [pdc_server_region_cache.c:834] PDC_SERVER[0]: Flushed region via POSIX I/O in 0.016732 s
[13:54:20.205343] [WARNING] [pdc_server_region_cache.c:850] PDC_SERVER[0]: [2026-10-07 13:54:20.205339] Flushed 16.00 / 16.00 MB to storage
[INFO] PDC_SERVER[0]: Region flush iteration took 0.016767 s
[INFO] PDC_SERVER[0]: Starting flush for obj_id 5000000002, ndim=3
[13:54:20.206581] [WARNING] [pdc_server_region_cache.c:823] PDC_SERVER[0]: Region mapping lookup took 0.000001 s
[13:54:20.206585] [WARNING] [pdc_server_region_cache.c:828] PDC_SERVER[0]: No region mapping found for obj_id 5000000002
[13:54:20.222885] [WARNING] [pdc_server_region_cache.c:834] PDC_SERVER[0]: Flushed region via POSIX I/O in 0.016296 s
[13:54:20.222896] [WARNING] [pdc_server_region_cache.c:850] PDC_SERVER[0]: [2026-10-07 13:54:20.222894] Flushed 16.00 / 16.00 MB to storage
[INFO] PDC_SERVER[0]: Region flush iteration took 0.016321 s
[INFO] PDC_SERVER[0]: Starting flush for obj_id 5000000002, ndim=3
[13:54:20.223744] [WARNING] [pdc_server_region_cache.c:823] PDC_SERVER[0]: Region mapping lookup took 0.000001 s
[13:54:20.223749] [WARNING] [pdc_server_region_cache.c:828] PDC_SERVER[0]: No region mapping found for obj_id 5000000002
[13:54:20.241198] [WARNING] [pdc_server_region_cache.c:834] PDC_SERVER[0]: Flushed region via POSIX I/O in 0.017437 s
[13:54:20.241213] [WARNING] [pdc_server_region_cache.c:850] PDC_SERVER[0]: [2026-10-07 13:54:20.241209] Flushed 16.00 / 16.00 MB to storage
[INFO] PDC_SERVER[0]: Region flush iteration took 0.017477 s
[INFO] PDC_SERVER[0]: Starting flush for obj_id 5000000002, ndim=3
[13:54:20.244158] [WARNING] [pdc_server_region_cache.c:823] PDC_SERVER[0]: Region mapping lookup took 0.000000 s
[13:54:20.244162] [WARNING] [pdc_server_region_cache.c:828] PDC_SERVER[0]: No region mapping found for obj_id 5000000002
[13:54:20.261058] [WARNING] [pdc_server_region_cache.c:834] PDC_SERVER[0]: Flushed region via POSIX I/O in 0.016891 s
[13:54:20.261079] [WARNING] [pdc_server_region_cache.c:850] PDC_SERVER[0]: [2026-10-07 13:54:20.261077] Flushed 16.00 / 16.00 MB to storage
[INFO] PDC_SERVER[0]: Region flush iteration took 0.016929 s
[INFO] PDC_SERVER[0]: Starting flush for obj_id 5000000002, ndim=3
[13:54:20.262438] [WARNING] [pdc_server_region_cache.c:823] PDC_SERVER[0]: Region mapping lookup took 0.000001 s
[13:54:20.262442] [WARNING] [pdc_server_region_cache.c:828] PDC_SERVER[0]: No region mapping found for obj_id 5000000002
[13:54:20.279344] [WARNING] [pdc_server_region_cache.c:834] PDC_SERVER[0]: Flushed region via POSIX I/O in 0.016897 s
[13:54:20.279356] [WARNING] [pdc_server_region_cache.c:850] PDC_SERVER[0]: [2026-10-07 13:54:20.279354] Flushed 16.00 / 16.00 MB to storage
[INFO] PDC_SERVER[0]: Region flush iteration took 0.016924 s
[INFO] PDC_SERVER[0]: Starting flush for obj_id 5000000002, ndim=3
[13:54:20.280600] [WARNING] [pdc_server_region_cache.c:823] PDC_SERVER[0]: Region mapping lookup took 0.000001 s
[13:54:20.280604] [WARNING] [pdc_server_region_cache.c:828] PDC_SERVER[0]: No region mapping found for obj_id 5000000002
[13:54:20.298291] [WARNING] [pdc_server_region_cache.c:834] PDC_SERVER[0]: Flushed region via POSIX I/O in 0.017676 s
[13:54:20.298306] [WARNING] [pdc_server_region_cache.c:850] PDC_SERVER[0]: [2026-10-07 13:54:20.298303] Flushed 16.00 / 16.00 MB to storage
[INFO] PDC_SERVER[0]: Region flush iteration took 0.017714 s
[INFO] PDC_SERVER[0]: Starting flush for obj_id 5000000002, ndim=3
[13:54:20.299650] [WARNING] [pdc_server_region_cache.c:823] PDC_SERVER[0]: Region mapping lookup took 0.000001 s
[13:54:20.299654] [WARNING] [pdc_server_region_cache.c:828] PDC_SERVER[0]: No region mapping found for obj_id 5000000002
[13:54:20.317377] [WARNING] [pdc_server_region_cache.c:834] PDC_SERVER[0]: Flushed region via POSIX I/O in 0.017711 s
[13:54:20.317394] [WARNING] [pdc_server_region_cache.c:850] PDC_SERVER[0]: [2026-10-07 13:54:20.317391] Flushed 16.00 / 16.00 MB to storage
[INFO] PDC_SERVER[0]: Region flush iteration took 0.017752 s
[INFO] PDC_SERVER[0]: Starting flush for obj_id 5000000002, ndim=3
[13:54:20.318897] [WARNING] [pdc_server_region_cache.c:823] PDC_SERVER[0]: Region mapping lookup took 0.000001 s
[13:54:20.318902] [WARNING] [pdc_server_region_cache.c:828] PDC_SERVER[0]: No region mapping found for obj_id 5000000002
[13:54:20.336046] [WARNING] [pdc_server_region_cache.c:834] PDC_SERVER[0]: Flushed region via POSIX I/O in 0.017131 s
[13:54:20.336066] [WARNING] [pdc_server_region_cache.c:850] PDC_SERVER[0]: [2026-10-07 13:54:20.336062] Flushed 16.00 / 16.00 MB to storage
[INFO] PDC_SERVER[0]: Region flush iteration took 0.017178 s
[INFO] PDC_SERVER[0]: Starting flush for obj_id 5000000002, ndim=3
[13:54:20.337217] [WARNING] [pdc_server_region_cache.c:823] PDC_SERVER[0]: Region mapping lookup took 0.000001 s
[13:54:20.337225] [WARNING] [pdc_server_region_cache.c:828] PDC_SERVER[0]: No region mapping found for obj_id 5000000002
[13:54:20.353960] [WARNING] [pdc_server_region_cache.c:834] PDC_SERVER[0]: Flushed region via POSIX I/O in 0.016725 s
[13:54:20.353971] [WARNING] [pdc_server_region_cache.c:850] PDC_SERVER[0]: [2026-10-07 13:54:20.353968] Flushed 16.00 / 16.00 MB to storage
[INFO] PDC_SERVER[0]: Region flush iteration took 0.016762 s
[INFO] PDC_SERVER[0]: Starting flush for obj_id 5000000002, ndim=3
[13:54:20.355559] [WARNING] [pdc_server_region_cache.c:823] PDC_SERVER[0]: Region mapping lookup took 0.000001 s
[13:54:20.355564] [WARNING] [pdc_server_region_cache.c:828] PDC_SERVER[0]: No region mapping found for obj_id 5000000002
[13:54:20.372379] [WARNING] [pdc_server_region_cache.c:834] PDC_SERVER[0]: Flushed region via POSIX I/O in 0.016809 s
[13:54:20.372388] [WARNING] [pdc_server_region_cache.c:850] PDC_SERVER[0]: [2026-10-07 13:54:20.372385] Flushed 16.00 / 16.00 MB to storage
[INFO] PDC_SERVER[0]: Region flush iteration took 0.016835 s
[INFO] PDC_SERVER[0]: Starting flush for obj_id 5000000002, ndim=3
[13:54:20.380380] [WARNING] [pdc_server_region_cache.c:823] PDC_SERVER[0]: Region mapping lookup took 0.000000 s
[13:54:20.380384] [WARNING] [pdc_server_region_cache.c:828] PDC_SERVER[0]: No region mapping found for obj_id 5000000002
[13:54:20.397212] [WARNING] [pdc_server_region_cache.c:834] PDC_SERVER[0]: Flushed region via POSIX I/O in 0.016824 s
[13:54:20.397222] [WARNING] [pdc_server_region_cache.c:850] PDC_SERVER[0]: [2026-10-07 13:54:20.397221] Flushed 16.00 / 16.00 MB to storage
[INFO] PDC_SERVER[0]: Region flush iteration took 0.016848 s
[INFO] PDC_SERVER[0]: Starting flush for obj_id 5000000002, ndim=3
[13:54:20.398036] [WARNING] [pdc_server_region_cache.c:823] PDC_SERVER[0]: Region mapping lookup took 0.000000 s
[13:54:20.398040] [WARNING] [pdc_server_region_cache.c:828] PDC_SERVER[0]: No region mapping found for obj_id 5000000002
[13:54:20.415036] [WARNING] [pdc_server_region_cache.c:834] PDC_SERVER[0]: Flushed region via POSIX I/O in 0.016989 s
[13:54:20.415046] [WARNING] [pdc_server_region_cache.c:850] PDC_SERVER[0]: [2026-10-07 13:54:20.415043] Flushed 16.00 / 16.00 MB to storage
[INFO] PDC_SERVER[0]: Region flush iteration took 0.017016 s
[INFO] PDC_SERVER[0]: Starting flush for obj_id 6000000000, ndim=3
[13:54:20.422348] [WARNING] [pdc_server_region_cache.c:823] PDC_SERVER[0]: Region mapping lookup took 0.000000 s
[13:54:20.422352] [WARNING] [pdc_server_region_cache.c:828] PDC_SERVER[0]: No region mapping found for obj_id 6000000000
[INFO] PDC_SERVER[0]: Executing graph with json filepath /pscratch/sd/n/nlewi26/src/work_space/source/pdc/tf_client/graphs/zfp_gpu.json
[13:54:20.675346] [WARNING] [pdc_tf_server.c:393] PDC_SERVER[0]: SCHED: setting CUDA device to 0 for edge 0 func=zfp_compress
[13:54:20.675389] [WARNING] [pdc_tf_server.c:401] PDC_SERVER[0]: SCHED: executing edge 0 func=zfp_compress dev=GPU
[13:54:20.683088] [WARNING] [pdc_tf_server.c:475] PDC_SERVER[0]: SCHED: done running transformations
[13:54:20.697012] [WARNING] [pdc_tf_server.c:393] PDC_SERVER[4]: SCHED: setting CUDA device to 0 for edge 0 func=zfp_compress
[13:54:20.697042] [WARNING] [pdc_tf_server.c:401] PDC_SERVER[4]: SCHED: executing edge 0 func=zfp_compress dev=GPU
[13:54:20.706281] [WARNING] [pdc_tf_server.c:475] PDC_SERVER[4]: SCHED: done running transformations
[13:54:20.718187] [WARNING] [pdc_server_region_cache.c:834] PDC_SERVER[0]: Flushed region via POSIX I/O in 0.295823 s
[13:54:20.718222] [WARNING] [pdc_server_region_cache.c:850] PDC_SERVER[0]: [2026-10-07 13:54:20.718207] Flushed 16.00 / 16.00 MB to storage
[INFO] PDC_SERVER[0]: Region flush iteration took 0.295884 s
[13:54:20.723287] [WARNING] [pdc_tf_server.c:393] PDC_SERVER[6]: SCHED: setting CUDA device to 0 for edge 0 func=zfp_compress
[13:54:20.723316] [WARNING] [pdc_tf_server.c:401] PDC_SERVER[6]: SCHED: executing edge 0 func=zfp_compress dev=GPU
[13:54:20.733375] [WARNING] [pdc_tf_server.c:475] PDC_SERVER[6]: SCHED: done running transformations
[13:54:20.734029] [WARNING] [pdc_tf_server.c:393] PDC_SERVER[7]: SCHED: setting CUDA device to 0 for edge 0 func=zfp_compress
[13:54:20.734088] [WARNING] [pdc_tf_server.c:401] PDC_SERVER[7]: SCHED: executing edge 0 func=zfp_compress dev=GPU
[INFO] PDC_SERVER[0]: Starting flush for obj_id 6000000000, ndim=3
[13:54:20.734460] [WARNING] [pdc_server_region_cache.c:823] PDC_SERVER[0]: Region mapping lookup took 0.000000 s
[13:54:20.734464] [WARNING] [pdc_server_region_cache.c:828] PDC_SERVER[0]: No region mapping found for obj_id 6000000000
[13:54:20.745910] [WARNING] [pdc_tf_server.c:475] PDC_SERVER[7]: SCHED: done running transformations
[13:54:20.749634] [WARNING] [pdc_tf_server.c:393] PDC_SERVER[5]: SCHED: setting CUDA device to 0 for edge 0 func=zfp_compress
[13:54:20.749689] [WARNING] [pdc_tf_server.c:401] PDC_SERVER[5]: SCHED: executing edge 0 func=zfp_compress dev=GPU
[13:54:20.756629] [WARNING] [pdc_tf_server.c:393] PDC_SERVER[1]: SCHED: setting CUDA device to 0 for edge 0 func=zfp_compress
[13:54:20.756658] [WARNING] [pdc_tf_server.c:401] PDC_SERVER[1]: SCHED: executing edge 0 func=zfp_compress dev=GPU
[13:54:20.758399] [WARNING] [pdc_tf_server.c:475] PDC_SERVER[5]: SCHED: done running transformations
[13:54:20.764628] [WARNING] [pdc_tf_server.c:475] PDC_SERVER[1]: SCHED: done running transformations
[13:54:20.768657] [WARNING] [pdc_tf_server.c:393] PDC_SERVER[2]: SCHED: setting CUDA device to 0 for edge 0 func=zfp_compress
[13:54:20.768713] [WARNING] [pdc_tf_server.c:401] PDC_SERVER[2]: SCHED: executing edge 0 func=zfp_compress dev=GPU
[13:54:20.776684] [WARNING] [pdc_tf_server.c:475] PDC_SERVER[2]: SCHED: done running transformations
[13:54:20.776850] [WARNING] [pdc_tf_server.c:393] PDC_SERVER[3]: SCHED: setting CUDA device to 0 for edge 0 func=zfp_compress
[13:54:20.776927] [WARNING] [pdc_tf_server.c:401] PDC_SERVER[3]: SCHED: executing edge 0 func=zfp_compress dev=GPU
[13:54:20.786194] [WARNING] [pdc_tf_server.c:475] PDC_SERVER[3]: SCHED: done running transformations
[INFO] PDC_SERVER[0]: Executing graph with json filepath /pscratch/sd/n/nlewi26/src/work_space/source/pdc/tf_client/graphs/zfp_gpu.json
[13:54:20.976569] [WARNING] [pdc_tf_server.c:393] PDC_SERVER[0]: SCHED: setting CUDA device to 0 for edge 0 func=zfp_compress
[13:54:20.976584] [WARNING] [pdc_tf_server.c:401] PDC_SERVER[0]: SCHED: executing edge 0 func=zfp_compress dev=GPU
[13:54:20.984583] [WARNING] [pdc_tf_server.c:475] PDC_SERVER[0]: SCHED: done running transformations
[13:54:21.001144] [WARNING] [pdc_tf_server.c:393] PDC_SERVER[4]: SCHED: setting CUDA device to 0 for edge 0 func=zfp_compress
[13:54:21.001180] [WARNING] [pdc_tf_server.c:401] PDC_SERVER[4]: SCHED: executing edge 0 func=zfp_compress dev=GPU
[13:54:21.010352] [WARNING] [pdc_tf_server.c:475] PDC_SERVER[4]: SCHED: done running transformations
[13:54:21.019926] [WARNING] [pdc_server_region_cache.c:834] PDC_SERVER[0]: Flushed region via POSIX I/O in 0.285452 s
[13:54:21.019939] [WARNING] [pdc_server_region_cache.c:850] PDC_SERVER[0]: [2026-10-07 13:54:21.019936] Flushed 16.00 / 16.00 MB to storage
[INFO] PDC_SERVER[0]: Region flush iteration took 0.285486 s
[INFO] PDC_SERVER[0]: Starting flush for obj_id 6000000000, ndim=3
[13:54:21.021486] [WARNING] [pdc_server_region_cache.c:823] PDC_SERVER[0]: Region mapping lookup took 0.000001 s
[13:54:21.021491] [WARNING] [pdc_server_region_cache.c:828] PDC_SERVER[0]: No region mapping found for obj_id 6000000000
[13:54:21.029409] [WARNING] [pdc_tf_server.c:393] PDC_SERVER[6]: SCHED: setting CUDA device to 0 for edge 0 func=zfp_compress
[13:54:21.029472] [WARNING] [pdc_tf_server.c:401] PDC_SERVER[6]: SCHED: executing edge 0 func=zfp_compress dev=GPU
[13:54:21.038528] [WARNING] [pdc_tf_server.c:475] PDC_SERVER[6]: SCHED: done running transformations
[13:54:21.042103] [WARNING] [pdc_tf_server.c:393] PDC_SERVER[7]: SCHED: setting CUDA device to 0 for edge 0 func=zfp_compress
[13:54:21.042167] [WARNING] [pdc_tf_server.c:401] PDC_SERVER[7]: SCHED: executing edge 0 func=zfp_compress dev=GPU
[13:54:21.048913] [WARNING] [pdc_tf_server.c:393] PDC_SERVER[1]: SCHED: setting CUDA device to 0 for edge 0 func=zfp_compress
[13:54:21.048942] [WARNING] [pdc_tf_server.c:401] PDC_SERVER[1]: SCHED: executing edge 0 func=zfp_compress dev=GPU
[13:54:21.049384] [WARNING] [pdc_tf_server.c:393] PDC_SERVER[5]: SCHED: setting CUDA device to 0 for edge 0 func=zfp_compress
[13:54:21.049412] [WARNING] [pdc_tf_server.c:401] PDC_SERVER[5]: SCHED: executing edge 0 func=zfp_compress dev=GPU
[13:54:21.051271] [WARNING] [pdc_tf_server.c:475] PDC_SERVER[7]: SCHED: done running transformations
[13:54:21.057336] [WARNING] [pdc_tf_server.c:475] PDC_SERVER[1]: SCHED: done running transformations
[13:54:21.058603] [WARNING] [pdc_tf_server.c:475] PDC_SERVER[5]: SCHED: done running transformations
[13:54:21.075870] [WARNING] [pdc_tf_server.c:393] PDC_SERVER[2]: SCHED: setting CUDA device to 0 for edge 0 func=zfp_compress
[13:54:21.075934] [WARNING] [pdc_tf_server.c:401] PDC_SERVER[2]: SCHED: executing edge 0 func=zfp_compress dev=GPU
[13:54:21.083723] [WARNING] [pdc_tf_server.c:393] PDC_SERVER[3]: SCHED: setting CUDA device to 0 for edge 0 func=zfp_compress
[13:54:21.083792] [WARNING] [pdc_tf_server.c:401] PDC_SERVER[3]: SCHED: executing edge 0 func=zfp_compress dev=GPU
[13:54:21.084176] [WARNING] [pdc_tf_server.c:475] PDC_SERVER[2]: SCHED: done running transformations
[13:54:21.094609] [WARNING] [pdc_tf_server.c:475] PDC_SERVER[3]: SCHED: done running transformations
[INFO] PDC_SERVER[0]: Executing graph with json filepath /pscratch/sd/n/nlewi26/src/work_space/source/pdc/tf_client/graphs/zfp_gpu.json
[13:54:21.264142] [WARNING] [pdc_tf_server.c:393] PDC_SERVER[0]: SCHED: setting CUDA device to 0 for edge 0 func=zfp_compress
[13:54:21.264184] [WARNING] [pdc_tf_server.c:401] PDC_SERVER[0]: SCHED: executing edge 0 func=zfp_compress dev=GPU
[13:54:21.281368] [WARNING] [pdc_tf_server.c:475] PDC_SERVER[0]: SCHED: done running transformations
[13:54:21.317652] [WARNING] [pdc_server_region_cache.c:834] PDC_SERVER[0]: Flushed region via POSIX I/O in 0.296148 s
[13:54:21.317669] [WARNING] [pdc_server_region_cache.c:850] PDC_SERVER[0]: [2026-10-07 13:54:21.317666] Flushed 16.00 / 16.00 MB to storage
[INFO] PDC_SERVER[0]: Region flush iteration took 0.296191 s
[INFO] PDC_SERVER[0]: Starting flush for obj_id 6000000000, ndim=3
[13:54:21.322596] [WARNING] [pdc_server_region_cache.c:823] PDC_SERVER[0]: Region mapping lookup took 0.000000 s
[13:54:21.322602] [WARNING] [pdc_server_region_cache.c:828] PDC_SERVER[0]: No region mapping found for obj_id 6000000000
[13:54:21.323874] [WARNING] [pdc_tf_server.c:393] PDC_SERVER[4]: SCHED: setting CUDA device to 0 for edge 0 func=zfp_compress
[13:54:21.323929] [WARNING] [pdc_tf_server.c:401] PDC_SERVER[4]: SCHED: executing edge 0 func=zfp_compress dev=GPU
[13:54:21.326434] [WARNING] [pdc_tf_server.c:393] PDC_SERVER[6]: SCHED: setting CUDA device to 0 for edge 0 func=zfp_compress
[13:54:21.326459] [WARNING] [pdc_tf_server.c:401] PDC_SERVER[6]: SCHED: executing edge 0 func=zfp_compress dev=GPU
[13:54:21.335408] [WARNING] [pdc_tf_server.c:475] PDC_SERVER[6]: SCHED: done running transformations
[13:54:21.340165] [WARNING] [pdc_tf_server.c:393] PDC_SERVER[5]: SCHED: setting CUDA device to 0 for edge 0 func=zfp_compress
[13:54:21.340197] [WARNING] [pdc_tf_server.c:401] PDC_SERVER[5]: SCHED: executing edge 0 func=zfp_compress dev=GPU
[13:54:21.341210] [WARNING] [pdc_tf_server.c:393] PDC_SERVER[7]: SCHED: setting CUDA device to 0 for edge 0 func=zfp_compress
[13:54:21.341237] [WARNING] [pdc_tf_server.c:401] PDC_SERVER[7]: SCHED: executing edge 0 func=zfp_compress dev=GPU
[13:54:21.350216] [WARNING] [pdc_tf_server.c:475] PDC_SERVER[7]: SCHED: done running transformations
[13:54:21.350964] [WARNING] [pdc_tf_server.c:475] PDC_SERVER[4]: SCHED: done running transformations
[13:54:21.363468] [WARNING] [pdc_tf_server.c:475] PDC_SERVER[5]: SCHED: done running transformations
[13:54:21.366306] [WARNING] [pdc_tf_server.c:393] PDC_SERVER[1]: SCHED: setting CUDA device to 0 for edge 0 func=zfp_compress
[13:54:21.366342] [WARNING] [pdc_tf_server.c:401] PDC_SERVER[1]: SCHED: executing edge 0 func=zfp_compress dev=GPU
[13:54:21.375796] [WARNING] [pdc_tf_server.c:475] PDC_SERVER[1]: SCHED: done running transformations
[13:54:21.380078] [WARNING] [pdc_tf_server.c:393] PDC_SERVER[3]: SCHED: setting CUDA device to 0 for edge 0 func=zfp_compress
[13:54:21.380104] [WARNING] [pdc_tf_server.c:401] PDC_SERVER[3]: SCHED: executing edge 0 func=zfp_compress dev=GPU
[13:54:21.386300] [WARNING] [pdc_tf_server.c:393] PDC_SERVER[2]: SCHED: setting CUDA device to 0 for edge 0 func=zfp_compress
[13:54:21.386327] [WARNING] [pdc_tf_server.c:401] PDC_SERVER[2]: SCHED: executing edge 0 func=zfp_compress dev=GPU
[13:54:21.394783] [WARNING] [pdc_tf_server.c:475] PDC_SERVER[3]: SCHED: done running transformations
[13:54:21.403621] [WARNING] [pdc_tf_server.c:475] PDC_SERVER[2]: SCHED: done running transformations
[INFO] PDC_SERVER[0]: Executing graph with json filepath /pscratch/sd/n/nlewi26/src/work_space/source/pdc/tf_client/graphs/zfp_gpu.json
[13:54:21.566674] [WARNING] [pdc_tf_server.c:393] PDC_SERVER[0]: SCHED: setting CUDA device to 0 for edge 0 func=zfp_compress
[13:54:21.566714] [WARNING] [pdc_tf_server.c:401] PDC_SERVER[0]: SCHED: executing edge 0 func=zfp_compress dev=GPU
[13:54:21.574560] [WARNING] [pdc_tf_server.c:475] PDC_SERVER[0]: SCHED: done running transformations
[13:54:21.609780] [WARNING] [pdc_server_region_cache.c:834] PDC_SERVER[0]: Flushed region via POSIX I/O in 0.287167 s
[13:54:21.609795] [WARNING] [pdc_server_region_cache.c:850] PDC_SERVER[0]: [2026-10-07 13:54:21.609792] Flushed 16.00 / 16.00 MB to storage
[INFO] PDC_SERVER[0]: Region flush iteration took 0.287217 s
[INFO] PDC_SERVER[0]: Starting flush for obj_id 6000000000, ndim=3
[13:54:21.611377] [WARNING] [pdc_server_region_cache.c:823] PDC_SERVER[0]: Region mapping lookup took 0.000001 s
[13:54:21.611382] [WARNING] [pdc_server_region_cache.c:828] PDC_SERVER[0]: No region mapping found for obj_id 6000000000
[13:54:21.622566] [WARNING] [pdc_tf_server.c:393] PDC_SERVER[6]: SCHED: setting CUDA device to 0 for edge 0 func=zfp_compress
[13:54:21.622592] [WARNING] [pdc_tf_server.c:401] PDC_SERVER[6]: SCHED: executing edge 0 func=zfp_compress dev=GPU
[13:54:21.635177] [WARNING] [pdc_tf_server.c:393] PDC_SERVER[7]: SCHED: setting CUDA device to 0 for edge 0 func=zfp_compress
[13:54:21.635204] [WARNING] [pdc_tf_server.c:401] PDC_SERVER[7]: SCHED: executing edge 0 func=zfp_compress dev=GPU
[13:54:21.640667] [WARNING] [pdc_tf_server.c:475] PDC_SERVER[6]: SCHED: done running transformations
[13:54:21.641662] [WARNING] [pdc_tf_server.c:393] PDC_SERVER[4]: SCHED: setting CUDA device to 0 for edge 0 func=zfp_compress
[13:54:21.641727] [WARNING] [pdc_tf_server.c:401] PDC_SERVER[4]: SCHED: executing edge 0 func=zfp_compress dev=GPU
[13:54:21.644675] [WARNING] [pdc_tf_server.c:393] PDC_SERVER[5]: SCHED: setting CUDA device to 0 for edge 0 func=zfp_compress
[13:54:21.644729] [WARNING] [pdc_tf_server.c:401] PDC_SERVER[5]: SCHED: executing edge 0 func=zfp_compress dev=GPU
[13:54:21.650216] [WARNING] [pdc_tf_server.c:475] PDC_SERVER[4]: SCHED: done running transformations
[13:54:21.650475] [WARNING] [pdc_tf_server.c:475] PDC_SERVER[7]: SCHED: done running transformations
[13:54:21.653217] [WARNING] [pdc_tf_server.c:475] PDC_SERVER[5]: SCHED: done running transformations
[13:54:21.681338] [WARNING] [pdc_tf_server.c:393] PDC_SERVER[3]: SCHED: setting CUDA device to 0 for edge 0 func=zfp_compress
[13:54:21.681367] [WARNING] [pdc_tf_server.c:401] PDC_SERVER[3]: SCHED: executing edge 0 func=zfp_compress dev=GPU
[13:54:21.688635] [WARNING] [pdc_tf_server.c:475] PDC_SERVER[3]: SCHED: done running transformations
[13:54:21.690374] [WARNING] [pdc_tf_server.c:393] PDC_SERVER[2]: SCHED: setting CUDA device to 0 for edge 0 func=zfp_compress
[13:54:21.690400] [WARNING] [pdc_tf_server.c:401] PDC_SERVER[2]: SCHED: executing edge 0 func=zfp_compress dev=GPU
[13:54:21.698187] [WARNING] [pdc_tf_server.c:475] PDC_SERVER[2]: SCHED: done running transformations
[13:54:21.707881] [WARNING] [pdc_tf_server.c:393] PDC_SERVER[1]: SCHED: setting CUDA device to 0 for edge 0 func=zfp_compress
[13:54:21.707914] [WARNING] [pdc_tf_server.c:401] PDC_SERVER[1]: SCHED: executing edge 0 func=zfp_compress dev=GPU
[13:54:21.729090] [WARNING] [pdc_tf_server.c:475] PDC_SERVER[1]: SCHED: done running transformations
[INFO] PDC_SERVER[0]: Executing graph with json filepath /pscratch/sd/n/nlewi26/src/work_space/source/pdc/tf_client/graphs/zfp_gpu.json
[13:54:21.857200] [WARNING] [pdc_tf_server.c:393] PDC_SERVER[0]: SCHED: setting CUDA device to 0 for edge 0 func=zfp_compress
[13:54:21.857215] [WARNING] [pdc_tf_server.c:401] PDC_SERVER[0]: SCHED: executing edge 0 func=zfp_compress dev=GPU
[13:54:21.865191] [WARNING] [pdc_tf_server.c:475] PDC_SERVER[0]: SCHED: done running transformations
[13:54:21.901184] [WARNING] [pdc_server_region_cache.c:834] PDC_SERVER[0]: Flushed region via POSIX I/O in 0.289790 s
[13:54:21.901200] [WARNING] [pdc_server_region_cache.c:850] PDC_SERVER[0]: [2026-10-07 13:54:21.901197] Flushed 16.00 / 16.00 MB to storage
[INFO] PDC_SERVER[0]: Region flush iteration took 0.289831 s
[INFO] PDC_SERVER[0]: Starting flush for obj_id 6000000000, ndim=3
[13:54:21.902623] [WARNING] [pdc_server_region_cache.c:823] PDC_SERVER[0]: Region mapping lookup took 0.000001 s
[13:54:21.902627] [WARNING] [pdc_server_region_cache.c:828] PDC_SERVER[0]: No region mapping found for obj_id 6000000000
[13:54:21.927747] [WARNING] [pdc_tf_server.c:393] PDC_SERVER[6]: SCHED: setting CUDA device to 0 for edge 0 func=zfp_compress
[13:54:21.927774] [WARNING] [pdc_tf_server.c:401] PDC_SERVER[6]: SCHED: executing edge 0 func=zfp_compress dev=GPU
[13:54:21.932808] [WARNING] [pdc_tf_server.c:393] PDC_SERVER[4]: SCHED: setting CUDA device to 0 for edge 0 func=zfp_compress
[13:54:21.932859] [WARNING] [pdc_tf_server.c:401] PDC_SERVER[4]: SCHED: executing edge 0 func=zfp_compress dev=GPU
[13:54:21.933690] [WARNING] [pdc_tf_server.c:393] PDC_SERVER[5]: SCHED: setting CUDA device to 0 for edge 0 func=zfp_compress
[13:54:21.933722] [WARNING] [pdc_tf_server.c:401] PDC_SERVER[5]: SCHED: executing edge 0 func=zfp_compress dev=GPU
[13:54:21.934251] [WARNING] [pdc_tf_server.c:393] PDC_SERVER[7]: SCHED: setting CUDA device to 0 for edge 0 func=zfp_compress
[13:54:21.934282] [WARNING] [pdc_tf_server.c:401] PDC_SERVER[7]: SCHED: executing edge 0 func=zfp_compress dev=GPU
[13:54:21.936727] [WARNING] [pdc_tf_server.c:475] PDC_SERVER[6]: SCHED: done running transformations
[13:54:21.942776] [WARNING] [pdc_tf_server.c:475] PDC_SERVER[4]: SCHED: done running transformations
[13:54:21.943063] [WARNING] [pdc_tf_server.c:475] PDC_SERVER[5]: SCHED: done running transformations
[13:54:21.944264] [WARNING] [pdc_tf_server.c:475] PDC_SERVER[7]: SCHED: done running transformations
[13:54:21.990114] [WARNING] [pdc_tf_server.c:393] PDC_SERVER[2]: SCHED: setting CUDA device to 0 for edge 0 func=zfp_compress
[13:54:21.990146] [WARNING] [pdc_tf_server.c:401] PDC_SERVER[2]: SCHED: executing edge 0 func=zfp_compress dev=GPU
[13:54:21.998022] [WARNING] [pdc_tf_server.c:475] PDC_SERVER[2]: SCHED: done running transformations
[13:54:22.066398] [WARNING] [pdc_tf_server.c:393] PDC_SERVER[3]: SCHED: setting CUDA device to 0 for edge 0 func=zfp_compress
[13:54:22.066439] [WARNING] [pdc_tf_server.c:401] PDC_SERVER[3]: SCHED: executing edge 0 func=zfp_compress dev=GPU
[13:54:22.075814] [WARNING] [pdc_tf_server.c:475] PDC_SERVER[3]: SCHED: done running transformations
[13:54:22.088552] [WARNING] [pdc_tf_server.c:393] PDC_SERVER[1]: SCHED: setting CUDA device to 0 for edge 0 func=zfp_compress
[13:54:22.088581] [WARNING] [pdc_tf_server.c:401] PDC_SERVER[1]: SCHED: executing edge 0 func=zfp_compress dev=GPU
[13:54:22.103658] [WARNING] [pdc_tf_server.c:475] PDC_SERVER[1]: SCHED: done running transformations
[INFO] PDC_SERVER[0]: Executing graph with json filepath /pscratch/sd/n/nlewi26/src/work_space/source/pdc/tf_client/graphs/zfp_gpu.json
[13:54:22.150135] [WARNING] [pdc_tf_server.c:393] PDC_SERVER[0]: SCHED: setting CUDA device to 0 for edge 0 func=zfp_compress
[13:54:22.150176] [WARNING] [pdc_tf_server.c:401] PDC_SERVER[0]: SCHED: executing edge 0 func=zfp_compress dev=GPU
[13:54:22.167757] [WARNING] [pdc_tf_server.c:475] PDC_SERVER[0]: SCHED: done running transformations
[13:54:22.203801] [WARNING] [pdc_server_region_cache.c:834] PDC_SERVER[0]: Flushed region via POSIX I/O in 0.301162 s
[13:54:22.203816] [WARNING] [pdc_server_region_cache.c:850] PDC_SERVER[0]: [2026-10-07 13:54:22.203813] Flushed 16.00 / 16.00 MB to storage
[INFO] PDC_SERVER[0]: Region flush iteration took 0.301200 s
[INFO] PDC_SERVER[0]: Starting flush for obj_id 6000000000, ndim=3
[13:54:22.205463] [WARNING] [pdc_server_region_cache.c:823] PDC_SERVER[0]: Region mapping lookup took 0.000001 s
[13:54:22.205468] [WARNING] [pdc_server_region_cache.c:828] PDC_SERVER[0]: No region mapping found for obj_id 6000000000
[13:54:22.222143] [WARNING] [pdc_tf_server.c:393] PDC_SERVER[6]: SCHED: setting CUDA device to 0 for edge 0 func=zfp_compress
[13:54:22.222168] [WARNING] [pdc_tf_server.c:401] PDC_SERVER[6]: SCHED: executing edge 0 func=zfp_compress dev=GPU
[13:54:22.226105] [WARNING] [pdc_tf_server.c:393] PDC_SERVER[4]: SCHED: setting CUDA device to 0 for edge 0 func=zfp_compress
[13:54:22.226132] [WARNING] [pdc_tf_server.c:401] PDC_SERVER[4]: SCHED: executing edge 0 func=zfp_compress dev=GPU
[13:54:22.229045] [WARNING] [pdc_tf_server.c:393] PDC_SERVER[7]: SCHED: setting CUDA device to 0 for edge 0 func=zfp_compress
[13:54:22.229072] [WARNING] [pdc_tf_server.c:401] PDC_SERVER[7]: SCHED: executing edge 0 func=zfp_compress dev=GPU
[13:54:22.231287] [WARNING] [pdc_tf_server.c:475] PDC_SERVER[6]: SCHED: done running transformations
[13:54:22.239595] [WARNING] [pdc_tf_server.c:475] PDC_SERVER[7]: SCHED: done running transformations
[13:54:22.246951] [WARNING] [pdc_tf_server.c:475] PDC_SERVER[4]: SCHED: done running transformations
[13:54:22.278748] [WARNING] [pdc_tf_server.c:393] PDC_SERVER[2]: SCHED: setting CUDA device to 0 for edge 0 func=zfp_compress
[13:54:22.278776] [WARNING] [pdc_tf_server.c:401] PDC_SERVER[2]: SCHED: executing edge 0 func=zfp_compress dev=GPU
[13:54:22.280541] [WARNING] [pdc_tf_server.c:393] PDC_SERVER[5]: SCHED: setting CUDA device to 0 for edge 0 func=zfp_compress
[13:54:22.280575] [WARNING] [pdc_tf_server.c:401] PDC_SERVER[5]: SCHED: executing edge 0 func=zfp_compress dev=GPU
[13:54:22.295567] [WARNING] [pdc_tf_server.c:475] PDC_SERVER[2]: SCHED: done running transformations
[13:54:22.298778] [WARNING] [pdc_tf_server.c:475] PDC_SERVER[5]: SCHED: done running transformations
[13:54:22.434975] [WARNING] [pdc_tf_server.c:393] PDC_SERVER[1]: SCHED: setting CUDA device to 0 for edge 0 func=zfp_compress
[13:54:22.435005] [WARNING] [pdc_tf_server.c:401] PDC_SERVER[1]: SCHED: executing edge 0 func=zfp_compress dev=GPU
[13:54:22.438871] [WARNING] [pdc_tf_server.c:393] PDC_SERVER[3]: SCHED: setting CUDA device to 0 for edge 0 func=zfp_compress
[13:54:22.438901] [WARNING] [pdc_tf_server.c:401] PDC_SERVER[3]: SCHED: executing edge 0 func=zfp_compress dev=GPU
[13:54:22.443370] [WARNING] [pdc_tf_server.c:475] PDC_SERVER[1]: SCHED: done running transformations
[13:54:22.448188] [WARNING] [pdc_tf_server.c:475] PDC_SERVER[3]: SCHED: done running transformations
[INFO] PDC_SERVER[0]: Executing graph with json filepath /pscratch/sd/n/nlewi26/src/work_space/source/pdc/tf_client/graphs/zfp_gpu.json
[13:54:22.464726] [WARNING] [pdc_tf_server.c:393] PDC_SERVER[0]: SCHED: setting CUDA device to 0 for edge 0 func=zfp_compress
[13:54:22.464741] [WARNING] [pdc_tf_server.c:401] PDC_SERVER[0]: SCHED: executing edge 0 func=zfp_compress dev=GPU
[13:54:22.472953] [WARNING] [pdc_tf_server.c:475] PDC_SERVER[0]: SCHED: done running transformations
[13:54:22.508577] [WARNING] [pdc_server_region_cache.c:834] PDC_SERVER[0]: Flushed region via POSIX I/O in 0.303100 s
[13:54:22.508593] [WARNING] [pdc_server_region_cache.c:850] PDC_SERVER[0]: [2026-10-07 13:54:22.508590] Flushed 16.00 / 16.00 MB to storage
[INFO] PDC_SERVER[0]: Region flush iteration took 0.303138 s
[INFO] PDC_SERVER[0]: Starting flush for obj_id 6000000000, ndim=3
[13:54:22.510134] [WARNING] [pdc_server_region_cache.c:823] PDC_SERVER[0]: Region mapping lookup took 0.000001 s
[13:54:22.510138] [WARNING] [pdc_server_region_cache.c:828] PDC_SERVER[0]: No region mapping found for obj_id 6000000000
[13:54:22.517556] [WARNING] [pdc_tf_server.c:393] PDC_SERVER[6]: SCHED: setting CUDA device to 0 for edge 0 func=zfp_compress
[13:54:22.517608] [WARNING] [pdc_tf_server.c:401] PDC_SERVER[6]: SCHED: executing edge 0 func=zfp_compress dev=GPU
[13:54:22.521257] [WARNING] [pdc_tf_server.c:393] PDC_SERVER[7]: SCHED: setting CUDA device to 0 for edge 0 func=zfp_compress
[13:54:22.521321] [WARNING] [pdc_tf_server.c:401] PDC_SERVER[7]: SCHED: executing edge 0 func=zfp_compress dev=GPU
[13:54:22.529075] [WARNING] [pdc_tf_server.c:393] PDC_SERVER[4]: SCHED: setting CUDA device to 0 for edge 0 func=zfp_compress
[13:54:22.529127] [WARNING] [pdc_tf_server.c:401] PDC_SERVER[4]: SCHED: executing edge 0 func=zfp_compress dev=GPU
[13:54:22.535266] [WARNING] [pdc_tf_server.c:475] PDC_SERVER[6]: SCHED: done running transformations
[13:54:22.538242] [WARNING] [pdc_tf_server.c:475] PDC_SERVER[4]: SCHED: done running transformations
[13:54:22.540820] [WARNING] [pdc_tf_server.c:475] PDC_SERVER[7]: SCHED: done running transformations
[13:54:22.576674] [WARNING] [pdc_tf_server.c:393] PDC_SERVER[2]: SCHED: setting CUDA device to 0 for edge 0 func=zfp_compress
[13:54:22.576703] [WARNING] [pdc_tf_server.c:401] PDC_SERVER[2]: SCHED: executing edge 0 func=zfp_compress dev=GPU
[13:54:22.580703] [WARNING] [pdc_tf_server.c:393] PDC_SERVER[5]: SCHED: setting CUDA device to 0 for edge 0 func=zfp_compress
[13:54:22.580732] [WARNING] [pdc_tf_server.c:401] PDC_SERVER[5]: SCHED: executing edge 0 func=zfp_compress dev=GPU
[13:54:22.584672] [WARNING] [pdc_tf_server.c:475] PDC_SERVER[2]: SCHED: done running transformations
[13:54:22.589844] [WARNING] [pdc_tf_server.c:475] PDC_SERVER[5]: SCHED: done running transformations
[13:54:22.729177] [WARNING] [pdc_tf_server.c:393] PDC_SERVER[1]: SCHED: setting CUDA device to 0 for edge 0 func=zfp_compress
[13:54:22.729204] [WARNING] [pdc_tf_server.c:401] PDC_SERVER[1]: SCHED: executing edge 0 func=zfp_compress dev=GPU
[13:54:22.737523] [WARNING] [pdc_tf_server.c:475] PDC_SERVER[1]: SCHED: done running transformations
[INFO] PDC_SERVER[0]: Executing graph with json filepath /pscratch/sd/n/nlewi26/src/work_space/source/pdc/tf_client/graphs/zfp_gpu.json
[13:54:22.754996] [WARNING] [pdc_tf_server.c:393] PDC_SERVER[0]: SCHED: setting CUDA device to 0 for edge 0 func=zfp_compress
[13:54:22.755012] [WARNING] [pdc_tf_server.c:401] PDC_SERVER[0]: SCHED: executing edge 0 func=zfp_compress dev=GPU
[13:54:22.763246] [WARNING] [pdc_tf_server.c:475] PDC_SERVER[0]: SCHED: done running transformations
[13:54:22.764692] [WARNING] [pdc_tf_server.c:393] PDC_SERVER[3]: SCHED: setting CUDA device to 0 for edge 0 func=zfp_compress
[13:54:22.764722] [WARNING] [pdc_tf_server.c:401] PDC_SERVER[3]: SCHED: executing edge 0 func=zfp_compress dev=GPU
[13:54:22.785215] [WARNING] [pdc_tf_server.c:475] PDC_SERVER[3]: SCHED: done running transformations
[13:54:22.799334] [WARNING] [pdc_server_region_cache.c:834] PDC_SERVER[0]: Flushed region via POSIX I/O in 0.289185 s
[13:54:22.799361] [WARNING] [pdc_server_region_cache.c:850] PDC_SERVER[0]: [2026-10-07 13:54:22.799356] Flushed 16.00 / 16.00 MB to storage
[INFO] PDC_SERVER[0]: Region flush iteration took 0.289238 s
[INFO] PDC_SERVER[0]: Starting flush for obj_id 6000000000, ndim=3
[13:54:22.800950] [WARNING] [pdc_server_region_cache.c:823] PDC_SERVER[0]: Region mapping lookup took 0.000001 s
[13:54:22.800955] [WARNING] [pdc_server_region_cache.c:828] PDC_SERVER[0]: No region mapping found for obj_id 6000000000
[13:54:22.820937] [WARNING] [pdc_tf_server.c:393] PDC_SERVER[6]: SCHED: setting CUDA device to 0 for edge 0 func=zfp_compress
[13:54:22.820964] [WARNING] [pdc_tf_server.c:401] PDC_SERVER[6]: SCHED: executing edge 0 func=zfp_compress dev=GPU
[13:54:22.825240] [WARNING] [pdc_tf_server.c:393] PDC_SERVER[4]: SCHED: setting CUDA device to 0 for edge 0 func=zfp_compress
[13:54:22.825306] [WARNING] [pdc_tf_server.c:401] PDC_SERVER[4]: SCHED: executing edge 0 func=zfp_compress dev=GPU
[13:54:22.827444] [WARNING] [pdc_tf_server.c:393] PDC_SERVER[7]: SCHED: setting CUDA device to 0 for edge 0 func=zfp_compress
[13:54:22.827473] [WARNING] [pdc_tf_server.c:401] PDC_SERVER[7]: SCHED: executing edge 0 func=zfp_compress dev=GPU
[13:54:22.830023] [WARNING] [pdc_tf_server.c:475] PDC_SERVER[6]: SCHED: done running transformations
[13:54:22.835150] [WARNING] [pdc_tf_server.c:475] PDC_SERVER[4]: SCHED: done running transformations
[13:54:22.836328] [WARNING] [pdc_tf_server.c:475] PDC_SERVER[7]: SCHED: done running transformations
[13:54:22.866252] [WARNING] [pdc_tf_server.c:393] PDC_SERVER[2]: SCHED: setting CUDA device to 0 for edge 0 func=zfp_compress
[13:54:22.866306] [WARNING] [pdc_tf_server.c:401] PDC_SERVER[2]: SCHED: executing edge 0 func=zfp_compress dev=GPU
[13:54:22.875563] [WARNING] [pdc_tf_server.c:475] PDC_SERVER[2]: SCHED: done running transformations
[13:54:22.881067] [WARNING] [pdc_tf_server.c:393] PDC_SERVER[5]: SCHED: setting CUDA device to 0 for edge 0 func=zfp_compress
[13:54:22.881118] [WARNING] [pdc_tf_server.c:401] PDC_SERVER[5]: SCHED: executing edge 0 func=zfp_compress dev=GPU
[13:54:22.890353] [WARNING] [pdc_tf_server.c:475] PDC_SERVER[5]: SCHED: done running transformations
[13:54:23.023279] [WARNING] [pdc_tf_server.c:393] PDC_SERVER[1]: SCHED: setting CUDA device to 0 for edge 0 func=zfp_compress
[13:54:23.023309] [WARNING] [pdc_tf_server.c:401] PDC_SERVER[1]: SCHED: executing edge 0 func=zfp_compress dev=GPU
[13:54:23.040716] [WARNING] [pdc_tf_server.c:475] PDC_SERVER[1]: SCHED: done running transformations
[INFO] PDC_SERVER[0]: Executing graph with json filepath /pscratch/sd/n/nlewi26/src/work_space/source/pdc/tf_client/graphs/zfp_gpu.json
[13:54:23.045883] [WARNING] [pdc_tf_server.c:393] PDC_SERVER[0]: SCHED: setting CUDA device to 0 for edge 0 func=zfp_compress
[13:54:23.045898] [WARNING] [pdc_tf_server.c:401] PDC_SERVER[0]: SCHED: executing edge 0 func=zfp_compress dev=GPU
[13:54:23.060293] [WARNING] [pdc_tf_server.c:475] PDC_SERVER[0]: SCHED: done running transformations
[13:54:23.068498] [WARNING] [pdc_tf_server.c:393] PDC_SERVER[3]: SCHED: setting CUDA device to 0 for edge 0 func=zfp_compress
[13:54:23.068524] [WARNING] [pdc_tf_server.c:401] PDC_SERVER[3]: SCHED: executing edge 0 func=zfp_compress dev=GPU
[13:54:23.076624] [WARNING] [pdc_tf_server.c:475] PDC_SERVER[3]: SCHED: done running transformations
[13:54:23.097338] [WARNING] [pdc_server_region_cache.c:834] PDC_SERVER[0]: Flushed region via POSIX I/O in 0.296374 s
[13:54:23.097352] [WARNING] [pdc_server_region_cache.c:850] PDC_SERVER[0]: [2026-10-07 13:54:23.097349] Flushed 16.00 / 16.00 MB to storage
[INFO] PDC_SERVER[0]: Region flush iteration took 0.296411 s
[INFO] PDC_SERVER[0]: Starting flush for obj_id 6000000000, ndim=3
[13:54:23.098902] [WARNING] [pdc_server_region_cache.c:823] PDC_SERVER[0]: Region mapping lookup took 0.000001 s
[13:54:23.098907] [WARNING] [pdc_server_region_cache.c:828] PDC_SERVER[0]: No region mapping found for obj_id 6000000000
[13:54:23.114415] [WARNING] [pdc_tf_server.c:393] PDC_SERVER[4]: SCHED: setting CUDA device to 0 for edge 0 func=zfp_compress
[13:54:23.114443] [WARNING] [pdc_tf_server.c:401] PDC_SERVER[4]: SCHED: executing edge 0 func=zfp_compress dev=GPU
[13:54:23.115549] [WARNING] [pdc_tf_server.c:393] PDC_SERVER[6]: SCHED: setting CUDA device to 0 for edge 0 func=zfp_compress
[13:54:23.115577] [WARNING] [pdc_tf_server.c:401] PDC_SERVER[6]: SCHED: executing edge 0 func=zfp_compress dev=GPU
[13:54:23.118554] [WARNING] [pdc_tf_server.c:393] PDC_SERVER[7]: SCHED: setting CUDA device to 0 for edge 0 func=zfp_compress
[13:54:23.118581] [WARNING] [pdc_tf_server.c:401] PDC_SERVER[7]: SCHED: executing edge 0 func=zfp_compress dev=GPU
[13:54:23.124581] [WARNING] [pdc_tf_server.c:475] PDC_SERVER[6]: SCHED: done running transformations
[13:54:23.127560] [WARNING] [pdc_tf_server.c:475] PDC_SERVER[7]: SCHED: done running transformations
[13:54:23.128851] [WARNING] [pdc_tf_server.c:475] PDC_SERVER[4]: SCHED: done running transformations
[13:54:23.156106] [WARNING] [pdc_tf_server.c:393] PDC_SERVER[2]: SCHED: setting CUDA device to 0 for edge 0 func=zfp_compress
[13:54:23.156132] [WARNING] [pdc_tf_server.c:401] PDC_SERVER[2]: SCHED: executing edge 0 func=zfp_compress dev=GPU
[13:54:23.177517] [WARNING] [pdc_tf_server.c:475] PDC_SERVER[2]: SCHED: done running transformations
[13:54:23.181247] [WARNING] [pdc_tf_server.c:393] PDC_SERVER[5]: SCHED: setting CUDA device to 0 for edge 0 func=zfp_compress
[13:54:23.181275] [WARNING] [pdc_tf_server.c:401] PDC_SERVER[5]: SCHED: executing edge 0 func=zfp_compress dev=GPU
[13:54:23.189358] [WARNING] [pdc_tf_server.c:475] PDC_SERVER[5]: SCHED: done running transformations
[13:54:23.332335] [WARNING] [pdc_tf_server.c:393] PDC_SERVER[1]: SCHED: setting CUDA device to 0 for edge 0 func=zfp_compress
[13:54:23.332364] [WARNING] [pdc_tf_server.c:401] PDC_SERVER[1]: SCHED: executing edge 0 func=zfp_compress dev=GPU
[13:54:23.340668] [WARNING] [pdc_tf_server.c:475] PDC_SERVER[1]: SCHED: done running transformations
[INFO] PDC_SERVER[0]: Executing graph with json filepath /pscratch/sd/n/nlewi26/src/work_space/source/pdc/tf_client/graphs/zfp_gpu.json
[13:54:23.343603] [WARNING] [pdc_tf_server.c:393] PDC_SERVER[0]: SCHED: setting CUDA device to 0 for edge 0 func=zfp_compress
[13:54:23.343643] [WARNING] [pdc_tf_server.c:401] PDC_SERVER[0]: SCHED: executing edge 0 func=zfp_compress dev=GPU
[13:54:23.352264] [WARNING] [pdc_tf_server.c:475] PDC_SERVER[0]: SCHED: done running transformations
[13:54:23.359356] [WARNING] [pdc_tf_server.c:393] PDC_SERVER[3]: SCHED: setting CUDA device to 0 for edge 0 func=zfp_compress
[13:54:23.359391] [WARNING] [pdc_tf_server.c:401] PDC_SERVER[3]: SCHED: executing edge 0 func=zfp_compress dev=GPU
[13:54:23.367459] [WARNING] [pdc_tf_server.c:475] PDC_SERVER[3]: SCHED: done running transformations
[13:54:23.388702] [WARNING] [pdc_server_region_cache.c:834] PDC_SERVER[0]: Flushed region via POSIX I/O in 0.289784 s
[13:54:23.388727] [WARNING] [pdc_server_region_cache.c:850] PDC_SERVER[0]: [2026-10-07 13:54:23.388722] Flushed 16.00 / 16.00 MB to storage
[INFO] PDC_SERVER[0]: Region flush iteration took 0.289834 s
[INFO] PDC_SERVER[0]: Starting flush for obj_id 6000000000, ndim=3
[13:54:23.390317] [WARNING] [pdc_server_region_cache.c:823] PDC_SERVER[0]: Region mapping lookup took 0.000001 s
[13:54:23.390322] [WARNING] [pdc_server_region_cache.c:828] PDC_SERVER[0]: No region mapping found for obj_id 6000000000
[13:54:23.408767] [WARNING] [pdc_tf_server.c:393] PDC_SERVER[7]: SCHED: setting CUDA device to 0 for edge 0 func=zfp_compress
[13:54:23.408792] [WARNING] [pdc_tf_server.c:401] PDC_SERVER[7]: SCHED: executing edge 0 func=zfp_compress dev=GPU
[13:54:23.410117] [WARNING] [pdc_tf_server.c:393] PDC_SERVER[6]: SCHED: setting CUDA device to 0 for edge 0 func=zfp_compress
[13:54:23.410144] [WARNING] [pdc_tf_server.c:401] PDC_SERVER[6]: SCHED: executing edge 0 func=zfp_compress dev=GPU
[13:54:23.420135] [WARNING] [pdc_tf_server.c:393] PDC_SERVER[4]: SCHED: setting CUDA device to 0 for edge 0 func=zfp_compress
[13:54:23.420166] [WARNING] [pdc_tf_server.c:401] PDC_SERVER[4]: SCHED: executing edge 0 func=zfp_compress dev=GPU
[13:54:23.428231] [WARNING] [pdc_tf_server.c:475] PDC_SERVER[7]: SCHED: done running transformations
[13:54:23.430718] [WARNING] [pdc_tf_server.c:475] PDC_SERVER[4]: SCHED: done running transformations
[13:54:23.430989] [WARNING] [pdc_tf_server.c:475] PDC_SERVER[6]: SCHED: done running transformations
[13:54:23.456301] [WARNING] [pdc_tf_server.c:393] PDC_SERVER[2]: SCHED: setting CUDA device to 0 for edge 0 func=zfp_compress
[13:54:23.456330] [WARNING] [pdc_tf_server.c:401] PDC_SERVER[2]: SCHED: executing edge 0 func=zfp_compress dev=GPU
[13:54:23.465446] [WARNING] [pdc_tf_server.c:475] PDC_SERVER[2]: SCHED: done running transformations
[13:54:23.472371] [WARNING] [pdc_tf_server.c:393] PDC_SERVER[5]: SCHED: setting CUDA device to 0 for edge 0 func=zfp_compress
[13:54:23.472478] [WARNING] [pdc_tf_server.c:401] PDC_SERVER[5]: SCHED: executing edge 0 func=zfp_compress dev=GPU
[13:54:23.480590] [WARNING] [pdc_tf_server.c:475] PDC_SERVER[5]: SCHED: done running transformations
[13:54:23.626174] [WARNING] [pdc_tf_server.c:393] PDC_SERVER[1]: SCHED: setting CUDA device to 0 for edge 0 func=zfp_compress
[13:54:23.626218] [WARNING] [pdc_tf_server.c:401] PDC_SERVER[1]: SCHED: executing edge 0 func=zfp_compress dev=GPU
[INFO] PDC_SERVER[0]: Executing graph with json filepath /pscratch/sd/n/nlewi26/src/work_space/source/pdc/tf_client/graphs/zfp_gpu.json
[13:54:23.634354] [WARNING] [pdc_tf_server.c:393] PDC_SERVER[0]: SCHED: setting CUDA device to 0 for edge 0 func=zfp_compress
[13:54:23.634369] [WARNING] [pdc_tf_server.c:401] PDC_SERVER[0]: SCHED: executing edge 0 func=zfp_compress dev=GPU
[13:54:23.634544] [WARNING] [pdc_tf_server.c:475] PDC_SERVER[1]: SCHED: done running transformations
[13:54:23.643569] [WARNING] [pdc_tf_server.c:475] PDC_SERVER[0]: SCHED: done running transformations
[13:54:23.650834] [WARNING] [pdc_tf_server.c:393] PDC_SERVER[3]: SCHED: setting CUDA device to 0 for edge 0 func=zfp_compress
[13:54:23.650869] [WARNING] [pdc_tf_server.c:401] PDC_SERVER[3]: SCHED: executing edge 0 func=zfp_compress dev=GPU
[13:54:23.666176] [WARNING] [pdc_tf_server.c:475] PDC_SERVER[3]: SCHED: done running transformations
[13:54:23.679674] [WARNING] [pdc_server_region_cache.c:834] PDC_SERVER[0]: Flushed region via POSIX I/O in 0.289342 s
[13:54:23.679700] [WARNING] [pdc_server_region_cache.c:850] PDC_SERVER[0]: [2026-10-07 13:54:23.679695] Flushed 16.00 / 16.00 MB to storage
[INFO] PDC_SERVER[0]: Region flush iteration took 0.289393 s
[INFO] PDC_SERVER[0]: Starting flush for obj_id 6000000000, ndim=3
[13:54:23.681247] [WARNING] [pdc_server_region_cache.c:823] PDC_SERVER[0]: Region mapping lookup took 0.000001 s
[13:54:23.681252] [WARNING] [pdc_server_region_cache.c:828] PDC_SERVER[0]: No region mapping found for obj_id 6000000000
[13:54:23.716265] [WARNING] [pdc_tf_server.c:393] PDC_SERVER[4]: SCHED: setting CUDA device to 0 for edge 0 func=zfp_compress
[13:54:23.716318] [WARNING] [pdc_tf_server.c:401] PDC_SERVER[4]: SCHED: executing edge 0 func=zfp_compress dev=GPU
[13:54:23.721464] [WARNING] [pdc_tf_server.c:393] PDC_SERVER[7]: SCHED: setting CUDA device to 0 for edge 0 func=zfp_compress
[13:54:23.721491] [WARNING] [pdc_tf_server.c:401] PDC_SERVER[7]: SCHED: executing edge 0 func=zfp_compress dev=GPU
[13:54:23.725191] [WARNING] [pdc_tf_server.c:475] PDC_SERVER[4]: SCHED: done running transformations
[13:54:23.726148] [WARNING] [pdc_tf_server.c:393] PDC_SERVER[6]: SCHED: setting CUDA device to 0 for edge 0 func=zfp_compress
[13:54:23.726178] [WARNING] [pdc_tf_server.c:401] PDC_SERVER[6]: SCHED: executing edge 0 func=zfp_compress dev=GPU
[13:54:23.730283] [WARNING] [pdc_tf_server.c:475] PDC_SERVER[7]: SCHED: done running transformations
[13:54:23.735230] [WARNING] [pdc_tf_server.c:475] PDC_SERVER[6]: SCHED: done running transformations
[13:54:23.743250] [WARNING] [pdc_tf_server.c:393] PDC_SERVER[2]: SCHED: setting CUDA device to 0 for edge 0 func=zfp_compress
[13:54:23.743278] [WARNING] [pdc_tf_server.c:401] PDC_SERVER[2]: SCHED: executing edge 0 func=zfp_compress dev=GPU
[13:54:23.751267] [WARNING] [pdc_tf_server.c:475] PDC_SERVER[2]: SCHED: done running transformations
[13:54:23.765526] [WARNING] [pdc_tf_server.c:393] PDC_SERVER[5]: SCHED: setting CUDA device to 0 for edge 0 func=zfp_compress
[13:54:23.765583] [WARNING] [pdc_tf_server.c:401] PDC_SERVER[5]: SCHED: executing edge 0 func=zfp_compress dev=GPU
[13:54:23.777068] [WARNING] [pdc_tf_server.c:475] PDC_SERVER[5]: SCHED: done running transformations
[13:54:23.919914] [WARNING] [pdc_tf_server.c:393] PDC_SERVER[1]: SCHED: setting CUDA device to 0 for edge 0 func=zfp_compress
[13:54:23.919942] [WARNING] [pdc_tf_server.c:401] PDC_SERVER[1]: SCHED: executing edge 0 func=zfp_compress dev=GPU
[INFO] PDC_SERVER[0]: Executing graph with json filepath /pscratch/sd/n/nlewi26/src/work_space/source/pdc/tf_client/graphs/zfp_gpu.json
[13:54:23.924111] [WARNING] [pdc_tf_server.c:393] PDC_SERVER[0]: SCHED: setting CUDA device to 0 for edge 0 func=zfp_compress
[13:54:23.924128] [WARNING] [pdc_tf_server.c:401] PDC_SERVER[0]: SCHED: executing edge 0 func=zfp_compress dev=GPU
[13:54:23.932027] [WARNING] [pdc_tf_server.c:475] PDC_SERVER[1]: SCHED: done running transformations
[13:54:23.934207] [WARNING] [pdc_tf_server.c:475] PDC_SERVER[0]: SCHED: done running transformations
[13:54:23.950286] [WARNING] [pdc_tf_server.c:393] PDC_SERVER[3]: SCHED: setting CUDA device to 0 for edge 0 func=zfp_compress
[13:54:23.950342] [WARNING] [pdc_tf_server.c:401] PDC_SERVER[3]: SCHED: executing edge 0 func=zfp_compress dev=GPU
[13:54:23.958983] [WARNING] [pdc_tf_server.c:475] PDC_SERVER[3]: SCHED: done running transformations
[13:54:23.969795] [WARNING] [pdc_server_region_cache.c:834] PDC_SERVER[0]: Flushed region via POSIX I/O in 0.288530 s
[13:54:23.969811] [WARNING] [pdc_server_region_cache.c:850] PDC_SERVER[0]: [2026-10-07 13:54:23.969808] Flushed 16.00 / 16.00 MB to storage
[INFO] PDC_SERVER[0]: Region flush iteration took 0.288572 s
[INFO] PDC_SERVER[0]: Starting flush for obj_id 6000000000, ndim=3
[13:54:23.971351] [WARNING] [pdc_server_region_cache.c:823] PDC_SERVER[0]: Region mapping lookup took 0.000001 s
[13:54:23.971356] [WARNING] [pdc_server_region_cache.c:828] PDC_SERVER[0]: No region mapping found for obj_id 6000000000
[13:54:24.002881] [WARNING] [pdc_tf_server.c:393] PDC_SERVER[4]: SCHED: setting CUDA device to 0 for edge 0 func=zfp_compress
[13:54:24.002908] [WARNING] [pdc_tf_server.c:401] PDC_SERVER[4]: SCHED: executing edge 0 func=zfp_compress dev=GPU
[13:54:24.018733] [WARNING] [pdc_tf_server.c:393] PDC_SERVER[6]: SCHED: setting CUDA device to 0 for edge 0 func=zfp_compress
[13:54:24.018759] [WARNING] [pdc_tf_server.c:401] PDC_SERVER[6]: SCHED: executing edge 0 func=zfp_compress dev=GPU
[13:54:24.027631] [WARNING] [pdc_tf_server.c:475] PDC_SERVER[6]: SCHED: done running transformations
[13:54:24.029453] [WARNING] [pdc_tf_server.c:475] PDC_SERVER[4]: SCHED: done running transformations
[13:54:24.032646] [WARNING] [pdc_tf_server.c:393] PDC_SERVER[2]: SCHED: setting CUDA device to 0 for edge 0 func=zfp_compress
[13:54:24.032675] [WARNING] [pdc_tf_server.c:401] PDC_SERVER[2]: SCHED: executing edge 0 func=zfp_compress dev=GPU
[13:54:24.036215] [WARNING] [pdc_tf_server.c:393] PDC_SERVER[7]: SCHED: setting CUDA device to 0 for edge 0 func=zfp_compress
[13:54:24.036269] [WARNING] [pdc_tf_server.c:401] PDC_SERVER[7]: SCHED: executing edge 0 func=zfp_compress dev=GPU
[13:54:24.047399] [WARNING] [pdc_tf_server.c:475] PDC_SERVER[7]: SCHED: done running transformations
[13:54:24.049998] [WARNING] [pdc_tf_server.c:475] PDC_SERVER[2]: SCHED: done running transformations
[13:54:24.059688] [WARNING] [pdc_tf_server.c:393] PDC_SERVER[5]: SCHED: setting CUDA device to 0 for edge 0 func=zfp_compress
[13:54:24.059712] [WARNING] [pdc_tf_server.c:401] PDC_SERVER[5]: SCHED: executing edge 0 func=zfp_compress dev=GPU
[13:54:24.073034] [WARNING] [pdc_tf_server.c:475] PDC_SERVER[5]: SCHED: done running transformations
[INFO] PDC_SERVER[0]: Executing graph with json filepath /pscratch/sd/n/nlewi26/src/work_space/source/pdc/tf_client/graphs/zfp_gpu.json
[13:54:24.215876] [WARNING] [pdc_tf_server.c:393] PDC_SERVER[0]: SCHED: setting CUDA device to 0 for edge 0 func=zfp_compress
[13:54:24.215894] [WARNING] [pdc_tf_server.c:401] PDC_SERVER[0]: SCHED: executing edge 0 func=zfp_compress dev=GPU
[13:54:24.216035] [WARNING] [pdc_tf_server.c:393] PDC_SERVER[1]: SCHED: setting CUDA device to 0 for edge 0 func=zfp_compress
[13:54:24.216061] [WARNING] [pdc_tf_server.c:401] PDC_SERVER[1]: SCHED: executing edge 0 func=zfp_compress dev=GPU
[13:54:24.224896] [WARNING] [pdc_tf_server.c:475] PDC_SERVER[0]: SCHED: done running transformations
[13:54:24.225931] [WARNING] [pdc_tf_server.c:475] PDC_SERVER[1]: SCHED: done running transformations
[13:54:24.240722] [WARNING] [pdc_tf_server.c:393] PDC_SERVER[3]: SCHED: setting CUDA device to 0 for edge 0 func=zfp_compress
[13:54:24.240749] [WARNING] [pdc_tf_server.c:401] PDC_SERVER[3]: SCHED: executing edge 0 func=zfp_compress dev=GPU
[13:54:24.248609] [WARNING] [pdc_tf_server.c:475] PDC_SERVER[3]: SCHED: done running transformations
[13:54:24.260275] [WARNING] [pdc_server_region_cache.c:834] PDC_SERVER[0]: Flushed region via POSIX I/O in 0.288907 s
[13:54:24.260296] [WARNING] [pdc_server_region_cache.c:850] PDC_SERVER[0]: [2026-10-07 13:54:24.260291] Flushed 16.00 / 16.00 MB to storage
[INFO] PDC_SERVER[0]: Region flush iteration took 0.288955 s
[INFO] PDC_SERVER[0]: Starting flush for obj_id 6000000000, ndim=3
[13:54:24.261792] [WARNING] [pdc_server_region_cache.c:823] PDC_SERVER[0]: Region mapping lookup took 0.000001 s
[13:54:24.261800] [WARNING] [pdc_server_region_cache.c:828] PDC_SERVER[0]: No region mapping found for obj_id 6000000000
[13:54:24.308730] [WARNING] [pdc_tf_server.c:393] PDC_SERVER[4]: SCHED: setting CUDA device to 0 for edge 0 func=zfp_compress
[13:54:24.308779] [WARNING] [pdc_tf_server.c:401] PDC_SERVER[4]: SCHED: executing edge 0 func=zfp_compress dev=GPU
[13:54:24.313181] [WARNING] [pdc_tf_server.c:393] PDC_SERVER[6]: SCHED: setting CUDA device to 0 for edge 0 func=zfp_compress
[13:54:24.313210] [WARNING] [pdc_tf_server.c:401] PDC_SERVER[6]: SCHED: executing edge 0 func=zfp_compress dev=GPU
[13:54:24.317678] [WARNING] [pdc_tf_server.c:475] PDC_SERVER[4]: SCHED: done running transformations
[13:54:24.322070] [WARNING] [pdc_tf_server.c:475] PDC_SERVER[6]: SCHED: done running transformations
[13:54:24.330308] [WARNING] [pdc_tf_server.c:393] PDC_SERVER[2]: SCHED: setting CUDA device to 0 for edge 0 func=zfp_compress
[13:54:24.330335] [WARNING] [pdc_tf_server.c:401] PDC_SERVER[2]: SCHED: executing edge 0 func=zfp_compress dev=GPU
[13:54:24.331681] [WARNING] [pdc_tf_server.c:393] PDC_SERVER[7]: SCHED: setting CUDA device to 0 for edge 0 func=zfp_compress
[13:54:24.331709] [WARNING] [pdc_tf_server.c:401] PDC_SERVER[7]: SCHED: executing edge 0 func=zfp_compress dev=GPU
[13:54:24.338354] [WARNING] [pdc_tf_server.c:475] PDC_SERVER[2]: SCHED: done running transformations
[13:54:24.340494] [WARNING] [pdc_tf_server.c:475] PDC_SERVER[7]: SCHED: done running transformations
[13:54:24.354971] [WARNING] [pdc_tf_server.c:393] PDC_SERVER[5]: SCHED: setting CUDA device to 0 for edge 0 func=zfp_compress
[13:54:24.354998] [WARNING] [pdc_tf_server.c:401] PDC_SERVER[5]: SCHED: executing edge 0 func=zfp_compress dev=GPU
[13:54:24.368367] [WARNING] [pdc_tf_server.c:475] PDC_SERVER[5]: SCHED: done running transformations
[13:54:24.509847] [WARNING] [pdc_tf_server.c:393] PDC_SERVER[1]: SCHED: setting CUDA device to 0 for edge 0 func=zfp_compress
[13:54:24.509874] [WARNING] [pdc_tf_server.c:401] PDC_SERVER[1]: SCHED: executing edge 0 func=zfp_compress dev=GPU
[INFO] PDC_SERVER[0]: Executing graph with json filepath /pscratch/sd/n/nlewi26/src/work_space/source/pdc/tf_client/graphs/zfp_gpu.json
[13:54:24.510003] [WARNING] [pdc_tf_server.c:393] PDC_SERVER[0]: SCHED: setting CUDA device to 0 for edge 0 func=zfp_compress
[13:54:24.510019] [WARNING] [pdc_tf_server.c:401] PDC_SERVER[0]: SCHED: executing edge 0 func=zfp_compress dev=GPU
[13:54:24.519450] [WARNING] [pdc_tf_server.c:475] PDC_SERVER[1]: SCHED: done running transformations
[13:54:24.520076] [WARNING] [pdc_tf_server.c:475] PDC_SERVER[0]: SCHED: done running transformations
[13:54:24.530385] [WARNING] [pdc_tf_server.c:393] PDC_SERVER[3]: SCHED: setting CUDA device to 0 for edge 0 func=zfp_compress
[13:54:24.530414] [WARNING] [pdc_tf_server.c:401] PDC_SERVER[3]: SCHED: executing edge 0 func=zfp_compress dev=GPU
[13:54:24.548924] [WARNING] [pdc_tf_server.c:475] PDC_SERVER[3]: SCHED: done running transformations
[13:54:24.556446] [WARNING] [pdc_server_region_cache.c:834] PDC_SERVER[0]: Flushed region via POSIX I/O in 0.294632 s
[13:54:24.556480] [WARNING] [pdc_server_region_cache.c:850] PDC_SERVER[0]: [2026-10-07 13:54:24.556476] Flushed 16.00 / 16.00 MB to storage
[INFO] PDC_SERVER[0]: Region flush iteration took 0.294700 s
[INFO] PDC_SERVER[0]: Starting flush for obj_id 6000000000, ndim=3
[13:54:24.558043] [WARNING] [pdc_server_region_cache.c:823] PDC_SERVER[0]: Region mapping lookup took 0.000001 s
[13:54:24.558048] [WARNING] [pdc_server_region_cache.c:828] PDC_SERVER[0]: No region mapping found for obj_id 6000000000
[13:54:24.597744] [WARNING] [pdc_tf_server.c:393] PDC_SERVER[4]: SCHED: setting CUDA device to 0 for edge 0 func=zfp_compress
[13:54:24.597772] [WARNING] [pdc_tf_server.c:401] PDC_SERVER[4]: SCHED: executing edge 0 func=zfp_compress dev=GPU
[13:54:24.607103] [WARNING] [pdc_tf_server.c:475] PDC_SERVER[4]: SCHED: done running transformations
[13:54:24.607185] [WARNING] [pdc_tf_server.c:393] PDC_SERVER[6]: SCHED: setting CUDA device to 0 for edge 0 func=zfp_compress
[13:54:24.607213] [WARNING] [pdc_tf_server.c:401] PDC_SERVER[6]: SCHED: executing edge 0 func=zfp_compress dev=GPU
[13:54:24.620748] [WARNING] [pdc_tf_server.c:475] PDC_SERVER[6]: SCHED: done running transformations
[13:54:24.622992] [WARNING] [pdc_tf_server.c:393] PDC_SERVER[2]: SCHED: setting CUDA device to 0 for edge 0 func=zfp_compress
[13:54:24.623022] [WARNING] [pdc_tf_server.c:401] PDC_SERVER[2]: SCHED: executing edge 0 func=zfp_compress dev=GPU
[13:54:24.628485] [WARNING] [pdc_tf_server.c:393] PDC_SERVER[7]: SCHED: setting CUDA device to 0 for edge 0 func=zfp_compress
[13:54:24.628513] [WARNING] [pdc_tf_server.c:401] PDC_SERVER[7]: SCHED: executing edge 0 func=zfp_compress dev=GPU
[13:54:24.631858] [WARNING] [pdc_tf_server.c:475] PDC_SERVER[2]: SCHED: done running transformations
[13:54:24.637270] [WARNING] [pdc_tf_server.c:475] PDC_SERVER[7]: SCHED: done running transformations
[13:54:24.652965] [WARNING] [pdc_tf_server.c:393] PDC_SERVER[5]: SCHED: setting CUDA device to 0 for edge 0 func=zfp_compress
[13:54:24.653017] [WARNING] [pdc_tf_server.c:401] PDC_SERVER[5]: SCHED: executing edge 0 func=zfp_compress dev=GPU
[13:54:24.660949] [WARNING] [pdc_tf_server.c:475] PDC_SERVER[5]: SCHED: done running transformations
[INFO] PDC_SERVER[0]: Executing graph with json filepath /pscratch/sd/n/nlewi26/src/work_space/source/pdc/tf_client/graphs/zfp_gpu.json
[13:54:24.800504] [WARNING] [pdc_tf_server.c:393] PDC_SERVER[0]: SCHED: setting CUDA device to 0 for edge 0 func=zfp_compress
[13:54:24.800563] [WARNING] [pdc_tf_server.c:401] PDC_SERVER[0]: SCHED: executing edge 0 func=zfp_compress dev=GPU
[13:54:24.802080] [WARNING] [pdc_tf_server.c:393] PDC_SERVER[1]: SCHED: setting CUDA device to 0 for edge 0 func=zfp_compress
[13:54:24.802107] [WARNING] [pdc_tf_server.c:401] PDC_SERVER[1]: SCHED: executing edge 0 func=zfp_compress dev=GPU
[13:54:24.820332] [WARNING] [pdc_tf_server.c:475] PDC_SERVER[1]: SCHED: done running transformations
[13:54:24.820686] [WARNING] [pdc_tf_server.c:475] PDC_SERVER[0]: SCHED: done running transformations
[13:54:24.829386] [WARNING] [pdc_tf_server.c:393] PDC_SERVER[3]: SCHED: setting CUDA device to 0 for edge 0 func=zfp_compress
[13:54:24.829415] [WARNING] [pdc_tf_server.c:401] PDC_SERVER[3]: SCHED: executing edge 0 func=zfp_compress dev=GPU
[13:54:24.837363] [WARNING] [pdc_tf_server.c:475] PDC_SERVER[3]: SCHED: done running transformations
[13:54:24.856794] [WARNING] [pdc_server_region_cache.c:834] PDC_SERVER[0]: Flushed region via POSIX I/O in 0.298733 s
[13:54:24.856820] [WARNING] [pdc_server_region_cache.c:850] PDC_SERVER[0]: [2026-10-07 13:54:24.856816] Flushed 16.00 / 16.00 MB to storage
[INFO] PDC_SERVER[0]: Region flush iteration took 0.298785 s
[INFO] PDC_SERVER[0]: Starting flush for obj_id 6000000000, ndim=3
[13:54:24.858323] [WARNING] [pdc_server_region_cache.c:823] PDC_SERVER[0]: Region mapping lookup took 0.000001 s
[13:54:24.858329] [WARNING] [pdc_server_region_cache.c:828] PDC_SERVER[0]: No region mapping found for obj_id 6000000000
[13:54:24.889707] [WARNING] [pdc_tf_server.c:393] PDC_SERVER[4]: SCHED: setting CUDA device to 0 for edge 0 func=zfp_compress
[13:54:24.889734] [WARNING] [pdc_tf_server.c:401] PDC_SERVER[4]: SCHED: executing edge 0 func=zfp_compress dev=GPU
[13:54:24.910939] [WARNING] [pdc_tf_server.c:475] PDC_SERVER[4]: SCHED: done running transformations
[13:54:24.914616] [WARNING] [pdc_tf_server.c:393] PDC_SERVER[6]: SCHED: setting CUDA device to 0 for edge 0 func=zfp_compress
[13:54:24.914644] [WARNING] [pdc_tf_server.c:401] PDC_SERVER[6]: SCHED: executing edge 0 func=zfp_compress dev=GPU
[13:54:24.915265] [WARNING] [pdc_tf_server.c:393] PDC_SERVER[2]: SCHED: setting CUDA device to 0 for edge 0 func=zfp_compress
[13:54:24.915294] [WARNING] [pdc_tf_server.c:401] PDC_SERVER[2]: SCHED: executing edge 0 func=zfp_compress dev=GPU
[13:54:24.921155] [WARNING] [pdc_tf_server.c:393] PDC_SERVER[7]: SCHED: setting CUDA device to 0 for edge 0 func=zfp_compress
[13:54:24.921185] [WARNING] [pdc_tf_server.c:401] PDC_SERVER[7]: SCHED: executing edge 0 func=zfp_compress dev=GPU
[13:54:24.923582] [WARNING] [pdc_tf_server.c:475] PDC_SERVER[6]: SCHED: done running transformations
[13:54:24.930426] [WARNING] [pdc_tf_server.c:475] PDC_SERVER[2]: SCHED: done running transformations
[13:54:24.931088] [WARNING] [pdc_tf_server.c:475] PDC_SERVER[7]: SCHED: done running transformations
[13:54:24.948022] [WARNING] [pdc_tf_server.c:393] PDC_SERVER[5]: SCHED: setting CUDA device to 0 for edge 0 func=zfp_compress
[13:54:24.948050] [WARNING] [pdc_tf_server.c:401] PDC_SERVER[5]: SCHED: executing edge 0 func=zfp_compress dev=GPU
[13:54:24.957717] [WARNING] [pdc_tf_server.c:475] PDC_SERVER[5]: SCHED: done running transformations
[INFO] PDC_SERVER[0]: Executing graph with json filepath /pscratch/sd/n/nlewi26/src/work_space/source/pdc/tf_client/graphs/zfp_gpu.json
[13:54:25.100210] [WARNING] [pdc_tf_server.c:393] PDC_SERVER[0]: SCHED: setting CUDA device to 0 for edge 0 func=zfp_compress
[13:54:25.100225] [WARNING] [pdc_tf_server.c:401] PDC_SERVER[0]: SCHED: executing edge 0 func=zfp_compress dev=GPU
[13:54:25.103984] [WARNING] [pdc_tf_server.c:393] PDC_SERVER[1]: SCHED: setting CUDA device to 0 for edge 0 func=zfp_compress
[13:54:25.104013] [WARNING] [pdc_tf_server.c:401] PDC_SERVER[1]: SCHED: executing edge 0 func=zfp_compress dev=GPU
[13:54:25.108697] [WARNING] [pdc_tf_server.c:475] PDC_SERVER[0]: SCHED: done running transformations
[13:54:25.112324] [WARNING] [pdc_tf_server.c:475] PDC_SERVER[1]: SCHED: done running transformations
[13:54:25.117514] [WARNING] [pdc_tf_server.c:393] PDC_SERVER[3]: SCHED: setting CUDA device to 0 for edge 0 func=zfp_compress
[13:54:25.117542] [WARNING] [pdc_tf_server.c:401] PDC_SERVER[3]: SCHED: executing edge 0 func=zfp_compress dev=GPU
[13:54:25.127293] [WARNING] [pdc_tf_server.c:475] PDC_SERVER[3]: SCHED: done running transformations
[13:54:25.144422] [WARNING] [pdc_server_region_cache.c:834] PDC_SERVER[0]: Flushed region via POSIX I/O in 0.286082 s
[13:54:25.144440] [WARNING] [pdc_server_region_cache.c:850] PDC_SERVER[0]: [2026-10-07 13:54:25.144436] Flushed 16.00 / 16.00 MB to storage
[INFO] PDC_SERVER[0]: Region flush iteration took 0.286125 s
[13:54:25.189808] [WARNING] [pdc_tf_server.c:393] PDC_SERVER[4]: SCHED: setting CUDA device to 0 for edge 0 func=zfp_compress
[13:54:25.189864] [WARNING] [pdc_tf_server.c:401] PDC_SERVER[4]: SCHED: executing edge 0 func=zfp_compress dev=GPU
[13:54:25.199338] [WARNING] [pdc_tf_server.c:475] PDC_SERVER[4]: SCHED: done running transformations
[13:54:25.206762] [WARNING] [pdc_tf_server.c:393] PDC_SERVER[6]: SCHED: setting CUDA device to 0 for edge 0 func=zfp_compress
[13:54:25.206788] [WARNING] [pdc_tf_server.c:401] PDC_SERVER[6]: SCHED: executing edge 0 func=zfp_compress dev=GPU
[13:54:25.211609] [WARNING] [pdc_tf_server.c:393] PDC_SERVER[7]: SCHED: setting CUDA device to 0 for edge 0 func=zfp_compress
[13:54:25.211640] [WARNING] [pdc_tf_server.c:401] PDC_SERVER[7]: SCHED: executing edge 0 func=zfp_compress dev=GPU
[13:54:25.215581] [WARNING] [pdc_tf_server.c:475] PDC_SERVER[6]: SCHED: done running transformations
[13:54:25.220513] [WARNING] [pdc_tf_server.c:475] PDC_SERVER[7]: SCHED: done running transformations
[13:54:25.226341] [WARNING] [pdc_tf_server.c:393] PDC_SERVER[2]: SCHED: setting CUDA device to 0 for edge 0 func=zfp_compress
[13:54:25.226392] [WARNING] [pdc_tf_server.c:401] PDC_SERVER[2]: SCHED: executing edge 0 func=zfp_compress dev=GPU
[13:54:25.234706] [WARNING] [pdc_tf_server.c:475] PDC_SERVER[2]: SCHED: done running transformations
[13:54:25.244908] [WARNING] [pdc_tf_server.c:393] PDC_SERVER[5]: SCHED: setting CUDA device to 0 for edge 0 func=zfp_compress
[13:54:25.244935] [WARNING] [pdc_tf_server.c:401] PDC_SERVER[5]: SCHED: executing edge 0 func=zfp_compress dev=GPU
[13:54:25.252973] [WARNING] [pdc_tf_server.c:475] PDC_SERVER[5]: SCHED: done running transformations
[13:54:25.391626] [WARNING] [pdc_tf_server.c:393] PDC_SERVER[1]: SCHED: setting CUDA device to 0 for edge 0 func=zfp_compress
[13:54:25.391653] [WARNING] [pdc_tf_server.c:401] PDC_SERVER[1]: SCHED: executing edge 0 func=zfp_compress dev=GPU
[13:54:25.399758] [WARNING] [pdc_tf_server.c:475] PDC_SERVER[1]: SCHED: done running transformations
[13:54:25.406711] [WARNING] [pdc_tf_server.c:393] PDC_SERVER[3]: SCHED: setting CUDA device to 0 for edge 0 func=zfp_compress
[13:54:25.406738] [WARNING] [pdc_tf_server.c:401] PDC_SERVER[3]: SCHED: executing edge 0 func=zfp_compress dev=GPU
[13:54:25.421910] [WARNING] [pdc_tf_server.c:475] PDC_SERVER[3]: SCHED: done running transformations
[INFO] PDC_SERVER[7]: Fetching region for obj_id=1000000001
[INFO] PDC_SERVER[7]: Checking against Object 2000000000
[INFO] PDC_SERVER[7]: Checking against Object 3000000000
[INFO] PDC_SERVER[7]: Checking against Object 4000000000
[INFO] PDC_SERVER[7]: Checking against Object 3000000002
[INFO] PDC_SERVER[7]: Checking against Object 4000000002
[INFO] PDC_SERVER[7]: Checking against Object 5000000000
[INFO] PDC_SERVER[7]: Checking against Object 4000000004
[INFO] PDC_SERVER[7]: Checking against Object 5000000002
[INFO] PDC_SERVER[7]: Checking against Object 6000000000
[INFO] PDC_SERVER[7]: Object 1000000001 NOT found in cache
[INFO] PDC_SERVER[7]: Fetching region from server for obj_id=1000000001
[INFO] PDC_SERVER[0]: Fetching region for obj_id=1000000001
[INFO] PDC_SERVER[0]: Checking against Object 2000000000
[INFO] PDC_SERVER[0]: Checking against Object 3000000000
[INFO] PDC_SERVER[0]: Checking against Object 4000000000
[INFO] PDC_SERVER[0]: Checking against Object 3000000002
[INFO] PDC_SERVER[0]: Checking against Object 4000000002
[INFO] PDC_SERVER[0]: Checking against Object 5000000000
[INFO] PDC_SERVER[0]: Checking against Object 4000000004
[INFO] PDC_SERVER[0]: Checking against Object 5000000002
[INFO] PDC_SERVER[0]: Checking against Object 6000000000
[INFO] PDC_SERVER[0]: Object 1000000001 NOT found in cache
[INFO] PDC_SERVER[0]: Fetching region from server for obj_id=1000000001
[INFO] PDC_SERVER[6]: Fetching region for obj_id=1000000001
[INFO] PDC_SERVER[6]: Checking against Object 2000000000
[INFO] PDC_SERVER[6]: Checking against Object 3000000000
[INFO] PDC_SERVER[6]: Checking against Object 4000000000
[INFO] PDC_SERVER[6]: Checking against Object 3000000002
[INFO] PDC_SERVER[6]: Checking against Object 4000000002
[INFO] PDC_SERVER[6]: Checking against Object 5000000000
[INFO] PDC_SERVER[6]: Checking against Object 4000000004
[INFO] PDC_SERVER[6]: Checking against Object 5000000002
[INFO] PDC_SERVER[6]: Checking against Object 6000000000
[INFO] PDC_SERVER[6]: Object 1000000001 NOT found in cache
[INFO] PDC_SERVER[6]: Fetching region from server for obj_id=1000000001
[INFO] PDC_SERVER[1]: Fetching region for obj_id=1000000001
[INFO] PDC_SERVER[1]: Checking against Object 2000000000
[INFO] PDC_SERVER[1]: Checking against Object 3000000000
[INFO] PDC_SERVER[1]: Checking against Object 4000000000
[INFO] PDC_SERVER[1]: Checking against Object 3000000002
[INFO] PDC_SERVER[1]: Checking against Object 4000000002
[INFO] PDC_SERVER[1]: Checking against Object 5000000000
[INFO] PDC_SERVER[1]: Checking against Object 4000000004
[INFO] PDC_SERVER[1]: Checking against Object 5000000002
[INFO] PDC_SERVER[1]: Checking against Object 6000000000
[INFO] PDC_SERVER[1]: Object 1000000001 NOT found in cache
[INFO] PDC_SERVER[1]: Fetching region from server for obj_id=1000000001
[INFO] PDC_SERVER[5]: Fetching region for obj_id=1000000001
[INFO] PDC_SERVER[5]: Checking against Object 2000000000
[INFO] PDC_SERVER[5]: Checking against Object 3000000000
[INFO] PDC_SERVER[5]: Checking against Object 4000000000
[INFO] PDC_SERVER[5]: Checking against Object 3000000002
[INFO] PDC_SERVER[5]: Checking against Object 4000000002
[INFO] PDC_SERVER[5]: Checking against Object 5000000000
[INFO] PDC_SERVER[5]: Checking against Object 4000000004
[INFO] PDC_SERVER[5]: Checking against Object 5000000002
[INFO] PDC_SERVER[5]: Checking against Object 6000000000
[INFO] PDC_SERVER[5]: Object 1000000001 NOT found in cache
[INFO] PDC_SERVER[5]: Fetching region from server for obj_id=1000000001
[INFO] PDC_SERVER[4]: Fetching region for obj_id=1000000001
[INFO] PDC_SERVER[4]: Checking against Object 2000000000
[INFO] PDC_SERVER[4]: Checking against Object 3000000000
[INFO] PDC_SERVER[4]: Checking against Object 4000000000
[INFO] PDC_SERVER[4]: Checking against Object 3000000002
[INFO] PDC_SERVER[4]: Checking against Object 4000000002
[INFO] PDC_SERVER[4]: Checking against Object 5000000000
[INFO] PDC_SERVER[4]: Checking against Object 4000000004
[INFO] PDC_SERVER[4]: Checking against Object 5000000002
[INFO] PDC_SERVER[4]: Checking against Object 6000000000
[INFO] PDC_SERVER[4]: Object 1000000001 NOT found in cache
[INFO] PDC_SERVER[4]: Fetching region from server for obj_id=1000000001
[INFO] PDC_SERVER[3]: Fetching region for obj_id=1000000001
[INFO] PDC_SERVER[3]: Checking against Object 2000000000
[INFO] PDC_SERVER[3]: Checking against Object 3000000000
[INFO] PDC_SERVER[3]: Checking against Object 4000000000
[INFO] PDC_SERVER[3]: Checking against Object 3000000002
[INFO] PDC_SERVER[3]: Checking against Object 4000000002
[INFO] PDC_SERVER[3]: Checking against Object 5000000000
[INFO] PDC_SERVER[3]: Checking against Object 4000000004
[INFO] PDC_SERVER[3]: Checking against Object 5000000002
[INFO] PDC_SERVER[3]: Checking against Object 6000000000
[INFO] PDC_SERVER[3]: Object 1000000001 NOT found in cache
[INFO] PDC_SERVER[3]: Fetching region from server for obj_id=1000000001
[INFO] PDC_SERVER[2]: Fetching region for obj_id=1000000001
[INFO] PDC_SERVER[2]: Checking against Object 2000000000
[INFO] PDC_SERVER[2]: Checking against Object 3000000000
[INFO] PDC_SERVER[2]: Checking against Object 4000000000
[INFO] PDC_SERVER[2]: Checking against Object 3000000002
[INFO] PDC_SERVER[2]: Checking against Object 4000000002
[INFO] PDC_SERVER[2]: Checking against Object 5000000000
[INFO] PDC_SERVER[2]: Checking against Object 4000000004
[INFO] PDC_SERVER[2]: Checking against Object 5000000002
[INFO] PDC_SERVER[2]: Checking against Object 6000000000
[INFO] PDC_SERVER[2]: Object 1000000001 NOT found in cache
[INFO] PDC_SERVER[2]: Fetching region from server for obj_id=1000000001
[13:54:25.483788] [WARNING] [pdc_tf_server.c:393] PDC_SERVER[7]: SCHED: setting CUDA device to 0 for edge 0 func=zfp_decompress
[13:54:25.483812] [WARNING] [pdc_tf_server.c:401] PDC_SERVER[7]: SCHED: executing edge 0 func=zfp_decompress dev=GPU
[INFO] PDC_SERVER[0]: Executing graph with json filepath /pscratch/sd/n/nlewi26/src/work_space/source/pdc/tf_client/graphs/zfp_gpu.json
[13:54:25.484692] [WARNING] [pdc_tf_server.c:393] PDC_SERVER[0]: SCHED: setting CUDA device to 0 for edge 0 func=zfp_decompress
[13:54:25.484707] [WARNING] [pdc_tf_server.c:401] PDC_SERVER[0]: SCHED: executing edge 0 func=zfp_decompress dev=GPU
[13:54:25.485626] [WARNING] [pdc_tf_server.c:393] PDC_SERVER[6]: SCHED: setting CUDA device to 0 for edge 0 func=zfp_decompress
[13:54:25.485648] [WARNING] [pdc_tf_server.c:401] PDC_SERVER[6]: SCHED: executing edge 0 func=zfp_decompress dev=GPU
[13:54:25.485738] [WARNING] [pdc_tf_server.c:393] PDC_SERVER[4]: SCHED: setting CUDA device to 0 for edge 0 func=zfp_decompress
[13:54:25.485756] [WARNING] [pdc_tf_server.c:401] PDC_SERVER[4]: SCHED: executing edge 0 func=zfp_decompress dev=GPU
[13:54:25.485834] [WARNING] [pdc_tf_server.c:393] PDC_SERVER[2]: SCHED: setting CUDA device to 0 for edge 0 func=zfp_decompress
[13:54:25.485854] [WARNING] [pdc_tf_server.c:401] PDC_SERVER[2]: SCHED: executing edge 0 func=zfp_decompress dev=GPU
[13:54:25.486754] [WARNING] [pdc_tf_server.c:393] PDC_SERVER[3]: SCHED: setting CUDA device to 0 for edge 0 func=zfp_decompress
[13:54:25.486776] [WARNING] [pdc_tf_server.c:401] PDC_SERVER[3]: SCHED: executing edge 0 func=zfp_decompress dev=GPU
[13:54:25.492616] [WARNING] [pdc_tf_server.c:475] PDC_SERVER[0]: SCHED: done running transformations
[13:54:25.493936] [WARNING] [pdc_tf_server.c:393] PDC_SERVER[1]: SCHED: setting CUDA device to 0 for edge 0 func=zfp_decompress
[13:54:25.493957] [WARNING] [pdc_tf_server.c:401] PDC_SERVER[1]: SCHED: executing edge 0 func=zfp_decompress dev=GPU
[13:54:25.494559] [WARNING] [pdc_tf_server.c:475] PDC_SERVER[2]: SCHED: done running transformations
[13:54:25.494750] [WARNING] [pdc_tf_server.c:475] PDC_SERVER[4]: SCHED: done running transformations
[13:54:25.495309] [WARNING] [pdc_tf_server.c:475] PDC_SERVER[3]: SCHED: done running transformations
[13:54:25.495825] [WARNING] [pdc_tf_server.c:393] PDC_SERVER[5]: SCHED: setting CUDA device to 0 for edge 0 func=zfp_decompress
[13:54:25.495899] [WARNING] [pdc_tf_server.c:401] PDC_SERVER[5]: SCHED: executing edge 0 func=zfp_decompress dev=GPU
[INFO] PDC_SERVER[0]: Fetching region for obj_id=1000000001
[INFO] PDC_SERVER[0]: Checking against Object 2000000000
[INFO] PDC_SERVER[0]: Checking against Object 3000000000
[INFO] PDC_SERVER[0]: Checking against Object 4000000000
[INFO] PDC_SERVER[0]: Checking against Object 3000000002
[INFO] PDC_SERVER[0]: Checking against Object 4000000002
[INFO] PDC_SERVER[0]: Checking against Object 5000000000
[INFO] PDC_SERVER[0]: Checking against Object 4000000004
[INFO] PDC_SERVER[0]: Checking against Object 5000000002
[INFO] PDC_SERVER[0]: Checking against Object 6000000000
[INFO] PDC_SERVER[0]: Object 1000000001 NOT found in cache
[INFO] PDC_SERVER[0]: Fetching region from server for obj_id=1000000001
[INFO] PDC_SERVER[2]: Fetching region for obj_id=1000000001
[INFO] PDC_SERVER[2]: Checking against Object 2000000000
[INFO] PDC_SERVER[2]: Checking against Object 3000000000
[INFO] PDC_SERVER[2]: Checking against Object 4000000000
[INFO] PDC_SERVER[2]: Checking against Object 3000000002
[INFO] PDC_SERVER[2]: Checking against Object 4000000002
[INFO] PDC_SERVER[2]: Checking against Object 5000000000
[INFO] PDC_SERVER[2]: Checking against Object 4000000004
[INFO] PDC_SERVER[2]: Checking against Object 5000000002
[INFO] PDC_SERVER[2]: Checking against Object 6000000000
[INFO] PDC_SERVER[2]: Object 1000000001 NOT found in cache
[INFO] PDC_SERVER[2]: Fetching region from server for obj_id=1000000001
[INFO] PDC_SERVER[4]: Fetching region for obj_id=1000000001
[INFO] PDC_SERVER[4]: Checking against Object 2000000000
[INFO] PDC_SERVER[4]: Checking against Object 3000000000
[INFO] PDC_SERVER[4]: Checking against Object 4000000000
[INFO] PDC_SERVER[4]: Checking against Object 3000000002
[INFO] PDC_SERVER[4]: Checking against Object 4000000002
[INFO] PDC_SERVER[4]: Checking against Object 5000000000
[INFO] PDC_SERVER[4]: Checking against Object 4000000004
[INFO] PDC_SERVER[4]: Checking against Object 5000000002
[INFO] PDC_SERVER[4]: Checking against Object 6000000000
[INFO] PDC_SERVER[4]: Object 1000000001 NOT found in cache
[INFO] PDC_SERVER[4]: Fetching region from server for obj_id=1000000001
[INFO] PDC_SERVER[3]: Fetching region for obj_id=1000000001
[INFO] PDC_SERVER[3]: Checking against Object 2000000000
[INFO] PDC_SERVER[3]: Checking against Object 3000000000
[INFO] PDC_SERVER[3]: Checking against Object 4000000000
[INFO] PDC_SERVER[3]: Checking against Object 3000000002
[INFO] PDC_SERVER[3]: Checking against Object 4000000002
[INFO] PDC_SERVER[3]: Checking against Object 5000000000
[INFO] PDC_SERVER[3]: Checking against Object 4000000004
[INFO] PDC_SERVER[3]: Checking against Object 5000000002
[INFO] PDC_SERVER[3]: Checking against Object 6000000000
[INFO] PDC_SERVER[3]: Object 1000000001 NOT found in cache
[INFO] PDC_SERVER[3]: Fetching region from server for obj_id=1000000001
[13:54:25.502042] [WARNING] [pdc_tf_server.c:475] PDC_SERVER[7]: SCHED: done running transformations
[13:54:25.502081] [WARNING] [pdc_tf_server.c:475] PDC_SERVER[6]: SCHED: done running transformations
[13:54:25.502532] [WARNING] [pdc_tf_server.c:475] PDC_SERVER[1]: SCHED: done running transformations
[13:54:25.504358] [WARNING] [pdc_tf_server.c:475] PDC_SERVER[5]: SCHED: done running transformations
[INFO] PDC_SERVER[6]: Fetching region for obj_id=1000000001
[INFO] PDC_SERVER[6]: Checking against Object 2000000000
[INFO] PDC_SERVER[6]: Checking against Object 3000000000
[INFO] PDC_SERVER[6]: Checking against Object 4000000000
[INFO] PDC_SERVER[6]: Checking against Object 3000000002
[INFO] PDC_SERVER[6]: Checking against Object 4000000002
[INFO] PDC_SERVER[6]: Checking against Object 5000000000
[INFO] PDC_SERVER[6]: Checking against Object 4000000004
[INFO] PDC_SERVER[6]: Checking against Object 5000000002
[INFO] PDC_SERVER[6]: Checking against Object 6000000000
[INFO] PDC_SERVER[6]: Object 1000000001 NOT found in cache
[INFO] PDC_SERVER[6]: Fetching region from server for obj_id=1000000001
[INFO] PDC_SERVER[7]: Fetching region for obj_id=1000000001
[INFO] PDC_SERVER[7]: Checking against Object 2000000000
[INFO] PDC_SERVER[7]: Checking against Object 3000000000
[INFO] PDC_SERVER[7]: Checking against Object 4000000000
[INFO] PDC_SERVER[7]: Checking against Object 3000000002
[INFO] PDC_SERVER[7]: Checking against Object 4000000002
[INFO] PDC_SERVER[7]: Checking against Object 5000000000
[INFO] PDC_SERVER[7]: Checking against Object 4000000004
[INFO] PDC_SERVER[7]: Checking against Object 5000000002
[INFO] PDC_SERVER[7]: Checking against Object 6000000000
[INFO] PDC_SERVER[7]: Object 1000000001 NOT found in cache
[INFO] PDC_SERVER[7]: Fetching region from server for obj_id=1000000001
[INFO] PDC_SERVER[1]: Fetching region for obj_id=1000000001
[INFO] PDC_SERVER[1]: Checking against Object 2000000000
[INFO] PDC_SERVER[1]: Checking against Object 3000000000
[INFO] PDC_SERVER[1]: Checking against Object 4000000000
[INFO] PDC_SERVER[1]: Checking against Object 3000000002
[INFO] PDC_SERVER[1]: Checking against Object 4000000002
[INFO] PDC_SERVER[1]: Checking against Object 5000000000
[INFO] PDC_SERVER[1]: Checking against Object 4000000004
[INFO] PDC_SERVER[1]: Checking against Object 5000000002
[INFO] PDC_SERVER[1]: Checking against Object 6000000000
[INFO] PDC_SERVER[1]: Object 1000000001 NOT found in cache
[INFO] PDC_SERVER[1]: Fetching region from server for obj_id=1000000001
[INFO] PDC_SERVER[5]: Fetching region for obj_id=1000000001
[INFO] PDC_SERVER[5]: Checking against Object 2000000000
[INFO] PDC_SERVER[5]: Checking against Object 3000000000
[INFO] PDC_SERVER[5]: Checking against Object 4000000000
[INFO] PDC_SERVER[5]: Checking against Object 3000000002
[INFO] PDC_SERVER[5]: Checking against Object 4000000002
[INFO] PDC_SERVER[5]: Checking against Object 5000000000
[INFO] PDC_SERVER[5]: Checking against Object 4000000004
[INFO] PDC_SERVER[5]: Checking against Object 5000000002
[INFO] PDC_SERVER[5]: Checking against Object 6000000000
[INFO] PDC_SERVER[5]: Object 1000000001 NOT found in cache
[INFO] PDC_SERVER[5]: Fetching region from server for obj_id=1000000001
[INFO] PDC_SERVER[0]: Executing graph with json filepath /pscratch/sd/n/nlewi26/src/work_space/source/pdc/tf_client/graphs/zfp_gpu.json
[13:54:25.513162] [WARNING] [pdc_tf_server.c:393] PDC_SERVER[0]: SCHED: setting CUDA device to 0 for edge 0 func=zfp_decompress
[13:54:25.513177] [WARNING] [pdc_tf_server.c:401] PDC_SERVER[0]: SCHED: executing edge 0 func=zfp_decompress dev=GPU
[13:54:25.515466] [WARNING] [pdc_tf_server.c:393] PDC_SERVER[4]: SCHED: setting CUDA device to 0 for edge 0 func=zfp_decompress
[13:54:25.515489] [WARNING] [pdc_tf_server.c:401] PDC_SERVER[4]: SCHED: executing edge 0 func=zfp_decompress dev=GPU
[13:54:25.515674] [WARNING] [pdc_tf_server.c:393] PDC_SERVER[2]: SCHED: setting CUDA device to 0 for edge 0 func=zfp_decompress
[13:54:25.515694] [WARNING] [pdc_tf_server.c:401] PDC_SERVER[2]: SCHED: executing edge 0 func=zfp_decompress dev=GPU
[13:54:25.515743] [WARNING] [pdc_tf_server.c:393] PDC_SERVER[3]: SCHED: setting CUDA device to 0 for edge 0 func=zfp_decompress
[13:54:25.515754] [WARNING] [pdc_tf_server.c:401] PDC_SERVER[3]: SCHED: executing edge 0 func=zfp_decompress dev=GPU
[13:54:25.521347] [WARNING] [pdc_tf_server.c:475] PDC_SERVER[0]: SCHED: done running transformations
[13:54:25.522672] [WARNING] [pdc_tf_server.c:393] PDC_SERVER[6]: SCHED: setting CUDA device to 0 for edge 0 func=zfp_decompress
[13:54:25.522688] [WARNING] [pdc_tf_server.c:401] PDC_SERVER[6]: SCHED: executing edge 0 func=zfp_decompress dev=GPU
[13:54:25.522903] [WARNING] [pdc_tf_server.c:393] PDC_SERVER[7]: SCHED: setting CUDA device to 0 for edge 0 func=zfp_decompress
[13:54:25.522920] [WARNING] [pdc_tf_server.c:401] PDC_SERVER[7]: SCHED: executing edge 0 func=zfp_decompress dev=GPU
[13:54:25.523379] [WARNING] [pdc_tf_server.c:393] PDC_SERVER[1]: SCHED: setting CUDA device to 0 for edge 0 func=zfp_decompress
[13:54:25.523395] [WARNING] [pdc_tf_server.c:401] PDC_SERVER[1]: SCHED: executing edge 0 func=zfp_decompress dev=GPU
[13:54:25.524711] [WARNING] [pdc_tf_server.c:475] PDC_SERVER[3]: SCHED: done running transformations
[13:54:25.524719] [WARNING] [pdc_tf_server.c:475] PDC_SERVER[4]: SCHED: done running transformations
[13:54:25.525216] [WARNING] [pdc_tf_server.c:393] PDC_SERVER[5]: SCHED: setting CUDA device to 0 for edge 0 func=zfp_decompress
[13:54:25.525233] [WARNING] [pdc_tf_server.c:401] PDC_SERVER[5]: SCHED: executing edge 0 func=zfp_decompress dev=GPU
[13:54:25.525450] [WARNING] [pdc_tf_server.c:475] PDC_SERVER[2]: SCHED: done running transformations
[INFO] PDC_SERVER[0]: Fetching region for obj_id=1000000001
[INFO] PDC_SERVER[0]: Checking against Object 2000000000
[INFO] PDC_SERVER[0]: Checking against Object 3000000000
[INFO] PDC_SERVER[0]: Checking against Object 4000000000
[INFO] PDC_SERVER[0]: Checking against Object 3000000002
[INFO] PDC_SERVER[0]: Checking against Object 4000000002
[INFO] PDC_SERVER[0]: Checking against Object 5000000000
[INFO] PDC_SERVER[0]: Checking against Object 4000000004
[INFO] PDC_SERVER[0]: Checking against Object 5000000002
[INFO] PDC_SERVER[0]: Checking against Object 6000000000
[INFO] PDC_SERVER[0]: Object 1000000001 NOT found in cache
[INFO] PDC_SERVER[0]: Fetching region from server for obj_id=1000000001
[INFO] PDC_SERVER[3]: Fetching region for obj_id=1000000001
[INFO] PDC_SERVER[3]: Checking against Object 2000000000
[INFO] PDC_SERVER[3]: Checking against Object 3000000000
[INFO] PDC_SERVER[3]: Checking against Object 4000000000
[INFO] PDC_SERVER[3]: Checking against Object 3000000002
[INFO] PDC_SERVER[3]: Checking against Object 4000000002
[INFO] PDC_SERVER[3]: Checking against Object 5000000000
[INFO] PDC_SERVER[3]: Checking against Object 4000000004
[INFO] PDC_SERVER[3]: Checking against Object 5000000002
[INFO] PDC_SERVER[3]: Checking against Object 6000000000
[INFO] PDC_SERVER[3]: Object 1000000001 NOT found in cache
[INFO] PDC_SERVER[3]: Fetching region from server for obj_id=1000000001
[INFO] PDC_SERVER[4]: Fetching region for obj_id=1000000001
[INFO] PDC_SERVER[4]: Checking against Object 2000000000
[INFO] PDC_SERVER[4]: Checking against Object 3000000000
[INFO] PDC_SERVER[4]: Checking against Object 4000000000
[INFO] PDC_SERVER[4]: Checking against Object 3000000002
[INFO] PDC_SERVER[4]: Checking against Object 4000000002
[INFO] PDC_SERVER[4]: Checking against Object 5000000000
[INFO] PDC_SERVER[4]: Checking against Object 4000000004
[INFO] PDC_SERVER[4]: Checking against Object 5000000002
[INFO] PDC_SERVER[4]: Checking against Object 6000000000
[INFO] PDC_SERVER[4]: Object 1000000001 NOT found in cache
[INFO] PDC_SERVER[4]: Fetching region from server for obj_id=1000000001
[INFO] PDC_SERVER[2]: Fetching region for obj_id=1000000001
[INFO] PDC_SERVER[2]: Checking against Object 2000000000
[INFO] PDC_SERVER[2]: Checking against Object 3000000000
[INFO] PDC_SERVER[2]: Checking against Object 4000000000
[INFO] PDC_SERVER[2]: Checking against Object 3000000002
[INFO] PDC_SERVER[2]: Checking against Object 4000000002
[INFO] PDC_SERVER[2]: Checking against Object 5000000000
[INFO] PDC_SERVER[2]: Checking against Object 4000000004
[INFO] PDC_SERVER[2]: Checking against Object 5000000002
[INFO] PDC_SERVER[2]: Checking against Object 6000000000
[INFO] PDC_SERVER[2]: Object 1000000001 NOT found in cache
[INFO] PDC_SERVER[2]: Fetching region from server for obj_id=1000000001
[13:54:25.531792] [WARNING] [pdc_tf_server.c:475] PDC_SERVER[1]: SCHED: done running transformations
[13:54:25.532282] [WARNING] [pdc_tf_server.c:475] PDC_SERVER[6]: SCHED: done running transformations
[13:54:25.532783] [WARNING] [pdc_tf_server.c:475] PDC_SERVER[7]: SCHED: done running transformations
[13:54:25.533850] [WARNING] [pdc_tf_server.c:475] PDC_SERVER[5]: SCHED: done running transformations
[INFO] PDC_SERVER[1]: Fetching region for obj_id=1000000001
[INFO] PDC_SERVER[1]: Checking against Object 2000000000
[INFO] PDC_SERVER[1]: Checking against Object 3000000000
[INFO] PDC_SERVER[1]: Checking against Object 4000000000
[INFO] PDC_SERVER[1]: Checking against Object 3000000002
[INFO] PDC_SERVER[1]: Checking against Object 4000000002
[INFO] PDC_SERVER[1]: Checking against Object 5000000000
[INFO] PDC_SERVER[1]: Checking against Object 4000000004
[INFO] PDC_SERVER[1]: Checking against Object 5000000002
[INFO] PDC_SERVER[1]: Checking against Object 6000000000
[INFO] PDC_SERVER[1]: Object 1000000001 NOT found in cache
[INFO] PDC_SERVER[1]: Fetching region from server for obj_id=1000000001
[INFO] PDC_SERVER[6]: Fetching region for obj_id=1000000001
[INFO] PDC_SERVER[6]: Checking against Object 2000000000
[INFO] PDC_SERVER[6]: Checking against Object 3000000000
[INFO] PDC_SERVER[6]: Checking against Object 4000000000
[INFO] PDC_SERVER[6]: Checking against Object 3000000002
[INFO] PDC_SERVER[6]: Checking against Object 4000000002
[INFO] PDC_SERVER[6]: Checking against Object 5000000000
[INFO] PDC_SERVER[6]: Checking against Object 4000000004
[INFO] PDC_SERVER[6]: Checking against Object 5000000002
[INFO] PDC_SERVER[6]: Checking against Object 6000000000
[INFO] PDC_SERVER[6]: Object 1000000001 NOT found in cache
[INFO] PDC_SERVER[6]: Fetching region from server for obj_id=1000000001
[INFO] PDC_SERVER[7]: Fetching region for obj_id=1000000001
[INFO] PDC_SERVER[7]: Checking against Object 2000000000
[INFO] PDC_SERVER[7]: Checking against Object 3000000000
[INFO] PDC_SERVER[7]: Checking against Object 4000000000
[INFO] PDC_SERVER[7]: Checking against Object 3000000002
[INFO] PDC_SERVER[7]: Checking against Object 4000000002
[INFO] PDC_SERVER[7]: Checking against Object 5000000000
[INFO] PDC_SERVER[7]: Checking against Object 4000000004
[INFO] PDC_SERVER[7]: Checking against Object 5000000002
[INFO] PDC_SERVER[7]: Checking against Object 6000000000
[INFO] PDC_SERVER[7]: Object 1000000001 NOT found in cache
[INFO] PDC_SERVER[7]: Fetching region from server for obj_id=1000000001
[INFO] PDC_SERVER[5]: Fetching region for obj_id=1000000001
[INFO] PDC_SERVER[5]: Checking against Object 2000000000
[INFO] PDC_SERVER[5]: Checking against Object 3000000000
[INFO] PDC_SERVER[5]: Checking against Object 4000000000
[INFO] PDC_SERVER[5]: Checking against Object 3000000002
[INFO] PDC_SERVER[5]: Checking against Object 4000000002
[INFO] PDC_SERVER[5]: Checking against Object 5000000000
[INFO] PDC_SERVER[5]: Checking against Object 4000000004
[INFO] PDC_SERVER[5]: Checking against Object 5000000002
[INFO] PDC_SERVER[5]: Checking against Object 6000000000
[INFO] PDC_SERVER[5]: Object 1000000001 NOT found in cache
[INFO] PDC_SERVER[5]: Fetching region from server for obj_id=1000000001
[INFO] PDC_SERVER[0]: Executing graph with json filepath /pscratch/sd/n/nlewi26/src/work_space/source/pdc/tf_client/graphs/zfp_gpu.json
[13:54:25.541989] [WARNING] [pdc_tf_server.c:393] PDC_SERVER[0]: SCHED: setting CUDA device to 0 for edge 0 func=zfp_decompress
[13:54:25.542003] [WARNING] [pdc_tf_server.c:401] PDC_SERVER[0]: SCHED: executing edge 0 func=zfp_decompress dev=GPU
[13:54:25.545442] [WARNING] [pdc_tf_server.c:393] PDC_SERVER[4]: SCHED: setting CUDA device to 0 for edge 0 func=zfp_decompress
[13:54:25.545455] [WARNING] [pdc_tf_server.c:401] PDC_SERVER[4]: SCHED: executing edge 0 func=zfp_decompress dev=GPU
[13:54:25.545417] [WARNING] [pdc_tf_server.c:393] PDC_SERVER[3]: SCHED: setting CUDA device to 0 for edge 0 func=zfp_decompress
[13:54:25.545460] [WARNING] [pdc_tf_server.c:401] PDC_SERVER[3]: SCHED: executing edge 0 func=zfp_decompress dev=GPU
[13:54:25.546818] [WARNING] [pdc_tf_server.c:393] PDC_SERVER[2]: SCHED: setting CUDA device to 0 for edge 0 func=zfp_decompress
[13:54:25.546848] [WARNING] [pdc_tf_server.c:401] PDC_SERVER[2]: SCHED: executing edge 0 func=zfp_decompress dev=GPU
[13:54:25.549727] [WARNING] [pdc_tf_server.c:475] PDC_SERVER[0]: SCHED: done running transformations
[13:54:25.552647] [WARNING] [pdc_tf_server.c:475] PDC_SERVER[3]: SCHED: done running transformations
[13:54:25.553005] [WARNING] [pdc_tf_server.c:393] PDC_SERVER[6]: SCHED: setting CUDA device to 0 for edge 0 func=zfp_decompress
[13:54:25.553016] [WARNING] [pdc_tf_server.c:401] PDC_SERVER[6]: SCHED: executing edge 0 func=zfp_decompress dev=GPU
[13:54:25.553527] [WARNING] [pdc_tf_server.c:393] PDC_SERVER[7]: SCHED: setting CUDA device to 0 for edge 0 func=zfp_decompress
[13:54:25.553539] [WARNING] [pdc_tf_server.c:401] PDC_SERVER[7]: SCHED: executing edge 0 func=zfp_decompress dev=GPU
[13:54:25.553624] [WARNING] [pdc_tf_server.c:475] PDC_SERVER[4]: SCHED: done running transformations
[INFO] PDC_SERVER[0]: Fetching region for obj_id=1000000001
[INFO] PDC_SERVER[0]: Checking against Object 2000000000
[INFO] PDC_SERVER[0]: Checking against Object 3000000000
[INFO] PDC_SERVER[0]: Checking against Object 4000000000
[INFO] PDC_SERVER[0]: Checking against Object 3000000002
[INFO] PDC_SERVER[0]: Checking against Object 4000000002
[INFO] PDC_SERVER[0]: Checking against Object 5000000000
[INFO] PDC_SERVER[0]: Checking against Object 4000000004
[INFO] PDC_SERVER[0]: Checking against Object 5000000002
[INFO] PDC_SERVER[0]: Checking against Object 6000000000
[INFO] PDC_SERVER[0]: Object 1000000001 NOT found in cache
[INFO] PDC_SERVER[0]: Fetching region from server for obj_id=1000000001
[13:54:25.554777] [WARNING] [pdc_tf_server.c:475] PDC_SERVER[2]: SCHED: done running transformations
[13:54:25.557373] [WARNING] [pdc_tf_server.c:393] PDC_SERVER[1]: SCHED: setting CUDA device to 0 for edge 0 func=zfp_decompress
[13:54:25.557391] [WARNING] [pdc_tf_server.c:401] PDC_SERVER[1]: SCHED: executing edge 0 func=zfp_decompress dev=GPU
[INFO] PDC_SERVER[3]: Fetching region for obj_id=1000000001
[INFO] PDC_SERVER[3]: Checking against Object 2000000000
[INFO] PDC_SERVER[3]: Checking against Object 3000000000
[INFO] PDC_SERVER[3]: Checking against Object 4000000000
[INFO] PDC_SERVER[3]: Checking against Object 3000000002
[INFO] PDC_SERVER[3]: Checking against Object 4000000002
[INFO] PDC_SERVER[3]: Checking against Object 5000000000
[INFO] PDC_SERVER[3]: Checking against Object 4000000004
[INFO] PDC_SERVER[3]: Checking against Object 5000000002
[INFO] PDC_SERVER[3]: Checking against Object 6000000000
[INFO] PDC_SERVER[3]: Object 1000000001 NOT found in cache
[INFO] PDC_SERVER[3]: Fetching region from server for obj_id=1000000001
[INFO] PDC_SERVER[4]: Fetching region for obj_id=1000000001
[INFO] PDC_SERVER[4]: Checking against Object 2000000000
[INFO] PDC_SERVER[4]: Checking against Object 3000000000
[INFO] PDC_SERVER[4]: Checking against Object 4000000000
[INFO] PDC_SERVER[4]: Checking against Object 3000000002
[INFO] PDC_SERVER[4]: Checking against Object 4000000002
[INFO] PDC_SERVER[4]: Checking against Object 5000000000
[INFO] PDC_SERVER[4]: Checking against Object 4000000004
[INFO] PDC_SERVER[4]: Checking against Object 5000000002
[INFO] PDC_SERVER[4]: Checking against Object 6000000000
[INFO] PDC_SERVER[4]: Object 1000000001 NOT found in cache
[INFO] PDC_SERVER[4]: Fetching region from server for obj_id=1000000001
[INFO] PDC_SERVER[2]: Fetching region for obj_id=1000000001
[INFO] PDC_SERVER[2]: Checking against Object 2000000000
[INFO] PDC_SERVER[2]: Checking against Object 3000000000
[INFO] PDC_SERVER[2]: Checking against Object 4000000000
[INFO] PDC_SERVER[2]: Checking against Object 3000000002
[INFO] PDC_SERVER[2]: Checking against Object 4000000002
[INFO] PDC_SERVER[2]: Checking against Object 5000000000
[INFO] PDC_SERVER[2]: Checking against Object 4000000004
[INFO] PDC_SERVER[2]: Checking against Object 5000000002
[INFO] PDC_SERVER[2]: Checking against Object 6000000000
[INFO] PDC_SERVER[2]: Object 1000000001 NOT found in cache
[INFO] PDC_SERVER[2]: Fetching region from server for obj_id=1000000001
[13:54:25.561441] [WARNING] [pdc_tf_server.c:475] PDC_SERVER[6]: SCHED: done running transformations
[13:54:25.561995] [WARNING] [pdc_tf_server.c:475] PDC_SERVER[7]: SCHED: done running transformations
[13:54:25.563278] [WARNING] [pdc_tf_server.c:393] PDC_SERVER[5]: SCHED: setting CUDA device to 0 for edge 0 func=zfp_decompress
[13:54:25.563302] [WARNING] [pdc_tf_server.c:401] PDC_SERVER[5]: SCHED: executing edge 0 func=zfp_decompress dev=GPU
[13:54:25.565141] [WARNING] [pdc_tf_server.c:475] PDC_SERVER[1]: SCHED: done running transformations
[INFO] PDC_SERVER[6]: Fetching region for obj_id=1000000001
[INFO] PDC_SERVER[6]: Checking against Object 2000000000
[INFO] PDC_SERVER[6]: Checking against Object 3000000000
[INFO] PDC_SERVER[6]: Checking against Object 4000000000
[INFO] PDC_SERVER[6]: Checking against Object 3000000002
[INFO] PDC_SERVER[6]: Checking against Object 4000000002
[INFO] PDC_SERVER[6]: Checking against Object 5000000000
[INFO] PDC_SERVER[6]: Checking against Object 4000000004
[INFO] PDC_SERVER[6]: Checking against Object 5000000002
[INFO] PDC_SERVER[6]: Checking against Object 6000000000
[INFO] PDC_SERVER[6]: Object 1000000001 NOT found in cache
[INFO] PDC_SERVER[6]: Fetching region from server for obj_id=1000000001
[INFO] PDC_SERVER[7]: Fetching region for obj_id=1000000001
[INFO] PDC_SERVER[7]: Checking against Object 2000000000
[INFO] PDC_SERVER[7]: Checking against Object 3000000000
[INFO] PDC_SERVER[7]: Checking against Object 4000000000
[INFO] PDC_SERVER[7]: Checking against Object 3000000002
[INFO] PDC_SERVER[7]: Checking against Object 4000000002
[INFO] PDC_SERVER[7]: Checking against Object 5000000000
[INFO] PDC_SERVER[7]: Checking against Object 4000000004
[INFO] PDC_SERVER[7]: Checking against Object 5000000002
[INFO] PDC_SERVER[7]: Checking against Object 6000000000
[INFO] PDC_SERVER[7]: Object 1000000001 NOT found in cache
[INFO] PDC_SERVER[7]: Fetching region from server for obj_id=1000000001
[INFO] PDC_SERVER[0]: Executing graph with json filepath /pscratch/sd/n/nlewi26/src/work_space/source/pdc/tf_client/graphs/zfp_gpu.json
[13:54:25.570158] [WARNING] [pdc_tf_server.c:393] PDC_SERVER[0]: SCHED: setting CUDA device to 0 for edge 0 func=zfp_decompress
[13:54:25.570173] [WARNING] [pdc_tf_server.c:401] PDC_SERVER[0]: SCHED: executing edge 0 func=zfp_decompress dev=GPU
[INFO] PDC_SERVER[1]: Fetching region for obj_id=1000000001
[INFO] PDC_SERVER[1]: Checking against Object 2000000000
[INFO] PDC_SERVER[1]: Checking against Object 3000000000
[INFO] PDC_SERVER[1]: Checking against Object 4000000000
[INFO] PDC_SERVER[1]: Checking against Object 3000000002
[INFO] PDC_SERVER[1]: Checking against Object 4000000002
[INFO] PDC_SERVER[1]: Checking against Object 5000000000
[INFO] PDC_SERVER[1]: Checking against Object 4000000004
[INFO] PDC_SERVER[1]: Checking against Object 5000000002
[INFO] PDC_SERVER[1]: Checking against Object 6000000000
[INFO] PDC_SERVER[1]: Object 1000000001 NOT found in cache
[INFO] PDC_SERVER[1]: Fetching region from server for obj_id=1000000001
[13:54:25.571193] [WARNING] [pdc_tf_server.c:475] PDC_SERVER[5]: SCHED: done running transformations
[13:54:25.573274] [WARNING] [pdc_tf_server.c:393] PDC_SERVER[3]: SCHED: setting CUDA device to 0 for edge 0 func=zfp_decompress
[13:54:25.573291] [WARNING] [pdc_tf_server.c:401] PDC_SERVER[3]: SCHED: executing edge 0 func=zfp_decompress dev=GPU
[13:54:25.574264] [WARNING] [pdc_tf_server.c:393] PDC_SERVER[4]: SCHED: setting CUDA device to 0 for edge 0 func=zfp_decompress
[13:54:25.574289] [WARNING] [pdc_tf_server.c:401] PDC_SERVER[4]: SCHED: executing edge 0 func=zfp_decompress dev=GPU
[13:54:25.576419] [WARNING] [pdc_tf_server.c:393] PDC_SERVER[2]: SCHED: setting CUDA device to 0 for edge 0 func=zfp_decompress
[13:54:25.576439] [WARNING] [pdc_tf_server.c:401] PDC_SERVER[2]: SCHED: executing edge 0 func=zfp_decompress dev=GPU
[INFO] PDC_SERVER[5]: Fetching region for obj_id=1000000001
[INFO] PDC_SERVER[5]: Checking against Object 2000000000
[INFO] PDC_SERVER[5]: Checking against Object 3000000000
[INFO] PDC_SERVER[5]: Checking against Object 4000000000
[INFO] PDC_SERVER[5]: Checking against Object 3000000002
[INFO] PDC_SERVER[5]: Checking against Object 4000000002
[INFO] PDC_SERVER[5]: Checking against Object 5000000000
[INFO] PDC_SERVER[5]: Checking against Object 4000000004
[INFO] PDC_SERVER[5]: Checking against Object 5000000002
[INFO] PDC_SERVER[5]: Checking against Object 6000000000
[INFO] PDC_SERVER[5]: Object 1000000001 NOT found in cache
[INFO] PDC_SERVER[5]: Fetching region from server for obj_id=1000000001
[13:54:25.580224] [WARNING] [pdc_tf_server.c:475] PDC_SERVER[3]: SCHED: done running transformations
[13:54:25.580923] [WARNING] [pdc_tf_server.c:475] PDC_SERVER[0]: SCHED: done running transformations
[13:54:25.581893] [WARNING] [pdc_tf_server.c:393] PDC_SERVER[6]: SCHED: setting CUDA device to 0 for edge 0 func=zfp_decompress
[13:54:25.581909] [WARNING] [pdc_tf_server.c:401] PDC_SERVER[6]: SCHED: executing edge 0 func=zfp_decompress dev=GPU
[13:54:25.582787] [WARNING] [pdc_tf_server.c:475] PDC_SERVER[4]: SCHED: done running transformations
[13:54:25.583255] [WARNING] [pdc_tf_server.c:393] PDC_SERVER[7]: SCHED: setting CUDA device to 0 for edge 0 func=zfp_decompress
[13:54:25.583271] [WARNING] [pdc_tf_server.c:401] PDC_SERVER[7]: SCHED: executing edge 0 func=zfp_decompress dev=GPU
[13:54:25.584199] [WARNING] [pdc_tf_server.c:475] PDC_SERVER[2]: SCHED: done running transformations
[INFO] PDC_SERVER[3]: Fetching region for obj_id=1000000001
[INFO] PDC_SERVER[3]: Checking against Object 2000000000
[INFO] PDC_SERVER[3]: Checking against Object 3000000000
[INFO] PDC_SERVER[0]: Fetching region for obj_id=1000000001
[INFO] PDC_SERVER[0]: Checking against Object 2000000000
[INFO] PDC_SERVER[3]: Checking against Object 4000000000
[INFO] PDC_SERVER[3]: Checking against Object 3000000002
[INFO] PDC_SERVER[3]: Checking against Object 4000000002
[INFO] PDC_SERVER[3]: Checking against Object 5000000000
[INFO] PDC_SERVER[0]: Checking against Object 3000000000
[INFO] PDC_SERVER[0]: Checking against Object 4000000000
[INFO] PDC_SERVER[0]: Checking against Object 3000000002
[INFO] PDC_SERVER[0]: Checking against Object 4000000002
[INFO] PDC_SERVER[3]: Checking against Object 4000000004
[INFO] PDC_SERVER[3]: Checking against Object 5000000002
[INFO] PDC_SERVER[3]: Checking against Object 6000000000
[INFO] PDC_SERVER[3]: Object 1000000001 NOT found in cache
[INFO] PDC_SERVER[3]: Fetching region from server for obj_id=1000000001
[INFO] PDC_SERVER[0]: Checking against Object 5000000000
[INFO] PDC_SERVER[0]: Checking against Object 4000000004
[INFO] PDC_SERVER[0]: Checking against Object 5000000002
[INFO] PDC_SERVER[0]: Checking against Object 6000000000
[INFO] PDC_SERVER[0]: Object 1000000001 NOT found in cache
[INFO] PDC_SERVER[0]: Fetching region from server for obj_id=1000000001
[13:54:25.586014] [WARNING] [pdc_tf_server.c:393] PDC_SERVER[1]: SCHED: setting CUDA device to 0 for edge 0 func=zfp_decompress
[13:54:25.586033] [WARNING] [pdc_tf_server.c:401] PDC_SERVER[1]: SCHED: executing edge 0 func=zfp_decompress dev=GPU
[INFO] PDC_SERVER[4]: Fetching region for obj_id=1000000001
[INFO] PDC_SERVER[4]: Checking against Object 2000000000
[INFO] PDC_SERVER[4]: Checking against Object 3000000000
[INFO] PDC_SERVER[4]: Checking against Object 4000000000
[INFO] PDC_SERVER[4]: Checking against Object 3000000002
[INFO] PDC_SERVER[4]: Checking against Object 4000000002
[INFO] PDC_SERVER[4]: Checking against Object 5000000000
[INFO] PDC_SERVER[4]: Checking against Object 4000000004
[INFO] PDC_SERVER[4]: Checking against Object 5000000002
[INFO] PDC_SERVER[4]: Checking against Object 6000000000
[INFO] PDC_SERVER[4]: Object 1000000001 NOT found in cache
[INFO] PDC_SERVER[4]: Fetching region from server for obj_id=1000000001
[INFO] PDC_SERVER[2]: Fetching region for obj_id=1000000001
[INFO] PDC_SERVER[2]: Checking against Object 2000000000
[INFO] PDC_SERVER[2]: Checking against Object 3000000000
[INFO] PDC_SERVER[2]: Checking against Object 4000000000
[INFO] PDC_SERVER[2]: Checking against Object 3000000002
[INFO] PDC_SERVER[2]: Checking against Object 4000000002
[INFO] PDC_SERVER[2]: Checking against Object 5000000000
[INFO] PDC_SERVER[2]: Checking against Object 4000000004
[INFO] PDC_SERVER[2]: Checking against Object 5000000002
[INFO] PDC_SERVER[2]: Checking against Object 6000000000
[INFO] PDC_SERVER[2]: Object 1000000001 NOT found in cache
[INFO] PDC_SERVER[2]: Fetching region from server for obj_id=1000000001
[13:54:25.590284] [WARNING] [pdc_tf_server.c:475] PDC_SERVER[6]: SCHED: done running transformations
[13:54:25.591642] [WARNING] [pdc_tf_server.c:475] PDC_SERVER[7]: SCHED: done running transformations
[INFO] PDC_SERVER[6]: Fetching region for obj_id=1000000001
[INFO] PDC_SERVER[6]: Checking against Object 2000000000
[INFO] PDC_SERVER[6]: Checking against Object 3000000000
[INFO] PDC_SERVER[6]: Checking against Object 4000000000
[INFO] PDC_SERVER[6]: Checking against Object 3000000002
[INFO] PDC_SERVER[6]: Checking against Object 4000000002
[INFO] PDC_SERVER[6]: Checking against Object 5000000000
[INFO] PDC_SERVER[6]: Checking against Object 4000000004
[INFO] PDC_SERVER[6]: Checking against Object 5000000002
[INFO] PDC_SERVER[6]: Checking against Object 6000000000
[INFO] PDC_SERVER[6]: Object 1000000001 NOT found in cache
[INFO] PDC_SERVER[6]: Fetching region from server for obj_id=1000000001
[13:54:25.595483] [WARNING] [pdc_tf_server.c:393] PDC_SERVER[5]: SCHED: setting CUDA device to 0 for edge 0 func=zfp_decompress
[13:54:25.595499] [WARNING] [pdc_tf_server.c:401] PDC_SERVER[5]: SCHED: executing edge 0 func=zfp_decompress dev=GPU
[INFO] PDC_SERVER[7]: Fetching region for obj_id=1000000001
[INFO] PDC_SERVER[7]: Checking against Object 2000000000
[INFO] PDC_SERVER[7]: Checking against Object 3000000000
[INFO] PDC_SERVER[7]: Checking against Object 4000000000
[INFO] PDC_SERVER[7]: Checking against Object 3000000002
[INFO] PDC_SERVER[7]: Checking against Object 4000000002
[INFO] PDC_SERVER[7]: Checking against Object 5000000000
[INFO] PDC_SERVER[7]: Checking against Object 4000000004
[INFO] PDC_SERVER[7]: Checking against Object 5000000002
[INFO] PDC_SERVER[7]: Checking against Object 6000000000
[INFO] PDC_SERVER[7]: Object 1000000001 NOT found in cache
[INFO] PDC_SERVER[7]: Fetching region from server for obj_id=1000000001
[INFO] PDC_SERVER[0]: Executing graph with json filepath /pscratch/sd/n/nlewi26/src/work_space/source/pdc/tf_client/graphs/zfp_gpu.json
[13:54:25.601298] [WARNING] [pdc_tf_server.c:393] PDC_SERVER[0]: SCHED: setting CUDA device to 0 for edge 0 func=zfp_decompress
[13:54:25.601311] [WARNING] [pdc_tf_server.c:401] PDC_SERVER[0]: SCHED: executing edge 0 func=zfp_decompress dev=GPU
[13:54:25.601385] [WARNING] [pdc_tf_server.c:393] PDC_SERVER[3]: SCHED: setting CUDA device to 0 for edge 0 func=zfp_decompress
[13:54:25.601407] [WARNING] [pdc_tf_server.c:401] PDC_SERVER[3]: SCHED: executing edge 0 func=zfp_decompress dev=GPU
[13:54:25.601656] [WARNING] [pdc_tf_server.c:475] PDC_SERVER[1]: SCHED: done running transformations
[13:54:25.603379] [WARNING] [pdc_tf_server.c:393] PDC_SERVER[4]: SCHED: setting CUDA device to 0 for edge 0 func=zfp_decompress
[13:54:25.603402] [WARNING] [pdc_tf_server.c:401] PDC_SERVER[4]: SCHED: executing edge 0 func=zfp_decompress dev=GPU
[13:54:25.605196] [WARNING] [pdc_tf_server.c:393] PDC_SERVER[2]: SCHED: setting CUDA device to 0 for edge 0 func=zfp_decompress
[13:54:25.605216] [WARNING] [pdc_tf_server.c:401] PDC_SERVER[2]: SCHED: executing edge 0 func=zfp_decompress dev=GPU
[INFO] PDC_SERVER[1]: Fetching region for obj_id=1000000001
[INFO] PDC_SERVER[1]: Checking against Object 2000000000
[INFO] PDC_SERVER[1]: Checking against Object 3000000000
[INFO] PDC_SERVER[1]: Checking against Object 4000000000
[INFO] PDC_SERVER[1]: Checking against Object 3000000002
[INFO] PDC_SERVER[1]: Checking against Object 4000000002
[INFO] PDC_SERVER[1]: Checking against Object 5000000000
[INFO] PDC_SERVER[1]: Checking against Object 4000000004
[INFO] PDC_SERVER[1]: Checking against Object 5000000002
[INFO] PDC_SERVER[1]: Checking against Object 6000000000
[INFO] PDC_SERVER[1]: Object 1000000001 NOT found in cache
[INFO] PDC_SERVER[1]: Fetching region from server for obj_id=1000000001
[13:54:25.608465] [WARNING] [pdc_tf_server.c:475] PDC_SERVER[3]: SCHED: done running transformations
[13:54:25.611207] [WARNING] [pdc_tf_server.c:393] PDC_SERVER[6]: SCHED: setting CUDA device to 0 for edge 0 func=zfp_decompress
[13:54:25.611221] [WARNING] [pdc_tf_server.c:401] PDC_SERVER[6]: SCHED: executing edge 0 func=zfp_decompress dev=GPU
[13:54:25.611755] [WARNING] [pdc_tf_server.c:475] PDC_SERVER[5]: SCHED: done running transformations
[13:54:25.612201] [WARNING] [pdc_tf_server.c:393] PDC_SERVER[7]: SCHED: setting CUDA device to 0 for edge 0 func=zfp_decompress
[13:54:25.612220] [WARNING] [pdc_tf_server.c:401] PDC_SERVER[7]: SCHED: executing edge 0 func=zfp_decompress dev=GPU
[13:54:25.612976] [WARNING] [pdc_tf_server.c:475] PDC_SERVER[2]: SCHED: done running transformations
[INFO] PDC_SERVER[3]: Fetching region for obj_id=1000000001
[INFO] PDC_SERVER[3]: Checking against Object 2000000000
[INFO] PDC_SERVER[3]: Checking against Object 3000000000
[INFO] PDC_SERVER[3]: Checking against Object 4000000000
[INFO] PDC_SERVER[3]: Checking against Object 3000000002
[INFO] PDC_SERVER[3]: Checking against Object 4000000002
[INFO] PDC_SERVER[3]: Checking against Object 5000000000
[INFO] PDC_SERVER[3]: Checking against Object 4000000004
[INFO] PDC_SERVER[3]: Checking against Object 5000000002
[INFO] PDC_SERVER[3]: Checking against Object 6000000000
[INFO] PDC_SERVER[3]: Object 1000000001 NOT found in cache
[INFO] PDC_SERVER[3]: Fetching region from server for obj_id=1000000001
[INFO] PDC_SERVER[5]: Fetching region for obj_id=1000000001
[INFO] PDC_SERVER[5]: Checking against Object 2000000000
[INFO] PDC_SERVER[5]: Checking against Object 3000000000
[INFO] PDC_SERVER[5]: Checking against Object 4000000000
[INFO] PDC_SERVER[5]: Checking against Object 3000000002
[INFO] PDC_SERVER[5]: Checking against Object 4000000002
[INFO] PDC_SERVER[5]: Checking against Object 5000000000
[13:54:25.616674] [WARNING] [pdc_tf_server.c:475] PDC_SERVER[0]: SCHED: done running transformations
[INFO] PDC_SERVER[5]: Checking against Object 4000000004
[INFO] PDC_SERVER[5]: Checking against Object 5000000002
[INFO] PDC_SERVER[5]: Checking against Object 6000000000
[INFO] PDC_SERVER[5]: Object 1000000001 NOT found in cache
[INFO] PDC_SERVER[5]: Fetching region from server for obj_id=1000000001
[INFO] PDC_SERVER[2]: Fetching region for obj_id=1000000001
[INFO] PDC_SERVER[2]: Checking against Object 2000000000
[INFO] PDC_SERVER[2]: Checking against Object 3000000000
[INFO] PDC_SERVER[2]: Checking against Object 4000000000
[INFO] PDC_SERVER[2]: Checking against Object 3000000002
[INFO] PDC_SERVER[2]: Checking against Object 4000000002
[INFO] PDC_SERVER[2]: Checking against Object 5000000000
[INFO] PDC_SERVER[2]: Checking against Object 4000000004
[INFO] PDC_SERVER[2]: Checking against Object 5000000002
[INFO] PDC_SERVER[2]: Checking against Object 6000000000
[INFO] PDC_SERVER[2]: Object 1000000001 NOT found in cache
[INFO] PDC_SERVER[2]: Fetching region from server for obj_id=1000000001
[13:54:25.619777] [WARNING] [pdc_tf_server.c:475] PDC_SERVER[6]: SCHED: done running transformations
[13:54:25.620552] [WARNING] [pdc_tf_server.c:475] PDC_SERVER[7]: SCHED: done running transformations
[INFO] PDC_SERVER[0]: Fetching region for obj_id=1000000001
[INFO] PDC_SERVER[0]: Checking against Object 2000000000
[INFO] PDC_SERVER[0]: Checking against Object 3000000000
[INFO] PDC_SERVER[0]: Checking against Object 4000000000
[INFO] PDC_SERVER[0]: Checking against Object 3000000002
[INFO] PDC_SERVER[0]: Checking against Object 4000000002
[INFO] PDC_SERVER[0]: Checking against Object 5000000000
[INFO] PDC_SERVER[0]: Checking against Object 4000000004
[INFO] PDC_SERVER[0]: Checking against Object 5000000002
[INFO] PDC_SERVER[0]: Checking against Object 6000000000
[INFO] PDC_SERVER[0]: Object 1000000001 NOT found in cache
[INFO] PDC_SERVER[0]: Fetching region from server for obj_id=1000000001
[13:54:25.622466] [WARNING] [pdc_tf_server.c:393] PDC_SERVER[1]: SCHED: setting CUDA device to 0 for edge 0 func=zfp_decompress
[13:54:25.622485] [WARNING] [pdc_tf_server.c:401] PDC_SERVER[1]: SCHED: executing edge 0 func=zfp_decompress dev=GPU
[13:54:25.623349] [WARNING] [pdc_tf_server.c:475] PDC_SERVER[4]: SCHED: done running transformations
[INFO] PDC_SERVER[6]: Fetching region for obj_id=1000000001
[INFO] PDC_SERVER[6]: Checking against Object 2000000000
[INFO] PDC_SERVER[6]: Checking against Object 3000000000
[INFO] PDC_SERVER[6]: Checking against Object 4000000000
[INFO] PDC_SERVER[6]: Checking against Object 3000000002
[INFO] PDC_SERVER[6]: Checking against Object 4000000002
[INFO] PDC_SERVER[6]: Checking against Object 5000000000
[INFO] PDC_SERVER[6]: Checking against Object 4000000004
[INFO] PDC_SERVER[6]: Checking against Object 5000000002
[INFO] PDC_SERVER[6]: Checking against Object 6000000000
[INFO] PDC_SERVER[6]: Object 1000000001 NOT found in cache
[INFO] PDC_SERVER[6]: Fetching region from server for obj_id=1000000001
[INFO] PDC_SERVER[7]: Fetching region for obj_id=1000000001
[INFO] PDC_SERVER[7]: Checking against Object 2000000000
[INFO] PDC_SERVER[7]: Checking against Object 3000000000
[INFO] PDC_SERVER[7]: Checking against Object 4000000000
[INFO] PDC_SERVER[7]: Checking against Object 3000000002
[INFO] PDC_SERVER[7]: Checking against Object 4000000002
[INFO] PDC_SERVER[7]: Checking against Object 5000000000
[INFO] PDC_SERVER[7]: Checking against Object 4000000004
[INFO] PDC_SERVER[7]: Checking against Object 5000000002
[INFO] PDC_SERVER[7]: Checking against Object 6000000000
[INFO] PDC_SERVER[7]: Object 1000000001 NOT found in cache
[INFO] PDC_SERVER[7]: Fetching region from server for obj_id=1000000001
[INFO] PDC_SERVER[4]: Fetching region for obj_id=1000000001
[INFO] PDC_SERVER[4]: Checking against Object 2000000000
[INFO] PDC_SERVER[4]: Checking against Object 3000000000
[INFO] PDC_SERVER[4]: Checking against Object 4000000000
[INFO] PDC_SERVER[4]: Checking against Object 3000000002
[INFO] PDC_SERVER[4]: Checking against Object 4000000002
[INFO] PDC_SERVER[4]: Checking against Object 5000000000
[INFO] PDC_SERVER[4]: Checking against Object 4000000004
[INFO] PDC_SERVER[4]: Checking against Object 5000000002
[INFO] PDC_SERVER[4]: Checking against Object 6000000000
[INFO] PDC_SERVER[4]: Object 1000000001 NOT found in cache
[INFO] PDC_SERVER[4]: Fetching region from server for obj_id=1000000001
[13:54:25.628728] [WARNING] [pdc_tf_server.c:393] PDC_SERVER[3]: SCHED: setting CUDA device to 0 for edge 0 func=zfp_decompress
[13:54:25.628740] [WARNING] [pdc_tf_server.c:401] PDC_SERVER[3]: SCHED: executing edge 0 func=zfp_decompress dev=GPU
[13:54:25.633008] [WARNING] [pdc_tf_server.c:393] PDC_SERVER[5]: SCHED: setting CUDA device to 0 for edge 0 func=zfp_decompress
[13:54:25.633031] [WARNING] [pdc_tf_server.c:401] PDC_SERVER[5]: SCHED: executing edge 0 func=zfp_decompress dev=GPU
[13:54:25.634024] [WARNING] [pdc_tf_server.c:393] PDC_SERVER[2]: SCHED: setting CUDA device to 0 for edge 0 func=zfp_decompress
[13:54:25.634045] [WARNING] [pdc_tf_server.c:401] PDC_SERVER[2]: SCHED: executing edge 0 func=zfp_decompress dev=GPU
[13:54:25.635595] [WARNING] [pdc_tf_server.c:475] PDC_SERVER[3]: SCHED: done running transformations
[INFO] PDC_SERVER[0]: Executing graph with json filepath /pscratch/sd/n/nlewi26/src/work_space/source/pdc/tf_client/graphs/zfp_gpu.json
[13:54:25.637443] [WARNING] [pdc_tf_server.c:393] PDC_SERVER[0]: SCHED: setting CUDA device to 0 for edge 0 func=zfp_decompress
[13:54:25.637458] [WARNING] [pdc_tf_server.c:401] PDC_SERVER[0]: SCHED: executing edge 0 func=zfp_decompress dev=GPU
[INFO] PDC_SERVER[3]: Fetching region for obj_id=1000000001
[INFO] PDC_SERVER[3]: Checking against Object 2000000000
[INFO] PDC_SERVER[3]: Checking against Object 3000000000
[INFO] PDC_SERVER[3]: Checking against Object 4000000000
[INFO] PDC_SERVER[3]: Checking against Object 3000000002
[INFO] PDC_SERVER[3]: Checking against Object 4000000002
[INFO] PDC_SERVER[3]: Checking against Object 5000000000
[INFO] PDC_SERVER[3]: Checking against Object 4000000004
[INFO] PDC_SERVER[3]: Checking against Object 5000000002
[INFO] PDC_SERVER[3]: Checking against Object 6000000000
[INFO] PDC_SERVER[3]: Object 1000000001 NOT found in cache
[INFO] PDC_SERVER[3]: Fetching region from server for obj_id=1000000001
[13:54:25.640491] [WARNING] [pdc_tf_server.c:393] PDC_SERVER[6]: SCHED: setting CUDA device to 0 for edge 0 func=zfp_decompress
[13:54:25.640503] [WARNING] [pdc_tf_server.c:401] PDC_SERVER[6]: SCHED: executing edge 0 func=zfp_decompress dev=GPU
[13:54:25.641500] [WARNING] [pdc_tf_server.c:393] PDC_SERVER[7]: SCHED: setting CUDA device to 0 for edge 0 func=zfp_decompress
[13:54:25.641529] [WARNING] [pdc_tf_server.c:401] PDC_SERVER[7]: SCHED: executing edge 0 func=zfp_decompress dev=GPU
[13:54:25.643867] [WARNING] [pdc_tf_server.c:475] PDC_SERVER[2]: SCHED: done running transformations
[13:54:25.644271] [WARNING] [pdc_tf_server.c:393] PDC_SERVER[4]: SCHED: setting CUDA device to 0 for edge 0 func=zfp_decompress
[13:54:25.644292] [WARNING] [pdc_tf_server.c:401] PDC_SERVER[4]: SCHED: executing edge 0 func=zfp_decompress dev=GPU
[INFO] PDC_SERVER[2]: Fetching region for obj_id=1000000001
[INFO] PDC_SERVER[2]: Checking against Object 2000000000
[INFO] PDC_SERVER[2]: Checking against Object 3000000000
[INFO] PDC_SERVER[2]: Checking against Object 4000000000
[INFO] PDC_SERVER[2]: Checking against Object 3000000002
[INFO] PDC_SERVER[2]: Checking against Object 4000000002
[INFO] PDC_SERVER[2]: Checking against Object 5000000000
[INFO] PDC_SERVER[2]: Checking against Object 4000000004
[INFO] PDC_SERVER[2]: Checking against Object 5000000002
[INFO] PDC_SERVER[2]: Checking against Object 6000000000
[INFO] PDC_SERVER[2]: Object 1000000001 NOT found in cache
[INFO] PDC_SERVER[2]: Fetching region from server for obj_id=1000000001
[13:54:25.648774] [WARNING] [pdc_tf_server.c:475] PDC_SERVER[1]: SCHED: done running transformations
[13:54:25.648881] [WARNING] [pdc_tf_server.c:475] PDC_SERVER[6]: SCHED: done running transformations
[13:54:25.649945] [WARNING] [pdc_tf_server.c:475] PDC_SERVER[7]: SCHED: done running transformations
[INFO] PDC_SERVER[6]: Fetching region for obj_id=1000000001
[INFO] PDC_SERVER[6]: Checking against Object 2000000000
[INFO] PDC_SERVER[6]: Checking against Object 3000000000
[INFO] PDC_SERVER[6]: Checking against Object 4000000000
[INFO] PDC_SERVER[6]: Checking against Object 3000000002
[INFO] PDC_SERVER[1]: Fetching region for obj_id=1000000001
[INFO] PDC_SERVER[1]: Checking against Object 2000000000
[INFO] PDC_SERVER[1]: Checking against Object 3000000000
[INFO] PDC_SERVER[1]: Checking against Object 4000000000
[INFO] PDC_SERVER[6]: Checking against Object 4000000002
[INFO] PDC_SERVER[6]: Checking against Object 5000000000
[INFO] PDC_SERVER[6]: Checking against Object 4000000004
[INFO] PDC_SERVER[6]: Checking against Object 5000000002
[INFO] PDC_SERVER[6]: Checking against Object 6000000000
[INFO] PDC_SERVER[1]: Checking against Object 3000000002
[INFO] PDC_SERVER[1]: Checking against Object 4000000002
[INFO] PDC_SERVER[1]: Checking against Object 5000000000
[INFO] PDC_SERVER[1]: Checking against Object 4000000004
[INFO] PDC_SERVER[1]: Checking against Object 5000000002
[INFO] PDC_SERVER[1]: Checking against Object 6000000000
[INFO] PDC_SERVER[6]: Object 1000000001 NOT found in cache
[INFO] PDC_SERVER[6]: Fetching region from server for obj_id=1000000001
[INFO] PDC_SERVER[1]: Object 1000000001 NOT found in cache
[INFO] PDC_SERVER[1]: Fetching region from server for obj_id=1000000001
[INFO] PDC_SERVER[7]: Fetching region for obj_id=1000000001
[INFO] PDC_SERVER[7]: Checking against Object 2000000000
[INFO] PDC_SERVER[7]: Checking against Object 3000000000
[INFO] PDC_SERVER[7]: Checking against Object 4000000000
[INFO] PDC_SERVER[7]: Checking against Object 3000000002
[INFO] PDC_SERVER[7]: Checking against Object 4000000002
[INFO] PDC_SERVER[7]: Checking against Object 5000000000
[INFO] PDC_SERVER[7]: Checking against Object 4000000004
[INFO] PDC_SERVER[7]: Checking against Object 5000000002
[INFO] PDC_SERVER[7]: Checking against Object 6000000000
[INFO] PDC_SERVER[7]: Object 1000000001 NOT found in cache
[INFO] PDC_SERVER[7]: Fetching region from server for obj_id=1000000001
[13:54:25.655989] [WARNING] [pdc_tf_server.c:393] PDC_SERVER[3]: SCHED: setting CUDA device to 0 for edge 0 func=zfp_decompress
[13:54:25.656010] [WARNING] [pdc_tf_server.c:401] PDC_SERVER[3]: SCHED: executing edge 0 func=zfp_decompress dev=GPU
[13:54:25.662997] [WARNING] [pdc_tf_server.c:475] PDC_SERVER[3]: SCHED: done running transformations
[13:54:25.664156] [WARNING] [pdc_tf_server.c:475] PDC_SERVER[0]: SCHED: done running transformations
[13:54:25.664777] [WARNING] [pdc_tf_server.c:393] PDC_SERVER[2]: SCHED: setting CUDA device to 0 for edge 0 func=zfp_decompress
[13:54:25.664800] [WARNING] [pdc_tf_server.c:401] PDC_SERVER[2]: SCHED: executing edge 0 func=zfp_decompress dev=GPU
[INFO] PDC_SERVER[3]: Fetching region for obj_id=1000000001
[INFO] PDC_SERVER[3]: Checking against Object 2000000000
[INFO] PDC_SERVER[3]: Checking against Object 3000000000
[INFO] PDC_SERVER[3]: Checking against Object 4000000000
[INFO] PDC_SERVER[3]: Checking against Object 3000000002
[INFO] PDC_SERVER[3]: Checking against Object 4000000002
[INFO] PDC_SERVER[3]: Checking against Object 5000000000
[INFO] PDC_SERVER[3]: Checking against Object 4000000004
[INFO] PDC_SERVER[3]: Checking against Object 5000000002
[INFO] PDC_SERVER[3]: Checking against Object 6000000000
[INFO] PDC_SERVER[3]: Object 1000000001 NOT found in cache
[INFO] PDC_SERVER[3]: Fetching region from server for obj_id=1000000001
[13:54:25.668478] [WARNING] [pdc_tf_server.c:475] PDC_SERVER[5]: SCHED: done running transformations
[13:54:25.669294] [WARNING] [pdc_tf_server.c:393] PDC_SERVER[1]: SCHED: setting CUDA device to 0 for edge 0 func=zfp_decompress
[13:54:25.669310] [WARNING] [pdc_tf_server.c:401] PDC_SERVER[1]: SCHED: executing edge 0 func=zfp_decompress dev=GPU
[13:54:25.669793] [WARNING] [pdc_tf_server.c:475] PDC_SERVER[4]: SCHED: done running transformations
[13:54:25.669901] [WARNING] [pdc_tf_server.c:393] PDC_SERVER[6]: SCHED: setting CUDA device to 0 for edge 0 func=zfp_decompress
[13:54:25.669914] [WARNING] [pdc_tf_server.c:401] PDC_SERVER[6]: SCHED: executing edge 0 func=zfp_decompress dev=GPU
[INFO] PDC_SERVER[0]: Fetching region for obj_id=1000000001
[INFO] PDC_SERVER[0]: Checking against Object 2000000000
[INFO] PDC_SERVER[0]: Checking against Object 3000000000
[INFO] PDC_SERVER[0]: Checking against Object 4000000000
[INFO] PDC_SERVER[0]: Checking against Object 3000000002
[INFO] PDC_SERVER[0]: Checking against Object 4000000002
[INFO] PDC_SERVER[0]: Checking against Object 5000000000
[INFO] PDC_SERVER[0]: Checking against Object 4000000004
[INFO] PDC_SERVER[0]: Checking against Object 5000000002
[INFO] PDC_SERVER[0]: Checking against Object 6000000000
[INFO] PDC_SERVER[0]: Object 1000000001 NOT found in cache
[INFO] PDC_SERVER[0]: Fetching region from server for obj_id=1000000001
[13:54:25.671007] [WARNING] [pdc_tf_server.c:393] PDC_SERVER[7]: SCHED: setting CUDA device to 0 for edge 0 func=zfp_decompress
[13:54:25.671024] [WARNING] [pdc_tf_server.c:401] PDC_SERVER[7]: SCHED: executing edge 0 func=zfp_decompress dev=GPU
[13:54:25.672709] [WARNING] [pdc_tf_server.c:475] PDC_SERVER[2]: SCHED: done running transformations
[INFO] PDC_SERVER[5]: Fetching region for obj_id=1000000001
[INFO] PDC_SERVER[5]: Checking against Object 2000000000
[INFO] PDC_SERVER[5]: Checking against Object 3000000000
[INFO] PDC_SERVER[5]: Checking against Object 4000000000
[INFO] PDC_SERVER[5]: Checking against Object 3000000002
[INFO] PDC_SERVER[5]: Checking against Object 4000000002
[INFO] PDC_SERVER[5]: Checking against Object 5000000000
[INFO] PDC_SERVER[5]: Checking against Object 4000000004
[INFO] PDC_SERVER[5]: Checking against Object 5000000002
[INFO] PDC_SERVER[5]: Checking against Object 6000000000
[INFO] PDC_SERVER[5]: Object 1000000001 NOT found in cache
[INFO] PDC_SERVER[5]: Fetching region from server for obj_id=1000000001
[INFO] PDC_SERVER[4]: Fetching region for obj_id=1000000001
[INFO] PDC_SERVER[4]: Checking against Object 2000000000
[INFO] PDC_SERVER[4]: Checking against Object 3000000000
[INFO] PDC_SERVER[4]: Checking against Object 4000000000
[INFO] PDC_SERVER[4]: Checking against Object 3000000002
[INFO] PDC_SERVER[4]: Checking against Object 4000000002
[INFO] PDC_SERVER[4]: Checking against Object 5000000000
[INFO] PDC_SERVER[4]: Checking against Object 4000000004
[INFO] PDC_SERVER[4]: Checking against Object 5000000002
[INFO] PDC_SERVER[4]: Checking against Object 6000000000
[INFO] PDC_SERVER[4]: Object 1000000001 NOT found in cache
[INFO] PDC_SERVER[4]: Fetching region from server for obj_id=1000000001
[INFO] PDC_SERVER[2]: Fetching region for obj_id=1000000001
[INFO] PDC_SERVER[2]: Checking against Object 2000000000
[INFO] PDC_SERVER[2]: Checking against Object 3000000000
[INFO] PDC_SERVER[2]: Checking against Object 4000000000
[INFO] PDC_SERVER[2]: Checking against Object 3000000002
[INFO] PDC_SERVER[2]: Checking against Object 4000000002
[INFO] PDC_SERVER[2]: Checking against Object 5000000000
[INFO] PDC_SERVER[2]: Checking against Object 4000000004
[INFO] PDC_SERVER[2]: Checking against Object 5000000002
[INFO] PDC_SERVER[2]: Checking against Object 6000000000
[INFO] PDC_SERVER[2]: Object 1000000001 NOT found in cache
[INFO] PDC_SERVER[2]: Fetching region from server for obj_id=1000000001
[13:54:25.678127] [WARNING] [pdc_tf_server.c:475] PDC_SERVER[6]: SCHED: done running transformations
[13:54:25.679501] [WARNING] [pdc_tf_server.c:475] PDC_SERVER[7]: SCHED: done running transformations
[INFO] PDC_SERVER[6]: Fetching region for obj_id=1000000001
[INFO] PDC_SERVER[6]: Checking against Object 2000000000
[INFO] PDC_SERVER[6]: Checking against Object 3000000000
[INFO] PDC_SERVER[6]: Checking against Object 4000000000
[INFO] PDC_SERVER[6]: Checking against Object 3000000002
[INFO] PDC_SERVER[6]: Checking against Object 4000000002
[INFO] PDC_SERVER[6]: Checking against Object 5000000000
[INFO] PDC_SERVER[6]: Checking against Object 4000000004
[INFO] PDC_SERVER[6]: Checking against Object 5000000002
[INFO] PDC_SERVER[6]: Checking against Object 6000000000
[INFO] PDC_SERVER[6]: Object 1000000001 NOT found in cache
[INFO] PDC_SERVER[6]: Fetching region from server for obj_id=1000000001
[13:54:25.683482] [WARNING] [pdc_tf_server.c:393] PDC_SERVER[3]: SCHED: setting CUDA device to 0 for edge 0 func=zfp_decompress
[13:54:25.683499] [WARNING] [pdc_tf_server.c:401] PDC_SERVER[3]: SCHED: executing edge 0 func=zfp_decompress dev=GPU
[13:54:25.684042] [WARNING] [pdc_tf_server.c:475] PDC_SERVER[1]: SCHED: done running transformations
[INFO] PDC_SERVER[7]: Fetching region for obj_id=1000000001
[INFO] PDC_SERVER[7]: Checking against Object 2000000000
[INFO] PDC_SERVER[7]: Checking against Object 3000000000
[INFO] PDC_SERVER[7]: Checking against Object 4000000000
[INFO] PDC_SERVER[7]: Checking against Object 3000000002
[INFO] PDC_SERVER[7]: Checking against Object 4000000002
[INFO] PDC_SERVER[7]: Checking against Object 5000000000
[INFO] PDC_SERVER[7]: Checking against Object 4000000004
[INFO] PDC_SERVER[7]: Checking against Object 5000000002
[INFO] PDC_SERVER[7]: Checking against Object 6000000000
[INFO] PDC_SERVER[7]: Object 1000000001 NOT found in cache
[INFO] PDC_SERVER[7]: Fetching region from server for obj_id=1000000001
[INFO] PDC_SERVER[1]: Fetching region for obj_id=1000000001
[INFO] PDC_SERVER[1]: Checking against Object 2000000000
[INFO] PDC_SERVER[1]: Checking against Object 3000000000
[INFO] PDC_SERVER[1]: Checking against Object 4000000000
[INFO] PDC_SERVER[1]: Checking against Object 3000000002
[INFO] PDC_SERVER[1]: Checking against Object 4000000002
[INFO] PDC_SERVER[1]: Checking against Object 5000000000
[INFO] PDC_SERVER[1]: Checking against Object 4000000004
[INFO] PDC_SERVER[1]: Checking against Object 5000000002
[INFO] PDC_SERVER[1]: Checking against Object 6000000000
[INFO] PDC_SERVER[1]: Object 1000000001 NOT found in cache
[INFO] PDC_SERVER[1]: Fetching region from server for obj_id=1000000001
[13:54:25.689082] [WARNING] [pdc_tf_server.c:393] PDC_SERVER[5]: SCHED: setting CUDA device to 0 for edge 0 func=zfp_decompress
[13:54:25.689101] [WARNING] [pdc_tf_server.c:401] PDC_SERVER[5]: SCHED: executing edge 0 func=zfp_decompress dev=GPU
[13:54:25.690417] [WARNING] [pdc_tf_server.c:475] PDC_SERVER[3]: SCHED: done running transformations
[13:54:25.692184] [WARNING] [pdc_tf_server.c:393] PDC_SERVER[4]: SCHED: setting CUDA device to 0 for edge 0 func=zfp_decompress
[13:54:25.692206] [WARNING] [pdc_tf_server.c:401] PDC_SERVER[4]: SCHED: executing edge 0 func=zfp_decompress dev=GPU
[13:54:25.693438] [WARNING] [pdc_tf_server.c:393] PDC_SERVER[2]: SCHED: setting CUDA device to 0 for edge 0 func=zfp_decompress
[13:54:25.693460] [WARNING] [pdc_tf_server.c:401] PDC_SERVER[2]: SCHED: executing edge 0 func=zfp_decompress dev=GPU
[INFO] PDC_SERVER[3]: Fetching region for obj_id=1000000001
[INFO] PDC_SERVER[3]: Checking against Object 2000000000
[INFO] PDC_SERVER[3]: Checking against Object 3000000000
[INFO] PDC_SERVER[3]: Checking against Object 4000000000
[INFO] PDC_SERVER[3]: Checking against Object 3000000002
[INFO] PDC_SERVER[3]: Checking against Object 4000000002
[INFO] PDC_SERVER[3]: Checking against Object 5000000000
[INFO] PDC_SERVER[3]: Checking against Object 4000000004
[INFO] PDC_SERVER[3]: Checking against Object 5000000002
[INFO] PDC_SERVER[3]: Checking against Object 6000000000
[INFO] PDC_SERVER[3]: Object 1000000001 NOT found in cache
[INFO] PDC_SERVER[3]: Fetching region from server for obj_id=1000000001
[INFO] PDC_SERVER[0]: Executing graph with json filepath /pscratch/sd/n/nlewi26/src/work_space/source/pdc/tf_client/graphs/zfp_gpu.json
[13:54:25.696203] [WARNING] [pdc_tf_server.c:393] PDC_SERVER[0]: SCHED: setting CUDA device to 0 for edge 0 func=zfp_decompress
[13:54:25.696221] [WARNING] [pdc_tf_server.c:401] PDC_SERVER[0]: SCHED: executing edge 0 func=zfp_decompress dev=GPU
[13:54:25.698725] [WARNING] [pdc_tf_server.c:393] PDC_SERVER[6]: SCHED: setting CUDA device to 0 for edge 0 func=zfp_decompress
[13:54:25.698741] [WARNING] [pdc_tf_server.c:401] PDC_SERVER[6]: SCHED: executing edge 0 func=zfp_decompress dev=GPU
[13:54:25.700390] [WARNING] [pdc_tf_server.c:393] PDC_SERVER[7]: SCHED: setting CUDA device to 0 for edge 0 func=zfp_decompress
[13:54:25.700412] [WARNING] [pdc_tf_server.c:401] PDC_SERVER[7]: SCHED: executing edge 0 func=zfp_decompress dev=GPU
[13:54:25.701577] [WARNING] [pdc_tf_server.c:475] PDC_SERVER[2]: SCHED: done running transformations
[13:54:25.704689] [WARNING] [pdc_tf_server.c:393] PDC_SERVER[1]: SCHED: setting CUDA device to 0 for edge 0 func=zfp_decompress
[13:54:25.704705] [WARNING] [pdc_tf_server.c:401] PDC_SERVER[1]: SCHED: executing edge 0 func=zfp_decompress dev=GPU
[13:54:25.705281] [WARNING] [pdc_tf_server.c:475] PDC_SERVER[0]: SCHED: done running transformations
[INFO] PDC_SERVER[2]: Fetching region for obj_id=1000000001
[INFO] PDC_SERVER[2]: Checking against Object 2000000000
[INFO] PDC_SERVER[2]: Checking against Object 3000000000
[INFO] PDC_SERVER[2]: Checking against Object 4000000000
[INFO] PDC_SERVER[2]: Checking against Object 3000000002
[INFO] PDC_SERVER[2]: Checking against Object 4000000002
[INFO] PDC_SERVER[2]: Checking against Object 5000000000
[INFO] PDC_SERVER[2]: Checking against Object 4000000004
[INFO] PDC_SERVER[2]: Checking against Object 5000000002
[INFO] PDC_SERVER[2]: Checking against Object 6000000000
[INFO] PDC_SERVER[2]: Object 1000000001 NOT found in cache
[INFO] PDC_SERVER[2]: Fetching region from server for obj_id=1000000001
[13:54:25.706858] [WARNING] [pdc_tf_server.c:475] PDC_SERVER[6]: SCHED: done running transformations
[13:54:25.708845] [WARNING] [pdc_tf_server.c:475] PDC_SERVER[7]: SCHED: done running transformations
[13:54:25.709895] [WARNING] [pdc_tf_server.c:475] PDC_SERVER[5]: SCHED: done running transformations
[13:54:25.710954] [WARNING] [pdc_tf_server.c:393] PDC_SERVER[3]: SCHED: setting CUDA device to 0 for edge 0 func=zfp_decompress
[13:54:25.710974] [WARNING] [pdc_tf_server.c:401] PDC_SERVER[3]: SCHED: executing edge 0 func=zfp_decompress dev=GPU
[13:54:25.710993] [WARNING] [pdc_tf_server.c:475] PDC_SERVER[4]: SCHED: done running transformations
[INFO] PDC_SERVER[0]: Fetching region for obj_id=1000000001
[INFO] PDC_SERVER[0]: Checking against Object 2000000000
[INFO] PDC_SERVER[0]: Checking against Object 3000000000
[INFO] PDC_SERVER[0]: Checking against Object 4000000000
[INFO] PDC_SERVER[0]: Checking against Object 3000000002
[INFO] PDC_SERVER[0]: Checking against Object 4000000002
[INFO] PDC_SERVER[0]: Checking against Object 5000000000
[INFO] PDC_SERVER[0]: Checking against Object 4000000004
[INFO] PDC_SERVER[0]: Checking against Object 5000000002
[INFO] PDC_SERVER[0]: Checking against Object 6000000000
[INFO] PDC_SERVER[0]: Object 1000000001 NOT found in cache
[INFO] PDC_SERVER[0]: Fetching region from server for obj_id=1000000001
[INFO] PDC_SERVER[6]: Fetching region for obj_id=1000000001
[INFO] PDC_SERVER[6]: Checking against Object 2000000000
[INFO] PDC_SERVER[6]: Checking against Object 3000000000
[INFO] PDC_SERVER[6]: Checking against Object 4000000000
[INFO] PDC_SERVER[6]: Checking against Object 3000000002
[INFO] PDC_SERVER[6]: Checking against Object 4000000002
[INFO] PDC_SERVER[6]: Checking against Object 5000000000
[INFO] PDC_SERVER[6]: Checking against Object 4000000004
[INFO] PDC_SERVER[6]: Checking against Object 5000000002
[INFO] PDC_SERVER[6]: Checking against Object 6000000000
[INFO] PDC_SERVER[6]: Object 1000000001 NOT found in cache
[INFO] PDC_SERVER[6]: Fetching region from server for obj_id=1000000001
[13:54:25.713734] [WARNING] [pdc_tf_server.c:475] PDC_SERVER[1]: SCHED: done running transformations
[INFO] PDC_SERVER[7]: Fetching region for obj_id=1000000001
[INFO] PDC_SERVER[7]: Checking against Object 2000000000
[INFO] PDC_SERVER[7]: Checking against Object 3000000000
[INFO] PDC_SERVER[7]: Checking against Object 4000000000
[INFO] PDC_SERVER[7]: Checking against Object 3000000002
[INFO] PDC_SERVER[7]: Checking against Object 4000000002
[INFO] PDC_SERVER[7]: Checking against Object 5000000000
[INFO] PDC_SERVER[7]: Checking against Object 4000000004
[INFO] PDC_SERVER[7]: Checking against Object 5000000002
[INFO] PDC_SERVER[7]: Checking against Object 6000000000
[INFO] PDC_SERVER[7]: Object 1000000001 NOT found in cache
[INFO] PDC_SERVER[7]: Fetching region from server for obj_id=1000000001
[INFO] PDC_SERVER[5]: Fetching region for obj_id=1000000001
[INFO] PDC_SERVER[5]: Checking against Object 2000000000
[INFO] PDC_SERVER[5]: Checking against Object 3000000000
[INFO] PDC_SERVER[5]: Checking against Object 4000000000
[INFO] PDC_SERVER[5]: Checking against Object 3000000002
[INFO] PDC_SERVER[5]: Checking against Object 4000000002
[INFO] PDC_SERVER[5]: Checking against Object 5000000000
[INFO] PDC_SERVER[5]: Checking against Object 4000000004
[INFO] PDC_SERVER[5]: Checking against Object 5000000002
[INFO] PDC_SERVER[5]: Checking against Object 6000000000
[INFO] PDC_SERVER[5]: Object 1000000001 NOT found in cache
[INFO] PDC_SERVER[5]: Fetching region from server for obj_id=1000000001
[INFO] PDC_SERVER[4]: Fetching region for obj_id=1000000001
[INFO] PDC_SERVER[4]: Checking against Object 2000000000
[INFO] PDC_SERVER[4]: Checking against Object 3000000000
[INFO] PDC_SERVER[4]: Checking against Object 4000000000
[INFO] PDC_SERVER[4]: Checking against Object 3000000002
[INFO] PDC_SERVER[4]: Checking against Object 4000000002
[INFO] PDC_SERVER[4]: Checking against Object 5000000000
[INFO] PDC_SERVER[4]: Checking against Object 4000000004
[INFO] PDC_SERVER[4]: Checking against Object 5000000002
[INFO] PDC_SERVER[4]: Checking against Object 6000000000
[INFO] PDC_SERVER[4]: Object 1000000001 NOT found in cache
[INFO] PDC_SERVER[4]: Fetching region from server for obj_id=1000000001
[13:54:25.717946] [WARNING] [pdc_tf_server.c:475] PDC_SERVER[3]: SCHED: done running transformations
[INFO] PDC_SERVER[1]: Fetching region for obj_id=1000000001
[INFO] PDC_SERVER[1]: Checking against Object 2000000000
[INFO] PDC_SERVER[1]: Checking against Object 3000000000
[INFO] PDC_SERVER[1]: Checking against Object 4000000000
[INFO] PDC_SERVER[1]: Checking against Object 3000000002
[INFO] PDC_SERVER[1]: Checking against Object 4000000002
[INFO] PDC_SERVER[1]: Checking against Object 5000000000
[INFO] PDC_SERVER[1]: Checking against Object 4000000004
[INFO] PDC_SERVER[1]: Checking against Object 5000000002
[INFO] PDC_SERVER[1]: Checking against Object 6000000000
[INFO] PDC_SERVER[1]: Object 1000000001 NOT found in cache
[INFO] PDC_SERVER[1]: Fetching region from server for obj_id=1000000001
[13:54:25.722512] [WARNING] [pdc_tf_server.c:393] PDC_SERVER[2]: SCHED: setting CUDA device to 0 for edge 0 func=zfp_decompress
[13:54:25.722532] [WARNING] [pdc_tf_server.c:401] PDC_SERVER[2]: SCHED: executing edge 0 func=zfp_decompress dev=GPU
[INFO] PDC_SERVER[3]: Fetching region for obj_id=1000000001
[INFO] PDC_SERVER[3]: Checking against Object 2000000000
[INFO] PDC_SERVER[3]: Checking against Object 3000000000
[INFO] PDC_SERVER[3]: Checking against Object 4000000000
[INFO] PDC_SERVER[3]: Checking against Object 3000000002
[INFO] PDC_SERVER[3]: Checking against Object 4000000002
[INFO] PDC_SERVER[3]: Checking against Object 5000000000
[INFO] PDC_SERVER[3]: Checking against Object 4000000004
[INFO] PDC_SERVER[3]: Checking against Object 5000000002
[INFO] PDC_SERVER[3]: Checking against Object 6000000000
[INFO] PDC_SERVER[3]: Object 1000000001 NOT found in cache
[INFO] PDC_SERVER[3]: Fetching region from server for obj_id=1000000001
[13:54:25.727615] [WARNING] [pdc_tf_server.c:393] PDC_SERVER[6]: SCHED: setting CUDA device to 0 for edge 0 func=zfp_decompress
[13:54:25.727630] [WARNING] [pdc_tf_server.c:401] PDC_SERVER[6]: SCHED: executing edge 0 func=zfp_decompress dev=GPU
[13:54:25.729846] [WARNING] [pdc_tf_server.c:393] PDC_SERVER[7]: SCHED: setting CUDA device to 0 for edge 0 func=zfp_decompress
[13:54:25.729862] [WARNING] [pdc_tf_server.c:401] PDC_SERVER[7]: SCHED: executing edge 0 func=zfp_decompress dev=GPU
[13:54:25.730676] [WARNING] [pdc_tf_server.c:475] PDC_SERVER[2]: SCHED: done running transformations
[13:54:25.730716] [WARNING] [pdc_tf_server.c:393] PDC_SERVER[5]: SCHED: setting CUDA device to 0 for edge 0 func=zfp_decompress
[13:54:25.730730] [WARNING] [pdc_tf_server.c:401] PDC_SERVER[5]: SCHED: executing edge 0 func=zfp_decompress dev=GPU
[13:54:25.731373] [WARNING] [pdc_tf_server.c:393] PDC_SERVER[4]: SCHED: setting CUDA device to 0 for edge 0 func=zfp_decompress
[13:54:25.731397] [WARNING] [pdc_tf_server.c:401] PDC_SERVER[4]: SCHED: executing edge 0 func=zfp_decompress dev=GPU
[INFO] PDC_SERVER[0]: Executing graph with json filepath /pscratch/sd/n/nlewi26/src/work_space/source/pdc/tf_client/graphs/zfp_gpu.json
[13:54:25.733804] [WARNING] [pdc_tf_server.c:393] PDC_SERVER[0]: SCHED: setting CUDA device to 0 for edge 0 func=zfp_decompress
[13:54:25.733820] [WARNING] [pdc_tf_server.c:401] PDC_SERVER[0]: SCHED: executing edge 0 func=zfp_decompress dev=GPU
[INFO] PDC_SERVER[2]: Fetching region for obj_id=1000000001
[INFO] PDC_SERVER[2]: Checking against Object 2000000000
[INFO] PDC_SERVER[2]: Checking against Object 3000000000
[INFO] PDC_SERVER[2]: Checking against Object 4000000000
[INFO] PDC_SERVER[2]: Checking against Object 3000000002
[INFO] PDC_SERVER[2]: Checking against Object 4000000002
[INFO] PDC_SERVER[2]: Checking against Object 5000000000
[INFO] PDC_SERVER[2]: Checking against Object 4000000004
[INFO] PDC_SERVER[2]: Checking against Object 5000000002
[INFO] PDC_SERVER[2]: Checking against Object 6000000000
[INFO] PDC_SERVER[2]: Object 1000000001 NOT found in cache
[INFO] PDC_SERVER[2]: Fetching region from server for obj_id=1000000001
[13:54:25.735761] [WARNING] [pdc_tf_server.c:475] PDC_SERVER[6]: SCHED: done running transformations
[13:54:25.738298] [WARNING] [pdc_tf_server.c:475] PDC_SERVER[5]: SCHED: done running transformations
[13:54:25.738297] [WARNING] [pdc_tf_server.c:475] PDC_SERVER[7]: SCHED: done running transformations
[13:54:25.738418] [WARNING] [pdc_tf_server.c:393] PDC_SERVER[3]: SCHED: setting CUDA device to 0 for edge 0 func=zfp_decompress
[13:54:25.738441] [WARNING] [pdc_tf_server.c:401] PDC_SERVER[3]: SCHED: executing edge 0 func=zfp_decompress dev=GPU
[13:54:25.738681] [WARNING] [pdc_tf_server.c:393] PDC_SERVER[1]: SCHED: setting CUDA device to 0 for edge 0 func=zfp_decompress
[13:54:25.738702] [WARNING] [pdc_tf_server.c:401] PDC_SERVER[1]: SCHED: executing edge 0 func=zfp_decompress dev=GPU
[13:54:25.740058] [WARNING] [pdc_tf_server.c:475] PDC_SERVER[4]: SCHED: done running transformations
[INFO] PDC_SERVER[6]: Fetching region for obj_id=1000000001
[INFO] PDC_SERVER[6]: Checking against Object 2000000000
[INFO] PDC_SERVER[6]: Checking against Object 3000000000
[INFO] PDC_SERVER[6]: Checking against Object 4000000000
[INFO] PDC_SERVER[6]: Checking against Object 3000000002
[INFO] PDC_SERVER[6]: Checking against Object 4000000002
[INFO] PDC_SERVER[6]: Checking against Object 5000000000
[INFO] PDC_SERVER[6]: Checking against Object 4000000004
[INFO] PDC_SERVER[6]: Checking against Object 5000000002
[INFO] PDC_SERVER[6]: Checking against Object 6000000000
[INFO] PDC_SERVER[6]: Object 1000000001 NOT found in cache
[INFO] PDC_SERVER[6]: Fetching region from server for obj_id=1000000001
[13:54:25.742754] [WARNING] [pdc_tf_server.c:475] PDC_SERVER[0]: SCHED: done running transformations
[INFO] PDC_SERVER[5]: Fetching region for obj_id=1000000001
[INFO] PDC_SERVER[5]: Checking against Object 2000000000
[INFO] PDC_SERVER[5]: Checking against Object 3000000000
[INFO] PDC_SERVER[5]: Checking against Object 4000000000
[INFO] PDC_SERVER[5]: Checking against Object 3000000002
[INFO] PDC_SERVER[5]: Checking against Object 4000000002
[INFO] PDC_SERVER[5]: Checking against Object 5000000000
[INFO] PDC_SERVER[5]: Checking against Object 4000000004
[INFO] PDC_SERVER[5]: Checking against Object 5000000002
[INFO] PDC_SERVER[5]: Checking against Object 6000000000
[INFO] PDC_SERVER[5]: Object 1000000001 NOT found in cache
[INFO] PDC_SERVER[5]: Fetching region from server for obj_id=1000000001
[INFO] PDC_SERVER[7]: Fetching region for obj_id=1000000001
[INFO] PDC_SERVER[7]: Checking against Object 2000000000
[INFO] PDC_SERVER[7]: Checking against Object 3000000000
[INFO] PDC_SERVER[7]: Checking against Object 4000000000
[INFO] PDC_SERVER[7]: Checking against Object 3000000002
[INFO] PDC_SERVER[7]: Checking against Object 4000000002
[INFO] PDC_SERVER[7]: Checking against Object 5000000000
[INFO] PDC_SERVER[7]: Checking against Object 4000000004
[INFO] PDC_SERVER[7]: Checking against Object 5000000002
[INFO] PDC_SERVER[7]: Checking against Object 6000000000
[INFO] PDC_SERVER[7]: Object 1000000001 NOT found in cache
[INFO] PDC_SERVER[7]: Fetching region from server for obj_id=1000000001
[INFO] PDC_SERVER[4]: Fetching region for obj_id=1000000001
[INFO] PDC_SERVER[4]: Checking against Object 2000000000
[INFO] PDC_SERVER[4]: Checking against Object 3000000000
[INFO] PDC_SERVER[4]: Checking against Object 4000000000
[INFO] PDC_SERVER[4]: Checking against Object 3000000002
[INFO] PDC_SERVER[4]: Checking against Object 4000000002
[INFO] PDC_SERVER[4]: Checking against Object 5000000000
[INFO] PDC_SERVER[4]: Checking against Object 4000000004
[INFO] PDC_SERVER[4]: Checking against Object 5000000002
[INFO] PDC_SERVER[4]: Checking against Object 6000000000
[INFO] PDC_SERVER[4]: Object 1000000001 NOT found in cache
[INFO] PDC_SERVER[4]: Fetching region from server for obj_id=1000000001
[13:54:25.745479] [WARNING] [pdc_tf_server.c:475] PDC_SERVER[3]: SCHED: done running transformations
[13:54:25.746607] [WARNING] [pdc_tf_server.c:475] PDC_SERVER[1]: SCHED: done running transformations
[INFO] PDC_SERVER[0]: Fetching region for obj_id=1000000001
[INFO] PDC_SERVER[0]: Checking against Object 2000000000
[INFO] PDC_SERVER[0]: Checking against Object 3000000000
[INFO] PDC_SERVER[0]: Checking against Object 4000000000
[INFO] PDC_SERVER[0]: Checking against Object 3000000002
[INFO] PDC_SERVER[0]: Checking against Object 4000000002
[INFO] PDC_SERVER[0]: Checking against Object 5000000000
[INFO] PDC_SERVER[0]: Checking against Object 4000000004
[INFO] PDC_SERVER[0]: Checking against Object 5000000002
[INFO] PDC_SERVER[0]: Checking against Object 6000000000
[INFO] PDC_SERVER[0]: Object 1000000001 NOT found in cache
[INFO] PDC_SERVER[0]: Fetching region from server for obj_id=1000000001
[INFO] PDC_SERVER[3]: Fetching region for obj_id=1000000001
[INFO] PDC_SERVER[3]: Checking against Object 2000000000
[INFO] PDC_SERVER[3]: Checking against Object 3000000000
[INFO] PDC_SERVER[3]: Checking against Object 4000000000
[INFO] PDC_SERVER[3]: Checking against Object 3000000002
[INFO] PDC_SERVER[3]: Checking against Object 4000000002
[INFO] PDC_SERVER[3]: Checking against Object 5000000000
[INFO] PDC_SERVER[3]: Checking against Object 4000000004
[INFO] PDC_SERVER[3]: Checking against Object 5000000002
[INFO] PDC_SERVER[3]: Checking against Object 6000000000
[INFO] PDC_SERVER[3]: Object 1000000001 NOT found in cache
[INFO] PDC_SERVER[3]: Fetching region from server for obj_id=1000000001
[13:54:25.751400] [WARNING] [pdc_tf_server.c:393] PDC_SERVER[2]: SCHED: setting CUDA device to 0 for edge 0 func=zfp_decompress
[13:54:25.751421] [WARNING] [pdc_tf_server.c:401] PDC_SERVER[2]: SCHED: executing edge 0 func=zfp_decompress dev=GPU
[INFO] PDC_SERVER[1]: Fetching region for obj_id=1000000001
[INFO] PDC_SERVER[1]: Checking against Object 2000000000
[INFO] PDC_SERVER[1]: Checking against Object 3000000000
[INFO] PDC_SERVER[1]: Checking against Object 4000000000
[INFO] PDC_SERVER[1]: Checking against Object 3000000002
[INFO] PDC_SERVER[1]: Checking against Object 4000000002
[INFO] PDC_SERVER[1]: Checking against Object 5000000000
[INFO] PDC_SERVER[1]: Checking against Object 4000000004
[INFO] PDC_SERVER[1]: Checking against Object 5000000002
[INFO] PDC_SERVER[1]: Checking against Object 6000000000
[INFO] PDC_SERVER[1]: Object 1000000001 NOT found in cache
[INFO] PDC_SERVER[1]: Fetching region from server for obj_id=1000000001
[13:54:25.756356] [WARNING] [pdc_tf_server.c:393] PDC_SERVER[6]: SCHED: setting CUDA device to 0 for edge 0 func=zfp_decompress
[13:54:25.756371] [WARNING] [pdc_tf_server.c:401] PDC_SERVER[6]: SCHED: executing edge 0 func=zfp_decompress dev=GPU
[13:54:25.759196] [WARNING] [pdc_tf_server.c:475] PDC_SERVER[2]: SCHED: done running transformations
[13:54:25.759708] [WARNING] [pdc_tf_server.c:393] PDC_SERVER[7]: SCHED: setting CUDA device to 0 for edge 0 func=zfp_decompress
[13:54:25.759731] [WARNING] [pdc_tf_server.c:401] PDC_SERVER[7]: SCHED: executing edge 0 func=zfp_decompress dev=GPU
[13:54:25.760685] [WARNING] [pdc_tf_server.c:393] PDC_SERVER[4]: SCHED: setting CUDA device to 0 for edge 0 func=zfp_decompress
[13:54:25.760707] [WARNING] [pdc_tf_server.c:401] PDC_SERVER[4]: SCHED: executing edge 0 func=zfp_decompress dev=GPU
[13:54:25.763358] [WARNING] [pdc_tf_server.c:393] PDC_SERVER[5]: SCHED: setting CUDA device to 0 for edge 0 func=zfp_decompress
[13:54:25.763383] [WARNING] [pdc_tf_server.c:401] PDC_SERVER[5]: SCHED: executing edge 0 func=zfp_decompress dev=GPU
[INFO] PDC_SERVER[2]: Fetching region for obj_id=1000000001
[INFO] PDC_SERVER[2]: Checking against Object 2000000000
[INFO] PDC_SERVER[2]: Checking against Object 3000000000
[INFO] PDC_SERVER[2]: Checking against Object 4000000000
[INFO] PDC_SERVER[2]: Checking against Object 3000000002
[INFO] PDC_SERVER[2]: Checking against Object 4000000002
[INFO] PDC_SERVER[2]: Checking against Object 5000000000
[INFO] PDC_SERVER[2]: Checking against Object 4000000004
[INFO] PDC_SERVER[2]: Checking against Object 5000000002
[INFO] PDC_SERVER[2]: Checking against Object 6000000000
[INFO] PDC_SERVER[2]: Object 1000000001 NOT found in cache
[INFO] PDC_SERVER[2]: Fetching region from server for obj_id=1000000001
[13:54:25.764353] [WARNING] [pdc_tf_server.c:475] PDC_SERVER[6]: SCHED: done running transformations
[13:54:25.765968] [WARNING] [pdc_tf_server.c:393] PDC_SERVER[3]: SCHED: setting CUDA device to 0 for edge 0 func=zfp_decompress
[13:54:25.765980] [WARNING] [pdc_tf_server.c:401] PDC_SERVER[3]: SCHED: executing edge 0 func=zfp_decompress dev=GPU
[13:54:25.767372] [WARNING] [pdc_tf_server.c:393] PDC_SERVER[1]: SCHED: setting CUDA device to 0 for edge 0 func=zfp_decompress
[13:54:25.767389] [WARNING] [pdc_tf_server.c:401] PDC_SERVER[1]: SCHED: executing edge 0 func=zfp_decompress dev=GPU
[INFO] PDC_SERVER[0]: Executing graph with json filepath /pscratch/sd/n/nlewi26/src/work_space/source/pdc/tf_client/graphs/zfp_gpu.json
[13:54:25.767500] [WARNING] [pdc_tf_server.c:393] PDC_SERVER[0]: SCHED: setting CUDA device to 0 for edge 0 func=zfp_decompress
[13:54:25.767515] [WARNING] [pdc_tf_server.c:401] PDC_SERVER[0]: SCHED: executing edge 0 func=zfp_decompress dev=GPU
[13:54:25.768149] [WARNING] [pdc_tf_server.c:475] PDC_SERVER[7]: SCHED: done running transformations
[13:54:25.768901] [WARNING] [pdc_tf_server.c:475] PDC_SERVER[4]: SCHED: done running transformations
[INFO] PDC_SERVER[6]: Fetching region for obj_id=1000000001
[INFO] PDC_SERVER[6]: Checking against Object 2000000000
[INFO] PDC_SERVER[6]: Checking against Object 3000000000
[INFO] PDC_SERVER[6]: Checking against Object 4000000000
[INFO] PDC_SERVER[6]: Checking against Object 3000000002
[INFO] PDC_SERVER[6]: Checking against Object 4000000002
[INFO] PDC_SERVER[6]: Checking against Object 5000000000
[INFO] PDC_SERVER[6]: Checking against Object 4000000004
[INFO] PDC_SERVER[6]: Checking against Object 5000000002
[INFO] PDC_SERVER[6]: Checking against Object 6000000000
[INFO] PDC_SERVER[6]: Object 1000000001 NOT found in cache
[INFO] PDC_SERVER[6]: Fetching region from server for obj_id=1000000001
[13:54:25.770798] [WARNING] [pdc_tf_server.c:475] PDC_SERVER[5]: SCHED: done running transformations
[13:54:25.772811] [WARNING] [pdc_tf_server.c:475] PDC_SERVER[3]: SCHED: done running transformations
[INFO] PDC_SERVER[7]: Fetching region for obj_id=1000000001
[INFO] PDC_SERVER[7]: Checking against Object 2000000000
[INFO] PDC_SERVER[7]: Checking against Object 3000000000
[INFO] PDC_SERVER[7]: Checking against Object 4000000000
[INFO] PDC_SERVER[7]: Checking against Object 3000000002
[INFO] PDC_SERVER[7]: Checking against Object 4000000002
[INFO] PDC_SERVER[7]: Checking against Object 5000000000
[INFO] PDC_SERVER[7]: Checking against Object 4000000004
[INFO] PDC_SERVER[7]: Checking against Object 5000000002
[INFO] PDC_SERVER[7]: Checking against Object 6000000000
[INFO] PDC_SERVER[7]: Object 1000000001 NOT found in cache
[INFO] PDC_SERVER[7]: Fetching region from server for obj_id=1000000001
[INFO] PDC_SERVER[4]: Fetching region for obj_id=1000000001
[INFO] PDC_SERVER[4]: Checking against Object 2000000000
[INFO] PDC_SERVER[4]: Checking against Object 3000000000
[INFO] PDC_SERVER[4]: Checking against Object 4000000000
[INFO] PDC_SERVER[4]: Checking against Object 3000000002
[INFO] PDC_SERVER[4]: Checking against Object 4000000002
[INFO] PDC_SERVER[4]: Checking against Object 5000000000
[INFO] PDC_SERVER[4]: Checking against Object 4000000004
[INFO] PDC_SERVER[4]: Checking against Object 5000000002
[INFO] PDC_SERVER[4]: Checking against Object 6000000000
[INFO] PDC_SERVER[4]: Object 1000000001 NOT found in cache
[INFO] PDC_SERVER[4]: Fetching region from server for obj_id=1000000001
[INFO] PDC_SERVER[5]: Fetching region for obj_id=1000000001
[INFO] PDC_SERVER[5]: Checking against Object 2000000000
[INFO] PDC_SERVER[5]: Checking against Object 3000000000
[INFO] PDC_SERVER[5]: Checking against Object 4000000000
[INFO] PDC_SERVER[5]: Checking against Object 3000000002
[INFO] PDC_SERVER[5]: Checking against Object 4000000002
[INFO] PDC_SERVER[5]: Checking against Object 5000000000
[INFO] PDC_SERVER[5]: Checking against Object 4000000004
[INFO] PDC_SERVER[5]: Checking against Object 5000000002
[INFO] PDC_SERVER[5]: Checking against Object 6000000000
[INFO] PDC_SERVER[5]: Object 1000000001 NOT found in cache
[INFO] PDC_SERVER[5]: Fetching region from server for obj_id=1000000001
[13:54:25.776352] [WARNING] [pdc_tf_server.c:475] PDC_SERVER[1]: SCHED: done running transformations
[13:54:25.776696] [WARNING] [pdc_tf_server.c:475] PDC_SERVER[0]: SCHED: done running transformations
[INFO] PDC_SERVER[3]: Fetching region for obj_id=1000000001
[INFO] PDC_SERVER[3]: Checking against Object 2000000000
[INFO] PDC_SERVER[3]: Checking against Object 3000000000
[INFO] PDC_SERVER[3]: Checking against Object 4000000000
[INFO] PDC_SERVER[3]: Checking against Object 3000000002
[INFO] PDC_SERVER[3]: Checking against Object 4000000002
[INFO] PDC_SERVER[3]: Checking against Object 5000000000
[INFO] PDC_SERVER[3]: Checking against Object 4000000004
[INFO] PDC_SERVER[3]: Checking against Object 5000000002
[INFO] PDC_SERVER[3]: Checking against Object 6000000000
[INFO] PDC_SERVER[3]: Object 1000000001 NOT found in cache
[INFO] PDC_SERVER[3]: Fetching region from server for obj_id=1000000001
[13:54:25.780226] [WARNING] [pdc_tf_server.c:393] PDC_SERVER[2]: SCHED: setting CUDA device to 0 for edge 0 func=zfp_decompress
[13:54:25.780249] [WARNING] [pdc_tf_server.c:401] PDC_SERVER[2]: SCHED: executing edge 0 func=zfp_decompress dev=GPU
[INFO] PDC_SERVER[1]: Fetching region for obj_id=1000000001
[INFO] PDC_SERVER[1]: Checking against Object 2000000000
[INFO] PDC_SERVER[1]: Checking against Object 3000000000
[INFO] PDC_SERVER[1]: Checking against Object 4000000000
[INFO] PDC_SERVER[1]: Checking against Object 3000000002
[INFO] PDC_SERVER[1]: Checking against Object 4000000002
[INFO] PDC_SERVER[1]: Checking against Object 5000000000
[INFO] PDC_SERVER[1]: Checking against Object 4000000004
[INFO] PDC_SERVER[0]: Fetching region for obj_id=1000000001
[INFO] PDC_SERVER[0]: Checking against Object 2000000000
[INFO] PDC_SERVER[0]: Checking against Object 3000000000
[INFO] PDC_SERVER[0]: Checking against Object 4000000000
[INFO] PDC_SERVER[0]: Checking against Object 3000000002
[INFO] PDC_SERVER[1]: Checking against Object 5000000002
[INFO] PDC_SERVER[1]: Checking against Object 6000000000
[INFO] PDC_SERVER[1]: Object 1000000001 NOT found in cache
[INFO] PDC_SERVER[1]: Fetching region from server for obj_id=1000000001
[INFO] PDC_SERVER[0]: Checking against Object 4000000002
[INFO] PDC_SERVER[0]: Checking against Object 5000000000
[INFO] PDC_SERVER[0]: Checking against Object 4000000004
[INFO] PDC_SERVER[0]: Checking against Object 5000000002
[INFO] PDC_SERVER[0]: Checking against Object 6000000000
[INFO] PDC_SERVER[0]: Object 1000000001 NOT found in cache
[INFO] PDC_SERVER[0]: Fetching region from server for obj_id=1000000001
[13:54:25.784847] [WARNING] [pdc_tf_server.c:393] PDC_SERVER[6]: SCHED: setting CUDA device to 0 for edge 0 func=zfp_decompress
[13:54:25.784862] [WARNING] [pdc_tf_server.c:401] PDC_SERVER[6]: SCHED: executing edge 0 func=zfp_decompress dev=GPU
[13:54:25.787972] [WARNING] [pdc_tf_server.c:475] PDC_SERVER[2]: SCHED: done running transformations
[13:54:25.790114] [WARNING] [pdc_tf_server.c:393] PDC_SERVER[4]: SCHED: setting CUDA device to 0 for edge 0 func=zfp_decompress
[13:54:25.790136] [WARNING] [pdc_tf_server.c:401] PDC_SERVER[4]: SCHED: executing edge 0 func=zfp_decompress dev=GPU
[13:54:25.790482] [WARNING] [pdc_tf_server.c:393] PDC_SERVER[7]: SCHED: setting CUDA device to 0 for edge 0 func=zfp_decompress
[13:54:25.790504] [WARNING] [pdc_tf_server.c:401] PDC_SERVER[7]: SCHED: executing edge 0 func=zfp_decompress dev=GPU
[INFO] PDC_SERVER[2]: Fetching region for obj_id=1000000001
[INFO] PDC_SERVER[2]: Checking against Object 2000000000
[INFO] PDC_SERVER[2]: Checking against Object 3000000000
[INFO] PDC_SERVER[2]: Checking against Object 4000000000
[INFO] PDC_SERVER[2]: Checking against Object 3000000002
[INFO] PDC_SERVER[2]: Checking against Object 4000000002
[INFO] PDC_SERVER[2]: Checking against Object 5000000000
[INFO] PDC_SERVER[2]: Checking against Object 4000000004
[INFO] PDC_SERVER[2]: Checking against Object 5000000002
[INFO] PDC_SERVER[2]: Checking against Object 6000000000
[INFO] PDC_SERVER[2]: Object 1000000001 NOT found in cache
[INFO] PDC_SERVER[2]: Fetching region from server for obj_id=1000000001
[13:54:25.792910] [WARNING] [pdc_tf_server.c:475] PDC_SERVER[6]: SCHED: done running transformations
[13:54:25.793879] [WARNING] [pdc_tf_server.c:393] PDC_SERVER[3]: SCHED: setting CUDA device to 0 for edge 0 func=zfp_decompress
[13:54:25.793896] [WARNING] [pdc_tf_server.c:401] PDC_SERVER[3]: SCHED: executing edge 0 func=zfp_decompress dev=GPU
[13:54:25.797291] [WARNING] [pdc_tf_server.c:393] PDC_SERVER[1]: SCHED: setting CUDA device to 0 for edge 0 func=zfp_decompress
[13:54:25.797307] [WARNING] [pdc_tf_server.c:401] PDC_SERVER[1]: SCHED: executing edge 0 func=zfp_decompress dev=GPU
[INFO] PDC_SERVER[0]: Executing graph with json filepath /pscratch/sd/n/nlewi26/src/work_space/source/pdc/tf_client/graphs/zfp_gpu.json
[13:54:25.797409] [WARNING] [pdc_tf_server.c:393] PDC_SERVER[0]: SCHED: setting CUDA device to 0 for edge 0 func=zfp_decompress
[13:54:25.797423] [WARNING] [pdc_tf_server.c:401] PDC_SERVER[0]: SCHED: executing edge 0 func=zfp_decompress dev=GPU
[INFO] PDC_SERVER[6]: Fetching region for obj_id=1000000001
[INFO] PDC_SERVER[6]: Checking against Object 2000000000
[INFO] PDC_SERVER[6]: Checking against Object 3000000000
[INFO] PDC_SERVER[6]: Checking against Object 4000000000
[INFO] PDC_SERVER[6]: Checking against Object 3000000002
[INFO] PDC_SERVER[6]: Checking against Object 4000000002
[INFO] PDC_SERVER[6]: Checking against Object 5000000000
[INFO] PDC_SERVER[6]: Checking against Object 4000000004
[INFO] PDC_SERVER[6]: Checking against Object 5000000002
[INFO] PDC_SERVER[6]: Checking against Object 6000000000
[INFO] PDC_SERVER[6]: Object 1000000001 NOT found in cache
[INFO] PDC_SERVER[6]: Fetching region from server for obj_id=1000000001
[13:54:25.798504] [WARNING] [pdc_tf_server.c:475] PDC_SERVER[4]: SCHED: done running transformations
[13:54:25.798513] [WARNING] [pdc_tf_server.c:393] PDC_SERVER[5]: SCHED: setting CUDA device to 0 for edge 0 func=zfp_decompress
[13:54:25.798538] [WARNING] [pdc_tf_server.c:401] PDC_SERVER[5]: SCHED: executing edge 0 func=zfp_decompress dev=GPU
[13:54:25.800575] [WARNING] [pdc_tf_server.c:475] PDC_SERVER[7]: SCHED: done running transformations
[13:54:25.802948] [WARNING] [pdc_tf_server.c:475] PDC_SERVER[3]: SCHED: done running transformations
[INFO] PDC_SERVER[4]: Fetching region for obj_id=1000000001
[INFO] PDC_SERVER[4]: Checking against Object 2000000000
[INFO] PDC_SERVER[4]: Checking against Object 3000000000
[INFO] PDC_SERVER[4]: Checking against Object 4000000000
[INFO] PDC_SERVER[4]: Checking against Object 3000000002
[INFO] PDC_SERVER[4]: Checking against Object 4000000002
[INFO] PDC_SERVER[4]: Checking against Object 5000000000
[INFO] PDC_SERVER[4]: Checking against Object 4000000004
[INFO] PDC_SERVER[4]: Checking against Object 5000000002
[INFO] PDC_SERVER[4]: Checking against Object 6000000000
[INFO] PDC_SERVER[4]: Object 1000000001 NOT found in cache
[INFO] PDC_SERVER[4]: Fetching region from server for obj_id=1000000001
[INFO] PDC_SERVER[7]: Fetching region for obj_id=1000000001
[INFO] PDC_SERVER[7]: Checking against Object 2000000000
[INFO] PDC_SERVER[7]: Checking against Object 3000000000
[INFO] PDC_SERVER[7]: Checking against Object 4000000000
[INFO] PDC_SERVER[7]: Checking against Object 3000000002
[INFO] PDC_SERVER[7]: Checking against Object 4000000002
[INFO] PDC_SERVER[7]: Checking against Object 5000000000
[INFO] PDC_SERVER[7]: Checking against Object 4000000004
[INFO] PDC_SERVER[7]: Checking against Object 5000000002
[INFO] PDC_SERVER[7]: Checking against Object 6000000000
[INFO] PDC_SERVER[7]: Object 1000000001 NOT found in cache
[INFO] PDC_SERVER[7]: Fetching region from server for obj_id=1000000001
[13:54:25.806333] [WARNING] [pdc_tf_server.c:475] PDC_SERVER[1]: SCHED: done running transformations
[13:54:25.806721] [WARNING] [pdc_tf_server.c:475] PDC_SERVER[0]: SCHED: done running transformations
[INFO] PDC_SERVER[3]: Fetching region for obj_id=1000000001
[INFO] PDC_SERVER[3]: Checking against Object 2000000000
[INFO] PDC_SERVER[3]: Checking against Object 3000000000
[INFO] PDC_SERVER[3]: Checking against Object 4000000000
[INFO] PDC_SERVER[3]: Checking against Object 3000000002
[INFO] PDC_SERVER[3]: Checking against Object 4000000002
[INFO] PDC_SERVER[3]: Checking against Object 5000000000
[INFO] PDC_SERVER[3]: Checking against Object 4000000004
[INFO] PDC_SERVER[3]: Checking against Object 5000000002
[INFO] PDC_SERVER[3]: Checking against Object 6000000000
[13:54:25.807657] [WARNING] [pdc_tf_server.c:475] PDC_SERVER[5]: SCHED: done running transformations
[INFO] PDC_SERVER[3]: Object 1000000001 NOT found in cache
[INFO] PDC_SERVER[3]: Fetching region from server for obj_id=1000000001
[13:54:25.808818] [WARNING] [pdc_tf_server.c:393] PDC_SERVER[2]: SCHED: setting CUDA device to 0 for edge 0 func=zfp_decompress
[13:54:25.808842] [WARNING] [pdc_tf_server.c:401] PDC_SERVER[2]: SCHED: executing edge 0 func=zfp_decompress dev=GPU
[INFO] PDC_SERVER[1]: Fetching region for obj_id=1000000001
[INFO] PDC_SERVER[1]: Checking against Object 2000000000
[INFO] PDC_SERVER[1]: Checking against Object 3000000000
[INFO] PDC_SERVER[1]: Checking against Object 4000000000
[INFO] PDC_SERVER[1]: Checking against Object 3000000002
[INFO] PDC_SERVER[1]: Checking against Object 4000000002
[INFO] PDC_SERVER[1]: Checking against Object 5000000000
[INFO] PDC_SERVER[1]: Checking against Object 4000000004
[INFO] PDC_SERVER[1]: Checking against Object 5000000002
[INFO] PDC_SERVER[1]: Checking against Object 6000000000
[INFO] PDC_SERVER[1]: Object 1000000001 NOT found in cache
[INFO] PDC_SERVER[1]: Fetching region from server for obj_id=1000000001
[INFO] PDC_SERVER[0]: Fetching region for obj_id=1000000001
[INFO] PDC_SERVER[0]: Checking against Object 2000000000
[INFO] PDC_SERVER[0]: Checking against Object 3000000000
[INFO] PDC_SERVER[0]: Checking against Object 4000000000
[INFO] PDC_SERVER[0]: Checking against Object 3000000002
[INFO] PDC_SERVER[0]: Checking against Object 4000000002
[INFO] PDC_SERVER[0]: Checking against Object 5000000000
[INFO] PDC_SERVER[0]: Checking against Object 4000000004
[INFO] PDC_SERVER[0]: Checking against Object 5000000002
[INFO] PDC_SERVER[0]: Checking against Object 6000000000
[INFO] PDC_SERVER[0]: Object 1000000001 NOT found in cache
[INFO] PDC_SERVER[0]: Fetching region from server for obj_id=1000000001
[INFO] PDC_SERVER[5]: Fetching region for obj_id=1000000001
[INFO] PDC_SERVER[5]: Checking against Object 2000000000
[INFO] PDC_SERVER[5]: Checking against Object 3000000000
[INFO] PDC_SERVER[5]: Checking against Object 4000000000
[INFO] PDC_SERVER[5]: Checking against Object 3000000002
[INFO] PDC_SERVER[5]: Checking against Object 4000000002
[INFO] PDC_SERVER[5]: Checking against Object 5000000000
[INFO] PDC_SERVER[5]: Checking against Object 4000000004
[INFO] PDC_SERVER[5]: Checking against Object 5000000002
[INFO] PDC_SERVER[5]: Checking against Object 6000000000
[INFO] PDC_SERVER[5]: Object 1000000001 NOT found in cache
[INFO] PDC_SERVER[5]: Fetching region from server for obj_id=1000000001
[13:54:25.813683] [WARNING] [pdc_tf_server.c:393] PDC_SERVER[6]: SCHED: setting CUDA device to 0 for edge 0 func=zfp_decompress
[13:54:25.813696] [WARNING] [pdc_tf_server.c:401] PDC_SERVER[6]: SCHED: executing edge 0 func=zfp_decompress dev=GPU
[13:54:25.818969] [WARNING] [pdc_tf_server.c:393] PDC_SERVER[4]: SCHED: setting CUDA device to 0 for edge 0 func=zfp_decompress
[13:54:25.818992] [WARNING] [pdc_tf_server.c:401] PDC_SERVER[4]: SCHED: executing edge 0 func=zfp_decompress dev=GPU
[13:54:25.821380] [WARNING] [pdc_tf_server.c:393] PDC_SERVER[7]: SCHED: setting CUDA device to 0 for edge 0 func=zfp_decompress
[13:54:25.821398] [WARNING] [pdc_tf_server.c:401] PDC_SERVER[7]: SCHED: executing edge 0 func=zfp_decompress dev=GPU
[13:54:25.823156] [WARNING] [pdc_tf_server.c:475] PDC_SERVER[2]: SCHED: done running transformations
[13:54:25.823867] [WARNING] [pdc_tf_server.c:393] PDC_SERVER[3]: SCHED: setting CUDA device to 0 for edge 0 func=zfp_decompress
[13:54:25.823884] [WARNING] [pdc_tf_server.c:401] PDC_SERVER[3]: SCHED: executing edge 0 func=zfp_decompress dev=GPU
[13:54:25.826160] [WARNING] [pdc_tf_server.c:475] PDC_SERVER[6]: SCHED: done running transformations
[INFO] PDC_SERVER[0]: Executing graph with json filepath /pscratch/sd/n/nlewi26/src/work_space/source/pdc/tf_client/graphs/zfp_gpu.json
[13:54:25.827200] [WARNING] [pdc_tf_server.c:393] PDC_SERVER[0]: SCHED: setting CUDA device to 0 for edge 0 func=zfp_decompress
[13:54:25.827215] [WARNING] [pdc_tf_server.c:401] PDC_SERVER[0]: SCHED: executing edge 0 func=zfp_decompress dev=GPU
[13:54:25.827195] [WARNING] [pdc_tf_server.c:393] PDC_SERVER[1]: SCHED: setting CUDA device to 0 for edge 0 func=zfp_decompress
[13:54:25.827210] [WARNING] [pdc_tf_server.c:401] PDC_SERVER[1]: SCHED: executing edge 0 func=zfp_decompress dev=GPU
[13:54:25.827612] [WARNING] [pdc_tf_server.c:475] PDC_SERVER[4]: SCHED: done running transformations
[INFO] PDC_SERVER[2]: Fetching region for obj_id=1000000001
[INFO] PDC_SERVER[2]: Checking against Object 2000000000
[INFO] PDC_SERVER[2]: Checking against Object 3000000000
[INFO] PDC_SERVER[2]: Checking against Object 4000000000
[INFO] PDC_SERVER[2]: Checking against Object 3000000002
[INFO] PDC_SERVER[2]: Checking against Object 4000000002
[INFO] PDC_SERVER[2]: Checking against Object 5000000000
[INFO] PDC_SERVER[2]: Checking against Object 4000000004
[INFO] PDC_SERVER[2]: Checking against Object 5000000002
[INFO] PDC_SERVER[2]: Checking against Object 6000000000
[INFO] PDC_SERVER[2]: Object 1000000001 NOT found in cache
[INFO] PDC_SERVER[2]: Fetching region from server for obj_id=1000000001
[13:54:25.829043] [WARNING] [pdc_tf_server.c:393] PDC_SERVER[5]: SCHED: setting CUDA device to 0 for edge 0 func=zfp_decompress
[13:54:25.829071] [WARNING] [pdc_tf_server.c:401] PDC_SERVER[5]: SCHED: executing edge 0 func=zfp_decompress dev=GPU
[INFO] PDC_SERVER[6]: Fetching region for obj_id=1000000001
[INFO] PDC_SERVER[6]: Checking against Object 2000000000
[INFO] PDC_SERVER[6]: Checking against Object 3000000000
[INFO] PDC_SERVER[6]: Checking against Object 4000000000
[INFO] PDC_SERVER[6]: Checking against Object 3000000002
[INFO] PDC_SERVER[6]: Checking against Object 4000000002
[INFO] PDC_SERVER[6]: Checking against Object 5000000000
[INFO] PDC_SERVER[6]: Checking against Object 4000000004
[INFO] PDC_SERVER[6]: Checking against Object 5000000002
[INFO] PDC_SERVER[6]: Checking against Object 6000000000
[INFO] PDC_SERVER[6]: Object 1000000001 NOT found in cache
[INFO] PDC_SERVER[6]: Fetching region from server for obj_id=1000000001
[INFO] PDC_SERVER[4]: Fetching region for obj_id=1000000001
[INFO] PDC_SERVER[4]: Checking against Object 2000000000
[INFO] PDC_SERVER[4]: Checking against Object 3000000000
[INFO] PDC_SERVER[4]: Checking against Object 4000000000
[INFO] PDC_SERVER[4]: Checking against Object 3000000002
[INFO] PDC_SERVER[4]: Checking against Object 4000000002
[INFO] PDC_SERVER[4]: Checking against Object 5000000000
[INFO] PDC_SERVER[4]: Checking against Object 4000000004
[INFO] PDC_SERVER[4]: Checking against Object 5000000002
[INFO] PDC_SERVER[4]: Checking against Object 6000000000
[INFO] PDC_SERVER[4]: Object 1000000001 NOT found in cache
[INFO] PDC_SERVER[4]: Fetching region from server for obj_id=1000000001
[13:54:25.836372] [WARNING] [pdc_tf_server.c:475] PDC_SERVER[1]: SCHED: done running transformations
[13:54:25.836508] [WARNING] [pdc_tf_server.c:475] PDC_SERVER[5]: SCHED: done running transformations
[13:54:25.836752] [WARNING] [pdc_tf_server.c:475] PDC_SERVER[0]: SCHED: done running transformations
[13:54:25.838039] [WARNING] [pdc_tf_server.c:475] PDC_SERVER[7]: SCHED: done running transformations
[INFO] PDC_SERVER[5]: Fetching region for obj_id=1000000001
[INFO] PDC_SERVER[5]: Checking against Object 2000000000
[INFO] PDC_SERVER[5]: Checking against Object 3000000000
[INFO] PDC_SERVER[5]: Checking against Object 4000000000
[INFO] PDC_SERVER[5]: Checking against Object 3000000002
[INFO] PDC_SERVER[5]: Checking against Object 4000000002
[INFO] PDC_SERVER[5]: Checking against Object 5000000000
[INFO] PDC_SERVER[5]: Checking against Object 4000000004
[INFO] PDC_SERVER[5]: Checking against Object 5000000002
[INFO] PDC_SERVER[5]: Checking against Object 6000000000
[INFO] PDC_SERVER[5]: Object 1000000001 NOT found in cache
[INFO] PDC_SERVER[5]: Fetching region from server for obj_id=1000000001
[INFO] PDC_SERVER[1]: Fetching region for obj_id=1000000001
[INFO] PDC_SERVER[1]: Checking against Object 2000000000
[INFO] PDC_SERVER[1]: Checking against Object 3000000000
[INFO] PDC_SERVER[1]: Checking against Object 4000000000
[INFO] PDC_SERVER[1]: Checking against Object 3000000002
[INFO] PDC_SERVER[1]: Checking against Object 4000000002
[INFO] PDC_SERVER[1]: Checking against Object 5000000000
[INFO] PDC_SERVER[1]: Checking against Object 4000000004
[INFO] PDC_SERVER[1]: Checking against Object 5000000002
[INFO] PDC_SERVER[1]: Checking against Object 6000000000
[INFO] PDC_SERVER[1]: Object 1000000001 NOT found in cache
[INFO] PDC_SERVER[1]: Fetching region from server for obj_id=1000000001
[INFO] PDC_SERVER[0]: Fetching region for obj_id=1000000001
[INFO] PDC_SERVER[0]: Checking against Object 2000000000
[INFO] PDC_SERVER[0]: Checking against Object 3000000000
[INFO] PDC_SERVER[0]: Checking against Object 4000000000
[INFO] PDC_SERVER[0]: Checking against Object 3000000002
[INFO] PDC_SERVER[0]: Checking against Object 4000000002
[INFO] PDC_SERVER[0]: Checking against Object 5000000000
[INFO] PDC_SERVER[0]: Checking against Object 4000000004
[INFO] PDC_SERVER[0]: Checking against Object 5000000002
[INFO] PDC_SERVER[0]: Checking against Object 6000000000
[INFO] PDC_SERVER[0]: Object 1000000001 NOT found in cache
[INFO] PDC_SERVER[0]: Fetching region from server for obj_id=1000000001
[INFO] PDC_SERVER[7]: Fetching region for obj_id=1000000001
[INFO] PDC_SERVER[7]: Checking against Object 2000000000
[INFO] PDC_SERVER[7]: Checking against Object 3000000000
[INFO] PDC_SERVER[7]: Checking against Object 4000000000
[INFO] PDC_SERVER[7]: Checking against Object 3000000002
[INFO] PDC_SERVER[7]: Checking against Object 4000000002
[INFO] PDC_SERVER[7]: Checking against Object 5000000000
[INFO] PDC_SERVER[7]: Checking against Object 4000000004
[INFO] PDC_SERVER[7]: Checking against Object 5000000002
[INFO] PDC_SERVER[7]: Checking against Object 6000000000
[INFO] PDC_SERVER[7]: Object 1000000001 NOT found in cache
[INFO] PDC_SERVER[7]: Fetching region from server for obj_id=1000000001
[13:54:25.844127] [WARNING] [pdc_tf_server.c:393] PDC_SERVER[2]: SCHED: setting CUDA device to 0 for edge 0 func=zfp_decompress
[13:54:25.844152] [WARNING] [pdc_tf_server.c:401] PDC_SERVER[2]: SCHED: executing edge 0 func=zfp_decompress dev=GPU
[13:54:25.845148] [WARNING] [pdc_tf_server.c:475] PDC_SERVER[3]: SCHED: done running transformations
[13:54:25.846960] [WARNING] [pdc_tf_server.c:393] PDC_SERVER[6]: SCHED: setting CUDA device to 0 for edge 0 func=zfp_decompress
[13:54:25.846974] [WARNING] [pdc_tf_server.c:401] PDC_SERVER[6]: SCHED: executing edge 0 func=zfp_decompress dev=GPU
[13:54:25.848402] [WARNING] [pdc_tf_server.c:393] PDC_SERVER[4]: SCHED: setting CUDA device to 0 for edge 0 func=zfp_decompress
[13:54:25.848466] [WARNING] [pdc_tf_server.c:401] PDC_SERVER[4]: SCHED: executing edge 0 func=zfp_decompress dev=GPU
[INFO] PDC_SERVER[3]: Fetching region for obj_id=1000000001
[INFO] PDC_SERVER[3]: Checking against Object 2000000000
[INFO] PDC_SERVER[3]: Checking against Object 3000000000
[INFO] PDC_SERVER[3]: Checking against Object 4000000000
[INFO] PDC_SERVER[3]: Checking against Object 3000000002
[INFO] PDC_SERVER[3]: Checking against Object 4000000002
[INFO] PDC_SERVER[3]: Checking against Object 5000000000
[INFO] PDC_SERVER[3]: Checking against Object 4000000004
[INFO] PDC_SERVER[3]: Checking against Object 5000000002
[INFO] PDC_SERVER[3]: Checking against Object 6000000000
[INFO] PDC_SERVER[3]: Object 1000000001 NOT found in cache
[INFO] PDC_SERVER[3]: Fetching region from server for obj_id=1000000001
[13:54:25.856929] [WARNING] [pdc_tf_server.c:475] PDC_SERVER[4]: SCHED: done running transformations
[13:54:25.857259] [WARNING] [pdc_tf_server.c:393] PDC_SERVER[1]: SCHED: setting CUDA device to 0 for edge 0 func=zfp_decompress
[13:54:25.857277] [WARNING] [pdc_tf_server.c:401] PDC_SERVER[1]: SCHED: executing edge 0 func=zfp_decompress dev=GPU
[13:54:25.857293] [WARNING] [pdc_tf_server.c:393] PDC_SERVER[5]: SCHED: setting CUDA device to 0 for edge 0 func=zfp_decompress
[13:54:25.857318] [WARNING] [pdc_tf_server.c:401] PDC_SERVER[5]: SCHED: executing edge 0 func=zfp_decompress dev=GPU
[INFO] PDC_SERVER[0]: Executing graph with json filepath /pscratch/sd/n/nlewi26/src/work_space/source/pdc/tf_client/graphs/zfp_gpu.json
[13:54:25.857310] [WARNING] [pdc_tf_server.c:393] PDC_SERVER[0]: SCHED: setting CUDA device to 0 for edge 0 func=zfp_decompress
[13:54:25.857323] [WARNING] [pdc_tf_server.c:401] PDC_SERVER[0]: SCHED: executing edge 0 func=zfp_decompress dev=GPU
[13:54:25.859504] [WARNING] [pdc_tf_server.c:393] PDC_SERVER[7]: SCHED: setting CUDA device to 0 for edge 0 func=zfp_decompress
[13:54:25.859518] [WARNING] [pdc_tf_server.c:401] PDC_SERVER[7]: SCHED: executing edge 0 func=zfp_decompress dev=GPU
[13:54:25.861247] [WARNING] [pdc_tf_server.c:475] PDC_SERVER[2]: SCHED: done running transformations
[INFO] PDC_SERVER[4]: Fetching region for obj_id=1000000001
[INFO] PDC_SERVER[4]: Checking against Object 2000000000
[INFO] PDC_SERVER[4]: Checking against Object 3000000000
[INFO] PDC_SERVER[4]: Checking against Object 4000000000
[INFO] PDC_SERVER[4]: Checking against Object 3000000002
[INFO] PDC_SERVER[4]: Checking against Object 4000000002
[INFO] PDC_SERVER[4]: Checking against Object 5000000000
[INFO] PDC_SERVER[4]: Checking against Object 4000000004
[INFO] PDC_SERVER[4]: Checking against Object 5000000002
[INFO] PDC_SERVER[4]: Checking against Object 6000000000
[INFO] PDC_SERVER[4]: Object 1000000001 NOT found in cache
[INFO] PDC_SERVER[4]: Fetching region from server for obj_id=1000000001
[13:54:25.865089] [WARNING] [pdc_tf_server.c:475] PDC_SERVER[5]: SCHED: done running transformations
[13:54:25.865911] [WARNING] [pdc_tf_server.c:393] PDC_SERVER[3]: SCHED: setting CUDA device to 0 for edge 0 func=zfp_decompress
[13:54:25.865935] [WARNING] [pdc_tf_server.c:401] PDC_SERVER[3]: SCHED: executing edge 0 func=zfp_decompress dev=GPU
[INFO] PDC_SERVER[2]: Fetching region for obj_id=1000000001
[INFO] PDC_SERVER[2]: Checking against Object 2000000000
[INFO] PDC_SERVER[2]: Checking against Object 3000000000
[INFO] PDC_SERVER[2]: Checking against Object 4000000000
[INFO] PDC_SERVER[2]: Checking against Object 3000000002
[INFO] PDC_SERVER[2]: Checking against Object 4000000002
[INFO] PDC_SERVER[2]: Checking against Object 5000000000
[INFO] PDC_SERVER[2]: Checking against Object 4000000004
[INFO] PDC_SERVER[2]: Checking against Object 5000000002
[INFO] PDC_SERVER[2]: Checking against Object 6000000000
[INFO] PDC_SERVER[2]: Object 1000000001 NOT found in cache
[INFO] PDC_SERVER[2]: Fetching region from server for obj_id=1000000001
[13:54:25.866426] [WARNING] [pdc_tf_server.c:475] PDC_SERVER[1]: SCHED: done running transformations
[13:54:25.866851] [WARNING] [pdc_tf_server.c:475] PDC_SERVER[0]: SCHED: done running transformations
[13:54:25.867766] [WARNING] [pdc_tf_server.c:475] PDC_SERVER[6]: SCHED: done running transformations
[INFO] PDC_SERVER[5]: Fetching region for obj_id=1000000001
[INFO] PDC_SERVER[5]: Checking against Object 2000000000
[INFO] PDC_SERVER[5]: Checking against Object 3000000000
[INFO] PDC_SERVER[5]: Checking against Object 4000000000
[INFO] PDC_SERVER[5]: Checking against Object 3000000002
[INFO] PDC_SERVER[5]: Checking against Object 4000000002
[INFO] PDC_SERVER[5]: Checking against Object 5000000000
[INFO] PDC_SERVER[5]: Checking against Object 4000000004
[INFO] PDC_SERVER[5]: Checking against Object 5000000002
[INFO] PDC_SERVER[5]: Checking against Object 6000000000
[INFO] PDC_SERVER[5]: Object 1000000001 NOT found in cache
[INFO] PDC_SERVER[5]: Fetching region from server for obj_id=1000000001
[INFO] PDC_SERVER[1]: Fetching region for obj_id=1000000001
[INFO] PDC_SERVER[1]: Checking against Object 2000000000
[INFO] PDC_SERVER[1]: Checking against Object 3000000000
[INFO] PDC_SERVER[1]: Checking against Object 4000000000
[INFO] PDC_SERVER[1]: Checking against Object 3000000002
[INFO] PDC_SERVER[1]: Checking against Object 4000000002
[INFO] PDC_SERVER[1]: Checking against Object 5000000000
[INFO] PDC_SERVER[1]: Checking against Object 4000000004
[INFO] PDC_SERVER[1]: Checking against Object 5000000002
[INFO] PDC_SERVER[1]: Checking against Object 6000000000
[INFO] PDC_SERVER[1]: Object 1000000001 NOT found in cache
[INFO] PDC_SERVER[1]: Fetching region from server for obj_id=1000000001
[INFO] PDC_SERVER[0]: Fetching region for obj_id=1000000001
[INFO] PDC_SERVER[0]: Checking against Object 2000000000
[INFO] PDC_SERVER[0]: Checking against Object 3000000000
[INFO] PDC_SERVER[0]: Checking against Object 4000000000
[INFO] PDC_SERVER[0]: Checking against Object 3000000002
[INFO] PDC_SERVER[0]: Checking against Object 4000000002
[INFO] PDC_SERVER[0]: Checking against Object 5000000000
[INFO] PDC_SERVER[0]: Checking against Object 4000000004
[INFO] PDC_SERVER[0]: Checking against Object 5000000002
[INFO] PDC_SERVER[0]: Checking against Object 6000000000
[INFO] PDC_SERVER[0]: Object 1000000001 NOT found in cache
[INFO] PDC_SERVER[0]: Fetching region from server for obj_id=1000000001
[INFO] PDC_SERVER[6]: Fetching region for obj_id=1000000001
[INFO] PDC_SERVER[6]: Checking against Object 2000000000
[INFO] PDC_SERVER[6]: Checking against Object 3000000000
[INFO] PDC_SERVER[6]: Checking against Object 4000000000
[INFO] PDC_SERVER[6]: Checking against Object 3000000002
[INFO] PDC_SERVER[6]: Checking against Object 4000000002
[INFO] PDC_SERVER[6]: Checking against Object 5000000000
[INFO] PDC_SERVER[6]: Checking against Object 4000000004
[INFO] PDC_SERVER[6]: Checking against Object 5000000002
[INFO] PDC_SERVER[6]: Checking against Object 6000000000
[INFO] PDC_SERVER[6]: Object 1000000001 NOT found in cache
[INFO] PDC_SERVER[6]: Fetching region from server for obj_id=1000000001
[13:54:25.877576] [WARNING] [pdc_tf_server.c:393] PDC_SERVER[4]: SCHED: setting CUDA device to 0 for edge 0 func=zfp_decompress
[13:54:25.877594] [WARNING] [pdc_tf_server.c:401] PDC_SERVER[4]: SCHED: executing edge 0 func=zfp_decompress dev=GPU
[13:54:25.881235] [WARNING] [pdc_tf_server.c:475] PDC_SERVER[7]: SCHED: done running transformations
[13:54:25.882029] [WARNING] [pdc_tf_server.c:393] PDC_SERVER[2]: SCHED: setting CUDA device to 0 for edge 0 func=zfp_decompress
[13:54:25.882045] [WARNING] [pdc_tf_server.c:401] PDC_SERVER[2]: SCHED: executing edge 0 func=zfp_decompress dev=GPU
[13:54:25.885800] [WARNING] [pdc_tf_server.c:475] PDC_SERVER[4]: SCHED: done running transformations
[13:54:25.886166] [WARNING] [pdc_tf_server.c:393] PDC_SERVER[5]: SCHED: setting CUDA device to 0 for edge 0 func=zfp_decompress
[13:54:25.886191] [WARNING] [pdc_tf_server.c:401] PDC_SERVER[5]: SCHED: executing edge 0 func=zfp_decompress dev=GPU
[INFO] PDC_SERVER[7]: Fetching region for obj_id=1000000001
[INFO] PDC_SERVER[7]: Checking against Object 2000000000
[INFO] PDC_SERVER[7]: Checking against Object 3000000000
[INFO] PDC_SERVER[7]: Checking against Object 4000000000
[INFO] PDC_SERVER[7]: Checking against Object 3000000002
[INFO] PDC_SERVER[7]: Checking against Object 4000000002
[INFO] PDC_SERVER[7]: Checking against Object 5000000000
[INFO] PDC_SERVER[7]: Checking against Object 4000000004
[INFO] PDC_SERVER[7]: Checking against Object 5000000002
[INFO] PDC_SERVER[7]: Checking against Object 6000000000
[INFO] PDC_SERVER[7]: Object 1000000001 NOT found in cache
[INFO] PDC_SERVER[7]: Fetching region from server for obj_id=1000000001
[13:54:25.887221] [WARNING] [pdc_tf_server.c:393] PDC_SERVER[1]: SCHED: setting CUDA device to 0 for edge 0 func=zfp_decompress
[13:54:25.887241] [WARNING] [pdc_tf_server.c:401] PDC_SERVER[1]: SCHED: executing edge 0 func=zfp_decompress dev=GPU
[INFO] PDC_SERVER[0]: Executing graph with json filepath /pscratch/sd/n/nlewi26/src/work_space/source/pdc/tf_client/graphs/zfp_gpu.json
[13:54:25.887404] [WARNING] [pdc_tf_server.c:393] PDC_SERVER[0]: SCHED: setting CUDA device to 0 for edge 0 func=zfp_decompress
[13:54:25.887419] [WARNING] [pdc_tf_server.c:401] PDC_SERVER[0]: SCHED: executing edge 0 func=zfp_decompress dev=GPU
[13:54:25.888368] [WARNING] [pdc_tf_server.c:475] PDC_SERVER[3]: SCHED: done running transformations
[13:54:25.889081] [WARNING] [pdc_tf_server.c:393] PDC_SERVER[6]: SCHED: setting CUDA device to 0 for edge 0 func=zfp_decompress
[13:54:25.889097] [WARNING] [pdc_tf_server.c:401] PDC_SERVER[6]: SCHED: executing edge 0 func=zfp_decompress dev=GPU
[INFO] PDC_SERVER[4]: Fetching region for obj_id=1000000001
[INFO] PDC_SERVER[4]: Checking against Object 2000000000
[INFO] PDC_SERVER[4]: Checking against Object 3000000000
[INFO] PDC_SERVER[4]: Checking against Object 4000000000
[INFO] PDC_SERVER[4]: Checking against Object 3000000002
[INFO] PDC_SERVER[4]: Checking against Object 4000000002
[INFO] PDC_SERVER[4]: Checking against Object 5000000000
[INFO] PDC_SERVER[4]: Checking against Object 4000000004
[INFO] PDC_SERVER[4]: Checking against Object 5000000002
[INFO] PDC_SERVER[4]: Checking against Object 6000000000
[INFO] PDC_SERVER[4]: Object 1000000001 NOT found in cache
[INFO] PDC_SERVER[4]: Fetching region from server for obj_id=1000000001
[INFO] PDC_SERVER[3]: Fetching region for obj_id=1000000001
[INFO] PDC_SERVER[3]: Checking against Object 2000000000
[INFO] PDC_SERVER[3]: Checking against Object 3000000000
[INFO] PDC_SERVER[3]: Checking against Object 4000000000
[INFO] PDC_SERVER[3]: Checking against Object 3000000002
[INFO] PDC_SERVER[3]: Checking against Object 4000000002
[INFO] PDC_SERVER[3]: Checking against Object 5000000000
[INFO] PDC_SERVER[3]: Checking against Object 4000000004
[INFO] PDC_SERVER[3]: Checking against Object 5000000002
[INFO] PDC_SERVER[3]: Checking against Object 6000000000
[INFO] PDC_SERVER[3]: Object 1000000001 NOT found in cache
[INFO] PDC_SERVER[3]: Fetching region from server for obj_id=1000000001
[13:54:25.894030] [WARNING] [pdc_tf_server.c:475] PDC_SERVER[5]: SCHED: done running transformations
[13:54:25.896426] [WARNING] [pdc_tf_server.c:475] PDC_SERVER[1]: SCHED: done running transformations
[13:54:25.896788] [WARNING] [pdc_tf_server.c:475] PDC_SERVER[0]: SCHED: done running transformations
[INFO] PDC_SERVER[5]: Fetching region for obj_id=1000000001
[INFO] PDC_SERVER[5]: Checking against Object 2000000000
[INFO] PDC_SERVER[5]: Checking against Object 3000000000
[INFO] PDC_SERVER[5]: Checking against Object 4000000000
[INFO] PDC_SERVER[5]: Checking against Object 3000000002
[INFO] PDC_SERVER[5]: Checking against Object 4000000002
[INFO] PDC_SERVER[5]: Checking against Object 5000000000
[INFO] PDC_SERVER[5]: Checking against Object 4000000004
[INFO] PDC_SERVER[5]: Checking against Object 5000000002
[INFO] PDC_SERVER[5]: Checking against Object 6000000000
[INFO] PDC_SERVER[5]: Object 1000000001 NOT found in cache
[INFO] PDC_SERVER[5]: Fetching region from server for obj_id=1000000001
[13:54:25.900857] [WARNING] [pdc_tf_server.c:475] PDC_SERVER[2]: SCHED: done running transformations
[INFO] PDC_SERVER[0]: Fetching region for obj_id=1000000001
[INFO] PDC_SERVER[0]: Checking against Object 2000000000
[INFO] PDC_SERVER[0]: Checking against Object 3000000000
[INFO] PDC_SERVER[0]: Checking against Object 4000000000
[INFO] PDC_SERVER[0]: Checking against Object 3000000002
[INFO] PDC_SERVER[0]: Checking against Object 4000000002
[INFO] PDC_SERVER[0]: Checking against Object 5000000000
[INFO] PDC_SERVER[0]: Checking against Object 4000000004
[INFO] PDC_SERVER[0]: Checking against Object 5000000002
[INFO] PDC_SERVER[0]: Checking against Object 6000000000
[INFO] PDC_SERVER[0]: Object 1000000001 NOT found in cache
[INFO] PDC_SERVER[0]: Fetching region from server for obj_id=1000000001
[INFO] PDC_SERVER[1]: Fetching region for obj_id=1000000001
[INFO] PDC_SERVER[1]: Checking against Object 2000000000
[INFO] PDC_SERVER[1]: Checking against Object 3000000000
[INFO] PDC_SERVER[1]: Checking against Object 4000000000
[INFO] PDC_SERVER[1]: Checking against Object 3000000002
[INFO] PDC_SERVER[1]: Checking against Object 4000000002
[INFO] PDC_SERVER[1]: Checking against Object 5000000000
[INFO] PDC_SERVER[1]: Checking against Object 4000000004
[INFO] PDC_SERVER[1]: Checking against Object 5000000002
[INFO] PDC_SERVER[1]: Checking against Object 6000000000
[INFO] PDC_SERVER[1]: Object 1000000001 NOT found in cache
[INFO] PDC_SERVER[1]: Fetching region from server for obj_id=1000000001
[13:54:25.902546] [WARNING] [pdc_tf_server.c:393] PDC_SERVER[7]: SCHED: setting CUDA device to 0 for edge 0 func=zfp_decompress
[13:54:25.902568] [WARNING] [pdc_tf_server.c:401] PDC_SERVER[7]: SCHED: executing edge 0 func=zfp_decompress dev=GPU
[INFO] PDC_SERVER[2]: Fetching region for obj_id=1000000001
[INFO] PDC_SERVER[2]: Checking against Object 2000000000
[INFO] PDC_SERVER[2]: Checking against Object 3000000000
[INFO] PDC_SERVER[2]: Checking against Object 4000000000
[INFO] PDC_SERVER[2]: Checking against Object 3000000002
[INFO] PDC_SERVER[2]: Checking against Object 4000000002
[INFO] PDC_SERVER[2]: Checking against Object 5000000000
[INFO] PDC_SERVER[2]: Checking against Object 4000000004
[INFO] PDC_SERVER[2]: Checking against Object 5000000002
[INFO] PDC_SERVER[2]: Checking against Object 6000000000
[INFO] PDC_SERVER[2]: Object 1000000001 NOT found in cache
[INFO] PDC_SERVER[2]: Fetching region from server for obj_id=1000000001
[13:54:25.906597] [WARNING] [pdc_tf_server.c:393] PDC_SERVER[4]: SCHED: setting CUDA device to 0 for edge 0 func=zfp_decompress
[13:54:25.906617] [WARNING] [pdc_tf_server.c:401] PDC_SERVER[4]: SCHED: executing edge 0 func=zfp_decompress dev=GPU
[13:54:25.909025] [WARNING] [pdc_tf_server.c:393] PDC_SERVER[3]: SCHED: setting CUDA device to 0 for edge 0 func=zfp_decompress
[13:54:25.909049] [WARNING] [pdc_tf_server.c:401] PDC_SERVER[3]: SCHED: executing edge 0 func=zfp_decompress dev=GPU
[13:54:25.911869] [WARNING] [pdc_tf_server.c:475] PDC_SERVER[6]: SCHED: done running transformations
[13:54:25.916307] [WARNING] [pdc_tf_server.c:475] PDC_SERVER[4]: SCHED: done running transformations
[13:54:25.916641] [WARNING] [pdc_tf_server.c:393] PDC_SERVER[5]: SCHED: setting CUDA device to 0 for edge 0 func=zfp_decompress
[13:54:25.916660] [WARNING] [pdc_tf_server.c:401] PDC_SERVER[5]: SCHED: executing edge 0 func=zfp_decompress dev=GPU
[INFO] PDC_SERVER[6]: Fetching region for obj_id=1000000001
[INFO] PDC_SERVER[6]: Checking against Object 2000000000
[INFO] PDC_SERVER[6]: Checking against Object 3000000000
[INFO] PDC_SERVER[6]: Checking against Object 4000000000
[INFO] PDC_SERVER[6]: Checking against Object 3000000002
[INFO] PDC_SERVER[6]: Checking against Object 4000000002
[INFO] PDC_SERVER[6]: Checking against Object 5000000000
[INFO] PDC_SERVER[6]: Checking against Object 4000000004
[INFO] PDC_SERVER[6]: Checking against Object 5000000002
[INFO] PDC_SERVER[6]: Checking against Object 6000000000
[INFO] PDC_SERVER[6]: Object 1000000001 NOT found in cache
[INFO] PDC_SERVER[6]: Fetching region from server for obj_id=1000000001
[INFO] PDC_SERVER[0]: Executing graph with json filepath /pscratch/sd/n/nlewi26/src/work_space/source/pdc/tf_client/graphs/zfp_gpu.json
[13:54:25.917345] [WARNING] [pdc_tf_server.c:393] PDC_SERVER[0]: SCHED: setting CUDA device to 0 for edge 0 func=zfp_decompress
[13:54:25.917359] [WARNING] [pdc_tf_server.c:401] PDC_SERVER[0]: SCHED: executing edge 0 func=zfp_decompress dev=GPU
[13:54:25.917429] [WARNING] [pdc_tf_server.c:393] PDC_SERVER[1]: SCHED: setting CUDA device to 0 for edge 0 func=zfp_decompress
[13:54:25.917443] [WARNING] [pdc_tf_server.c:401] PDC_SERVER[1]: SCHED: executing edge 0 func=zfp_decompress dev=GPU
[13:54:25.921265] [WARNING] [pdc_tf_server.c:475] PDC_SERVER[3]: SCHED: done running transformations
[INFO] PDC_SERVER[4]: Fetching region for obj_id=1000000001
[INFO] PDC_SERVER[4]: Checking against Object 2000000000
[INFO] PDC_SERVER[4]: Checking against Object 3000000000
[INFO] PDC_SERVER[4]: Checking against Object 4000000000
[INFO] PDC_SERVER[4]: Checking against Object 3000000002
[INFO] PDC_SERVER[4]: Checking against Object 4000000002
[INFO] PDC_SERVER[4]: Checking against Object 5000000000
[INFO] PDC_SERVER[4]: Checking against Object 4000000004
[INFO] PDC_SERVER[4]: Checking against Object 5000000002
[INFO] PDC_SERVER[4]: Checking against Object 6000000000
[INFO] PDC_SERVER[4]: Object 1000000001 NOT found in cache
[INFO] PDC_SERVER[4]: Fetching region from server for obj_id=1000000001
[13:54:25.922045] [WARNING] [pdc_tf_server.c:393] PDC_SERVER[2]: SCHED: setting CUDA device to 0 for edge 0 func=zfp_decompress
[13:54:25.922062] [WARNING] [pdc_tf_server.c:401] PDC_SERVER[2]: SCHED: executing edge 0 func=zfp_decompress dev=GPU
[13:54:25.922119] [WARNING] [pdc_tf_server.c:475] PDC_SERVER[7]: SCHED: done running transformations
[13:54:25.925498] [WARNING] [pdc_tf_server.c:475] PDC_SERVER[5]: SCHED: done running transformations
[INFO] PDC_SERVER[3]: Fetching region for obj_id=1000000001
[INFO] PDC_SERVER[3]: Checking against Object 2000000000
[INFO] PDC_SERVER[3]: Checking against Object 3000000000
[INFO] PDC_SERVER[3]: Checking against Object 4000000000
[INFO] PDC_SERVER[3]: Checking against Object 3000000002
[INFO] PDC_SERVER[3]: Checking against Object 4000000002
[INFO] PDC_SERVER[3]: Checking against Object 5000000000
[INFO] PDC_SERVER[3]: Checking against Object 4000000004
[INFO] PDC_SERVER[3]: Checking against Object 5000000002
[INFO] PDC_SERVER[3]: Checking against Object 6000000000
[INFO] PDC_SERVER[3]: Object 1000000001 NOT found in cache
[INFO] PDC_SERVER[3]: Fetching region from server for obj_id=1000000001
[13:54:25.926587] [WARNING] [pdc_tf_server.c:475] PDC_SERVER[1]: SCHED: done running transformations
[13:54:25.926955] [WARNING] [pdc_tf_server.c:475] PDC_SERVER[0]: SCHED: done running transformations
[INFO] PDC_SERVER[7]: Fetching region for obj_id=1000000001
[INFO] PDC_SERVER[7]: Checking against Object 2000000000
[INFO] PDC_SERVER[7]: Checking against Object 3000000000
[INFO] PDC_SERVER[7]: Checking against Object 4000000000
[INFO] PDC_SERVER[7]: Checking against Object 3000000002
[INFO] PDC_SERVER[7]: Checking against Object 4000000002
[INFO] PDC_SERVER[7]: Checking against Object 5000000000
[INFO] PDC_SERVER[7]: Checking against Object 4000000004
[INFO] PDC_SERVER[7]: Checking against Object 5000000002
[INFO] PDC_SERVER[7]: Checking against Object 6000000000
[INFO] PDC_SERVER[7]: Object 1000000001 NOT found in cache
[INFO] PDC_SERVER[7]: Fetching region from server for obj_id=1000000001
[13:54:25.929987] [WARNING] [pdc_tf_server.c:475] PDC_SERVER[2]: SCHED: done running transformations
[INFO] PDC_SERVER[5]: Fetching region for obj_id=1000000001
[INFO] PDC_SERVER[5]: Checking against Object 2000000000
[INFO] PDC_SERVER[5]: Checking against Object 3000000000
[INFO] PDC_SERVER[5]: Checking against Object 4000000000
[INFO] PDC_SERVER[5]: Checking against Object 3000000002
[INFO] PDC_SERVER[5]: Checking against Object 4000000002
[INFO] PDC_SERVER[5]: Checking against Object 5000000000
[INFO] PDC_SERVER[5]: Checking against Object 4000000004
[INFO] PDC_SERVER[5]: Checking against Object 5000000002
[INFO] PDC_SERVER[5]: Checking against Object 6000000000
[INFO] PDC_SERVER[5]: Object 1000000001 NOT found in cache
[INFO] PDC_SERVER[5]: Fetching region from server for obj_id=1000000001
[INFO] PDC_SERVER[1]: Fetching region for obj_id=1000000001
[INFO] PDC_SERVER[1]: Checking against Object 2000000000
[INFO] PDC_SERVER[1]: Checking against Object 3000000000
[INFO] PDC_SERVER[1]: Checking against Object 4000000000
[INFO] PDC_SERVER[1]: Checking against Object 3000000002
[INFO] PDC_SERVER[1]: Checking against Object 4000000002
[INFO] PDC_SERVER[1]: Checking against Object 5000000000
[INFO] PDC_SERVER[1]: Checking against Object 4000000004
[INFO] PDC_SERVER[1]: Checking against Object 5000000002
[INFO] PDC_SERVER[1]: Checking against Object 6000000000
[INFO] PDC_SERVER[1]: Object 1000000001 NOT found in cache
[INFO] PDC_SERVER[1]: Fetching region from server for obj_id=1000000001
[INFO] PDC_SERVER[0]: Fetching region for obj_id=1000000001
[INFO] PDC_SERVER[0]: Checking against Object 2000000000
[INFO] PDC_SERVER[0]: Checking against Object 3000000000
[INFO] PDC_SERVER[0]: Checking against Object 4000000000
[INFO] PDC_SERVER[0]: Checking against Object 3000000002
[INFO] PDC_SERVER[0]: Checking against Object 4000000002
[INFO] PDC_SERVER[0]: Checking against Object 5000000000
[INFO] PDC_SERVER[0]: Checking against Object 4000000004
[INFO] PDC_SERVER[0]: Checking against Object 5000000002
[INFO] PDC_SERVER[0]: Checking against Object 6000000000
[INFO] PDC_SERVER[0]: Object 1000000001 NOT found in cache
[INFO] PDC_SERVER[0]: Fetching region from server for obj_id=1000000001
[13:54:25.932474] [WARNING] [pdc_tf_server.c:393] PDC_SERVER[6]: SCHED: setting CUDA device to 0 for edge 0 func=zfp_decompress
[13:54:25.932494] [WARNING] [pdc_tf_server.c:401] PDC_SERVER[6]: SCHED: executing edge 0 func=zfp_decompress dev=GPU
[INFO] PDC_SERVER[2]: Fetching region for obj_id=1000000001
[INFO] PDC_SERVER[2]: Checking against Object 2000000000
[INFO] PDC_SERVER[2]: Checking against Object 3000000000
[INFO] PDC_SERVER[2]: Checking against Object 4000000000
[INFO] PDC_SERVER[2]: Checking against Object 3000000002
[INFO] PDC_SERVER[2]: Checking against Object 4000000002
[INFO] PDC_SERVER[2]: Checking against Object 5000000000
[INFO] PDC_SERVER[2]: Checking against Object 4000000004
[INFO] PDC_SERVER[2]: Checking against Object 5000000002
[INFO] PDC_SERVER[2]: Checking against Object 6000000000
[INFO] PDC_SERVER[2]: Object 1000000001 NOT found in cache
[INFO] PDC_SERVER[2]: Fetching region from server for obj_id=1000000001
[13:54:25.940524] [WARNING] [pdc_tf_server.c:475] PDC_SERVER[6]: SCHED: done running transformations
[13:54:25.942143] [WARNING] [pdc_tf_server.c:393] PDC_SERVER[3]: SCHED: setting CUDA device to 0 for edge 0 func=zfp_decompress
[13:54:25.942159] [WARNING] [pdc_tf_server.c:401] PDC_SERVER[3]: SCHED: executing edge 0 func=zfp_decompress dev=GPU
[13:54:25.943143] [WARNING] [pdc_tf_server.c:393] PDC_SERVER[7]: SCHED: setting CUDA device to 0 for edge 0 func=zfp_decompress
[13:54:25.943162] [WARNING] [pdc_tf_server.c:401] PDC_SERVER[7]: SCHED: executing edge 0 func=zfp_decompress dev=GPU
[13:54:25.943536] [WARNING] [pdc_tf_server.c:393] PDC_SERVER[4]: SCHED: setting CUDA device to 0 for edge 0 func=zfp_decompress
[13:54:25.943548] [WARNING] [pdc_tf_server.c:401] PDC_SERVER[4]: SCHED: executing edge 0 func=zfp_decompress dev=GPU
[INFO] PDC_SERVER[6]: Fetching region for obj_id=1000000001
[INFO] PDC_SERVER[6]: Checking against Object 2000000000
[INFO] PDC_SERVER[6]: Checking against Object 3000000000
[INFO] PDC_SERVER[6]: Checking against Object 4000000000
[INFO] PDC_SERVER[6]: Checking against Object 3000000002
[INFO] PDC_SERVER[6]: Checking against Object 4000000002
[INFO] PDC_SERVER[6]: Checking against Object 5000000000
[INFO] PDC_SERVER[6]: Checking against Object 4000000004
[INFO] PDC_SERVER[6]: Checking against Object 5000000002
[INFO] PDC_SERVER[6]: Checking against Object 6000000000
[INFO] PDC_SERVER[6]: Object 1000000001 NOT found in cache
[INFO] PDC_SERVER[6]: Fetching region from server for obj_id=1000000001
[13:54:25.947436] [WARNING] [pdc_tf_server.c:393] PDC_SERVER[1]: SCHED: setting CUDA device to 0 for edge 0 func=zfp_decompress
[13:54:25.947456] [WARNING] [pdc_tf_server.c:401] PDC_SERVER[1]: SCHED: executing edge 0 func=zfp_decompress dev=GPU
[INFO] PDC_SERVER[0]: Executing graph with json filepath /pscratch/sd/n/nlewi26/src/work_space/source/pdc/tf_client/graphs/zfp_gpu.json
[13:54:25.947491] [WARNING] [pdc_tf_server.c:393] PDC_SERVER[0]: SCHED: setting CUDA device to 0 for edge 0 func=zfp_decompress
[13:54:25.947505] [WARNING] [pdc_tf_server.c:401] PDC_SERVER[0]: SCHED: executing edge 0 func=zfp_decompress dev=GPU
[13:54:25.949123] [WARNING] [pdc_tf_server.c:475] PDC_SERVER[3]: SCHED: done running transformations
[13:54:25.950549] [WARNING] [pdc_tf_server.c:393] PDC_SERVER[2]: SCHED: setting CUDA device to 0 for edge 0 func=zfp_decompress
[13:54:25.950563] [WARNING] [pdc_tf_server.c:401] PDC_SERVER[2]: SCHED: executing edge 0 func=zfp_decompress dev=GPU
[13:54:25.951460] [WARNING] [pdc_tf_server.c:475] PDC_SERVER[7]: SCHED: done running transformations
[13:54:25.952520] [WARNING] [pdc_tf_server.c:475] PDC_SERVER[4]: SCHED: done running transformations
[13:54:25.952848] [WARNING] [pdc_tf_server.c:393] PDC_SERVER[5]: SCHED: setting CUDA device to 0 for edge 0 func=zfp_decompress
[13:54:25.952899] [WARNING] [pdc_tf_server.c:401] PDC_SERVER[5]: SCHED: executing edge 0 func=zfp_decompress dev=GPU
[INFO] PDC_SERVER[7]: Fetching region for obj_id=1000000001
[INFO] PDC_SERVER[7]: Checking against Object 2000000000
[INFO] PDC_SERVER[7]: Checking against Object 3000000000
[INFO] PDC_SERVER[7]: Checking against Object 4000000000
[INFO] PDC_SERVER[7]: Checking against Object 3000000002
[INFO] PDC_SERVER[7]: Checking against Object 4000000002
[INFO] PDC_SERVER[7]: Checking against Object 5000000000
[INFO] PDC_SERVER[7]: Checking against Object 4000000004
[INFO] PDC_SERVER[7]: Checking against Object 5000000002
[INFO] PDC_SERVER[7]: Checking against Object 6000000000
[INFO] PDC_SERVER[7]: Object 1000000001 NOT found in cache
[INFO] PDC_SERVER[7]: Fetching region from server for obj_id=1000000001
[13:54:25.956605] [WARNING] [pdc_tf_server.c:475] PDC_SERVER[1]: SCHED: done running transformations
[13:54:25.956969] [WARNING] [pdc_tf_server.c:475] PDC_SERVER[0]: SCHED: done running transformations
[INFO] PDC_SERVER[4]: Fetching region for obj_id=1000000001
[INFO] PDC_SERVER[4]: Checking against Object 2000000000
[INFO] PDC_SERVER[4]: Checking against Object 3000000000
[INFO] PDC_SERVER[4]: Checking against Object 4000000000
[INFO] PDC_SERVER[4]: Checking against Object 3000000002
[INFO] PDC_SERVER[4]: Checking against Object 4000000002
[INFO] PDC_SERVER[4]: Checking against Object 5000000000
[INFO] PDC_SERVER[4]: Checking against Object 4000000004
[INFO] PDC_SERVER[4]: Checking against Object 5000000002
[INFO] PDC_SERVER[4]: Checking against Object 6000000000
[INFO] PDC_SERVER[4]: Object 1000000001 NOT found in cache
[INFO] PDC_SERVER[4]: Fetching region from server for obj_id=1000000001
[13:54:25.961650] [WARNING] [pdc_tf_server.c:393] PDC_SERVER[6]: SCHED: setting CUDA device to 0 for edge 0 func=zfp_decompress
[13:54:25.961668] [WARNING] [pdc_tf_server.c:401] PDC_SERVER[6]: SCHED: executing edge 0 func=zfp_decompress dev=GPU
[13:54:25.961753] [WARNING] [pdc_tf_server.c:475] PDC_SERVER[2]: SCHED: done running transformations
[INFO] PDC_SERVER[1]: Fetching region for obj_id=1000000001
[INFO] PDC_SERVER[1]: Checking against Object 2000000000
[INFO] PDC_SERVER[1]: Checking against Object 3000000000
[INFO] PDC_SERVER[1]: Checking against Object 4000000000
[INFO] PDC_SERVER[1]: Checking against Object 3000000002
[INFO] PDC_SERVER[1]: Checking against Object 4000000002
[INFO] PDC_SERVER[1]: Checking against Object 5000000000
[INFO] PDC_SERVER[1]: Checking against Object 4000000004
[INFO] PDC_SERVER[1]: Checking against Object 5000000002
[INFO] PDC_SERVER[0]: Fetching region for obj_id=1000000001
[INFO] PDC_SERVER[0]: Checking against Object 2000000000
[INFO] PDC_SERVER[1]: Checking against Object 6000000000
[INFO] PDC_SERVER[1]: Object 1000000001 NOT found in cache
[INFO] PDC_SERVER[1]: Fetching region from server for obj_id=1000000001
[INFO] PDC_SERVER[0]: Checking against Object 3000000000
[INFO] PDC_SERVER[0]: Checking against Object 4000000000
[INFO] PDC_SERVER[0]: Checking against Object 3000000002
[INFO] PDC_SERVER[0]: Checking against Object 4000000002
[INFO] PDC_SERVER[0]: Checking against Object 5000000000
[INFO] PDC_SERVER[0]: Checking against Object 4000000004
[INFO] PDC_SERVER[0]: Checking against Object 5000000002
[INFO] PDC_SERVER[0]: Checking against Object 6000000000
[INFO] PDC_SERVER[0]: Object 1000000001 NOT found in cache
[INFO] PDC_SERVER[0]: Fetching region from server for obj_id=1000000001
[13:54:25.962577] [WARNING] [pdc_tf_server.c:475] PDC_SERVER[5]: SCHED: done running transformations
[INFO] PDC_SERVER[5]: Fetching region for obj_id=1000000001
[INFO] PDC_SERVER[5]: Checking against Object 2000000000
[INFO] PDC_SERVER[5]: Checking against Object 3000000000
[INFO] PDC_SERVER[5]: Checking against Object 4000000000
[INFO] PDC_SERVER[5]: Checking against Object 3000000002
[INFO] PDC_SERVER[5]: Checking against Object 4000000002
[INFO] PDC_SERVER[5]: Checking against Object 5000000000
[INFO] PDC_SERVER[5]: Checking against Object 4000000004
[INFO] PDC_SERVER[5]: Checking against Object 5000000002
[INFO] PDC_SERVER[5]: Checking against Object 6000000000
[INFO] PDC_SERVER[5]: Object 1000000001 NOT found in cache
[INFO] PDC_SERVER[5]: Fetching region from server for obj_id=1000000001
[13:54:25.970796] [WARNING] [pdc_tf_server.c:475] PDC_SERVER[6]: SCHED: done running transformations
[13:54:25.971992] [WARNING] [pdc_tf_server.c:393] PDC_SERVER[7]: SCHED: setting CUDA device to 0 for edge 0 func=zfp_decompress
[13:54:25.972008] [WARNING] [pdc_tf_server.c:401] PDC_SERVER[7]: SCHED: executing edge 0 func=zfp_decompress dev=GPU
[13:54:25.974580] [WARNING] [pdc_tf_server.c:393] PDC_SERVER[4]: SCHED: setting CUDA device to 0 for edge 0 func=zfp_decompress
[13:54:25.974596] [WARNING] [pdc_tf_server.c:401] PDC_SERVER[4]: SCHED: executing edge 0 func=zfp_decompress dev=GPU
[INFO] PDC_SERVER[0]: Executing graph with json filepath /pscratch/sd/n/nlewi26/src/work_space/source/pdc/tf_client/graphs/zfp_gpu.json
[13:54:25.977658] [WARNING] [pdc_tf_server.c:393] PDC_SERVER[0]: SCHED: setting CUDA device to 0 for edge 0 func=zfp_decompress
[13:54:25.977673] [WARNING] [pdc_tf_server.c:401] PDC_SERVER[0]: SCHED: executing edge 0 func=zfp_decompress dev=GPU
[13:54:25.982937] [WARNING] [pdc_tf_server.c:475] PDC_SERVER[4]: SCHED: done running transformations
[13:54:25.983000] [WARNING] [pdc_tf_server.c:393] PDC_SERVER[1]: SCHED: setting CUDA device to 0 for edge 0 func=zfp_decompress
[13:54:25.983020] [WARNING] [pdc_tf_server.c:401] PDC_SERVER[1]: SCHED: executing edge 0 func=zfp_decompress dev=GPU
[13:54:25.984761] [WARNING] [pdc_tf_server.c:475] PDC_SERVER[7]: SCHED: done running transformations
[13:54:25.985514] [WARNING] [pdc_tf_server.c:475] PDC_SERVER[0]: SCHED: done running transformations
[13:54:25.991429] [WARNING] [pdc_tf_server.c:393] PDC_SERVER[5]: SCHED: setting CUDA device to 0 for edge 0 func=zfp_decompress
[13:54:25.991475] [WARNING] [pdc_tf_server.c:401] PDC_SERVER[5]: SCHED: executing edge 0 func=zfp_decompress dev=GPU
[13:54:25.998415] [WARNING] [pdc_tf_server.c:475] PDC_SERVER[1]: SCHED: done running transformations
[13:54:26.007185] [WARNING] [pdc_tf_server.c:475] PDC_SERVER[5]: SCHED: done running transformations
[INFO] PDC_SERVER[5]: Fetching region for obj_id=1000000001
[INFO] PDC_SERVER[5]: Checking against Object 2000000000
[INFO] PDC_SERVER[5]: Checking against Object 3000000000
[INFO] PDC_SERVER[5]: Checking against Object 4000000000
[INFO] PDC_SERVER[5]: Checking against Object 3000000002
[INFO] PDC_SERVER[5]: Checking against Object 4000000002
[INFO] PDC_SERVER[5]: Checking against Object 5000000000
[INFO] PDC_SERVER[5]: Checking against Object 4000000004
[INFO] PDC_SERVER[5]: Checking against Object 5000000002
[INFO] PDC_SERVER[5]: Checking against Object 6000000000
[INFO] PDC_SERVER[5]: Object 1000000001 NOT found in cache
[INFO] PDC_SERVER[5]: Fetching region from server for obj_id=1000000001
[13:54:26.032724] [WARNING] [pdc_tf_server.c:393] PDC_SERVER[5]: SCHED: setting CUDA device to 0 for edge 0 func=zfp_decompress
[13:54:26.032748] [WARNING] [pdc_tf_server.c:401] PDC_SERVER[5]: SCHED: executing edge 0 func=zfp_decompress dev=GPU
[13:54:26.049758] [WARNING] [pdc_tf_server.c:475] PDC_SERVER[5]: SCHED: done running transformations
[INFO] PDC_SERVER[0]: Starting flush for obj_id 2000000000, ndim=3
[INFO] PDC_SERVER[0]: Starting flush for obj_id 3000000000, ndim=3
[INFO] PDC_SERVER[0]: Starting flush for obj_id 4000000000, ndim=3
[INFO] PDC_SERVER[0]: Starting flush for obj_id 3000000002, ndim=3
[INFO] PDC_SERVER[0]: Starting flush for obj_id 4000000002, ndim=3
[INFO] PDC_SERVER[0]: Starting flush for obj_id 5000000000, ndim=3
[INFO] PDC_SERVER[0]: Starting flush for obj_id 4000000004, ndim=3
[INFO] PDC_SERVER[0]: Starting flush for obj_id 5000000002, ndim=3
[INFO] PDC_SERVER[0]: Starting flush for obj_id 6000000000, ndim=3
[INFO] PDC_SERVER[0]: Starting flush for obj_id 2000000000, ndim=3
[INFO] PDC_SERVER[0]: Starting flush for obj_id 3000000000, ndim=3
[INFO] PDC_SERVER[0]: Starting flush for obj_id 4000000000, ndim=3
[INFO] PDC_SERVER[0]: Starting flush for obj_id 3000000002, ndim=3
[INFO] PDC_SERVER[0]: Starting flush for obj_id 4000000002, ndim=3
[INFO] PDC_SERVER[0]: Starting flush for obj_id 5000000000, ndim=3
[INFO] PDC_SERVER[0]: Starting flush for obj_id 4000000004, ndim=3
[INFO] PDC_SERVER[0]: Starting flush for obj_id 5000000002, ndim=3
[INFO] PDC_SERVER[0]: Starting flush for obj_id 6000000000, ndim=3
[INFO] PDC_SERVER[0]: Starting flush for obj_id 2000000000, ndim=3
[INFO] PDC_SERVER[0]: Starting flush for obj_id 3000000000, ndim=3
[INFO] PDC_SERVER[0]: Starting flush for obj_id 4000000000, ndim=3
[INFO] PDC_SERVER[0]: Starting flush for obj_id 3000000002, ndim=3
[INFO] PDC_SERVER[0]: Starting flush for obj_id 4000000002, ndim=3
[INFO] PDC_SERVER[0]: Starting flush for obj_id 5000000000, ndim=3
[INFO] PDC_SERVER[0]: Starting flush for obj_id 4000000004, ndim=3
[INFO] PDC_SERVER[0]: Starting flush for obj_id 5000000002, ndim=3
[INFO] PDC_SERVER[0]: Starting flush for obj_id 6000000000, ndim=3
[13:54:33.714827] [WARNING] [pdc_server.c:1323] PDC_SERVER[0]: Checkpoint start
[INFO] PDC_SERVER[0]: Checkpoint file [/pscratch/sd/n/nlewi26/pdc_curl_analysis_bench//0/metadata_checkpoint.0]
[13:54:33.719163] [WARNING] [pdc_server.c:1536] PDC_SERVER[0]: Writing checkpoint transformations start
[13:54:33.719232] [WARNING] [pdc_server.c:1718] PDC_SERVER[0]: Writing checkpoint transformations done
[13:54:33.719237] [WARNING] [pdc_server.c:1721] PDC_SERVER[0]: Writing checkpoint region-analysis state start
[13:54:33.719312] [WARNING] [pdc_server.c:1724] PDC_SERVER[0]: Writing checkpoint region-analysis state done
[13:54:33.719684] [WARNING] [pdc_server.c:1761] PDC_SERVER[0]: Rank[ALL]: Total checkpoint time = 0.004850
[13:54:33.719695] [WARNING] [pdc_server.c:1770] PDC_SERVER[0]: Checkpointing done
[13:54:33.720271] [WARNING] [pdc_client_server_common.c:119] PDC_SERVER[0]: metric,rank0_avg_s/n,rank1_avg_s/n,rank2_avg_s/n,rank3_avg_s/n,rank4_avg_s/n,rank5_avg_s/n,rank6_avg_s/n,rank7_avg_s/n
[13:54:33.720321] [WARNING] [pdc_client_server_common.c:144] PDC_SERVER[0]: compress,0.011292/48,0.011782/48,0.011842/48,0.011272/48,0.013105/48,0.012301/48,0.012012/48,0.011938/48
[13:54:33.720335] [WARNING] [pdc_client_server_common.c:144] PDC_SERVER[0]: decompress,0.011472/48,0.010989/48,0.010135/48,0.009165/48,0.011286/48,0.011002/48,0.011457/48,0.011696/48
[13:54:33.720348] [WARNING] [pdc_client_server_common.c:144] PDC_SERVER[0]: magnitude,0.019810/48,0.022985/48,0.020129/48,0.022307/48,0.021010/48,0.020757/48,0.020887/48,0.019656/48
[13:54:33.720360] [WARNING] [pdc_client_server_common.c:144] PDC_SERVER[0]: posix_open,0.000060/576,0.000062/576,0.000063/576,0.000064/576,0.000061/576,0.000063/576,0.000059/576,0.000059/576
[13:54:33.720372] [WARNING] [pdc_client_server_common.c:144] PDC_SERVER[0]: posix_close,0.000000/0,0.000000/0,0.000000/0,0.000000/0,0.000000/0,0.000000/0,0.000000/0,0.000000/0
[13:54:33.720384] [WARNING] [pdc_client_server_common.c:144] PDC_SERVER[0]: posix_write,0.025662/288,0.026712/288,0.025876/288,0.026260/288,0.025804/288,0.025851/288,0.025930/288,0.025796/288
[13:54:33.720395] [WARNING] [pdc_client_server_common.c:144] PDC_SERVER[0]: posix_read,0.000000/0,0.000000/0,0.000000/0,0.000000/0,0.000000/0,0.000000/0,0.000000/0,0.000000/0
