[INFO] PDC_SERVER[0]: Starting server with no previous data
[INFO] PDC_SERVER[0]: Using [/pscratch/sd/n/nlewi26/pdc_curl_analysis_bench/] as tmp dir, 1 OSTs, 1 OSTs per data file, 0% to BB
[INFO] PDC_SERVER[0]: Environment variable HG_TRANSPORT was NOT set, default to ofi+cxi
[INFO] PDC_SERVER[0]: Environment variable HG_HOST was set
[INFO] PDC_SERVER[0]: Connection string: ofi+cxi://cxi0:0:7000
[INFO] PDC_SERVER[14]: Environment variable HG_HOST was set
[INFO] PDC_SERVER[4]: Environment variable HG_HOST was set
[INFO] PDC_SERVER[2]: Environment variable HG_HOST was set
[INFO] PDC_SERVER[12]: Environment variable HG_HOST was set
[INFO] PDC_SERVER[7]: Environment variable HG_HOST was set
[INFO] PDC_SERVER[8]: Environment variable HG_HOST was set
[INFO] PDC_SERVER[1]: Environment variable HG_HOST was set
[INFO] PDC_SERVER[13]: Environment variable HG_HOST was set
[INFO] PDC_SERVER[5]: Environment variable HG_HOST was set
[INFO] PDC_SERVER[9]: Environment variable HG_HOST was set
[INFO] PDC_SERVER[3]: Environment variable HG_HOST was set
[INFO] PDC_SERVER[15]: Environment variable HG_HOST was set
[INFO] PDC_SERVER[6]: Environment variable HG_HOST was set
[INFO] PDC_SERVER[10]: Environment variable HG_HOST was set
[INFO] PDC_SERVER[11]: Environment variable HG_HOST was set
[INFO] PDC_SERVER[0]: Scoped Slingshot CXI auth for Mercury: svc=1 vni=1 device=cxi0
[INFO] PDC_SERVER[0]: Without multi-thread
[INFO] PDC_SERVER[0]: Read cache enabled
[INFO] PDC_SERVER[0]: Max cache size: 68719476736
[INFO] PDC_SERVER[0]: Max transformation cache size: 68719476736
[INFO] PDC_SERVER[0]: Successfully established connection to 15 other PDC servers
[INFO] PDC_SERVER[0]: Succesfully wrote address to config in dir /pscratch/sd/n/nlewi26/pdc_curl_analysis_bench/
[INFO] PDC_SERVER[0]: Server ready!


[INFO] PDC_SERVER[0]: Starting flush for obj_id 10000000000, ndim=3
[13:54:57.543677] [WARNING] [pdc_server_region_cache.c:823] PDC_SERVER[0]: Region mapping lookup took 0.000000 s
[13:54:57.543690] [WARNING] [pdc_server_region_cache.c:828] PDC_SERVER[0]: No region mapping found for obj_id 10000000000
[13:54:57.565784] [WARNING] [pdc_server_region_cache.c:834] PDC_SERVER[0]: Flushed region via POSIX I/O in 0.022089 s
[13:54:57.565820] [WARNING] [pdc_server_region_cache.c:850] PDC_SERVER[0]: [2026-10-07 13:54:57.565815] Flushed 16.00 / 16.00 MB to storage
[INFO] PDC_SERVER[0]: Region flush iteration took 0.022412 s
[INFO] PDC_SERVER[0]: Starting flush for obj_id 10000000000, ndim=3
[13:54:57.569915] [WARNING] [pdc_server_region_cache.c:823] PDC_SERVER[0]: Region mapping lookup took 0.000001 s
[13:54:57.569922] [WARNING] [pdc_server_region_cache.c:828] PDC_SERVER[0]: No region mapping found for obj_id 10000000000
[13:54:57.590841] [WARNING] [pdc_server_region_cache.c:834] PDC_SERVER[0]: Flushed region via POSIX I/O in 0.020910 s
[13:54:57.590854] [WARNING] [pdc_server_region_cache.c:850] PDC_SERVER[0]: [2026-10-07 13:54:57.590850] Flushed 16.00 / 16.00 MB to storage
[INFO] PDC_SERVER[0]: Region flush iteration took 0.020947 s
[INFO] PDC_SERVER[0]: Starting flush for obj_id 10000000000, ndim=3
[13:54:57.592537] [WARNING] [pdc_server_region_cache.c:823] PDC_SERVER[0]: Region mapping lookup took 0.000002 s
[13:54:57.592544] [WARNING] [pdc_server_region_cache.c:828] PDC_SERVER[0]: No region mapping found for obj_id 10000000000
[13:54:57.613643] [WARNING] [pdc_server_region_cache.c:834] PDC_SERVER[0]: Flushed region via POSIX I/O in 0.021084 s
[13:54:57.613663] [WARNING] [pdc_server_region_cache.c:850] PDC_SERVER[0]: [2026-10-07 13:54:57.613659] Flushed 16.00 / 16.00 MB to storage
[INFO] PDC_SERVER[0]: Region flush iteration took 0.021136 s
[INFO] PDC_SERVER[0]: Starting flush for obj_id 10000000000, ndim=3
[13:54:57.615449] [WARNING] [pdc_server_region_cache.c:823] PDC_SERVER[0]: Region mapping lookup took 0.000000 s
[13:54:57.615456] [WARNING] [pdc_server_region_cache.c:828] PDC_SERVER[0]: No region mapping found for obj_id 10000000000
[13:54:57.637069] [WARNING] [pdc_server_region_cache.c:834] PDC_SERVER[0]: Flushed region via POSIX I/O in 0.021598 s
[13:54:57.637090] [WARNING] [pdc_server_region_cache.c:850] PDC_SERVER[0]: [2026-10-07 13:54:57.637086] Flushed 16.00 / 16.00 MB to storage
[INFO] PDC_SERVER[0]: Region flush iteration took 0.021650 s
[INFO] PDC_SERVER[0]: Starting flush for obj_id 10000000000, ndim=3
[13:54:57.650940] [WARNING] [pdc_server_region_cache.c:823] PDC_SERVER[0]: Region mapping lookup took 0.000000 s
[13:54:57.650949] [WARNING] [pdc_server_region_cache.c:828] PDC_SERVER[0]: No region mapping found for obj_id 10000000000
[13:54:57.671905] [WARNING] [pdc_server_region_cache.c:834] PDC_SERVER[0]: Flushed region via POSIX I/O in 0.020949 s
[13:54:57.671927] [WARNING] [pdc_server_region_cache.c:850] PDC_SERVER[0]: [2026-10-07 13:54:57.671924] Flushed 16.00 / 16.00 MB to storage
[INFO] PDC_SERVER[0]: Region flush iteration took 0.020995 s
[INFO] PDC_SERVER[0]: Starting flush for obj_id 10000000000, ndim=3
[13:54:57.673839] [WARNING] [pdc_server_region_cache.c:823] PDC_SERVER[0]: Region mapping lookup took 0.000001 s
[13:54:57.673846] [WARNING] [pdc_server_region_cache.c:828] PDC_SERVER[0]: No region mapping found for obj_id 10000000000
[13:54:57.694026] [WARNING] [pdc_server_region_cache.c:834] PDC_SERVER[0]: Flushed region via POSIX I/O in 0.020173 s
[13:54:57.694036] [WARNING] [pdc_server_region_cache.c:850] PDC_SERVER[0]: [2026-10-07 13:54:57.694032] Flushed 16.00 / 16.00 MB to storage
[INFO] PDC_SERVER[0]: Region flush iteration took 0.020205 s
[INFO] PDC_SERVER[0]: Starting flush for obj_id 10000000000, ndim=3
[13:54:57.695886] [WARNING] [pdc_server_region_cache.c:823] PDC_SERVER[0]: Region mapping lookup took 0.000001 s
[13:54:57.695894] [WARNING] [pdc_server_region_cache.c:828] PDC_SERVER[0]: No region mapping found for obj_id 10000000000
[13:54:57.714395] [WARNING] [pdc_server_region_cache.c:834] PDC_SERVER[0]: Flushed region via POSIX I/O in 0.018487 s
[13:54:57.714412] [WARNING] [pdc_server_region_cache.c:850] PDC_SERVER[0]: [2026-10-07 13:54:57.714409] Flushed 16.00 / 16.00 MB to storage
[INFO] PDC_SERVER[0]: Region flush iteration took 0.018535 s
[INFO] PDC_SERVER[0]: Starting flush for obj_id 10000000000, ndim=3
[13:54:57.716573] [WARNING] [pdc_server_region_cache.c:823] PDC_SERVER[0]: Region mapping lookup took 0.000001 s
[13:54:57.716578] [WARNING] [pdc_server_region_cache.c:828] PDC_SERVER[0]: No region mapping found for obj_id 10000000000
[13:54:57.733994] [WARNING] [pdc_server_region_cache.c:834] PDC_SERVER[0]: Flushed region via POSIX I/O in 0.017408 s
[13:54:57.734008] [WARNING] [pdc_server_region_cache.c:850] PDC_SERVER[0]: [2026-10-07 13:54:57.734004] Flushed 16.00 / 16.00 MB to storage
[INFO] PDC_SERVER[0]: Region flush iteration took 0.017443 s
[INFO] PDC_SERVER[0]: Starting flush for obj_id 11000000000, ndim=3
[13:54:57.745970] [WARNING] [pdc_server_region_cache.c:823] PDC_SERVER[0]: Region mapping lookup took 0.000000 s
[13:54:57.745977] [WARNING] [pdc_server_region_cache.c:828] PDC_SERVER[0]: No region mapping found for obj_id 11000000000
[13:54:57.767199] [WARNING] [pdc_server_region_cache.c:834] PDC_SERVER[0]: Flushed region via POSIX I/O in 0.021204 s
[13:54:57.767222] [WARNING] [pdc_server_region_cache.c:850] PDC_SERVER[0]: [2026-10-07 13:54:57.767218] Flushed 16.00 / 16.00 MB to storage
[INFO] PDC_SERVER[0]: Region flush iteration took 0.021261 s
[INFO] PDC_SERVER[0]: Starting flush for obj_id 11000000000, ndim=3
[13:54:57.769009] [WARNING] [pdc_server_region_cache.c:823] PDC_SERVER[0]: Region mapping lookup took 0.000001 s
[13:54:57.769015] [WARNING] [pdc_server_region_cache.c:828] PDC_SERVER[0]: No region mapping found for obj_id 11000000000
[13:54:57.790040] [WARNING] [pdc_server_region_cache.c:834] PDC_SERVER[0]: Flushed region via POSIX I/O in 0.021017 s
[13:54:57.790052] [WARNING] [pdc_server_region_cache.c:850] PDC_SERVER[0]: [2026-10-07 13:54:57.790048] Flushed 16.00 / 16.00 MB to storage
[INFO] PDC_SERVER[0]: Region flush iteration took 0.021051 s
[INFO] PDC_SERVER[0]: Starting flush for obj_id 11000000000, ndim=3
[13:54:57.791541] [WARNING] [pdc_server_region_cache.c:823] PDC_SERVER[0]: Region mapping lookup took 0.000001 s
[13:54:57.791548] [WARNING] [pdc_server_region_cache.c:828] PDC_SERVER[0]: No region mapping found for obj_id 11000000000
[13:54:57.812087] [WARNING] [pdc_server_region_cache.c:834] PDC_SERVER[0]: Flushed region via POSIX I/O in 0.020530 s
[13:54:57.812100] [WARNING] [pdc_server_region_cache.c:850] PDC_SERVER[0]: [2026-10-07 13:54:57.812096] Flushed 16.00 / 16.00 MB to storage
[INFO] PDC_SERVER[0]: Region flush iteration took 0.020568 s
[INFO] PDC_SERVER[0]: Starting flush for obj_id 11000000000, ndim=3
[13:54:57.822731] [WARNING] [pdc_server_region_cache.c:823] PDC_SERVER[0]: Region mapping lookup took 0.000000 s
[13:54:57.822738] [WARNING] [pdc_server_region_cache.c:828] PDC_SERVER[0]: No region mapping found for obj_id 11000000000
[13:54:57.843756] [WARNING] [pdc_server_region_cache.c:834] PDC_SERVER[0]: Flushed region via POSIX I/O in 0.021012 s
[13:54:57.843771] [WARNING] [pdc_server_region_cache.c:850] PDC_SERVER[0]: [2026-10-07 13:54:57.843770] Flushed 16.00 / 16.00 MB to storage
[INFO] PDC_SERVER[0]: Region flush iteration took 0.021047 s
[INFO] PDC_SERVER[0]: Starting flush for obj_id 11000000000, ndim=3
[13:54:57.846605] [WARNING] [pdc_server_region_cache.c:823] PDC_SERVER[0]: Region mapping lookup took 0.000001 s
[13:54:57.846611] [WARNING] [pdc_server_region_cache.c:828] PDC_SERVER[0]: No region mapping found for obj_id 11000000000
[13:54:57.865555] [WARNING] [pdc_server_region_cache.c:834] PDC_SERVER[0]: Flushed region via POSIX I/O in 0.018928 s
[13:54:57.865579] [WARNING] [pdc_server_region_cache.c:850] PDC_SERVER[0]: [2026-10-07 13:54:57.865575] Flushed 16.00 / 16.00 MB to storage
[INFO] PDC_SERVER[0]: Region flush iteration took 0.018985 s
[INFO] PDC_SERVER[0]: Starting flush for obj_id 11000000000, ndim=3
[13:54:57.868449] [WARNING] [pdc_server_region_cache.c:823] PDC_SERVER[0]: Region mapping lookup took 0.000001 s
[13:54:57.868454] [WARNING] [pdc_server_region_cache.c:828] PDC_SERVER[0]: No region mapping found for obj_id 11000000000
[13:54:57.887843] [WARNING] [pdc_server_region_cache.c:834] PDC_SERVER[0]: Flushed region via POSIX I/O in 0.019367 s
[13:54:57.887875] [WARNING] [pdc_server_region_cache.c:850] PDC_SERVER[0]: [2026-10-07 13:54:57.887871] Flushed 16.00 / 16.00 MB to storage
[INFO] PDC_SERVER[0]: Region flush iteration took 0.019436 s
[INFO] PDC_SERVER[0]: Starting flush for obj_id 11000000000, ndim=3
[13:54:57.891079] [WARNING] [pdc_server_region_cache.c:823] PDC_SERVER[0]: Region mapping lookup took 0.000001 s
[13:54:57.891085] [WARNING] [pdc_server_region_cache.c:828] PDC_SERVER[0]: No region mapping found for obj_id 11000000000
[13:54:57.909242] [WARNING] [pdc_server_region_cache.c:834] PDC_SERVER[0]: Flushed region via POSIX I/O in 0.018148 s
[13:54:57.909252] [WARNING] [pdc_server_region_cache.c:850] PDC_SERVER[0]: [2026-10-07 13:54:57.909249] Flushed 16.00 / 16.00 MB to storage
[INFO] PDC_SERVER[0]: Region flush iteration took 0.018179 s
[INFO] PDC_SERVER[0]: Starting flush for obj_id 11000000000, ndim=3
[13:54:57.920608] [WARNING] [pdc_server_region_cache.c:823] PDC_SERVER[0]: Region mapping lookup took 0.000000 s
[13:54:57.920613] [WARNING] [pdc_server_region_cache.c:828] PDC_SERVER[0]: No region mapping found for obj_id 11000000000
[13:54:57.938415] [WARNING] [pdc_server_region_cache.c:834] PDC_SERVER[0]: Flushed region via POSIX I/O in 0.017796 s
[13:54:57.938438] [WARNING] [pdc_server_region_cache.c:850] PDC_SERVER[0]: [2026-10-07 13:54:57.938436] Flushed 16.00 / 16.00 MB to storage
[INFO] PDC_SERVER[0]: Region flush iteration took 0.017837 s
[INFO] PDC_SERVER[0]: Starting flush for obj_id 12000000000, ndim=3
[13:54:57.941001] [WARNING] [pdc_server_region_cache.c:823] PDC_SERVER[0]: Region mapping lookup took 0.000000 s
[13:54:57.941006] [WARNING] [pdc_server_region_cache.c:828] PDC_SERVER[0]: No region mapping found for obj_id 12000000000
[13:54:58.184116] [WARNING] [pdc_tf_server.c:393] PDC_SERVER[1]: SCHED: setting CUDA device to 0 for edge 0 func=zfp_compress
[13:54:58.186833] [WARNING] [pdc_tf_server.c:393] PDC_SERVER[13]: SCHED: setting CUDA device to 0 for edge 0 func=zfp_compress
[13:54:58.196967] [WARNING] [pdc_tf_server.c:393] PDC_SERVER[9]: SCHED: setting CUDA device to 0 for edge 0 func=zfp_compress
[13:54:58.197858] [WARNING] [pdc_tf_server.c:393] PDC_SERVER[8]: SCHED: setting CUDA device to 0 for edge 0 func=zfp_compress
[13:54:58.202177] [WARNING] [pdc_tf_server.c:393] PDC_SERVER[4]: SCHED: setting CUDA device to 0 for edge 0 func=zfp_compress
[13:54:58.202311] [WARNING] [pdc_tf_server.c:393] PDC_SERVER[3]: SCHED: setting CUDA device to 0 for edge 0 func=zfp_compress
[13:54:58.204354] [WARNING] [pdc_tf_server.c:393] PDC_SERVER[5]: SCHED: setting CUDA device to 0 for edge 0 func=zfp_compress
[13:54:58.205480] [WARNING] [pdc_tf_server.c:393] PDC_SERVER[12]: SCHED: setting CUDA device to 0 for edge 0 func=zfp_compress
[INFO] PDC_SERVER[0]: Executing graph with json filepath /pscratch/sd/n/nlewi26/src/work_space/source/pdc/tf_client/graphs/zfp_gpu.json
[13:54:58.226341] [WARNING] [pdc_tf_server.c:393] PDC_SERVER[0]: SCHED: setting CUDA device to 0 for edge 0 func=zfp_compress
[13:54:58.229921] [WARNING] [pdc_tf_server.c:393] PDC_SERVER[10]: SCHED: setting CUDA device to 0 for edge 0 func=zfp_compress
[13:54:58.229965] [WARNING] [pdc_tf_server.c:393] PDC_SERVER[2]: SCHED: setting CUDA device to 0 for edge 0 func=zfp_compress
[13:54:58.230261] [WARNING] [pdc_tf_server.c:393] PDC_SERVER[15]: SCHED: setting CUDA device to 0 for edge 0 func=zfp_compress
[13:54:58.235508] [WARNING] [pdc_tf_server.c:393] PDC_SERVER[6]: SCHED: setting CUDA device to 0 for edge 0 func=zfp_compress
[13:54:58.235699] [WARNING] [pdc_tf_server.c:393] PDC_SERVER[7]: SCHED: setting CUDA device to 0 for edge 0 func=zfp_compress
[13:54:58.265485] [WARNING] [pdc_tf_server.c:393] PDC_SERVER[14]: SCHED: setting CUDA device to 0 for edge 0 func=zfp_compress
[13:54:58.271954] [WARNING] [pdc_tf_server.c:393] PDC_SERVER[11]: SCHED: setting CUDA device to 0 for edge 0 func=zfp_compress
[13:54:58.893514] [WARNING] [pdc_tf_server.c:401] PDC_SERVER[1]: SCHED: executing edge 0 func=zfp_compress dev=GPU
[13:54:58.914525] [WARNING] [pdc_tf_server.c:401] PDC_SERVER[2]: SCHED: executing edge 0 func=zfp_compress dev=GPU
[13:54:58.920564] [WARNING] [pdc_tf_server.c:401] PDC_SERVER[3]: SCHED: executing edge 0 func=zfp_compress dev=GPU
[13:54:58.922566] [WARNING] [pdc_tf_server.c:401] PDC_SERVER[0]: SCHED: executing edge 0 func=zfp_compress dev=GPU
[13:54:58.927511] [WARNING] [pdc_tf_server.c:475] PDC_SERVER[1]: SCHED: done running transformations
[13:54:58.930421] [WARNING] [pdc_tf_server.c:401] PDC_SERVER[9]: SCHED: executing edge 0 func=zfp_compress dev=GPU
[13:54:58.933006] [WARNING] [pdc_tf_server.c:401] PDC_SERVER[8]: SCHED: executing edge 0 func=zfp_compress dev=GPU
[13:54:58.938634] [WARNING] [pdc_tf_server.c:401] PDC_SERVER[10]: SCHED: executing edge 0 func=zfp_compress dev=GPU
[13:54:58.940759] [WARNING] [pdc_tf_server.c:401] PDC_SERVER[13]: SCHED: executing edge 0 func=zfp_compress dev=GPU
[13:54:58.946279] [WARNING] [pdc_tf_server.c:401] PDC_SERVER[11]: SCHED: executing edge 0 func=zfp_compress dev=GPU
[13:54:58.959799] [WARNING] [pdc_tf_server.c:475] PDC_SERVER[8]: SCHED: done running transformations
[13:54:58.960604] [WARNING] [pdc_tf_server.c:475] PDC_SERVER[9]: SCHED: done running transformations
[13:54:58.962578] [WARNING] [pdc_tf_server.c:475] PDC_SERVER[2]: SCHED: done running transformations
[13:54:58.964090] [WARNING] [pdc_tf_server.c:475] PDC_SERVER[3]: SCHED: done running transformations
[13:54:58.964133] [WARNING] [pdc_tf_server.c:475] PDC_SERVER[0]: SCHED: done running transformations
[13:54:58.965954] [WARNING] [pdc_tf_server.c:475] PDC_SERVER[10]: SCHED: done running transformations
[13:54:58.969489] [WARNING] [pdc_tf_server.c:475] PDC_SERVER[11]: SCHED: done running transformations
[13:54:58.970396] [WARNING] [pdc_tf_server.c:401] PDC_SERVER[12]: SCHED: executing edge 0 func=zfp_compress dev=GPU
[13:54:58.995204] [WARNING] [pdc_tf_server.c:475] PDC_SERVER[13]: SCHED: done running transformations
[13:54:59.003836] [WARNING] [pdc_tf_server.c:401] PDC_SERVER[15]: SCHED: executing edge 0 func=zfp_compress dev=GPU
[13:54:59.006717] [WARNING] [pdc_server_region_cache.c:834] PDC_SERVER[0]: Flushed region via POSIX I/O in 1.065700 s
[13:54:59.006735] [WARNING] [pdc_server_region_cache.c:850] PDC_SERVER[0]: [2026-10-07 13:54:59.006731] Flushed 16.00 / 16.00 MB to storage
[INFO] PDC_SERVER[0]: Region flush iteration took 1.065743 s
[INFO] PDC_SERVER[0]: Starting flush for obj_id 12000000000, ndim=3
[13:54:59.008251] [WARNING] [pdc_server_region_cache.c:823] PDC_SERVER[0]: Region mapping lookup took 0.000000 s
[13:54:59.008257] [WARNING] [pdc_server_region_cache.c:828] PDC_SERVER[0]: No region mapping found for obj_id 12000000000
[13:54:59.030633] [WARNING] [pdc_tf_server.c:475] PDC_SERVER[12]: SCHED: done running transformations
[13:54:59.032316] [WARNING] [pdc_tf_server.c:475] PDC_SERVER[15]: SCHED: done running transformations
[13:54:59.033600] [WARNING] [pdc_tf_server.c:401] PDC_SERVER[14]: SCHED: executing edge 0 func=zfp_compress dev=GPU
[13:54:59.045898] [WARNING] [pdc_tf_server.c:401] PDC_SERVER[4]: SCHED: executing edge 0 func=zfp_compress dev=GPU
[13:54:59.051075] [WARNING] [pdc_tf_server.c:401] PDC_SERVER[5]: SCHED: executing edge 0 func=zfp_compress dev=GPU
[13:54:59.056730] [WARNING] [pdc_tf_server.c:475] PDC_SERVER[14]: SCHED: done running transformations
[13:54:59.066601] [WARNING] [pdc_tf_server.c:401] PDC_SERVER[6]: SCHED: executing edge 0 func=zfp_compress dev=GPU
[13:54:59.068437] [WARNING] [pdc_tf_server.c:401] PDC_SERVER[7]: SCHED: executing edge 0 func=zfp_compress dev=GPU
[13:54:59.078154] [WARNING] [pdc_tf_server.c:475] PDC_SERVER[4]: SCHED: done running transformations
[13:54:59.228571] [WARNING] [pdc_tf_server.c:393] PDC_SERVER[1]: SCHED: setting CUDA device to 0 for edge 0 func=zfp_compress
[13:54:59.228605] [WARNING] [pdc_tf_server.c:401] PDC_SERVER[1]: SCHED: executing edge 0 func=zfp_compress dev=GPU
[13:54:59.240185] [WARNING] [pdc_tf_server.c:475] PDC_SERVER[1]: SCHED: done running transformations
[13:54:59.242743] [WARNING] [pdc_tf_server.c:475] PDC_SERVER[5]: SCHED: done running transformations
[13:54:59.243174] [WARNING] [pdc_tf_server.c:475] PDC_SERVER[6]: SCHED: done running transformations
[13:54:59.243739] [WARNING] [pdc_tf_server.c:475] PDC_SERVER[7]: SCHED: done running transformations
[13:54:59.264195] [WARNING] [pdc_tf_server.c:393] PDC_SERVER[3]: SCHED: setting CUDA device to 0 for edge 0 func=zfp_compress
[13:54:59.264303] [WARNING] [pdc_tf_server.c:401] PDC_SERVER[3]: SCHED: executing edge 0 func=zfp_compress dev=GPU
[13:54:59.266012] [WARNING] [pdc_tf_server.c:393] PDC_SERVER[9]: SCHED: setting CUDA device to 0 for edge 0 func=zfp_compress
[13:54:59.266115] [WARNING] [pdc_tf_server.c:401] PDC_SERVER[9]: SCHED: executing edge 0 func=zfp_compress dev=GPU
[13:54:59.269075] [WARNING] [pdc_tf_server.c:393] PDC_SERVER[8]: SCHED: setting CUDA device to 0 for edge 0 func=zfp_compress
[13:54:59.269108] [WARNING] [pdc_tf_server.c:401] PDC_SERVER[8]: SCHED: executing edge 0 func=zfp_compress dev=GPU
[13:54:59.271104] [WARNING] [pdc_tf_server.c:393] PDC_SERVER[10]: SCHED: setting CUDA device to 0 for edge 0 func=zfp_compress
[13:54:59.271132] [WARNING] [pdc_tf_server.c:401] PDC_SERVER[10]: SCHED: executing edge 0 func=zfp_compress dev=GPU
[13:54:59.275513] [WARNING] [pdc_tf_server.c:475] PDC_SERVER[3]: SCHED: done running transformations
[13:54:59.286423] [WARNING] [pdc_tf_server.c:475] PDC_SERVER[9]: SCHED: done running transformations
[13:54:59.289362] [WARNING] [pdc_tf_server.c:475] PDC_SERVER[8]: SCHED: done running transformations
[13:54:59.296498] [WARNING] [pdc_tf_server.c:475] PDC_SERVER[10]: SCHED: done running transformations
[13:54:59.312796] [WARNING] [pdc_tf_server.c:393] PDC_SERVER[13]: SCHED: setting CUDA device to 0 for edge 0 func=zfp_compress
[13:54:59.312821] [WARNING] [pdc_tf_server.c:401] PDC_SERVER[13]: SCHED: executing edge 0 func=zfp_compress dev=GPU
[INFO] PDC_SERVER[0]: Executing graph with json filepath /pscratch/sd/n/nlewi26/src/work_space/source/pdc/tf_client/graphs/zfp_gpu.json
[13:54:59.321261] [WARNING] [pdc_tf_server.c:393] PDC_SERVER[0]: SCHED: setting CUDA device to 0 for edge 0 func=zfp_compress
[13:54:59.321279] [WARNING] [pdc_tf_server.c:401] PDC_SERVER[0]: SCHED: executing edge 0 func=zfp_compress dev=GPU
[13:54:59.322141] [WARNING] [pdc_tf_server.c:475] PDC_SERVER[13]: SCHED: done running transformations
[13:54:59.332134] [WARNING] [pdc_tf_server.c:475] PDC_SERVER[0]: SCHED: done running transformations
[13:54:59.355083] [WARNING] [pdc_tf_server.c:393] PDC_SERVER[15]: SCHED: setting CUDA device to 0 for edge 0 func=zfp_compress
[13:54:59.355115] [WARNING] [pdc_tf_server.c:401] PDC_SERVER[15]: SCHED: executing edge 0 func=zfp_compress dev=GPU
[13:54:59.355573] [WARNING] [pdc_tf_server.c:393] PDC_SERVER[2]: SCHED: setting CUDA device to 0 for edge 0 func=zfp_compress
[13:54:59.355655] [WARNING] [pdc_tf_server.c:401] PDC_SERVER[2]: SCHED: executing edge 0 func=zfp_compress dev=GPU
[13:54:59.357787] [WARNING] [pdc_tf_server.c:393] PDC_SERVER[12]: SCHED: setting CUDA device to 0 for edge 0 func=zfp_compress
[13:54:59.357822] [WARNING] [pdc_tf_server.c:401] PDC_SERVER[12]: SCHED: executing edge 0 func=zfp_compress dev=GPU
[13:54:59.361416] [WARNING] [pdc_tf_server.c:393] PDC_SERVER[11]: SCHED: setting CUDA device to 0 for edge 0 func=zfp_compress
[13:54:59.361481] [WARNING] [pdc_tf_server.c:401] PDC_SERVER[11]: SCHED: executing edge 0 func=zfp_compress dev=GPU
[13:54:59.368500] [WARNING] [pdc_server_region_cache.c:834] PDC_SERVER[0]: Flushed region via POSIX I/O in 0.360228 s
[13:54:59.368519] [WARNING] [pdc_server_region_cache.c:850] PDC_SERVER[0]: [2026-10-07 13:54:59.368516] Flushed 16.00 / 16.00 MB to storage
[INFO] PDC_SERVER[0]: Region flush iteration took 0.360277 s
[13:54:59.370236] [WARNING] [pdc_tf_server.c:393] PDC_SERVER[4]: SCHED: setting CUDA device to 0 for edge 0 func=zfp_compress
[13:54:59.370284] [WARNING] [pdc_tf_server.c:401] PDC_SERVER[4]: SCHED: executing edge 0 func=zfp_compress dev=GPU
[13:54:59.370971] [WARNING] [pdc_tf_server.c:475] PDC_SERVER[2]: SCHED: done running transformations
[INFO] PDC_SERVER[0]: Starting flush for obj_id 12000000000, ndim=3
[13:54:59.371135] [WARNING] [pdc_server_region_cache.c:823] PDC_SERVER[0]: Region mapping lookup took 0.000000 s
[13:54:59.371147] [WARNING] [pdc_server_region_cache.c:828] PDC_SERVER[0]: No region mapping found for obj_id 12000000000
[13:54:59.371706] [WARNING] [pdc_tf_server.c:393] PDC_SERVER[14]: SCHED: setting CUDA device to 0 for edge 0 func=zfp_compress
[13:54:59.371735] [WARNING] [pdc_tf_server.c:401] PDC_SERVER[14]: SCHED: executing edge 0 func=zfp_compress dev=GPU
[13:54:59.373315] [WARNING] [pdc_tf_server.c:475] PDC_SERVER[15]: SCHED: done running transformations
[13:54:59.374962] [WARNING] [pdc_tf_server.c:475] PDC_SERVER[11]: SCHED: done running transformations
[13:54:59.375867] [WARNING] [pdc_tf_server.c:475] PDC_SERVER[12]: SCHED: done running transformations
[13:54:59.390827] [WARNING] [pdc_tf_server.c:475] PDC_SERVER[14]: SCHED: done running transformations
[13:54:59.394736] [WARNING] [pdc_tf_server.c:475] PDC_SERVER[4]: SCHED: done running transformations
[13:54:59.535330] [WARNING] [pdc_tf_server.c:393] PDC_SERVER[1]: SCHED: setting CUDA device to 0 for edge 0 func=zfp_compress
[13:54:59.535366] [WARNING] [pdc_tf_server.c:401] PDC_SERVER[1]: SCHED: executing edge 0 func=zfp_compress dev=GPU
[13:54:59.544010] [WARNING] [pdc_tf_server.c:475] PDC_SERVER[1]: SCHED: done running transformations
[13:54:59.560114] [WARNING] [pdc_tf_server.c:393] PDC_SERVER[7]: SCHED: setting CUDA device to 0 for edge 0 func=zfp_compress
[13:54:59.560144] [WARNING] [pdc_tf_server.c:401] PDC_SERVER[7]: SCHED: executing edge 0 func=zfp_compress dev=GPU
[13:54:59.562087] [WARNING] [pdc_tf_server.c:393] PDC_SERVER[5]: SCHED: setting CUDA device to 0 for edge 0 func=zfp_compress
[13:54:59.562188] [WARNING] [pdc_tf_server.c:401] PDC_SERVER[5]: SCHED: executing edge 0 func=zfp_compress dev=GPU
[13:54:59.567113] [WARNING] [pdc_tf_server.c:393] PDC_SERVER[6]: SCHED: setting CUDA device to 0 for edge 0 func=zfp_compress
[13:54:59.567146] [WARNING] [pdc_tf_server.c:401] PDC_SERVER[6]: SCHED: executing edge 0 func=zfp_compress dev=GPU
[13:54:59.570325] [WARNING] [pdc_tf_server.c:475] PDC_SERVER[7]: SCHED: done running transformations
[13:54:59.572410] [WARNING] [pdc_tf_server.c:475] PDC_SERVER[5]: SCHED: done running transformations
[13:54:59.578345] [WARNING] [pdc_tf_server.c:475] PDC_SERVER[6]: SCHED: done running transformations
[13:54:59.582660] [WARNING] [pdc_tf_server.c:393] PDC_SERVER[9]: SCHED: setting CUDA device to 0 for edge 0 func=zfp_compress
[13:54:59.582690] [WARNING] [pdc_tf_server.c:401] PDC_SERVER[9]: SCHED: executing edge 0 func=zfp_compress dev=GPU
[13:54:59.591012] [WARNING] [pdc_tf_server.c:475] PDC_SERVER[9]: SCHED: done running transformations
[13:54:59.599960] [WARNING] [pdc_tf_server.c:393] PDC_SERVER[10]: SCHED: setting CUDA device to 0 for edge 0 func=zfp_compress
[13:54:59.599993] [WARNING] [pdc_tf_server.c:401] PDC_SERVER[10]: SCHED: executing edge 0 func=zfp_compress dev=GPU
[13:54:59.605849] [WARNING] [pdc_tf_server.c:393] PDC_SERVER[3]: SCHED: setting CUDA device to 0 for edge 0 func=zfp_compress
[13:54:59.605882] [WARNING] [pdc_tf_server.c:401] PDC_SERVER[3]: SCHED: executing edge 0 func=zfp_compress dev=GPU
[13:54:59.606863] [WARNING] [pdc_tf_server.c:393] PDC_SERVER[8]: SCHED: setting CUDA device to 0 for edge 0 func=zfp_compress
[13:54:59.606922] [WARNING] [pdc_tf_server.c:401] PDC_SERVER[8]: SCHED: executing edge 0 func=zfp_compress dev=GPU
[13:54:59.609207] [WARNING] [pdc_tf_server.c:475] PDC_SERVER[10]: SCHED: done running transformations
[13:54:59.617190] [WARNING] [pdc_tf_server.c:475] PDC_SERVER[8]: SCHED: done running transformations
[13:54:59.617353] [WARNING] [pdc_tf_server.c:475] PDC_SERVER[3]: SCHED: done running transformations
[13:54:59.623078] [WARNING] [pdc_tf_server.c:393] PDC_SERVER[13]: SCHED: setting CUDA device to 0 for edge 0 func=zfp_compress
[13:54:59.623135] [WARNING] [pdc_tf_server.c:401] PDC_SERVER[13]: SCHED: executing edge 0 func=zfp_compress dev=GPU
[13:54:59.631698] [WARNING] [pdc_tf_server.c:475] PDC_SERVER[13]: SCHED: done running transformations
[INFO] PDC_SERVER[0]: Executing graph with json filepath /pscratch/sd/n/nlewi26/src/work_space/source/pdc/tf_client/graphs/zfp_gpu.json
[13:54:59.637676] [WARNING] [pdc_tf_server.c:393] PDC_SERVER[0]: SCHED: setting CUDA device to 0 for edge 0 func=zfp_compress
[13:54:59.637692] [WARNING] [pdc_tf_server.c:401] PDC_SERVER[0]: SCHED: executing edge 0 func=zfp_compress dev=GPU
[13:54:59.646206] [WARNING] [pdc_tf_server.c:475] PDC_SERVER[0]: SCHED: done running transformations
[13:54:59.676698] [WARNING] [pdc_tf_server.c:393] PDC_SERVER[12]: SCHED: setting CUDA device to 0 for edge 0 func=zfp_compress
[13:54:59.676753] [WARNING] [pdc_tf_server.c:401] PDC_SERVER[12]: SCHED: executing edge 0 func=zfp_compress dev=GPU
[13:54:59.679330] [WARNING] [pdc_tf_server.c:393] PDC_SERVER[15]: SCHED: setting CUDA device to 0 for edge 0 func=zfp_compress
[13:54:59.679386] [WARNING] [pdc_tf_server.c:401] PDC_SERVER[15]: SCHED: executing edge 0 func=zfp_compress dev=GPU
[13:54:59.683233] [WARNING] [pdc_tf_server.c:393] PDC_SERVER[2]: SCHED: setting CUDA device to 0 for edge 0 func=zfp_compress
[13:54:59.683258] [WARNING] [pdc_tf_server.c:401] PDC_SERVER[2]: SCHED: executing edge 0 func=zfp_compress dev=GPU
[13:54:59.685554] [WARNING] [pdc_tf_server.c:475] PDC_SERVER[12]: SCHED: done running transformations
[13:54:59.688251] [WARNING] [pdc_tf_server.c:475] PDC_SERVER[15]: SCHED: done running transformations
[13:54:59.688309] [WARNING] [pdc_server_region_cache.c:834] PDC_SERVER[0]: Flushed region via POSIX I/O in 0.317146 s
[13:54:59.688333] [WARNING] [pdc_server_region_cache.c:850] PDC_SERVER[0]: [2026-10-07 13:54:59.688328] Flushed 16.00 / 16.00 MB to storage
[INFO] PDC_SERVER[0]: Region flush iteration took 0.317206 s
[INFO] PDC_SERVER[0]: Starting flush for obj_id 12000000000, ndim=3
[13:54:59.689808] [WARNING] [pdc_server_region_cache.c:823] PDC_SERVER[0]: Region mapping lookup took 0.000001 s
[13:54:59.689813] [WARNING] [pdc_server_region_cache.c:828] PDC_SERVER[0]: No region mapping found for obj_id 12000000000
[13:54:59.695669] [WARNING] [pdc_tf_server.c:475] PDC_SERVER[2]: SCHED: done running transformations
[13:54:59.697088] [WARNING] [pdc_tf_server.c:393] PDC_SERVER[11]: SCHED: setting CUDA device to 0 for edge 0 func=zfp_compress
[13:54:59.697117] [WARNING] [pdc_tf_server.c:401] PDC_SERVER[11]: SCHED: executing edge 0 func=zfp_compress dev=GPU
[13:54:59.703702] [WARNING] [pdc_tf_server.c:393] PDC_SERVER[14]: SCHED: setting CUDA device to 0 for edge 0 func=zfp_compress
[13:54:59.703736] [WARNING] [pdc_tf_server.c:401] PDC_SERVER[14]: SCHED: executing edge 0 func=zfp_compress dev=GPU
[13:54:59.711988] [WARNING] [pdc_tf_server.c:475] PDC_SERVER[14]: SCHED: done running transformations
[13:54:59.715042] [WARNING] [pdc_tf_server.c:475] PDC_SERVER[11]: SCHED: done running transformations
[13:54:59.725254] [WARNING] [pdc_tf_server.c:393] PDC_SERVER[4]: SCHED: setting CUDA device to 0 for edge 0 func=zfp_compress
[13:54:59.725288] [WARNING] [pdc_tf_server.c:401] PDC_SERVER[4]: SCHED: executing edge 0 func=zfp_compress dev=GPU
[13:54:59.734331] [WARNING] [pdc_tf_server.c:475] PDC_SERVER[4]: SCHED: done running transformations
[13:54:59.847541] [WARNING] [pdc_tf_server.c:393] PDC_SERVER[1]: SCHED: setting CUDA device to 0 for edge 0 func=zfp_compress
[13:54:59.847602] [WARNING] [pdc_tf_server.c:401] PDC_SERVER[1]: SCHED: executing edge 0 func=zfp_compress dev=GPU
[13:54:59.865091] [WARNING] [pdc_tf_server.c:475] PDC_SERVER[1]: SCHED: done running transformations
[13:54:59.872505] [WARNING] [pdc_tf_server.c:393] PDC_SERVER[6]: SCHED: setting CUDA device to 0 for edge 0 func=zfp_compress
[13:54:59.872533] [WARNING] [pdc_tf_server.c:401] PDC_SERVER[6]: SCHED: executing edge 0 func=zfp_compress dev=GPU
[13:54:59.877050] [WARNING] [pdc_tf_server.c:393] PDC_SERVER[7]: SCHED: setting CUDA device to 0 for edge 0 func=zfp_compress
[13:54:59.877079] [WARNING] [pdc_tf_server.c:401] PDC_SERVER[7]: SCHED: executing edge 0 func=zfp_compress dev=GPU
[13:54:59.883898] [WARNING] [pdc_tf_server.c:393] PDC_SERVER[5]: SCHED: setting CUDA device to 0 for edge 0 func=zfp_compress
[13:54:59.883933] [WARNING] [pdc_tf_server.c:401] PDC_SERVER[5]: SCHED: executing edge 0 func=zfp_compress dev=GPU
[13:54:59.886607] [WARNING] [pdc_tf_server.c:393] PDC_SERVER[9]: SCHED: setting CUDA device to 0 for edge 0 func=zfp_compress
[13:54:59.886636] [WARNING] [pdc_tf_server.c:401] PDC_SERVER[9]: SCHED: executing edge 0 func=zfp_compress dev=GPU
[13:54:59.895742] [WARNING] [pdc_tf_server.c:475] PDC_SERVER[9]: SCHED: done running transformations
[13:54:59.905470] [WARNING] [pdc_tf_server.c:475] PDC_SERVER[6]: SCHED: done running transformations
[13:54:59.909245] [WARNING] [pdc_tf_server.c:475] PDC_SERVER[7]: SCHED: done running transformations
[13:54:59.909364] [WARNING] [pdc_tf_server.c:475] PDC_SERVER[5]: SCHED: done running transformations
[13:54:59.924363] [WARNING] [pdc_tf_server.c:393] PDC_SERVER[10]: SCHED: setting CUDA device to 0 for edge 0 func=zfp_compress
[13:54:59.924419] [WARNING] [pdc_tf_server.c:401] PDC_SERVER[10]: SCHED: executing edge 0 func=zfp_compress dev=GPU
[13:54:59.933112] [WARNING] [pdc_tf_server.c:393] PDC_SERVER[13]: SCHED: setting CUDA device to 0 for edge 0 func=zfp_compress
[13:54:59.933183] [WARNING] [pdc_tf_server.c:401] PDC_SERVER[13]: SCHED: executing edge 0 func=zfp_compress dev=GPU
[13:54:59.933892] [WARNING] [pdc_tf_server.c:475] PDC_SERVER[10]: SCHED: done running transformations
[13:54:59.942427] [WARNING] [pdc_tf_server.c:475] PDC_SERVER[13]: SCHED: done running transformations
[13:54:59.950566] [WARNING] [pdc_tf_server.c:393] PDC_SERVER[8]: SCHED: setting CUDA device to 0 for edge 0 func=zfp_compress
[13:54:59.950602] [WARNING] [pdc_tf_server.c:401] PDC_SERVER[8]: SCHED: executing edge 0 func=zfp_compress dev=GPU
[13:54:59.951500] [WARNING] [pdc_tf_server.c:393] PDC_SERVER[3]: SCHED: setting CUDA device to 0 for edge 0 func=zfp_compress
[13:54:59.951527] [WARNING] [pdc_tf_server.c:401] PDC_SERVER[3]: SCHED: executing edge 0 func=zfp_compress dev=GPU
[INFO] PDC_SERVER[0]: Executing graph with json filepath /pscratch/sd/n/nlewi26/src/work_space/source/pdc/tf_client/graphs/zfp_gpu.json
[13:54:59.959815] [WARNING] [pdc_tf_server.c:393] PDC_SERVER[0]: SCHED: setting CUDA device to 0 for edge 0 func=zfp_compress
[13:54:59.959833] [WARNING] [pdc_tf_server.c:401] PDC_SERVER[0]: SCHED: executing edge 0 func=zfp_compress dev=GPU
[13:54:59.959997] [WARNING] [pdc_tf_server.c:475] PDC_SERVER[8]: SCHED: done running transformations
[13:54:59.962297] [WARNING] [pdc_tf_server.c:475] PDC_SERVER[3]: SCHED: done running transformations
[13:54:59.968344] [WARNING] [pdc_tf_server.c:475] PDC_SERVER[0]: SCHED: done running transformations
[13:54:59.987385] [WARNING] [pdc_tf_server.c:393] PDC_SERVER[12]: SCHED: setting CUDA device to 0 for edge 0 func=zfp_compress
[13:54:59.987414] [WARNING] [pdc_tf_server.c:401] PDC_SERVER[12]: SCHED: executing edge 0 func=zfp_compress dev=GPU
[13:54:59.994870] [WARNING] [pdc_tf_server.c:393] PDC_SERVER[15]: SCHED: setting CUDA device to 0 for edge 0 func=zfp_compress
[13:54:59.994901] [WARNING] [pdc_tf_server.c:401] PDC_SERVER[15]: SCHED: executing edge 0 func=zfp_compress dev=GPU
[13:54:59.996714] [WARNING] [pdc_tf_server.c:475] PDC_SERVER[12]: SCHED: done running transformations
[13:55:00.005128] [WARNING] [pdc_tf_server.c:475] PDC_SERVER[15]: SCHED: done running transformations
[13:55:00.006349] [WARNING] [pdc_server_region_cache.c:834] PDC_SERVER[0]: Flushed region via POSIX I/O in 0.316524 s
[13:55:00.006365] [WARNING] [pdc_server_region_cache.c:850] PDC_SERVER[0]: [2026-10-07 13:55:00.006362] Flushed 16.00 / 16.00 MB to storage
[INFO] PDC_SERVER[0]: Region flush iteration took 0.316566 s
[13:55:00.006637] [WARNING] [pdc_tf_server.c:393] PDC_SERVER[2]: SCHED: setting CUDA device to 0 for edge 0 func=zfp_compress
[13:55:00.006673] [WARNING] [pdc_tf_server.c:401] PDC_SERVER[2]: SCHED: executing edge 0 func=zfp_compress dev=GPU
[INFO] PDC_SERVER[0]: Starting flush for obj_id 12000000000, ndim=3
[13:55:00.008289] [WARNING] [pdc_server_region_cache.c:823] PDC_SERVER[0]: Region mapping lookup took 0.000000 s
[13:55:00.008296] [WARNING] [pdc_server_region_cache.c:828] PDC_SERVER[0]: No region mapping found for obj_id 12000000000
[13:55:00.015514] [WARNING] [pdc_tf_server.c:475] PDC_SERVER[2]: SCHED: done running transformations
[13:55:00.019127] [WARNING] [pdc_tf_server.c:393] PDC_SERVER[14]: SCHED: setting CUDA device to 0 for edge 0 func=zfp_compress
[13:55:00.019156] [WARNING] [pdc_tf_server.c:401] PDC_SERVER[14]: SCHED: executing edge 0 func=zfp_compress dev=GPU
[13:55:00.026937] [WARNING] [pdc_tf_server.c:393] PDC_SERVER[11]: SCHED: setting CUDA device to 0 for edge 0 func=zfp_compress
[13:55:00.026970] [WARNING] [pdc_tf_server.c:401] PDC_SERVER[11]: SCHED: executing edge 0 func=zfp_compress dev=GPU
[13:55:00.028522] [WARNING] [pdc_tf_server.c:475] PDC_SERVER[14]: SCHED: done running transformations
[13:55:00.036945] [WARNING] [pdc_tf_server.c:475] PDC_SERVER[11]: SCHED: done running transformations
[13:55:00.040300] [WARNING] [pdc_tf_server.c:393] PDC_SERVER[4]: SCHED: setting CUDA device to 0 for edge 0 func=zfp_compress
[13:55:00.040329] [WARNING] [pdc_tf_server.c:401] PDC_SERVER[4]: SCHED: executing edge 0 func=zfp_compress dev=GPU
[13:55:00.050482] [WARNING] [pdc_tf_server.c:475] PDC_SERVER[4]: SCHED: done running transformations
[13:55:00.184258] [WARNING] [pdc_tf_server.c:393] PDC_SERVER[1]: SCHED: setting CUDA device to 0 for edge 0 func=zfp_compress
[13:55:00.184287] [WARNING] [pdc_tf_server.c:401] PDC_SERVER[1]: SCHED: executing edge 0 func=zfp_compress dev=GPU
[13:55:00.194826] [WARNING] [pdc_tf_server.c:475] PDC_SERVER[1]: SCHED: done running transformations
[13:55:00.196637] [WARNING] [pdc_tf_server.c:393] PDC_SERVER[9]: SCHED: setting CUDA device to 0 for edge 0 func=zfp_compress
[13:55:00.196664] [WARNING] [pdc_tf_server.c:401] PDC_SERVER[9]: SCHED: executing edge 0 func=zfp_compress dev=GPU
[13:55:00.214544] [WARNING] [pdc_tf_server.c:393] PDC_SERVER[7]: SCHED: setting CUDA device to 0 for edge 0 func=zfp_compress
[13:55:00.214571] [WARNING] [pdc_tf_server.c:401] PDC_SERVER[7]: SCHED: executing edge 0 func=zfp_compress dev=GPU
[13:55:00.214794] [WARNING] [pdc_tf_server.c:475] PDC_SERVER[9]: SCHED: done running transformations
[13:55:00.222102] [WARNING] [pdc_tf_server.c:393] PDC_SERVER[6]: SCHED: setting CUDA device to 0 for edge 0 func=zfp_compress
[13:55:00.222132] [WARNING] [pdc_tf_server.c:401] PDC_SERVER[6]: SCHED: executing edge 0 func=zfp_compress dev=GPU
[13:55:00.224074] [WARNING] [pdc_tf_server.c:475] PDC_SERVER[7]: SCHED: done running transformations
[13:55:00.232577] [WARNING] [pdc_tf_server.c:393] PDC_SERVER[5]: SCHED: setting CUDA device to 0 for edge 0 func=zfp_compress
[13:55:00.232610] [WARNING] [pdc_tf_server.c:401] PDC_SERVER[5]: SCHED: executing edge 0 func=zfp_compress dev=GPU
[13:55:00.233139] [WARNING] [pdc_tf_server.c:393] PDC_SERVER[10]: SCHED: setting CUDA device to 0 for edge 0 func=zfp_compress
[13:55:00.233168] [WARNING] [pdc_tf_server.c:401] PDC_SERVER[10]: SCHED: executing edge 0 func=zfp_compress dev=GPU
[13:55:00.234946] [WARNING] [pdc_tf_server.c:475] PDC_SERVER[6]: SCHED: done running transformations
[13:55:00.238857] [WARNING] [pdc_tf_server.c:393] PDC_SERVER[13]: SCHED: setting CUDA device to 0 for edge 0 func=zfp_compress
[13:55:00.238888] [WARNING] [pdc_tf_server.c:401] PDC_SERVER[13]: SCHED: executing edge 0 func=zfp_compress dev=GPU
[13:55:00.242502] [WARNING] [pdc_tf_server.c:475] PDC_SERVER[10]: SCHED: done running transformations
[13:55:00.250797] [WARNING] [pdc_tf_server.c:475] PDC_SERVER[5]: SCHED: done running transformations
[13:55:00.253292] [WARNING] [pdc_tf_server.c:475] PDC_SERVER[13]: SCHED: done running transformations
[13:55:00.265937] [WARNING] [pdc_tf_server.c:393] PDC_SERVER[8]: SCHED: setting CUDA device to 0 for edge 0 func=zfp_compress
[13:55:00.265965] [WARNING] [pdc_tf_server.c:401] PDC_SERVER[8]: SCHED: executing edge 0 func=zfp_compress dev=GPU
[INFO] PDC_SERVER[0]: Executing graph with json filepath /pscratch/sd/n/nlewi26/src/work_space/source/pdc/tf_client/graphs/zfp_gpu.json
[13:55:00.276257] [WARNING] [pdc_tf_server.c:393] PDC_SERVER[0]: SCHED: setting CUDA device to 0 for edge 0 func=zfp_compress
[13:55:00.276271] [WARNING] [pdc_tf_server.c:401] PDC_SERVER[0]: SCHED: executing edge 0 func=zfp_compress dev=GPU
[13:55:00.276736] [WARNING] [pdc_tf_server.c:475] PDC_SERVER[8]: SCHED: done running transformations
[13:55:00.279427] [WARNING] [pdc_tf_server.c:393] PDC_SERVER[3]: SCHED: setting CUDA device to 0 for edge 0 func=zfp_compress
[13:55:00.279472] [WARNING] [pdc_tf_server.c:401] PDC_SERVER[3]: SCHED: executing edge 0 func=zfp_compress dev=GPU
[13:55:00.292673] [WARNING] [pdc_tf_server.c:475] PDC_SERVER[0]: SCHED: done running transformations
[13:55:00.296643] [WARNING] [pdc_tf_server.c:475] PDC_SERVER[3]: SCHED: done running transformations
[13:55:00.302044] [WARNING] [pdc_tf_server.c:393] PDC_SERVER[12]: SCHED: setting CUDA device to 0 for edge 0 func=zfp_compress
[13:55:00.302082] [WARNING] [pdc_tf_server.c:401] PDC_SERVER[12]: SCHED: executing edge 0 func=zfp_compress dev=GPU
[13:55:00.308631] [WARNING] [pdc_tf_server.c:393] PDC_SERVER[15]: SCHED: setting CUDA device to 0 for edge 0 func=zfp_compress
[13:55:00.308660] [WARNING] [pdc_tf_server.c:401] PDC_SERVER[15]: SCHED: executing edge 0 func=zfp_compress dev=GPU
[13:55:00.314229] [WARNING] [pdc_tf_server.c:393] PDC_SERVER[2]: SCHED: setting CUDA device to 0 for edge 0 func=zfp_compress
[13:55:00.314266] [WARNING] [pdc_tf_server.c:401] PDC_SERVER[2]: SCHED: executing edge 0 func=zfp_compress dev=GPU
[13:55:00.324787] [WARNING] [pdc_tf_server.c:475] PDC_SERVER[12]: SCHED: done running transformations
[13:55:00.327259] [WARNING] [pdc_tf_server.c:475] PDC_SERVER[15]: SCHED: done running transformations
[13:55:00.328577] [WARNING] [pdc_server_region_cache.c:834] PDC_SERVER[0]: Flushed region via POSIX I/O in 0.320270 s
[13:55:00.328593] [WARNING] [pdc_server_region_cache.c:850] PDC_SERVER[0]: [2026-10-07 13:55:00.328589] Flushed 16.00 / 16.00 MB to storage
[INFO] PDC_SERVER[0]: Region flush iteration took 0.320311 s
[INFO] PDC_SERVER[0]: Starting flush for obj_id 12000000000, ndim=3
[13:55:00.330173] [WARNING] [pdc_server_region_cache.c:823] PDC_SERVER[0]: Region mapping lookup took 0.000000 s
[13:55:00.330178] [WARNING] [pdc_server_region_cache.c:828] PDC_SERVER[0]: No region mapping found for obj_id 12000000000
[13:55:00.332241] [WARNING] [pdc_tf_server.c:475] PDC_SERVER[2]: SCHED: done running transformations
[13:55:00.344712] [WARNING] [pdc_tf_server.c:393] PDC_SERVER[14]: SCHED: setting CUDA device to 0 for edge 0 func=zfp_compress
[13:55:00.344743] [WARNING] [pdc_tf_server.c:401] PDC_SERVER[14]: SCHED: executing edge 0 func=zfp_compress dev=GPU
[13:55:00.351549] [WARNING] [pdc_tf_server.c:393] PDC_SERVER[4]: SCHED: setting CUDA device to 0 for edge 0 func=zfp_compress
[13:55:00.351576] [WARNING] [pdc_tf_server.c:401] PDC_SERVER[4]: SCHED: executing edge 0 func=zfp_compress dev=GPU
[13:55:00.354379] [WARNING] [pdc_tf_server.c:475] PDC_SERVER[14]: SCHED: done running transformations
[13:55:00.354358] [WARNING] [pdc_tf_server.c:393] PDC_SERVER[11]: SCHED: setting CUDA device to 0 for edge 0 func=zfp_compress
[13:55:00.354394] [WARNING] [pdc_tf_server.c:401] PDC_SERVER[11]: SCHED: executing edge 0 func=zfp_compress dev=GPU
[13:55:00.363457] [WARNING] [pdc_tf_server.c:475] PDC_SERVER[4]: SCHED: done running transformations
[13:55:00.364659] [WARNING] [pdc_tf_server.c:475] PDC_SERVER[11]: SCHED: done running transformations
[13:55:00.490503] [WARNING] [pdc_tf_server.c:393] PDC_SERVER[1]: SCHED: setting CUDA device to 0 for edge 0 func=zfp_compress
[13:55:00.490531] [WARNING] [pdc_tf_server.c:401] PDC_SERVER[1]: SCHED: executing edge 0 func=zfp_compress dev=GPU
[13:55:00.499550] [WARNING] [pdc_tf_server.c:475] PDC_SERVER[1]: SCHED: done running transformations
[13:55:00.517126] [WARNING] [pdc_tf_server.c:393] PDC_SERVER[9]: SCHED: setting CUDA device to 0 for edge 0 func=zfp_compress
[13:55:00.517154] [WARNING] [pdc_tf_server.c:401] PDC_SERVER[9]: SCHED: executing edge 0 func=zfp_compress dev=GPU
[13:55:00.528181] [WARNING] [pdc_tf_server.c:475] PDC_SERVER[9]: SCHED: done running transformations
[13:55:00.536139] [WARNING] [pdc_tf_server.c:393] PDC_SERVER[6]: SCHED: setting CUDA device to 0 for edge 0 func=zfp_compress
[13:55:00.536177] [WARNING] [pdc_tf_server.c:401] PDC_SERVER[6]: SCHED: executing edge 0 func=zfp_compress dev=GPU
[13:55:00.541201] [WARNING] [pdc_tf_server.c:393] PDC_SERVER[7]: SCHED: setting CUDA device to 0 for edge 0 func=zfp_compress
[13:55:00.541249] [WARNING] [pdc_tf_server.c:401] PDC_SERVER[7]: SCHED: executing edge 0 func=zfp_compress dev=GPU
[13:55:00.546341] [WARNING] [pdc_tf_server.c:475] PDC_SERVER[6]: SCHED: done running transformations
[13:55:00.548951] [WARNING] [pdc_tf_server.c:393] PDC_SERVER[13]: SCHED: setting CUDA device to 0 for edge 0 func=zfp_compress
[13:55:00.548980] [WARNING] [pdc_tf_server.c:401] PDC_SERVER[13]: SCHED: executing edge 0 func=zfp_compress dev=GPU
[13:55:00.550578] [WARNING] [pdc_tf_server.c:393] PDC_SERVER[10]: SCHED: setting CUDA device to 0 for edge 0 func=zfp_compress
[13:55:00.550631] [WARNING] [pdc_tf_server.c:401] PDC_SERVER[10]: SCHED: executing edge 0 func=zfp_compress dev=GPU
[13:55:00.552450] [WARNING] [pdc_tf_server.c:475] PDC_SERVER[7]: SCHED: done running transformations
[13:55:00.558020] [WARNING] [pdc_tf_server.c:475] PDC_SERVER[13]: SCHED: done running transformations
[13:55:00.574450] [WARNING] [pdc_tf_server.c:475] PDC_SERVER[10]: SCHED: done running transformations
[13:55:00.575635] [WARNING] [pdc_tf_server.c:393] PDC_SERVER[5]: SCHED: setting CUDA device to 0 for edge 0 func=zfp_compress
[13:55:00.575661] [WARNING] [pdc_tf_server.c:401] PDC_SERVER[5]: SCHED: executing edge 0 func=zfp_compress dev=GPU
[13:55:00.580970] [WARNING] [pdc_tf_server.c:393] PDC_SERVER[8]: SCHED: setting CUDA device to 0 for edge 0 func=zfp_compress
[13:55:00.580999] [WARNING] [pdc_tf_server.c:401] PDC_SERVER[8]: SCHED: executing edge 0 func=zfp_compress dev=GPU
[13:55:00.600081] [WARNING] [pdc_tf_server.c:475] PDC_SERVER[8]: SCHED: done running transformations
[INFO] PDC_SERVER[0]: Executing graph with json filepath /pscratch/sd/n/nlewi26/src/work_space/source/pdc/tf_client/graphs/zfp_gpu.json
[13:55:00.600116] [WARNING] [pdc_tf_server.c:393] PDC_SERVER[0]: SCHED: setting CUDA device to 0 for edge 0 func=zfp_compress
[13:55:00.600132] [WARNING] [pdc_tf_server.c:401] PDC_SERVER[0]: SCHED: executing edge 0 func=zfp_compress dev=GPU
[13:55:00.604414] [WARNING] [pdc_tf_server.c:475] PDC_SERVER[5]: SCHED: done running transformations
[13:55:00.609661] [WARNING] [pdc_tf_server.c:475] PDC_SERVER[0]: SCHED: done running transformations
[13:55:00.625599] [WARNING] [pdc_tf_server.c:393] PDC_SERVER[12]: SCHED: setting CUDA device to 0 for edge 0 func=zfp_compress
[13:55:00.625626] [WARNING] [pdc_tf_server.c:401] PDC_SERVER[12]: SCHED: executing edge 0 func=zfp_compress dev=GPU
[13:55:00.625922] [WARNING] [pdc_tf_server.c:393] PDC_SERVER[3]: SCHED: setting CUDA device to 0 for edge 0 func=zfp_compress
[13:55:00.625953] [WARNING] [pdc_tf_server.c:401] PDC_SERVER[3]: SCHED: executing edge 0 func=zfp_compress dev=GPU
[13:55:00.629520] [WARNING] [pdc_tf_server.c:393] PDC_SERVER[15]: SCHED: setting CUDA device to 0 for edge 0 func=zfp_compress
[13:55:00.629554] [WARNING] [pdc_tf_server.c:401] PDC_SERVER[15]: SCHED: executing edge 0 func=zfp_compress dev=GPU
[13:55:00.634211] [WARNING] [pdc_tf_server.c:475] PDC_SERVER[12]: SCHED: done running transformations
[13:55:00.636067] [WARNING] [pdc_tf_server.c:475] PDC_SERVER[3]: SCHED: done running transformations
[13:55:00.638985] [WARNING] [pdc_tf_server.c:475] PDC_SERVER[15]: SCHED: done running transformations
[13:55:00.645229] [WARNING] [pdc_tf_server.c:393] PDC_SERVER[2]: SCHED: setting CUDA device to 0 for edge 0 func=zfp_compress
[13:55:00.645278] [WARNING] [pdc_tf_server.c:401] PDC_SERVER[2]: SCHED: executing edge 0 func=zfp_compress dev=GPU
[13:55:00.645853] [WARNING] [pdc_server_region_cache.c:834] PDC_SERVER[0]: Flushed region via POSIX I/O in 0.315664 s
[13:55:00.645868] [WARNING] [pdc_server_region_cache.c:850] PDC_SERVER[0]: [2026-10-07 13:55:00.645865] Flushed 16.00 / 16.00 MB to storage
[INFO] PDC_SERVER[0]: Region flush iteration took 0.315703 s
[INFO] PDC_SERVER[0]: Starting flush for obj_id 12000000000, ndim=3
[13:55:00.647506] [WARNING] [pdc_server_region_cache.c:823] PDC_SERVER[0]: Region mapping lookup took 0.000000 s
[13:55:00.647512] [WARNING] [pdc_server_region_cache.c:828] PDC_SERVER[0]: No region mapping found for obj_id 12000000000
[13:55:00.655564] [WARNING] [pdc_tf_server.c:475] PDC_SERVER[2]: SCHED: done running transformations
[13:55:00.664017] [WARNING] [pdc_tf_server.c:393] PDC_SERVER[4]: SCHED: setting CUDA device to 0 for edge 0 func=zfp_compress
[13:55:00.664047] [WARNING] [pdc_tf_server.c:401] PDC_SERVER[4]: SCHED: executing edge 0 func=zfp_compress dev=GPU
[13:55:00.665595] [WARNING] [pdc_tf_server.c:393] PDC_SERVER[14]: SCHED: setting CUDA device to 0 for edge 0 func=zfp_compress
[13:55:00.665625] [WARNING] [pdc_tf_server.c:401] PDC_SERVER[14]: SCHED: executing edge 0 func=zfp_compress dev=GPU
[13:55:00.677008] [WARNING] [pdc_tf_server.c:475] PDC_SERVER[4]: SCHED: done running transformations
[13:55:00.678694] [WARNING] [pdc_tf_server.c:393] PDC_SERVER[11]: SCHED: setting CUDA device to 0 for edge 0 func=zfp_compress
[13:55:00.678722] [WARNING] [pdc_tf_server.c:401] PDC_SERVER[11]: SCHED: executing edge 0 func=zfp_compress dev=GPU
[13:55:00.683755] [WARNING] [pdc_tf_server.c:475] PDC_SERVER[14]: SCHED: done running transformations
[13:55:00.687871] [WARNING] [pdc_tf_server.c:475] PDC_SERVER[11]: SCHED: done running transformations
[13:55:00.793231] [WARNING] [pdc_tf_server.c:393] PDC_SERVER[1]: SCHED: setting CUDA device to 0 for edge 0 func=zfp_compress
[13:55:00.793261] [WARNING] [pdc_tf_server.c:401] PDC_SERVER[1]: SCHED: executing edge 0 func=zfp_compress dev=GPU
[13:55:00.804186] [WARNING] [pdc_tf_server.c:475] PDC_SERVER[1]: SCHED: done running transformations
[13:55:00.828539] [WARNING] [pdc_tf_server.c:393] PDC_SERVER[9]: SCHED: setting CUDA device to 0 for edge 0 func=zfp_compress
[13:55:00.828578] [WARNING] [pdc_tf_server.c:401] PDC_SERVER[9]: SCHED: executing edge 0 func=zfp_compress dev=GPU
[13:55:00.837573] [WARNING] [pdc_tf_server.c:475] PDC_SERVER[9]: SCHED: done running transformations
[13:55:00.844743] [WARNING] [pdc_tf_server.c:393] PDC_SERVER[6]: SCHED: setting CUDA device to 0 for edge 0 func=zfp_compress
[13:55:00.844794] [WARNING] [pdc_tf_server.c:401] PDC_SERVER[6]: SCHED: executing edge 0 func=zfp_compress dev=GPU
[13:55:00.853324] [WARNING] [pdc_tf_server.c:475] PDC_SERVER[6]: SCHED: done running transformations
[13:55:00.855126] [WARNING] [pdc_tf_server.c:393] PDC_SERVER[13]: SCHED: setting CUDA device to 0 for edge 0 func=zfp_compress
[13:55:00.855181] [WARNING] [pdc_tf_server.c:401] PDC_SERVER[13]: SCHED: executing edge 0 func=zfp_compress dev=GPU
[13:55:00.864602] [WARNING] [pdc_tf_server.c:475] PDC_SERVER[13]: SCHED: done running transformations
[13:55:00.868757] [WARNING] [pdc_tf_server.c:393] PDC_SERVER[7]: SCHED: setting CUDA device to 0 for edge 0 func=zfp_compress
[13:55:00.868787] [WARNING] [pdc_tf_server.c:401] PDC_SERVER[7]: SCHED: executing edge 0 func=zfp_compress dev=GPU
[13:55:00.872919] [WARNING] [pdc_tf_server.c:393] PDC_SERVER[10]: SCHED: setting CUDA device to 0 for edge 0 func=zfp_compress
[13:55:00.872956] [WARNING] [pdc_tf_server.c:401] PDC_SERVER[10]: SCHED: executing edge 0 func=zfp_compress dev=GPU
[13:55:00.878409] [WARNING] [pdc_tf_server.c:475] PDC_SERVER[7]: SCHED: done running transformations
[13:55:00.881111] [WARNING] [pdc_tf_server.c:475] PDC_SERVER[10]: SCHED: done running transformations
[13:55:00.912010] [WARNING] [pdc_tf_server.c:393] PDC_SERVER[8]: SCHED: setting CUDA device to 0 for edge 0 func=zfp_compress
[13:55:00.912038] [WARNING] [pdc_tf_server.c:401] PDC_SERVER[8]: SCHED: executing edge 0 func=zfp_compress dev=GPU
[INFO] PDC_SERVER[0]: Executing graph with json filepath /pscratch/sd/n/nlewi26/src/work_space/source/pdc/tf_client/graphs/zfp_gpu.json
[13:55:00.914340] [WARNING] [pdc_tf_server.c:393] PDC_SERVER[0]: SCHED: setting CUDA device to 0 for edge 0 func=zfp_compress
[13:55:00.914354] [WARNING] [pdc_tf_server.c:401] PDC_SERVER[0]: SCHED: executing edge 0 func=zfp_compress dev=GPU
[13:55:00.919493] [WARNING] [pdc_tf_server.c:393] PDC_SERVER[5]: SCHED: setting CUDA device to 0 for edge 0 func=zfp_compress
[13:55:00.919523] [WARNING] [pdc_tf_server.c:401] PDC_SERVER[5]: SCHED: executing edge 0 func=zfp_compress dev=GPU
[13:55:00.921634] [WARNING] [pdc_tf_server.c:475] PDC_SERVER[8]: SCHED: done running transformations
[13:55:00.924005] [WARNING] [pdc_tf_server.c:475] PDC_SERVER[0]: SCHED: done running transformations
[13:55:00.929624] [WARNING] [pdc_tf_server.c:475] PDC_SERVER[5]: SCHED: done running transformations
[13:55:00.939198] [WARNING] [pdc_tf_server.c:393] PDC_SERVER[3]: SCHED: setting CUDA device to 0 for edge 0 func=zfp_compress
[13:55:00.939228] [WARNING] [pdc_tf_server.c:401] PDC_SERVER[3]: SCHED: executing edge 0 func=zfp_compress dev=GPU
[13:55:00.939827] [WARNING] [pdc_tf_server.c:393] PDC_SERVER[12]: SCHED: setting CUDA device to 0 for edge 0 func=zfp_compress
[13:55:00.939857] [WARNING] [pdc_tf_server.c:401] PDC_SERVER[12]: SCHED: executing edge 0 func=zfp_compress dev=GPU
[13:55:00.941886] [WARNING] [pdc_tf_server.c:393] PDC_SERVER[15]: SCHED: setting CUDA device to 0 for edge 0 func=zfp_compress
[13:55:00.941921] [WARNING] [pdc_tf_server.c:401] PDC_SERVER[15]: SCHED: executing edge 0 func=zfp_compress dev=GPU
[13:55:00.949301] [WARNING] [pdc_tf_server.c:475] PDC_SERVER[12]: SCHED: done running transformations
[13:55:00.951095] [WARNING] [pdc_tf_server.c:475] PDC_SERVER[15]: SCHED: done running transformations
[13:55:00.951627] [WARNING] [pdc_tf_server.c:475] PDC_SERVER[3]: SCHED: done running transformations
[13:55:00.961621] [WARNING] [pdc_server_region_cache.c:834] PDC_SERVER[0]: Flushed region via POSIX I/O in 0.314099 s
[13:55:00.961637] [WARNING] [pdc_server_region_cache.c:850] PDC_SERVER[0]: [2026-10-07 13:55:00.961633] Flushed 16.00 / 16.00 MB to storage
[INFO] PDC_SERVER[0]: Region flush iteration took 0.314140 s
[INFO] PDC_SERVER[0]: Starting flush for obj_id 12000000000, ndim=3
[13:55:00.963230] [WARNING] [pdc_server_region_cache.c:823] PDC_SERVER[0]: Region mapping lookup took 0.000000 s
[13:55:00.963235] [WARNING] [pdc_server_region_cache.c:828] PDC_SERVER[0]: No region mapping found for obj_id 12000000000
[13:55:00.968026] [WARNING] [pdc_tf_server.c:393] PDC_SERVER[2]: SCHED: setting CUDA device to 0 for edge 0 func=zfp_compress
[13:55:00.968053] [WARNING] [pdc_tf_server.c:401] PDC_SERVER[2]: SCHED: executing edge 0 func=zfp_compress dev=GPU
[13:55:00.977598] [WARNING] [pdc_tf_server.c:393] PDC_SERVER[4]: SCHED: setting CUDA device to 0 for edge 0 func=zfp_compress
[13:55:00.977625] [WARNING] [pdc_tf_server.c:401] PDC_SERVER[4]: SCHED: executing edge 0 func=zfp_compress dev=GPU
[13:55:00.979441] [WARNING] [pdc_tf_server.c:475] PDC_SERVER[2]: SCHED: done running transformations
[13:55:00.990024] [WARNING] [pdc_tf_server.c:475] PDC_SERVER[4]: SCHED: done running transformations
[13:55:00.991285] [WARNING] [pdc_tf_server.c:393] PDC_SERVER[14]: SCHED: setting CUDA device to 0 for edge 0 func=zfp_compress
[13:55:00.991313] [WARNING] [pdc_tf_server.c:401] PDC_SERVER[14]: SCHED: executing edge 0 func=zfp_compress dev=GPU
[13:55:00.997191] [WARNING] [pdc_tf_server.c:393] PDC_SERVER[11]: SCHED: setting CUDA device to 0 for edge 0 func=zfp_compress
[13:55:00.997225] [WARNING] [pdc_tf_server.c:401] PDC_SERVER[11]: SCHED: executing edge 0 func=zfp_compress dev=GPU
[13:55:01.000778] [WARNING] [pdc_tf_server.c:475] PDC_SERVER[14]: SCHED: done running transformations
[13:55:01.014216] [WARNING] [pdc_tf_server.c:475] PDC_SERVER[11]: SCHED: done running transformations
[13:55:01.104477] [WARNING] [pdc_tf_server.c:393] PDC_SERVER[1]: SCHED: setting CUDA device to 0 for edge 0 func=zfp_compress
[13:55:01.104506] [WARNING] [pdc_tf_server.c:401] PDC_SERVER[1]: SCHED: executing edge 0 func=zfp_compress dev=GPU
[13:55:01.115552] [WARNING] [pdc_tf_server.c:475] PDC_SERVER[1]: SCHED: done running transformations
[13:55:01.135816] [WARNING] [pdc_tf_server.c:393] PDC_SERVER[9]: SCHED: setting CUDA device to 0 for edge 0 func=zfp_compress
[13:55:01.135847] [WARNING] [pdc_tf_server.c:401] PDC_SERVER[9]: SCHED: executing edge 0 func=zfp_compress dev=GPU
[13:55:01.145571] [WARNING] [pdc_tf_server.c:475] PDC_SERVER[9]: SCHED: done running transformations
[13:55:01.162356] [WARNING] [pdc_tf_server.c:393] PDC_SERVER[13]: SCHED: setting CUDA device to 0 for edge 0 func=zfp_compress
[13:55:01.162386] [WARNING] [pdc_tf_server.c:401] PDC_SERVER[13]: SCHED: executing edge 0 func=zfp_compress dev=GPU
[13:55:01.163608] [WARNING] [pdc_tf_server.c:393] PDC_SERVER[6]: SCHED: setting CUDA device to 0 for edge 0 func=zfp_compress
[13:55:01.163639] [WARNING] [pdc_tf_server.c:401] PDC_SERVER[6]: SCHED: executing edge 0 func=zfp_compress dev=GPU
[13:55:01.173627] [WARNING] [pdc_tf_server.c:393] PDC_SERVER[10]: SCHED: setting CUDA device to 0 for edge 0 func=zfp_compress
[13:55:01.173673] [WARNING] [pdc_tf_server.c:401] PDC_SERVER[10]: SCHED: executing edge 0 func=zfp_compress dev=GPU
[13:55:01.173725] [WARNING] [pdc_tf_server.c:475] PDC_SERVER[6]: SCHED: done running transformations
[13:55:01.182585] [WARNING] [pdc_tf_server.c:475] PDC_SERVER[13]: SCHED: done running transformations
[13:55:01.182801] [WARNING] [pdc_tf_server.c:475] PDC_SERVER[10]: SCHED: done running transformations
[13:55:01.188049] [WARNING] [pdc_tf_server.c:393] PDC_SERVER[7]: SCHED: setting CUDA device to 0 for edge 0 func=zfp_compress
[13:55:01.188077] [WARNING] [pdc_tf_server.c:401] PDC_SERVER[7]: SCHED: executing edge 0 func=zfp_compress dev=GPU
[13:55:01.197725] [WARNING] [pdc_tf_server.c:475] PDC_SERVER[7]: SCHED: done running transformations
[13:55:01.224698] [WARNING] [pdc_tf_server.c:393] PDC_SERVER[8]: SCHED: setting CUDA device to 0 for edge 0 func=zfp_compress
[13:55:01.224727] [WARNING] [pdc_tf_server.c:401] PDC_SERVER[8]: SCHED: executing edge 0 func=zfp_compress dev=GPU
[INFO] PDC_SERVER[0]: Executing graph with json filepath /pscratch/sd/n/nlewi26/src/work_space/source/pdc/tf_client/graphs/zfp_gpu.json
[13:55:01.232321] [WARNING] [pdc_tf_server.c:393] PDC_SERVER[0]: SCHED: setting CUDA device to 0 for edge 0 func=zfp_compress
[13:55:01.232345] [WARNING] [pdc_tf_server.c:401] PDC_SERVER[0]: SCHED: executing edge 0 func=zfp_compress dev=GPU
[13:55:01.234098] [WARNING] [pdc_tf_server.c:475] PDC_SERVER[8]: SCHED: done running transformations
[13:55:01.242641] [WARNING] [pdc_tf_server.c:393] PDC_SERVER[5]: SCHED: setting CUDA device to 0 for edge 0 func=zfp_compress
[13:55:01.242670] [WARNING] [pdc_tf_server.c:401] PDC_SERVER[5]: SCHED: executing edge 0 func=zfp_compress dev=GPU
[13:55:01.245389] [WARNING] [pdc_tf_server.c:475] PDC_SERVER[0]: SCHED: done running transformations
[13:55:01.253342] [WARNING] [pdc_tf_server.c:393] PDC_SERVER[12]: SCHED: setting CUDA device to 0 for edge 0 func=zfp_compress
[13:55:01.253371] [WARNING] [pdc_tf_server.c:401] PDC_SERVER[12]: SCHED: executing edge 0 func=zfp_compress dev=GPU
[13:55:01.253698] [WARNING] [pdc_tf_server.c:475] PDC_SERVER[5]: SCHED: done running transformations
[13:55:01.257517] [WARNING] [pdc_tf_server.c:393] PDC_SERVER[3]: SCHED: setting CUDA device to 0 for edge 0 func=zfp_compress
[13:55:01.257550] [WARNING] [pdc_tf_server.c:401] PDC_SERVER[3]: SCHED: executing edge 0 func=zfp_compress dev=GPU
[13:55:01.258512] [WARNING] [pdc_tf_server.c:393] PDC_SERVER[15]: SCHED: setting CUDA device to 0 for edge 0 func=zfp_compress
[13:55:01.258541] [WARNING] [pdc_tf_server.c:401] PDC_SERVER[15]: SCHED: executing edge 0 func=zfp_compress dev=GPU
[13:55:01.262854] [WARNING] [pdc_tf_server.c:475] PDC_SERVER[12]: SCHED: done running transformations
[13:55:01.267544] [WARNING] [pdc_tf_server.c:475] PDC_SERVER[15]: SCHED: done running transformations
[13:55:01.269498] [WARNING] [pdc_tf_server.c:475] PDC_SERVER[3]: SCHED: done running transformations
[13:55:01.280155] [WARNING] [pdc_server_region_cache.c:834] PDC_SERVER[0]: Flushed region via POSIX I/O in 0.316908 s
[13:55:01.280173] [WARNING] [pdc_server_region_cache.c:850] PDC_SERVER[0]: [2026-10-07 13:55:01.280170] Flushed 16.00 / 16.00 MB to storage
[INFO] PDC_SERVER[0]: Region flush iteration took 0.316951 s
[13:55:01.289779] [WARNING] [pdc_tf_server.c:393] PDC_SERVER[2]: SCHED: setting CUDA device to 0 for edge 0 func=zfp_compress
[13:55:01.289812] [WARNING] [pdc_tf_server.c:401] PDC_SERVER[2]: SCHED: executing edge 0 func=zfp_compress dev=GPU
[13:55:01.297035] [WARNING] [pdc_tf_server.c:393] PDC_SERVER[4]: SCHED: setting CUDA device to 0 for edge 0 func=zfp_compress
[13:55:01.297063] [WARNING] [pdc_tf_server.c:401] PDC_SERVER[4]: SCHED: executing edge 0 func=zfp_compress dev=GPU
[13:55:01.299603] [WARNING] [pdc_tf_server.c:475] PDC_SERVER[2]: SCHED: done running transformations
[13:55:01.307109] [WARNING] [pdc_tf_server.c:475] PDC_SERVER[4]: SCHED: done running transformations
[13:55:01.309037] [WARNING] [pdc_tf_server.c:393] PDC_SERVER[14]: SCHED: setting CUDA device to 0 for edge 0 func=zfp_compress
[13:55:01.309076] [WARNING] [pdc_tf_server.c:401] PDC_SERVER[14]: SCHED: executing edge 0 func=zfp_compress dev=GPU
[13:55:01.318114] [WARNING] [pdc_tf_server.c:475] PDC_SERVER[14]: SCHED: done running transformations
[13:55:01.323635] [WARNING] [pdc_tf_server.c:393] PDC_SERVER[11]: SCHED: setting CUDA device to 0 for edge 0 func=zfp_compress
[13:55:01.323700] [WARNING] [pdc_tf_server.c:401] PDC_SERVER[11]: SCHED: executing edge 0 func=zfp_compress dev=GPU
[13:55:01.333079] [WARNING] [pdc_tf_server.c:475] PDC_SERVER[11]: SCHED: done running transformations
[13:55:01.469840] [WARNING] [pdc_tf_server.c:393] PDC_SERVER[6]: SCHED: setting CUDA device to 0 for edge 0 func=zfp_compress
[13:55:01.469870] [WARNING] [pdc_tf_server.c:401] PDC_SERVER[6]: SCHED: executing edge 0 func=zfp_compress dev=GPU
[13:55:01.490328] [WARNING] [pdc_tf_server.c:475] PDC_SERVER[6]: SCHED: done running transformations
[13:55:01.505825] [WARNING] [pdc_tf_server.c:393] PDC_SERVER[7]: SCHED: setting CUDA device to 0 for edge 0 func=zfp_compress
[13:55:01.505880] [WARNING] [pdc_tf_server.c:401] PDC_SERVER[7]: SCHED: executing edge 0 func=zfp_compress dev=GPU
[13:55:01.522962] [WARNING] [pdc_tf_server.c:475] PDC_SERVER[7]: SCHED: done running transformations
[13:55:01.560939] [WARNING] [pdc_tf_server.c:393] PDC_SERVER[5]: SCHED: setting CUDA device to 0 for edge 0 func=zfp_compress
[13:55:01.560966] [WARNING] [pdc_tf_server.c:401] PDC_SERVER[5]: SCHED: executing edge 0 func=zfp_compress dev=GPU
[13:55:01.570082] [WARNING] [pdc_tf_server.c:475] PDC_SERVER[5]: SCHED: done running transformations
[INFO] PDC_SERVER[5]: Fetching region for obj_id=15000000000
[INFO] PDC_SERVER[5]: Checking against Object 10000000000
[INFO] PDC_SERVER[5]: Checking against Object 11000000000
[INFO] PDC_SERVER[5]: Checking against Object 12000000000
[INFO] PDC_SERVER[5]: Object 15000000000 NOT found in cache
[INFO] PDC_SERVER[5]: Fetching region from server for obj_id=15000000000
[INFO] PDC_SERVER[6]: Fetching region for obj_id=15000000000
[INFO] PDC_SERVER[6]: Checking against Object 10000000000
[INFO] PDC_SERVER[6]: Checking against Object 11000000000
[INFO] PDC_SERVER[6]: Checking against Object 12000000000
[INFO] PDC_SERVER[6]: Object 15000000000 NOT found in cache
[INFO] PDC_SERVER[6]: Fetching region from server for obj_id=15000000000
[INFO] PDC_SERVER[12]: Fetching region for obj_id=15000000000
[INFO] PDC_SERVER[12]: Checking against Object 10000000000
[INFO] PDC_SERVER[12]: Checking against Object 11000000000
[INFO] PDC_SERVER[12]: Checking against Object 12000000000
[INFO] PDC_SERVER[12]: Object 15000000000 NOT found in cache
[INFO] PDC_SERVER[12]: Fetching region from server for obj_id=15000000000
[INFO] PDC_SERVER[14]: Fetching region for obj_id=15000000000
[INFO] PDC_SERVER[14]: Checking against Object 10000000000
[INFO] PDC_SERVER[14]: Checking against Object 11000000000
[INFO] PDC_SERVER[14]: Checking against Object 12000000000
[INFO] PDC_SERVER[14]: Object 15000000000 NOT found in cache
[INFO] PDC_SERVER[14]: Fetching region from server for obj_id=15000000000
[INFO] PDC_SERVER[15]: Fetching region for obj_id=15000000000
[INFO] PDC_SERVER[15]: Checking against Object 10000000000
[INFO] PDC_SERVER[15]: Checking against Object 11000000000
[INFO] PDC_SERVER[15]: Checking against Object 12000000000
[INFO] PDC_SERVER[15]: Object 15000000000 NOT found in cache
[INFO] PDC_SERVER[15]: Fetching region from server for obj_id=15000000000
[INFO] PDC_SERVER[11]: Fetching region for obj_id=15000000000
[INFO] PDC_SERVER[11]: Checking against Object 10000000000
[INFO] PDC_SERVER[11]: Checking against Object 11000000000
[INFO] PDC_SERVER[11]: Checking against Object 12000000000
[INFO] PDC_SERVER[11]: Object 15000000000 NOT found in cache
[INFO] PDC_SERVER[11]: Fetching region from server for obj_id=15000000000
[INFO] PDC_SERVER[0]: Fetching region for obj_id=15000000000
[INFO] PDC_SERVER[0]: Checking against Object 10000000000
[INFO] PDC_SERVER[0]: Checking against Object 11000000000
[INFO] PDC_SERVER[0]: Checking against Object 12000000000
[INFO] PDC_SERVER[0]: Object 15000000000 NOT found in cache
[INFO] PDC_SERVER[0]: Fetching region from server for obj_id=15000000000
[INFO] PDC_SERVER[8]: Fetching region for obj_id=15000000000
[INFO] PDC_SERVER[8]: Checking against Object 10000000000
[INFO] PDC_SERVER[8]: Checking against Object 11000000000
[INFO] PDC_SERVER[8]: Checking against Object 12000000000
[INFO] PDC_SERVER[8]: Object 15000000000 NOT found in cache
[INFO] PDC_SERVER[8]: Fetching region from server for obj_id=15000000000
[INFO] PDC_SERVER[1]: Fetching region for obj_id=15000000000
[INFO] PDC_SERVER[1]: Checking against Object 10000000000
[INFO] PDC_SERVER[1]: Checking against Object 11000000000
[INFO] PDC_SERVER[1]: Checking against Object 12000000000
[INFO] PDC_SERVER[1]: Object 15000000000 NOT found in cache
[INFO] PDC_SERVER[1]: Fetching region from server for obj_id=15000000000
[INFO] PDC_SERVER[13]: Fetching region for obj_id=15000000000
[INFO] PDC_SERVER[13]: Checking against Object 10000000000
[INFO] PDC_SERVER[13]: Checking against Object 11000000000
[INFO] PDC_SERVER[13]: Checking against Object 12000000000
[INFO] PDC_SERVER[13]: Object 15000000000 NOT found in cache
[INFO] PDC_SERVER[13]: Fetching region from server for obj_id=15000000000
[INFO] PDC_SERVER[10]: Fetching region for obj_id=15000000000
[INFO] PDC_SERVER[10]: Checking against Object 10000000000
[INFO] PDC_SERVER[10]: Checking against Object 11000000000
[INFO] PDC_SERVER[10]: Checking against Object 12000000000
[INFO] PDC_SERVER[10]: Object 15000000000 NOT found in cache
[INFO] PDC_SERVER[10]: Fetching region from server for obj_id=15000000000
[INFO] PDC_SERVER[2]: Fetching region for obj_id=15000000000
[INFO] PDC_SERVER[2]: Checking against Object 10000000000
[INFO] PDC_SERVER[2]: Checking against Object 11000000000
[INFO] PDC_SERVER[2]: Checking against Object 12000000000
[INFO] PDC_SERVER[2]: Object 15000000000 NOT found in cache
[INFO] PDC_SERVER[2]: Fetching region from server for obj_id=15000000000
[INFO] PDC_SERVER[9]: Fetching region for obj_id=15000000000
[INFO] PDC_SERVER[9]: Checking against Object 10000000000
[INFO] PDC_SERVER[9]: Checking against Object 11000000000
[INFO] PDC_SERVER[9]: Checking against Object 12000000000
[INFO] PDC_SERVER[9]: Object 15000000000 NOT found in cache
[INFO] PDC_SERVER[9]: Fetching region from server for obj_id=15000000000
[INFO] PDC_SERVER[3]: Fetching region for obj_id=15000000000
[INFO] PDC_SERVER[3]: Checking against Object 10000000000
[INFO] PDC_SERVER[3]: Checking against Object 11000000000
[INFO] PDC_SERVER[3]: Checking against Object 12000000000
[INFO] PDC_SERVER[3]: Object 15000000000 NOT found in cache
[INFO] PDC_SERVER[3]: Fetching region from server for obj_id=15000000000
[INFO] PDC_SERVER[7]: Fetching region for obj_id=15000000000
[INFO] PDC_SERVER[7]: Checking against Object 10000000000
[INFO] PDC_SERVER[7]: Checking against Object 11000000000
[INFO] PDC_SERVER[7]: Checking against Object 12000000000
[INFO] PDC_SERVER[7]: Object 15000000000 NOT found in cache
[INFO] PDC_SERVER[7]: Fetching region from server for obj_id=15000000000
[INFO] PDC_SERVER[4]: Fetching region for obj_id=15000000000
[INFO] PDC_SERVER[4]: Checking against Object 10000000000
[INFO] PDC_SERVER[4]: Checking against Object 11000000000
[INFO] PDC_SERVER[4]: Checking against Object 12000000000
[INFO] PDC_SERVER[4]: Object 15000000000 NOT found in cache
[INFO] PDC_SERVER[4]: Fetching region from server for obj_id=15000000000
[13:55:01.629533] [WARNING] [pdc_tf_server.c:393] PDC_SERVER[5]: SCHED: setting CUDA device to 0 for edge 0 func=zfp_decompress
[13:55:01.629555] [WARNING] [pdc_tf_server.c:401] PDC_SERVER[5]: SCHED: executing edge 0 func=zfp_decompress dev=GPU
[13:55:01.631942] [WARNING] [pdc_tf_server.c:393] PDC_SERVER[8]: SCHED: setting CUDA device to 0 for edge 0 func=zfp_decompress
[13:55:01.631960] [WARNING] [pdc_tf_server.c:401] PDC_SERVER[8]: SCHED: executing edge 0 func=zfp_decompress dev=GPU
[INFO] PDC_SERVER[0]: Executing graph with json filepath /pscratch/sd/n/nlewi26/src/work_space/source/pdc/tf_client/graphs/zfp_gpu.json
[13:55:01.632496] [WARNING] [pdc_tf_server.c:393] PDC_SERVER[0]: SCHED: setting CUDA device to 0 for edge 0 func=zfp_decompress
[13:55:01.632509] [WARNING] [pdc_tf_server.c:401] PDC_SERVER[0]: SCHED: executing edge 0 func=zfp_decompress dev=GPU
[13:55:01.632797] [WARNING] [pdc_tf_server.c:393] PDC_SERVER[14]: SCHED: setting CUDA device to 0 for edge 0 func=zfp_decompress
[13:55:01.632819] [WARNING] [pdc_tf_server.c:401] PDC_SERVER[14]: SCHED: executing edge 0 func=zfp_decompress dev=GPU
[13:55:01.632905] [WARNING] [pdc_tf_server.c:393] PDC_SERVER[13]: SCHED: setting CUDA device to 0 for edge 0 func=zfp_decompress
[13:55:01.632922] [WARNING] [pdc_tf_server.c:401] PDC_SERVER[13]: SCHED: executing edge 0 func=zfp_decompress dev=GPU
[13:55:01.633415] [WARNING] [pdc_tf_server.c:393] PDC_SERVER[9]: SCHED: setting CUDA device to 0 for edge 0 func=zfp_decompress
[13:55:01.633427] [WARNING] [pdc_tf_server.c:393] PDC_SERVER[15]: SCHED: setting CUDA device to 0 for edge 0 func=zfp_decompress
[13:55:01.633450] [WARNING] [pdc_tf_server.c:401] PDC_SERVER[15]: SCHED: executing edge 0 func=zfp_decompress dev=GPU
[13:55:01.633460] [WARNING] [pdc_tf_server.c:401] PDC_SERVER[9]: SCHED: executing edge 0 func=zfp_decompress dev=GPU
[13:55:01.633741] [WARNING] [pdc_tf_server.c:393] PDC_SERVER[6]: SCHED: setting CUDA device to 0 for edge 0 func=zfp_decompress
[13:55:01.633767] [WARNING] [pdc_tf_server.c:401] PDC_SERVER[6]: SCHED: executing edge 0 func=zfp_decompress dev=GPU
[13:55:01.634788] [WARNING] [pdc_tf_server.c:393] PDC_SERVER[12]: SCHED: setting CUDA device to 0 for edge 0 func=zfp_decompress
[13:55:01.634812] [WARNING] [pdc_tf_server.c:401] PDC_SERVER[12]: SCHED: executing edge 0 func=zfp_decompress dev=GPU
[13:55:01.635161] [WARNING] [pdc_tf_server.c:393] PDC_SERVER[7]: SCHED: setting CUDA device to 0 for edge 0 func=zfp_decompress
[13:55:01.635188] [WARNING] [pdc_tf_server.c:401] PDC_SERVER[7]: SCHED: executing edge 0 func=zfp_decompress dev=GPU
[13:55:01.636296] [WARNING] [pdc_tf_server.c:393] PDC_SERVER[1]: SCHED: setting CUDA device to 0 for edge 0 func=zfp_decompress
[13:55:01.636316] [WARNING] [pdc_tf_server.c:401] PDC_SERVER[1]: SCHED: executing edge 0 func=zfp_decompress dev=GPU
[13:55:01.636591] [WARNING] [pdc_tf_server.c:393] PDC_SERVER[4]: SCHED: setting CUDA device to 0 for edge 0 func=zfp_decompress
[13:55:01.636609] [WARNING] [pdc_tf_server.c:401] PDC_SERVER[4]: SCHED: executing edge 0 func=zfp_decompress dev=GPU
[13:55:01.636579] [WARNING] [pdc_tf_server.c:393] PDC_SERVER[11]: SCHED: setting CUDA device to 0 for edge 0 func=zfp_decompress
[13:55:01.636606] [WARNING] [pdc_tf_server.c:401] PDC_SERVER[11]: SCHED: executing edge 0 func=zfp_decompress dev=GPU
[13:55:01.637872] [WARNING] [pdc_tf_server.c:393] PDC_SERVER[10]: SCHED: setting CUDA device to 0 for edge 0 func=zfp_decompress
[13:55:01.637901] [WARNING] [pdc_tf_server.c:401] PDC_SERVER[10]: SCHED: executing edge 0 func=zfp_decompress dev=GPU
[13:55:01.640476] [WARNING] [pdc_tf_server.c:393] PDC_SERVER[3]: SCHED: setting CUDA device to 0 for edge 0 func=zfp_decompress
[13:55:01.640517] [WARNING] [pdc_tf_server.c:401] PDC_SERVER[3]: SCHED: executing edge 0 func=zfp_decompress dev=GPU
[13:55:01.641056] [WARNING] [pdc_tf_server.c:393] PDC_SERVER[2]: SCHED: setting CUDA device to 0 for edge 0 func=zfp_decompress
[13:55:01.641071] [WARNING] [pdc_tf_server.c:401] PDC_SERVER[2]: SCHED: executing edge 0 func=zfp_decompress dev=GPU
[13:55:01.641538] [WARNING] [pdc_tf_server.c:475] PDC_SERVER[5]: SCHED: done running transformations
[13:55:01.641554] [WARNING] [pdc_tf_server.c:475] PDC_SERVER[8]: SCHED: done running transformations
[13:55:01.643031] [WARNING] [pdc_tf_server.c:475] PDC_SERVER[9]: SCHED: done running transformations
[13:55:01.643589] [WARNING] [pdc_tf_server.c:475] PDC_SERVER[6]: SCHED: done running transformations
[INFO] PDC_SERVER[9]: Fetching region for obj_id=15000000000
[INFO] PDC_SERVER[9]: Checking against Object 10000000000
[INFO] PDC_SERVER[9]: Checking against Object 11000000000
[INFO] PDC_SERVER[9]: Checking against Object 12000000000
[INFO] PDC_SERVER[9]: Object 15000000000 NOT found in cache
[INFO] PDC_SERVER[9]: Fetching region from server for obj_id=15000000000
[INFO] PDC_SERVER[8]: Fetching region for obj_id=15000000000
[INFO] PDC_SERVER[8]: Checking against Object 10000000000
[INFO] PDC_SERVER[8]: Checking against Object 11000000000
[INFO] PDC_SERVER[8]: Checking against Object 12000000000
[INFO] PDC_SERVER[8]: Object 15000000000 NOT found in cache
[INFO] PDC_SERVER[8]: Fetching region from server for obj_id=15000000000
[13:55:01.646592] [WARNING] [pdc_tf_server.c:475] PDC_SERVER[7]: SCHED: done running transformations
[13:55:01.648015] [WARNING] [pdc_tf_server.c:475] PDC_SERVER[11]: SCHED: done running transformations
[13:55:01.648416] [WARNING] [pdc_tf_server.c:475] PDC_SERVER[13]: SCHED: done running transformations
[13:55:01.648873] [WARNING] [pdc_tf_server.c:475] PDC_SERVER[15]: SCHED: done running transformations
[INFO] PDC_SERVER[5]: Fetching region for obj_id=15000000000
[INFO] PDC_SERVER[5]: Checking against Object 10000000000
[INFO] PDC_SERVER[5]: Checking against Object 11000000000
[INFO] PDC_SERVER[5]: Checking against Object 12000000000
[INFO] PDC_SERVER[5]: Object 15000000000 NOT found in cache
[INFO] PDC_SERVER[5]: Fetching region from server for obj_id=15000000000
[13:55:01.649313] [WARNING] [pdc_tf_server.c:475] PDC_SERVER[4]: SCHED: done running transformations
[13:55:01.649310] [WARNING] [pdc_tf_server.c:475] PDC_SERVER[12]: SCHED: done running transformations
[INFO] PDC_SERVER[6]: Fetching region for obj_id=15000000000
[INFO] PDC_SERVER[6]: Checking against Object 10000000000
[INFO] PDC_SERVER[6]: Checking against Object 11000000000
[INFO] PDC_SERVER[6]: Checking against Object 12000000000
[INFO] PDC_SERVER[6]: Object 15000000000 NOT found in cache
[INFO] PDC_SERVER[6]: Fetching region from server for obj_id=15000000000
[INFO] PDC_SERVER[15]: Fetching region for obj_id=15000000000
[INFO] PDC_SERVER[15]: Checking against Object 10000000000
[INFO] PDC_SERVER[15]: Checking against Object 11000000000
[INFO] PDC_SERVER[15]: Checking against Object 12000000000
[INFO] PDC_SERVER[15]: Object 15000000000 NOT found in cache
[INFO] PDC_SERVER[15]: Fetching region from server for obj_id=15000000000
[INFO] PDC_SERVER[11]: Fetching region for obj_id=15000000000
[INFO] PDC_SERVER[11]: Checking against Object 10000000000
[INFO] PDC_SERVER[11]: Checking against Object 11000000000
[INFO] PDC_SERVER[11]: Checking against Object 12000000000
[INFO] PDC_SERVER[11]: Object 15000000000 NOT found in cache
[INFO] PDC_SERVER[11]: Fetching region from server for obj_id=15000000000
[13:55:01.651950] [WARNING] [pdc_tf_server.c:475] PDC_SERVER[14]: SCHED: done running transformations
[INFO] PDC_SERVER[12]: Fetching region for obj_id=15000000000
[INFO] PDC_SERVER[12]: Checking against Object 10000000000
[INFO] PDC_SERVER[12]: Checking against Object 11000000000
[INFO] PDC_SERVER[12]: Checking against Object 12000000000
[INFO] PDC_SERVER[12]: Object 15000000000 NOT found in cache
[INFO] PDC_SERVER[12]: Fetching region from server for obj_id=15000000000
[INFO] PDC_SERVER[7]: Fetching region for obj_id=15000000000
[INFO] PDC_SERVER[7]: Checking against Object 10000000000
[INFO] PDC_SERVER[7]: Checking against Object 11000000000
[INFO] PDC_SERVER[7]: Checking against Object 12000000000
[INFO] PDC_SERVER[7]: Object 15000000000 NOT found in cache
[INFO] PDC_SERVER[7]: Fetching region from server for obj_id=15000000000
[INFO] PDC_SERVER[13]: Fetching region for obj_id=15000000000
[INFO] PDC_SERVER[13]: Checking against Object 10000000000
[INFO] PDC_SERVER[13]: Checking against Object 11000000000
[INFO] PDC_SERVER[13]: Checking against Object 12000000000
[INFO] PDC_SERVER[13]: Object 15000000000 NOT found in cache
[INFO] PDC_SERVER[13]: Fetching region from server for obj_id=15000000000
[13:55:01.654579] [WARNING] [pdc_tf_server.c:475] PDC_SERVER[10]: SCHED: done running transformations
[13:55:01.654586] [WARNING] [pdc_tf_server.c:475] PDC_SERVER[0]: SCHED: done running transformations
[INFO] PDC_SERVER[14]: Fetching region for obj_id=15000000000
[INFO] PDC_SERVER[14]: Checking against Object 10000000000
[INFO] PDC_SERVER[14]: Checking against Object 11000000000
[INFO] PDC_SERVER[14]: Checking against Object 12000000000
[INFO] PDC_SERVER[14]: Object 15000000000 NOT found in cache
[INFO] PDC_SERVER[14]: Fetching region from server for obj_id=15000000000
[INFO] PDC_SERVER[4]: Fetching region for obj_id=15000000000
[INFO] PDC_SERVER[4]: Checking against Object 10000000000
[INFO] PDC_SERVER[4]: Checking against Object 11000000000
[INFO] PDC_SERVER[4]: Checking against Object 12000000000
[INFO] PDC_SERVER[4]: Object 15000000000 NOT found in cache
[INFO] PDC_SERVER[4]: Fetching region from server for obj_id=15000000000
[13:55:01.658746] [WARNING] [pdc_tf_server.c:475] PDC_SERVER[1]: SCHED: done running transformations
[INFO] PDC_SERVER[0]: Fetching region for obj_id=15000000000
[INFO] PDC_SERVER[0]: Checking against Object 10000000000
[INFO] PDC_SERVER[0]: Checking against Object 11000000000
[INFO] PDC_SERVER[0]: Checking against Object 12000000000
[INFO] PDC_SERVER[0]: Object 15000000000 NOT found in cache
[INFO] PDC_SERVER[0]: Fetching region from server for obj_id=15000000000
[INFO] PDC_SERVER[10]: Fetching region for obj_id=15000000000
[INFO] PDC_SERVER[10]: Checking against Object 10000000000
[INFO] PDC_SERVER[10]: Checking against Object 11000000000
[INFO] PDC_SERVER[10]: Checking against Object 12000000000
[INFO] PDC_SERVER[10]: Object 15000000000 NOT found in cache
[INFO] PDC_SERVER[10]: Fetching region from server for obj_id=15000000000
[13:55:01.661740] [WARNING] [pdc_tf_server.c:393] PDC_SERVER[9]: SCHED: setting CUDA device to 0 for edge 0 func=zfp_decompress
[13:55:01.661759] [WARNING] [pdc_tf_server.c:401] PDC_SERVER[9]: SCHED: executing edge 0 func=zfp_decompress dev=GPU
[13:55:01.662727] [WARNING] [pdc_tf_server.c:393] PDC_SERVER[8]: SCHED: setting CUDA device to 0 for edge 0 func=zfp_decompress
[13:55:01.662748] [WARNING] [pdc_tf_server.c:401] PDC_SERVER[8]: SCHED: executing edge 0 func=zfp_decompress dev=GPU
[INFO] PDC_SERVER[1]: Fetching region for obj_id=15000000000
[INFO] PDC_SERVER[1]: Checking against Object 10000000000
[INFO] PDC_SERVER[1]: Checking against Object 11000000000
[INFO] PDC_SERVER[1]: Checking against Object 12000000000
[INFO] PDC_SERVER[1]: Object 15000000000 NOT found in cache
[INFO] PDC_SERVER[1]: Fetching region from server for obj_id=15000000000
[13:55:01.666623] [WARNING] [pdc_tf_server.c:393] PDC_SERVER[6]: SCHED: setting CUDA device to 0 for edge 0 func=zfp_decompress
[13:55:01.666642] [WARNING] [pdc_tf_server.c:401] PDC_SERVER[6]: SCHED: executing edge 0 func=zfp_decompress dev=GPU
[13:55:01.666935] [WARNING] [pdc_tf_server.c:393] PDC_SERVER[5]: SCHED: setting CUDA device to 0 for edge 0 func=zfp_decompress
[13:55:01.666958] [WARNING] [pdc_tf_server.c:401] PDC_SERVER[5]: SCHED: executing edge 0 func=zfp_decompress dev=GPU
[13:55:01.667149] [WARNING] [pdc_tf_server.c:393] PDC_SERVER[15]: SCHED: setting CUDA device to 0 for edge 0 func=zfp_decompress
[13:55:01.667168] [WARNING] [pdc_tf_server.c:401] PDC_SERVER[15]: SCHED: executing edge 0 func=zfp_decompress dev=GPU
[13:55:01.667786] [WARNING] [pdc_tf_server.c:393] PDC_SERVER[11]: SCHED: setting CUDA device to 0 for edge 0 func=zfp_decompress
[13:55:01.667813] [WARNING] [pdc_tf_server.c:401] PDC_SERVER[11]: SCHED: executing edge 0 func=zfp_decompress dev=GPU
[13:55:01.669722] [WARNING] [pdc_tf_server.c:393] PDC_SERVER[12]: SCHED: setting CUDA device to 0 for edge 0 func=zfp_decompress
[13:55:01.669736] [WARNING] [pdc_tf_server.c:401] PDC_SERVER[12]: SCHED: executing edge 0 func=zfp_decompress dev=GPU
[13:55:01.670515] [WARNING] [pdc_tf_server.c:393] PDC_SERVER[7]: SCHED: setting CUDA device to 0 for edge 0 func=zfp_decompress
[13:55:01.670533] [WARNING] [pdc_tf_server.c:401] PDC_SERVER[7]: SCHED: executing edge 0 func=zfp_decompress dev=GPU
[13:55:01.670687] [WARNING] [pdc_tf_server.c:393] PDC_SERVER[13]: SCHED: setting CUDA device to 0 for edge 0 func=zfp_decompress
[13:55:01.670719] [WARNING] [pdc_tf_server.c:401] PDC_SERVER[13]: SCHED: executing edge 0 func=zfp_decompress dev=GPU
[13:55:01.671219] [WARNING] [pdc_tf_server.c:475] PDC_SERVER[9]: SCHED: done running transformations
[13:55:01.672541] [WARNING] [pdc_tf_server.c:475] PDC_SERVER[8]: SCHED: done running transformations
[13:55:01.672973] [WARNING] [pdc_tf_server.c:393] PDC_SERVER[14]: SCHED: setting CUDA device to 0 for edge 0 func=zfp_decompress
[13:55:01.672996] [WARNING] [pdc_tf_server.c:401] PDC_SERVER[14]: SCHED: executing edge 0 func=zfp_decompress dev=GPU
[INFO] PDC_SERVER[0]: Executing graph with json filepath /pscratch/sd/n/nlewi26/src/work_space/source/pdc/tf_client/graphs/zfp_gpu.json
[13:55:01.674763] [WARNING] [pdc_tf_server.c:393] PDC_SERVER[0]: SCHED: setting CUDA device to 0 for edge 0 func=zfp_decompress
[13:55:01.674773] [WARNING] [pdc_tf_server.c:401] PDC_SERVER[0]: SCHED: executing edge 0 func=zfp_decompress dev=GPU
[13:55:01.675328] [WARNING] [pdc_tf_server.c:393] PDC_SERVER[4]: SCHED: setting CUDA device to 0 for edge 0 func=zfp_decompress
[13:55:01.675356] [WARNING] [pdc_tf_server.c:401] PDC_SERVER[4]: SCHED: executing edge 0 func=zfp_decompress dev=GPU
[13:55:01.675616] [WARNING] [pdc_tf_server.c:475] PDC_SERVER[2]: SCHED: done running transformations
[INFO] PDC_SERVER[9]: Fetching region for obj_id=15000000000
[INFO] PDC_SERVER[9]: Checking against Object 10000000000
[INFO] PDC_SERVER[9]: Checking against Object 11000000000
[INFO] PDC_SERVER[9]: Checking against Object 12000000000
[INFO] PDC_SERVER[9]: Object 15000000000 NOT found in cache
[INFO] PDC_SERVER[9]: Fetching region from server for obj_id=15000000000
[13:55:01.676170] [WARNING] [pdc_tf_server.c:393] PDC_SERVER[10]: SCHED: setting CUDA device to 0 for edge 0 func=zfp_decompress
[13:55:01.676194] [WARNING] [pdc_tf_server.c:401] PDC_SERVER[10]: SCHED: executing edge 0 func=zfp_decompress dev=GPU
[13:55:01.676564] [WARNING] [pdc_tf_server.c:475] PDC_SERVER[6]: SCHED: done running transformations
[13:55:01.676834] [WARNING] [pdc_tf_server.c:475] PDC_SERVER[11]: SCHED: done running transformations
[13:55:01.677115] [WARNING] [pdc_tf_server.c:475] PDC_SERVER[3]: SCHED: done running transformations
[INFO] PDC_SERVER[8]: Fetching region for obj_id=15000000000
[INFO] PDC_SERVER[8]: Checking against Object 10000000000
[INFO] PDC_SERVER[8]: Checking against Object 11000000000
[INFO] PDC_SERVER[8]: Checking against Object 12000000000
[INFO] PDC_SERVER[8]: Object 15000000000 NOT found in cache
[INFO] PDC_SERVER[8]: Fetching region from server for obj_id=15000000000
[13:55:01.677992] [WARNING] [pdc_tf_server.c:475] PDC_SERVER[5]: SCHED: done running transformations
[13:55:01.678505] [WARNING] [pdc_tf_server.c:475] PDC_SERVER[15]: SCHED: done running transformations
[13:55:01.678708] [WARNING] [pdc_tf_server.c:475] PDC_SERVER[12]: SCHED: done running transformations
[13:55:01.678966] [WARNING] [pdc_tf_server.c:393] PDC_SERVER[1]: SCHED: setting CUDA device to 0 for edge 0 func=zfp_decompress
[13:55:01.678982] [WARNING] [pdc_tf_server.c:401] PDC_SERVER[1]: SCHED: executing edge 0 func=zfp_decompress dev=GPU
[INFO] PDC_SERVER[3]: Fetching region for obj_id=15000000000
[INFO] PDC_SERVER[3]: Checking against Object 10000000000
[INFO] PDC_SERVER[3]: Checking against Object 11000000000
[INFO] PDC_SERVER[3]: Checking against Object 12000000000
[INFO] PDC_SERVER[3]: Object 15000000000 NOT found in cache
[INFO] PDC_SERVER[3]: Fetching region from server for obj_id=15000000000
[13:55:01.680131] [WARNING] [pdc_tf_server.c:475] PDC_SERVER[7]: SCHED: done running transformations
[13:55:01.680498] [WARNING] [pdc_tf_server.c:475] PDC_SERVER[13]: SCHED: done running transformations
[INFO] PDC_SERVER[6]: Fetching region for obj_id=15000000000
[INFO] PDC_SERVER[6]: Checking against Object 10000000000
[INFO] PDC_SERVER[6]: Checking against Object 11000000000
[INFO] PDC_SERVER[6]: Checking against Object 12000000000
[INFO] PDC_SERVER[6]: Object 15000000000 NOT found in cache
[INFO] PDC_SERVER[6]: Fetching region from server for obj_id=15000000000
[INFO] PDC_SERVER[2]: Fetching region for obj_id=15000000000
[INFO] PDC_SERVER[2]: Checking against Object 10000000000
[INFO] PDC_SERVER[2]: Checking against Object 11000000000
[INFO] PDC_SERVER[2]: Checking against Object 12000000000
[INFO] PDC_SERVER[2]: Object 15000000000 NOT found in cache
[INFO] PDC_SERVER[2]: Fetching region from server for obj_id=15000000000
[13:55:01.682434] [WARNING] [pdc_tf_server.c:475] PDC_SERVER[14]: SCHED: done running transformations
[INFO] PDC_SERVER[11]: Fetching region for obj_id=15000000000
[INFO] PDC_SERVER[11]: Checking against Object 10000000000
[INFO] PDC_SERVER[11]: Checking against Object 11000000000
[INFO] PDC_SERVER[11]: Checking against Object 12000000000
[INFO] PDC_SERVER[11]: Object 15000000000 NOT found in cache
[INFO] PDC_SERVER[11]: Fetching region from server for obj_id=15000000000
[INFO] PDC_SERVER[15]: Fetching region for obj_id=15000000000
[INFO] PDC_SERVER[15]: Checking against Object 10000000000
[INFO] PDC_SERVER[15]: Checking against Object 11000000000
[INFO] PDC_SERVER[15]: Checking against Object 12000000000
[INFO] PDC_SERVER[15]: Object 15000000000 NOT found in cache
[INFO] PDC_SERVER[15]: Fetching region from server for obj_id=15000000000
[INFO] PDC_SERVER[12]: Fetching region for obj_id=15000000000
[INFO] PDC_SERVER[12]: Checking against Object 10000000000
[INFO] PDC_SERVER[12]: Checking against Object 11000000000
[INFO] PDC_SERVER[12]: Checking against Object 12000000000
[INFO] PDC_SERVER[12]: Object 15000000000 NOT found in cache
[INFO] PDC_SERVER[12]: Fetching region from server for obj_id=15000000000
[INFO] PDC_SERVER[7]: Fetching region for obj_id=15000000000
[INFO] PDC_SERVER[7]: Checking against Object 10000000000
[INFO] PDC_SERVER[7]: Checking against Object 11000000000
[INFO] PDC_SERVER[7]: Checking against Object 12000000000
[INFO] PDC_SERVER[7]: Object 15000000000 NOT found in cache
[INFO] PDC_SERVER[7]: Fetching region from server for obj_id=15000000000
[INFO] PDC_SERVER[5]: Fetching region for obj_id=15000000000
[INFO] PDC_SERVER[5]: Checking against Object 10000000000
[INFO] PDC_SERVER[5]: Checking against Object 11000000000
[INFO] PDC_SERVER[5]: Checking against Object 12000000000
[INFO] PDC_SERVER[5]: Object 15000000000 NOT found in cache
[INFO] PDC_SERVER[5]: Fetching region from server for obj_id=15000000000
[INFO] PDC_SERVER[13]: Fetching region for obj_id=15000000000
[INFO] PDC_SERVER[13]: Checking against Object 10000000000
[INFO] PDC_SERVER[13]: Checking against Object 11000000000
[INFO] PDC_SERVER[13]: Checking against Object 12000000000
[INFO] PDC_SERVER[13]: Object 15000000000 NOT found in cache
[INFO] PDC_SERVER[13]: Fetching region from server for obj_id=15000000000
[13:55:01.686621] [WARNING] [pdc_tf_server.c:475] PDC_SERVER[10]: SCHED: done running transformations
[INFO] PDC_SERVER[14]: Fetching region for obj_id=15000000000
[INFO] PDC_SERVER[14]: Checking against Object 10000000000
[INFO] PDC_SERVER[14]: Checking against Object 11000000000
[INFO] PDC_SERVER[14]: Checking against Object 12000000000
[INFO] PDC_SERVER[14]: Object 15000000000 NOT found in cache
[INFO] PDC_SERVER[14]: Fetching region from server for obj_id=15000000000
[13:55:01.689181] [WARNING] [pdc_tf_server.c:475] PDC_SERVER[0]: SCHED: done running transformations
[13:55:01.691505] [WARNING] [pdc_tf_server.c:393] PDC_SERVER[9]: SCHED: setting CUDA device to 0 for edge 0 func=zfp_decompress
[13:55:01.691520] [WARNING] [pdc_tf_server.c:401] PDC_SERVER[9]: SCHED: executing edge 0 func=zfp_decompress dev=GPU
[INFO] PDC_SERVER[10]: Fetching region for obj_id=15000000000
[INFO] PDC_SERVER[10]: Checking against Object 10000000000
[INFO] PDC_SERVER[10]: Checking against Object 11000000000
[INFO] PDC_SERVER[10]: Checking against Object 12000000000
[INFO] PDC_SERVER[10]: Object 15000000000 NOT found in cache
[INFO] PDC_SERVER[10]: Fetching region from server for obj_id=15000000000
[13:55:01.693331] [WARNING] [pdc_tf_server.c:475] PDC_SERVER[1]: SCHED: done running transformations
[13:55:01.693510] [WARNING] [pdc_tf_server.c:393] PDC_SERVER[8]: SCHED: setting CUDA device to 0 for edge 0 func=zfp_decompress
[13:55:01.693526] [WARNING] [pdc_tf_server.c:401] PDC_SERVER[8]: SCHED: executing edge 0 func=zfp_decompress dev=GPU
[13:55:01.693809] [WARNING] [pdc_tf_server.c:475] PDC_SERVER[4]: SCHED: done running transformations
[INFO] PDC_SERVER[0]: Fetching region for obj_id=15000000000
[INFO] PDC_SERVER[0]: Checking against Object 10000000000
[INFO] PDC_SERVER[0]: Checking against Object 11000000000
[INFO] PDC_SERVER[0]: Checking against Object 12000000000
[INFO] PDC_SERVER[0]: Object 15000000000 NOT found in cache
[INFO] PDC_SERVER[0]: Fetching region from server for obj_id=15000000000
[13:55:01.696035] [WARNING] [pdc_tf_server.c:393] PDC_SERVER[3]: SCHED: setting CUDA device to 0 for edge 0 func=zfp_decompress
[13:55:01.696059] [WARNING] [pdc_tf_server.c:401] PDC_SERVER[3]: SCHED: executing edge 0 func=zfp_decompress dev=GPU
[13:55:01.698019] [WARNING] [pdc_tf_server.c:393] PDC_SERVER[2]: SCHED: setting CUDA device to 0 for edge 0 func=zfp_decompress
[13:55:01.698043] [WARNING] [pdc_tf_server.c:401] PDC_SERVER[2]: SCHED: executing edge 0 func=zfp_decompress dev=GPU
[INFO] PDC_SERVER[1]: Fetching region for obj_id=15000000000
[INFO] PDC_SERVER[1]: Checking against Object 10000000000
[INFO] PDC_SERVER[1]: Checking against Object 11000000000
[INFO] PDC_SERVER[1]: Checking against Object 12000000000
[INFO] PDC_SERVER[1]: Object 15000000000 NOT found in cache
[INFO] PDC_SERVER[1]: Fetching region from server for obj_id=15000000000
[13:55:01.698800] [WARNING] [pdc_tf_server.c:393] PDC_SERVER[11]: SCHED: setting CUDA device to 0 for edge 0 func=zfp_decompress
[13:55:01.698817] [WARNING] [pdc_tf_server.c:401] PDC_SERVER[11]: SCHED: executing edge 0 func=zfp_decompress dev=GPU
[13:55:01.699517] [WARNING] [pdc_tf_server.c:393] PDC_SERVER[12]: SCHED: setting CUDA device to 0 for edge 0 func=zfp_decompress
[13:55:01.699537] [WARNING] [pdc_tf_server.c:401] PDC_SERVER[12]: SCHED: executing edge 0 func=zfp_decompress dev=GPU
[13:55:01.699553] [WARNING] [pdc_tf_server.c:393] PDC_SERVER[15]: SCHED: setting CUDA device to 0 for edge 0 func=zfp_decompress
[13:55:01.699571] [WARNING] [pdc_tf_server.c:401] PDC_SERVER[15]: SCHED: executing edge 0 func=zfp_decompress dev=GPU
[13:55:01.699726] [WARNING] [pdc_tf_server.c:475] PDC_SERVER[9]: SCHED: done running transformations
[INFO] PDC_SERVER[4]: Fetching region for obj_id=15000000000
[INFO] PDC_SERVER[4]: Checking against Object 10000000000
[INFO] PDC_SERVER[4]: Checking against Object 11000000000
[INFO] PDC_SERVER[4]: Checking against Object 12000000000
[INFO] PDC_SERVER[4]: Object 15000000000 NOT found in cache
[INFO] PDC_SERVER[4]: Fetching region from server for obj_id=15000000000
[13:55:01.701898] [WARNING] [pdc_tf_server.c:393] PDC_SERVER[7]: SCHED: setting CUDA device to 0 for edge 0 func=zfp_decompress
[13:55:01.701915] [WARNING] [pdc_tf_server.c:401] PDC_SERVER[7]: SCHED: executing edge 0 func=zfp_decompress dev=GPU
[13:55:01.702269] [WARNING] [pdc_tf_server.c:393] PDC_SERVER[6]: SCHED: setting CUDA device to 0 for edge 0 func=zfp_decompress
[13:55:01.702283] [WARNING] [pdc_tf_server.c:401] PDC_SERVER[6]: SCHED: executing edge 0 func=zfp_decompress dev=GPU
[13:55:01.703618] [WARNING] [pdc_tf_server.c:393] PDC_SERVER[14]: SCHED: setting CUDA device to 0 for edge 0 func=zfp_decompress
[13:55:01.703653] [WARNING] [pdc_tf_server.c:401] PDC_SERVER[14]: SCHED: executing edge 0 func=zfp_decompress dev=GPU
[13:55:01.704116] [WARNING] [pdc_tf_server.c:475] PDC_SERVER[8]: SCHED: done running transformations
[13:55:01.704292] [WARNING] [pdc_tf_server.c:393] PDC_SERVER[5]: SCHED: setting CUDA device to 0 for edge 0 func=zfp_decompress
[13:55:01.704312] [WARNING] [pdc_tf_server.c:401] PDC_SERVER[5]: SCHED: executing edge 0 func=zfp_decompress dev=GPU
[INFO] PDC_SERVER[9]: Fetching region for obj_id=15000000000
[INFO] PDC_SERVER[9]: Checking against Object 10000000000
[INFO] PDC_SERVER[9]: Checking against Object 11000000000
[INFO] PDC_SERVER[9]: Checking against Object 12000000000
[INFO] PDC_SERVER[9]: Object 15000000000 NOT found in cache
[INFO] PDC_SERVER[9]: Fetching region from server for obj_id=15000000000
[13:55:01.707608] [WARNING] [pdc_tf_server.c:393] PDC_SERVER[13]: SCHED: setting CUDA device to 0 for edge 0 func=zfp_decompress
[13:55:01.707629] [WARNING] [pdc_tf_server.c:401] PDC_SERVER[13]: SCHED: executing edge 0 func=zfp_decompress dev=GPU
[INFO] PDC_SERVER[8]: Fetching region for obj_id=15000000000
[INFO] PDC_SERVER[8]: Checking against Object 10000000000
[INFO] PDC_SERVER[8]: Checking against Object 11000000000
[INFO] PDC_SERVER[8]: Checking against Object 12000000000
[INFO] PDC_SERVER[8]: Object 15000000000 NOT found in cache
[INFO] PDC_SERVER[8]: Fetching region from server for obj_id=15000000000
[13:55:01.708524] [WARNING] [pdc_tf_server.c:393] PDC_SERVER[10]: SCHED: setting CUDA device to 0 for edge 0 func=zfp_decompress
[13:55:01.708548] [WARNING] [pdc_tf_server.c:401] PDC_SERVER[10]: SCHED: executing edge 0 func=zfp_decompress dev=GPU
[13:55:01.708845] [WARNING] [pdc_tf_server.c:475] PDC_SERVER[12]: SCHED: done running transformations
[13:55:01.709112] [WARNING] [pdc_tf_server.c:475] PDC_SERVER[15]: SCHED: done running transformations
[13:55:01.709320] [WARNING] [pdc_tf_server.c:475] PDC_SERVER[11]: SCHED: done running transformations
[INFO] PDC_SERVER[0]: Executing graph with json filepath /pscratch/sd/n/nlewi26/src/work_space/source/pdc/tf_client/graphs/zfp_gpu.json
[13:55:01.709673] [WARNING] [pdc_tf_server.c:393] PDC_SERVER[0]: SCHED: setting CUDA device to 0 for edge 0 func=zfp_decompress
[13:55:01.709682] [WARNING] [pdc_tf_server.c:401] PDC_SERVER[0]: SCHED: executing edge 0 func=zfp_decompress dev=GPU
[13:55:01.710285] [WARNING] [pdc_tf_server.c:475] PDC_SERVER[3]: SCHED: done running transformations
[13:55:01.711074] [WARNING] [pdc_tf_server.c:475] PDC_SERVER[2]: SCHED: done running transformations
[13:55:01.711263] [WARNING] [pdc_tf_server.c:475] PDC_SERVER[6]: SCHED: done running transformations
[13:55:01.711979] [WARNING] [pdc_tf_server.c:475] PDC_SERVER[7]: SCHED: done running transformations
[13:55:01.712939] [WARNING] [pdc_tf_server.c:475] PDC_SERVER[14]: SCHED: done running transformations
[INFO] PDC_SERVER[12]: Fetching region for obj_id=15000000000
[INFO] PDC_SERVER[12]: Checking against Object 10000000000
[INFO] PDC_SERVER[12]: Checking against Object 11000000000
[INFO] PDC_SERVER[12]: Checking against Object 12000000000
[INFO] PDC_SERVER[12]: Object 15000000000 NOT found in cache
[INFO] PDC_SERVER[12]: Fetching region from server for obj_id=15000000000
[INFO] PDC_SERVER[11]: Fetching region for obj_id=15000000000
[INFO] PDC_SERVER[11]: Checking against Object 10000000000
[INFO] PDC_SERVER[11]: Checking against Object 11000000000
[INFO] PDC_SERVER[11]: Checking against Object 12000000000
[INFO] PDC_SERVER[11]: Object 15000000000 NOT found in cache
[INFO] PDC_SERVER[11]: Fetching region from server for obj_id=15000000000
[INFO] PDC_SERVER[15]: Fetching region for obj_id=15000000000
[INFO] PDC_SERVER[15]: Checking against Object 10000000000
[INFO] PDC_SERVER[15]: Checking against Object 11000000000
[INFO] PDC_SERVER[15]: Checking against Object 12000000000
[INFO] PDC_SERVER[15]: Object 15000000000 NOT found in cache
[INFO] PDC_SERVER[15]: Fetching region from server for obj_id=15000000000
[13:55:01.715014] [WARNING] [pdc_tf_server.c:393] PDC_SERVER[1]: SCHED: setting CUDA device to 0 for edge 0 func=zfp_decompress
[13:55:01.715041] [WARNING] [pdc_tf_server.c:401] PDC_SERVER[1]: SCHED: executing edge 0 func=zfp_decompress dev=GPU
[INFO] PDC_SERVER[6]: Fetching region for obj_id=15000000000
[INFO] PDC_SERVER[6]: Checking against Object 10000000000
[INFO] PDC_SERVER[6]: Checking against Object 11000000000
[INFO] PDC_SERVER[6]: Checking against Object 12000000000
[INFO] PDC_SERVER[6]: Object 15000000000 NOT found in cache
[INFO] PDC_SERVER[6]: Fetching region from server for obj_id=15000000000
[13:55:01.716078] [WARNING] [pdc_tf_server.c:475] PDC_SERVER[5]: SCHED: done running transformations
[INFO] PDC_SERVER[3]: Fetching region for obj_id=15000000000
[INFO] PDC_SERVER[3]: Checking against Object 10000000000
[INFO] PDC_SERVER[3]: Checking against Object 11000000000
[INFO] PDC_SERVER[3]: Checking against Object 12000000000
[INFO] PDC_SERVER[3]: Object 15000000000 NOT found in cache
[INFO] PDC_SERVER[3]: Fetching region from server for obj_id=15000000000
[INFO] PDC_SERVER[7]: Fetching region for obj_id=15000000000
[INFO] PDC_SERVER[7]: Checking against Object 10000000000
[INFO] PDC_SERVER[7]: Checking against Object 11000000000
[INFO] PDC_SERVER[7]: Checking against Object 12000000000
[INFO] PDC_SERVER[7]: Object 15000000000 NOT found in cache
[INFO] PDC_SERVER[7]: Fetching region from server for obj_id=15000000000
[13:55:01.717191] [WARNING] [pdc_tf_server.c:393] PDC_SERVER[4]: SCHED: setting CUDA device to 0 for edge 0 func=zfp_decompress
[13:55:01.717216] [WARNING] [pdc_tf_server.c:401] PDC_SERVER[4]: SCHED: executing edge 0 func=zfp_decompress dev=GPU
[INFO] PDC_SERVER[2]: Fetching region for obj_id=15000000000
[INFO] PDC_SERVER[2]: Checking against Object 10000000000
[INFO] PDC_SERVER[2]: Checking against Object 11000000000
[INFO] PDC_SERVER[2]: Checking against Object 12000000000
[INFO] PDC_SERVER[2]: Object 15000000000 NOT found in cache
[INFO] PDC_SERVER[2]: Fetching region from server for obj_id=15000000000
[INFO] PDC_SERVER[14]: Fetching region for obj_id=15000000000
[INFO] PDC_SERVER[14]: Checking against Object 10000000000
[INFO] PDC_SERVER[14]: Checking against Object 11000000000
[INFO] PDC_SERVER[14]: Checking against Object 12000000000
[INFO] PDC_SERVER[14]: Object 15000000000 NOT found in cache
[INFO] PDC_SERVER[14]: Fetching region from server for obj_id=15000000000
[13:55:01.720606] [WARNING] [pdc_tf_server.c:475] PDC_SERVER[10]: SCHED: done running transformations
[13:55:01.721082] [WARNING] [pdc_tf_server.c:393] PDC_SERVER[9]: SCHED: setting CUDA device to 0 for edge 0 func=zfp_decompress
[13:55:01.721100] [WARNING] [pdc_tf_server.c:401] PDC_SERVER[9]: SCHED: executing edge 0 func=zfp_decompress dev=GPU
[13:55:01.721840] [WARNING] [pdc_tf_server.c:475] PDC_SERVER[13]: SCHED: done running transformations
[13:55:01.722478] [WARNING] [pdc_tf_server.c:475] PDC_SERVER[0]: SCHED: done running transformations
[INFO] PDC_SERVER[5]: Fetching region for obj_id=15000000000
[INFO] PDC_SERVER[5]: Checking against Object 10000000000
[INFO] PDC_SERVER[5]: Checking against Object 11000000000
[INFO] PDC_SERVER[5]: Checking against Object 12000000000
[INFO] PDC_SERVER[5]: Object 15000000000 NOT found in cache
[INFO] PDC_SERVER[5]: Fetching region from server for obj_id=15000000000
[13:55:01.724791] [WARNING] [pdc_tf_server.c:393] PDC_SERVER[8]: SCHED: setting CUDA device to 0 for edge 0 func=zfp_decompress
[13:55:01.724807] [WARNING] [pdc_tf_server.c:401] PDC_SERVER[8]: SCHED: executing edge 0 func=zfp_decompress dev=GPU
[13:55:01.725118] [WARNING] [pdc_tf_server.c:475] PDC_SERVER[1]: SCHED: done running transformations
[INFO] PDC_SERVER[10]: Fetching region for obj_id=15000000000
[INFO] PDC_SERVER[10]: Checking against Object 10000000000
[INFO] PDC_SERVER[10]: Checking against Object 11000000000
[INFO] PDC_SERVER[10]: Checking against Object 12000000000
[INFO] PDC_SERVER[10]: Object 15000000000 NOT found in cache
[INFO] PDC_SERVER[10]: Fetching region from server for obj_id=15000000000
[INFO] PDC_SERVER[0]: Fetching region for obj_id=15000000000
[INFO] PDC_SERVER[0]: Checking against Object 10000000000
[INFO] PDC_SERVER[0]: Checking against Object 11000000000
[INFO] PDC_SERVER[0]: Checking against Object 12000000000
[INFO] PDC_SERVER[0]: Object 15000000000 NOT found in cache
[INFO] PDC_SERVER[0]: Fetching region from server for obj_id=15000000000
[INFO] PDC_SERVER[13]: Fetching region for obj_id=15000000000
[INFO] PDC_SERVER[13]: Checking against Object 10000000000
[INFO] PDC_SERVER[13]: Checking against Object 11000000000
[INFO] PDC_SERVER[13]: Checking against Object 12000000000
[INFO] PDC_SERVER[13]: Object 15000000000 NOT found in cache
[INFO] PDC_SERVER[13]: Fetching region from server for obj_id=15000000000
[13:55:01.729154] [WARNING] [pdc_tf_server.c:475] PDC_SERVER[4]: SCHED: done running transformations
[13:55:01.729390] [WARNING] [pdc_tf_server.c:393] PDC_SERVER[12]: SCHED: setting CUDA device to 0 for edge 0 func=zfp_decompress
[13:55:01.729419] [WARNING] [pdc_tf_server.c:401] PDC_SERVER[12]: SCHED: executing edge 0 func=zfp_decompress dev=GPU
[13:55:01.729762] [WARNING] [pdc_tf_server.c:475] PDC_SERVER[9]: SCHED: done running transformations
[INFO] PDC_SERVER[1]: Fetching region for obj_id=15000000000
[INFO] PDC_SERVER[1]: Checking against Object 10000000000
[INFO] PDC_SERVER[1]: Checking against Object 11000000000
[INFO] PDC_SERVER[1]: Checking against Object 12000000000
[INFO] PDC_SERVER[1]: Object 15000000000 NOT found in cache
[INFO] PDC_SERVER[1]: Fetching region from server for obj_id=15000000000
[13:55:01.730508] [WARNING] [pdc_tf_server.c:393] PDC_SERVER[15]: SCHED: setting CUDA device to 0 for edge 0 func=zfp_decompress
[13:55:01.730528] [WARNING] [pdc_tf_server.c:401] PDC_SERVER[15]: SCHED: executing edge 0 func=zfp_decompress dev=GPU
[13:55:01.730709] [WARNING] [pdc_tf_server.c:393] PDC_SERVER[11]: SCHED: setting CUDA device to 0 for edge 0 func=zfp_decompress
[13:55:01.730724] [WARNING] [pdc_tf_server.c:401] PDC_SERVER[11]: SCHED: executing edge 0 func=zfp_decompress dev=GPU
[13:55:01.733294] [WARNING] [pdc_tf_server.c:393] PDC_SERVER[7]: SCHED: setting CUDA device to 0 for edge 0 func=zfp_decompress
[13:55:01.733319] [WARNING] [pdc_tf_server.c:401] PDC_SERVER[7]: SCHED: executing edge 0 func=zfp_decompress dev=GPU
[13:55:01.733315] [WARNING] [pdc_tf_server.c:393] PDC_SERVER[3]: SCHED: setting CUDA device to 0 for edge 0 func=zfp_decompress
[13:55:01.733338] [WARNING] [pdc_tf_server.c:401] PDC_SERVER[3]: SCHED: executing edge 0 func=zfp_decompress dev=GPU
[13:55:01.733449] [WARNING] [pdc_tf_server.c:475] PDC_SERVER[8]: SCHED: done running transformations
[13:55:01.733989] [WARNING] [pdc_tf_server.c:393] PDC_SERVER[14]: SCHED: setting CUDA device to 0 for edge 0 func=zfp_decompress
[13:55:01.734014] [WARNING] [pdc_tf_server.c:401] PDC_SERVER[14]: SCHED: executing edge 0 func=zfp_decompress dev=GPU
[13:55:01.733995] [WARNING] [pdc_tf_server.c:393] PDC_SERVER[2]: SCHED: setting CUDA device to 0 for edge 0 func=zfp_decompress
[13:55:01.734021] [WARNING] [pdc_tf_server.c:401] PDC_SERVER[2]: SCHED: executing edge 0 func=zfp_decompress dev=GPU
[INFO] PDC_SERVER[9]: Fetching region for obj_id=15000000000
[INFO] PDC_SERVER[9]: Checking against Object 10000000000
[INFO] PDC_SERVER[9]: Checking against Object 11000000000
[INFO] PDC_SERVER[9]: Checking against Object 12000000000
[INFO] PDC_SERVER[9]: Object 15000000000 NOT found in cache
[INFO] PDC_SERVER[9]: Fetching region from server for obj_id=15000000000
[INFO] PDC_SERVER[4]: Fetching region for obj_id=15000000000
[INFO] PDC_SERVER[4]: Checking against Object 10000000000
[INFO] PDC_SERVER[4]: Checking against Object 11000000000
[INFO] PDC_SERVER[4]: Checking against Object 12000000000
[INFO] PDC_SERVER[4]: Object 15000000000 NOT found in cache
[INFO] PDC_SERVER[4]: Fetching region from server for obj_id=15000000000
[13:55:01.737646] [WARNING] [pdc_tf_server.c:393] PDC_SERVER[6]: SCHED: setting CUDA device to 0 for edge 0 func=zfp_decompress
[13:55:01.737671] [WARNING] [pdc_tf_server.c:401] PDC_SERVER[6]: SCHED: executing edge 0 func=zfp_decompress dev=GPU
[INFO] PDC_SERVER[8]: Fetching region for obj_id=15000000000
[INFO] PDC_SERVER[8]: Checking against Object 10000000000
[INFO] PDC_SERVER[8]: Checking against Object 11000000000
[INFO] PDC_SERVER[8]: Checking against Object 12000000000
[INFO] PDC_SERVER[8]: Object 15000000000 NOT found in cache
[INFO] PDC_SERVER[8]: Fetching region from server for obj_id=15000000000
[13:55:01.739527] [WARNING] [pdc_tf_server.c:475] PDC_SERVER[15]: SCHED: done running transformations
[13:55:01.739618] [WARNING] [pdc_tf_server.c:475] PDC_SERVER[11]: SCHED: done running transformations
[13:55:01.740146] [WARNING] [pdc_tf_server.c:475] PDC_SERVER[12]: SCHED: done running transformations
[13:55:01.742484] [WARNING] [pdc_tf_server.c:393] PDC_SERVER[5]: SCHED: setting CUDA device to 0 for edge 0 func=zfp_decompress
[13:55:01.742505] [WARNING] [pdc_tf_server.c:401] PDC_SERVER[5]: SCHED: executing edge 0 func=zfp_decompress dev=GPU
[13:55:01.742564] [WARNING] [pdc_tf_server.c:475] PDC_SERVER[14]: SCHED: done running transformations
[13:55:01.742633] [WARNING] [pdc_tf_server.c:393] PDC_SERVER[10]: SCHED: setting CUDA device to 0 for edge 0 func=zfp_decompress
[13:55:01.742657] [WARNING] [pdc_tf_server.c:401] PDC_SERVER[10]: SCHED: executing edge 0 func=zfp_decompress dev=GPU
[13:55:01.742756] [WARNING] [pdc_tf_server.c:475] PDC_SERVER[7]: SCHED: done running transformations
[13:55:01.743334] [WARNING] [pdc_tf_server.c:393] PDC_SERVER[13]: SCHED: setting CUDA device to 0 for edge 0 func=zfp_decompress
[13:55:01.743350] [WARNING] [pdc_tf_server.c:401] PDC_SERVER[13]: SCHED: executing edge 0 func=zfp_decompress dev=GPU
[INFO] PDC_SERVER[0]: Executing graph with json filepath /pscratch/sd/n/nlewi26/src/work_space/source/pdc/tf_client/graphs/zfp_gpu.json
[13:55:01.743764] [WARNING] [pdc_tf_server.c:393] PDC_SERVER[0]: SCHED: setting CUDA device to 0 for edge 0 func=zfp_decompress
[13:55:01.743776] [WARNING] [pdc_tf_server.c:401] PDC_SERVER[0]: SCHED: executing edge 0 func=zfp_decompress dev=GPU
[INFO] PDC_SERVER[11]: Fetching region for obj_id=15000000000
[INFO] PDC_SERVER[11]: Checking against Object 10000000000
[INFO] PDC_SERVER[11]: Checking against Object 11000000000
[INFO] PDC_SERVER[11]: Checking against Object 12000000000
[INFO] PDC_SERVER[11]: Object 15000000000 NOT found in cache
[INFO] PDC_SERVER[11]: Fetching region from server for obj_id=15000000000
[INFO] PDC_SERVER[15]: Fetching region for obj_id=15000000000
[INFO] PDC_SERVER[15]: Checking against Object 10000000000
[INFO] PDC_SERVER[15]: Checking against Object 11000000000
[INFO] PDC_SERVER[15]: Checking against Object 12000000000
[INFO] PDC_SERVER[15]: Object 15000000000 NOT found in cache
[INFO] PDC_SERVER[15]: Fetching region from server for obj_id=15000000000
[INFO] PDC_SERVER[12]: Fetching region for obj_id=15000000000
[INFO] PDC_SERVER[12]: Checking against Object 10000000000
[INFO] PDC_SERVER[12]: Checking against Object 11000000000
[INFO] PDC_SERVER[12]: Checking against Object 12000000000
[INFO] PDC_SERVER[12]: Object 15000000000 NOT found in cache
[INFO] PDC_SERVER[12]: Fetching region from server for obj_id=15000000000
[13:55:01.746743] [WARNING] [pdc_tf_server.c:475] PDC_SERVER[2]: SCHED: done running transformations
[13:55:01.747062] [WARNING] [pdc_tf_server.c:475] PDC_SERVER[6]: SCHED: done running transformations
[13:55:01.747088] [WARNING] [pdc_tf_server.c:475] PDC_SERVER[3]: SCHED: done running transformations
[INFO] PDC_SERVER[7]: Fetching region for obj_id=15000000000
[INFO] PDC_SERVER[7]: Checking against Object 10000000000
[INFO] PDC_SERVER[7]: Checking against Object 11000000000
[INFO] PDC_SERVER[7]: Checking against Object 12000000000
[INFO] PDC_SERVER[7]: Object 15000000000 NOT found in cache
[INFO] PDC_SERVER[7]: Fetching region from server for obj_id=15000000000
[INFO] PDC_SERVER[14]: Fetching region for obj_id=15000000000
[INFO] PDC_SERVER[14]: Checking against Object 10000000000
[INFO] PDC_SERVER[14]: Checking against Object 11000000000
[INFO] PDC_SERVER[14]: Checking against Object 12000000000
[INFO] PDC_SERVER[14]: Object 15000000000 NOT found in cache
[INFO] PDC_SERVER[14]: Fetching region from server for obj_id=15000000000
[13:55:01.751154] [WARNING] [pdc_tf_server.c:475] PDC_SERVER[10]: SCHED: done running transformations
[13:55:01.752210] [WARNING] [pdc_tf_server.c:475] PDC_SERVER[13]: SCHED: done running transformations
[13:55:01.752467] [WARNING] [pdc_tf_server.c:393] PDC_SERVER[1]: SCHED: setting CUDA device to 0 for edge 0 func=zfp_decompress
[13:55:01.752498] [WARNING] [pdc_tf_server.c:401] PDC_SERVER[1]: SCHED: executing edge 0 func=zfp_decompress dev=GPU
[13:55:01.752745] [WARNING] [pdc_tf_server.c:393] PDC_SERVER[4]: SCHED: setting CUDA device to 0 for edge 0 func=zfp_decompress
[INFO] PDC_SERVER[6]: Fetching region for obj_id=15000000000
[INFO] PDC_SERVER[6]: Checking against Object 10000000000
[INFO] PDC_SERVER[6]: Checking against Object 11000000000
[INFO] PDC_SERVER[6]: Checking against Object 12000000000
[INFO] PDC_SERVER[6]: Object 15000000000 NOT found in cache
[13:55:01.752764] [WARNING] [pdc_tf_server.c:401] PDC_SERVER[4]: SCHED: executing edge 0 func=zfp_decompress dev=GPU
[INFO] PDC_SERVER[6]: Fetching region from server for obj_id=15000000000
[INFO] PDC_SERVER[2]: Fetching region for obj_id=15000000000
[INFO] PDC_SERVER[2]: Checking against Object 10000000000
[INFO] PDC_SERVER[2]: Checking against Object 11000000000
[INFO] PDC_SERVER[2]: Checking against Object 12000000000
[INFO] PDC_SERVER[2]: Object 15000000000 NOT found in cache
[INFO] PDC_SERVER[2]: Fetching region from server for obj_id=15000000000
[INFO] PDC_SERVER[3]: Fetching region for obj_id=15000000000
[INFO] PDC_SERVER[3]: Checking against Object 10000000000
[INFO] PDC_SERVER[3]: Checking against Object 11000000000
[INFO] PDC_SERVER[3]: Checking against Object 12000000000
[INFO] PDC_SERVER[3]: Object 15000000000 NOT found in cache
[INFO] PDC_SERVER[3]: Fetching region from server for obj_id=15000000000
[13:55:01.754413] [WARNING] [pdc_tf_server.c:475] PDC_SERVER[0]: SCHED: done running transformations
[13:55:01.756020] [WARNING] [pdc_tf_server.c:393] PDC_SERVER[9]: SCHED: setting CUDA device to 0 for edge 0 func=zfp_decompress
[13:55:01.756045] [WARNING] [pdc_tf_server.c:401] PDC_SERVER[9]: SCHED: executing edge 0 func=zfp_decompress dev=GPU
[13:55:01.756069] [WARNING] [pdc_tf_server.c:475] PDC_SERVER[5]: SCHED: done running transformations
[INFO] PDC_SERVER[10]: Fetching region for obj_id=15000000000
[INFO] PDC_SERVER[10]: Checking against Object 10000000000
[INFO] PDC_SERVER[10]: Checking against Object 11000000000
[INFO] PDC_SERVER[10]: Checking against Object 12000000000
[INFO] PDC_SERVER[10]: Object 15000000000 NOT found in cache
[INFO] PDC_SERVER[10]: Fetching region from server for obj_id=15000000000
[INFO] PDC_SERVER[13]: Fetching region for obj_id=15000000000
[INFO] PDC_SERVER[13]: Checking against Object 10000000000
[INFO] PDC_SERVER[13]: Checking against Object 11000000000
[INFO] PDC_SERVER[13]: Checking against Object 12000000000
[INFO] PDC_SERVER[13]: Object 15000000000 NOT found in cache
[INFO] PDC_SERVER[13]: Fetching region from server for obj_id=15000000000
[13:55:01.757867] [WARNING] [pdc_tf_server.c:393] PDC_SERVER[8]: SCHED: setting CUDA device to 0 for edge 0 func=zfp_decompress
[13:55:01.757888] [WARNING] [pdc_tf_server.c:401] PDC_SERVER[8]: SCHED: executing edge 0 func=zfp_decompress dev=GPU
[INFO] PDC_SERVER[0]: Fetching region for obj_id=15000000000
[INFO] PDC_SERVER[0]: Checking against Object 10000000000
[INFO] PDC_SERVER[0]: Checking against Object 11000000000
[INFO] PDC_SERVER[0]: Checking against Object 12000000000
[INFO] PDC_SERVER[0]: Object 15000000000 NOT found in cache
[INFO] PDC_SERVER[0]: Fetching region from server for obj_id=15000000000
[13:55:01.760470] [WARNING] [pdc_tf_server.c:393] PDC_SERVER[11]: SCHED: setting CUDA device to 0 for edge 0 func=zfp_decompress
[13:55:01.760486] [WARNING] [pdc_tf_server.c:401] PDC_SERVER[11]: SCHED: executing edge 0 func=zfp_decompress dev=GPU
[13:55:01.760708] [WARNING] [pdc_tf_server.c:393] PDC_SERVER[15]: SCHED: setting CUDA device to 0 for edge 0 func=zfp_decompress
[13:55:01.760728] [WARNING] [pdc_tf_server.c:401] PDC_SERVER[15]: SCHED: executing edge 0 func=zfp_decompress dev=GPU
[INFO] PDC_SERVER[5]: Fetching region for obj_id=15000000000
[INFO] PDC_SERVER[5]: Checking against Object 10000000000
[INFO] PDC_SERVER[5]: Checking against Object 11000000000
[INFO] PDC_SERVER[5]: Checking against Object 12000000000
[INFO] PDC_SERVER[5]: Object 15000000000 NOT found in cache
[INFO] PDC_SERVER[5]: Fetching region from server for obj_id=15000000000
[13:55:01.763743] [WARNING] [pdc_tf_server.c:393] PDC_SERVER[7]: SCHED: setting CUDA device to 0 for edge 0 func=zfp_decompress
[13:55:01.763767] [WARNING] [pdc_tf_server.c:401] PDC_SERVER[7]: SCHED: executing edge 0 func=zfp_decompress dev=GPU
[13:55:01.764368] [WARNING] [pdc_tf_server.c:393] PDC_SERVER[14]: SCHED: setting CUDA device to 0 for edge 0 func=zfp_decompress
[13:55:01.764396] [WARNING] [pdc_tf_server.c:401] PDC_SERVER[14]: SCHED: executing edge 0 func=zfp_decompress dev=GPU
[13:55:01.764415] [WARNING] [pdc_tf_server.c:475] PDC_SERVER[1]: SCHED: done running transformations
[13:55:01.765808] [WARNING] [pdc_tf_server.c:475] PDC_SERVER[4]: SCHED: done running transformations
[13:55:01.765847] [WARNING] [pdc_tf_server.c:475] PDC_SERVER[9]: SCHED: done running transformations
[13:55:01.766774] [WARNING] [pdc_tf_server.c:475] PDC_SERVER[8]: SCHED: done running transformations
[13:55:01.768711] [WARNING] [pdc_tf_server.c:475] PDC_SERVER[11]: SCHED: done running transformations
[13:55:01.768982] [WARNING] [pdc_tf_server.c:475] PDC_SERVER[15]: SCHED: done running transformations
[INFO] PDC_SERVER[1]: Fetching region for obj_id=15000000000
[INFO] PDC_SERVER[1]: Checking against Object 10000000000
[INFO] PDC_SERVER[1]: Checking against Object 11000000000
[INFO] PDC_SERVER[1]: Checking against Object 12000000000
[INFO] PDC_SERVER[1]: Object 15000000000 NOT found in cache
[INFO] PDC_SERVER[1]: Fetching region from server for obj_id=15000000000
[13:55:01.770034] [WARNING] [pdc_tf_server.c:393] PDC_SERVER[2]: SCHED: setting CUDA device to 0 for edge 0 func=zfp_decompress
[13:55:01.770053] [WARNING] [pdc_tf_server.c:401] PDC_SERVER[2]: SCHED: executing edge 0 func=zfp_decompress dev=GPU
[13:55:01.770034] [WARNING] [pdc_tf_server.c:393] PDC_SERVER[3]: SCHED: setting CUDA device to 0 for edge 0 func=zfp_decompress
[13:55:01.770053] [WARNING] [pdc_tf_server.c:401] PDC_SERVER[3]: SCHED: executing edge 0 func=zfp_decompress dev=GPU
[INFO] PDC_SERVER[9]: Fetching region for obj_id=15000000000
[INFO] PDC_SERVER[9]: Checking against Object 10000000000
[INFO] PDC_SERVER[9]: Checking against Object 11000000000
[INFO] PDC_SERVER[9]: Checking against Object 12000000000
[INFO] PDC_SERVER[9]: Object 15000000000 NOT found in cache
[INFO] PDC_SERVER[9]: Fetching region from server for obj_id=15000000000
[INFO] PDC_SERVER[8]: Fetching region for obj_id=15000000000
[INFO] PDC_SERVER[8]: Checking against Object 10000000000
[INFO] PDC_SERVER[8]: Checking against Object 11000000000
[INFO] PDC_SERVER[8]: Checking against Object 12000000000
[INFO] PDC_SERVER[8]: Object 15000000000 NOT found in cache
[INFO] PDC_SERVER[8]: Fetching region from server for obj_id=15000000000
[INFO] PDC_SERVER[4]: Fetching region for obj_id=15000000000
[INFO] PDC_SERVER[4]: Checking against Object 10000000000
[INFO] PDC_SERVER[4]: Checking against Object 11000000000
[INFO] PDC_SERVER[4]: Checking against Object 12000000000
[INFO] PDC_SERVER[4]: Object 15000000000 NOT found in cache
[INFO] PDC_SERVER[4]: Fetching region from server for obj_id=15000000000
[13:55:01.772657] [WARNING] [pdc_tf_server.c:475] PDC_SERVER[14]: SCHED: done running transformations
[13:55:01.772709] [WARNING] [pdc_tf_server.c:393] PDC_SERVER[12]: SCHED: setting CUDA device to 0 for edge 0 func=zfp_decompress
[13:55:01.772737] [WARNING] [pdc_tf_server.c:401] PDC_SERVER[12]: SCHED: executing edge 0 func=zfp_decompress dev=GPU
[INFO] PDC_SERVER[11]: Fetching region for obj_id=15000000000
[INFO] PDC_SERVER[11]: Checking against Object 10000000000
[INFO] PDC_SERVER[11]: Checking against Object 11000000000
[INFO] PDC_SERVER[11]: Checking against Object 12000000000
[INFO] PDC_SERVER[11]: Object 15000000000 NOT found in cache
[INFO] PDC_SERVER[11]: Fetching region from server for obj_id=15000000000
[13:55:01.773415] [WARNING] [pdc_tf_server.c:393] PDC_SERVER[10]: SCHED: setting CUDA device to 0 for edge 0 func=zfp_decompress
[13:55:01.773445] [WARNING] [pdc_tf_server.c:401] PDC_SERVER[10]: SCHED: executing edge 0 func=zfp_decompress dev=GPU
[INFO] PDC_SERVER[15]: Fetching region for obj_id=15000000000
[INFO] PDC_SERVER[15]: Checking against Object 10000000000
[INFO] PDC_SERVER[15]: Checking against Object 11000000000
[INFO] PDC_SERVER[15]: Checking against Object 12000000000
[INFO] PDC_SERVER[15]: Object 15000000000 NOT found in cache
[INFO] PDC_SERVER[15]: Fetching region from server for obj_id=15000000000
[13:55:01.773832] [WARNING] [pdc_tf_server.c:393] PDC_SERVER[13]: SCHED: setting CUDA device to 0 for edge 0 func=zfp_decompress
[13:55:01.773851] [WARNING] [pdc_tf_server.c:401] PDC_SERVER[13]: SCHED: executing edge 0 func=zfp_decompress dev=GPU
[13:55:01.775101] [WARNING] [pdc_tf_server.c:475] PDC_SERVER[7]: SCHED: done running transformations
[INFO] PDC_SERVER[14]: Fetching region for obj_id=15000000000
[INFO] PDC_SERVER[14]: Checking against Object 10000000000
[INFO] PDC_SERVER[14]: Checking against Object 11000000000
[INFO] PDC_SERVER[14]: Checking against Object 12000000000
[INFO] PDC_SERVER[14]: Object 15000000000 NOT found in cache
[INFO] PDC_SERVER[14]: Fetching region from server for obj_id=15000000000
[13:55:01.778603] [WARNING] [pdc_tf_server.c:393] PDC_SERVER[6]: SCHED: setting CUDA device to 0 for edge 0 func=zfp_decompress
[13:55:01.778627] [WARNING] [pdc_tf_server.c:401] PDC_SERVER[6]: SCHED: executing edge 0 func=zfp_decompress dev=GPU
[INFO] PDC_SERVER[7]: Fetching region for obj_id=15000000000
[INFO] PDC_SERVER[7]: Checking against Object 10000000000
[INFO] PDC_SERVER[7]: Checking against Object 11000000000
[INFO] PDC_SERVER[7]: Checking against Object 12000000000
[INFO] PDC_SERVER[7]: Object 15000000000 NOT found in cache
[INFO] PDC_SERVER[7]: Fetching region from server for obj_id=15000000000
[13:55:01.781141] [WARNING] [pdc_tf_server.c:393] PDC_SERVER[5]: SCHED: setting CUDA device to 0 for edge 0 func=zfp_decompress
[13:55:01.781165] [WARNING] [pdc_tf_server.c:401] PDC_SERVER[5]: SCHED: executing edge 0 func=zfp_decompress dev=GPU
[INFO] PDC_SERVER[0]: Executing graph with json filepath /pscratch/sd/n/nlewi26/src/work_space/source/pdc/tf_client/graphs/zfp_gpu.json
[13:55:01.781418] [WARNING] [pdc_tf_server.c:393] PDC_SERVER[0]: SCHED: setting CUDA device to 0 for edge 0 func=zfp_decompress
[13:55:01.781427] [WARNING] [pdc_tf_server.c:401] PDC_SERVER[0]: SCHED: executing edge 0 func=zfp_decompress dev=GPU
[13:55:01.783005] [WARNING] [pdc_tf_server.c:475] PDC_SERVER[13]: SCHED: done running transformations
[13:55:01.783114] [WARNING] [pdc_tf_server.c:475] PDC_SERVER[10]: SCHED: done running transformations
[13:55:01.783055] [WARNING] [pdc_tf_server.c:475] PDC_SERVER[3]: SCHED: done running transformations
[13:55:01.783486] [WARNING] [pdc_tf_server.c:475] PDC_SERVER[2]: SCHED: done running transformations
[13:55:01.784224] [WARNING] [pdc_tf_server.c:475] PDC_SERVER[12]: SCHED: done running transformations
[13:55:01.787235] [WARNING] [pdc_tf_server.c:393] PDC_SERVER[9]: SCHED: setting CUDA device to 0 for edge 0 func=zfp_decompress
[13:55:01.787258] [WARNING] [pdc_tf_server.c:401] PDC_SERVER[9]: SCHED: executing edge 0 func=zfp_decompress dev=GPU
[13:55:01.787836] [WARNING] [pdc_tf_server.c:475] PDC_SERVER[6]: SCHED: done running transformations
[INFO] PDC_SERVER[13]: Fetching region for obj_id=15000000000
[INFO] PDC_SERVER[13]: Checking against Object 10000000000
[INFO] PDC_SERVER[13]: Checking against Object 11000000000
[INFO] PDC_SERVER[13]: Checking against Object 12000000000
[INFO] PDC_SERVER[13]: Object 15000000000 NOT found in cache
[INFO] PDC_SERVER[13]: Fetching region from server for obj_id=15000000000
[INFO] PDC_SERVER[10]: Fetching region for obj_id=15000000000
[INFO] PDC_SERVER[10]: Checking against Object 10000000000
[INFO] PDC_SERVER[10]: Checking against Object 11000000000
[INFO] PDC_SERVER[10]: Checking against Object 12000000000
[INFO] PDC_SERVER[10]: Object 15000000000 NOT found in cache
[INFO] PDC_SERVER[10]: Fetching region from server for obj_id=15000000000
[INFO] PDC_SERVER[3]: Fetching region for obj_id=15000000000
[INFO] PDC_SERVER[3]: Checking against Object 10000000000
[INFO] PDC_SERVER[3]: Checking against Object 11000000000
[INFO] PDC_SERVER[3]: Checking against Object 12000000000
[INFO] PDC_SERVER[3]: Object 15000000000 NOT found in cache
[INFO] PDC_SERVER[3]: Fetching region from server for obj_id=15000000000
[13:55:01.789736] [WARNING] [pdc_tf_server.c:393] PDC_SERVER[15]: SCHED: setting CUDA device to 0 for edge 0 func=zfp_decompress
[13:55:01.789752] [WARNING] [pdc_tf_server.c:401] PDC_SERVER[15]: SCHED: executing edge 0 func=zfp_decompress dev=GPU
[13:55:01.789707] [WARNING] [pdc_tf_server.c:393] PDC_SERVER[4]: SCHED: setting CUDA device to 0 for edge 0 func=zfp_decompress
[13:55:01.789728] [WARNING] [pdc_tf_server.c:401] PDC_SERVER[4]: SCHED: executing edge 0 func=zfp_decompress dev=GPU
[13:55:01.790005] [WARNING] [pdc_tf_server.c:393] PDC_SERVER[1]: SCHED: setting CUDA device to 0 for edge 0 func=zfp_decompress
[13:55:01.790028] [WARNING] [pdc_tf_server.c:401] PDC_SERVER[1]: SCHED: executing edge 0 func=zfp_decompress dev=GPU
[INFO] PDC_SERVER[2]: Fetching region for obj_id=15000000000
[INFO] PDC_SERVER[2]: Checking against Object 10000000000
[INFO] PDC_SERVER[2]: Checking against Object 11000000000
[INFO] PDC_SERVER[2]: Checking against Object 12000000000
[INFO] PDC_SERVER[2]: Object 15000000000 NOT found in cache
[INFO] PDC_SERVER[2]: Fetching region from server for obj_id=15000000000
[INFO] PDC_SERVER[12]: Fetching region for obj_id=15000000000
[INFO] PDC_SERVER[12]: Checking against Object 10000000000
[INFO] PDC_SERVER[12]: Checking against Object 11000000000
[INFO] PDC_SERVER[12]: Checking against Object 12000000000
[INFO] PDC_SERVER[12]: Object 15000000000 NOT found in cache
[INFO] PDC_SERVER[12]: Fetching region from server for obj_id=15000000000
[13:55:01.792428] [WARNING] [pdc_tf_server.c:475] PDC_SERVER[5]: SCHED: done running transformations
[13:55:01.792834] [WARNING] [pdc_tf_server.c:393] PDC_SERVER[11]: SCHED: setting CUDA device to 0 for edge 0 func=zfp_decompress
[13:55:01.792848] [WARNING] [pdc_tf_server.c:401] PDC_SERVER[11]: SCHED: executing edge 0 func=zfp_decompress dev=GPU
[INFO] PDC_SERVER[6]: Fetching region for obj_id=15000000000
[INFO] PDC_SERVER[6]: Checking against Object 10000000000
[INFO] PDC_SERVER[6]: Checking against Object 11000000000
[INFO] PDC_SERVER[6]: Checking against Object 12000000000
[INFO] PDC_SERVER[6]: Object 15000000000 NOT found in cache
[INFO] PDC_SERVER[6]: Fetching region from server for obj_id=15000000000
[13:55:01.794113] [WARNING] [pdc_tf_server.c:393] PDC_SERVER[14]: SCHED: setting CUDA device to 0 for edge 0 func=zfp_decompress
[13:55:01.794147] [WARNING] [pdc_tf_server.c:401] PDC_SERVER[14]: SCHED: executing edge 0 func=zfp_decompress dev=GPU
[13:55:01.794274] [WARNING] [pdc_tf_server.c:475] PDC_SERVER[0]: SCHED: done running transformations
[13:55:01.794560] [WARNING] [pdc_tf_server.c:393] PDC_SERVER[8]: SCHED: setting CUDA device to 0 for edge 0 func=zfp_decompress
[13:55:01.794585] [WARNING] [pdc_tf_server.c:401] PDC_SERVER[8]: SCHED: executing edge 0 func=zfp_decompress dev=GPU
[13:55:01.796164] [WARNING] [pdc_tf_server.c:475] PDC_SERVER[9]: SCHED: done running transformations
[13:55:01.796338] [WARNING] [pdc_tf_server.c:393] PDC_SERVER[7]: SCHED: setting CUDA device to 0 for edge 0 func=zfp_decompress
[13:55:01.796366] [WARNING] [pdc_tf_server.c:401] PDC_SERVER[7]: SCHED: executing edge 0 func=zfp_decompress dev=GPU
[13:55:01.797798] [WARNING] [pdc_tf_server.c:475] PDC_SERVER[15]: SCHED: done running transformations
[13:55:01.799170] [WARNING] [pdc_tf_server.c:475] PDC_SERVER[1]: SCHED: done running transformations
[INFO] PDC_SERVER[0]: Fetching region for obj_id=15000000000
[INFO] PDC_SERVER[0]: Checking against Object 10000000000
[INFO] PDC_SERVER[0]: Checking against Object 11000000000
[INFO] PDC_SERVER[0]: Checking against Object 12000000000
[INFO] PDC_SERVER[0]: Object 15000000000 NOT found in cache
[INFO] PDC_SERVER[0]: Fetching region from server for obj_id=15000000000
[INFO] PDC_SERVER[5]: Fetching region for obj_id=15000000000
[INFO] PDC_SERVER[5]: Checking against Object 10000000000
[INFO] PDC_SERVER[5]: Checking against Object 11000000000
[INFO] PDC_SERVER[5]: Checking against Object 12000000000
[INFO] PDC_SERVER[5]: Object 15000000000 NOT found in cache
[INFO] PDC_SERVER[5]: Fetching region from server for obj_id=15000000000
[13:55:01.801059] [WARNING] [pdc_tf_server.c:475] PDC_SERVER[11]: SCHED: done running transformations
[INFO] PDC_SERVER[9]: Fetching region for obj_id=15000000000
[INFO] PDC_SERVER[9]: Checking against Object 10000000000
[INFO] PDC_SERVER[9]: Checking against Object 11000000000
[INFO] PDC_SERVER[9]: Checking against Object 12000000000
[INFO] PDC_SERVER[9]: Object 15000000000 NOT found in cache
[INFO] PDC_SERVER[9]: Fetching region from server for obj_id=15000000000
[INFO] PDC_SERVER[15]: Fetching region for obj_id=15000000000
[INFO] PDC_SERVER[15]: Checking against Object 10000000000
[INFO] PDC_SERVER[15]: Checking against Object 11000000000
[INFO] PDC_SERVER[15]: Checking against Object 12000000000
[INFO] PDC_SERVER[15]: Object 15000000000 NOT found in cache
[INFO] PDC_SERVER[15]: Fetching region from server for obj_id=15000000000
[13:55:01.802875] [WARNING] [pdc_tf_server.c:475] PDC_SERVER[4]: SCHED: done running transformations
[13:55:01.804422] [WARNING] [pdc_tf_server.c:393] PDC_SERVER[13]: SCHED: setting CUDA device to 0 for edge 0 func=zfp_decompress
[13:55:01.804439] [WARNING] [pdc_tf_server.c:401] PDC_SERVER[13]: SCHED: executing edge 0 func=zfp_decompress dev=GPU
[INFO] PDC_SERVER[1]: Fetching region for obj_id=15000000000
[INFO] PDC_SERVER[1]: Checking against Object 10000000000
[INFO] PDC_SERVER[1]: Checking against Object 11000000000
[INFO] PDC_SERVER[1]: Checking against Object 12000000000
[INFO] PDC_SERVER[1]: Object 15000000000 NOT found in cache
[INFO] PDC_SERVER[1]: Fetching region from server for obj_id=15000000000
[13:55:01.805452] [WARNING] [pdc_tf_server.c:475] PDC_SERVER[8]: SCHED: done running transformations
[INFO] PDC_SERVER[11]: Fetching region for obj_id=15000000000
[INFO] PDC_SERVER[11]: Checking against Object 10000000000
[INFO] PDC_SERVER[11]: Checking against Object 11000000000
[INFO] PDC_SERVER[11]: Checking against Object 12000000000
[INFO] PDC_SERVER[11]: Object 15000000000 NOT found in cache
[INFO] PDC_SERVER[11]: Fetching region from server for obj_id=15000000000
[13:55:01.805800] [WARNING] [pdc_tf_server.c:475] PDC_SERVER[14]: SCHED: done running transformations
[13:55:01.806288] [WARNING] [pdc_tf_server.c:393] PDC_SERVER[3]: SCHED: setting CUDA device to 0 for edge 0 func=zfp_decompress
[13:55:01.806312] [WARNING] [pdc_tf_server.c:401] PDC_SERVER[3]: SCHED: executing edge 0 func=zfp_decompress dev=GPU
[13:55:01.807221] [WARNING] [pdc_tf_server.c:475] PDC_SERVER[7]: SCHED: done running transformations
[13:55:01.807464] [WARNING] [pdc_tf_server.c:393] PDC_SERVER[10]: SCHED: setting CUDA device to 0 for edge 0 func=zfp_decompress
[13:55:01.807496] [WARNING] [pdc_tf_server.c:401] PDC_SERVER[10]: SCHED: executing edge 0 func=zfp_decompress dev=GPU
[13:55:01.808256] [WARNING] [pdc_tf_server.c:393] PDC_SERVER[2]: SCHED: setting CUDA device to 0 for edge 0 func=zfp_decompress
[13:55:01.808274] [WARNING] [pdc_tf_server.c:401] PDC_SERVER[2]: SCHED: executing edge 0 func=zfp_decompress dev=GPU
[INFO] PDC_SERVER[4]: Fetching region for obj_id=15000000000
[INFO] PDC_SERVER[4]: Checking against Object 10000000000
[INFO] PDC_SERVER[4]: Checking against Object 11000000000
[INFO] PDC_SERVER[4]: Checking against Object 12000000000
[INFO] PDC_SERVER[4]: Object 15000000000 NOT found in cache
[INFO] PDC_SERVER[4]: Fetching region from server for obj_id=15000000000
[INFO] PDC_SERVER[14]: Fetching region for obj_id=15000000000
[INFO] PDC_SERVER[14]: Checking against Object 10000000000
[INFO] PDC_SERVER[14]: Checking against Object 11000000000
[INFO] PDC_SERVER[14]: Checking against Object 12000000000
[INFO] PDC_SERVER[14]: Object 15000000000 NOT found in cache
[INFO] PDC_SERVER[14]: Fetching region from server for obj_id=15000000000
[13:55:01.812657] [WARNING] [pdc_tf_server.c:393] PDC_SERVER[12]: SCHED: setting CUDA device to 0 for edge 0 func=zfp_decompress
[13:55:01.812683] [WARNING] [pdc_tf_server.c:401] PDC_SERVER[12]: SCHED: executing edge 0 func=zfp_decompress dev=GPU
[INFO] PDC_SERVER[7]: Fetching region for obj_id=15000000000
[INFO] PDC_SERVER[7]: Checking against Object 10000000000
[INFO] PDC_SERVER[7]: Checking against Object 11000000000
[INFO] PDC_SERVER[7]: Checking against Object 12000000000
[INFO] PDC_SERVER[7]: Object 15000000000 NOT found in cache
[INFO] PDC_SERVER[7]: Fetching region from server for obj_id=15000000000
[INFO] PDC_SERVER[8]: Fetching region for obj_id=15000000000
[INFO] PDC_SERVER[8]: Checking against Object 10000000000
[INFO] PDC_SERVER[8]: Checking against Object 11000000000
[INFO] PDC_SERVER[8]: Checking against Object 12000000000
[INFO] PDC_SERVER[8]: Object 15000000000 NOT found in cache
[INFO] PDC_SERVER[8]: Fetching region from server for obj_id=15000000000
[13:55:01.814926] [WARNING] [pdc_tf_server.c:475] PDC_SERVER[13]: SCHED: done running transformations
[INFO] PDC_SERVER[0]: Executing graph with json filepath /pscratch/sd/n/nlewi26/src/work_space/source/pdc/tf_client/graphs/zfp_gpu.json
[13:55:01.815269] [WARNING] [pdc_tf_server.c:393] PDC_SERVER[0]: SCHED: setting CUDA device to 0 for edge 0 func=zfp_decompress
[13:55:01.815284] [WARNING] [pdc_tf_server.c:401] PDC_SERVER[0]: SCHED: executing edge 0 func=zfp_decompress dev=GPU
[13:55:01.815979] [WARNING] [pdc_tf_server.c:393] PDC_SERVER[6]: SCHED: setting CUDA device to 0 for edge 0 func=zfp_decompress
[13:55:01.816005] [WARNING] [pdc_tf_server.c:401] PDC_SERVER[6]: SCHED: executing edge 0 func=zfp_decompress dev=GPU
[13:55:01.818117] [WARNING] [pdc_tf_server.c:475] PDC_SERVER[10]: SCHED: done running transformations
[13:55:01.818203] [WARNING] [pdc_tf_server.c:393] PDC_SERVER[5]: SCHED: setting CUDA device to 0 for edge 0 func=zfp_decompress
[13:55:01.818226] [WARNING] [pdc_tf_server.c:401] PDC_SERVER[5]: SCHED: executing edge 0 func=zfp_decompress dev=GPU
[13:55:01.819025] [WARNING] [pdc_tf_server.c:475] PDC_SERVER[3]: SCHED: done running transformations
[13:55:01.819078] [WARNING] [pdc_tf_server.c:393] PDC_SERVER[15]: SCHED: setting CUDA device to 0 for edge 0 func=zfp_decompress
[13:55:01.819094] [WARNING] [pdc_tf_server.c:401] PDC_SERVER[15]: SCHED: executing edge 0 func=zfp_decompress dev=GPU
[INFO] PDC_SERVER[13]: Fetching region for obj_id=15000000000
[INFO] PDC_SERVER[13]: Checking against Object 10000000000
[INFO] PDC_SERVER[13]: Checking against Object 11000000000
[INFO] PDC_SERVER[13]: Checking against Object 12000000000
[INFO] PDC_SERVER[13]: Object 15000000000 NOT found in cache
[INFO] PDC_SERVER[13]: Fetching region from server for obj_id=15000000000
[13:55:01.820530] [WARNING] [pdc_tf_server.c:393] PDC_SERVER[1]: SCHED: setting CUDA device to 0 for edge 0 func=zfp_decompress
[13:55:01.820548] [WARNING] [pdc_tf_server.c:401] PDC_SERVER[1]: SCHED: executing edge 0 func=zfp_decompress dev=GPU
[13:55:01.820711] [WARNING] [pdc_tf_server.c:475] PDC_SERVER[2]: SCHED: done running transformations
[13:55:01.820968] [WARNING] [pdc_tf_server.c:393] PDC_SERVER[9]: SCHED: setting CUDA device to 0 for edge 0 func=zfp_decompress
[13:55:01.820993] [WARNING] [pdc_tf_server.c:401] PDC_SERVER[9]: SCHED: executing edge 0 func=zfp_decompress dev=GPU
[13:55:01.822596] [WARNING] [pdc_tf_server.c:393] PDC_SERVER[11]: SCHED: setting CUDA device to 0 for edge 0 func=zfp_decompress
[13:55:01.822610] [WARNING] [pdc_tf_server.c:401] PDC_SERVER[11]: SCHED: executing edge 0 func=zfp_decompress dev=GPU
[INFO] PDC_SERVER[10]: Fetching region for obj_id=15000000000
[INFO] PDC_SERVER[10]: Checking against Object 10000000000
[INFO] PDC_SERVER[10]: Checking against Object 11000000000
[INFO] PDC_SERVER[10]: Checking against Object 12000000000
[INFO] PDC_SERVER[10]: Object 15000000000 NOT found in cache
[INFO] PDC_SERVER[10]: Fetching region from server for obj_id=15000000000
[13:55:01.823857] [WARNING] [pdc_tf_server.c:475] PDC_SERVER[12]: SCHED: done running transformations
[13:55:01.824180] [WARNING] [pdc_tf_server.c:475] PDC_SERVER[0]: SCHED: done running transformations
[13:55:01.825404] [WARNING] [pdc_tf_server.c:475] PDC_SERVER[6]: SCHED: done running transformations
[INFO] PDC_SERVER[3]: Fetching region for obj_id=15000000000
[INFO] PDC_SERVER[3]: Checking against Object 10000000000
[INFO] PDC_SERVER[3]: Checking against Object 11000000000
[INFO] PDC_SERVER[3]: Checking against Object 12000000000
[INFO] PDC_SERVER[3]: Object 15000000000 NOT found in cache
[INFO] PDC_SERVER[3]: Fetching region from server for obj_id=15000000000
[INFO] PDC_SERVER[2]: Fetching region for obj_id=15000000000
[INFO] PDC_SERVER[2]: Checking against Object 10000000000
[INFO] PDC_SERVER[2]: Checking against Object 11000000000
[INFO] PDC_SERVER[2]: Checking against Object 12000000000
[INFO] PDC_SERVER[2]: Object 15000000000 NOT found in cache
[INFO] PDC_SERVER[2]: Fetching region from server for obj_id=15000000000
[13:55:01.827505] [WARNING] [pdc_tf_server.c:393] PDC_SERVER[4]: SCHED: setting CUDA device to 0 for edge 0 func=zfp_decompress
[13:55:01.827521] [WARNING] [pdc_tf_server.c:475] PDC_SERVER[15]: SCHED: done running transformations
[13:55:01.827556] [WARNING] [pdc_tf_server.c:401] PDC_SERVER[4]: SCHED: executing edge 0 func=zfp_decompress dev=GPU
[13:55:01.828783] [WARNING] [pdc_tf_server.c:475] PDC_SERVER[5]: SCHED: done running transformations
[13:55:01.828805] [WARNING] [pdc_tf_server.c:393] PDC_SERVER[14]: SCHED: setting CUDA device to 0 for edge 0 func=zfp_decompress
[13:55:01.828828] [WARNING] [pdc_tf_server.c:401] PDC_SERVER[14]: SCHED: executing edge 0 func=zfp_decompress dev=GPU
[INFO] PDC_SERVER[0]: Fetching region for obj_id=15000000000
[INFO] PDC_SERVER[0]: Checking against Object 10000000000
[INFO] PDC_SERVER[0]: Checking against Object 11000000000
[INFO] PDC_SERVER[0]: Checking against Object 12000000000
[INFO] PDC_SERVER[0]: Object 15000000000 NOT found in cache
[INFO] PDC_SERVER[0]: Fetching region from server for obj_id=15000000000
[INFO] PDC_SERVER[12]: Fetching region for obj_id=15000000000
[INFO] PDC_SERVER[12]: Checking against Object 10000000000
[INFO] PDC_SERVER[12]: Checking against Object 11000000000
[INFO] PDC_SERVER[12]: Checking against Object 12000000000
[INFO] PDC_SERVER[12]: Object 15000000000 NOT found in cache
[INFO] PDC_SERVER[12]: Fetching region from server for obj_id=15000000000
[13:55:01.830137] [WARNING] [pdc_tf_server.c:393] PDC_SERVER[8]: SCHED: setting CUDA device to 0 for edge 0 func=zfp_decompress
[13:55:01.830161] [WARNING] [pdc_tf_server.c:401] PDC_SERVER[8]: SCHED: executing edge 0 func=zfp_decompress dev=GPU
[13:55:01.830279] [WARNING] [pdc_tf_server.c:475] PDC_SERVER[9]: SCHED: done running transformations
[13:55:01.831024] [WARNING] [pdc_tf_server.c:475] PDC_SERVER[11]: SCHED: done running transformations
[INFO] PDC_SERVER[6]: Fetching region for obj_id=15000000000
[INFO] PDC_SERVER[6]: Checking against Object 10000000000
[INFO] PDC_SERVER[6]: Checking against Object 11000000000
[INFO] PDC_SERVER[6]: Checking against Object 12000000000
[INFO] PDC_SERVER[6]: Object 15000000000 NOT found in cache
[INFO] PDC_SERVER[6]: Fetching region from server for obj_id=15000000000
[INFO] PDC_SERVER[15]: Fetching region for obj_id=15000000000
[INFO] PDC_SERVER[15]: Checking against Object 10000000000
[INFO] PDC_SERVER[15]: Checking against Object 11000000000
[INFO] PDC_SERVER[15]: Checking against Object 12000000000
[INFO] PDC_SERVER[15]: Object 15000000000 NOT found in cache
[INFO] PDC_SERVER[15]: Fetching region from server for obj_id=15000000000
[13:55:01.832663] [WARNING] [pdc_tf_server.c:475] PDC_SERVER[1]: SCHED: done running transformations
[INFO] PDC_SERVER[9]: Fetching region for obj_id=15000000000
[INFO] PDC_SERVER[9]: Checking against Object 10000000000
[INFO] PDC_SERVER[9]: Checking against Object 11000000000
[INFO] PDC_SERVER[9]: Checking against Object 12000000000
[INFO] PDC_SERVER[9]: Object 15000000000 NOT found in cache
[INFO] PDC_SERVER[9]: Fetching region from server for obj_id=15000000000
[INFO] PDC_SERVER[11]: Fetching region for obj_id=15000000000
[INFO] PDC_SERVER[11]: Checking against Object 10000000000
[INFO] PDC_SERVER[11]: Checking against Object 11000000000
[INFO] PDC_SERVER[11]: Checking against Object 12000000000
[INFO] PDC_SERVER[11]: Object 15000000000 NOT found in cache
[INFO] PDC_SERVER[11]: Fetching region from server for obj_id=15000000000
[13:55:01.835995] [WARNING] [pdc_tf_server.c:393] PDC_SERVER[7]: SCHED: setting CUDA device to 0 for edge 0 func=zfp_decompress
[13:55:01.836023] [WARNING] [pdc_tf_server.c:401] PDC_SERVER[7]: SCHED: executing edge 0 func=zfp_decompress dev=GPU
[13:55:01.836615] [WARNING] [pdc_tf_server.c:393] PDC_SERVER[13]: SCHED: setting CUDA device to 0 for edge 0 func=zfp_decompress
[13:55:01.836631] [WARNING] [pdc_tf_server.c:401] PDC_SERVER[13]: SCHED: executing edge 0 func=zfp_decompress dev=GPU
[INFO] PDC_SERVER[5]: Fetching region for obj_id=15000000000
[INFO] PDC_SERVER[5]: Checking against Object 10000000000
[INFO] PDC_SERVER[5]: Checking against Object 11000000000
[INFO] PDC_SERVER[5]: Checking against Object 12000000000
[INFO] PDC_SERVER[5]: Object 15000000000 NOT found in cache
[INFO] PDC_SERVER[5]: Fetching region from server for obj_id=15000000000
[13:55:01.837232] [WARNING] [pdc_tf_server.c:475] PDC_SERVER[14]: SCHED: done running transformations
[INFO] PDC_SERVER[1]: Fetching region for obj_id=15000000000
[INFO] PDC_SERVER[1]: Checking against Object 10000000000
[INFO] PDC_SERVER[1]: Checking against Object 11000000000
[INFO] PDC_SERVER[1]: Checking against Object 12000000000
[INFO] PDC_SERVER[1]: Object 15000000000 NOT found in cache
[INFO] PDC_SERVER[1]: Fetching region from server for obj_id=15000000000
[13:55:01.840445] [WARNING] [pdc_tf_server.c:475] PDC_SERVER[4]: SCHED: done running transformations
[13:55:01.840482] [WARNING] [pdc_tf_server.c:393] PDC_SERVER[10]: SCHED: setting CUDA device to 0 for edge 0 func=zfp_decompress
[13:55:01.840500] [WARNING] [pdc_tf_server.c:401] PDC_SERVER[10]: SCHED: executing edge 0 func=zfp_decompress dev=GPU
[13:55:01.841186] [WARNING] [pdc_tf_server.c:475] PDC_SERVER[8]: SCHED: done running transformations
[INFO] PDC_SERVER[14]: Fetching region for obj_id=15000000000
[INFO] PDC_SERVER[14]: Checking against Object 10000000000
[INFO] PDC_SERVER[14]: Checking against Object 11000000000
[INFO] PDC_SERVER[14]: Checking against Object 12000000000
[INFO] PDC_SERVER[14]: Object 15000000000 NOT found in cache
[INFO] PDC_SERVER[14]: Fetching region from server for obj_id=15000000000
[13:55:01.842521] [WARNING] [pdc_tf_server.c:393] PDC_SERVER[3]: SCHED: setting CUDA device to 0 for edge 0 func=zfp_decompress
[13:55:01.842543] [WARNING] [pdc_tf_server.c:401] PDC_SERVER[3]: SCHED: executing edge 0 func=zfp_decompress dev=GPU
[INFO] PDC_SERVER[0]: Executing graph with json filepath /pscratch/sd/n/nlewi26/src/work_space/source/pdc/tf_client/graphs/zfp_gpu.json
[13:55:01.844910] [WARNING] [pdc_tf_server.c:393] PDC_SERVER[0]: SCHED: setting CUDA device to 0 for edge 0 func=zfp_decompress
[13:55:01.844920] [WARNING] [pdc_tf_server.c:401] PDC_SERVER[0]: SCHED: executing edge 0 func=zfp_decompress dev=GPU
[INFO] PDC_SERVER[8]: Fetching region for obj_id=15000000000
[INFO] PDC_SERVER[8]: Checking against Object 10000000000
[INFO] PDC_SERVER[8]: Checking against Object 11000000000
[INFO] PDC_SERVER[8]: Checking against Object 12000000000
[INFO] PDC_SERVER[8]: Object 15000000000 NOT found in cache
[INFO] PDC_SERVER[8]: Fetching region from server for obj_id=15000000000
[13:55:01.846400] [WARNING] [pdc_tf_server.c:475] PDC_SERVER[13]: SCHED: done running transformations
[13:55:01.846576] [WARNING] [pdc_tf_server.c:475] PDC_SERVER[7]: SCHED: done running transformations
[INFO] PDC_SERVER[4]: Fetching region for obj_id=15000000000
[INFO] PDC_SERVER[4]: Checking against Object 10000000000
[INFO] PDC_SERVER[4]: Checking against Object 11000000000
[INFO] PDC_SERVER[4]: Checking against Object 12000000000
[INFO] PDC_SERVER[4]: Object 15000000000 NOT found in cache
[INFO] PDC_SERVER[4]: Fetching region from server for obj_id=15000000000
[13:55:01.848256] [WARNING] [pdc_tf_server.c:393] PDC_SERVER[15]: SCHED: setting CUDA device to 0 for edge 0 func=zfp_decompress
[13:55:01.848270] [WARNING] [pdc_tf_server.c:401] PDC_SERVER[15]: SCHED: executing edge 0 func=zfp_decompress dev=GPU
[13:55:01.849495] [WARNING] [pdc_tf_server.c:393] PDC_SERVER[2]: SCHED: setting CUDA device to 0 for edge 0 func=zfp_decompress
[13:55:01.849517] [WARNING] [pdc_tf_server.c:401] PDC_SERVER[2]: SCHED: executing edge 0 func=zfp_decompress dev=GPU
[13:55:01.851002] [WARNING] [pdc_tf_server.c:393] PDC_SERVER[9]: SCHED: setting CUDA device to 0 for edge 0 func=zfp_decompress
[13:55:01.851026] [WARNING] [pdc_tf_server.c:401] PDC_SERVER[9]: SCHED: executing edge 0 func=zfp_decompress dev=GPU
[INFO] PDC_SERVER[13]: Fetching region for obj_id=15000000000
[INFO] PDC_SERVER[13]: Checking against Object 10000000000
[INFO] PDC_SERVER[13]: Checking against Object 11000000000
[INFO] PDC_SERVER[13]: Checking against Object 12000000000
[INFO] PDC_SERVER[13]: Object 15000000000 NOT found in cache
[INFO] PDC_SERVER[13]: Fetching region from server for obj_id=15000000000
[13:55:01.851880] [WARNING] [pdc_tf_server.c:393] PDC_SERVER[12]: SCHED: setting CUDA device to 0 for edge 0 func=zfp_decompress
[13:55:01.851912] [WARNING] [pdc_tf_server.c:401] PDC_SERVER[12]: SCHED: executing edge 0 func=zfp_decompress dev=GPU
[13:55:01.852185] [WARNING] [pdc_tf_server.c:393] PDC_SERVER[11]: SCHED: setting CUDA device to 0 for edge 0 func=zfp_decompress
[13:55:01.852199] [WARNING] [pdc_tf_server.c:401] PDC_SERVER[11]: SCHED: executing edge 0 func=zfp_decompress dev=GPU
[INFO] PDC_SERVER[7]: Fetching region for obj_id=15000000000
[INFO] PDC_SERVER[7]: Checking against Object 10000000000
[INFO] PDC_SERVER[7]: Checking against Object 11000000000
[INFO] PDC_SERVER[7]: Checking against Object 12000000000
[INFO] PDC_SERVER[7]: Object 15000000000 NOT found in cache
[INFO] PDC_SERVER[7]: Fetching region from server for obj_id=15000000000
[13:55:01.853144] [WARNING] [pdc_tf_server.c:475] PDC_SERVER[10]: SCHED: done running transformations
[13:55:01.853372] [WARNING] [pdc_tf_server.c:475] PDC_SERVER[3]: SCHED: done running transformations
[13:55:01.853438] [WARNING] [pdc_tf_server.c:475] PDC_SERVER[0]: SCHED: done running transformations
[13:55:01.853761] [WARNING] [pdc_tf_server.c:393] PDC_SERVER[6]: SCHED: setting CUDA device to 0 for edge 0 func=zfp_decompress
[13:55:01.853790] [WARNING] [pdc_tf_server.c:401] PDC_SERVER[6]: SCHED: executing edge 0 func=zfp_decompress dev=GPU
[13:55:01.854154] [WARNING] [pdc_tf_server.c:393] PDC_SERVER[5]: SCHED: setting CUDA device to 0 for edge 0 func=zfp_decompress
[13:55:01.854177] [WARNING] [pdc_tf_server.c:401] PDC_SERVER[5]: SCHED: executing edge 0 func=zfp_decompress dev=GPU
[13:55:01.856852] [WARNING] [pdc_tf_server.c:393] PDC_SERVER[1]: SCHED: setting CUDA device to 0 for edge 0 func=zfp_decompress
[13:55:01.856876] [WARNING] [pdc_tf_server.c:401] PDC_SERVER[1]: SCHED: executing edge 0 func=zfp_decompress dev=GPU
[13:55:01.857056] [WARNING] [pdc_tf_server.c:475] PDC_SERVER[15]: SCHED: done running transformations
[INFO] PDC_SERVER[0]: Fetching region for obj_id=15000000000
[INFO] PDC_SERVER[0]: Checking against Object 10000000000
[INFO] PDC_SERVER[0]: Checking against Object 11000000000
[INFO] PDC_SERVER[0]: Checking against Object 12000000000
[INFO] PDC_SERVER[0]: Object 15000000000 NOT found in cache
[INFO] PDC_SERVER[0]: Fetching region from server for obj_id=15000000000
[INFO] PDC_SERVER[3]: Fetching region for obj_id=15000000000
[INFO] PDC_SERVER[3]: Checking against Object 10000000000
[INFO] PDC_SERVER[3]: Checking against Object 11000000000
[INFO] PDC_SERVER[3]: Checking against Object 12000000000
[INFO] PDC_SERVER[3]: Object 15000000000 NOT found in cache
[INFO] PDC_SERVER[3]: Fetching region from server for obj_id=15000000000
[INFO] PDC_SERVER[10]: Fetching region for obj_id=15000000000
[INFO] PDC_SERVER[10]: Checking against Object 10000000000
[INFO] PDC_SERVER[10]: Checking against Object 11000000000
[INFO] PDC_SERVER[10]: Checking against Object 12000000000
[INFO] PDC_SERVER[10]: Object 15000000000 NOT found in cache
[INFO] PDC_SERVER[10]: Fetching region from server for obj_id=15000000000
[13:55:01.861588] [WARNING] [pdc_tf_server.c:475] PDC_SERVER[12]: SCHED: done running transformations
[13:55:01.862083] [WARNING] [pdc_tf_server.c:393] PDC_SERVER[8]: SCHED: setting CUDA device to 0 for edge 0 func=zfp_decompress
[13:55:01.862113] [WARNING] [pdc_tf_server.c:401] PDC_SERVER[8]: SCHED: executing edge 0 func=zfp_decompress dev=GPU
[13:55:01.863642] [WARNING] [pdc_tf_server.c:475] PDC_SERVER[6]: SCHED: done running transformations
[13:55:01.864447] [WARNING] [pdc_tf_server.c:393] PDC_SERVER[14]: SCHED: setting CUDA device to 0 for edge 0 func=zfp_decompress
[13:55:01.864487] [WARNING] [pdc_tf_server.c:401] PDC_SERVER[14]: SCHED: executing edge 0 func=zfp_decompress dev=GPU
[13:55:01.864892] [WARNING] [pdc_tf_server.c:475] PDC_SERVER[5]: SCHED: done running transformations
[13:55:01.865637] [WARNING] [pdc_tf_server.c:475] PDC_SERVER[1]: SCHED: done running transformations
[13:55:01.866408] [WARNING] [pdc_tf_server.c:475] PDC_SERVER[9]: SCHED: done running transformations
[13:55:01.866699] [WARNING] [pdc_tf_server.c:475] PDC_SERVER[2]: SCHED: done running transformations
[13:55:01.868549] [WARNING] [pdc_tf_server.c:393] PDC_SERVER[13]: SCHED: setting CUDA device to 0 for edge 0 func=zfp_decompress
[13:55:01.868567] [WARNING] [pdc_tf_server.c:401] PDC_SERVER[13]: SCHED: executing edge 0 func=zfp_decompress dev=GPU
[13:55:01.868750] [WARNING] [pdc_tf_server.c:393] PDC_SERVER[4]: SCHED: setting CUDA device to 0 for edge 0 func=zfp_decompress
[13:55:01.868771] [WARNING] [pdc_tf_server.c:401] PDC_SERVER[4]: SCHED: executing edge 0 func=zfp_decompress dev=GPU
[INFO] PDC_SERVER[6]: Fetching region for obj_id=15000000000
[INFO] PDC_SERVER[6]: Checking against Object 10000000000
[INFO] PDC_SERVER[6]: Checking against Object 11000000000
[INFO] PDC_SERVER[6]: Checking against Object 12000000000
[INFO] PDC_SERVER[6]: Object 15000000000 NOT found in cache
[INFO] PDC_SERVER[6]: Fetching region from server for obj_id=15000000000
[INFO] PDC_SERVER[1]: Fetching region for obj_id=15000000000
[INFO] PDC_SERVER[1]: Checking against Object 10000000000
[INFO] PDC_SERVER[1]: Checking against Object 11000000000
[INFO] PDC_SERVER[1]: Checking against Object 12000000000
[INFO] PDC_SERVER[1]: Object 15000000000 NOT found in cache
[INFO] PDC_SERVER[1]: Fetching region from server for obj_id=15000000000
[13:55:01.870629] [WARNING] [pdc_tf_server.c:475] PDC_SERVER[11]: SCHED: done running transformations
[INFO] PDC_SERVER[5]: Fetching region for obj_id=15000000000
[INFO] PDC_SERVER[5]: Checking against Object 10000000000
[INFO] PDC_SERVER[5]: Checking against Object 11000000000
[INFO] PDC_SERVER[5]: Checking against Object 12000000000
[INFO] PDC_SERVER[5]: Object 15000000000 NOT found in cache
[INFO] PDC_SERVER[5]: Fetching region from server for obj_id=15000000000
[INFO] PDC_SERVER[2]: Fetching region for obj_id=15000000000
[INFO] PDC_SERVER[2]: Checking against Object 10000000000
[INFO] PDC_SERVER[2]: Checking against Object 11000000000
[INFO] PDC_SERVER[2]: Checking against Object 12000000000
[INFO] PDC_SERVER[2]: Object 15000000000 NOT found in cache
[INFO] PDC_SERVER[2]: Fetching region from server for obj_id=15000000000
[INFO] PDC_SERVER[12]: Fetching region for obj_id=15000000000
[INFO] PDC_SERVER[12]: Checking against Object 10000000000
[INFO] PDC_SERVER[12]: Checking against Object 11000000000
[INFO] PDC_SERVER[12]: Checking against Object 12000000000
[INFO] PDC_SERVER[12]: Object 15000000000 NOT found in cache
[INFO] PDC_SERVER[12]: Fetching region from server for obj_id=15000000000
[INFO] PDC_SERVER[0]: Executing graph with json filepath /pscratch/sd/n/nlewi26/src/work_space/source/pdc/tf_client/graphs/zfp_gpu.json
[13:55:01.875015] [WARNING] [pdc_tf_server.c:393] PDC_SERVER[0]: SCHED: setting CUDA device to 0 for edge 0 func=zfp_decompress
[13:55:01.875030] [WARNING] [pdc_tf_server.c:401] PDC_SERVER[0]: SCHED: executing edge 0 func=zfp_decompress dev=GPU
[13:55:01.875140] [WARNING] [pdc_tf_server.c:393] PDC_SERVER[7]: SCHED: setting CUDA device to 0 for edge 0 func=zfp_decompress
[13:55:01.875170] [WARNING] [pdc_tf_server.c:401] PDC_SERVER[7]: SCHED: executing edge 0 func=zfp_decompress dev=GPU
[13:55:01.877073] [WARNING] [pdc_tf_server.c:393] PDC_SERVER[10]: SCHED: setting CUDA device to 0 for edge 0 func=zfp_decompress
[13:55:01.877107] [WARNING] [pdc_tf_server.c:401] PDC_SERVER[10]: SCHED: executing edge 0 func=zfp_decompress dev=GPU
[13:55:01.877863] [WARNING] [pdc_tf_server.c:393] PDC_SERVER[3]: SCHED: setting CUDA device to 0 for edge 0 func=zfp_decompress
[13:55:01.877881] [WARNING] [pdc_tf_server.c:401] PDC_SERVER[3]: SCHED: executing edge 0 func=zfp_decompress dev=GPU
[13:55:01.878907] [WARNING] [pdc_tf_server.c:475] PDC_SERVER[14]: SCHED: done running transformations
[13:55:01.880670] [WARNING] [pdc_tf_server.c:475] PDC_SERVER[13]: SCHED: done running transformations
[13:55:01.882763] [WARNING] [pdc_tf_server.c:475] PDC_SERVER[4]: SCHED: done running transformations
[13:55:01.883478] [WARNING] [pdc_tf_server.c:475] PDC_SERVER[0]: SCHED: done running transformations
[13:55:01.886653] [WARNING] [pdc_tf_server.c:475] PDC_SERVER[8]: SCHED: done running transformations
[13:55:01.886817] [WARNING] [pdc_tf_server.c:393] PDC_SERVER[1]: SCHED: setting CUDA device to 0 for edge 0 func=zfp_decompress
[13:55:01.886836] [WARNING] [pdc_tf_server.c:401] PDC_SERVER[1]: SCHED: executing edge 0 func=zfp_decompress dev=GPU
[13:55:01.887717] [WARNING] [pdc_tf_server.c:475] PDC_SERVER[3]: SCHED: done running transformations
[INFO] PDC_SERVER[4]: Fetching region for obj_id=15000000000
[INFO] PDC_SERVER[4]: Checking against Object 10000000000
[INFO] PDC_SERVER[4]: Checking against Object 11000000000
[INFO] PDC_SERVER[4]: Checking against Object 12000000000
[INFO] PDC_SERVER[4]: Object 15000000000 NOT found in cache
[INFO] PDC_SERVER[4]: Fetching region from server for obj_id=15000000000
[13:55:01.893502] [WARNING] [pdc_tf_server.c:393] PDC_SERVER[5]: SCHED: setting CUDA device to 0 for edge 0 func=zfp_decompress
[13:55:01.893525] [WARNING] [pdc_tf_server.c:401] PDC_SERVER[5]: SCHED: executing edge 0 func=zfp_decompress dev=GPU
[13:55:01.893532] [WARNING] [pdc_tf_server.c:393] PDC_SERVER[6]: SCHED: setting CUDA device to 0 for edge 0 func=zfp_decompress
[13:55:01.893547] [WARNING] [pdc_tf_server.c:401] PDC_SERVER[6]: SCHED: executing edge 0 func=zfp_decompress dev=GPU
[13:55:01.895542] [WARNING] [pdc_tf_server.c:475] PDC_SERVER[7]: SCHED: done running transformations
[INFO] PDC_SERVER[3]: Fetching region for obj_id=15000000000
[INFO] PDC_SERVER[3]: Checking against Object 10000000000
[INFO] PDC_SERVER[3]: Checking against Object 11000000000
[INFO] PDC_SERVER[3]: Checking against Object 12000000000
[INFO] PDC_SERVER[3]: Object 15000000000 NOT found in cache
[INFO] PDC_SERVER[3]: Fetching region from server for obj_id=15000000000
[13:55:01.898662] [WARNING] [pdc_tf_server.c:393] PDC_SERVER[2]: SCHED: setting CUDA device to 0 for edge 0 func=zfp_decompress
[13:55:01.898685] [WARNING] [pdc_tf_server.c:401] PDC_SERVER[2]: SCHED: executing edge 0 func=zfp_decompress dev=GPU
[13:55:01.902856] [WARNING] [pdc_tf_server.c:393] PDC_SERVER[12]: SCHED: setting CUDA device to 0 for edge 0 func=zfp_decompress
[13:55:01.902896] [WARNING] [pdc_tf_server.c:401] PDC_SERVER[12]: SCHED: executing edge 0 func=zfp_decompress dev=GPU
[13:55:01.904313] [WARNING] [pdc_tf_server.c:475] PDC_SERVER[1]: SCHED: done running transformations
[13:55:01.905715] [WARNING] [pdc_tf_server.c:393] PDC_SERVER[4]: SCHED: setting CUDA device to 0 for edge 0 func=zfp_decompress
[13:55:01.905735] [WARNING] [pdc_tf_server.c:401] PDC_SERVER[4]: SCHED: executing edge 0 func=zfp_decompress dev=GPU
[13:55:01.915735] [WARNING] [pdc_tf_server.c:475] PDC_SERVER[12]: SCHED: done running transformations
[13:55:01.916949] [WARNING] [pdc_tf_server.c:475] PDC_SERVER[5]: SCHED: done running transformations
[13:55:01.918188] [WARNING] [pdc_tf_server.c:475] PDC_SERVER[10]: SCHED: done running transformations
[13:55:01.918404] [WARNING] [pdc_tf_server.c:475] PDC_SERVER[6]: SCHED: done running transformations
[13:55:01.918826] [WARNING] [pdc_tf_server.c:475] PDC_SERVER[2]: SCHED: done running transformations
[13:55:01.925204] [WARNING] [pdc_tf_server.c:475] PDC_SERVER[4]: SCHED: done running transformations
[13:55:01.925598] [WARNING] [pdc_tf_server.c:393] PDC_SERVER[3]: SCHED: setting CUDA device to 0 for edge 0 func=zfp_decompress
[13:55:01.925619] [WARNING] [pdc_tf_server.c:401] PDC_SERVER[3]: SCHED: executing edge 0 func=zfp_decompress dev=GPU
[INFO] PDC_SERVER[2]: Fetching region for obj_id=15000000000
[INFO] PDC_SERVER[2]: Checking against Object 10000000000
[INFO] PDC_SERVER[2]: Checking against Object 11000000000
[INFO] PDC_SERVER[2]: Checking against Object 12000000000
[INFO] PDC_SERVER[2]: Object 15000000000 NOT found in cache
[INFO] PDC_SERVER[2]: Fetching region from server for obj_id=15000000000
[13:55:01.940242] [WARNING] [pdc_tf_server.c:475] PDC_SERVER[3]: SCHED: done running transformations
[13:55:01.954143] [WARNING] [pdc_tf_server.c:393] PDC_SERVER[2]: SCHED: setting CUDA device to 0 for edge 0 func=zfp_decompress
[13:55:01.954180] [WARNING] [pdc_tf_server.c:401] PDC_SERVER[2]: SCHED: executing edge 0 func=zfp_decompress dev=GPU
[13:55:01.968239] [WARNING] [pdc_tf_server.c:475] PDC_SERVER[2]: SCHED: done running transformations
[INFO] PDC_SERVER[0]: Starting flush for obj_id 11000000001, ndim=3
[13:55:02.155022] [WARNING] [pdc_server_region_cache.c:823] PDC_SERVER[0]: Region mapping lookup took 0.000000 s
[13:55:02.155029] [WARNING] [pdc_server_region_cache.c:828] PDC_SERVER[0]: No region mapping found for obj_id 11000000001
[13:55:02.173842] [WARNING] [pdc_server_region_cache.c:834] PDC_SERVER[0]: Flushed region via POSIX I/O in 0.018800 s
[13:55:02.173858] [WARNING] [pdc_server_region_cache.c:850] PDC_SERVER[0]: [2026-10-07 13:55:02.173855] Flushed 16.00 / 16.00 MB to storage
[INFO] PDC_SERVER[0]: Region flush iteration took 0.018843 s
[INFO] PDC_SERVER[0]: Starting flush for obj_id 11000000001, ndim=3
[13:55:02.177272] [WARNING] [pdc_server_region_cache.c:823] PDC_SERVER[0]: Region mapping lookup took 0.000000 s
[13:55:02.177277] [WARNING] [pdc_server_region_cache.c:828] PDC_SERVER[0]: No region mapping found for obj_id 11000000001
[13:55:02.194623] [WARNING] [pdc_server_region_cache.c:834] PDC_SERVER[0]: Flushed region via POSIX I/O in 0.017343 s
[13:55:02.194635] [WARNING] [pdc_server_region_cache.c:850] PDC_SERVER[0]: [2026-10-07 13:55:02.194632] Flushed 16.00 / 16.00 MB to storage
[INFO] PDC_SERVER[0]: Region flush iteration took 0.017369 s
[INFO] PDC_SERVER[0]: Starting flush for obj_id 11000000001, ndim=3
[13:55:02.196458] [WARNING] [pdc_server_region_cache.c:823] PDC_SERVER[0]: Region mapping lookup took 0.000000 s
[13:55:02.196463] [WARNING] [pdc_server_region_cache.c:828] PDC_SERVER[0]: No region mapping found for obj_id 11000000001
[13:55:02.213936] [WARNING] [pdc_server_region_cache.c:834] PDC_SERVER[0]: Flushed region via POSIX I/O in 0.017466 s
[13:55:02.213945] [WARNING] [pdc_server_region_cache.c:850] PDC_SERVER[0]: [2026-10-07 13:55:02.213942] Flushed 16.00 / 16.00 MB to storage
[INFO] PDC_SERVER[0]: Region flush iteration took 0.017494 s
[INFO] PDC_SERVER[0]: Starting flush for obj_id 11000000001, ndim=3
[13:55:02.215605] [WARNING] [pdc_server_region_cache.c:823] PDC_SERVER[0]: Region mapping lookup took 0.000001 s
[13:55:02.215615] [WARNING] [pdc_server_region_cache.c:828] PDC_SERVER[0]: No region mapping found for obj_id 11000000001
[13:55:02.235196] [WARNING] [pdc_server_region_cache.c:834] PDC_SERVER[0]: Flushed region via POSIX I/O in 0.019556 s
[13:55:02.235217] [WARNING] [pdc_server_region_cache.c:850] PDC_SERVER[0]: [2026-10-07 13:55:02.235212] Flushed 16.00 / 16.00 MB to storage
[INFO] PDC_SERVER[0]: Region flush iteration took 0.019623 s
[INFO] PDC_SERVER[0]: Starting flush for obj_id 11000000001, ndim=3
[13:55:02.236917] [WARNING] [pdc_server_region_cache.c:823] PDC_SERVER[0]: Region mapping lookup took 0.000001 s
[13:55:02.236922] [WARNING] [pdc_server_region_cache.c:828] PDC_SERVER[0]: No region mapping found for obj_id 11000000001
[13:55:02.254982] [WARNING] [pdc_server_region_cache.c:834] PDC_SERVER[0]: Flushed region via POSIX I/O in 0.018052 s
[13:55:02.254992] [WARNING] [pdc_server_region_cache.c:850] PDC_SERVER[0]: [2026-10-07 13:55:02.254989] Flushed 16.00 / 16.00 MB to storage
[INFO] PDC_SERVER[0]: Region flush iteration took 0.018082 s
[INFO] PDC_SERVER[0]: Starting flush for obj_id 11000000001, ndim=3
[13:55:02.256202] [WARNING] [pdc_server_region_cache.c:823] PDC_SERVER[0]: Region mapping lookup took 0.000001 s
[13:55:02.256207] [WARNING] [pdc_server_region_cache.c:828] PDC_SERVER[0]: No region mapping found for obj_id 11000000001
[13:55:02.274545] [WARNING] [pdc_server_region_cache.c:834] PDC_SERVER[0]: Flushed region via POSIX I/O in 0.018330 s
[13:55:02.274555] [WARNING] [pdc_server_region_cache.c:850] PDC_SERVER[0]: [2026-10-07 13:55:02.274552] Flushed 16.00 / 16.00 MB to storage
[INFO] PDC_SERVER[0]: Region flush iteration took 0.018361 s
[INFO] PDC_SERVER[0]: Starting flush for obj_id 11000000001, ndim=3
[13:55:02.275682] [WARNING] [pdc_server_region_cache.c:823] PDC_SERVER[0]: Region mapping lookup took 0.000001 s
[13:55:02.275687] [WARNING] [pdc_server_region_cache.c:828] PDC_SERVER[0]: No region mapping found for obj_id 11000000001
[13:55:02.292984] [WARNING] [pdc_server_region_cache.c:834] PDC_SERVER[0]: Flushed region via POSIX I/O in 0.017290 s
[13:55:02.292994] [WARNING] [pdc_server_region_cache.c:850] PDC_SERVER[0]: [2026-10-07 13:55:02.292991] Flushed 16.00 / 16.00 MB to storage
[INFO] PDC_SERVER[0]: Region flush iteration took 0.017318 s
[INFO] PDC_SERVER[0]: Starting flush for obj_id 11000000001, ndim=3
[13:55:02.307299] [WARNING] [pdc_server_region_cache.c:823] PDC_SERVER[0]: Region mapping lookup took 0.000000 s
[13:55:02.307305] [WARNING] [pdc_server_region_cache.c:828] PDC_SERVER[0]: No region mapping found for obj_id 11000000001
[13:55:02.325296] [WARNING] [pdc_server_region_cache.c:834] PDC_SERVER[0]: Flushed region via POSIX I/O in 0.017987 s
[13:55:02.325309] [WARNING] [pdc_server_region_cache.c:850] PDC_SERVER[0]: [2026-10-07 13:55:02.325307] Flushed 16.00 / 16.00 MB to storage
[INFO] PDC_SERVER[0]: Region flush iteration took 0.018016 s
[INFO] PDC_SERVER[0]: Starting flush for obj_id 12000000001, ndim=3
[13:55:02.328552] [WARNING] [pdc_server_region_cache.c:823] PDC_SERVER[0]: Region mapping lookup took 0.000000 s
[13:55:02.328557] [WARNING] [pdc_server_region_cache.c:828] PDC_SERVER[0]: No region mapping found for obj_id 12000000001
[13:55:02.348197] [WARNING] [pdc_server_region_cache.c:834] PDC_SERVER[0]: Flushed region via POSIX I/O in 0.019631 s
[13:55:02.348209] [WARNING] [pdc_server_region_cache.c:850] PDC_SERVER[0]: [2026-10-07 13:55:02.348206] Flushed 16.00 / 16.00 MB to storage
[INFO] PDC_SERVER[0]: Region flush iteration took 0.019663 s
[INFO] PDC_SERVER[0]: Starting flush for obj_id 12000000001, ndim=3
[13:55:02.349548] [WARNING] [pdc_server_region_cache.c:823] PDC_SERVER[0]: Region mapping lookup took 0.000001 s
[13:55:02.349552] [WARNING] [pdc_server_region_cache.c:828] PDC_SERVER[0]: No region mapping found for obj_id 12000000001
[13:55:02.368001] [WARNING] [pdc_server_region_cache.c:834] PDC_SERVER[0]: Flushed region via POSIX I/O in 0.018439 s
[13:55:02.368014] [WARNING] [pdc_server_region_cache.c:850] PDC_SERVER[0]: [2026-10-07 13:55:02.368011] Flushed 16.00 / 16.00 MB to storage
[INFO] PDC_SERVER[0]: Region flush iteration took 0.018473 s
[INFO] PDC_SERVER[0]: Starting flush for obj_id 12000000001, ndim=3
[13:55:02.369512] [WARNING] [pdc_server_region_cache.c:823] PDC_SERVER[0]: Region mapping lookup took 0.000001 s
[13:55:02.369517] [WARNING] [pdc_server_region_cache.c:828] PDC_SERVER[0]: No region mapping found for obj_id 12000000001
[13:55:02.387318] [WARNING] [pdc_server_region_cache.c:834] PDC_SERVER[0]: Flushed region via POSIX I/O in 0.017795 s
[13:55:02.387328] [WARNING] [pdc_server_region_cache.c:850] PDC_SERVER[0]: [2026-10-07 13:55:02.387325] Flushed 16.00 / 16.00 MB to storage
[INFO] PDC_SERVER[0]: Region flush iteration took 0.017822 s
[INFO] PDC_SERVER[0]: Starting flush for obj_id 12000000001, ndim=3
[13:55:02.388642] [WARNING] [pdc_server_region_cache.c:823] PDC_SERVER[0]: Region mapping lookup took 0.000001 s
[13:55:02.388647] [WARNING] [pdc_server_region_cache.c:828] PDC_SERVER[0]: No region mapping found for obj_id 12000000001
[13:55:02.409023] [WARNING] [pdc_server_region_cache.c:834] PDC_SERVER[0]: Flushed region via POSIX I/O in 0.020364 s
[13:55:02.409038] [WARNING] [pdc_server_region_cache.c:850] PDC_SERVER[0]: [2026-10-07 13:55:02.409035] Flushed 16.00 / 16.00 MB to storage
[INFO] PDC_SERVER[0]: Region flush iteration took 0.020404 s
[INFO] PDC_SERVER[0]: Starting flush for obj_id 12000000001, ndim=3
[13:55:02.411035] [WARNING] [pdc_server_region_cache.c:823] PDC_SERVER[0]: Region mapping lookup took 0.000001 s
[13:55:02.411039] [WARNING] [pdc_server_region_cache.c:828] PDC_SERVER[0]: No region mapping found for obj_id 12000000001
[13:55:02.429548] [WARNING] [pdc_server_region_cache.c:834] PDC_SERVER[0]: Flushed region via POSIX I/O in 0.018503 s
[13:55:02.429566] [WARNING] [pdc_server_region_cache.c:850] PDC_SERVER[0]: [2026-10-07 13:55:02.429564] Flushed 16.00 / 16.00 MB to storage
[INFO] PDC_SERVER[0]: Region flush iteration took 0.018537 s
[INFO] PDC_SERVER[0]: Starting flush for obj_id 12000000001, ndim=3
[13:55:02.431351] [WARNING] [pdc_server_region_cache.c:823] PDC_SERVER[0]: Region mapping lookup took 0.000001 s
[13:55:02.431356] [WARNING] [pdc_server_region_cache.c:828] PDC_SERVER[0]: No region mapping found for obj_id 12000000001
[13:55:02.450435] [WARNING] [pdc_server_region_cache.c:834] PDC_SERVER[0]: Flushed region via POSIX I/O in 0.019069 s
[13:55:02.450447] [WARNING] [pdc_server_region_cache.c:850] PDC_SERVER[0]: [2026-10-07 13:55:02.450444] Flushed 16.00 / 16.00 MB to storage
[INFO] PDC_SERVER[0]: Region flush iteration took 0.019102 s
[INFO] PDC_SERVER[0]: Starting flush for obj_id 12000000001, ndim=3
[13:55:02.461821] [WARNING] [pdc_server_region_cache.c:823] PDC_SERVER[0]: Region mapping lookup took 0.000001 s
[13:55:02.461828] [WARNING] [pdc_server_region_cache.c:828] PDC_SERVER[0]: No region mapping found for obj_id 12000000001
[13:55:02.479510] [WARNING] [pdc_server_region_cache.c:834] PDC_SERVER[0]: Flushed region via POSIX I/O in 0.017677 s
[13:55:02.479521] [WARNING] [pdc_server_region_cache.c:850] PDC_SERVER[0]: [2026-10-07 13:55:02.479519] Flushed 16.00 / 16.00 MB to storage
[INFO] PDC_SERVER[0]: Region flush iteration took 0.017707 s
[INFO] PDC_SERVER[0]: Starting flush for obj_id 12000000001, ndim=3
[13:55:02.488212] [WARNING] [pdc_server_region_cache.c:823] PDC_SERVER[0]: Region mapping lookup took 0.000000 s
[13:55:02.488217] [WARNING] [pdc_server_region_cache.c:828] PDC_SERVER[0]: No region mapping found for obj_id 12000000001
[13:55:02.505133] [WARNING] [pdc_server_region_cache.c:834] PDC_SERVER[0]: Flushed region via POSIX I/O in 0.016912 s
[13:55:02.505148] [WARNING] [pdc_server_region_cache.c:850] PDC_SERVER[0]: [2026-10-07 13:55:02.505145] Flushed 16.00 / 16.00 MB to storage
[INFO] PDC_SERVER[0]: Region flush iteration took 0.016942 s
[INFO] PDC_SERVER[0]: Starting flush for obj_id 13000000000, ndim=3
[13:55:02.508723] [WARNING] [pdc_server_region_cache.c:823] PDC_SERVER[0]: Region mapping lookup took 0.000000 s
[13:55:02.508728] [WARNING] [pdc_server_region_cache.c:828] PDC_SERVER[0]: No region mapping found for obj_id 13000000000
[13:55:02.769431] [WARNING] [pdc_tf_server.c:393] PDC_SERVER[13]: SCHED: setting CUDA device to 0 for edge 0 func=zfp_compress
[13:55:02.769466] [WARNING] [pdc_tf_server.c:401] PDC_SERVER[13]: SCHED: executing edge 0 func=zfp_compress dev=GPU
[13:55:02.772141] [WARNING] [pdc_tf_server.c:393] PDC_SERVER[8]: SCHED: setting CUDA device to 0 for edge 0 func=zfp_compress
[13:55:02.772230] [WARNING] [pdc_tf_server.c:401] PDC_SERVER[8]: SCHED: executing edge 0 func=zfp_compress dev=GPU
[13:55:02.777691] [WARNING] [pdc_tf_server.c:475] PDC_SERVER[13]: SCHED: done running transformations
[INFO] PDC_SERVER[0]: Executing graph with json filepath /pscratch/sd/n/nlewi26/src/work_space/source/pdc/tf_client/graphs/zfp_gpu.json
[13:55:02.778825] [WARNING] [pdc_tf_server.c:393] PDC_SERVER[0]: SCHED: setting CUDA device to 0 for edge 0 func=zfp_compress
[13:55:02.778841] [WARNING] [pdc_tf_server.c:401] PDC_SERVER[0]: SCHED: executing edge 0 func=zfp_compress dev=GPU
[13:55:02.781154] [WARNING] [pdc_tf_server.c:393] PDC_SERVER[1]: SCHED: setting CUDA device to 0 for edge 0 func=zfp_compress
[13:55:02.781290] [WARNING] [pdc_tf_server.c:401] PDC_SERVER[1]: SCHED: executing edge 0 func=zfp_compress dev=GPU
[13:55:02.783391] [WARNING] [pdc_tf_server.c:393] PDC_SERVER[9]: SCHED: setting CUDA device to 0 for edge 0 func=zfp_compress
[13:55:02.783442] [WARNING] [pdc_tf_server.c:401] PDC_SERVER[9]: SCHED: executing edge 0 func=zfp_compress dev=GPU
[13:55:02.787352] [WARNING] [pdc_tf_server.c:475] PDC_SERVER[0]: SCHED: done running transformations
[13:55:02.789454] [WARNING] [pdc_tf_server.c:475] PDC_SERVER[1]: SCHED: done running transformations
[13:55:02.790414] [WARNING] [pdc_tf_server.c:475] PDC_SERVER[8]: SCHED: done running transformations
[13:55:02.795034] [WARNING] [pdc_tf_server.c:393] PDC_SERVER[5]: SCHED: setting CUDA device to 0 for edge 0 func=zfp_compress
[13:55:02.795083] [WARNING] [pdc_tf_server.c:401] PDC_SERVER[5]: SCHED: executing edge 0 func=zfp_compress dev=GPU
[13:55:02.802593] [WARNING] [pdc_tf_server.c:393] PDC_SERVER[7]: SCHED: setting CUDA device to 0 for edge 0 func=zfp_compress
[13:55:02.802620] [WARNING] [pdc_tf_server.c:401] PDC_SERVER[7]: SCHED: executing edge 0 func=zfp_compress dev=GPU
[13:55:02.803247] [WARNING] [pdc_tf_server.c:475] PDC_SERVER[9]: SCHED: done running transformations
[13:55:02.805133] [WARNING] [pdc_tf_server.c:393] PDC_SERVER[3]: SCHED: setting CUDA device to 0 for edge 0 func=zfp_compress
[13:55:02.805195] [WARNING] [pdc_tf_server.c:401] PDC_SERVER[3]: SCHED: executing edge 0 func=zfp_compress dev=GPU
[13:55:02.805723] [WARNING] [pdc_tf_server.c:475] PDC_SERVER[5]: SCHED: done running transformations
[13:55:02.810563] [WARNING] [pdc_tf_server.c:393] PDC_SERVER[15]: SCHED: setting CUDA device to 0 for edge 0 func=zfp_compress
[13:55:02.810622] [WARNING] [pdc_tf_server.c:401] PDC_SERVER[15]: SCHED: executing edge 0 func=zfp_compress dev=GPU
[13:55:02.811600] [WARNING] [pdc_tf_server.c:393] PDC_SERVER[2]: SCHED: setting CUDA device to 0 for edge 0 func=zfp_compress
[13:55:02.811665] [WARNING] [pdc_tf_server.c:401] PDC_SERVER[2]: SCHED: executing edge 0 func=zfp_compress dev=GPU
[13:55:02.813093] [WARNING] [pdc_tf_server.c:475] PDC_SERVER[7]: SCHED: done running transformations
[13:55:02.814977] [WARNING] [pdc_tf_server.c:475] PDC_SERVER[3]: SCHED: done running transformations
[13:55:02.819055] [WARNING] [pdc_tf_server.c:475] PDC_SERVER[15]: SCHED: done running transformations
[13:55:02.819835] [WARNING] [pdc_tf_server.c:475] PDC_SERVER[2]: SCHED: done running transformations
[13:55:02.820643] [WARNING] [pdc_tf_server.c:393] PDC_SERVER[4]: SCHED: setting CUDA device to 0 for edge 0 func=zfp_compress
[13:55:02.820683] [WARNING] [pdc_tf_server.c:401] PDC_SERVER[4]: SCHED: executing edge 0 func=zfp_compress dev=GPU
[13:55:02.821332] [WARNING] [pdc_tf_server.c:393] PDC_SERVER[6]: SCHED: setting CUDA device to 0 for edge 0 func=zfp_compress
[13:55:02.821403] [WARNING] [pdc_tf_server.c:401] PDC_SERVER[6]: SCHED: executing edge 0 func=zfp_compress dev=GPU
[13:55:02.829248] [WARNING] [pdc_server_region_cache.c:834] PDC_SERVER[0]: Flushed region via POSIX I/O in 0.320510 s
[13:55:02.829267] [WARNING] [pdc_server_region_cache.c:850] PDC_SERVER[0]: [2026-10-07 13:55:02.829263] Flushed 16.00 / 16.00 MB to storage
[INFO] PDC_SERVER[0]: Region flush iteration took 0.320553 s
[13:55:02.830721] [WARNING] [pdc_tf_server.c:475] PDC_SERVER[4]: SCHED: done running transformations
[INFO] PDC_SERVER[0]: Starting flush for obj_id 13000000000, ndim=3
[13:55:02.830914] [WARNING] [pdc_server_region_cache.c:823] PDC_SERVER[0]: Region mapping lookup took 0.000001 s
[13:55:02.830920] [WARNING] [pdc_server_region_cache.c:828] PDC_SERVER[0]: No region mapping found for obj_id 13000000000
[13:55:02.831170] [WARNING] [pdc_tf_server.c:475] PDC_SERVER[6]: SCHED: done running transformations
[13:55:02.845232] [WARNING] [pdc_tf_server.c:393] PDC_SERVER[12]: SCHED: setting CUDA device to 0 for edge 0 func=zfp_compress
[13:55:02.845271] [WARNING] [pdc_tf_server.c:401] PDC_SERVER[12]: SCHED: executing edge 0 func=zfp_compress dev=GPU
[13:55:02.851452] [WARNING] [pdc_tf_server.c:393] PDC_SERVER[10]: SCHED: setting CUDA device to 0 for edge 0 func=zfp_compress
[13:55:02.851482] [WARNING] [pdc_tf_server.c:401] PDC_SERVER[10]: SCHED: executing edge 0 func=zfp_compress dev=GPU
[13:55:02.855426] [WARNING] [pdc_tf_server.c:393] PDC_SERVER[14]: SCHED: setting CUDA device to 0 for edge 0 func=zfp_compress
[13:55:02.855515] [WARNING] [pdc_tf_server.c:401] PDC_SERVER[14]: SCHED: executing edge 0 func=zfp_compress dev=GPU
[13:55:02.860451] [WARNING] [pdc_tf_server.c:393] PDC_SERVER[11]: SCHED: setting CUDA device to 0 for edge 0 func=zfp_compress
[13:55:02.860507] [WARNING] [pdc_tf_server.c:401] PDC_SERVER[11]: SCHED: executing edge 0 func=zfp_compress dev=GPU
[13:55:02.862590] [WARNING] [pdc_tf_server.c:475] PDC_SERVER[10]: SCHED: done running transformations
[13:55:02.868758] [WARNING] [pdc_tf_server.c:475] PDC_SERVER[12]: SCHED: done running transformations
[13:55:02.872691] [WARNING] [pdc_tf_server.c:475] PDC_SERVER[11]: SCHED: done running transformations
[13:55:02.885252] [WARNING] [pdc_tf_server.c:475] PDC_SERVER[14]: SCHED: done running transformations
[13:55:03.076601] [WARNING] [pdc_tf_server.c:393] PDC_SERVER[13]: SCHED: setting CUDA device to 0 for edge 0 func=zfp_compress
[13:55:03.076658] [WARNING] [pdc_tf_server.c:401] PDC_SERVER[13]: SCHED: executing edge 0 func=zfp_compress dev=GPU
[13:55:03.086213] [WARNING] [pdc_tf_server.c:475] PDC_SERVER[13]: SCHED: done running transformations
[INFO] PDC_SERVER[0]: Executing graph with json filepath /pscratch/sd/n/nlewi26/src/work_space/source/pdc/tf_client/graphs/zfp_gpu.json
[13:55:03.086374] [WARNING] [pdc_tf_server.c:393] PDC_SERVER[0]: SCHED: setting CUDA device to 0 for edge 0 func=zfp_compress
[13:55:03.086389] [WARNING] [pdc_tf_server.c:401] PDC_SERVER[0]: SCHED: executing edge 0 func=zfp_compress dev=GPU
[13:55:03.087257] [WARNING] [pdc_tf_server.c:393] PDC_SERVER[8]: SCHED: setting CUDA device to 0 for edge 0 func=zfp_compress
[13:55:03.087320] [WARNING] [pdc_tf_server.c:401] PDC_SERVER[8]: SCHED: executing edge 0 func=zfp_compress dev=GPU
[13:55:03.090767] [WARNING] [pdc_tf_server.c:393] PDC_SERVER[9]: SCHED: setting CUDA device to 0 for edge 0 func=zfp_compress
[13:55:03.090803] [WARNING] [pdc_tf_server.c:401] PDC_SERVER[9]: SCHED: executing edge 0 func=zfp_compress dev=GPU
[13:55:03.095435] [WARNING] [pdc_tf_server.c:475] PDC_SERVER[0]: SCHED: done running transformations
[13:55:03.099278] [WARNING] [pdc_tf_server.c:475] PDC_SERVER[8]: SCHED: done running transformations
[13:55:03.100128] [WARNING] [pdc_tf_server.c:475] PDC_SERVER[9]: SCHED: done running transformations
[13:55:03.103238] [WARNING] [pdc_tf_server.c:393] PDC_SERVER[3]: SCHED: setting CUDA device to 0 for edge 0 func=zfp_compress
[13:55:03.103268] [WARNING] [pdc_tf_server.c:401] PDC_SERVER[3]: SCHED: executing edge 0 func=zfp_compress dev=GPU
[13:55:03.112221] [WARNING] [pdc_tf_server.c:475] PDC_SERVER[3]: SCHED: done running transformations
[13:55:03.113853] [WARNING] [pdc_tf_server.c:393] PDC_SERVER[15]: SCHED: setting CUDA device to 0 for edge 0 func=zfp_compress
[13:55:03.113910] [WARNING] [pdc_tf_server.c:401] PDC_SERVER[15]: SCHED: executing edge 0 func=zfp_compress dev=GPU
[13:55:03.116207] [WARNING] [pdc_tf_server.c:393] PDC_SERVER[5]: SCHED: setting CUDA device to 0 for edge 0 func=zfp_compress
[13:55:03.116237] [WARNING] [pdc_tf_server.c:401] PDC_SERVER[5]: SCHED: executing edge 0 func=zfp_compress dev=GPU
[13:55:03.118161] [WARNING] [pdc_tf_server.c:393] PDC_SERVER[2]: SCHED: setting CUDA device to 0 for edge 0 func=zfp_compress
[13:55:03.118189] [WARNING] [pdc_tf_server.c:401] PDC_SERVER[2]: SCHED: executing edge 0 func=zfp_compress dev=GPU
[13:55:03.123130] [WARNING] [pdc_tf_server.c:475] PDC_SERVER[15]: SCHED: done running transformations
[13:55:03.127305] [WARNING] [pdc_tf_server.c:393] PDC_SERVER[6]: SCHED: setting CUDA device to 0 for edge 0 func=zfp_compress
[13:55:03.127335] [WARNING] [pdc_tf_server.c:401] PDC_SERVER[6]: SCHED: executing edge 0 func=zfp_compress dev=GPU
[13:55:03.128045] [WARNING] [pdc_tf_server.c:393] PDC_SERVER[1]: SCHED: setting CUDA device to 0 for edge 0 func=zfp_compress
[13:55:03.128112] [WARNING] [pdc_tf_server.c:401] PDC_SERVER[1]: SCHED: executing edge 0 func=zfp_compress dev=GPU
[13:55:03.128152] [WARNING] [pdc_tf_server.c:475] PDC_SERVER[2]: SCHED: done running transformations
[13:55:03.130746] [WARNING] [pdc_tf_server.c:393] PDC_SERVER[7]: SCHED: setting CUDA device to 0 for edge 0 func=zfp_compress
[13:55:03.130774] [WARNING] [pdc_tf_server.c:401] PDC_SERVER[7]: SCHED: executing edge 0 func=zfp_compress dev=GPU
[13:55:03.132239] [WARNING] [pdc_server_region_cache.c:834] PDC_SERVER[0]: Flushed region via POSIX I/O in 0.301305 s
[13:55:03.132258] [WARNING] [pdc_server_region_cache.c:850] PDC_SERVER[0]: [2026-10-07 13:55:03.132254] Flushed 16.00 / 16.00 MB to storage
[INFO] PDC_SERVER[0]: Region flush iteration took 0.301353 s
[INFO] PDC_SERVER[0]: Starting flush for obj_id 13000000000, ndim=3
[13:55:03.134058] [WARNING] [pdc_server_region_cache.c:823] PDC_SERVER[0]: Region mapping lookup took 0.000001 s
[13:55:03.134065] [WARNING] [pdc_server_region_cache.c:828] PDC_SERVER[0]: No region mapping found for obj_id 13000000000
[13:55:03.139502] [WARNING] [pdc_tf_server.c:475] PDC_SERVER[1]: SCHED: done running transformations
[13:55:03.142789] [WARNING] [pdc_tf_server.c:475] PDC_SERVER[5]: SCHED: done running transformations
[13:55:03.143977] [WARNING] [pdc_tf_server.c:393] PDC_SERVER[4]: SCHED: setting CUDA device to 0 for edge 0 func=zfp_compress
[13:55:03.144016] [WARNING] [pdc_tf_server.c:401] PDC_SERVER[4]: SCHED: executing edge 0 func=zfp_compress dev=GPU
[13:55:03.153145] [WARNING] [pdc_tf_server.c:475] PDC_SERVER[6]: SCHED: done running transformations
[13:55:03.154462] [WARNING] [pdc_tf_server.c:475] PDC_SERVER[7]: SCHED: done running transformations
[13:55:03.161370] [WARNING] [pdc_tf_server.c:393] PDC_SERVER[10]: SCHED: setting CUDA device to 0 for edge 0 func=zfp_compress
[13:55:03.161401] [WARNING] [pdc_tf_server.c:401] PDC_SERVER[10]: SCHED: executing edge 0 func=zfp_compress dev=GPU
[13:55:03.171360] [WARNING] [pdc_tf_server.c:475] PDC_SERVER[10]: SCHED: done running transformations
[13:55:03.172080] [WARNING] [pdc_tf_server.c:475] PDC_SERVER[4]: SCHED: done running transformations
[13:55:03.177118] [WARNING] [pdc_tf_server.c:393] PDC_SERVER[12]: SCHED: setting CUDA device to 0 for edge 0 func=zfp_compress
[13:55:03.177146] [WARNING] [pdc_tf_server.c:401] PDC_SERVER[12]: SCHED: executing edge 0 func=zfp_compress dev=GPU
[13:55:03.181507] [WARNING] [pdc_tf_server.c:393] PDC_SERVER[11]: SCHED: setting CUDA device to 0 for edge 0 func=zfp_compress
[13:55:03.181539] [WARNING] [pdc_tf_server.c:401] PDC_SERVER[11]: SCHED: executing edge 0 func=zfp_compress dev=GPU
[13:55:03.182426] [WARNING] [pdc_tf_server.c:393] PDC_SERVER[14]: SCHED: setting CUDA device to 0 for edge 0 func=zfp_compress
[13:55:03.182455] [WARNING] [pdc_tf_server.c:401] PDC_SERVER[14]: SCHED: executing edge 0 func=zfp_compress dev=GPU
[13:55:03.187556] [WARNING] [pdc_tf_server.c:475] PDC_SERVER[12]: SCHED: done running transformations
[13:55:03.191811] [WARNING] [pdc_tf_server.c:475] PDC_SERVER[14]: SCHED: done running transformations
[13:55:03.197056] [WARNING] [pdc_tf_server.c:475] PDC_SERVER[11]: SCHED: done running transformations
[13:55:03.382946] [WARNING] [pdc_tf_server.c:393] PDC_SERVER[13]: SCHED: setting CUDA device to 0 for edge 0 func=zfp_compress
[13:55:03.383016] [WARNING] [pdc_tf_server.c:401] PDC_SERVER[13]: SCHED: executing edge 0 func=zfp_compress dev=GPU
[13:55:03.393688] [WARNING] [pdc_tf_server.c:475] PDC_SERVER[13]: SCHED: done running transformations
[13:55:03.399946] [WARNING] [pdc_tf_server.c:393] PDC_SERVER[9]: SCHED: setting CUDA device to 0 for edge 0 func=zfp_compress
[13:55:03.400009] [WARNING] [pdc_tf_server.c:401] PDC_SERVER[9]: SCHED: executing edge 0 func=zfp_compress dev=GPU
[13:55:03.407759] [WARNING] [pdc_tf_server.c:393] PDC_SERVER[3]: SCHED: setting CUDA device to 0 for edge 0 func=zfp_compress
[13:55:03.407799] [WARNING] [pdc_tf_server.c:401] PDC_SERVER[3]: SCHED: executing edge 0 func=zfp_compress dev=GPU
[13:55:03.409284] [WARNING] [pdc_tf_server.c:475] PDC_SERVER[9]: SCHED: done running transformations
[INFO] PDC_SERVER[0]: Executing graph with json filepath /pscratch/sd/n/nlewi26/src/work_space/source/pdc/tf_client/graphs/zfp_gpu.json
[13:55:03.415557] [WARNING] [pdc_tf_server.c:393] PDC_SERVER[0]: SCHED: setting CUDA device to 0 for edge 0 func=zfp_compress
[13:55:03.415598] [WARNING] [pdc_tf_server.c:401] PDC_SERVER[0]: SCHED: executing edge 0 func=zfp_compress dev=GPU
[13:55:03.422387] [WARNING] [pdc_tf_server.c:393] PDC_SERVER[8]: SCHED: setting CUDA device to 0 for edge 0 func=zfp_compress
[13:55:03.422501] [WARNING] [pdc_tf_server.c:401] PDC_SERVER[8]: SCHED: executing edge 0 func=zfp_compress dev=GPU
[13:55:03.434200] [WARNING] [pdc_tf_server.c:475] PDC_SERVER[8]: SCHED: done running transformations
[13:55:03.435897] [WARNING] [pdc_tf_server.c:393] PDC_SERVER[1]: SCHED: setting CUDA device to 0 for edge 0 func=zfp_compress
[13:55:03.435967] [WARNING] [pdc_tf_server.c:401] PDC_SERVER[1]: SCHED: executing edge 0 func=zfp_compress dev=GPU
[13:55:03.437101] [WARNING] [pdc_tf_server.c:393] PDC_SERVER[2]: SCHED: setting CUDA device to 0 for edge 0 func=zfp_compress
[13:55:03.437139] [WARNING] [pdc_tf_server.c:401] PDC_SERVER[2]: SCHED: executing edge 0 func=zfp_compress dev=GPU
[13:55:03.438645] [WARNING] [pdc_tf_server.c:475] PDC_SERVER[3]: SCHED: done running transformations
[13:55:03.440980] [WARNING] [pdc_tf_server.c:475] PDC_SERVER[0]: SCHED: done running transformations
[13:55:03.450592] [WARNING] [pdc_tf_server.c:475] PDC_SERVER[1]: SCHED: done running transformations
[13:55:03.451129] [WARNING] [pdc_tf_server.c:475] PDC_SERVER[2]: SCHED: done running transformations
[13:55:03.452550] [WARNING] [pdc_tf_server.c:393] PDC_SERVER[7]: SCHED: setting CUDA device to 0 for edge 0 func=zfp_compress
[13:55:03.452630] [WARNING] [pdc_tf_server.c:401] PDC_SERVER[7]: SCHED: executing edge 0 func=zfp_compress dev=GPU
[13:55:03.452744] [WARNING] [pdc_tf_server.c:393] PDC_SERVER[5]: SCHED: setting CUDA device to 0 for edge 0 func=zfp_compress
[13:55:03.452810] [WARNING] [pdc_tf_server.c:401] PDC_SERVER[5]: SCHED: executing edge 0 func=zfp_compress dev=GPU
[13:55:03.460311] [WARNING] [pdc_tf_server.c:393] PDC_SERVER[6]: SCHED: setting CUDA device to 0 for edge 0 func=zfp_compress
[13:55:03.460392] [WARNING] [pdc_tf_server.c:401] PDC_SERVER[6]: SCHED: executing edge 0 func=zfp_compress dev=GPU
[13:55:03.461543] [WARNING] [pdc_tf_server.c:393] PDC_SERVER[15]: SCHED: setting CUDA device to 0 for edge 0 func=zfp_compress
[13:55:03.461579] [WARNING] [pdc_tf_server.c:401] PDC_SERVER[15]: SCHED: executing edge 0 func=zfp_compress dev=GPU
[13:55:03.463714] [WARNING] [pdc_tf_server.c:475] PDC_SERVER[7]: SCHED: done running transformations
[13:55:03.464406] [WARNING] [pdc_tf_server.c:475] PDC_SERVER[5]: SCHED: done running transformations
[13:55:03.466641] [WARNING] [pdc_tf_server.c:393] PDC_SERVER[10]: SCHED: setting CUDA device to 0 for edge 0 func=zfp_compress
[13:55:03.466691] [WARNING] [pdc_tf_server.c:401] PDC_SERVER[10]: SCHED: executing edge 0 func=zfp_compress dev=GPU
[13:55:03.470206] [WARNING] [pdc_tf_server.c:475] PDC_SERVER[6]: SCHED: done running transformations
[13:55:03.470660] [WARNING] [pdc_tf_server.c:475] PDC_SERVER[15]: SCHED: done running transformations
[13:55:03.475317] [WARNING] [pdc_tf_server.c:393] PDC_SERVER[4]: SCHED: setting CUDA device to 0 for edge 0 func=zfp_compress
[13:55:03.475351] [WARNING] [pdc_tf_server.c:401] PDC_SERVER[4]: SCHED: executing edge 0 func=zfp_compress dev=GPU
[13:55:03.479451] [WARNING] [pdc_tf_server.c:475] PDC_SERVER[10]: SCHED: done running transformations
[13:55:03.481934] [WARNING] [pdc_server_region_cache.c:834] PDC_SERVER[0]: Flushed region via POSIX I/O in 0.347857 s
[13:55:03.481951] [WARNING] [pdc_server_region_cache.c:850] PDC_SERVER[0]: [2026-10-07 13:55:03.481948] Flushed 16.00 / 16.00 MB to storage
[INFO] PDC_SERVER[0]: Region flush iteration took 0.347900 s
[13:55:03.485124] [WARNING] [pdc_tf_server.c:475] PDC_SERVER[4]: SCHED: done running transformations
[INFO] PDC_SERVER[0]: Starting flush for obj_id 13000000000, ndim=3
[13:55:03.488818] [WARNING] [pdc_server_region_cache.c:823] PDC_SERVER[0]: Region mapping lookup took 0.000001 s
[13:55:03.488826] [WARNING] [pdc_server_region_cache.c:828] PDC_SERVER[0]: No region mapping found for obj_id 13000000000
[13:55:03.491299] [WARNING] [pdc_tf_server.c:393] PDC_SERVER[14]: SCHED: setting CUDA device to 0 for edge 0 func=zfp_compress
[13:55:03.491336] [WARNING] [pdc_tf_server.c:401] PDC_SERVER[14]: SCHED: executing edge 0 func=zfp_compress dev=GPU
[13:55:03.494818] [WARNING] [pdc_tf_server.c:393] PDC_SERVER[11]: SCHED: setting CUDA device to 0 for edge 0 func=zfp_compress
[13:55:03.494885] [WARNING] [pdc_tf_server.c:401] PDC_SERVER[11]: SCHED: executing edge 0 func=zfp_compress dev=GPU
[13:55:03.500629] [WARNING] [pdc_tf_server.c:475] PDC_SERVER[14]: SCHED: done running transformations
[13:55:03.504066] [WARNING] [pdc_tf_server.c:475] PDC_SERVER[11]: SCHED: done running transformations
[13:55:03.531987] [WARNING] [pdc_tf_server.c:393] PDC_SERVER[12]: SCHED: setting CUDA device to 0 for edge 0 func=zfp_compress
[13:55:03.532124] [WARNING] [pdc_tf_server.c:401] PDC_SERVER[12]: SCHED: executing edge 0 func=zfp_compress dev=GPU
[13:55:03.543141] [WARNING] [pdc_tf_server.c:475] PDC_SERVER[12]: SCHED: done running transformations
[13:55:03.682759] [WARNING] [pdc_tf_server.c:393] PDC_SERVER[13]: SCHED: setting CUDA device to 0 for edge 0 func=zfp_compress
[13:55:03.682816] [WARNING] [pdc_tf_server.c:401] PDC_SERVER[13]: SCHED: executing edge 0 func=zfp_compress dev=GPU
[13:55:03.691166] [WARNING] [pdc_tf_server.c:475] PDC_SERVER[13]: SCHED: done running transformations
[13:55:03.701178] [WARNING] [pdc_tf_server.c:393] PDC_SERVER[9]: SCHED: setting CUDA device to 0 for edge 0 func=zfp_compress
[13:55:03.701254] [WARNING] [pdc_tf_server.c:401] PDC_SERVER[9]: SCHED: executing edge 0 func=zfp_compress dev=GPU
[13:55:03.719978] [WARNING] [pdc_tf_server.c:475] PDC_SERVER[9]: SCHED: done running transformations
[13:55:03.730181] [WARNING] [pdc_tf_server.c:393] PDC_SERVER[8]: SCHED: setting CUDA device to 0 for edge 0 func=zfp_compress
[13:55:03.730247] [WARNING] [pdc_tf_server.c:401] PDC_SERVER[8]: SCHED: executing edge 0 func=zfp_compress dev=GPU
[13:55:03.731767] [WARNING] [pdc_tf_server.c:393] PDC_SERVER[3]: SCHED: setting CUDA device to 0 for edge 0 func=zfp_compress
[13:55:03.731826] [WARNING] [pdc_tf_server.c:401] PDC_SERVER[3]: SCHED: executing edge 0 func=zfp_compress dev=GPU
[13:55:03.737009] [WARNING] [pdc_tf_server.c:393] PDC_SERVER[1]: SCHED: setting CUDA device to 0 for edge 0 func=zfp_compress
[13:55:03.737062] [WARNING] [pdc_tf_server.c:401] PDC_SERVER[1]: SCHED: executing edge 0 func=zfp_compress dev=GPU
[13:55:03.740100] [WARNING] [pdc_tf_server.c:475] PDC_SERVER[3]: SCHED: done running transformations
[13:55:03.744789] [WARNING] [pdc_tf_server.c:475] PDC_SERVER[8]: SCHED: done running transformations
[13:55:03.745367] [WARNING] [pdc_tf_server.c:475] PDC_SERVER[1]: SCHED: done running transformations
[INFO] PDC_SERVER[0]: Executing graph with json filepath /pscratch/sd/n/nlewi26/src/work_space/source/pdc/tf_client/graphs/zfp_gpu.json
[13:55:03.750286] [WARNING] [pdc_tf_server.c:393] PDC_SERVER[0]: SCHED: setting CUDA device to 0 for edge 0 func=zfp_compress
[13:55:03.750301] [WARNING] [pdc_tf_server.c:401] PDC_SERVER[0]: SCHED: executing edge 0 func=zfp_compress dev=GPU
[13:55:03.762967] [WARNING] [pdc_tf_server.c:393] PDC_SERVER[15]: SCHED: setting CUDA device to 0 for edge 0 func=zfp_compress
[13:55:03.762997] [WARNING] [pdc_tf_server.c:401] PDC_SERVER[15]: SCHED: executing edge 0 func=zfp_compress dev=GPU
[13:55:03.763021] [WARNING] [pdc_tf_server.c:475] PDC_SERVER[0]: SCHED: done running transformations
[13:55:03.763047] [WARNING] [pdc_tf_server.c:393] PDC_SERVER[7]: SCHED: setting CUDA device to 0 for edge 0 func=zfp_compress
[13:55:03.763138] [WARNING] [pdc_tf_server.c:401] PDC_SERVER[7]: SCHED: executing edge 0 func=zfp_compress dev=GPU
[13:55:03.764583] [WARNING] [pdc_tf_server.c:393] PDC_SERVER[6]: SCHED: setting CUDA device to 0 for edge 0 func=zfp_compress
[13:55:03.764654] [WARNING] [pdc_tf_server.c:401] PDC_SERVER[6]: SCHED: executing edge 0 func=zfp_compress dev=GPU
[13:55:03.767898] [WARNING] [pdc_tf_server.c:393] PDC_SERVER[5]: SCHED: setting CUDA device to 0 for edge 0 func=zfp_compress
[13:55:03.767957] [WARNING] [pdc_tf_server.c:401] PDC_SERVER[5]: SCHED: executing edge 0 func=zfp_compress dev=GPU
[13:55:03.771713] [WARNING] [pdc_tf_server.c:393] PDC_SERVER[2]: SCHED: setting CUDA device to 0 for edge 0 func=zfp_compress
[13:55:03.771747] [WARNING] [pdc_tf_server.c:401] PDC_SERVER[2]: SCHED: executing edge 0 func=zfp_compress dev=GPU
[13:55:03.772600] [WARNING] [pdc_tf_server.c:475] PDC_SERVER[7]: SCHED: done running transformations
[13:55:03.773253] [WARNING] [pdc_tf_server.c:475] PDC_SERVER[6]: SCHED: done running transformations
[13:55:03.779025] [WARNING] [pdc_tf_server.c:475] PDC_SERVER[5]: SCHED: done running transformations
[13:55:03.780245] [WARNING] [pdc_tf_server.c:475] PDC_SERVER[15]: SCHED: done running transformations
[13:55:03.780902] [WARNING] [pdc_tf_server.c:393] PDC_SERVER[10]: SCHED: setting CUDA device to 0 for edge 0 func=zfp_compress
[13:55:03.780986] [WARNING] [pdc_tf_server.c:401] PDC_SERVER[10]: SCHED: executing edge 0 func=zfp_compress dev=GPU
[13:55:03.784117] [WARNING] [pdc_tf_server.c:393] PDC_SERVER[4]: SCHED: setting CUDA device to 0 for edge 0 func=zfp_compress
[13:55:03.784165] [WARNING] [pdc_tf_server.c:401] PDC_SERVER[4]: SCHED: executing edge 0 func=zfp_compress dev=GPU
[13:55:03.784237] [WARNING] [pdc_tf_server.c:475] PDC_SERVER[2]: SCHED: done running transformations
[13:55:03.789015] [WARNING] [pdc_tf_server.c:393] PDC_SERVER[14]: SCHED: setting CUDA device to 0 for edge 0 func=zfp_compress
[13:55:03.789043] [WARNING] [pdc_tf_server.c:401] PDC_SERVER[14]: SCHED: executing edge 0 func=zfp_compress dev=GPU
[13:55:03.792689] [WARNING] [pdc_tf_server.c:475] PDC_SERVER[10]: SCHED: done running transformations
[13:55:03.793131] [WARNING] [pdc_tf_server.c:475] PDC_SERVER[4]: SCHED: done running transformations
[13:55:03.800510] [WARNING] [pdc_server_region_cache.c:834] PDC_SERVER[0]: Flushed region via POSIX I/O in 0.311672 s
[13:55:03.800528] [WARNING] [pdc_server_region_cache.c:850] PDC_SERVER[0]: [2026-10-07 13:55:03.800524] Flushed 16.00 / 16.00 MB to storage
[INFO] PDC_SERVER[0]: Region flush iteration took 0.311718 s
[INFO] PDC_SERVER[0]: Starting flush for obj_id 13000000000, ndim=3
[13:55:03.802130] [WARNING] [pdc_server_region_cache.c:823] PDC_SERVER[0]: Region mapping lookup took 0.000001 s
[13:55:03.802135] [WARNING] [pdc_server_region_cache.c:828] PDC_SERVER[0]: No region mapping found for obj_id 13000000000
[13:55:03.803437] [WARNING] [pdc_tf_server.c:475] PDC_SERVER[14]: SCHED: done running transformations
[13:55:03.806067] [WARNING] [pdc_tf_server.c:393] PDC_SERVER[11]: SCHED: setting CUDA device to 0 for edge 0 func=zfp_compress
[13:55:03.806101] [WARNING] [pdc_tf_server.c:401] PDC_SERVER[11]: SCHED: executing edge 0 func=zfp_compress dev=GPU
[13:55:03.816585] [WARNING] [pdc_tf_server.c:475] PDC_SERVER[11]: SCHED: done running transformations
[13:55:03.916470] [WARNING] [pdc_tf_server.c:393] PDC_SERVER[12]: SCHED: setting CUDA device to 0 for edge 0 func=zfp_compress
[13:55:03.916503] [WARNING] [pdc_tf_server.c:401] PDC_SERVER[12]: SCHED: executing edge 0 func=zfp_compress dev=GPU
[13:55:03.926221] [WARNING] [pdc_tf_server.c:475] PDC_SERVER[12]: SCHED: done running transformations
[13:55:03.981823] [WARNING] [pdc_tf_server.c:393] PDC_SERVER[13]: SCHED: setting CUDA device to 0 for edge 0 func=zfp_compress
[13:55:03.981852] [WARNING] [pdc_tf_server.c:401] PDC_SERVER[13]: SCHED: executing edge 0 func=zfp_compress dev=GPU
[13:55:03.991136] [WARNING] [pdc_tf_server.c:475] PDC_SERVER[13]: SCHED: done running transformations
[13:55:04.021505] [WARNING] [pdc_tf_server.c:393] PDC_SERVER[9]: SCHED: setting CUDA device to 0 for edge 0 func=zfp_compress
[13:55:04.021569] [WARNING] [pdc_tf_server.c:401] PDC_SERVER[9]: SCHED: executing edge 0 func=zfp_compress dev=GPU
[13:55:04.028653] [WARNING] [pdc_tf_server.c:393] PDC_SERVER[3]: SCHED: setting CUDA device to 0 for edge 0 func=zfp_compress
[13:55:04.028683] [WARNING] [pdc_tf_server.c:401] PDC_SERVER[3]: SCHED: executing edge 0 func=zfp_compress dev=GPU
[13:55:04.030079] [WARNING] [pdc_tf_server.c:393] PDC_SERVER[1]: SCHED: setting CUDA device to 0 for edge 0 func=zfp_compress
[13:55:04.030112] [WARNING] [pdc_tf_server.c:401] PDC_SERVER[1]: SCHED: executing edge 0 func=zfp_compress dev=GPU
[13:55:04.030863] [WARNING] [pdc_tf_server.c:475] PDC_SERVER[9]: SCHED: done running transformations
[13:55:04.038508] [WARNING] [pdc_tf_server.c:475] PDC_SERVER[3]: SCHED: done running transformations
[13:55:04.038831] [WARNING] [pdc_tf_server.c:393] PDC_SERVER[8]: SCHED: setting CUDA device to 0 for edge 0 func=zfp_compress
[13:55:04.038861] [WARNING] [pdc_tf_server.c:401] PDC_SERVER[8]: SCHED: executing edge 0 func=zfp_compress dev=GPU
[13:55:04.039217] [WARNING] [pdc_tf_server.c:475] PDC_SERVER[1]: SCHED: done running transformations
[13:55:04.050718] [WARNING] [pdc_tf_server.c:475] PDC_SERVER[8]: SCHED: done running transformations
[INFO] PDC_SERVER[0]: Executing graph with json filepath /pscratch/sd/n/nlewi26/src/work_space/source/pdc/tf_client/graphs/zfp_gpu.json
[13:55:04.059244] [WARNING] [pdc_tf_server.c:393] PDC_SERVER[0]: SCHED: setting CUDA device to 0 for edge 0 func=zfp_compress
[13:55:04.059260] [WARNING] [pdc_tf_server.c:401] PDC_SERVER[0]: SCHED: executing edge 0 func=zfp_compress dev=GPU
[13:55:04.067997] [WARNING] [pdc_tf_server.c:393] PDC_SERVER[6]: SCHED: setting CUDA device to 0 for edge 0 func=zfp_compress
[13:55:04.068028] [WARNING] [pdc_tf_server.c:401] PDC_SERVER[6]: SCHED: executing edge 0 func=zfp_compress dev=GPU
[13:55:04.070026] [WARNING] [pdc_tf_server.c:393] PDC_SERVER[7]: SCHED: setting CUDA device to 0 for edge 0 func=zfp_compress
[13:55:04.070099] [WARNING] [pdc_tf_server.c:401] PDC_SERVER[7]: SCHED: executing edge 0 func=zfp_compress dev=GPU
[13:55:04.071538] [WARNING] [pdc_tf_server.c:475] PDC_SERVER[0]: SCHED: done running transformations
[13:55:04.077056] [WARNING] [pdc_tf_server.c:393] PDC_SERVER[15]: SCHED: setting CUDA device to 0 for edge 0 func=zfp_compress
[13:55:04.077085] [WARNING] [pdc_tf_server.c:401] PDC_SERVER[15]: SCHED: executing edge 0 func=zfp_compress dev=GPU
[13:55:04.077150] [WARNING] [pdc_tf_server.c:393] PDC_SERVER[5]: SCHED: setting CUDA device to 0 for edge 0 func=zfp_compress
[13:55:04.077211] [WARNING] [pdc_tf_server.c:401] PDC_SERVER[5]: SCHED: executing edge 0 func=zfp_compress dev=GPU
[13:55:04.080415] [WARNING] [pdc_tf_server.c:475] PDC_SERVER[6]: SCHED: done running transformations
[13:55:04.081140] [WARNING] [pdc_tf_server.c:475] PDC_SERVER[7]: SCHED: done running transformations
[13:55:04.085938] [WARNING] [pdc_tf_server.c:475] PDC_SERVER[15]: SCHED: done running transformations
[13:55:04.089072] [WARNING] [pdc_tf_server.c:393] PDC_SERVER[2]: SCHED: setting CUDA device to 0 for edge 0 func=zfp_compress
[13:55:04.089097] [WARNING] [pdc_tf_server.c:401] PDC_SERVER[2]: SCHED: executing edge 0 func=zfp_compress dev=GPU
[13:55:04.089166] [WARNING] [pdc_tf_server.c:475] PDC_SERVER[5]: SCHED: done running transformations
[13:55:04.091695] [WARNING] [pdc_tf_server.c:393] PDC_SERVER[10]: SCHED: setting CUDA device to 0 for edge 0 func=zfp_compress
[13:55:04.091775] [WARNING] [pdc_tf_server.c:401] PDC_SERVER[10]: SCHED: executing edge 0 func=zfp_compress dev=GPU
[13:55:04.091896] [WARNING] [pdc_tf_server.c:393] PDC_SERVER[14]: SCHED: setting CUDA device to 0 for edge 0 func=zfp_compress
[13:55:04.091925] [WARNING] [pdc_tf_server.c:401] PDC_SERVER[14]: SCHED: executing edge 0 func=zfp_compress dev=GPU
[13:55:04.094883] [WARNING] [pdc_tf_server.c:393] PDC_SERVER[4]: SCHED: setting CUDA device to 0 for edge 0 func=zfp_compress
[13:55:04.094936] [WARNING] [pdc_tf_server.c:401] PDC_SERVER[4]: SCHED: executing edge 0 func=zfp_compress dev=GPU
[13:55:04.097789] [WARNING] [pdc_tf_server.c:475] PDC_SERVER[2]: SCHED: done running transformations
[13:55:04.100809] [WARNING] [pdc_tf_server.c:475] PDC_SERVER[14]: SCHED: done running transformations
[13:55:04.105027] [WARNING] [pdc_tf_server.c:475] PDC_SERVER[4]: SCHED: done running transformations
[13:55:04.110912] [WARNING] [pdc_server_region_cache.c:834] PDC_SERVER[0]: Flushed region via POSIX I/O in 0.308763 s
[13:55:04.110932] [WARNING] [pdc_server_region_cache.c:850] PDC_SERVER[0]: [2026-10-07 13:55:04.110929] Flushed 16.00 / 16.00 MB to storage
[INFO] PDC_SERVER[0]: Region flush iteration took 0.308810 s
[13:55:04.111753] [WARNING] [pdc_tf_server.c:475] PDC_SERVER[10]: SCHED: done running transformations
[INFO] PDC_SERVER[0]: Starting flush for obj_id 13000000000, ndim=3
[13:55:04.112393] [WARNING] [pdc_server_region_cache.c:823] PDC_SERVER[0]: Region mapping lookup took 0.000001 s
[13:55:04.112398] [WARNING] [pdc_server_region_cache.c:828] PDC_SERVER[0]: No region mapping found for obj_id 13000000000
[13:55:04.181896] [WARNING] [pdc_tf_server.c:393] PDC_SERVER[11]: SCHED: setting CUDA device to 0 for edge 0 func=zfp_compress
[13:55:04.181929] [WARNING] [pdc_tf_server.c:401] PDC_SERVER[11]: SCHED: executing edge 0 func=zfp_compress dev=GPU
[13:55:04.196839] [WARNING] [pdc_tf_server.c:475] PDC_SERVER[11]: SCHED: done running transformations
[13:55:04.280738] [WARNING] [pdc_tf_server.c:393] PDC_SERVER[13]: SCHED: setting CUDA device to 0 for edge 0 func=zfp_compress
[13:55:04.280795] [WARNING] [pdc_tf_server.c:401] PDC_SERVER[13]: SCHED: executing edge 0 func=zfp_compress dev=GPU
[13:55:04.290104] [WARNING] [pdc_tf_server.c:475] PDC_SERVER[13]: SCHED: done running transformations
[13:55:04.320394] [WARNING] [pdc_tf_server.c:393] PDC_SERVER[12]: SCHED: setting CUDA device to 0 for edge 0 func=zfp_compress
[13:55:04.320433] [WARNING] [pdc_tf_server.c:401] PDC_SERVER[12]: SCHED: executing edge 0 func=zfp_compress dev=GPU
[13:55:04.328213] [WARNING] [pdc_tf_server.c:393] PDC_SERVER[1]: SCHED: setting CUDA device to 0 for edge 0 func=zfp_compress
[13:55:04.328243] [WARNING] [pdc_tf_server.c:401] PDC_SERVER[1]: SCHED: executing edge 0 func=zfp_compress dev=GPU
[13:55:04.329483] [WARNING] [pdc_tf_server.c:393] PDC_SERVER[9]: SCHED: setting CUDA device to 0 for edge 0 func=zfp_compress
[13:55:04.329512] [WARNING] [pdc_tf_server.c:401] PDC_SERVER[9]: SCHED: executing edge 0 func=zfp_compress dev=GPU
[13:55:04.330388] [WARNING] [pdc_tf_server.c:393] PDC_SERVER[3]: SCHED: setting CUDA device to 0 for edge 0 func=zfp_compress
[13:55:04.330418] [WARNING] [pdc_tf_server.c:401] PDC_SERVER[3]: SCHED: executing edge 0 func=zfp_compress dev=GPU
[13:55:04.331389] [WARNING] [pdc_tf_server.c:475] PDC_SERVER[12]: SCHED: done running transformations
[13:55:04.339746] [WARNING] [pdc_tf_server.c:475] PDC_SERVER[9]: SCHED: done running transformations
[13:55:04.343194] [WARNING] [pdc_tf_server.c:393] PDC_SERVER[8]: SCHED: setting CUDA device to 0 for edge 0 func=zfp_compress
[13:55:04.343247] [WARNING] [pdc_tf_server.c:401] PDC_SERVER[8]: SCHED: executing edge 0 func=zfp_compress dev=GPU
[13:55:04.349562] [WARNING] [pdc_tf_server.c:475] PDC_SERVER[3]: SCHED: done running transformations
[13:55:04.349605] [WARNING] [pdc_tf_server.c:475] PDC_SERVER[1]: SCHED: done running transformations
[13:55:04.354079] [WARNING] [pdc_tf_server.c:475] PDC_SERVER[8]: SCHED: done running transformations
[INFO] PDC_SERVER[0]: Executing graph with json filepath /pscratch/sd/n/nlewi26/src/work_space/source/pdc/tf_client/graphs/zfp_gpu.json
[13:55:04.370377] [WARNING] [pdc_tf_server.c:393] PDC_SERVER[0]: SCHED: setting CUDA device to 0 for edge 0 func=zfp_compress
[13:55:04.370392] [WARNING] [pdc_tf_server.c:401] PDC_SERVER[0]: SCHED: executing edge 0 func=zfp_compress dev=GPU
[13:55:04.372145] [WARNING] [pdc_tf_server.c:393] PDC_SERVER[7]: SCHED: setting CUDA device to 0 for edge 0 func=zfp_compress
[13:55:04.372173] [WARNING] [pdc_tf_server.c:401] PDC_SERVER[7]: SCHED: executing edge 0 func=zfp_compress dev=GPU
[13:55:04.372427] [WARNING] [pdc_tf_server.c:393] PDC_SERVER[6]: SCHED: setting CUDA device to 0 for edge 0 func=zfp_compress
[13:55:04.372482] [WARNING] [pdc_tf_server.c:401] PDC_SERVER[6]: SCHED: executing edge 0 func=zfp_compress dev=GPU
[13:55:04.376815] [WARNING] [pdc_tf_server.c:393] PDC_SERVER[15]: SCHED: setting CUDA device to 0 for edge 0 func=zfp_compress
[13:55:04.376846] [WARNING] [pdc_tf_server.c:401] PDC_SERVER[15]: SCHED: executing edge 0 func=zfp_compress dev=GPU
[13:55:04.382256] [WARNING] [pdc_tf_server.c:475] PDC_SERVER[0]: SCHED: done running transformations
[13:55:04.384207] [WARNING] [pdc_tf_server.c:475] PDC_SERVER[7]: SCHED: done running transformations
[13:55:04.384278] [WARNING] [pdc_tf_server.c:475] PDC_SERVER[6]: SCHED: done running transformations
[13:55:04.386409] [WARNING] [pdc_tf_server.c:475] PDC_SERVER[15]: SCHED: done running transformations
[13:55:04.386886] [WARNING] [pdc_tf_server.c:393] PDC_SERVER[14]: SCHED: setting CUDA device to 0 for edge 0 func=zfp_compress
[13:55:04.386914] [WARNING] [pdc_tf_server.c:401] PDC_SERVER[14]: SCHED: executing edge 0 func=zfp_compress dev=GPU
[13:55:04.389492] [WARNING] [pdc_tf_server.c:393] PDC_SERVER[5]: SCHED: setting CUDA device to 0 for edge 0 func=zfp_compress
[13:55:04.389520] [WARNING] [pdc_tf_server.c:401] PDC_SERVER[5]: SCHED: executing edge 0 func=zfp_compress dev=GPU
[13:55:04.395294] [WARNING] [pdc_tf_server.c:393] PDC_SERVER[2]: SCHED: setting CUDA device to 0 for edge 0 func=zfp_compress
[13:55:04.395319] [WARNING] [pdc_tf_server.c:401] PDC_SERVER[2]: SCHED: executing edge 0 func=zfp_compress dev=GPU
[13:55:04.396430] [WARNING] [pdc_tf_server.c:475] PDC_SERVER[14]: SCHED: done running transformations
[13:55:04.399218] [WARNING] [pdc_tf_server.c:393] PDC_SERVER[4]: SCHED: setting CUDA device to 0 for edge 0 func=zfp_compress
[13:55:04.399241] [WARNING] [pdc_tf_server.c:401] PDC_SERVER[4]: SCHED: executing edge 0 func=zfp_compress dev=GPU
[13:55:04.400505] [WARNING] [pdc_tf_server.c:393] PDC_SERVER[10]: SCHED: setting CUDA device to 0 for edge 0 func=zfp_compress
[13:55:04.400642] [WARNING] [pdc_tf_server.c:401] PDC_SERVER[10]: SCHED: executing edge 0 func=zfp_compress dev=GPU
[13:55:04.404459] [WARNING] [pdc_tf_server.c:475] PDC_SERVER[2]: SCHED: done running transformations
[13:55:04.407629] [WARNING] [pdc_tf_server.c:475] PDC_SERVER[5]: SCHED: done running transformations
[13:55:04.410973] [WARNING] [pdc_tf_server.c:475] PDC_SERVER[10]: SCHED: done running transformations
[13:55:04.416649] [WARNING] [pdc_tf_server.c:475] PDC_SERVER[4]: SCHED: done running transformations
[13:55:04.418662] [WARNING] [pdc_server_region_cache.c:834] PDC_SERVER[0]: Flushed region via POSIX I/O in 0.306253 s
[13:55:04.418678] [WARNING] [pdc_server_region_cache.c:850] PDC_SERVER[0]: [2026-10-07 13:55:04.418674] Flushed 16.00 / 16.00 MB to storage
[INFO] PDC_SERVER[0]: Region flush iteration took 0.306294 s
[INFO] PDC_SERVER[0]: Starting flush for obj_id 13000000000, ndim=3
[13:55:04.420568] [WARNING] [pdc_server_region_cache.c:823] PDC_SERVER[0]: Region mapping lookup took 0.000001 s
[13:55:04.420573] [WARNING] [pdc_server_region_cache.c:828] PDC_SERVER[0]: No region mapping found for obj_id 13000000000
[13:55:04.558892] [WARNING] [pdc_tf_server.c:393] PDC_SERVER[11]: SCHED: setting CUDA device to 0 for edge 0 func=zfp_compress
[13:55:04.558946] [WARNING] [pdc_tf_server.c:401] PDC_SERVER[11]: SCHED: executing edge 0 func=zfp_compress dev=GPU
[13:55:04.575878] [WARNING] [pdc_tf_server.c:475] PDC_SERVER[11]: SCHED: done running transformations
[13:55:04.576386] [WARNING] [pdc_tf_server.c:393] PDC_SERVER[13]: SCHED: setting CUDA device to 0 for edge 0 func=zfp_compress
[13:55:04.576417] [WARNING] [pdc_tf_server.c:401] PDC_SERVER[13]: SCHED: executing edge 0 func=zfp_compress dev=GPU
[13:55:04.586884] [WARNING] [pdc_tf_server.c:475] PDC_SERVER[13]: SCHED: done running transformations
[13:55:04.628692] [WARNING] [pdc_tf_server.c:393] PDC_SERVER[9]: SCHED: setting CUDA device to 0 for edge 0 func=zfp_compress
[13:55:04.628746] [WARNING] [pdc_tf_server.c:401] PDC_SERVER[9]: SCHED: executing edge 0 func=zfp_compress dev=GPU
[13:55:04.638007] [WARNING] [pdc_tf_server.c:475] PDC_SERVER[9]: SCHED: done running transformations
[13:55:04.638191] [WARNING] [pdc_tf_server.c:393] PDC_SERVER[3]: SCHED: setting CUDA device to 0 for edge 0 func=zfp_compress
[13:55:04.638229] [WARNING] [pdc_tf_server.c:401] PDC_SERVER[3]: SCHED: executing edge 0 func=zfp_compress dev=GPU
[13:55:04.641376] [WARNING] [pdc_tf_server.c:393] PDC_SERVER[8]: SCHED: setting CUDA device to 0 for edge 0 func=zfp_compress
[13:55:04.641404] [WARNING] [pdc_tf_server.c:401] PDC_SERVER[8]: SCHED: executing edge 0 func=zfp_compress dev=GPU
[13:55:04.648147] [WARNING] [pdc_tf_server.c:393] PDC_SERVER[1]: SCHED: setting CUDA device to 0 for edge 0 func=zfp_compress
[13:55:04.648201] [WARNING] [pdc_tf_server.c:401] PDC_SERVER[1]: SCHED: executing edge 0 func=zfp_compress dev=GPU
[13:55:04.651155] [WARNING] [pdc_tf_server.c:475] PDC_SERVER[8]: SCHED: done running transformations
[13:55:04.659508] [WARNING] [pdc_tf_server.c:475] PDC_SERVER[3]: SCHED: done running transformations
[13:55:04.662950] [WARNING] [pdc_tf_server.c:475] PDC_SERVER[1]: SCHED: done running transformations
[INFO] PDC_SERVER[0]: Executing graph with json filepath /pscratch/sd/n/nlewi26/src/work_space/source/pdc/tf_client/graphs/zfp_gpu.json
[13:55:04.669746] [WARNING] [pdc_tf_server.c:393] PDC_SERVER[0]: SCHED: setting CUDA device to 0 for edge 0 func=zfp_compress
[13:55:04.669781] [WARNING] [pdc_tf_server.c:401] PDC_SERVER[0]: SCHED: executing edge 0 func=zfp_compress dev=GPU
[13:55:04.676580] [WARNING] [pdc_tf_server.c:393] PDC_SERVER[7]: SCHED: setting CUDA device to 0 for edge 0 func=zfp_compress
[13:55:04.676640] [WARNING] [pdc_tf_server.c:401] PDC_SERVER[7]: SCHED: executing edge 0 func=zfp_compress dev=GPU
[13:55:04.680033] [WARNING] [pdc_tf_server.c:475] PDC_SERVER[0]: SCHED: done running transformations
[13:55:04.682918] [WARNING] [pdc_tf_server.c:393] PDC_SERVER[15]: SCHED: setting CUDA device to 0 for edge 0 func=zfp_compress
[13:55:04.682947] [WARNING] [pdc_tf_server.c:401] PDC_SERVER[15]: SCHED: executing edge 0 func=zfp_compress dev=GPU
[13:55:04.683255] [WARNING] [pdc_tf_server.c:393] PDC_SERVER[6]: SCHED: setting CUDA device to 0 for edge 0 func=zfp_compress
[13:55:04.683285] [WARNING] [pdc_tf_server.c:401] PDC_SERVER[6]: SCHED: executing edge 0 func=zfp_compress dev=GPU
[13:55:04.685986] [WARNING] [pdc_tf_server.c:475] PDC_SERVER[7]: SCHED: done running transformations
[13:55:04.688319] [WARNING] [pdc_tf_server.c:393] PDC_SERVER[14]: SCHED: setting CUDA device to 0 for edge 0 func=zfp_compress
[13:55:04.688346] [WARNING] [pdc_tf_server.c:401] PDC_SERVER[14]: SCHED: executing edge 0 func=zfp_compress dev=GPU
[13:55:04.692416] [WARNING] [pdc_tf_server.c:475] PDC_SERVER[6]: SCHED: done running transformations
[13:55:04.700783] [WARNING] [pdc_tf_server.c:475] PDC_SERVER[15]: SCHED: done running transformations
[13:55:04.704102] [WARNING] [pdc_tf_server.c:475] PDC_SERVER[14]: SCHED: done running transformations
[13:55:04.707701] [WARNING] [pdc_tf_server.c:393] PDC_SERVER[5]: SCHED: setting CUDA device to 0 for edge 0 func=zfp_compress
[13:55:04.707729] [WARNING] [pdc_tf_server.c:401] PDC_SERVER[5]: SCHED: executing edge 0 func=zfp_compress dev=GPU
[13:55:04.713819] [WARNING] [pdc_tf_server.c:393] PDC_SERVER[4]: SCHED: setting CUDA device to 0 for edge 0 func=zfp_compress
[13:55:04.713880] [WARNING] [pdc_tf_server.c:401] PDC_SERVER[4]: SCHED: executing edge 0 func=zfp_compress dev=GPU
[13:55:04.717435] [WARNING] [pdc_server_region_cache.c:834] PDC_SERVER[0]: Flushed region via POSIX I/O in 0.296847 s
[13:55:04.717456] [WARNING] [pdc_server_region_cache.c:850] PDC_SERVER[0]: [2026-10-07 13:55:04.717452] Flushed 16.00 / 16.00 MB to storage
[INFO] PDC_SERVER[0]: Region flush iteration took 0.296895 s
[13:55:04.719133] [WARNING] [pdc_tf_server.c:475] PDC_SERVER[5]: SCHED: done running transformations
[INFO] PDC_SERVER[0]: Starting flush for obj_id 13000000000, ndim=3
[13:55:04.719237] [WARNING] [pdc_server_region_cache.c:823] PDC_SERVER[0]: Region mapping lookup took 0.000001 s
[13:55:04.719243] [WARNING] [pdc_server_region_cache.c:828] PDC_SERVER[0]: No region mapping found for obj_id 13000000000
[13:55:04.726595] [WARNING] [pdc_tf_server.c:475] PDC_SERVER[4]: SCHED: done running transformations
[13:55:04.733431] [WARNING] [pdc_tf_server.c:393] PDC_SERVER[12]: SCHED: setting CUDA device to 0 for edge 0 func=zfp_compress
[13:55:04.733464] [WARNING] [pdc_tf_server.c:401] PDC_SERVER[12]: SCHED: executing edge 0 func=zfp_compress dev=GPU
[13:55:04.745581] [WARNING] [pdc_tf_server.c:475] PDC_SERVER[12]: SCHED: done running transformations
[13:55:04.752458] [WARNING] [pdc_tf_server.c:393] PDC_SERVER[10]: SCHED: setting CUDA device to 0 for edge 0 func=zfp_compress
[13:55:04.752517] [WARNING] [pdc_tf_server.c:401] PDC_SERVER[10]: SCHED: executing edge 0 func=zfp_compress dev=GPU
[13:55:04.761227] [WARNING] [pdc_tf_server.c:475] PDC_SERVER[10]: SCHED: done running transformations
[13:55:04.780727] [WARNING] [pdc_tf_server.c:393] PDC_SERVER[2]: SCHED: setting CUDA device to 0 for edge 0 func=zfp_compress
[13:55:04.780799] [WARNING] [pdc_tf_server.c:401] PDC_SERVER[2]: SCHED: executing edge 0 func=zfp_compress dev=GPU
[13:55:04.793011] [WARNING] [pdc_tf_server.c:475] PDC_SERVER[2]: SCHED: done running transformations
[13:55:04.871604] [WARNING] [pdc_tf_server.c:393] PDC_SERVER[11]: SCHED: setting CUDA device to 0 for edge 0 func=zfp_compress
[13:55:04.871631] [WARNING] [pdc_tf_server.c:401] PDC_SERVER[11]: SCHED: executing edge 0 func=zfp_compress dev=GPU
[13:55:04.876519] [WARNING] [pdc_tf_server.c:393] PDC_SERVER[13]: SCHED: setting CUDA device to 0 for edge 0 func=zfp_compress
[13:55:04.876578] [WARNING] [pdc_tf_server.c:401] PDC_SERVER[13]: SCHED: executing edge 0 func=zfp_compress dev=GPU
[13:55:04.880588] [WARNING] [pdc_tf_server.c:475] PDC_SERVER[11]: SCHED: done running transformations
[13:55:04.886878] [WARNING] [pdc_tf_server.c:475] PDC_SERVER[13]: SCHED: done running transformations
[13:55:04.926099] [WARNING] [pdc_tf_server.c:393] PDC_SERVER[9]: SCHED: setting CUDA device to 0 for edge 0 func=zfp_compress
[13:55:04.926127] [WARNING] [pdc_tf_server.c:401] PDC_SERVER[9]: SCHED: executing edge 0 func=zfp_compress dev=GPU
[13:55:04.935376] [WARNING] [pdc_tf_server.c:475] PDC_SERVER[9]: SCHED: done running transformations
[13:55:04.943030] [WARNING] [pdc_tf_server.c:393] PDC_SERVER[8]: SCHED: setting CUDA device to 0 for edge 0 func=zfp_compress
[13:55:04.943067] [WARNING] [pdc_tf_server.c:401] PDC_SERVER[8]: SCHED: executing edge 0 func=zfp_compress dev=GPU
[13:55:04.949104] [WARNING] [pdc_tf_server.c:393] PDC_SERVER[1]: SCHED: setting CUDA device to 0 for edge 0 func=zfp_compress
[13:55:04.949133] [WARNING] [pdc_tf_server.c:401] PDC_SERVER[1]: SCHED: executing edge 0 func=zfp_compress dev=GPU
[13:55:04.958405] [WARNING] [pdc_tf_server.c:475] PDC_SERVER[8]: SCHED: done running transformations
[13:55:04.961278] [WARNING] [pdc_tf_server.c:393] PDC_SERVER[3]: SCHED: setting CUDA device to 0 for edge 0 func=zfp_compress
[13:55:04.961334] [WARNING] [pdc_tf_server.c:401] PDC_SERVER[3]: SCHED: executing edge 0 func=zfp_compress dev=GPU
[INFO] PDC_SERVER[0]: Executing graph with json filepath /pscratch/sd/n/nlewi26/src/work_space/source/pdc/tf_client/graphs/zfp_gpu.json
[13:55:04.969638] [WARNING] [pdc_tf_server.c:393] PDC_SERVER[0]: SCHED: setting CUDA device to 0 for edge 0 func=zfp_compress
[13:55:04.969674] [WARNING] [pdc_tf_server.c:401] PDC_SERVER[0]: SCHED: executing edge 0 func=zfp_compress dev=GPU
[13:55:04.977189] [WARNING] [pdc_tf_server.c:393] PDC_SERVER[7]: SCHED: setting CUDA device to 0 for edge 0 func=zfp_compress
[13:55:04.977218] [WARNING] [pdc_tf_server.c:401] PDC_SERVER[7]: SCHED: executing edge 0 func=zfp_compress dev=GPU
[13:55:04.979569] [WARNING] [pdc_tf_server.c:475] PDC_SERVER[1]: SCHED: done running transformations
[13:55:04.984244] [WARNING] [pdc_tf_server.c:393] PDC_SERVER[6]: SCHED: setting CUDA device to 0 for edge 0 func=zfp_compress
[13:55:04.984300] [WARNING] [pdc_tf_server.c:401] PDC_SERVER[6]: SCHED: executing edge 0 func=zfp_compress dev=GPU
[13:55:04.987168] [WARNING] [pdc_tf_server.c:475] PDC_SERVER[7]: SCHED: done running transformations
[13:55:04.991983] [WARNING] [pdc_tf_server.c:475] PDC_SERVER[3]: SCHED: done running transformations
[13:55:04.992329] [WARNING] [pdc_tf_server.c:475] PDC_SERVER[0]: SCHED: done running transformations
[13:55:04.993621] [WARNING] [pdc_tf_server.c:475] PDC_SERVER[6]: SCHED: done running transformations
[13:55:05.004347] [WARNING] [pdc_tf_server.c:393] PDC_SERVER[15]: SCHED: setting CUDA device to 0 for edge 0 func=zfp_compress
[13:55:05.004375] [WARNING] [pdc_tf_server.c:401] PDC_SERVER[15]: SCHED: executing edge 0 func=zfp_compress dev=GPU
[13:55:05.005550] [WARNING] [pdc_tf_server.c:393] PDC_SERVER[14]: SCHED: setting CUDA device to 0 for edge 0 func=zfp_compress
[13:55:05.005588] [WARNING] [pdc_tf_server.c:401] PDC_SERVER[14]: SCHED: executing edge 0 func=zfp_compress dev=GPU
[13:55:05.012533] [WARNING] [pdc_tf_server.c:475] PDC_SERVER[15]: SCHED: done running transformations
[13:55:05.014775] [WARNING] [pdc_tf_server.c:475] PDC_SERVER[14]: SCHED: done running transformations
[13:55:05.015624] [WARNING] [pdc_tf_server.c:393] PDC_SERVER[5]: SCHED: setting CUDA device to 0 for edge 0 func=zfp_compress
[13:55:05.015689] [WARNING] [pdc_tf_server.c:401] PDC_SERVER[5]: SCHED: executing edge 0 func=zfp_compress dev=GPU
[13:55:05.022848] [WARNING] [pdc_tf_server.c:393] PDC_SERVER[4]: SCHED: setting CUDA device to 0 for edge 0 func=zfp_compress
[13:55:05.022872] [WARNING] [pdc_tf_server.c:401] PDC_SERVER[4]: SCHED: executing edge 0 func=zfp_compress dev=GPU
[13:55:05.028468] [WARNING] [pdc_server_region_cache.c:834] PDC_SERVER[0]: Flushed region via POSIX I/O in 0.309215 s
[13:55:05.028481] [WARNING] [pdc_server_region_cache.c:850] PDC_SERVER[0]: [2026-10-07 13:55:05.028478] Flushed 16.00 / 16.00 MB to storage
[INFO] PDC_SERVER[0]: Region flush iteration took 0.309252 s
[13:55:05.028639] [WARNING] [pdc_tf_server.c:475] PDC_SERVER[5]: SCHED: done running transformations
[13:55:05.034308] [WARNING] [pdc_tf_server.c:475] PDC_SERVER[4]: SCHED: done running transformations
[13:55:05.052048] [WARNING] [pdc_tf_server.c:393] PDC_SERVER[12]: SCHED: setting CUDA device to 0 for edge 0 func=zfp_compress
[13:55:05.052076] [WARNING] [pdc_tf_server.c:401] PDC_SERVER[12]: SCHED: executing edge 0 func=zfp_compress dev=GPU
[13:55:05.054017] [WARNING] [pdc_tf_server.c:393] PDC_SERVER[10]: SCHED: setting CUDA device to 0 for edge 0 func=zfp_compress
[13:55:05.054046] [WARNING] [pdc_tf_server.c:401] PDC_SERVER[10]: SCHED: executing edge 0 func=zfp_compress dev=GPU
[13:55:05.070161] [WARNING] [pdc_tf_server.c:475] PDC_SERVER[12]: SCHED: done running transformations
[13:55:05.071226] [WARNING] [pdc_tf_server.c:475] PDC_SERVER[10]: SCHED: done running transformations
[13:55:05.081997] [WARNING] [pdc_tf_server.c:393] PDC_SERVER[2]: SCHED: setting CUDA device to 0 for edge 0 func=zfp_compress
[13:55:05.082052] [WARNING] [pdc_tf_server.c:401] PDC_SERVER[2]: SCHED: executing edge 0 func=zfp_compress dev=GPU
[13:55:05.091146] [WARNING] [pdc_tf_server.c:475] PDC_SERVER[2]: SCHED: done running transformations
[13:55:05.165104] [WARNING] [pdc_tf_server.c:393] PDC_SERVER[11]: SCHED: setting CUDA device to 0 for edge 0 func=zfp_compress
[13:55:05.165132] [WARNING] [pdc_tf_server.c:401] PDC_SERVER[11]: SCHED: executing edge 0 func=zfp_compress dev=GPU
[13:55:05.173986] [WARNING] [pdc_tf_server.c:475] PDC_SERVER[11]: SCHED: done running transformations
[13:55:05.349388] [WARNING] [pdc_tf_server.c:393] PDC_SERVER[12]: SCHED: setting CUDA device to 0 for edge 0 func=zfp_compress
[13:55:05.349415] [WARNING] [pdc_tf_server.c:401] PDC_SERVER[12]: SCHED: executing edge 0 func=zfp_compress dev=GPU
[13:55:05.358635] [WARNING] [pdc_tf_server.c:475] PDC_SERVER[12]: SCHED: done running transformations
[INFO] PDC_SERVER[6]: Fetching region for obj_id=16000000000
[INFO] PDC_SERVER[6]: Checking against Object 10000000000
[INFO] PDC_SERVER[6]: Checking against Object 11000000000
[INFO] PDC_SERVER[6]: Checking against Object 12000000000
[INFO] PDC_SERVER[6]: Checking against Object 11000000001
[INFO] PDC_SERVER[6]: Checking against Object 12000000001
[INFO] PDC_SERVER[6]: Checking against Object 13000000000
[INFO] PDC_SERVER[6]: Object 16000000000 NOT found in cache
[INFO] PDC_SERVER[6]: Fetching region from server for obj_id=16000000000
[INFO] PDC_SERVER[12]: Fetching region for obj_id=16000000000
[INFO] PDC_SERVER[12]: Checking against Object 10000000000
[INFO] PDC_SERVER[12]: Checking against Object 11000000000
[INFO] PDC_SERVER[12]: Checking against Object 12000000000
[INFO] PDC_SERVER[12]: Checking against Object 11000000001
[INFO] PDC_SERVER[12]: Checking against Object 12000000001
[INFO] PDC_SERVER[12]: Checking against Object 13000000000
[INFO] PDC_SERVER[12]: Object 16000000000 NOT found in cache
[INFO] PDC_SERVER[12]: Fetching region from server for obj_id=16000000000
[INFO] PDC_SERVER[8]: Fetching region for obj_id=16000000000
[INFO] PDC_SERVER[8]: Checking against Object 10000000000
[INFO] PDC_SERVER[8]: Checking against Object 11000000000
[INFO] PDC_SERVER[8]: Checking against Object 12000000000
[INFO] PDC_SERVER[8]: Checking against Object 11000000001
[INFO] PDC_SERVER[8]: Checking against Object 12000000001
[INFO] PDC_SERVER[8]: Checking against Object 13000000000
[INFO] PDC_SERVER[8]: Object 16000000000 NOT found in cache
[INFO] PDC_SERVER[8]: Fetching region from server for obj_id=16000000000
[INFO] PDC_SERVER[2]: Fetching region for obj_id=16000000000
[INFO] PDC_SERVER[2]: Checking against Object 10000000000
[INFO] PDC_SERVER[2]: Checking against Object 11000000000
[INFO] PDC_SERVER[2]: Checking against Object 12000000000
[INFO] PDC_SERVER[2]: Checking against Object 11000000001
[INFO] PDC_SERVER[2]: Checking against Object 12000000001
[INFO] PDC_SERVER[2]: Checking against Object 13000000000
[INFO] PDC_SERVER[2]: Object 16000000000 NOT found in cache
[INFO] PDC_SERVER[2]: Fetching region from server for obj_id=16000000000
[INFO] PDC_SERVER[11]: Fetching region for obj_id=16000000000
[INFO] PDC_SERVER[11]: Checking against Object 10000000000
[INFO] PDC_SERVER[11]: Checking against Object 11000000000
[INFO] PDC_SERVER[11]: Checking against Object 12000000000
[INFO] PDC_SERVER[11]: Checking against Object 11000000001
[INFO] PDC_SERVER[11]: Checking against Object 12000000001
[INFO] PDC_SERVER[11]: Checking against Object 13000000000
[INFO] PDC_SERVER[11]: Object 16000000000 NOT found in cache
[INFO] PDC_SERVER[11]: Fetching region from server for obj_id=16000000000
[INFO] PDC_SERVER[0]: Fetching region for obj_id=16000000000
[INFO] PDC_SERVER[0]: Checking against Object 10000000000
[INFO] PDC_SERVER[0]: Checking against Object 11000000000
[INFO] PDC_SERVER[0]: Checking against Object 12000000000
[INFO] PDC_SERVER[0]: Checking against Object 11000000001
[INFO] PDC_SERVER[0]: Checking against Object 12000000001
[INFO] PDC_SERVER[0]: Checking against Object 13000000000
[INFO] PDC_SERVER[0]: Object 16000000000 NOT found in cache
[INFO] PDC_SERVER[0]: Fetching region from server for obj_id=16000000000
[INFO] PDC_SERVER[14]: Fetching region for obj_id=16000000000
[INFO] PDC_SERVER[14]: Checking against Object 10000000000
[INFO] PDC_SERVER[14]: Checking against Object 11000000000
[INFO] PDC_SERVER[14]: Checking against Object 12000000000
[INFO] PDC_SERVER[14]: Checking against Object 11000000001
[INFO] PDC_SERVER[14]: Checking against Object 12000000001
[INFO] PDC_SERVER[14]: Checking against Object 13000000000
[INFO] PDC_SERVER[9]: Fetching region for obj_id=16000000000
[INFO] PDC_SERVER[9]: Checking against Object 10000000000
[INFO] PDC_SERVER[9]: Checking against Object 11000000000
[INFO] PDC_SERVER[9]: Checking against Object 12000000000
[INFO] PDC_SERVER[9]: Checking against Object 11000000001
[INFO] PDC_SERVER[9]: Checking against Object 12000000001
[INFO] PDC_SERVER[9]: Checking against Object 13000000000
[INFO] PDC_SERVER[9]: Object 16000000000 NOT found in cache
[INFO] PDC_SERVER[9]: Fetching region from server for obj_id=16000000000
[INFO] PDC_SERVER[14]: Object 16000000000 NOT found in cache
[INFO] PDC_SERVER[14]: Fetching region from server for obj_id=16000000000
[INFO] PDC_SERVER[10]: Fetching region for obj_id=16000000000
[INFO] PDC_SERVER[10]: Checking against Object 10000000000
[INFO] PDC_SERVER[10]: Checking against Object 11000000000
[INFO] PDC_SERVER[10]: Checking against Object 12000000000
[INFO] PDC_SERVER[10]: Checking against Object 11000000001
[INFO] PDC_SERVER[10]: Checking against Object 12000000001
[INFO] PDC_SERVER[10]: Checking against Object 13000000000
[INFO] PDC_SERVER[10]: Object 16000000000 NOT found in cache
[INFO] PDC_SERVER[10]: Fetching region from server for obj_id=16000000000
[INFO] PDC_SERVER[15]: Fetching region for obj_id=16000000000
[INFO] PDC_SERVER[15]: Checking against Object 10000000000
[INFO] PDC_SERVER[15]: Checking against Object 11000000000
[INFO] PDC_SERVER[15]: Checking against Object 12000000000
[INFO] PDC_SERVER[15]: Checking against Object 11000000001
[INFO] PDC_SERVER[15]: Checking against Object 12000000001
[INFO] PDC_SERVER[15]: Checking against Object 13000000000
[INFO] PDC_SERVER[15]: Object 16000000000 NOT found in cache
[INFO] PDC_SERVER[15]: Fetching region from server for obj_id=16000000000
[INFO] PDC_SERVER[3]: Fetching region for obj_id=16000000000
[INFO] PDC_SERVER[3]: Checking against Object 10000000000
[INFO] PDC_SERVER[3]: Checking against Object 11000000000
[INFO] PDC_SERVER[3]: Checking against Object 12000000000
[INFO] PDC_SERVER[3]: Checking against Object 11000000001
[INFO] PDC_SERVER[3]: Checking against Object 12000000001
[INFO] PDC_SERVER[3]: Checking against Object 13000000000
[INFO] PDC_SERVER[3]: Object 16000000000 NOT found in cache
[INFO] PDC_SERVER[3]: Fetching region from server for obj_id=16000000000
[INFO] PDC_SERVER[1]: Fetching region for obj_id=16000000000
[INFO] PDC_SERVER[1]: Checking against Object 10000000000
[INFO] PDC_SERVER[1]: Checking against Object 11000000000
[INFO] PDC_SERVER[1]: Checking against Object 12000000000
[INFO] PDC_SERVER[1]: Checking against Object 11000000001
[INFO] PDC_SERVER[1]: Checking against Object 12000000001
[INFO] PDC_SERVER[1]: Checking against Object 13000000000
[INFO] PDC_SERVER[1]: Object 16000000000 NOT found in cache
[INFO] PDC_SERVER[1]: Fetching region from server for obj_id=16000000000
[INFO] PDC_SERVER[4]: Fetching region for obj_id=16000000000
[INFO] PDC_SERVER[4]: Checking against Object 10000000000
[INFO] PDC_SERVER[4]: Checking against Object 11000000000
[INFO] PDC_SERVER[4]: Checking against Object 12000000000
[INFO] PDC_SERVER[4]: Checking against Object 11000000001
[INFO] PDC_SERVER[4]: Checking against Object 12000000001
[INFO] PDC_SERVER[4]: Checking against Object 13000000000
[INFO] PDC_SERVER[4]: Object 16000000000 NOT found in cache
[INFO] PDC_SERVER[4]: Fetching region from server for obj_id=16000000000
[INFO] PDC_SERVER[5]: Fetching region for obj_id=16000000000
[INFO] PDC_SERVER[5]: Checking against Object 10000000000
[INFO] PDC_SERVER[5]: Checking against Object 11000000000
[INFO] PDC_SERVER[5]: Checking against Object 12000000000
[INFO] PDC_SERVER[5]: Checking against Object 11000000001
[INFO] PDC_SERVER[5]: Checking against Object 12000000001
[INFO] PDC_SERVER[7]: Fetching region for obj_id=16000000000
[INFO] PDC_SERVER[7]: Checking against Object 10000000000
[INFO] PDC_SERVER[7]: Checking against Object 11000000000
[INFO] PDC_SERVER[7]: Checking against Object 12000000000
[INFO] PDC_SERVER[5]: Checking against Object 13000000000
[INFO] PDC_SERVER[5]: Object 16000000000 NOT found in cache
[INFO] PDC_SERVER[5]: Fetching region from server for obj_id=16000000000
[INFO] PDC_SERVER[7]: Checking against Object 11000000001
[INFO] PDC_SERVER[7]: Checking against Object 12000000001
[INFO] PDC_SERVER[7]: Checking against Object 13000000000
[INFO] PDC_SERVER[7]: Object 16000000000 NOT found in cache
[INFO] PDC_SERVER[7]: Fetching region from server for obj_id=16000000000
[INFO] PDC_SERVER[13]: Fetching region for obj_id=16000000000
[INFO] PDC_SERVER[13]: Checking against Object 10000000000
[INFO] PDC_SERVER[13]: Checking against Object 11000000000
[INFO] PDC_SERVER[13]: Checking against Object 12000000000
[INFO] PDC_SERVER[13]: Checking against Object 11000000001
[INFO] PDC_SERVER[13]: Checking against Object 12000000001
[INFO] PDC_SERVER[13]: Checking against Object 13000000000
[INFO] PDC_SERVER[13]: Object 16000000000 NOT found in cache
[INFO] PDC_SERVER[13]: Fetching region from server for obj_id=16000000000
[13:55:05.422230] [WARNING] [pdc_tf_server.c:393] PDC_SERVER[8]: SCHED: setting CUDA device to 0 for edge 0 func=zfp_decompress
[13:55:05.422286] [WARNING] [pdc_tf_server.c:401] PDC_SERVER[8]: SCHED: executing edge 0 func=zfp_decompress dev=GPU
[13:55:05.422343] [WARNING] [pdc_tf_server.c:393] PDC_SERVER[15]: SCHED: setting CUDA device to 0 for edge 0 func=zfp_decompress
[13:55:05.422416] [WARNING] [pdc_tf_server.c:401] PDC_SERVER[15]: SCHED: executing edge 0 func=zfp_decompress dev=GPU
[INFO] PDC_SERVER[0]: Executing graph with json filepath /pscratch/sd/n/nlewi26/src/work_space/source/pdc/tf_client/graphs/zfp_gpu.json
[13:55:05.422509] [WARNING] [pdc_tf_server.c:393] PDC_SERVER[0]: SCHED: setting CUDA device to 0 for edge 0 func=zfp_decompress
[13:55:05.422540] [WARNING] [pdc_tf_server.c:401] PDC_SERVER[0]: SCHED: executing edge 0 func=zfp_decompress dev=GPU
[13:55:05.422647] [WARNING] [pdc_tf_server.c:393] PDC_SERVER[10]: SCHED: setting CUDA device to 0 for edge 0 func=zfp_decompress
[13:55:05.422693] [WARNING] [pdc_tf_server.c:401] PDC_SERVER[10]: SCHED: executing edge 0 func=zfp_decompress dev=GPU
[13:55:05.423516] [WARNING] [pdc_tf_server.c:393] PDC_SERVER[9]: SCHED: setting CUDA device to 0 for edge 0 func=zfp_decompress
[13:55:05.423540] [WARNING] [pdc_tf_server.c:401] PDC_SERVER[9]: SCHED: executing edge 0 func=zfp_decompress dev=GPU
[13:55:05.423852] [WARNING] [pdc_tf_server.c:393] PDC_SERVER[4]: SCHED: setting CUDA device to 0 for edge 0 func=zfp_decompress
[13:55:05.423878] [WARNING] [pdc_tf_server.c:401] PDC_SERVER[4]: SCHED: executing edge 0 func=zfp_decompress dev=GPU
[13:55:05.423971] [WARNING] [pdc_tf_server.c:393] PDC_SERVER[5]: SCHED: setting CUDA device to 0 for edge 0 func=zfp_decompress
[13:55:05.423992] [WARNING] [pdc_tf_server.c:401] PDC_SERVER[5]: SCHED: executing edge 0 func=zfp_decompress dev=GPU
[13:55:05.424000] [WARNING] [pdc_tf_server.c:393] PDC_SERVER[14]: SCHED: setting CUDA device to 0 for edge 0 func=zfp_decompress
[13:55:05.424028] [WARNING] [pdc_tf_server.c:393] PDC_SERVER[7]: SCHED: setting CUDA device to 0 for edge 0 func=zfp_decompress
[13:55:05.424071] [WARNING] [pdc_tf_server.c:401] PDC_SERVER[14]: SCHED: executing edge 0 func=zfp_decompress dev=GPU
[13:55:05.424077] [WARNING] [pdc_tf_server.c:401] PDC_SERVER[7]: SCHED: executing edge 0 func=zfp_decompress dev=GPU
[13:55:05.424760] [WARNING] [pdc_tf_server.c:393] PDC_SERVER[3]: SCHED: setting CUDA device to 0 for edge 0 func=zfp_decompress
[13:55:05.424809] [WARNING] [pdc_tf_server.c:401] PDC_SERVER[3]: SCHED: executing edge 0 func=zfp_decompress dev=GPU
[13:55:05.424893] [WARNING] [pdc_tf_server.c:393] PDC_SERVER[13]: SCHED: setting CUDA device to 0 for edge 0 func=zfp_decompress
[13:55:05.424925] [WARNING] [pdc_tf_server.c:401] PDC_SERVER[13]: SCHED: executing edge 0 func=zfp_decompress dev=GPU
[13:55:05.425375] [WARNING] [pdc_tf_server.c:393] PDC_SERVER[12]: SCHED: setting CUDA device to 0 for edge 0 func=zfp_decompress
[13:55:05.425402] [WARNING] [pdc_tf_server.c:401] PDC_SERVER[12]: SCHED: executing edge 0 func=zfp_decompress dev=GPU
[13:55:05.426038] [WARNING] [pdc_tf_server.c:393] PDC_SERVER[1]: SCHED: setting CUDA device to 0 for edge 0 func=zfp_decompress
[13:55:05.426093] [WARNING] [pdc_tf_server.c:401] PDC_SERVER[1]: SCHED: executing edge 0 func=zfp_decompress dev=GPU
[13:55:05.427649] [WARNING] [pdc_tf_server.c:393] PDC_SERVER[6]: SCHED: setting CUDA device to 0 for edge 0 func=zfp_decompress
[13:55:05.427673] [WARNING] [pdc_tf_server.c:401] PDC_SERVER[6]: SCHED: executing edge 0 func=zfp_decompress dev=GPU
[13:55:05.428561] [WARNING] [pdc_tf_server.c:393] PDC_SERVER[11]: SCHED: setting CUDA device to 0 for edge 0 func=zfp_decompress
[13:55:05.428594] [WARNING] [pdc_tf_server.c:401] PDC_SERVER[11]: SCHED: executing edge 0 func=zfp_decompress dev=GPU
[13:55:05.429680] [WARNING] [pdc_tf_server.c:393] PDC_SERVER[2]: SCHED: setting CUDA device to 0 for edge 0 func=zfp_decompress
[13:55:05.429700] [WARNING] [pdc_tf_server.c:401] PDC_SERVER[2]: SCHED: executing edge 0 func=zfp_decompress dev=GPU
[13:55:05.432265] [WARNING] [pdc_tf_server.c:475] PDC_SERVER[15]: SCHED: done running transformations
[13:55:05.435934] [WARNING] [pdc_tf_server.c:475] PDC_SERVER[14]: SCHED: done running transformations
[13:55:05.436510] [WARNING] [pdc_tf_server.c:475] PDC_SERVER[7]: SCHED: done running transformations
[13:55:05.437509] [WARNING] [pdc_tf_server.c:475] PDC_SERVER[12]: SCHED: done running transformations
[INFO] PDC_SERVER[15]: Fetching region for obj_id=16000000000
[INFO] PDC_SERVER[15]: Checking against Object 10000000000
[INFO] PDC_SERVER[15]: Checking against Object 11000000000
[INFO] PDC_SERVER[15]: Checking against Object 12000000000
[INFO] PDC_SERVER[15]: Checking against Object 11000000001
[INFO] PDC_SERVER[15]: Checking against Object 12000000001
[INFO] PDC_SERVER[15]: Checking against Object 13000000000
[INFO] PDC_SERVER[15]: Object 16000000000 NOT found in cache
[INFO] PDC_SERVER[15]: Fetching region from server for obj_id=16000000000
[13:55:05.438352] [WARNING] [pdc_tf_server.c:475] PDC_SERVER[13]: SCHED: done running transformations
[13:55:05.438770] [WARNING] [pdc_tf_server.c:475] PDC_SERVER[6]: SCHED: done running transformations
[13:55:05.439335] [WARNING] [pdc_tf_server.c:475] PDC_SERVER[4]: SCHED: done running transformations
[13:55:05.440084] [WARNING] [pdc_tf_server.c:475] PDC_SERVER[5]: SCHED: done running transformations
[INFO] PDC_SERVER[14]: Fetching region for obj_id=16000000000
[INFO] PDC_SERVER[14]: Checking against Object 10000000000
[INFO] PDC_SERVER[14]: Checking against Object 11000000000
[INFO] PDC_SERVER[14]: Checking against Object 12000000000
[INFO] PDC_SERVER[14]: Checking against Object 11000000001
[INFO] PDC_SERVER[14]: Checking against Object 12000000001
[INFO] PDC_SERVER[14]: Checking against Object 13000000000
[INFO] PDC_SERVER[14]: Object 16000000000 NOT found in cache
[INFO] PDC_SERVER[14]: Fetching region from server for obj_id=16000000000
[INFO] PDC_SERVER[7]: Fetching region for obj_id=16000000000
[INFO] PDC_SERVER[7]: Checking against Object 10000000000
[INFO] PDC_SERVER[7]: Checking against Object 11000000000
[INFO] PDC_SERVER[7]: Checking against Object 12000000000
[INFO] PDC_SERVER[7]: Checking against Object 11000000001
[INFO] PDC_SERVER[7]: Checking against Object 12000000001
[INFO] PDC_SERVER[7]: Checking against Object 13000000000
[INFO] PDC_SERVER[7]: Object 16000000000 NOT found in cache
[INFO] PDC_SERVER[7]: Fetching region from server for obj_id=16000000000
[INFO] PDC_SERVER[12]: Fetching region for obj_id=16000000000
[INFO] PDC_SERVER[12]: Checking against Object 10000000000
[INFO] PDC_SERVER[12]: Checking against Object 11000000000
[INFO] PDC_SERVER[12]: Checking against Object 12000000000
[INFO] PDC_SERVER[12]: Checking against Object 11000000001
[INFO] PDC_SERVER[12]: Checking against Object 12000000001
[INFO] PDC_SERVER[12]: Checking against Object 13000000000
[INFO] PDC_SERVER[12]: Object 16000000000 NOT found in cache
[INFO] PDC_SERVER[12]: Fetching region from server for obj_id=16000000000
[INFO] PDC_SERVER[6]: Fetching region for obj_id=16000000000
[INFO] PDC_SERVER[6]: Checking against Object 10000000000
[INFO] PDC_SERVER[6]: Checking against Object 11000000000
[INFO] PDC_SERVER[6]: Checking against Object 12000000000
[INFO] PDC_SERVER[6]: Checking against Object 11000000001
[INFO] PDC_SERVER[6]: Checking against Object 12000000001
[INFO] PDC_SERVER[6]: Checking against Object 13000000000
[INFO] PDC_SERVER[6]: Object 16000000000 NOT found in cache
[INFO] PDC_SERVER[6]: Fetching region from server for obj_id=16000000000
[INFO] PDC_SERVER[13]: Fetching region for obj_id=16000000000
[INFO] PDC_SERVER[13]: Checking against Object 10000000000
[INFO] PDC_SERVER[13]: Checking against Object 11000000000
[INFO] PDC_SERVER[13]: Checking against Object 12000000000
[INFO] PDC_SERVER[13]: Checking against Object 11000000001
[INFO] PDC_SERVER[13]: Checking against Object 12000000001
[INFO] PDC_SERVER[13]: Checking against Object 13000000000
[INFO] PDC_SERVER[13]: Object 16000000000 NOT found in cache
[INFO] PDC_SERVER[13]: Fetching region from server for obj_id=16000000000
[INFO] PDC_SERVER[4]: Fetching region for obj_id=16000000000
[INFO] PDC_SERVER[4]: Checking against Object 10000000000
[INFO] PDC_SERVER[4]: Checking against Object 11000000000
[INFO] PDC_SERVER[4]: Checking against Object 12000000000
[INFO] PDC_SERVER[4]: Checking against Object 11000000001
[INFO] PDC_SERVER[4]: Checking against Object 12000000001
[INFO] PDC_SERVER[4]: Checking against Object 13000000000
[INFO] PDC_SERVER[4]: Object 16000000000 NOT found in cache
[INFO] PDC_SERVER[4]: Fetching region from server for obj_id=16000000000
[INFO] PDC_SERVER[5]: Fetching region for obj_id=16000000000
[INFO] PDC_SERVER[5]: Checking against Object 10000000000
[INFO] PDC_SERVER[5]: Checking against Object 11000000000
[INFO] PDC_SERVER[5]: Checking against Object 12000000000
[INFO] PDC_SERVER[5]: Checking against Object 11000000001
[INFO] PDC_SERVER[5]: Checking against Object 12000000001
[INFO] PDC_SERVER[5]: Checking against Object 13000000000
[INFO] PDC_SERVER[5]: Object 16000000000 NOT found in cache
[INFO] PDC_SERVER[5]: Fetching region from server for obj_id=16000000000
[13:55:05.449870] [WARNING] [pdc_tf_server.c:475] PDC_SERVER[0]: SCHED: done running transformations
[13:55:05.451074] [WARNING] [pdc_tf_server.c:475] PDC_SERVER[1]: SCHED: done running transformations
[13:55:05.452514] [WARNING] [pdc_tf_server.c:475] PDC_SERVER[3]: SCHED: done running transformations
[13:55:05.452837] [WARNING] [pdc_tf_server.c:475] PDC_SERVER[2]: SCHED: done running transformations
[INFO] PDC_SERVER[0]: Fetching region for obj_id=16000000000
[INFO] PDC_SERVER[0]: Checking against Object 10000000000
[INFO] PDC_SERVER[0]: Checking against Object 11000000000
[INFO] PDC_SERVER[0]: Checking against Object 12000000000
[INFO] PDC_SERVER[0]: Checking against Object 11000000001
[INFO] PDC_SERVER[0]: Checking against Object 12000000001
[INFO] PDC_SERVER[0]: Checking against Object 13000000000
[INFO] PDC_SERVER[0]: Object 16000000000 NOT found in cache
[INFO] PDC_SERVER[0]: Fetching region from server for obj_id=16000000000
[13:55:05.455278] [WARNING] [pdc_tf_server.c:475] PDC_SERVER[9]: SCHED: done running transformations
[13:55:05.455335] [WARNING] [pdc_tf_server.c:475] PDC_SERVER[11]: SCHED: done running transformations
[13:55:05.455386] [WARNING] [pdc_tf_server.c:475] PDC_SERVER[10]: SCHED: done running transformations
[13:55:05.455442] [WARNING] [pdc_tf_server.c:475] PDC_SERVER[8]: SCHED: done running transformations
[INFO] PDC_SERVER[1]: Fetching region for obj_id=16000000000
[INFO] PDC_SERVER[1]: Checking against Object 10000000000
[INFO] PDC_SERVER[1]: Checking against Object 11000000000
[INFO] PDC_SERVER[1]: Checking against Object 12000000000
[INFO] PDC_SERVER[1]: Checking against Object 11000000001
[INFO] PDC_SERVER[1]: Checking against Object 12000000001
[INFO] PDC_SERVER[1]: Checking against Object 13000000000
[INFO] PDC_SERVER[1]: Object 16000000000 NOT found in cache
[INFO] PDC_SERVER[1]: Fetching region from server for obj_id=16000000000
[13:55:05.456913] [WARNING] [pdc_tf_server.c:393] PDC_SERVER[14]: SCHED: setting CUDA device to 0 for edge 0 func=zfp_decompress
[13:55:05.456931] [WARNING] [pdc_tf_server.c:401] PDC_SERVER[14]: SCHED: executing edge 0 func=zfp_decompress dev=GPU
[13:55:05.457879] [WARNING] [pdc_tf_server.c:393] PDC_SERVER[7]: SCHED: setting CUDA device to 0 for edge 0 func=zfp_decompress
[13:55:05.457896] [WARNING] [pdc_tf_server.c:401] PDC_SERVER[7]: SCHED: executing edge 0 func=zfp_decompress dev=GPU
[13:55:05.458521] [WARNING] [pdc_tf_server.c:393] PDC_SERVER[12]: SCHED: setting CUDA device to 0 for edge 0 func=zfp_decompress
[13:55:05.458539] [WARNING] [pdc_tf_server.c:401] PDC_SERVER[12]: SCHED: executing edge 0 func=zfp_decompress dev=GPU
[13:55:05.458982] [WARNING] [pdc_tf_server.c:393] PDC_SERVER[15]: SCHED: setting CUDA device to 0 for edge 0 func=zfp_decompress
[13:55:05.459004] [WARNING] [pdc_tf_server.c:401] PDC_SERVER[15]: SCHED: executing edge 0 func=zfp_decompress dev=GPU
[INFO] PDC_SERVER[3]: Fetching region for obj_id=16000000000
[INFO] PDC_SERVER[3]: Checking against Object 10000000000
[INFO] PDC_SERVER[3]: Checking against Object 11000000000
[INFO] PDC_SERVER[3]: Checking against Object 12000000000
[INFO] PDC_SERVER[3]: Checking against Object 11000000001
[INFO] PDC_SERVER[3]: Checking against Object 12000000001
[INFO] PDC_SERVER[3]: Checking against Object 13000000000
[INFO] PDC_SERVER[3]: Object 16000000000 NOT found in cache
[INFO] PDC_SERVER[3]: Fetching region from server for obj_id=16000000000
[INFO] PDC_SERVER[2]: Fetching region for obj_id=16000000000
[INFO] PDC_SERVER[2]: Checking against Object 10000000000
[INFO] PDC_SERVER[2]: Checking against Object 11000000000
[INFO] PDC_SERVER[2]: Checking against Object 12000000000
[INFO] PDC_SERVER[2]: Checking against Object 11000000001
[INFO] PDC_SERVER[2]: Checking against Object 12000000001
[INFO] PDC_SERVER[2]: Checking against Object 13000000000
[INFO] PDC_SERVER[2]: Object 16000000000 NOT found in cache
[INFO] PDC_SERVER[2]: Fetching region from server for obj_id=16000000000
[13:55:05.459883] [WARNING] [pdc_tf_server.c:393] PDC_SERVER[13]: SCHED: setting CUDA device to 0 for edge 0 func=zfp_decompress
[13:55:05.459907] [WARNING] [pdc_tf_server.c:401] PDC_SERVER[13]: SCHED: executing edge 0 func=zfp_decompress dev=GPU
[13:55:05.459998] [WARNING] [pdc_tf_server.c:393] PDC_SERVER[6]: SCHED: setting CUDA device to 0 for edge 0 func=zfp_decompress
[13:55:05.460015] [WARNING] [pdc_tf_server.c:401] PDC_SERVER[6]: SCHED: executing edge 0 func=zfp_decompress dev=GPU
[INFO] PDC_SERVER[11]: Fetching region for obj_id=16000000000
[INFO] PDC_SERVER[11]: Checking against Object 10000000000
[INFO] PDC_SERVER[11]: Checking against Object 11000000000
[INFO] PDC_SERVER[11]: Checking against Object 12000000000
[INFO] PDC_SERVER[11]: Checking against Object 11000000001
[INFO] PDC_SERVER[11]: Checking against Object 12000000001
[INFO] PDC_SERVER[11]: Checking against Object 13000000000
[INFO] PDC_SERVER[11]: Object 16000000000 NOT found in cache
[INFO] PDC_SERVER[11]: Fetching region from server for obj_id=16000000000
[INFO] PDC_SERVER[9]: Fetching region for obj_id=16000000000
[INFO] PDC_SERVER[9]: Checking against Object 10000000000
[INFO] PDC_SERVER[9]: Checking against Object 11000000000
[INFO] PDC_SERVER[9]: Checking against Object 12000000000
[INFO] PDC_SERVER[9]: Checking against Object 11000000001
[INFO] PDC_SERVER[9]: Checking against Object 12000000001
[INFO] PDC_SERVER[9]: Checking against Object 13000000000
[INFO] PDC_SERVER[9]: Object 16000000000 NOT found in cache
[INFO] PDC_SERVER[9]: Fetching region from server for obj_id=16000000000
[INFO] PDC_SERVER[8]: Fetching region for obj_id=16000000000
[INFO] PDC_SERVER[8]: Checking against Object 10000000000
[INFO] PDC_SERVER[8]: Checking against Object 11000000000
[INFO] PDC_SERVER[8]: Checking against Object 12000000000
[INFO] PDC_SERVER[8]: Checking against Object 11000000001
[INFO] PDC_SERVER[8]: Checking against Object 12000000001
[INFO] PDC_SERVER[8]: Checking against Object 13000000000
[INFO] PDC_SERVER[8]: Object 16000000000 NOT found in cache
[INFO] PDC_SERVER[8]: Fetching region from server for obj_id=16000000000
[INFO] PDC_SERVER[10]: Fetching region for obj_id=16000000000
[INFO] PDC_SERVER[10]: Checking against Object 10000000000
[INFO] PDC_SERVER[10]: Checking against Object 11000000000
[INFO] PDC_SERVER[10]: Checking against Object 12000000000
[INFO] PDC_SERVER[10]: Checking against Object 11000000001
[INFO] PDC_SERVER[10]: Checking against Object 12000000001
[INFO] PDC_SERVER[10]: Checking against Object 13000000000
[INFO] PDC_SERVER[10]: Object 16000000000 NOT found in cache
[INFO] PDC_SERVER[10]: Fetching region from server for obj_id=16000000000
[13:55:05.464814] [WARNING] [pdc_tf_server.c:393] PDC_SERVER[4]: SCHED: setting CUDA device to 0 for edge 0 func=zfp_decompress
[13:55:05.464840] [WARNING] [pdc_tf_server.c:401] PDC_SERVER[4]: SCHED: executing edge 0 func=zfp_decompress dev=GPU
[13:55:05.465452] [WARNING] [pdc_tf_server.c:393] PDC_SERVER[5]: SCHED: setting CUDA device to 0 for edge 0 func=zfp_decompress
[13:55:05.465485] [WARNING] [pdc_tf_server.c:401] PDC_SERVER[5]: SCHED: executing edge 0 func=zfp_decompress dev=GPU
[13:55:05.467310] [WARNING] [pdc_tf_server.c:475] PDC_SERVER[7]: SCHED: done running transformations
[13:55:05.468694] [WARNING] [pdc_tf_server.c:475] PDC_SERVER[14]: SCHED: done running transformations
[13:55:05.469895] [WARNING] [pdc_tf_server.c:475] PDC_SERVER[6]: SCHED: done running transformations
[13:55:05.471851] [WARNING] [pdc_tf_server.c:393] PDC_SERVER[1]: SCHED: setting CUDA device to 0 for edge 0 func=zfp_decompress
[13:55:05.471870] [WARNING] [pdc_tf_server.c:401] PDC_SERVER[1]: SCHED: executing edge 0 func=zfp_decompress dev=GPU
[INFO] PDC_SERVER[7]: Fetching region for obj_id=16000000000
[INFO] PDC_SERVER[7]: Checking against Object 10000000000
[INFO] PDC_SERVER[7]: Checking against Object 11000000000
[INFO] PDC_SERVER[7]: Checking against Object 12000000000
[INFO] PDC_SERVER[7]: Checking against Object 11000000001
[INFO] PDC_SERVER[7]: Checking against Object 12000000001
[INFO] PDC_SERVER[7]: Checking against Object 13000000000
[INFO] PDC_SERVER[7]: Object 16000000000 NOT found in cache
[INFO] PDC_SERVER[7]: Fetching region from server for obj_id=16000000000
[13:55:05.472673] [WARNING] [pdc_tf_server.c:475] PDC_SERVER[12]: SCHED: done running transformations
[13:55:05.473038] [WARNING] [pdc_tf_server.c:475] PDC_SERVER[15]: SCHED: done running transformations
[INFO] PDC_SERVER[14]: Fetching region for obj_id=16000000000
[INFO] PDC_SERVER[14]: Checking against Object 10000000000
[INFO] PDC_SERVER[14]: Checking against Object 11000000000
[INFO] PDC_SERVER[14]: Checking against Object 12000000000
[INFO] PDC_SERVER[14]: Checking against Object 11000000001
[INFO] PDC_SERVER[14]: Checking against Object 12000000001
[INFO] PDC_SERVER[14]: Checking against Object 13000000000
[INFO] PDC_SERVER[14]: Object 16000000000 NOT found in cache
[INFO] PDC_SERVER[14]: Fetching region from server for obj_id=16000000000
[13:55:05.473987] [WARNING] [pdc_tf_server.c:475] PDC_SERVER[13]: SCHED: done running transformations
[INFO] PDC_SERVER[6]: Fetching region for obj_id=16000000000
[INFO] PDC_SERVER[6]: Checking against Object 10000000000
[INFO] PDC_SERVER[6]: Checking against Object 11000000000
[INFO] PDC_SERVER[6]: Checking against Object 12000000000
[INFO] PDC_SERVER[6]: Checking against Object 11000000001
[INFO] PDC_SERVER[6]: Checking against Object 12000000001
[INFO] PDC_SERVER[6]: Checking against Object 13000000000
[INFO] PDC_SERVER[6]: Object 16000000000 NOT found in cache
[INFO] PDC_SERVER[6]: Fetching region from server for obj_id=16000000000
[13:55:05.475334] [WARNING] [pdc_tf_server.c:393] PDC_SERVER[3]: SCHED: setting CUDA device to 0 for edge 0 func=zfp_decompress
[13:55:05.475357] [WARNING] [pdc_tf_server.c:401] PDC_SERVER[3]: SCHED: executing edge 0 func=zfp_decompress dev=GPU
[13:55:05.475506] [WARNING] [pdc_tf_server.c:393] PDC_SERVER[2]: SCHED: setting CUDA device to 0 for edge 0 func=zfp_decompress
[13:55:05.475523] [WARNING] [pdc_tf_server.c:401] PDC_SERVER[2]: SCHED: executing edge 0 func=zfp_decompress dev=GPU
[13:55:05.476313] [WARNING] [pdc_tf_server.c:393] PDC_SERVER[11]: SCHED: setting CUDA device to 0 for edge 0 func=zfp_decompress
[13:55:05.476335] [WARNING] [pdc_tf_server.c:401] PDC_SERVER[11]: SCHED: executing edge 0 func=zfp_decompress dev=GPU
[INFO] PDC_SERVER[12]: Fetching region for obj_id=16000000000
[INFO] PDC_SERVER[12]: Checking against Object 10000000000
[INFO] PDC_SERVER[12]: Checking against Object 11000000000
[INFO] PDC_SERVER[12]: Checking against Object 12000000000
[INFO] PDC_SERVER[12]: Checking against Object 11000000001
[INFO] PDC_SERVER[12]: Checking against Object 12000000001
[INFO] PDC_SERVER[12]: Checking against Object 13000000000
[INFO] PDC_SERVER[12]: Object 16000000000 NOT found in cache
[INFO] PDC_SERVER[12]: Fetching region from server for obj_id=16000000000
[INFO] PDC_SERVER[15]: Fetching region for obj_id=16000000000
[INFO] PDC_SERVER[15]: Checking against Object 10000000000
[INFO] PDC_SERVER[15]: Checking against Object 11000000000
[INFO] PDC_SERVER[15]: Checking against Object 12000000000
[INFO] PDC_SERVER[15]: Checking against Object 11000000001
[INFO] PDC_SERVER[15]: Checking against Object 12000000001
[INFO] PDC_SERVER[15]: Checking against Object 13000000000
[INFO] PDC_SERVER[15]: Object 16000000000 NOT found in cache
[INFO] PDC_SERVER[15]: Fetching region from server for obj_id=16000000000
[INFO] PDC_SERVER[13]: Fetching region for obj_id=16000000000
[INFO] PDC_SERVER[13]: Checking against Object 10000000000
[INFO] PDC_SERVER[13]: Checking against Object 11000000000
[INFO] PDC_SERVER[13]: Checking against Object 12000000000
[INFO] PDC_SERVER[13]: Checking against Object 11000000001
[INFO] PDC_SERVER[13]: Checking against Object 12000000001
[INFO] PDC_SERVER[13]: Checking against Object 13000000000
[INFO] PDC_SERVER[13]: Object 16000000000 NOT found in cache
[INFO] PDC_SERVER[13]: Fetching region from server for obj_id=16000000000
[13:55:05.480833] [WARNING] [pdc_tf_server.c:475] PDC_SERVER[1]: SCHED: done running transformations
[13:55:05.481052] [WARNING] [pdc_tf_server.c:393] PDC_SERVER[9]: SCHED: setting CUDA device to 0 for edge 0 func=zfp_decompress
[13:55:05.481072] [WARNING] [pdc_tf_server.c:401] PDC_SERVER[9]: SCHED: executing edge 0 func=zfp_decompress dev=GPU
[13:55:05.481413] [WARNING] [pdc_tf_server.c:393] PDC_SERVER[8]: SCHED: setting CUDA device to 0 for edge 0 func=zfp_decompress
[13:55:05.481442] [WARNING] [pdc_tf_server.c:401] PDC_SERVER[8]: SCHED: executing edge 0 func=zfp_decompress dev=GPU
[INFO] PDC_SERVER[0]: Executing graph with json filepath /pscratch/sd/n/nlewi26/src/work_space/source/pdc/tf_client/graphs/zfp_gpu.json
[13:55:05.481395] [WARNING] [pdc_tf_server.c:393] PDC_SERVER[0]: SCHED: setting CUDA device to 0 for edge 0 func=zfp_decompress
[13:55:05.481436] [WARNING] [pdc_tf_server.c:393] PDC_SERVER[10]: SCHED: setting CUDA device to 0 for edge 0 func=zfp_decompress
[13:55:05.481466] [WARNING] [pdc_tf_server.c:401] PDC_SERVER[10]: SCHED: executing edge 0 func=zfp_decompress dev=GPU
[13:55:05.481408] [WARNING] [pdc_tf_server.c:401] PDC_SERVER[0]: SCHED: executing edge 0 func=zfp_decompress dev=GPU
[13:55:05.483395] [WARNING] [pdc_tf_server.c:475] PDC_SERVER[4]: SCHED: done running transformations
[13:55:05.484469] [WARNING] [pdc_tf_server.c:475] PDC_SERVER[5]: SCHED: done running transformations
[INFO] PDC_SERVER[1]: Fetching region for obj_id=16000000000
[INFO] PDC_SERVER[1]: Checking against Object 10000000000
[INFO] PDC_SERVER[1]: Checking against Object 11000000000
[INFO] PDC_SERVER[1]: Checking against Object 12000000000
[INFO] PDC_SERVER[1]: Checking against Object 11000000001
[INFO] PDC_SERVER[1]: Checking against Object 12000000001
[INFO] PDC_SERVER[1]: Checking against Object 13000000000
[INFO] PDC_SERVER[1]: Object 16000000000 NOT found in cache
[INFO] PDC_SERVER[1]: Fetching region from server for obj_id=16000000000
[13:55:05.488494] [WARNING] [pdc_tf_server.c:475] PDC_SERVER[2]: SCHED: done running transformations
[13:55:05.488699] [WARNING] [pdc_tf_server.c:393] PDC_SERVER[7]: SCHED: setting CUDA device to 0 for edge 0 func=zfp_decompress
[13:55:05.488712] [WARNING] [pdc_tf_server.c:401] PDC_SERVER[7]: SCHED: executing edge 0 func=zfp_decompress dev=GPU
[13:55:05.488809] [WARNING] [pdc_tf_server.c:475] PDC_SERVER[3]: SCHED: done running transformations
[13:55:05.490164] [WARNING] [pdc_tf_server.c:393] PDC_SERVER[14]: SCHED: setting CUDA device to 0 for edge 0 func=zfp_decompress
[13:55:05.490180] [WARNING] [pdc_tf_server.c:401] PDC_SERVER[14]: SCHED: executing edge 0 func=zfp_decompress dev=GPU
[INFO] PDC_SERVER[4]: Fetching region for obj_id=16000000000
[INFO] PDC_SERVER[4]: Checking against Object 10000000000
[INFO] PDC_SERVER[4]: Checking against Object 11000000000
[INFO] PDC_SERVER[4]: Checking against Object 12000000000
[INFO] PDC_SERVER[4]: Checking against Object 11000000001
[INFO] PDC_SERVER[4]: Checking against Object 12000000001
[INFO] PDC_SERVER[4]: Checking against Object 13000000000
[INFO] PDC_SERVER[4]: Object 16000000000 NOT found in cache
[INFO] PDC_SERVER[4]: Fetching region from server for obj_id=16000000000
[13:55:05.490457] [WARNING] [pdc_tf_server.c:393] PDC_SERVER[6]: SCHED: setting CUDA device to 0 for edge 0 func=zfp_decompress
[13:55:05.490474] [WARNING] [pdc_tf_server.c:401] PDC_SERVER[6]: SCHED: executing edge 0 func=zfp_decompress dev=GPU
[INFO] PDC_SERVER[5]: Fetching region for obj_id=16000000000
[INFO] PDC_SERVER[5]: Checking against Object 10000000000
[INFO] PDC_SERVER[5]: Checking against Object 11000000000
[INFO] PDC_SERVER[5]: Checking against Object 12000000000
[INFO] PDC_SERVER[5]: Checking against Object 11000000001
[INFO] PDC_SERVER[5]: Checking against Object 12000000001
[INFO] PDC_SERVER[5]: Checking against Object 13000000000
[INFO] PDC_SERVER[5]: Object 16000000000 NOT found in cache
[INFO] PDC_SERVER[5]: Fetching region from server for obj_id=16000000000
[13:55:05.492900] [WARNING] [pdc_tf_server.c:475] PDC_SERVER[0]: SCHED: done running transformations
[13:55:05.493647] [WARNING] [pdc_tf_server.c:475] PDC_SERVER[11]: SCHED: done running transformations
[13:55:05.494322] [WARNING] [pdc_tf_server.c:393] PDC_SERVER[12]: SCHED: setting CUDA device to 0 for edge 0 func=zfp_decompress
[13:55:05.494357] [WARNING] [pdc_tf_server.c:401] PDC_SERVER[12]: SCHED: executing edge 0 func=zfp_decompress dev=GPU
[13:55:05.494583] [WARNING] [pdc_tf_server.c:393] PDC_SERVER[15]: SCHED: setting CUDA device to 0 for edge 0 func=zfp_decompress
[13:55:05.494606] [WARNING] [pdc_tf_server.c:401] PDC_SERVER[15]: SCHED: executing edge 0 func=zfp_decompress dev=GPU
[13:55:05.495528] [WARNING] [pdc_tf_server.c:393] PDC_SERVER[13]: SCHED: setting CUDA device to 0 for edge 0 func=zfp_decompress
[13:55:05.495545] [WARNING] [pdc_tf_server.c:401] PDC_SERVER[13]: SCHED: executing edge 0 func=zfp_decompress dev=GPU
[INFO] PDC_SERVER[2]: Fetching region for obj_id=16000000000
[INFO] PDC_SERVER[2]: Checking against Object 10000000000
[INFO] PDC_SERVER[2]: Checking against Object 11000000000
[INFO] PDC_SERVER[2]: Checking against Object 12000000000
[INFO] PDC_SERVER[2]: Checking against Object 11000000001
[INFO] PDC_SERVER[2]: Checking against Object 12000000001
[INFO] PDC_SERVER[2]: Checking against Object 13000000000
[INFO] PDC_SERVER[2]: Object 16000000000 NOT found in cache
[INFO] PDC_SERVER[2]: Fetching region from server for obj_id=16000000000
[INFO] PDC_SERVER[3]: Fetching region for obj_id=16000000000
[INFO] PDC_SERVER[3]: Checking against Object 10000000000
[INFO] PDC_SERVER[3]: Checking against Object 11000000000
[INFO] PDC_SERVER[3]: Checking against Object 12000000000
[INFO] PDC_SERVER[3]: Checking against Object 11000000001
[INFO] PDC_SERVER[3]: Checking against Object 12000000001
[INFO] PDC_SERVER[3]: Checking against Object 13000000000
[INFO] PDC_SERVER[3]: Object 16000000000 NOT found in cache
[INFO] PDC_SERVER[3]: Fetching region from server for obj_id=16000000000
[INFO] PDC_SERVER[0]: Fetching region for obj_id=16000000000
[INFO] PDC_SERVER[0]: Checking against Object 10000000000
[INFO] PDC_SERVER[0]: Checking against Object 11000000000
[INFO] PDC_SERVER[0]: Checking against Object 12000000000
[INFO] PDC_SERVER[0]: Checking against Object 11000000001
[INFO] PDC_SERVER[0]: Checking against Object 12000000001
[INFO] PDC_SERVER[0]: Checking against Object 13000000000
[INFO] PDC_SERVER[0]: Object 16000000000 NOT found in cache
[INFO] PDC_SERVER[0]: Fetching region from server for obj_id=16000000000
[13:55:05.498901] [WARNING] [pdc_tf_server.c:475] PDC_SERVER[7]: SCHED: done running transformations
[13:55:05.499064] [WARNING] [pdc_tf_server.c:475] PDC_SERVER[6]: SCHED: done running transformations
[INFO] PDC_SERVER[11]: Fetching region for obj_id=16000000000
[INFO] PDC_SERVER[11]: Checking against Object 10000000000
[INFO] PDC_SERVER[11]: Checking against Object 11000000000
[INFO] PDC_SERVER[11]: Checking against Object 12000000000
[INFO] PDC_SERVER[11]: Checking against Object 11000000001
[INFO] PDC_SERVER[11]: Checking against Object 12000000001
[INFO] PDC_SERVER[11]: Checking against Object 13000000000
[INFO] PDC_SERVER[11]: Object 16000000000 NOT found in cache
[INFO] PDC_SERVER[11]: Fetching region from server for obj_id=16000000000
[13:55:05.501759] [WARNING] [pdc_tf_server.c:393] PDC_SERVER[1]: SCHED: setting CUDA device to 0 for edge 0 func=zfp_decompress
[13:55:05.501781] [WARNING] [pdc_tf_server.c:401] PDC_SERVER[1]: SCHED: executing edge 0 func=zfp_decompress dev=GPU
[INFO] PDC_SERVER[6]: Fetching region for obj_id=16000000000
[INFO] PDC_SERVER[6]: Checking against Object 10000000000
[INFO] PDC_SERVER[6]: Checking against Object 11000000000
[INFO] PDC_SERVER[6]: Checking against Object 12000000000
[INFO] PDC_SERVER[6]: Checking against Object 11000000001
[INFO] PDC_SERVER[6]: Checking against Object 12000000001
[INFO] PDC_SERVER[6]: Checking against Object 13000000000
[INFO] PDC_SERVER[6]: Object 16000000000 NOT found in cache
[INFO] PDC_SERVER[6]: Fetching region from server for obj_id=16000000000
[INFO] PDC_SERVER[7]: Fetching region for obj_id=16000000000
[INFO] PDC_SERVER[7]: Checking against Object 10000000000
[INFO] PDC_SERVER[7]: Checking against Object 11000000000
[INFO] PDC_SERVER[7]: Checking against Object 12000000000
[INFO] PDC_SERVER[7]: Checking against Object 11000000001
[INFO] PDC_SERVER[7]: Checking against Object 12000000001
[INFO] PDC_SERVER[7]: Checking against Object 13000000000
[INFO] PDC_SERVER[7]: Object 16000000000 NOT found in cache
[INFO] PDC_SERVER[7]: Fetching region from server for obj_id=16000000000
[13:55:05.508469] [WARNING] [pdc_tf_server.c:393] PDC_SERVER[5]: SCHED: setting CUDA device to 0 for edge 0 func=zfp_decompress
[13:55:05.508493] [WARNING] [pdc_tf_server.c:401] PDC_SERVER[5]: SCHED: executing edge 0 func=zfp_decompress dev=GPU
[13:55:05.508485] [WARNING] [pdc_tf_server.c:393] PDC_SERVER[4]: SCHED: setting CUDA device to 0 for edge 0 func=zfp_decompress
[13:55:05.508500] [WARNING] [pdc_tf_server.c:401] PDC_SERVER[4]: SCHED: executing edge 0 func=zfp_decompress dev=GPU
[13:55:05.509292] [WARNING] [pdc_tf_server.c:475] PDC_SERVER[9]: SCHED: done running transformations
[13:55:05.509341] [WARNING] [pdc_tf_server.c:475] PDC_SERVER[8]: SCHED: done running transformations
[13:55:05.509747] [WARNING] [pdc_tf_server.c:475] PDC_SERVER[1]: SCHED: done running transformations
[13:55:05.510694] [WARNING] [pdc_tf_server.c:475] PDC_SERVER[10]: SCHED: done running transformations
[13:55:05.511624] [WARNING] [pdc_tf_server.c:475] PDC_SERVER[14]: SCHED: done running transformations
[13:55:05.511681] [WARNING] [pdc_tf_server.c:475] PDC_SERVER[15]: SCHED: done running transformations
[13:55:05.513002] [WARNING] [pdc_tf_server.c:393] PDC_SERVER[3]: SCHED: setting CUDA device to 0 for edge 0 func=zfp_decompress
[13:55:05.513027] [WARNING] [pdc_tf_server.c:401] PDC_SERVER[3]: SCHED: executing edge 0 func=zfp_decompress dev=GPU
[13:55:05.513307] [WARNING] [pdc_tf_server.c:475] PDC_SERVER[12]: SCHED: done running transformations
[13:55:05.513348] [WARNING] [pdc_tf_server.c:475] PDC_SERVER[13]: SCHED: done running transformations
[INFO] PDC_SERVER[9]: Fetching region for obj_id=16000000000
[INFO] PDC_SERVER[9]: Checking against Object 10000000000
[INFO] PDC_SERVER[9]: Checking against Object 11000000000
[INFO] PDC_SERVER[9]: Checking against Object 12000000000
[INFO] PDC_SERVER[9]: Checking against Object 11000000001
[INFO] PDC_SERVER[9]: Checking against Object 12000000001
[INFO] PDC_SERVER[9]: Checking against Object 13000000000
[INFO] PDC_SERVER[9]: Object 16000000000 NOT found in cache
[INFO] PDC_SERVER[9]: Fetching region from server for obj_id=16000000000
[INFO] PDC_SERVER[1]: Fetching region for obj_id=16000000000
[INFO] PDC_SERVER[1]: Checking against Object 10000000000
[INFO] PDC_SERVER[1]: Checking against Object 11000000000
[INFO] PDC_SERVER[1]: Checking against Object 12000000000
[INFO] PDC_SERVER[1]: Checking against Object 11000000001
[INFO] PDC_SERVER[1]: Checking against Object 12000000001
[INFO] PDC_SERVER[1]: Checking against Object 13000000000
[INFO] PDC_SERVER[1]: Object 16000000000 NOT found in cache
[INFO] PDC_SERVER[1]: Fetching region from server for obj_id=16000000000
[INFO] PDC_SERVER[0]: Executing graph with json filepath /pscratch/sd/n/nlewi26/src/work_space/source/pdc/tf_client/graphs/zfp_gpu.json
[13:55:05.514942] [WARNING] [pdc_tf_server.c:393] PDC_SERVER[0]: SCHED: setting CUDA device to 0 for edge 0 func=zfp_decompress
[13:55:05.514956] [WARNING] [pdc_tf_server.c:401] PDC_SERVER[0]: SCHED: executing edge 0 func=zfp_decompress dev=GPU
[INFO] PDC_SERVER[8]: Fetching region for obj_id=16000000000
[INFO] PDC_SERVER[8]: Checking against Object 10000000000
[INFO] PDC_SERVER[8]: Checking against Object 11000000000
[INFO] PDC_SERVER[8]: Checking against Object 12000000000
[INFO] PDC_SERVER[8]: Checking against Object 11000000001
[INFO] PDC_SERVER[8]: Checking against Object 12000000001
[INFO] PDC_SERVER[8]: Checking against Object 13000000000
[INFO] PDC_SERVER[8]: Object 16000000000 NOT found in cache
[INFO] PDC_SERVER[8]: Fetching region from server for obj_id=16000000000
[13:55:05.516286] [WARNING] [pdc_tf_server.c:393] PDC_SERVER[11]: SCHED: setting CUDA device to 0 for edge 0 func=zfp_decompress
[13:55:05.516300] [WARNING] [pdc_tf_server.c:401] PDC_SERVER[11]: SCHED: executing edge 0 func=zfp_decompress dev=GPU
[INFO] PDC_SERVER[14]: Fetching region for obj_id=16000000000
[INFO] PDC_SERVER[14]: Checking against Object 10000000000
[INFO] PDC_SERVER[14]: Checking against Object 11000000000
[INFO] PDC_SERVER[14]: Checking against Object 12000000000
[INFO] PDC_SERVER[14]: Checking against Object 11000000001
[INFO] PDC_SERVER[14]: Checking against Object 12000000001
[INFO] PDC_SERVER[14]: Checking against Object 13000000000
[INFO] PDC_SERVER[14]: Object 16000000000 NOT found in cache
[INFO] PDC_SERVER[14]: Fetching region from server for obj_id=16000000000
[INFO] PDC_SERVER[15]: Fetching region for obj_id=16000000000
[INFO] PDC_SERVER[15]: Checking against Object 10000000000
[INFO] PDC_SERVER[15]: Checking against Object 11000000000
[INFO] PDC_SERVER[15]: Checking against Object 12000000000
[INFO] PDC_SERVER[15]: Checking against Object 11000000001
[INFO] PDC_SERVER[15]: Checking against Object 12000000001
[INFO] PDC_SERVER[15]: Checking against Object 13000000000
[INFO] PDC_SERVER[15]: Object 16000000000 NOT found in cache
[INFO] PDC_SERVER[15]: Fetching region from server for obj_id=16000000000
[13:55:05.517128] [WARNING] [pdc_tf_server.c:393] PDC_SERVER[2]: SCHED: setting CUDA device to 0 for edge 0 func=zfp_decompress
[13:55:05.517177] [WARNING] [pdc_tf_server.c:401] PDC_SERVER[2]: SCHED: executing edge 0 func=zfp_decompress dev=GPU
[INFO] PDC_SERVER[10]: Fetching region for obj_id=16000000000
[INFO] PDC_SERVER[10]: Checking against Object 10000000000
[INFO] PDC_SERVER[10]: Checking against Object 11000000000
[INFO] PDC_SERVER[10]: Checking against Object 12000000000
[INFO] PDC_SERVER[10]: Checking against Object 11000000001
[INFO] PDC_SERVER[10]: Checking against Object 12000000001
[INFO] PDC_SERVER[10]: Checking against Object 13000000000
[INFO] PDC_SERVER[10]: Object 16000000000 NOT found in cache
[INFO] PDC_SERVER[10]: Fetching region from server for obj_id=16000000000
[INFO] PDC_SERVER[13]: Fetching region for obj_id=16000000000
[INFO] PDC_SERVER[13]: Checking against Object 10000000000
[INFO] PDC_SERVER[13]: Checking against Object 11000000000
[INFO] PDC_SERVER[13]: Checking against Object 12000000000
[INFO] PDC_SERVER[13]: Checking against Object 11000000001
[INFO] PDC_SERVER[13]: Checking against Object 12000000001
[INFO] PDC_SERVER[13]: Checking against Object 13000000000
[INFO] PDC_SERVER[13]: Object 16000000000 NOT found in cache
[INFO] PDC_SERVER[13]: Fetching region from server for obj_id=16000000000
[INFO] PDC_SERVER[12]: Fetching region for obj_id=16000000000
[INFO] PDC_SERVER[12]: Checking against Object 10000000000
[INFO] PDC_SERVER[12]: Checking against Object 11000000000
[INFO] PDC_SERVER[12]: Checking against Object 12000000000
[INFO] PDC_SERVER[12]: Checking against Object 11000000001
[INFO] PDC_SERVER[12]: Checking against Object 12000000001
[INFO] PDC_SERVER[12]: Checking against Object 13000000000
[INFO] PDC_SERVER[12]: Object 16000000000 NOT found in cache
[INFO] PDC_SERVER[12]: Fetching region from server for obj_id=16000000000
[13:55:05.520154] [WARNING] [pdc_tf_server.c:393] PDC_SERVER[6]: SCHED: setting CUDA device to 0 for edge 0 func=zfp_decompress
[13:55:05.520167] [WARNING] [pdc_tf_server.c:401] PDC_SERVER[6]: SCHED: executing edge 0 func=zfp_decompress dev=GPU
[13:55:05.522073] [WARNING] [pdc_tf_server.c:393] PDC_SERVER[7]: SCHED: setting CUDA device to 0 for edge 0 func=zfp_decompress
[13:55:05.522108] [WARNING] [pdc_tf_server.c:401] PDC_SERVER[7]: SCHED: executing edge 0 func=zfp_decompress dev=GPU
[13:55:05.523171] [WARNING] [pdc_tf_server.c:475] PDC_SERVER[4]: SCHED: done running transformations
[13:55:05.523365] [WARNING] [pdc_tf_server.c:475] PDC_SERVER[5]: SCHED: done running transformations
[13:55:05.523334] [WARNING] [pdc_tf_server.c:475] PDC_SERVER[3]: SCHED: done running transformations
[13:55:05.524422] [WARNING] [pdc_tf_server.c:475] PDC_SERVER[11]: SCHED: done running transformations
[13:55:05.524711] [WARNING] [pdc_tf_server.c:475] PDC_SERVER[0]: SCHED: done running transformations
[INFO] PDC_SERVER[11]: Fetching region for obj_id=16000000000
[INFO] PDC_SERVER[11]: Checking against Object 10000000000
[INFO] PDC_SERVER[11]: Checking against Object 11000000000
[INFO] PDC_SERVER[11]: Checking against Object 12000000000
[INFO] PDC_SERVER[11]: Checking against Object 11000000001
[INFO] PDC_SERVER[11]: Checking against Object 12000000001
[INFO] PDC_SERVER[11]: Checking against Object 13000000000
[INFO] PDC_SERVER[11]: Object 16000000000 NOT found in cache
[INFO] PDC_SERVER[11]: Fetching region from server for obj_id=16000000000
[13:55:05.529375] [WARNING] [pdc_tf_server.c:475] PDC_SERVER[2]: SCHED: done running transformations
[INFO] PDC_SERVER[0]: Fetching region for obj_id=16000000000
[INFO] PDC_SERVER[0]: Checking against Object 10000000000
[INFO] PDC_SERVER[0]: Checking against Object 11000000000
[INFO] PDC_SERVER[0]: Checking against Object 12000000000
[INFO] PDC_SERVER[0]: Checking against Object 11000000001
[INFO] PDC_SERVER[0]: Checking against Object 12000000001
[INFO] PDC_SERVER[0]: Checking against Object 13000000000
[INFO] PDC_SERVER[0]: Object 16000000000 NOT found in cache
[INFO] PDC_SERVER[0]: Fetching region from server for obj_id=16000000000
[INFO] PDC_SERVER[3]: Fetching region for obj_id=16000000000
[INFO] PDC_SERVER[3]: Checking against Object 10000000000
[INFO] PDC_SERVER[3]: Checking against Object 11000000000
[INFO] PDC_SERVER[3]: Checking against Object 12000000000
[INFO] PDC_SERVER[3]: Checking against Object 11000000001
[INFO] PDC_SERVER[3]: Checking against Object 12000000001
[INFO] PDC_SERVER[3]: Checking against Object 13000000000
[INFO] PDC_SERVER[3]: Object 16000000000 NOT found in cache
[INFO] PDC_SERVER[3]: Fetching region from server for obj_id=16000000000
[INFO] PDC_SERVER[4]: Fetching region for obj_id=16000000000
[INFO] PDC_SERVER[4]: Checking against Object 10000000000
[INFO] PDC_SERVER[4]: Checking against Object 11000000000
[INFO] PDC_SERVER[5]: Fetching region for obj_id=16000000000
[INFO] PDC_SERVER[5]: Checking against Object 10000000000
[INFO] PDC_SERVER[5]: Checking against Object 11000000000
[INFO] PDC_SERVER[5]: Checking against Object 12000000000
[INFO] PDC_SERVER[4]: Checking against Object 12000000000
[INFO] PDC_SERVER[4]: Checking against Object 11000000001
[INFO] PDC_SERVER[4]: Checking against Object 12000000001
[INFO] PDC_SERVER[4]: Checking against Object 13000000000
[INFO] PDC_SERVER[4]: Object 16000000000 NOT found in cache
[INFO] PDC_SERVER[4]: Fetching region from server for obj_id=16000000000
[INFO] PDC_SERVER[5]: Checking against Object 11000000001
[INFO] PDC_SERVER[5]: Checking against Object 12000000001
[INFO] PDC_SERVER[5]: Checking against Object 13000000000
[INFO] PDC_SERVER[5]: Object 16000000000 NOT found in cache
[INFO] PDC_SERVER[5]: Fetching region from server for obj_id=16000000000
[13:55:05.530521] [WARNING] [pdc_tf_server.c:475] PDC_SERVER[6]: SCHED: done running transformations
[13:55:05.530728] [WARNING] [pdc_tf_server.c:393] PDC_SERVER[1]: SCHED: setting CUDA device to 0 for edge 0 func=zfp_decompress
[13:55:05.530752] [WARNING] [pdc_tf_server.c:401] PDC_SERVER[1]: SCHED: executing edge 0 func=zfp_decompress dev=GPU
[13:55:05.532357] [WARNING] [pdc_tf_server.c:393] PDC_SERVER[9]: SCHED: setting CUDA device to 0 for edge 0 func=zfp_decompress
[13:55:05.532381] [WARNING] [pdc_tf_server.c:401] PDC_SERVER[9]: SCHED: executing edge 0 func=zfp_decompress dev=GPU
[13:55:05.532756] [WARNING] [pdc_tf_server.c:393] PDC_SERVER[14]: SCHED: setting CUDA device to 0 for edge 0 func=zfp_decompress
[13:55:05.532779] [WARNING] [pdc_tf_server.c:401] PDC_SERVER[14]: SCHED: executing edge 0 func=zfp_decompress dev=GPU
[13:55:05.533359] [WARNING] [pdc_tf_server.c:393] PDC_SERVER[8]: SCHED: setting CUDA device to 0 for edge 0 func=zfp_decompress
[13:55:05.533390] [WARNING] [pdc_tf_server.c:401] PDC_SERVER[8]: SCHED: executing edge 0 func=zfp_decompress dev=GPU
[13:55:05.534067] [WARNING] [pdc_tf_server.c:393] PDC_SERVER[13]: SCHED: setting CUDA device to 0 for edge 0 func=zfp_decompress
[13:55:05.534084] [WARNING] [pdc_tf_server.c:401] PDC_SERVER[13]: SCHED: executing edge 0 func=zfp_decompress dev=GPU
[13:55:05.534716] [WARNING] [pdc_tf_server.c:393] PDC_SERVER[12]: SCHED: setting CUDA device to 0 for edge 0 func=zfp_decompress
[13:55:05.534742] [WARNING] [pdc_tf_server.c:401] PDC_SERVER[12]: SCHED: executing edge 0 func=zfp_decompress dev=GPU
[INFO] PDC_SERVER[2]: Fetching region for obj_id=16000000000
[INFO] PDC_SERVER[2]: Checking against Object 10000000000
[INFO] PDC_SERVER[2]: Checking against Object 11000000000
[INFO] PDC_SERVER[2]: Checking against Object 12000000000
[INFO] PDC_SERVER[2]: Checking against Object 11000000001
[INFO] PDC_SERVER[2]: Checking against Object 12000000001
[INFO] PDC_SERVER[2]: Checking against Object 13000000000
[INFO] PDC_SERVER[2]: Object 16000000000 NOT found in cache
[INFO] PDC_SERVER[2]: Fetching region from server for obj_id=16000000000
[13:55:05.535522] [WARNING] [pdc_tf_server.c:475] PDC_SERVER[7]: SCHED: done running transformations
[INFO] PDC_SERVER[6]: Fetching region for obj_id=16000000000
[INFO] PDC_SERVER[6]: Checking against Object 10000000000
[INFO] PDC_SERVER[6]: Checking against Object 11000000000
[INFO] PDC_SERVER[6]: Checking against Object 12000000000
[INFO] PDC_SERVER[6]: Checking against Object 11000000001
[INFO] PDC_SERVER[6]: Checking against Object 12000000001
[INFO] PDC_SERVER[6]: Checking against Object 13000000000
[INFO] PDC_SERVER[6]: Object 16000000000 NOT found in cache
[INFO] PDC_SERVER[6]: Fetching region from server for obj_id=16000000000
[13:55:05.539253] [WARNING] [pdc_tf_server.c:475] PDC_SERVER[1]: SCHED: done running transformations
[13:55:05.539393] [WARNING] [pdc_tf_server.c:393] PDC_SERVER[15]: SCHED: setting CUDA device to 0 for edge 0 func=zfp_decompress
[13:55:05.539434] [WARNING] [pdc_tf_server.c:401] PDC_SERVER[15]: SCHED: executing edge 0 func=zfp_decompress dev=GPU
[INFO] PDC_SERVER[7]: Fetching region for obj_id=16000000000
[INFO] PDC_SERVER[7]: Checking against Object 10000000000
[INFO] PDC_SERVER[7]: Checking against Object 11000000000
[INFO] PDC_SERVER[7]: Checking against Object 12000000000
[INFO] PDC_SERVER[7]: Checking against Object 11000000001
[INFO] PDC_SERVER[7]: Checking against Object 12000000001
[INFO] PDC_SERVER[7]: Checking against Object 13000000000
[INFO] PDC_SERVER[7]: Object 16000000000 NOT found in cache
[INFO] PDC_SERVER[7]: Fetching region from server for obj_id=16000000000
[13:55:05.541177] [WARNING] [pdc_tf_server.c:393] PDC_SERVER[10]: SCHED: setting CUDA device to 0 for edge 0 func=zfp_decompress
[13:55:05.541206] [WARNING] [pdc_tf_server.c:401] PDC_SERVER[10]: SCHED: executing edge 0 func=zfp_decompress dev=GPU
[13:55:05.541391] [WARNING] [pdc_tf_server.c:475] PDC_SERVER[9]: SCHED: done running transformations
[13:55:05.542430] [WARNING] [pdc_tf_server.c:475] PDC_SERVER[8]: SCHED: done running transformations
[INFO] PDC_SERVER[1]: Fetching region for obj_id=16000000000
[INFO] PDC_SERVER[1]: Checking against Object 10000000000
[INFO] PDC_SERVER[1]: Checking against Object 11000000000
[INFO] PDC_SERVER[1]: Checking against Object 12000000000
[INFO] PDC_SERVER[1]: Checking against Object 11000000001
[INFO] PDC_SERVER[1]: Checking against Object 12000000001
[INFO] PDC_SERVER[1]: Checking against Object 13000000000
[INFO] PDC_SERVER[1]: Object 16000000000 NOT found in cache
[INFO] PDC_SERVER[1]: Fetching region from server for obj_id=16000000000
[13:55:05.545200] [WARNING] [pdc_tf_server.c:393] PDC_SERVER[11]: SCHED: setting CUDA device to 0 for edge 0 func=zfp_decompress
[13:55:05.545220] [WARNING] [pdc_tf_server.c:401] PDC_SERVER[11]: SCHED: executing edge 0 func=zfp_decompress dev=GPU
[INFO] PDC_SERVER[0]: Executing graph with json filepath /pscratch/sd/n/nlewi26/src/work_space/source/pdc/tf_client/graphs/zfp_gpu.json
[13:55:05.545766] [WARNING] [pdc_tf_server.c:393] PDC_SERVER[0]: SCHED: setting CUDA device to 0 for edge 0 func=zfp_decompress
[13:55:05.545779] [WARNING] [pdc_tf_server.c:401] PDC_SERVER[0]: SCHED: executing edge 0 func=zfp_decompress dev=GPU
[13:55:05.546259] [WARNING] [pdc_tf_server.c:393] PDC_SERVER[3]: SCHED: setting CUDA device to 0 for edge 0 func=zfp_decompress
[INFO] PDC_SERVER[9]: Fetching region for obj_id=16000000000
[INFO] PDC_SERVER[9]: Checking against Object 10000000000
[INFO] PDC_SERVER[9]: Checking against Object 11000000000
[INFO] PDC_SERVER[9]: Checking against Object 12000000000
[13:55:05.546282] [WARNING] [pdc_tf_server.c:401] PDC_SERVER[3]: SCHED: executing edge 0 func=zfp_decompress dev=GPU
[INFO] PDC_SERVER[9]: Checking against Object 11000000001
[INFO] PDC_SERVER[9]: Checking against Object 12000000001
[INFO] PDC_SERVER[9]: Checking against Object 13000000000
[INFO] PDC_SERVER[9]: Object 16000000000 NOT found in cache
[INFO] PDC_SERVER[9]: Fetching region from server for obj_id=16000000000
[13:55:05.546615] [WARNING] [pdc_tf_server.c:393] PDC_SERVER[5]: SCHED: setting CUDA device to 0 for edge 0 func=zfp_decompress
[13:55:05.546638] [WARNING] [pdc_tf_server.c:401] PDC_SERVER[5]: SCHED: executing edge 0 func=zfp_decompress dev=GPU
[INFO] PDC_SERVER[8]: Fetching region for obj_id=16000000000
[INFO] PDC_SERVER[8]: Checking against Object 10000000000
[INFO] PDC_SERVER[8]: Checking against Object 11000000000
[INFO] PDC_SERVER[8]: Checking against Object 12000000000
[INFO] PDC_SERVER[8]: Checking against Object 11000000001
[INFO] PDC_SERVER[8]: Checking against Object 12000000001
[INFO] PDC_SERVER[8]: Checking against Object 13000000000
[INFO] PDC_SERVER[8]: Object 16000000000 NOT found in cache
[INFO] PDC_SERVER[8]: Fetching region from server for obj_id=16000000000
[13:55:05.547565] [WARNING] [pdc_tf_server.c:393] PDC_SERVER[4]: SCHED: setting CUDA device to 0 for edge 0 func=zfp_decompress
[13:55:05.547582] [WARNING] [pdc_tf_server.c:401] PDC_SERVER[4]: SCHED: executing edge 0 func=zfp_decompress dev=GPU
[13:55:05.551415] [WARNING] [pdc_tf_server.c:393] PDC_SERVER[2]: SCHED: setting CUDA device to 0 for edge 0 func=zfp_decompress
[13:55:05.551429] [WARNING] [pdc_tf_server.c:401] PDC_SERVER[2]: SCHED: executing edge 0 func=zfp_decompress dev=GPU
[13:55:05.551802] [WARNING] [pdc_tf_server.c:393] PDC_SERVER[6]: SCHED: setting CUDA device to 0 for edge 0 func=zfp_decompress
[13:55:05.551819] [WARNING] [pdc_tf_server.c:401] PDC_SERVER[6]: SCHED: executing edge 0 func=zfp_decompress dev=GPU
[13:55:05.553935] [WARNING] [pdc_tf_server.c:475] PDC_SERVER[10]: SCHED: done running transformations
[13:55:05.555459] [WARNING] [pdc_tf_server.c:475] PDC_SERVER[11]: SCHED: done running transformations
[13:55:05.555880] [WARNING] [pdc_tf_server.c:475] PDC_SERVER[0]: SCHED: done running transformations
[13:55:05.556674] [WARNING] [pdc_tf_server.c:393] PDC_SERVER[7]: SCHED: setting CUDA device to 0 for edge 0 func=zfp_decompress
[13:55:05.556700] [WARNING] [pdc_tf_server.c:401] PDC_SERVER[7]: SCHED: executing edge 0 func=zfp_decompress dev=GPU
[13:55:05.557671] [WARNING] [pdc_tf_server.c:475] PDC_SERVER[3]: SCHED: done running transformations
[INFO] PDC_SERVER[10]: Fetching region for obj_id=16000000000
[INFO] PDC_SERVER[10]: Checking against Object 10000000000
[INFO] PDC_SERVER[10]: Checking against Object 11000000000
[INFO] PDC_SERVER[10]: Checking against Object 12000000000
[INFO] PDC_SERVER[10]: Checking against Object 11000000001
[INFO] PDC_SERVER[10]: Checking against Object 12000000001
[INFO] PDC_SERVER[10]: Checking against Object 13000000000
[INFO] PDC_SERVER[10]: Object 16000000000 NOT found in cache
[INFO] PDC_SERVER[10]: Fetching region from server for obj_id=16000000000
[13:55:05.560826] [WARNING] [pdc_tf_server.c:475] PDC_SERVER[5]: SCHED: done running transformations
[13:55:05.560850] [WARNING] [pdc_tf_server.c:475] PDC_SERVER[6]: SCHED: done running transformations
[13:55:05.560914] [WARNING] [pdc_tf_server.c:475] PDC_SERVER[4]: SCHED: done running transformations
[INFO] PDC_SERVER[11]: Fetching region for obj_id=16000000000
[INFO] PDC_SERVER[11]: Checking against Object 10000000000
[INFO] PDC_SERVER[11]: Checking against Object 11000000000
[INFO] PDC_SERVER[11]: Checking against Object 12000000000
[INFO] PDC_SERVER[11]: Checking against Object 11000000001
[INFO] PDC_SERVER[11]: Checking against Object 12000000001
[INFO] PDC_SERVER[11]: Checking against Object 13000000000
[INFO] PDC_SERVER[11]: Object 16000000000 NOT found in cache
[INFO] PDC_SERVER[11]: Fetching region from server for obj_id=16000000000
[INFO] PDC_SERVER[0]: Fetching region for obj_id=16000000000
[INFO] PDC_SERVER[0]: Checking against Object 10000000000
[INFO] PDC_SERVER[0]: Checking against Object 11000000000
[INFO] PDC_SERVER[0]: Checking against Object 12000000000
[INFO] PDC_SERVER[0]: Checking against Object 11000000001
[INFO] PDC_SERVER[0]: Checking against Object 12000000001
[INFO] PDC_SERVER[0]: Checking against Object 13000000000
[INFO] PDC_SERVER[0]: Object 16000000000 NOT found in cache
[INFO] PDC_SERVER[0]: Fetching region from server for obj_id=16000000000
[13:55:05.562771] [WARNING] [pdc_tf_server.c:393] PDC_SERVER[9]: SCHED: setting CUDA device to 0 for edge 0 func=zfp_decompress
[13:55:05.562822] [WARNING] [pdc_tf_server.c:401] PDC_SERVER[9]: SCHED: executing edge 0 func=zfp_decompress dev=GPU
[13:55:05.563432] [WARNING] [pdc_tf_server.c:475] PDC_SERVER[2]: SCHED: done running transformations
[13:55:05.564233] [WARNING] [pdc_tf_server.c:475] PDC_SERVER[15]: SCHED: done running transformations
[13:55:05.564278] [WARNING] [pdc_tf_server.c:393] PDC_SERVER[1]: SCHED: setting CUDA device to 0 for edge 0 func=zfp_decompress
[13:55:05.564299] [WARNING] [pdc_tf_server.c:401] PDC_SERVER[1]: SCHED: executing edge 0 func=zfp_decompress dev=GPU
[INFO] PDC_SERVER[3]: Fetching region for obj_id=16000000000
[INFO] PDC_SERVER[3]: Checking against Object 10000000000
[INFO] PDC_SERVER[3]: Checking against Object 11000000000
[INFO] PDC_SERVER[3]: Checking against Object 12000000000
[INFO] PDC_SERVER[3]: Checking against Object 11000000001
[INFO] PDC_SERVER[3]: Checking against Object 12000000001
[INFO] PDC_SERVER[3]: Checking against Object 13000000000
[INFO] PDC_SERVER[3]: Object 16000000000 NOT found in cache
[INFO] PDC_SERVER[3]: Fetching region from server for obj_id=16000000000
[13:55:05.564636] [WARNING] [pdc_tf_server.c:393] PDC_SERVER[8]: SCHED: setting CUDA device to 0 for edge 0 func=zfp_decompress
[13:55:05.564655] [WARNING] [pdc_tf_server.c:401] PDC_SERVER[8]: SCHED: executing edge 0 func=zfp_decompress dev=GPU
[INFO] PDC_SERVER[6]: Fetching region for obj_id=16000000000
[INFO] PDC_SERVER[6]: Checking against Object 10000000000
[INFO] PDC_SERVER[6]: Checking against Object 11000000000
[INFO] PDC_SERVER[6]: Checking against Object 12000000000
[INFO] PDC_SERVER[6]: Checking against Object 11000000001
[INFO] PDC_SERVER[6]: Checking against Object 12000000001
[INFO] PDC_SERVER[6]: Checking against Object 13000000000
[INFO] PDC_SERVER[6]: Object 16000000000 NOT found in cache
[INFO] PDC_SERVER[6]: Fetching region from server for obj_id=16000000000
[13:55:05.566779] [WARNING] [pdc_tf_server.c:475] PDC_SERVER[7]: SCHED: done running transformations
[INFO] PDC_SERVER[4]: Fetching region for obj_id=16000000000
[INFO] PDC_SERVER[4]: Checking against Object 10000000000
[INFO] PDC_SERVER[5]: Fetching region for obj_id=16000000000
[INFO] PDC_SERVER[5]: Checking against Object 10000000000
[INFO] PDC_SERVER[5]: Checking against Object 11000000000
[INFO] PDC_SERVER[5]: Checking against Object 12000000000
[INFO] PDC_SERVER[5]: Checking against Object 11000000001
[INFO] PDC_SERVER[5]: Checking against Object 12000000001
[INFO] PDC_SERVER[4]: Checking against Object 11000000000
[INFO] PDC_SERVER[4]: Checking against Object 12000000000
[INFO] PDC_SERVER[4]: Checking against Object 11000000001
[INFO] PDC_SERVER[4]: Checking against Object 12000000001
[INFO] PDC_SERVER[4]: Checking against Object 13000000000
[INFO] PDC_SERVER[4]: Object 16000000000 NOT found in cache
[INFO] PDC_SERVER[5]: Checking against Object 13000000000
[INFO] PDC_SERVER[5]: Object 16000000000 NOT found in cache
[INFO] PDC_SERVER[5]: Fetching region from server for obj_id=16000000000
[INFO] PDC_SERVER[4]: Fetching region from server for obj_id=16000000000
[INFO] PDC_SERVER[2]: Fetching region for obj_id=16000000000
[INFO] PDC_SERVER[2]: Checking against Object 10000000000
[INFO] PDC_SERVER[2]: Checking against Object 11000000000
[INFO] PDC_SERVER[2]: Checking against Object 12000000000
[INFO] PDC_SERVER[2]: Checking against Object 11000000001
[INFO] PDC_SERVER[2]: Checking against Object 12000000001
[INFO] PDC_SERVER[2]: Checking against Object 13000000000
[INFO] PDC_SERVER[2]: Object 16000000000 NOT found in cache
[INFO] PDC_SERVER[2]: Fetching region from server for obj_id=16000000000
[INFO] PDC_SERVER[15]: Fetching region for obj_id=16000000000
[INFO] PDC_SERVER[15]: Checking against Object 10000000000
[INFO] PDC_SERVER[15]: Checking against Object 11000000000
[INFO] PDC_SERVER[15]: Checking against Object 12000000000
[INFO] PDC_SERVER[15]: Checking against Object 11000000001
[INFO] PDC_SERVER[15]: Checking against Object 12000000001
[INFO] PDC_SERVER[15]: Checking against Object 13000000000
[INFO] PDC_SERVER[15]: Object 16000000000 NOT found in cache
[INFO] PDC_SERVER[15]: Fetching region from server for obj_id=16000000000
[13:55:05.571455] [WARNING] [pdc_tf_server.c:475] PDC_SERVER[9]: SCHED: done running transformations
[13:55:05.571720] [WARNING] [pdc_tf_server.c:475] PDC_SERVER[14]: SCHED: done running transformations
[INFO] PDC_SERVER[7]: Fetching region for obj_id=16000000000
[INFO] PDC_SERVER[7]: Checking against Object 10000000000
[INFO] PDC_SERVER[7]: Checking against Object 11000000000
[INFO] PDC_SERVER[7]: Checking against Object 12000000000
[INFO] PDC_SERVER[7]: Checking against Object 11000000001
[INFO] PDC_SERVER[7]: Checking against Object 12000000001
[INFO] PDC_SERVER[7]: Checking against Object 13000000000
[INFO] PDC_SERVER[7]: Object 16000000000 NOT found in cache
[INFO] PDC_SERVER[7]: Fetching region from server for obj_id=16000000000
[13:55:05.572349] [WARNING] [pdc_tf_server.c:475] PDC_SERVER[1]: SCHED: done running transformations
[13:55:05.572410] [WARNING] [pdc_tf_server.c:475] PDC_SERVER[13]: SCHED: done running transformations
[13:55:05.573018] [WARNING] [pdc_tf_server.c:475] PDC_SERVER[12]: SCHED: done running transformations
[13:55:05.573827] [WARNING] [pdc_tf_server.c:475] PDC_SERVER[8]: SCHED: done running transformations
[INFO] PDC_SERVER[9]: Fetching region for obj_id=16000000000
[INFO] PDC_SERVER[9]: Checking against Object 10000000000
[INFO] PDC_SERVER[9]: Checking against Object 11000000000
[INFO] PDC_SERVER[9]: Checking against Object 12000000000
[INFO] PDC_SERVER[9]: Checking against Object 11000000001
[INFO] PDC_SERVER[9]: Checking against Object 12000000001
[INFO] PDC_SERVER[9]: Checking against Object 13000000000
[INFO] PDC_SERVER[9]: Object 16000000000 NOT found in cache
[INFO] PDC_SERVER[9]: Fetching region from server for obj_id=16000000000
[INFO] PDC_SERVER[14]: Fetching region for obj_id=16000000000
[INFO] PDC_SERVER[14]: Checking against Object 10000000000
[INFO] PDC_SERVER[14]: Checking against Object 11000000000
[INFO] PDC_SERVER[14]: Checking against Object 12000000000
[INFO] PDC_SERVER[14]: Checking against Object 11000000001
[INFO] PDC_SERVER[14]: Checking against Object 12000000001
[INFO] PDC_SERVER[14]: Checking against Object 13000000000
[INFO] PDC_SERVER[14]: Object 16000000000 NOT found in cache
[INFO] PDC_SERVER[14]: Fetching region from server for obj_id=16000000000
[INFO] PDC_SERVER[13]: Fetching region for obj_id=16000000000
[INFO] PDC_SERVER[13]: Checking against Object 10000000000
[INFO] PDC_SERVER[13]: Checking against Object 11000000000
[INFO] PDC_SERVER[13]: Checking against Object 12000000000
[INFO] PDC_SERVER[13]: Checking against Object 11000000001
[INFO] PDC_SERVER[13]: Checking against Object 12000000001
[INFO] PDC_SERVER[13]: Checking against Object 13000000000
[INFO] PDC_SERVER[13]: Object 16000000000 NOT found in cache
[INFO] PDC_SERVER[13]: Fetching region from server for obj_id=16000000000
[INFO] PDC_SERVER[1]: Fetching region for obj_id=16000000000
[INFO] PDC_SERVER[1]: Checking against Object 10000000000
[INFO] PDC_SERVER[1]: Checking against Object 11000000000
[INFO] PDC_SERVER[1]: Checking against Object 12000000000
[INFO] PDC_SERVER[1]: Checking against Object 11000000001
[INFO] PDC_SERVER[1]: Checking against Object 12000000001
[INFO] PDC_SERVER[1]: Checking against Object 13000000000
[INFO] PDC_SERVER[1]: Object 16000000000 NOT found in cache
[INFO] PDC_SERVER[1]: Fetching region from server for obj_id=16000000000
[INFO] PDC_SERVER[12]: Fetching region for obj_id=16000000000
[INFO] PDC_SERVER[12]: Checking against Object 10000000000
[INFO] PDC_SERVER[12]: Checking against Object 11000000000
[INFO] PDC_SERVER[12]: Checking against Object 12000000000
[INFO] PDC_SERVER[12]: Checking against Object 11000000001
[INFO] PDC_SERVER[12]: Checking against Object 12000000001
[INFO] PDC_SERVER[12]: Checking against Object 13000000000
[INFO] PDC_SERVER[12]: Object 16000000000 NOT found in cache
[INFO] PDC_SERVER[12]: Fetching region from server for obj_id=16000000000
[INFO] PDC_SERVER[8]: Fetching region for obj_id=16000000000
[INFO] PDC_SERVER[8]: Checking against Object 10000000000
[INFO] PDC_SERVER[8]: Checking against Object 11000000000
[INFO] PDC_SERVER[8]: Checking against Object 12000000000
[INFO] PDC_SERVER[8]: Checking against Object 11000000001
[INFO] PDC_SERVER[8]: Checking against Object 12000000001
[INFO] PDC_SERVER[8]: Checking against Object 13000000000
[INFO] PDC_SERVER[8]: Object 16000000000 NOT found in cache
[INFO] PDC_SERVER[8]: Fetching region from server for obj_id=16000000000
[13:55:05.581225] [WARNING] [pdc_tf_server.c:393] PDC_SERVER[3]: SCHED: setting CUDA device to 0 for edge 0 func=zfp_decompress
[13:55:05.581250] [WARNING] [pdc_tf_server.c:401] PDC_SERVER[3]: SCHED: executing edge 0 func=zfp_decompress dev=GPU
[13:55:05.582122] [WARNING] [pdc_tf_server.c:393] PDC_SERVER[6]: SCHED: setting CUDA device to 0 for edge 0 func=zfp_decompress
[13:55:05.582137] [WARNING] [pdc_tf_server.c:401] PDC_SERVER[6]: SCHED: executing edge 0 func=zfp_decompress dev=GPU
[13:55:05.583604] [WARNING] [pdc_tf_server.c:393] PDC_SERVER[10]: SCHED: setting CUDA device to 0 for edge 0 func=zfp_decompress
[13:55:05.583622] [WARNING] [pdc_tf_server.c:401] PDC_SERVER[10]: SCHED: executing edge 0 func=zfp_decompress dev=GPU
[13:55:05.584559] [WARNING] [pdc_tf_server.c:393] PDC_SERVER[11]: SCHED: setting CUDA device to 0 for edge 0 func=zfp_decompress
[13:55:05.584591] [WARNING] [pdc_tf_server.c:401] PDC_SERVER[11]: SCHED: executing edge 0 func=zfp_decompress dev=GPU
[13:55:05.584721] [WARNING] [pdc_tf_server.c:393] PDC_SERVER[5]: SCHED: setting CUDA device to 0 for edge 0 func=zfp_decompress
[13:55:05.584742] [WARNING] [pdc_tf_server.c:401] PDC_SERVER[5]: SCHED: executing edge 0 func=zfp_decompress dev=GPU
[13:55:05.584878] [WARNING] [pdc_tf_server.c:393] PDC_SERVER[4]: SCHED: setting CUDA device to 0 for edge 0 func=zfp_decompress
[13:55:05.584892] [WARNING] [pdc_tf_server.c:401] PDC_SERVER[4]: SCHED: executing edge 0 func=zfp_decompress dev=GPU
[INFO] PDC_SERVER[0]: Executing graph with json filepath /pscratch/sd/n/nlewi26/src/work_space/source/pdc/tf_client/graphs/zfp_gpu.json
[13:55:05.585258] [WARNING] [pdc_tf_server.c:393] PDC_SERVER[0]: SCHED: setting CUDA device to 0 for edge 0 func=zfp_decompress
[13:55:05.585275] [WARNING] [pdc_tf_server.c:401] PDC_SERVER[0]: SCHED: executing edge 0 func=zfp_decompress dev=GPU
[13:55:05.586500] [WARNING] [pdc_tf_server.c:393] PDC_SERVER[2]: SCHED: setting CUDA device to 0 for edge 0 func=zfp_decompress
[13:55:05.586530] [WARNING] [pdc_tf_server.c:401] PDC_SERVER[2]: SCHED: executing edge 0 func=zfp_decompress dev=GPU
[13:55:05.586807] [WARNING] [pdc_tf_server.c:393] PDC_SERVER[15]: SCHED: setting CUDA device to 0 for edge 0 func=zfp_decompress
[13:55:05.586836] [WARNING] [pdc_tf_server.c:401] PDC_SERVER[15]: SCHED: executing edge 0 func=zfp_decompress dev=GPU
[13:55:05.587818] [WARNING] [pdc_tf_server.c:393] PDC_SERVER[7]: SCHED: setting CUDA device to 0 for edge 0 func=zfp_decompress
[13:55:05.587843] [WARNING] [pdc_tf_server.c:401] PDC_SERVER[7]: SCHED: executing edge 0 func=zfp_decompress dev=GPU
[13:55:05.590359] [WARNING] [pdc_tf_server.c:475] PDC_SERVER[6]: SCHED: done running transformations
[13:55:05.591467] [WARNING] [pdc_tf_server.c:475] PDC_SERVER[3]: SCHED: done running transformations
[13:55:05.593094] [WARNING] [pdc_tf_server.c:475] PDC_SERVER[10]: SCHED: done running transformations
[13:55:05.593095] [WARNING] [pdc_tf_server.c:393] PDC_SERVER[13]: SCHED: setting CUDA device to 0 for edge 0 func=zfp_decompress
[13:55:05.593115] [WARNING] [pdc_tf_server.c:401] PDC_SERVER[13]: SCHED: executing edge 0 func=zfp_decompress dev=GPU
[13:55:05.593272] [WARNING] [pdc_tf_server.c:393] PDC_SERVER[14]: SCHED: setting CUDA device to 0 for edge 0 func=zfp_decompress
[13:55:05.593295] [WARNING] [pdc_tf_server.c:401] PDC_SERVER[14]: SCHED: executing edge 0 func=zfp_decompress dev=GPU
[13:55:05.593661] [WARNING] [pdc_tf_server.c:393] PDC_SERVER[1]: SCHED: setting CUDA device to 0 for edge 0 func=zfp_decompress
[13:55:05.593691] [WARNING] [pdc_tf_server.c:401] PDC_SERVER[1]: SCHED: executing edge 0 func=zfp_decompress dev=GPU
[13:55:05.594514] [WARNING] [pdc_tf_server.c:393] PDC_SERVER[12]: SCHED: setting CUDA device to 0 for edge 0 func=zfp_decompress
[13:55:05.594539] [WARNING] [pdc_tf_server.c:401] PDC_SERVER[12]: SCHED: executing edge 0 func=zfp_decompress dev=GPU
[13:55:05.594928] [WARNING] [pdc_tf_server.c:475] PDC_SERVER[11]: SCHED: done running transformations
[INFO] PDC_SERVER[6]: Fetching region for obj_id=16000000000
[INFO] PDC_SERVER[6]: Checking against Object 10000000000
[INFO] PDC_SERVER[6]: Checking against Object 11000000000
[INFO] PDC_SERVER[6]: Checking against Object 12000000000
[INFO] PDC_SERVER[6]: Checking against Object 11000000001
[INFO] PDC_SERVER[6]: Checking against Object 12000000001
[INFO] PDC_SERVER[6]: Checking against Object 13000000000
[INFO] PDC_SERVER[6]: Object 16000000000 NOT found in cache
[INFO] PDC_SERVER[6]: Fetching region from server for obj_id=16000000000
[13:55:05.595377] [WARNING] [pdc_tf_server.c:475] PDC_SERVER[0]: SCHED: done running transformations
[13:55:05.597306] [WARNING] [pdc_tf_server.c:393] PDC_SERVER[9]: SCHED: setting CUDA device to 0 for edge 0 func=zfp_decompress
[13:55:05.597333] [WARNING] [pdc_tf_server.c:401] PDC_SERVER[9]: SCHED: executing edge 0 func=zfp_decompress dev=GPU
[INFO] PDC_SERVER[3]: Fetching region for obj_id=16000000000
[INFO] PDC_SERVER[3]: Checking against Object 10000000000
[INFO] PDC_SERVER[3]: Checking against Object 11000000000
[INFO] PDC_SERVER[3]: Checking against Object 12000000000
[INFO] PDC_SERVER[3]: Checking against Object 11000000001
[INFO] PDC_SERVER[3]: Checking against Object 12000000001
[INFO] PDC_SERVER[3]: Checking against Object 13000000000
[INFO] PDC_SERVER[3]: Object 16000000000 NOT found in cache
[INFO] PDC_SERVER[3]: Fetching region from server for obj_id=16000000000
[13:55:05.598487] [WARNING] [pdc_tf_server.c:475] PDC_SERVER[2]: SCHED: done running transformations
[INFO] PDC_SERVER[10]: Fetching region for obj_id=16000000000
[INFO] PDC_SERVER[10]: Checking against Object 10000000000
[INFO] PDC_SERVER[10]: Checking against Object 11000000000
[INFO] PDC_SERVER[10]: Checking against Object 12000000000
[INFO] PDC_SERVER[10]: Checking against Object 11000000001
[INFO] PDC_SERVER[10]: Checking against Object 12000000001
[INFO] PDC_SERVER[10]: Checking against Object 13000000000
[13:55:05.599058] [WARNING] [pdc_tf_server.c:475] PDC_SERVER[5]: SCHED: done running transformations
[INFO] PDC_SERVER[10]: Object 16000000000 NOT found in cache
[INFO] PDC_SERVER[10]: Fetching region from server for obj_id=16000000000
[13:55:05.599449] [WARNING] [pdc_tf_server.c:475] PDC_SERVER[15]: SCHED: done running transformations
[13:55:05.599530] [WARNING] [pdc_tf_server.c:475] PDC_SERVER[4]: SCHED: done running transformations
[13:55:05.599987] [WARNING] [pdc_tf_server.c:475] PDC_SERVER[7]: SCHED: done running transformations
[13:55:05.600613] [WARNING] [pdc_tf_server.c:393] PDC_SERVER[8]: SCHED: setting CUDA device to 0 for edge 0 func=zfp_decompress
[INFO] PDC_SERVER[11]: Fetching region for obj_id=16000000000
[INFO] PDC_SERVER[11]: Checking against Object 10000000000
[INFO] PDC_SERVER[11]: Checking against Object 11000000000
[INFO] PDC_SERVER[11]: Checking against Object 12000000000
[INFO] PDC_SERVER[11]: Checking against Object 11000000001
[13:55:05.600633] [WARNING] [pdc_tf_server.c:401] PDC_SERVER[8]: SCHED: executing edge 0 func=zfp_decompress dev=GPU
[INFO] PDC_SERVER[11]: Checking against Object 12000000001
[INFO] PDC_SERVER[11]: Checking against Object 13000000000
[INFO] PDC_SERVER[11]: Object 16000000000 NOT found in cache
[INFO] PDC_SERVER[11]: Fetching region from server for obj_id=16000000000
[INFO] PDC_SERVER[0]: Fetching region for obj_id=16000000000
[INFO] PDC_SERVER[0]: Checking against Object 10000000000
[INFO] PDC_SERVER[0]: Checking against Object 11000000000
[INFO] PDC_SERVER[0]: Checking against Object 12000000000
[INFO] PDC_SERVER[0]: Checking against Object 11000000001
[INFO] PDC_SERVER[0]: Checking against Object 12000000001
[INFO] PDC_SERVER[0]: Checking against Object 13000000000
[INFO] PDC_SERVER[0]: Object 16000000000 NOT found in cache
[INFO] PDC_SERVER[0]: Fetching region from server for obj_id=16000000000
[13:55:05.603515] [WARNING] [pdc_tf_server.c:475] PDC_SERVER[13]: SCHED: done running transformations
[13:55:05.603962] [WARNING] [pdc_tf_server.c:475] PDC_SERVER[14]: SCHED: done running transformations
[13:55:05.604626] [WARNING] [pdc_tf_server.c:475] PDC_SERVER[1]: SCHED: done running transformations
[13:55:05.604918] [WARNING] [pdc_tf_server.c:475] PDC_SERVER[12]: SCHED: done running transformations
[INFO] PDC_SERVER[7]: Fetching region for obj_id=16000000000
[INFO] PDC_SERVER[7]: Checking against Object 10000000000
[INFO] PDC_SERVER[7]: Checking against Object 11000000000
[INFO] PDC_SERVER[7]: Checking against Object 12000000000
[INFO] PDC_SERVER[7]: Checking against Object 11000000001
[INFO] PDC_SERVER[7]: Checking against Object 12000000001
[INFO] PDC_SERVER[7]: Checking against Object 13000000000
[INFO] PDC_SERVER[7]: Object 16000000000 NOT found in cache
[INFO] PDC_SERVER[7]: Fetching region from server for obj_id=16000000000
[INFO] PDC_SERVER[2]: Fetching region for obj_id=16000000000
[INFO] PDC_SERVER[2]: Checking against Object 10000000000
[INFO] PDC_SERVER[2]: Checking against Object 11000000000
[INFO] PDC_SERVER[2]: Checking against Object 12000000000
[INFO] PDC_SERVER[2]: Checking against Object 11000000001
[INFO] PDC_SERVER[2]: Checking against Object 12000000001
[INFO] PDC_SERVER[2]: Checking against Object 13000000000
[INFO] PDC_SERVER[2]: Object 16000000000 NOT found in cache
[INFO] PDC_SERVER[2]: Fetching region from server for obj_id=16000000000
[INFO] PDC_SERVER[15]: Fetching region for obj_id=16000000000
[INFO] PDC_SERVER[15]: Checking against Object 10000000000
[INFO] PDC_SERVER[15]: Checking against Object 11000000000
[INFO] PDC_SERVER[15]: Checking against Object 12000000000
[INFO] PDC_SERVER[15]: Checking against Object 11000000001
[INFO] PDC_SERVER[15]: Checking against Object 12000000001
[INFO] PDC_SERVER[15]: Checking against Object 13000000000
[INFO] PDC_SERVER[15]: Object 16000000000 NOT found in cache
[INFO] PDC_SERVER[15]: Fetching region from server for obj_id=16000000000
[INFO] PDC_SERVER[5]: Fetching region for obj_id=16000000000
[INFO] PDC_SERVER[5]: Checking against Object 10000000000
[INFO] PDC_SERVER[5]: Checking against Object 11000000000
[INFO] PDC_SERVER[5]: Checking against Object 12000000000
[INFO] PDC_SERVER[5]: Checking against Object 11000000001
[INFO] PDC_SERVER[5]: Checking against Object 12000000001
[INFO] PDC_SERVER[5]: Checking against Object 13000000000
[INFO] PDC_SERVER[5]: Object 16000000000 NOT found in cache
[INFO] PDC_SERVER[5]: Fetching region from server for obj_id=16000000000
[INFO] PDC_SERVER[4]: Fetching region for obj_id=16000000000
[INFO] PDC_SERVER[4]: Checking against Object 10000000000
[INFO] PDC_SERVER[4]: Checking against Object 11000000000
[INFO] PDC_SERVER[4]: Checking against Object 12000000000
[INFO] PDC_SERVER[4]: Checking against Object 11000000001
[INFO] PDC_SERVER[4]: Checking against Object 12000000001
[INFO] PDC_SERVER[4]: Checking against Object 13000000000
[INFO] PDC_SERVER[4]: Object 16000000000 NOT found in cache
[INFO] PDC_SERVER[4]: Fetching region from server for obj_id=16000000000
[13:55:05.606868] [WARNING] [pdc_tf_server.c:475] PDC_SERVER[9]: SCHED: done running transformations
[INFO] PDC_SERVER[13]: Fetching region for obj_id=16000000000
[INFO] PDC_SERVER[13]: Checking against Object 10000000000
[INFO] PDC_SERVER[13]: Checking against Object 11000000000
[INFO] PDC_SERVER[13]: Checking against Object 12000000000
[INFO] PDC_SERVER[13]: Checking against Object 11000000001
[INFO] PDC_SERVER[13]: Checking against Object 12000000001
[INFO] PDC_SERVER[13]: Checking against Object 13000000000
[INFO] PDC_SERVER[13]: Object 16000000000 NOT found in cache
[INFO] PDC_SERVER[13]: Fetching region from server for obj_id=16000000000
[INFO] PDC_SERVER[14]: Fetching region for obj_id=16000000000
[INFO] PDC_SERVER[14]: Checking against Object 10000000000
[INFO] PDC_SERVER[14]: Checking against Object 11000000000
[INFO] PDC_SERVER[14]: Checking against Object 12000000000
[INFO] PDC_SERVER[14]: Checking against Object 11000000001
[INFO] PDC_SERVER[14]: Checking against Object 12000000001
[INFO] PDC_SERVER[14]: Checking against Object 13000000000
[INFO] PDC_SERVER[14]: Object 16000000000 NOT found in cache
[INFO] PDC_SERVER[14]: Fetching region from server for obj_id=16000000000
[13:55:05.609422] [WARNING] [pdc_tf_server.c:475] PDC_SERVER[8]: SCHED: done running transformations
[INFO] PDC_SERVER[1]: Fetching region for obj_id=16000000000
[INFO] PDC_SERVER[1]: Checking against Object 10000000000
[INFO] PDC_SERVER[1]: Checking against Object 11000000000
[INFO] PDC_SERVER[1]: Checking against Object 12000000000
[INFO] PDC_SERVER[1]: Checking against Object 11000000001
[INFO] PDC_SERVER[1]: Checking against Object 12000000001
[INFO] PDC_SERVER[1]: Checking against Object 13000000000
[INFO] PDC_SERVER[1]: Object 16000000000 NOT found in cache
[INFO] PDC_SERVER[1]: Fetching region from server for obj_id=16000000000
[INFO] PDC_SERVER[12]: Fetching region for obj_id=16000000000
[INFO] PDC_SERVER[12]: Checking against Object 10000000000
[INFO] PDC_SERVER[12]: Checking against Object 11000000000
[INFO] PDC_SERVER[12]: Checking against Object 12000000000
[INFO] PDC_SERVER[12]: Checking against Object 11000000001
[INFO] PDC_SERVER[12]: Checking against Object 12000000001
[INFO] PDC_SERVER[12]: Checking against Object 13000000000
[INFO] PDC_SERVER[12]: Object 16000000000 NOT found in cache
[INFO] PDC_SERVER[12]: Fetching region from server for obj_id=16000000000
[INFO] PDC_SERVER[9]: Fetching region for obj_id=16000000000
[INFO] PDC_SERVER[9]: Checking against Object 10000000000
[INFO] PDC_SERVER[9]: Checking against Object 11000000000
[INFO] PDC_SERVER[9]: Checking against Object 12000000000
[INFO] PDC_SERVER[9]: Checking against Object 11000000001
[INFO] PDC_SERVER[9]: Checking against Object 12000000001
[INFO] PDC_SERVER[9]: Checking against Object 13000000000
[INFO] PDC_SERVER[9]: Object 16000000000 NOT found in cache
[INFO] PDC_SERVER[9]: Fetching region from server for obj_id=16000000000
[INFO] PDC_SERVER[8]: Fetching region for obj_id=16000000000
[INFO] PDC_SERVER[8]: Checking against Object 10000000000
[INFO] PDC_SERVER[8]: Checking against Object 11000000000
[INFO] PDC_SERVER[8]: Checking against Object 12000000000
[INFO] PDC_SERVER[8]: Checking against Object 11000000001
[INFO] PDC_SERVER[8]: Checking against Object 12000000001
[INFO] PDC_SERVER[8]: Checking against Object 13000000000
[INFO] PDC_SERVER[8]: Object 16000000000 NOT found in cache
[INFO] PDC_SERVER[8]: Fetching region from server for obj_id=16000000000
[13:55:05.614951] [WARNING] [pdc_tf_server.c:393] PDC_SERVER[3]: SCHED: setting CUDA device to 0 for edge 0 func=zfp_decompress
[13:55:05.614975] [WARNING] [pdc_tf_server.c:401] PDC_SERVER[3]: SCHED: executing edge 0 func=zfp_decompress dev=GPU
[13:55:05.616162] [WARNING] [pdc_tf_server.c:393] PDC_SERVER[6]: SCHED: setting CUDA device to 0 for edge 0 func=zfp_decompress
[13:55:05.616179] [WARNING] [pdc_tf_server.c:401] PDC_SERVER[6]: SCHED: executing edge 0 func=zfp_decompress dev=GPU
[13:55:05.621119] [WARNING] [pdc_tf_server.c:393] PDC_SERVER[7]: SCHED: setting CUDA device to 0 for edge 0 func=zfp_decompress
[13:55:05.621143] [WARNING] [pdc_tf_server.c:401] PDC_SERVER[7]: SCHED: executing edge 0 func=zfp_decompress dev=GPU
[13:55:05.622386] [WARNING] [pdc_tf_server.c:393] PDC_SERVER[5]: SCHED: setting CUDA device to 0 for edge 0 func=zfp_decompress
[13:55:05.622451] [WARNING] [pdc_tf_server.c:393] PDC_SERVER[10]: SCHED: setting CUDA device to 0 for edge 0 func=zfp_decompress
[13:55:05.622420] [WARNING] [pdc_tf_server.c:401] PDC_SERVER[5]: SCHED: executing edge 0 func=zfp_decompress dev=GPU
[13:55:05.622478] [WARNING] [pdc_tf_server.c:401] PDC_SERVER[10]: SCHED: executing edge 0 func=zfp_decompress dev=GPU
[13:55:05.622700] [WARNING] [pdc_tf_server.c:393] PDC_SERVER[4]: SCHED: setting CUDA device to 0 for edge 0 func=zfp_decompress
[13:55:05.622714] [WARNING] [pdc_tf_server.c:401] PDC_SERVER[4]: SCHED: executing edge 0 func=zfp_decompress dev=GPU
[13:55:05.623201] [WARNING] [pdc_tf_server.c:475] PDC_SERVER[3]: SCHED: done running transformations
[13:55:05.624058] [WARNING] [pdc_tf_server.c:393] PDC_SERVER[11]: SCHED: setting CUDA device to 0 for edge 0 func=zfp_decompress
[13:55:05.624077] [WARNING] [pdc_tf_server.c:401] PDC_SERVER[11]: SCHED: executing edge 0 func=zfp_decompress dev=GPU
[INFO] PDC_SERVER[0]: Executing graph with json filepath /pscratch/sd/n/nlewi26/src/work_space/source/pdc/tf_client/graphs/zfp_gpu.json
[13:55:05.624394] [WARNING] [pdc_tf_server.c:393] PDC_SERVER[0]: SCHED: setting CUDA device to 0 for edge 0 func=zfp_decompress
[13:55:05.624479] [WARNING] [pdc_tf_server.c:393] PDC_SERVER[13]: SCHED: setting CUDA device to 0 for edge 0 func=zfp_decompress
[13:55:05.624493] [WARNING] [pdc_tf_server.c:401] PDC_SERVER[13]: SCHED: executing edge 0 func=zfp_decompress dev=GPU
[13:55:05.624480] [WARNING] [pdc_tf_server.c:475] PDC_SERVER[6]: SCHED: done running transformations
[13:55:05.624438] [WARNING] [pdc_tf_server.c:401] PDC_SERVER[0]: SCHED: executing edge 0 func=zfp_decompress dev=GPU
[13:55:05.625019] [WARNING] [pdc_tf_server.c:393] PDC_SERVER[1]: SCHED: setting CUDA device to 0 for edge 0 func=zfp_decompress
[13:55:05.625037] [WARNING] [pdc_tf_server.c:401] PDC_SERVER[1]: SCHED: executing edge 0 func=zfp_decompress dev=GPU
[13:55:05.625213] [WARNING] [pdc_tf_server.c:393] PDC_SERVER[14]: SCHED: setting CUDA device to 0 for edge 0 func=zfp_decompress
[13:55:05.625232] [WARNING] [pdc_tf_server.c:401] PDC_SERVER[14]: SCHED: executing edge 0 func=zfp_decompress dev=GPU
[13:55:05.627016] [WARNING] [pdc_tf_server.c:393] PDC_SERVER[12]: SCHED: setting CUDA device to 0 for edge 0 func=zfp_decompress
[13:55:05.627044] [WARNING] [pdc_tf_server.c:401] PDC_SERVER[12]: SCHED: executing edge 0 func=zfp_decompress dev=GPU
[13:55:05.627379] [WARNING] [pdc_tf_server.c:393] PDC_SERVER[15]: SCHED: setting CUDA device to 0 for edge 0 func=zfp_decompress
[13:55:05.627400] [WARNING] [pdc_tf_server.c:401] PDC_SERVER[15]: SCHED: executing edge 0 func=zfp_decompress dev=GPU
[INFO] PDC_SERVER[3]: Fetching region for obj_id=16000000000
[INFO] PDC_SERVER[3]: Checking against Object 10000000000
[INFO] PDC_SERVER[3]: Checking against Object 11000000000
[INFO] PDC_SERVER[3]: Checking against Object 12000000000
[INFO] PDC_SERVER[3]: Checking against Object 11000000001
[INFO] PDC_SERVER[3]: Checking against Object 12000000001
[INFO] PDC_SERVER[3]: Checking against Object 13000000000
[INFO] PDC_SERVER[3]: Object 16000000000 NOT found in cache
[INFO] PDC_SERVER[3]: Fetching region from server for obj_id=16000000000
[INFO] PDC_SERVER[6]: Fetching region for obj_id=16000000000
[INFO] PDC_SERVER[6]: Checking against Object 10000000000
[INFO] PDC_SERVER[6]: Checking against Object 11000000000
[INFO] PDC_SERVER[6]: Checking against Object 12000000000
[INFO] PDC_SERVER[6]: Checking against Object 11000000001
[INFO] PDC_SERVER[6]: Checking against Object 12000000001
[INFO] PDC_SERVER[6]: Checking against Object 13000000000
[INFO] PDC_SERVER[6]: Object 16000000000 NOT found in cache
[INFO] PDC_SERVER[6]: Fetching region from server for obj_id=16000000000
[13:55:05.629625] [WARNING] [pdc_tf_server.c:393] PDC_SERVER[2]: SCHED: setting CUDA device to 0 for edge 0 func=zfp_decompress
[13:55:05.629662] [WARNING] [pdc_tf_server.c:401] PDC_SERVER[2]: SCHED: executing edge 0 func=zfp_decompress dev=GPU
[13:55:05.630341] [WARNING] [pdc_tf_server.c:393] PDC_SERVER[8]: SCHED: setting CUDA device to 0 for edge 0 func=zfp_decompress
[13:55:05.630367] [WARNING] [pdc_tf_server.c:401] PDC_SERVER[8]: SCHED: executing edge 0 func=zfp_decompress dev=GPU
[13:55:05.631747] [WARNING] [pdc_tf_server.c:475] PDC_SERVER[10]: SCHED: done running transformations
[13:55:05.632987] [WARNING] [pdc_tf_server.c:475] PDC_SERVER[13]: SCHED: done running transformations
[13:55:05.633340] [WARNING] [pdc_tf_server.c:475] PDC_SERVER[11]: SCHED: done running transformations
[13:55:05.633871] [WARNING] [pdc_tf_server.c:475] PDC_SERVER[7]: SCHED: done running transformations
[13:55:05.634093] [WARNING] [pdc_tf_server.c:475] PDC_SERVER[1]: SCHED: done running transformations
[13:55:05.634433] [WARNING] [pdc_tf_server.c:475] PDC_SERVER[14]: SCHED: done running transformations
[13:55:05.634944] [WARNING] [pdc_tf_server.c:475] PDC_SERVER[0]: SCHED: done running transformations
[13:55:05.635260] [WARNING] [pdc_tf_server.c:393] PDC_SERVER[9]: SCHED: setting CUDA device to 0 for edge 0 func=zfp_decompress
[13:55:05.635297] [WARNING] [pdc_tf_server.c:401] PDC_SERVER[9]: SCHED: executing edge 0 func=zfp_decompress dev=GPU
[13:55:05.637672] [WARNING] [pdc_tf_server.c:475] PDC_SERVER[12]: SCHED: done running transformations
[INFO] PDC_SERVER[13]: Fetching region for obj_id=16000000000
[INFO] PDC_SERVER[13]: Checking against Object 10000000000
[INFO] PDC_SERVER[13]: Checking against Object 11000000000
[INFO] PDC_SERVER[13]: Checking against Object 12000000000
[INFO] PDC_SERVER[13]: Checking against Object 11000000001
[INFO] PDC_SERVER[13]: Checking against Object 12000000001
[INFO] PDC_SERVER[13]: Checking against Object 13000000000
[INFO] PDC_SERVER[13]: Object 16000000000 NOT found in cache
[INFO] PDC_SERVER[13]: Fetching region from server for obj_id=16000000000
[INFO] PDC_SERVER[11]: Fetching region for obj_id=16000000000
[INFO] PDC_SERVER[11]: Checking against Object 10000000000
[INFO] PDC_SERVER[11]: Checking against Object 11000000000
[INFO] PDC_SERVER[11]: Checking against Object 12000000000
[INFO] PDC_SERVER[11]: Checking against Object 11000000001
[INFO] PDC_SERVER[11]: Checking against Object 12000000001
[INFO] PDC_SERVER[11]: Checking against Object 13000000000
[INFO] PDC_SERVER[11]: Object 16000000000 NOT found in cache
[INFO] PDC_SERVER[11]: Fetching region from server for obj_id=16000000000
[INFO] PDC_SERVER[10]: Fetching region for obj_id=16000000000
[INFO] PDC_SERVER[10]: Checking against Object 10000000000
[INFO] PDC_SERVER[10]: Checking against Object 11000000000
[INFO] PDC_SERVER[10]: Checking against Object 12000000000
[INFO] PDC_SERVER[10]: Checking against Object 11000000001
[INFO] PDC_SERVER[10]: Checking against Object 12000000001
[INFO] PDC_SERVER[10]: Checking against Object 13000000000
[INFO] PDC_SERVER[10]: Object 16000000000 NOT found in cache
[INFO] PDC_SERVER[10]: Fetching region from server for obj_id=16000000000
[13:55:05.638565] [WARNING] [pdc_tf_server.c:475] PDC_SERVER[15]: SCHED: done running transformations
[13:55:05.638510] [WARNING] [pdc_tf_server.c:475] PDC_SERVER[4]: SCHED: done running transformations
[INFO] PDC_SERVER[7]: Fetching region for obj_id=16000000000
[INFO] PDC_SERVER[7]: Checking against Object 10000000000
[INFO] PDC_SERVER[7]: Checking against Object 11000000000
[INFO] PDC_SERVER[7]: Checking against Object 12000000000
[13:55:05.638724] [WARNING] [pdc_tf_server.c:475] PDC_SERVER[5]: SCHED: done running transformations
[INFO] PDC_SERVER[7]: Checking against Object 11000000001
[INFO] PDC_SERVER[7]: Checking against Object 12000000001
[INFO] PDC_SERVER[7]: Checking against Object 13000000000
[INFO] PDC_SERVER[7]: Object 16000000000 NOT found in cache
[INFO] PDC_SERVER[7]: Fetching region from server for obj_id=16000000000
[INFO] PDC_SERVER[1]: Fetching region for obj_id=16000000000
[INFO] PDC_SERVER[1]: Checking against Object 10000000000
[INFO] PDC_SERVER[1]: Checking against Object 11000000000
[INFO] PDC_SERVER[1]: Checking against Object 12000000000
[INFO] PDC_SERVER[1]: Checking against Object 11000000001
[INFO] PDC_SERVER[1]: Checking against Object 12000000001
[INFO] PDC_SERVER[1]: Checking against Object 13000000000
[INFO] PDC_SERVER[1]: Object 16000000000 NOT found in cache
[INFO] PDC_SERVER[1]: Fetching region from server for obj_id=16000000000
[13:55:05.639658] [WARNING] [pdc_tf_server.c:475] PDC_SERVER[2]: SCHED: done running transformations
[INFO] PDC_SERVER[14]: Fetching region for obj_id=16000000000
[INFO] PDC_SERVER[14]: Checking against Object 10000000000
[INFO] PDC_SERVER[14]: Checking against Object 11000000000
[INFO] PDC_SERVER[14]: Checking against Object 12000000000
[INFO] PDC_SERVER[14]: Checking against Object 11000000001
[INFO] PDC_SERVER[14]: Checking against Object 12000000001
[INFO] PDC_SERVER[14]: Checking against Object 13000000000
[INFO] PDC_SERVER[14]: Object 16000000000 NOT found in cache
[INFO] PDC_SERVER[14]: Fetching region from server for obj_id=16000000000
[INFO] PDC_SERVER[0]: Fetching region for obj_id=16000000000
[INFO] PDC_SERVER[0]: Checking against Object 10000000000
[INFO] PDC_SERVER[0]: Checking against Object 11000000000
[INFO] PDC_SERVER[0]: Checking against Object 12000000000
[INFO] PDC_SERVER[0]: Checking against Object 11000000001
[INFO] PDC_SERVER[0]: Checking against Object 12000000001
[INFO] PDC_SERVER[0]: Checking against Object 13000000000
[INFO] PDC_SERVER[0]: Object 16000000000 NOT found in cache
[INFO] PDC_SERVER[0]: Fetching region from server for obj_id=16000000000
[INFO] PDC_SERVER[12]: Fetching region for obj_id=16000000000
[INFO] PDC_SERVER[12]: Checking against Object 10000000000
[INFO] PDC_SERVER[12]: Checking against Object 11000000000
[INFO] PDC_SERVER[12]: Checking against Object 12000000000
[INFO] PDC_SERVER[12]: Checking against Object 11000000001
[INFO] PDC_SERVER[12]: Checking against Object 12000000001
[INFO] PDC_SERVER[12]: Checking against Object 13000000000
[INFO] PDC_SERVER[12]: Object 16000000000 NOT found in cache
[INFO] PDC_SERVER[12]: Fetching region from server for obj_id=16000000000
[13:55:05.643228] [WARNING] [pdc_tf_server.c:475] PDC_SERVER[8]: SCHED: done running transformations
[INFO] PDC_SERVER[15]: Fetching region for obj_id=16000000000
[INFO] PDC_SERVER[15]: Checking against Object 10000000000
[INFO] PDC_SERVER[15]: Checking against Object 11000000000
[INFO] PDC_SERVER[15]: Checking against Object 12000000000
[INFO] PDC_SERVER[15]: Checking against Object 11000000001
[INFO] PDC_SERVER[15]: Checking against Object 12000000001
[INFO] PDC_SERVER[15]: Checking against Object 13000000000
[INFO] PDC_SERVER[15]: Object 16000000000 NOT found in cache
[INFO] PDC_SERVER[15]: Fetching region from server for obj_id=16000000000
[INFO] PDC_SERVER[2]: Fetching region for obj_id=16000000000
[INFO] PDC_SERVER[2]: Checking against Object 10000000000
[INFO] PDC_SERVER[2]: Checking against Object 11000000000
[INFO] PDC_SERVER[2]: Checking against Object 12000000000
[INFO] PDC_SERVER[2]: Checking against Object 11000000001
[INFO] PDC_SERVER[2]: Checking against Object 12000000001
[INFO] PDC_SERVER[2]: Checking against Object 13000000000
[INFO] PDC_SERVER[2]: Object 16000000000 NOT found in cache
[INFO] PDC_SERVER[2]: Fetching region from server for obj_id=16000000000
[13:55:05.645397] [WARNING] [pdc_tf_server.c:393] PDC_SERVER[6]: SCHED: setting CUDA device to 0 for edge 0 func=zfp_decompress
[13:55:05.645411] [WARNING] [pdc_tf_server.c:401] PDC_SERVER[6]: SCHED: executing edge 0 func=zfp_decompress dev=GPU
[INFO] PDC_SERVER[5]: Fetching region for obj_id=16000000000
[INFO] PDC_SERVER[5]: Checking against Object 10000000000
[INFO] PDC_SERVER[5]: Checking against Object 11000000000
[INFO] PDC_SERVER[5]: Checking against Object 12000000000
[13:55:05.645570] [WARNING] [pdc_tf_server.c:475] PDC_SERVER[9]: SCHED: done running transformations
[INFO] PDC_SERVER[5]: Checking against Object 11000000001
[INFO] PDC_SERVER[5]: Checking against Object 12000000001
[INFO] PDC_SERVER[5]: Checking against Object 13000000000
[INFO] PDC_SERVER[5]: Object 16000000000 NOT found in cache
[INFO] PDC_SERVER[5]: Fetching region from server for obj_id=16000000000
[INFO] PDC_SERVER[4]: Fetching region for obj_id=16000000000
[INFO] PDC_SERVER[4]: Checking against Object 10000000000
[INFO] PDC_SERVER[4]: Checking against Object 11000000000
[INFO] PDC_SERVER[4]: Checking against Object 12000000000
[INFO] PDC_SERVER[4]: Checking against Object 11000000001
[INFO] PDC_SERVER[4]: Checking against Object 12000000001
[INFO] PDC_SERVER[4]: Checking against Object 13000000000
[INFO] PDC_SERVER[4]: Object 16000000000 NOT found in cache
[INFO] PDC_SERVER[4]: Fetching region from server for obj_id=16000000000
[13:55:05.645722] [WARNING] [pdc_tf_server.c:393] PDC_SERVER[3]: SCHED: setting CUDA device to 0 for edge 0 func=zfp_decompress
[13:55:05.645747] [WARNING] [pdc_tf_server.c:401] PDC_SERVER[3]: SCHED: executing edge 0 func=zfp_decompress dev=GPU
[INFO] PDC_SERVER[8]: Fetching region for obj_id=16000000000
[INFO] PDC_SERVER[8]: Checking against Object 10000000000
[INFO] PDC_SERVER[8]: Checking against Object 11000000000
[INFO] PDC_SERVER[8]: Checking against Object 12000000000
[INFO] PDC_SERVER[8]: Checking against Object 11000000001
[INFO] PDC_SERVER[8]: Checking against Object 12000000001
[INFO] PDC_SERVER[8]: Checking against Object 13000000000
[INFO] PDC_SERVER[8]: Object 16000000000 NOT found in cache
[INFO] PDC_SERVER[8]: Fetching region from server for obj_id=16000000000
[INFO] PDC_SERVER[9]: Fetching region for obj_id=16000000000
[INFO] PDC_SERVER[9]: Checking against Object 10000000000
[INFO] PDC_SERVER[9]: Checking against Object 11000000000
[INFO] PDC_SERVER[9]: Checking against Object 12000000000
[INFO] PDC_SERVER[9]: Checking against Object 11000000001
[INFO] PDC_SERVER[9]: Checking against Object 12000000001
[INFO] PDC_SERVER[9]: Checking against Object 13000000000
[INFO] PDC_SERVER[9]: Object 16000000000 NOT found in cache
[INFO] PDC_SERVER[9]: Fetching region from server for obj_id=16000000000
[13:55:05.653675] [WARNING] [pdc_tf_server.c:393] PDC_SERVER[13]: SCHED: setting CUDA device to 0 for edge 0 func=zfp_decompress
[13:55:05.653698] [WARNING] [pdc_tf_server.c:401] PDC_SERVER[13]: SCHED: executing edge 0 func=zfp_decompress dev=GPU
[13:55:05.654042] [WARNING] [pdc_tf_server.c:475] PDC_SERVER[6]: SCHED: done running transformations
[13:55:05.654306] [WARNING] [pdc_tf_server.c:393] PDC_SERVER[11]: SCHED: setting CUDA device to 0 for edge 0 func=zfp_decompress
[13:55:05.654334] [WARNING] [pdc_tf_server.c:401] PDC_SERVER[11]: SCHED: executing edge 0 func=zfp_decompress dev=GPU
[13:55:05.654372] [WARNING] [pdc_tf_server.c:475] PDC_SERVER[3]: SCHED: done running transformations
[13:55:05.654879] [WARNING] [pdc_tf_server.c:393] PDC_SERVER[7]: SCHED: setting CUDA device to 0 for edge 0 func=zfp_decompress
[13:55:05.654903] [WARNING] [pdc_tf_server.c:401] PDC_SERVER[7]: SCHED: executing edge 0 func=zfp_decompress dev=GPU
[13:55:05.655387] [WARNING] [pdc_tf_server.c:393] PDC_SERVER[1]: SCHED: setting CUDA device to 0 for edge 0 func=zfp_decompress
[13:55:05.655404] [WARNING] [pdc_tf_server.c:401] PDC_SERVER[1]: SCHED: executing edge 0 func=zfp_decompress dev=GPU
[13:55:05.656284] [WARNING] [pdc_tf_server.c:393] PDC_SERVER[14]: SCHED: setting CUDA device to 0 for edge 0 func=zfp_decompress
[13:55:05.656307] [WARNING] [pdc_tf_server.c:401] PDC_SERVER[14]: SCHED: executing edge 0 func=zfp_decompress dev=GPU
[13:55:05.658932] [WARNING] [pdc_tf_server.c:393] PDC_SERVER[10]: SCHED: setting CUDA device to 0 for edge 0 func=zfp_decompress
[13:55:05.658951] [WARNING] [pdc_tf_server.c:401] PDC_SERVER[10]: SCHED: executing edge 0 func=zfp_decompress dev=GPU
[INFO] PDC_SERVER[3]: Fetching region for obj_id=16000000000
[INFO] PDC_SERVER[3]: Checking against Object 10000000000
[INFO] PDC_SERVER[3]: Checking against Object 11000000000
[INFO] PDC_SERVER[3]: Checking against Object 12000000000
[INFO] PDC_SERVER[3]: Checking against Object 11000000001
[INFO] PDC_SERVER[3]: Checking against Object 12000000001
[INFO] PDC_SERVER[3]: Checking against Object 13000000000
[INFO] PDC_SERVER[3]: Object 16000000000 NOT found in cache
[INFO] PDC_SERVER[3]: Fetching region from server for obj_id=16000000000
[13:55:05.659501] [WARNING] [pdc_tf_server.c:393] PDC_SERVER[12]: SCHED: setting CUDA device to 0 for edge 0 func=zfp_decompress
[13:55:05.659526] [WARNING] [pdc_tf_server.c:401] PDC_SERVER[12]: SCHED: executing edge 0 func=zfp_decompress dev=GPU
[13:55:05.661996] [WARNING] [pdc_tf_server.c:475] PDC_SERVER[13]: SCHED: done running transformations
[13:55:05.662478] [WARNING] [pdc_tf_server.c:393] PDC_SERVER[4]: SCHED: setting CUDA device to 0 for edge 0 func=zfp_decompress
[13:55:05.662523] [WARNING] [pdc_tf_server.c:401] PDC_SERVER[4]: SCHED: executing edge 0 func=zfp_decompress dev=GPU
[13:55:05.662553] [WARNING] [pdc_tf_server.c:393] PDC_SERVER[5]: SCHED: setting CUDA device to 0 for edge 0 func=zfp_decompress
[13:55:05.662494] [WARNING] [pdc_tf_server.c:393] PDC_SERVER[2]: SCHED: setting CUDA device to 0 for edge 0 func=zfp_decompress
[13:55:05.662516] [WARNING] [pdc_tf_server.c:401] PDC_SERVER[2]: SCHED: executing edge 0 func=zfp_decompress dev=GPU
[13:55:05.662572] [WARNING] [pdc_tf_server.c:401] PDC_SERVER[5]: SCHED: executing edge 0 func=zfp_decompress dev=GPU
[13:55:05.663900] [WARNING] [pdc_tf_server.c:393] PDC_SERVER[8]: SCHED: setting CUDA device to 0 for edge 0 func=zfp_decompress
[13:55:05.663922] [WARNING] [pdc_tf_server.c:401] PDC_SERVER[8]: SCHED: executing edge 0 func=zfp_decompress dev=GPU
[13:55:05.664074] [WARNING] [pdc_tf_server.c:475] PDC_SERVER[7]: SCHED: done running transformations
[INFO] PDC_SERVER[0]: Executing graph with json filepath /pscratch/sd/n/nlewi26/src/work_space/source/pdc/tf_client/graphs/zfp_gpu.json
[13:55:05.664179] [WARNING] [pdc_tf_server.c:393] PDC_SERVER[0]: SCHED: setting CUDA device to 0 for edge 0 func=zfp_decompress
[13:55:05.664195] [WARNING] [pdc_tf_server.c:401] PDC_SERVER[0]: SCHED: executing edge 0 func=zfp_decompress dev=GPU
[13:55:05.664388] [WARNING] [pdc_tf_server.c:475] PDC_SERVER[1]: SCHED: done running transformations
[13:55:05.664773] [WARNING] [pdc_tf_server.c:475] PDC_SERVER[14]: SCHED: done running transformations
[13:55:05.665936] [WARNING] [pdc_tf_server.c:475] PDC_SERVER[11]: SCHED: done running transformations
[INFO] PDC_SERVER[13]: Fetching region for obj_id=16000000000
[INFO] PDC_SERVER[13]: Checking against Object 10000000000
[INFO] PDC_SERVER[13]: Checking against Object 11000000000
[INFO] PDC_SERVER[13]: Checking against Object 12000000000
[INFO] PDC_SERVER[13]: Checking against Object 11000000001
[13:55:05.666723] [WARNING] [pdc_tf_server.c:393] PDC_SERVER[15]: SCHED: setting CUDA device to 0 for edge 0 func=zfp_decompress
[13:55:05.666741] [WARNING] [pdc_tf_server.c:401] PDC_SERVER[15]: SCHED: executing edge 0 func=zfp_decompress dev=GPU
[INFO] PDC_SERVER[13]: Checking against Object 12000000001
[INFO] PDC_SERVER[13]: Checking against Object 13000000000
[INFO] PDC_SERVER[13]: Object 16000000000 NOT found in cache
[INFO] PDC_SERVER[13]: Fetching region from server for obj_id=16000000000
[13:55:05.669009] [WARNING] [pdc_tf_server.c:393] PDC_SERVER[9]: SCHED: setting CUDA device to 0 for edge 0 func=zfp_decompress
[13:55:05.669034] [WARNING] [pdc_tf_server.c:401] PDC_SERVER[9]: SCHED: executing edge 0 func=zfp_decompress dev=GPU
[13:55:05.670021] [WARNING] [pdc_tf_server.c:475] PDC_SERVER[12]: SCHED: done running transformations
[INFO] PDC_SERVER[14]: Fetching region for obj_id=16000000000
[INFO] PDC_SERVER[14]: Checking against Object 10000000000
[INFO] PDC_SERVER[14]: Checking against Object 11000000000
[INFO] PDC_SERVER[14]: Checking against Object 12000000000
[INFO] PDC_SERVER[14]: Checking against Object 11000000001
[INFO] PDC_SERVER[14]: Checking against Object 12000000001
[INFO] PDC_SERVER[14]: Checking against Object 13000000000
[INFO] PDC_SERVER[14]: Object 16000000000 NOT found in cache
[INFO] PDC_SERVER[14]: Fetching region from server for obj_id=16000000000
[13:55:05.672441] [WARNING] [pdc_tf_server.c:475] PDC_SERVER[10]: SCHED: done running transformations
[INFO] PDC_SERVER[11]: Fetching region for obj_id=16000000000
[INFO] PDC_SERVER[11]: Checking against Object 10000000000
[INFO] PDC_SERVER[11]: Checking against Object 11000000000
[INFO] PDC_SERVER[11]: Checking against Object 12000000000
[INFO] PDC_SERVER[11]: Checking against Object 11000000001
[INFO] PDC_SERVER[11]: Checking against Object 12000000001
[INFO] PDC_SERVER[11]: Checking against Object 13000000000
[INFO] PDC_SERVER[11]: Object 16000000000 NOT found in cache
[INFO] PDC_SERVER[11]: Fetching region from server for obj_id=16000000000
[13:55:05.673972] [WARNING] [pdc_tf_server.c:475] PDC_SERVER[8]: SCHED: done running transformations
[INFO] PDC_SERVER[12]: Fetching region for obj_id=16000000000
[INFO] PDC_SERVER[12]: Checking against Object 10000000000
[INFO] PDC_SERVER[12]: Checking against Object 11000000000
[INFO] PDC_SERVER[12]: Checking against Object 12000000000
[INFO] PDC_SERVER[12]: Checking against Object 11000000001
[INFO] PDC_SERVER[12]: Checking against Object 12000000001
[INFO] PDC_SERVER[12]: Checking against Object 13000000000
[INFO] PDC_SERVER[12]: Object 16000000000 NOT found in cache
[INFO] PDC_SERVER[12]: Fetching region from server for obj_id=16000000000
[13:55:05.676137] [WARNING] [pdc_tf_server.c:475] PDC_SERVER[15]: SCHED: done running transformations
[13:55:05.677355] [WARNING] [pdc_tf_server.c:393] PDC_SERVER[3]: SCHED: setting CUDA device to 0 for edge 0 func=zfp_decompress
[13:55:05.677391] [WARNING] [pdc_tf_server.c:401] PDC_SERVER[3]: SCHED: executing edge 0 func=zfp_decompress dev=GPU
[13:55:05.677850] [WARNING] [pdc_tf_server.c:475] PDC_SERVER[0]: SCHED: done running transformations
[INFO] PDC_SERVER[8]: Fetching region for obj_id=16000000000
[INFO] PDC_SERVER[8]: Checking against Object 10000000000
[INFO] PDC_SERVER[8]: Checking against Object 11000000000
[INFO] PDC_SERVER[8]: Checking against Object 12000000000
[INFO] PDC_SERVER[8]: Checking against Object 11000000001
[INFO] PDC_SERVER[8]: Checking against Object 12000000001
[INFO] PDC_SERVER[8]: Checking against Object 13000000000
[INFO] PDC_SERVER[8]: Object 16000000000 NOT found in cache
[INFO] PDC_SERVER[8]: Fetching region from server for obj_id=16000000000
[13:55:05.679087] [WARNING] [pdc_tf_server.c:475] PDC_SERVER[2]: SCHED: done running transformations
[13:55:05.679999] [WARNING] [pdc_tf_server.c:475] PDC_SERVER[9]: SCHED: done running transformations
[INFO] PDC_SERVER[10]: Fetching region for obj_id=16000000000
[INFO] PDC_SERVER[10]: Checking against Object 10000000000
[INFO] PDC_SERVER[10]: Checking against Object 11000000000
[INFO] PDC_SERVER[10]: Checking against Object 12000000000
[INFO] PDC_SERVER[10]: Checking against Object 11000000001
[INFO] PDC_SERVER[10]: Checking against Object 12000000001
[INFO] PDC_SERVER[10]: Checking against Object 13000000000
[INFO] PDC_SERVER[10]: Object 16000000000 NOT found in cache
[INFO] PDC_SERVER[10]: Fetching region from server for obj_id=16000000000
[13:55:05.681280] [WARNING] [pdc_tf_server.c:475] PDC_SERVER[4]: SCHED: done running transformations
[INFO] PDC_SERVER[15]: Fetching region for obj_id=16000000000
[INFO] PDC_SERVER[15]: Checking against Object 10000000000
[13:55:05.682115] [WARNING] [pdc_tf_server.c:475] PDC_SERVER[5]: SCHED: done running transformations
[INFO] PDC_SERVER[15]: Checking against Object 11000000000
[INFO] PDC_SERVER[15]: Checking against Object 12000000000
[INFO] PDC_SERVER[15]: Checking against Object 11000000001
[INFO] PDC_SERVER[15]: Checking against Object 12000000001
[INFO] PDC_SERVER[15]: Checking against Object 13000000000
[INFO] PDC_SERVER[15]: Object 16000000000 NOT found in cache
[INFO] PDC_SERVER[15]: Fetching region from server for obj_id=16000000000
[13:55:05.683071] [WARNING] [pdc_tf_server.c:393] PDC_SERVER[13]: SCHED: setting CUDA device to 0 for edge 0 func=zfp_decompress
[13:55:05.683097] [WARNING] [pdc_tf_server.c:401] PDC_SERVER[13]: SCHED: executing edge 0 func=zfp_decompress dev=GPU
[INFO] PDC_SERVER[9]: Fetching region for obj_id=16000000000
[INFO] PDC_SERVER[9]: Checking against Object 10000000000
[INFO] PDC_SERVER[9]: Checking against Object 11000000000
[INFO] PDC_SERVER[9]: Checking against Object 12000000000
[INFO] PDC_SERVER[9]: Checking against Object 11000000001
[INFO] PDC_SERVER[9]: Checking against Object 12000000001
[INFO] PDC_SERVER[9]: Checking against Object 13000000000
[INFO] PDC_SERVER[9]: Object 16000000000 NOT found in cache
[INFO] PDC_SERVER[9]: Fetching region from server for obj_id=16000000000
[INFO] PDC_SERVER[0]: Fetching region for obj_id=16000000000
[INFO] PDC_SERVER[0]: Checking against Object 10000000000
[INFO] PDC_SERVER[0]: Checking against Object 11000000000
[INFO] PDC_SERVER[0]: Checking against Object 12000000000
[INFO] PDC_SERVER[0]: Checking against Object 11000000001
[INFO] PDC_SERVER[0]: Checking against Object 12000000001
[INFO] PDC_SERVER[0]: Checking against Object 13000000000
[INFO] PDC_SERVER[0]: Object 16000000000 NOT found in cache
[INFO] PDC_SERVER[0]: Fetching region from server for obj_id=16000000000
[13:55:05.686983] [WARNING] [pdc_tf_server.c:393] PDC_SERVER[14]: SCHED: setting CUDA device to 0 for edge 0 func=zfp_decompress
[13:55:05.687008] [WARNING] [pdc_tf_server.c:401] PDC_SERVER[14]: SCHED: executing edge 0 func=zfp_decompress dev=GPU
[INFO] PDC_SERVER[4]: Fetching region for obj_id=16000000000
[INFO] PDC_SERVER[4]: Checking against Object 10000000000
[INFO] PDC_SERVER[4]: Checking against Object 11000000000
[INFO] PDC_SERVER[4]: Checking against Object 12000000000
[INFO] PDC_SERVER[4]: Checking against Object 11000000001
[INFO] PDC_SERVER[4]: Checking against Object 12000000001
[INFO] PDC_SERVER[4]: Checking against Object 13000000000
[INFO] PDC_SERVER[4]: Object 16000000000 NOT found in cache
[INFO] PDC_SERVER[4]: Fetching region from server for obj_id=16000000000
[INFO] PDC_SERVER[5]: Fetching region for obj_id=16000000000
[INFO] PDC_SERVER[5]: Checking against Object 10000000000
[INFO] PDC_SERVER[5]: Checking against Object 11000000000
[INFO] PDC_SERVER[5]: Checking against Object 12000000000
[INFO] PDC_SERVER[5]: Checking against Object 11000000001
[INFO] PDC_SERVER[5]: Checking against Object 12000000001
[INFO] PDC_SERVER[5]: Checking against Object 13000000000
[INFO] PDC_SERVER[5]: Object 16000000000 NOT found in cache
[INFO] PDC_SERVER[5]: Fetching region from server for obj_id=16000000000
[13:55:05.689687] [WARNING] [pdc_tf_server.c:393] PDC_SERVER[11]: SCHED: setting CUDA device to 0 for edge 0 func=zfp_decompress
[13:55:05.689702] [WARNING] [pdc_tf_server.c:401] PDC_SERVER[11]: SCHED: executing edge 0 func=zfp_decompress dev=GPU
[13:55:05.691358] [WARNING] [pdc_tf_server.c:475] PDC_SERVER[13]: SCHED: done running transformations
[13:55:05.692539] [WARNING] [pdc_tf_server.c:393] PDC_SERVER[12]: SCHED: setting CUDA device to 0 for edge 0 func=zfp_decompress
[13:55:05.692558] [WARNING] [pdc_tf_server.c:401] PDC_SERVER[12]: SCHED: executing edge 0 func=zfp_decompress dev=GPU
[INFO] PDC_SERVER[2]: Fetching region for obj_id=16000000000
[INFO] PDC_SERVER[2]: Checking against Object 10000000000
[INFO] PDC_SERVER[2]: Checking against Object 11000000000
[INFO] PDC_SERVER[2]: Checking against Object 12000000000
[INFO] PDC_SERVER[2]: Checking against Object 11000000001
[INFO] PDC_SERVER[2]: Checking against Object 12000000001
[INFO] PDC_SERVER[2]: Checking against Object 13000000000
[INFO] PDC_SERVER[2]: Object 16000000000 NOT found in cache
[INFO] PDC_SERVER[2]: Fetching region from server for obj_id=16000000000
[13:55:05.695181] [WARNING] [pdc_tf_server.c:393] PDC_SERVER[8]: SCHED: setting CUDA device to 0 for edge 0 func=zfp_decompress
[13:55:05.695201] [WARNING] [pdc_tf_server.c:401] PDC_SERVER[8]: SCHED: executing edge 0 func=zfp_decompress dev=GPU
[13:55:05.695343] [WARNING] [pdc_tf_server.c:475] PDC_SERVER[3]: SCHED: done running transformations
[13:55:05.695585] [WARNING] [pdc_tf_server.c:475] PDC_SERVER[14]: SCHED: done running transformations
[13:55:05.697928] [WARNING] [pdc_tf_server.c:475] PDC_SERVER[11]: SCHED: done running transformations
[13:55:05.701774] [WARNING] [pdc_tf_server.c:393] PDC_SERVER[9]: SCHED: setting CUDA device to 0 for edge 0 func=zfp_decompress
[13:55:05.701799] [WARNING] [pdc_tf_server.c:401] PDC_SERVER[9]: SCHED: executing edge 0 func=zfp_decompress dev=GPU
[13:55:05.702304] [WARNING] [pdc_tf_server.c:393] PDC_SERVER[10]: SCHED: setting CUDA device to 0 for edge 0 func=zfp_decompress
[13:55:05.702338] [WARNING] [pdc_tf_server.c:401] PDC_SERVER[10]: SCHED: executing edge 0 func=zfp_decompress dev=GPU
[13:55:05.705719] [WARNING] [pdc_tf_server.c:393] PDC_SERVER[4]: SCHED: setting CUDA device to 0 for edge 0 func=zfp_decompress
[13:55:05.705749] [WARNING] [pdc_tf_server.c:401] PDC_SERVER[4]: SCHED: executing edge 0 func=zfp_decompress dev=GPU
[13:55:05.705962] [WARNING] [pdc_tf_server.c:475] PDC_SERVER[12]: SCHED: done running transformations
[13:55:05.706257] [WARNING] [pdc_tf_server.c:393] PDC_SERVER[5]: SCHED: setting CUDA device to 0 for edge 0 func=zfp_decompress
[13:55:05.706271] [WARNING] [pdc_tf_server.c:401] PDC_SERVER[5]: SCHED: executing edge 0 func=zfp_decompress dev=GPU
[13:55:05.707348] [WARNING] [pdc_tf_server.c:475] PDC_SERVER[8]: SCHED: done running transformations
[13:55:05.707641] [WARNING] [pdc_tf_server.c:393] PDC_SERVER[15]: SCHED: setting CUDA device to 0 for edge 0 func=zfp_decompress
[13:55:05.707714] [WARNING] [pdc_tf_server.c:401] PDC_SERVER[15]: SCHED: executing edge 0 func=zfp_decompress dev=GPU
[INFO] PDC_SERVER[0]: Executing graph with json filepath /pscratch/sd/n/nlewi26/src/work_space/source/pdc/tf_client/graphs/zfp_gpu.json
[13:55:05.711299] [WARNING] [pdc_tf_server.c:393] PDC_SERVER[0]: SCHED: setting CUDA device to 0 for edge 0 func=zfp_decompress
[13:55:05.711336] [WARNING] [pdc_tf_server.c:401] PDC_SERVER[0]: SCHED: executing edge 0 func=zfp_decompress dev=GPU
[13:55:05.712464] [WARNING] [pdc_tf_server.c:393] PDC_SERVER[2]: SCHED: setting CUDA device to 0 for edge 0 func=zfp_decompress
[13:55:05.712500] [WARNING] [pdc_tf_server.c:401] PDC_SERVER[2]: SCHED: executing edge 0 func=zfp_decompress dev=GPU
[13:55:05.714891] [WARNING] [pdc_tf_server.c:475] PDC_SERVER[9]: SCHED: done running transformations
[13:55:05.721381] [WARNING] [pdc_tf_server.c:475] PDC_SERVER[2]: SCHED: done running transformations
[13:55:05.722145] [WARNING] [pdc_tf_server.c:475] PDC_SERVER[4]: SCHED: done running transformations
[13:55:05.722470] [WARNING] [pdc_tf_server.c:475] PDC_SERVER[5]: SCHED: done running transformations
[13:55:05.724423] [WARNING] [pdc_tf_server.c:475] PDC_SERVER[0]: SCHED: done running transformations
[13:55:05.726837] [WARNING] [pdc_tf_server.c:475] PDC_SERVER[10]: SCHED: done running transformations
[13:55:05.735097] [WARNING] [pdc_tf_server.c:475] PDC_SERVER[15]: SCHED: done running transformations
[INFO] PDC_SERVER[10]: Fetching region for obj_id=16000000000
[INFO] PDC_SERVER[10]: Checking against Object 10000000000
[INFO] PDC_SERVER[10]: Checking against Object 11000000000
[INFO] PDC_SERVER[10]: Checking against Object 12000000000
[INFO] PDC_SERVER[10]: Checking against Object 11000000001
[INFO] PDC_SERVER[10]: Checking against Object 12000000001
[INFO] PDC_SERVER[10]: Checking against Object 13000000000
[INFO] PDC_SERVER[10]: Object 16000000000 NOT found in cache
[INFO] PDC_SERVER[10]: Fetching region from server for obj_id=16000000000
[13:55:05.758119] [WARNING] [pdc_tf_server.c:393] PDC_SERVER[10]: SCHED: setting CUDA device to 0 for edge 0 func=zfp_decompress
[13:55:05.758139] [WARNING] [pdc_tf_server.c:401] PDC_SERVER[10]: SCHED: executing edge 0 func=zfp_decompress dev=GPU
[13:55:05.767035] [WARNING] [pdc_tf_server.c:475] PDC_SERVER[10]: SCHED: done running transformations
[INFO] PDC_SERVER[0]: Starting flush for obj_id 12000000002, ndim=3
[13:55:05.919231] [WARNING] [pdc_server_region_cache.c:823] PDC_SERVER[0]: Region mapping lookup took 0.000001 s
[13:55:05.919241] [WARNING] [pdc_server_region_cache.c:828] PDC_SERVER[0]: No region mapping found for obj_id 12000000002
[13:55:05.939554] [WARNING] [pdc_server_region_cache.c:834] PDC_SERVER[0]: Flushed region via POSIX I/O in 0.020302 s
[13:55:05.939566] [WARNING] [pdc_server_region_cache.c:850] PDC_SERVER[0]: [2026-10-07 13:55:05.939563] Flushed 16.00 / 16.00 MB to storage
[INFO] PDC_SERVER[0]: Region flush iteration took 0.020343 s
[INFO] PDC_SERVER[0]: Starting flush for obj_id 12000000002, ndim=3
[13:55:05.962889] [WARNING] [pdc_server_region_cache.c:823] PDC_SERVER[0]: Region mapping lookup took 0.000000 s
[13:55:05.962895] [WARNING] [pdc_server_region_cache.c:828] PDC_SERVER[0]: No region mapping found for obj_id 12000000002
[13:55:05.980605] [WARNING] [pdc_server_region_cache.c:834] PDC_SERVER[0]: Flushed region via POSIX I/O in 0.017705 s
[13:55:05.980618] [WARNING] [pdc_server_region_cache.c:850] PDC_SERVER[0]: [2026-10-07 13:55:05.980615] Flushed 16.00 / 16.00 MB to storage
[INFO] PDC_SERVER[0]: Region flush iteration took 0.017734 s
[INFO] PDC_SERVER[0]: Starting flush for obj_id 12000000002, ndim=3
[13:55:05.982243] [WARNING] [pdc_server_region_cache.c:823] PDC_SERVER[0]: Region mapping lookup took 0.000000 s
[13:55:05.982248] [WARNING] [pdc_server_region_cache.c:828] PDC_SERVER[0]: No region mapping found for obj_id 12000000002
[13:55:06.000565] [WARNING] [pdc_server_region_cache.c:834] PDC_SERVER[0]: Flushed region via POSIX I/O in 0.018306 s
[13:55:06.000580] [WARNING] [pdc_server_region_cache.c:850] PDC_SERVER[0]: [2026-10-07 13:55:06.000577] Flushed 16.00 / 16.00 MB to storage
[INFO] PDC_SERVER[0]: Region flush iteration took 0.018345 s
[INFO] PDC_SERVER[0]: Starting flush for obj_id 12000000002, ndim=3
[13:55:06.002290] [WARNING] [pdc_server_region_cache.c:823] PDC_SERVER[0]: Region mapping lookup took 0.000001 s
[13:55:06.002296] [WARNING] [pdc_server_region_cache.c:828] PDC_SERVER[0]: No region mapping found for obj_id 12000000002
[13:55:06.020029] [WARNING] [pdc_server_region_cache.c:834] PDC_SERVER[0]: Flushed region via POSIX I/O in 0.017725 s
[13:55:06.020040] [WARNING] [pdc_server_region_cache.c:850] PDC_SERVER[0]: [2026-10-07 13:55:06.020037] Flushed 16.00 / 16.00 MB to storage
[INFO] PDC_SERVER[0]: Region flush iteration took 0.017757 s
[INFO] PDC_SERVER[0]: Starting flush for obj_id 12000000002, ndim=3
[13:55:06.021240] [WARNING] [pdc_server_region_cache.c:823] PDC_SERVER[0]: Region mapping lookup took 0.000001 s
[13:55:06.021244] [WARNING] [pdc_server_region_cache.c:828] PDC_SERVER[0]: No region mapping found for obj_id 12000000002
[13:55:06.038669] [WARNING] [pdc_server_region_cache.c:834] PDC_SERVER[0]: Flushed region via POSIX I/O in 0.017420 s
[13:55:06.038681] [WARNING] [pdc_server_region_cache.c:850] PDC_SERVER[0]: [2026-10-07 13:55:06.038679] Flushed 16.00 / 16.00 MB to storage
[INFO] PDC_SERVER[0]: Region flush iteration took 0.017447 s
[INFO] PDC_SERVER[0]: Starting flush for obj_id 12000000002, ndim=3
[13:55:06.039716] [WARNING] [pdc_server_region_cache.c:823] PDC_SERVER[0]: Region mapping lookup took 0.000000 s
[13:55:06.039720] [WARNING] [pdc_server_region_cache.c:828] PDC_SERVER[0]: No region mapping found for obj_id 12000000002
[13:55:06.057332] [WARNING] [pdc_server_region_cache.c:834] PDC_SERVER[0]: Flushed region via POSIX I/O in 0.017602 s
[13:55:06.057346] [WARNING] [pdc_server_region_cache.c:850] PDC_SERVER[0]: [2026-10-07 13:55:06.057343] Flushed 16.00 / 16.00 MB to storage
[INFO] PDC_SERVER[0]: Region flush iteration took 0.017638 s
[INFO] PDC_SERVER[0]: Starting flush for obj_id 12000000002, ndim=3
[13:55:06.059801] [WARNING] [pdc_server_region_cache.c:823] PDC_SERVER[0]: Region mapping lookup took 0.000001 s
[13:55:06.059807] [WARNING] [pdc_server_region_cache.c:828] PDC_SERVER[0]: No region mapping found for obj_id 12000000002
[13:55:06.078550] [WARNING] [pdc_server_region_cache.c:834] PDC_SERVER[0]: Flushed region via POSIX I/O in 0.018733 s
[13:55:06.078571] [WARNING] [pdc_server_region_cache.c:850] PDC_SERVER[0]: [2026-10-07 13:55:06.078568] Flushed 16.00 / 16.00 MB to storage
[INFO] PDC_SERVER[0]: Region flush iteration took 0.018780 s
[INFO] PDC_SERVER[0]: Starting flush for obj_id 12000000002, ndim=3
[13:55:06.085424] [WARNING] [pdc_server_region_cache.c:823] PDC_SERVER[0]: Region mapping lookup took 0.000000 s
[13:55:06.085428] [WARNING] [pdc_server_region_cache.c:828] PDC_SERVER[0]: No region mapping found for obj_id 12000000002
[13:55:06.103021] [WARNING] [pdc_server_region_cache.c:834] PDC_SERVER[0]: Flushed region via POSIX I/O in 0.017590 s
[13:55:06.103034] [WARNING] [pdc_server_region_cache.c:850] PDC_SERVER[0]: [2026-10-07 13:55:06.103031] Flushed 16.00 / 16.00 MB to storage
[INFO] PDC_SERVER[0]: Region flush iteration took 0.017623 s
[INFO] PDC_SERVER[0]: Starting flush for obj_id 13000000001, ndim=3
[13:55:06.104426] [WARNING] [pdc_server_region_cache.c:823] PDC_SERVER[0]: Region mapping lookup took 0.000000 s
[13:55:06.104431] [WARNING] [pdc_server_region_cache.c:828] PDC_SERVER[0]: No region mapping found for obj_id 13000000001
[13:55:06.124168] [WARNING] [pdc_server_region_cache.c:834] PDC_SERVER[0]: Flushed region via POSIX I/O in 0.019725 s
[13:55:06.124178] [WARNING] [pdc_server_region_cache.c:850] PDC_SERVER[0]: [2026-10-07 13:55:06.124175] Flushed 16.00 / 16.00 MB to storage
[INFO] PDC_SERVER[0]: Region flush iteration took 0.019758 s
[INFO] PDC_SERVER[0]: Starting flush for obj_id 13000000001, ndim=3
[13:55:06.139414] [WARNING] [pdc_server_region_cache.c:823] PDC_SERVER[0]: Region mapping lookup took 0.000000 s
[13:55:06.139418] [WARNING] [pdc_server_region_cache.c:828] PDC_SERVER[0]: No region mapping found for obj_id 13000000001
[13:55:06.157048] [WARNING] [pdc_server_region_cache.c:834] PDC_SERVER[0]: Flushed region via POSIX I/O in 0.017626 s
[13:55:06.157059] [WARNING] [pdc_server_region_cache.c:850] PDC_SERVER[0]: [2026-10-07 13:55:06.157057] Flushed 16.00 / 16.00 MB to storage
[INFO] PDC_SERVER[0]: Region flush iteration took 0.017651 s
[INFO] PDC_SERVER[0]: Starting flush for obj_id 13000000001, ndim=3
[13:55:06.158326] [WARNING] [pdc_server_region_cache.c:823] PDC_SERVER[0]: Region mapping lookup took 0.000001 s
[13:55:06.158330] [WARNING] [pdc_server_region_cache.c:828] PDC_SERVER[0]: No region mapping found for obj_id 13000000001
[13:55:06.175838] [WARNING] [pdc_server_region_cache.c:834] PDC_SERVER[0]: Flushed region via POSIX I/O in 0.017501 s
[13:55:06.175847] [WARNING] [pdc_server_region_cache.c:850] PDC_SERVER[0]: [2026-10-07 13:55:06.175844] Flushed 16.00 / 16.00 MB to storage
[INFO] PDC_SERVER[0]: Region flush iteration took 0.017528 s
[INFO] PDC_SERVER[0]: Starting flush for obj_id 13000000001, ndim=3
[13:55:06.181993] [WARNING] [pdc_server_region_cache.c:823] PDC_SERVER[0]: Region mapping lookup took 0.000000 s
[13:55:06.181997] [WARNING] [pdc_server_region_cache.c:828] PDC_SERVER[0]: No region mapping found for obj_id 13000000001
[13:55:06.199420] [WARNING] [pdc_server_region_cache.c:834] PDC_SERVER[0]: Flushed region via POSIX I/O in 0.017420 s
[13:55:06.199429] [WARNING] [pdc_server_region_cache.c:850] PDC_SERVER[0]: [2026-10-07 13:55:06.199427] Flushed 16.00 / 16.00 MB to storage
[INFO] PDC_SERVER[0]: Region flush iteration took 0.017441 s
[INFO] PDC_SERVER[0]: Starting flush for obj_id 13000000001, ndim=3
[13:55:06.200570] [WARNING] [pdc_server_region_cache.c:823] PDC_SERVER[0]: Region mapping lookup took 0.000000 s
[13:55:06.200575] [WARNING] [pdc_server_region_cache.c:828] PDC_SERVER[0]: No region mapping found for obj_id 13000000001
[13:55:06.217981] [WARNING] [pdc_server_region_cache.c:834] PDC_SERVER[0]: Flushed region via POSIX I/O in 0.017401 s
[13:55:06.217990] [WARNING] [pdc_server_region_cache.c:850] PDC_SERVER[0]: [2026-10-07 13:55:06.217987] Flushed 16.00 / 16.00 MB to storage
[INFO] PDC_SERVER[0]: Region flush iteration took 0.017427 s
[INFO] PDC_SERVER[0]: Starting flush for obj_id 13000000001, ndim=3
[13:55:06.218921] [WARNING] [pdc_server_region_cache.c:823] PDC_SERVER[0]: Region mapping lookup took 0.000000 s
[13:55:06.218925] [WARNING] [pdc_server_region_cache.c:828] PDC_SERVER[0]: No region mapping found for obj_id 13000000001
[13:55:06.236702] [WARNING] [pdc_server_region_cache.c:834] PDC_SERVER[0]: Flushed region via POSIX I/O in 0.017770 s
[13:55:06.236712] [WARNING] [pdc_server_region_cache.c:850] PDC_SERVER[0]: [2026-10-07 13:55:06.236708] Flushed 16.00 / 16.00 MB to storage
[INFO] PDC_SERVER[0]: Region flush iteration took 0.017799 s
[INFO] PDC_SERVER[0]: Starting flush for obj_id 13000000001, ndim=3
[13:55:06.237739] [WARNING] [pdc_server_region_cache.c:823] PDC_SERVER[0]: Region mapping lookup took 0.000000 s
[13:55:06.237746] [WARNING] [pdc_server_region_cache.c:828] PDC_SERVER[0]: No region mapping found for obj_id 13000000001
[13:55:06.256733] [WARNING] [pdc_server_region_cache.c:834] PDC_SERVER[0]: Flushed region via POSIX I/O in 0.018980 s
[13:55:06.256742] [WARNING] [pdc_server_region_cache.c:850] PDC_SERVER[0]: [2026-10-07 13:55:06.256739] Flushed 16.00 / 16.00 MB to storage
[INFO] PDC_SERVER[0]: Region flush iteration took 0.019009 s
[INFO] PDC_SERVER[0]: Starting flush for obj_id 13000000001, ndim=3
[13:55:06.257733] [WARNING] [pdc_server_region_cache.c:823] PDC_SERVER[0]: Region mapping lookup took 0.000000 s
[13:55:06.257737] [WARNING] [pdc_server_region_cache.c:828] PDC_SERVER[0]: No region mapping found for obj_id 13000000001
[13:55:06.275520] [WARNING] [pdc_server_region_cache.c:834] PDC_SERVER[0]: Flushed region via POSIX I/O in 0.017780 s
[13:55:06.275529] [WARNING] [pdc_server_region_cache.c:850] PDC_SERVER[0]: [2026-10-07 13:55:06.275527] Flushed 16.00 / 16.00 MB to storage
[INFO] PDC_SERVER[0]: Region flush iteration took 0.017800 s
[INFO] PDC_SERVER[0]: Starting flush for obj_id 14000000000, ndim=3
[13:55:06.285293] [WARNING] [pdc_server_region_cache.c:823] PDC_SERVER[0]: Region mapping lookup took 0.000000 s
[13:55:06.285297] [WARNING] [pdc_server_region_cache.c:828] PDC_SERVER[0]: No region mapping found for obj_id 14000000000
[13:55:06.552030] [WARNING] [pdc_tf_server.c:393] PDC_SERVER[13]: SCHED: setting CUDA device to 0 for edge 0 func=zfp_compress
[13:55:06.552089] [WARNING] [pdc_tf_server.c:401] PDC_SERVER[13]: SCHED: executing edge 0 func=zfp_compress dev=GPU
[13:55:06.559261] [WARNING] [pdc_tf_server.c:393] PDC_SERVER[7]: SCHED: setting CUDA device to 0 for edge 0 func=zfp_compress
[13:55:06.559385] [WARNING] [pdc_tf_server.c:401] PDC_SERVER[7]: SCHED: executing edge 0 func=zfp_compress dev=GPU
[13:55:06.560431] [WARNING] [pdc_tf_server.c:475] PDC_SERVER[13]: SCHED: done running transformations
[13:55:06.561963] [WARNING] [pdc_tf_server.c:393] PDC_SERVER[5]: SCHED: setting CUDA device to 0 for edge 0 func=zfp_compress
[13:55:06.562006] [WARNING] [pdc_tf_server.c:401] PDC_SERVER[5]: SCHED: executing edge 0 func=zfp_compress dev=GPU
[INFO] PDC_SERVER[0]: Executing graph with json filepath /pscratch/sd/n/nlewi26/src/work_space/source/pdc/tf_client/graphs/zfp_gpu.json
[13:55:06.562394] [WARNING] [pdc_tf_server.c:393] PDC_SERVER[0]: SCHED: setting CUDA device to 0 for edge 0 func=zfp_compress
[13:55:06.562424] [WARNING] [pdc_tf_server.c:401] PDC_SERVER[0]: SCHED: executing edge 0 func=zfp_compress dev=GPU
[13:55:06.569495] [WARNING] [pdc_tf_server.c:475] PDC_SERVER[7]: SCHED: done running transformations
[13:55:06.570153] [WARNING] [pdc_tf_server.c:393] PDC_SERVER[14]: SCHED: setting CUDA device to 0 for edge 0 func=zfp_compress
[13:55:06.570240] [WARNING] [pdc_tf_server.c:401] PDC_SERVER[14]: SCHED: executing edge 0 func=zfp_compress dev=GPU
[13:55:06.570858] [WARNING] [pdc_tf_server.c:475] PDC_SERVER[0]: SCHED: done running transformations
[13:55:06.573016] [WARNING] [pdc_tf_server.c:475] PDC_SERVER[5]: SCHED: done running transformations
[13:55:06.577205] [WARNING] [pdc_tf_server.c:393] PDC_SERVER[4]: SCHED: setting CUDA device to 0 for edge 0 func=zfp_compress
[13:55:06.577257] [WARNING] [pdc_tf_server.c:401] PDC_SERVER[4]: SCHED: executing edge 0 func=zfp_compress dev=GPU
[13:55:06.579148] [WARNING] [pdc_tf_server.c:475] PDC_SERVER[14]: SCHED: done running transformations
[13:55:06.581784] [WARNING] [pdc_tf_server.c:393] PDC_SERVER[8]: SCHED: setting CUDA device to 0 for edge 0 func=zfp_compress
[13:55:06.581846] [WARNING] [pdc_tf_server.c:401] PDC_SERVER[8]: SCHED: executing edge 0 func=zfp_compress dev=GPU
[13:55:06.586169] [WARNING] [pdc_tf_server.c:393] PDC_SERVER[3]: SCHED: setting CUDA device to 0 for edge 0 func=zfp_compress
[13:55:06.586237] [WARNING] [pdc_tf_server.c:401] PDC_SERVER[3]: SCHED: executing edge 0 func=zfp_compress dev=GPU
[13:55:06.587075] [WARNING] [pdc_tf_server.c:475] PDC_SERVER[4]: SCHED: done running transformations
[13:55:06.589972] [WARNING] [pdc_tf_server.c:475] PDC_SERVER[8]: SCHED: done running transformations
[13:55:06.594158] [WARNING] [pdc_tf_server.c:393] PDC_SERVER[15]: SCHED: setting CUDA device to 0 for edge 0 func=zfp_compress
[13:55:06.594217] [WARNING] [pdc_tf_server.c:401] PDC_SERVER[15]: SCHED: executing edge 0 func=zfp_compress dev=GPU
[13:55:06.594611] [WARNING] [pdc_tf_server.c:393] PDC_SERVER[6]: SCHED: setting CUDA device to 0 for edge 0 func=zfp_compress
[13:55:06.594701] [WARNING] [pdc_tf_server.c:475] PDC_SERVER[3]: SCHED: done running transformations
[13:55:06.594665] [WARNING] [pdc_tf_server.c:401] PDC_SERVER[6]: SCHED: executing edge 0 func=zfp_compress dev=GPU
[13:55:06.599901] [WARNING] [pdc_tf_server.c:393] PDC_SERVER[12]: SCHED: setting CUDA device to 0 for edge 0 func=zfp_compress
[13:55:06.599932] [WARNING] [pdc_tf_server.c:401] PDC_SERVER[12]: SCHED: executing edge 0 func=zfp_compress dev=GPU
[13:55:06.602477] [WARNING] [pdc_tf_server.c:393] PDC_SERVER[1]: SCHED: setting CUDA device to 0 for edge 0 func=zfp_compress
[13:55:06.602533] [WARNING] [pdc_tf_server.c:401] PDC_SERVER[1]: SCHED: executing edge 0 func=zfp_compress dev=GPU
[13:55:06.602622] [WARNING] [pdc_tf_server.c:475] PDC_SERVER[15]: SCHED: done running transformations
[13:55:06.606123] [WARNING] [pdc_tf_server.c:393] PDC_SERVER[9]: SCHED: setting CUDA device to 0 for edge 0 func=zfp_compress
[13:55:06.606197] [WARNING] [pdc_tf_server.c:401] PDC_SERVER[9]: SCHED: executing edge 0 func=zfp_compress dev=GPU
[13:55:06.609708] [WARNING] [pdc_tf_server.c:475] PDC_SERVER[12]: SCHED: done running transformations
[13:55:06.609705] [WARNING] [pdc_tf_server.c:475] PDC_SERVER[6]: SCHED: done running transformations
[13:55:06.611001] [WARNING] [pdc_tf_server.c:475] PDC_SERVER[1]: SCHED: done running transformations
[13:55:06.611462] [WARNING] [pdc_tf_server.c:393] PDC_SERVER[10]: SCHED: setting CUDA device to 0 for edge 0 func=zfp_compress
[13:55:06.611541] [WARNING] [pdc_tf_server.c:401] PDC_SERVER[10]: SCHED: executing edge 0 func=zfp_compress dev=GPU
[13:55:06.613560] [WARNING] [pdc_server_region_cache.c:834] PDC_SERVER[0]: Flushed region via POSIX I/O in 0.328252 s
[13:55:06.613579] [WARNING] [pdc_server_region_cache.c:850] PDC_SERVER[0]: [2026-10-07 13:55:06.613574] Flushed 16.00 / 16.00 MB to storage
[INFO] PDC_SERVER[0]: Region flush iteration took 0.328295 s
[INFO] PDC_SERVER[0]: Starting flush for obj_id 14000000000, ndim=3
[13:55:06.615239] [WARNING] [pdc_server_region_cache.c:823] PDC_SERVER[0]: Region mapping lookup took 0.000001 s
[13:55:06.615246] [WARNING] [pdc_server_region_cache.c:828] PDC_SERVER[0]: No region mapping found for obj_id 14000000000
[13:55:06.617965] [WARNING] [pdc_tf_server.c:475] PDC_SERVER[9]: SCHED: done running transformations
[13:55:06.619895] [WARNING] [pdc_tf_server.c:393] PDC_SERVER[2]: SCHED: setting CUDA device to 0 for edge 0 func=zfp_compress
[13:55:06.619957] [WARNING] [pdc_tf_server.c:401] PDC_SERVER[2]: SCHED: executing edge 0 func=zfp_compress dev=GPU
[13:55:06.623298] [WARNING] [pdc_tf_server.c:393] PDC_SERVER[11]: SCHED: setting CUDA device to 0 for edge 0 func=zfp_compress
[13:55:06.623326] [WARNING] [pdc_tf_server.c:401] PDC_SERVER[11]: SCHED: executing edge 0 func=zfp_compress dev=GPU
[13:55:06.624228] [WARNING] [pdc_tf_server.c:475] PDC_SERVER[10]: SCHED: done running transformations
[13:55:06.627594] [WARNING] [pdc_tf_server.c:475] PDC_SERVER[2]: SCHED: done running transformations
[13:55:06.638463] [WARNING] [pdc_tf_server.c:475] PDC_SERVER[11]: SCHED: done running transformations
[13:55:06.854668] [WARNING] [pdc_tf_server.c:393] PDC_SERVER[13]: SCHED: setting CUDA device to 0 for edge 0 func=zfp_compress
[13:55:06.854732] [WARNING] [pdc_tf_server.c:401] PDC_SERVER[13]: SCHED: executing edge 0 func=zfp_compress dev=GPU
[13:55:06.867320] [WARNING] [pdc_tf_server.c:393] PDC_SERVER[7]: SCHED: setting CUDA device to 0 for edge 0 func=zfp_compress
[13:55:06.867349] [WARNING] [pdc_tf_server.c:401] PDC_SERVER[7]: SCHED: executing edge 0 func=zfp_compress dev=GPU
[13:55:06.872696] [WARNING] [pdc_tf_server.c:475] PDC_SERVER[13]: SCHED: done running transformations
[13:55:06.873210] [WARNING] [pdc_tf_server.c:393] PDC_SERVER[14]: SCHED: setting CUDA device to 0 for edge 0 func=zfp_compress
[13:55:06.873285] [WARNING] [pdc_tf_server.c:401] PDC_SERVER[14]: SCHED: executing edge 0 func=zfp_compress dev=GPU
[13:55:06.875675] [WARNING] [pdc_tf_server.c:393] PDC_SERVER[5]: SCHED: setting CUDA device to 0 for edge 0 func=zfp_compress
[13:55:06.875729] [WARNING] [pdc_tf_server.c:401] PDC_SERVER[5]: SCHED: executing edge 0 func=zfp_compress dev=GPU
[13:55:06.876683] [WARNING] [pdc_tf_server.c:475] PDC_SERVER[7]: SCHED: done running transformations
[13:55:06.882710] [WARNING] [pdc_tf_server.c:393] PDC_SERVER[8]: SCHED: setting CUDA device to 0 for edge 0 func=zfp_compress
[13:55:06.882767] [WARNING] [pdc_tf_server.c:401] PDC_SERVER[8]: SCHED: executing edge 0 func=zfp_compress dev=GPU
[INFO] PDC_SERVER[0]: Executing graph with json filepath /pscratch/sd/n/nlewi26/src/work_space/source/pdc/tf_client/graphs/zfp_gpu.json
[13:55:06.883310] [WARNING] [pdc_tf_server.c:393] PDC_SERVER[0]: SCHED: setting CUDA device to 0 for edge 0 func=zfp_compress
[13:55:06.883342] [WARNING] [pdc_tf_server.c:401] PDC_SERVER[0]: SCHED: executing edge 0 func=zfp_compress dev=GPU
[13:55:06.886473] [WARNING] [pdc_tf_server.c:393] PDC_SERVER[4]: SCHED: setting CUDA device to 0 for edge 0 func=zfp_compress
[13:55:06.886525] [WARNING] [pdc_tf_server.c:401] PDC_SERVER[4]: SCHED: executing edge 0 func=zfp_compress dev=GPU
[13:55:06.888224] [WARNING] [pdc_tf_server.c:475] PDC_SERVER[5]: SCHED: done running transformations
[13:55:06.890008] [WARNING] [pdc_tf_server.c:475] PDC_SERVER[14]: SCHED: done running transformations
[13:55:06.892994] [WARNING] [pdc_tf_server.c:475] PDC_SERVER[0]: SCHED: done running transformations
[13:55:06.893557] [WARNING] [pdc_tf_server.c:475] PDC_SERVER[8]: SCHED: done running transformations
[13:55:06.894673] [WARNING] [pdc_tf_server.c:393] PDC_SERVER[3]: SCHED: setting CUDA device to 0 for edge 0 func=zfp_compress
[13:55:06.894731] [WARNING] [pdc_tf_server.c:401] PDC_SERVER[3]: SCHED: executing edge 0 func=zfp_compress dev=GPU
[13:55:06.896927] [WARNING] [pdc_tf_server.c:393] PDC_SERVER[15]: SCHED: setting CUDA device to 0 for edge 0 func=zfp_compress
[13:55:06.896957] [WARNING] [pdc_tf_server.c:401] PDC_SERVER[15]: SCHED: executing edge 0 func=zfp_compress dev=GPU
[13:55:06.900249] [WARNING] [pdc_tf_server.c:475] PDC_SERVER[4]: SCHED: done running transformations
[13:55:06.901024] [WARNING] [pdc_tf_server.c:393] PDC_SERVER[12]: SCHED: setting CUDA device to 0 for edge 0 func=zfp_compress
[13:55:06.901065] [WARNING] [pdc_tf_server.c:401] PDC_SERVER[12]: SCHED: executing edge 0 func=zfp_compress dev=GPU
[13:55:06.902332] [WARNING] [pdc_tf_server.c:393] PDC_SERVER[6]: SCHED: setting CUDA device to 0 for edge 0 func=zfp_compress
[13:55:06.902385] [WARNING] [pdc_tf_server.c:401] PDC_SERVER[6]: SCHED: executing edge 0 func=zfp_compress dev=GPU
[13:55:06.905786] [WARNING] [pdc_tf_server.c:475] PDC_SERVER[3]: SCHED: done running transformations
[13:55:06.911618] [WARNING] [pdc_tf_server.c:475] PDC_SERVER[6]: SCHED: done running transformations
[13:55:06.912114] [WARNING] [pdc_tf_server.c:475] PDC_SERVER[15]: SCHED: done running transformations
[13:55:06.916051] [WARNING] [pdc_tf_server.c:475] PDC_SERVER[12]: SCHED: done running transformations
[13:55:06.919185] [WARNING] [pdc_tf_server.c:393] PDC_SERVER[1]: SCHED: setting CUDA device to 0 for edge 0 func=zfp_compress
[13:55:06.919249] [WARNING] [pdc_tf_server.c:401] PDC_SERVER[1]: SCHED: executing edge 0 func=zfp_compress dev=GPU
[13:55:06.923036] [WARNING] [pdc_tf_server.c:393] PDC_SERVER[10]: SCHED: setting CUDA device to 0 for edge 0 func=zfp_compress
[13:55:06.923062] [WARNING] [pdc_tf_server.c:401] PDC_SERVER[10]: SCHED: executing edge 0 func=zfp_compress dev=GPU
[13:55:06.926780] [WARNING] [pdc_tf_server.c:393] PDC_SERVER[2]: SCHED: setting CUDA device to 0 for edge 0 func=zfp_compress
[13:55:06.926838] [WARNING] [pdc_tf_server.c:401] PDC_SERVER[2]: SCHED: executing edge 0 func=zfp_compress dev=GPU
[13:55:06.928553] [WARNING] [pdc_tf_server.c:475] PDC_SERVER[1]: SCHED: done running transformations
[13:55:06.930278] [WARNING] [pdc_tf_server.c:393] PDC_SERVER[11]: SCHED: setting CUDA device to 0 for edge 0 func=zfp_compress
[13:55:06.930307] [WARNING] [pdc_tf_server.c:401] PDC_SERVER[11]: SCHED: executing edge 0 func=zfp_compress dev=GPU
[13:55:06.930485] [WARNING] [pdc_server_region_cache.c:834] PDC_SERVER[0]: Flushed region via POSIX I/O in 0.315228 s
[13:55:06.930503] [WARNING] [pdc_server_region_cache.c:850] PDC_SERVER[0]: [2026-10-07 13:55:06.930499] Flushed 16.00 / 16.00 MB to storage
[INFO] PDC_SERVER[0]: Region flush iteration took 0.315274 s
[13:55:06.931974] [WARNING] [pdc_tf_server.c:475] PDC_SERVER[10]: SCHED: done running transformations
[13:55:06.932402] [WARNING] [pdc_tf_server.c:393] PDC_SERVER[9]: SCHED: setting CUDA device to 0 for edge 0 func=zfp_compress
[13:55:06.932474] [WARNING] [pdc_tf_server.c:401] PDC_SERVER[9]: SCHED: executing edge 0 func=zfp_compress dev=GPU
[INFO] PDC_SERVER[0]: Starting flush for obj_id 14000000000, ndim=3
[13:55:06.936419] [WARNING] [pdc_server_region_cache.c:823] PDC_SERVER[0]: Region mapping lookup took 0.000000 s
[13:55:06.936425] [WARNING] [pdc_server_region_cache.c:828] PDC_SERVER[0]: No region mapping found for obj_id 14000000000
[13:55:06.940193] [WARNING] [pdc_tf_server.c:475] PDC_SERVER[2]: SCHED: done running transformations
[13:55:06.940719] [WARNING] [pdc_tf_server.c:475] PDC_SERVER[11]: SCHED: done running transformations
[13:55:06.942627] [WARNING] [pdc_tf_server.c:475] PDC_SERVER[9]: SCHED: done running transformations
[13:55:07.162752] [WARNING] [pdc_tf_server.c:393] PDC_SERVER[13]: SCHED: setting CUDA device to 0 for edge 0 func=zfp_compress
[13:55:07.162807] [WARNING] [pdc_tf_server.c:401] PDC_SERVER[13]: SCHED: executing edge 0 func=zfp_compress dev=GPU
[13:55:07.171765] [WARNING] [pdc_tf_server.c:475] PDC_SERVER[13]: SCHED: done running transformations
[13:55:07.176355] [WARNING] [pdc_tf_server.c:393] PDC_SERVER[7]: SCHED: setting CUDA device to 0 for edge 0 func=zfp_compress
[13:55:07.176389] [WARNING] [pdc_tf_server.c:401] PDC_SERVER[7]: SCHED: executing edge 0 func=zfp_compress dev=GPU
[13:55:07.182323] [WARNING] [pdc_tf_server.c:393] PDC_SERVER[14]: SCHED: setting CUDA device to 0 for edge 0 func=zfp_compress
[13:55:07.182352] [WARNING] [pdc_tf_server.c:401] PDC_SERVER[14]: SCHED: executing edge 0 func=zfp_compress dev=GPU
[13:55:07.186531] [WARNING] [pdc_tf_server.c:475] PDC_SERVER[7]: SCHED: done running transformations
[13:55:07.191451] [WARNING] [pdc_tf_server.c:475] PDC_SERVER[14]: SCHED: done running transformations
[13:55:07.193365] [WARNING] [pdc_tf_server.c:393] PDC_SERVER[8]: SCHED: setting CUDA device to 0 for edge 0 func=zfp_compress
[13:55:07.193434] [WARNING] [pdc_tf_server.c:401] PDC_SERVER[8]: SCHED: executing edge 0 func=zfp_compress dev=GPU
[13:55:07.194223] [WARNING] [pdc_tf_server.c:393] PDC_SERVER[5]: SCHED: setting CUDA device to 0 for edge 0 func=zfp_compress
[13:55:07.194297] [WARNING] [pdc_tf_server.c:401] PDC_SERVER[5]: SCHED: executing edge 0 func=zfp_compress dev=GPU
[INFO] PDC_SERVER[0]: Executing graph with json filepath /pscratch/sd/n/nlewi26/src/work_space/source/pdc/tf_client/graphs/zfp_gpu.json
[13:55:07.198986] [WARNING] [pdc_tf_server.c:393] PDC_SERVER[0]: SCHED: setting CUDA device to 0 for edge 0 func=zfp_compress
[13:55:07.199018] [WARNING] [pdc_tf_server.c:401] PDC_SERVER[0]: SCHED: executing edge 0 func=zfp_compress dev=GPU
[13:55:07.203912] [WARNING] [pdc_tf_server.c:475] PDC_SERVER[8]: SCHED: done running transformations
[13:55:07.204414] [WARNING] [pdc_tf_server.c:393] PDC_SERVER[4]: SCHED: setting CUDA device to 0 for edge 0 func=zfp_compress
[13:55:07.204449] [WARNING] [pdc_tf_server.c:401] PDC_SERVER[4]: SCHED: executing edge 0 func=zfp_compress dev=GPU
[13:55:07.204829] [WARNING] [pdc_tf_server.c:393] PDC_SERVER[6]: SCHED: setting CUDA device to 0 for edge 0 func=zfp_compress
[13:55:07.204881] [WARNING] [pdc_tf_server.c:401] PDC_SERVER[6]: SCHED: executing edge 0 func=zfp_compress dev=GPU
[13:55:07.205067] [WARNING] [pdc_tf_server.c:475] PDC_SERVER[5]: SCHED: done running transformations
[13:55:07.210371] [WARNING] [pdc_tf_server.c:393] PDC_SERVER[15]: SCHED: setting CUDA device to 0 for edge 0 func=zfp_compress
[13:55:07.210444] [WARNING] [pdc_tf_server.c:401] PDC_SERVER[15]: SCHED: executing edge 0 func=zfp_compress dev=GPU
[13:55:07.210633] [WARNING] [pdc_tf_server.c:475] PDC_SERVER[0]: SCHED: done running transformations
[13:55:07.212421] [WARNING] [pdc_tf_server.c:393] PDC_SERVER[12]: SCHED: setting CUDA device to 0 for edge 0 func=zfp_compress
[13:55:07.212471] [WARNING] [pdc_tf_server.c:401] PDC_SERVER[12]: SCHED: executing edge 0 func=zfp_compress dev=GPU
[13:55:07.215289] [WARNING] [pdc_tf_server.c:393] PDC_SERVER[3]: SCHED: setting CUDA device to 0 for edge 0 func=zfp_compress
[13:55:07.215363] [WARNING] [pdc_tf_server.c:401] PDC_SERVER[3]: SCHED: executing edge 0 func=zfp_compress dev=GPU
[13:55:07.216567] [WARNING] [pdc_tf_server.c:475] PDC_SERVER[4]: SCHED: done running transformations
[13:55:07.216805] [WARNING] [pdc_tf_server.c:475] PDC_SERVER[6]: SCHED: done running transformations
[13:55:07.220004] [WARNING] [pdc_tf_server.c:475] PDC_SERVER[15]: SCHED: done running transformations
[13:55:07.222451] [WARNING] [pdc_tf_server.c:475] PDC_SERVER[12]: SCHED: done running transformations
[13:55:07.224975] [WARNING] [pdc_tf_server.c:393] PDC_SERVER[1]: SCHED: setting CUDA device to 0 for edge 0 func=zfp_compress
[13:55:07.225031] [WARNING] [pdc_tf_server.c:401] PDC_SERVER[1]: SCHED: executing edge 0 func=zfp_compress dev=GPU
[13:55:07.227360] [WARNING] [pdc_tf_server.c:475] PDC_SERVER[3]: SCHED: done running transformations
[13:55:07.231938] [WARNING] [pdc_tf_server.c:393] PDC_SERVER[9]: SCHED: setting CUDA device to 0 for edge 0 func=zfp_compress
[13:55:07.232005] [WARNING] [pdc_tf_server.c:401] PDC_SERVER[9]: SCHED: executing edge 0 func=zfp_compress dev=GPU
[13:55:07.235814] [WARNING] [pdc_tf_server.c:475] PDC_SERVER[1]: SCHED: done running transformations
[13:55:07.237796] [WARNING] [pdc_tf_server.c:393] PDC_SERVER[10]: SCHED: setting CUDA device to 0 for edge 0 func=zfp_compress
[13:55:07.237873] [WARNING] [pdc_tf_server.c:401] PDC_SERVER[10]: SCHED: executing edge 0 func=zfp_compress dev=GPU
[13:55:07.241234] [WARNING] [pdc_tf_server.c:475] PDC_SERVER[9]: SCHED: done running transformations
[13:55:07.243700] [WARNING] [pdc_tf_server.c:393] PDC_SERVER[11]: SCHED: setting CUDA device to 0 for edge 0 func=zfp_compress
[13:55:07.243730] [WARNING] [pdc_tf_server.c:401] PDC_SERVER[11]: SCHED: executing edge 0 func=zfp_compress dev=GPU
[13:55:07.243634] [WARNING] [pdc_tf_server.c:393] PDC_SERVER[2]: SCHED: setting CUDA device to 0 for edge 0 func=zfp_compress
[13:55:07.243705] [WARNING] [pdc_tf_server.c:401] PDC_SERVER[2]: SCHED: executing edge 0 func=zfp_compress dev=GPU
[13:55:07.247434] [WARNING] [pdc_server_region_cache.c:834] PDC_SERVER[0]: Flushed region via POSIX I/O in 0.310995 s
[13:55:07.247451] [WARNING] [pdc_server_region_cache.c:850] PDC_SERVER[0]: [2026-10-07 13:55:07.247447] Flushed 16.00 / 16.00 MB to storage
[INFO] PDC_SERVER[0]: Region flush iteration took 0.311039 s
[INFO] PDC_SERVER[0]: Starting flush for obj_id 14000000000, ndim=3
[13:55:07.249049] [WARNING] [pdc_server_region_cache.c:823] PDC_SERVER[0]: Region mapping lookup took 0.000001 s
[13:55:07.249054] [WARNING] [pdc_server_region_cache.c:828] PDC_SERVER[0]: No region mapping found for obj_id 14000000000
[13:55:07.249838] [WARNING] [pdc_tf_server.c:475] PDC_SERVER[10]: SCHED: done running transformations
[13:55:07.253544] [WARNING] [pdc_tf_server.c:475] PDC_SERVER[11]: SCHED: done running transformations
[13:55:07.254302] [WARNING] [pdc_tf_server.c:475] PDC_SERVER[2]: SCHED: done running transformations
[13:55:07.462934] [WARNING] [pdc_tf_server.c:393] PDC_SERVER[13]: SCHED: setting CUDA device to 0 for edge 0 func=zfp_compress
[13:55:07.462990] [WARNING] [pdc_tf_server.c:401] PDC_SERVER[13]: SCHED: executing edge 0 func=zfp_compress dev=GPU
[13:55:07.471092] [WARNING] [pdc_tf_server.c:475] PDC_SERVER[13]: SCHED: done running transformations
[13:55:07.476332] [WARNING] [pdc_tf_server.c:393] PDC_SERVER[7]: SCHED: setting CUDA device to 0 for edge 0 func=zfp_compress
[13:55:07.476361] [WARNING] [pdc_tf_server.c:401] PDC_SERVER[7]: SCHED: executing edge 0 func=zfp_compress dev=GPU
[13:55:07.486313] [WARNING] [pdc_tf_server.c:393] PDC_SERVER[14]: SCHED: setting CUDA device to 0 for edge 0 func=zfp_compress
[13:55:07.486379] [WARNING] [pdc_tf_server.c:401] PDC_SERVER[14]: SCHED: executing edge 0 func=zfp_compress dev=GPU
[13:55:07.494662] [WARNING] [pdc_tf_server.c:475] PDC_SERVER[14]: SCHED: done running transformations
[13:55:07.498955] [WARNING] [pdc_tf_server.c:393] PDC_SERVER[8]: SCHED: setting CUDA device to 0 for edge 0 func=zfp_compress
[13:55:07.498984] [WARNING] [pdc_tf_server.c:401] PDC_SERVER[8]: SCHED: executing edge 0 func=zfp_compress dev=GPU
[13:55:07.499317] [WARNING] [pdc_tf_server.c:475] PDC_SERVER[7]: SCHED: done running transformations
[13:55:07.504817] [WARNING] [pdc_tf_server.c:393] PDC_SERVER[5]: SCHED: setting CUDA device to 0 for edge 0 func=zfp_compress
[13:55:07.504845] [WARNING] [pdc_tf_server.c:401] PDC_SERVER[5]: SCHED: executing edge 0 func=zfp_compress dev=GPU
[INFO] PDC_SERVER[0]: Executing graph with json filepath /pscratch/sd/n/nlewi26/src/work_space/source/pdc/tf_client/graphs/zfp_gpu.json
[13:55:07.510079] [WARNING] [pdc_tf_server.c:393] PDC_SERVER[0]: SCHED: setting CUDA device to 0 for edge 0 func=zfp_compress
[13:55:07.510112] [WARNING] [pdc_tf_server.c:401] PDC_SERVER[0]: SCHED: executing edge 0 func=zfp_compress dev=GPU
[13:55:07.512284] [WARNING] [pdc_tf_server.c:393] PDC_SERVER[6]: SCHED: setting CUDA device to 0 for edge 0 func=zfp_compress
[13:55:07.512324] [WARNING] [pdc_tf_server.c:401] PDC_SERVER[6]: SCHED: executing edge 0 func=zfp_compress dev=GPU
[13:55:07.514288] [WARNING] [pdc_tf_server.c:393] PDC_SERVER[4]: SCHED: setting CUDA device to 0 for edge 0 func=zfp_compress
[13:55:07.514338] [WARNING] [pdc_tf_server.c:401] PDC_SERVER[4]: SCHED: executing edge 0 func=zfp_compress dev=GPU
[13:55:07.516027] [WARNING] [pdc_tf_server.c:475] PDC_SERVER[8]: SCHED: done running transformations
[13:55:07.518867] [WARNING] [pdc_tf_server.c:475] PDC_SERVER[0]: SCHED: done running transformations
[13:55:07.519127] [WARNING] [pdc_tf_server.c:393] PDC_SERVER[12]: SCHED: setting CUDA device to 0 for edge 0 func=zfp_compress
[13:55:07.519177] [WARNING] [pdc_tf_server.c:401] PDC_SERVER[12]: SCHED: executing edge 0 func=zfp_compress dev=GPU
[13:55:07.523078] [WARNING] [pdc_tf_server.c:475] PDC_SERVER[5]: SCHED: done running transformations
[13:55:07.526632] [WARNING] [pdc_tf_server.c:393] PDC_SERVER[3]: SCHED: setting CUDA device to 0 for edge 0 func=zfp_compress
[13:55:07.526688] [WARNING] [pdc_tf_server.c:401] PDC_SERVER[3]: SCHED: executing edge 0 func=zfp_compress dev=GPU
[13:55:07.528457] [WARNING] [pdc_tf_server.c:475] PDC_SERVER[12]: SCHED: done running transformations
[13:55:07.529153] [WARNING] [pdc_tf_server.c:393] PDC_SERVER[15]: SCHED: setting CUDA device to 0 for edge 0 func=zfp_compress
[13:55:07.529211] [WARNING] [pdc_tf_server.c:401] PDC_SERVER[15]: SCHED: executing edge 0 func=zfp_compress dev=GPU
[13:55:07.529731] [WARNING] [pdc_tf_server.c:393] PDC_SERVER[1]: SCHED: setting CUDA device to 0 for edge 0 func=zfp_compress
[13:55:07.529764] [WARNING] [pdc_tf_server.c:401] PDC_SERVER[1]: SCHED: executing edge 0 func=zfp_compress dev=GPU
[13:55:07.530523] [WARNING] [pdc_tf_server.c:475] PDC_SERVER[6]: SCHED: done running transformations
[13:55:07.533305] [WARNING] [pdc_tf_server.c:475] PDC_SERVER[4]: SCHED: done running transformations
[13:55:07.537867] [WARNING] [pdc_tf_server.c:475] PDC_SERVER[15]: SCHED: done running transformations
[13:55:07.545365] [WARNING] [pdc_tf_server.c:393] PDC_SERVER[9]: SCHED: setting CUDA device to 0 for edge 0 func=zfp_compress
[13:55:07.545392] [WARNING] [pdc_tf_server.c:401] PDC_SERVER[9]: SCHED: executing edge 0 func=zfp_compress dev=GPU
[13:55:07.545850] [WARNING] [pdc_tf_server.c:475] PDC_SERVER[1]: SCHED: done running transformations
[13:55:07.546532] [WARNING] [pdc_tf_server.c:475] PDC_SERVER[3]: SCHED: done running transformations
[13:55:07.548494] [WARNING] [pdc_tf_server.c:393] PDC_SERVER[10]: SCHED: setting CUDA device to 0 for edge 0 func=zfp_compress
[13:55:07.548551] [WARNING] [pdc_tf_server.c:401] PDC_SERVER[10]: SCHED: executing edge 0 func=zfp_compress dev=GPU
[13:55:07.551665] [WARNING] [pdc_tf_server.c:393] PDC_SERVER[2]: SCHED: setting CUDA device to 0 for edge 0 func=zfp_compress
[13:55:07.551720] [WARNING] [pdc_tf_server.c:401] PDC_SERVER[2]: SCHED: executing edge 0 func=zfp_compress dev=GPU
[13:55:07.555351] [WARNING] [pdc_server_region_cache.c:834] PDC_SERVER[0]: Flushed region via POSIX I/O in 0.306284 s
[13:55:07.555373] [WARNING] [pdc_server_region_cache.c:850] PDC_SERVER[0]: [2026-10-07 13:55:07.555369] Flushed 16.00 / 16.00 MB to storage
[INFO] PDC_SERVER[0]: Region flush iteration took 0.306334 s
[INFO] PDC_SERVER[0]: Starting flush for obj_id 14000000000, ndim=3
[13:55:07.557030] [WARNING] [pdc_server_region_cache.c:823] PDC_SERVER[0]: Region mapping lookup took 0.000001 s
[13:55:07.557036] [WARNING] [pdc_server_region_cache.c:828] PDC_SERVER[0]: No region mapping found for obj_id 14000000000
[13:55:07.569142] [WARNING] [pdc_tf_server.c:475] PDC_SERVER[9]: SCHED: done running transformations
[13:55:07.570549] [WARNING] [pdc_tf_server.c:475] PDC_SERVER[10]: SCHED: done running transformations
[13:55:07.572708] [WARNING] [pdc_tf_server.c:475] PDC_SERVER[2]: SCHED: done running transformations
[13:55:07.616367] [WARNING] [pdc_tf_server.c:393] PDC_SERVER[11]: SCHED: setting CUDA device to 0 for edge 0 func=zfp_compress
[13:55:07.616410] [WARNING] [pdc_tf_server.c:401] PDC_SERVER[11]: SCHED: executing edge 0 func=zfp_compress dev=GPU
[13:55:07.625818] [WARNING] [pdc_tf_server.c:475] PDC_SERVER[11]: SCHED: done running transformations
[13:55:07.762669] [WARNING] [pdc_tf_server.c:393] PDC_SERVER[13]: SCHED: setting CUDA device to 0 for edge 0 func=zfp_compress
[13:55:07.762710] [WARNING] [pdc_tf_server.c:401] PDC_SERVER[13]: SCHED: executing edge 0 func=zfp_compress dev=GPU
[13:55:07.779274] [WARNING] [pdc_tf_server.c:475] PDC_SERVER[13]: SCHED: done running transformations
[13:55:07.783496] [WARNING] [pdc_tf_server.c:393] PDC_SERVER[14]: SCHED: setting CUDA device to 0 for edge 0 func=zfp_compress
[13:55:07.783523] [WARNING] [pdc_tf_server.c:401] PDC_SERVER[14]: SCHED: executing edge 0 func=zfp_compress dev=GPU
[13:55:07.788699] [WARNING] [pdc_tf_server.c:393] PDC_SERVER[7]: SCHED: setting CUDA device to 0 for edge 0 func=zfp_compress
[13:55:07.788730] [WARNING] [pdc_tf_server.c:401] PDC_SERVER[7]: SCHED: executing edge 0 func=zfp_compress dev=GPU
[13:55:07.792430] [WARNING] [pdc_tf_server.c:475] PDC_SERVER[14]: SCHED: done running transformations
[13:55:07.799439] [WARNING] [pdc_tf_server.c:475] PDC_SERVER[7]: SCHED: done running transformations
[13:55:07.806379] [WARNING] [pdc_tf_server.c:393] PDC_SERVER[8]: SCHED: setting CUDA device to 0 for edge 0 func=zfp_compress
[13:55:07.806434] [WARNING] [pdc_tf_server.c:401] PDC_SERVER[8]: SCHED: executing edge 0 func=zfp_compress dev=GPU
[INFO] PDC_SERVER[0]: Executing graph with json filepath /pscratch/sd/n/nlewi26/src/work_space/source/pdc/tf_client/graphs/zfp_gpu.json
[13:55:07.811946] [WARNING] [pdc_tf_server.c:393] PDC_SERVER[0]: SCHED: setting CUDA device to 0 for edge 0 func=zfp_compress
[13:55:07.811980] [WARNING] [pdc_tf_server.c:401] PDC_SERVER[0]: SCHED: executing edge 0 func=zfp_compress dev=GPU
[13:55:07.817301] [WARNING] [pdc_tf_server.c:475] PDC_SERVER[8]: SCHED: done running transformations
[13:55:07.820778] [WARNING] [pdc_tf_server.c:393] PDC_SERVER[12]: SCHED: setting CUDA device to 0 for edge 0 func=zfp_compress
[13:55:07.820818] [WARNING] [pdc_tf_server.c:401] PDC_SERVER[12]: SCHED: executing edge 0 func=zfp_compress dev=GPU
[13:55:07.821402] [WARNING] [pdc_tf_server.c:475] PDC_SERVER[0]: SCHED: done running transformations
[13:55:07.823936] [WARNING] [pdc_tf_server.c:393] PDC_SERVER[5]: SCHED: setting CUDA device to 0 for edge 0 func=zfp_compress
[13:55:07.823992] [WARNING] [pdc_tf_server.c:401] PDC_SERVER[5]: SCHED: executing edge 0 func=zfp_compress dev=GPU
[13:55:07.826756] [WARNING] [pdc_tf_server.c:393] PDC_SERVER[15]: SCHED: setting CUDA device to 0 for edge 0 func=zfp_compress
[13:55:07.826813] [WARNING] [pdc_tf_server.c:401] PDC_SERVER[15]: SCHED: executing edge 0 func=zfp_compress dev=GPU
[13:55:07.829626] [WARNING] [pdc_tf_server.c:393] PDC_SERVER[6]: SCHED: setting CUDA device to 0 for edge 0 func=zfp_compress
[13:55:07.829653] [WARNING] [pdc_tf_server.c:401] PDC_SERVER[6]: SCHED: executing edge 0 func=zfp_compress dev=GPU
[13:55:07.830442] [WARNING] [pdc_tf_server.c:475] PDC_SERVER[12]: SCHED: done running transformations
[13:55:07.832389] [WARNING] [pdc_tf_server.c:393] PDC_SERVER[4]: SCHED: setting CUDA device to 0 for edge 0 func=zfp_compress
[13:55:07.832439] [WARNING] [pdc_tf_server.c:401] PDC_SERVER[4]: SCHED: executing edge 0 func=zfp_compress dev=GPU
[13:55:07.834986] [WARNING] [pdc_tf_server.c:475] PDC_SERVER[5]: SCHED: done running transformations
[13:55:07.835159] [WARNING] [pdc_tf_server.c:393] PDC_SERVER[1]: SCHED: setting CUDA device to 0 for edge 0 func=zfp_compress
[13:55:07.835191] [WARNING] [pdc_tf_server.c:401] PDC_SERVER[1]: SCHED: executing edge 0 func=zfp_compress dev=GPU
[13:55:07.836122] [WARNING] [pdc_tf_server.c:475] PDC_SERVER[15]: SCHED: done running transformations
[13:55:07.839298] [WARNING] [pdc_tf_server.c:475] PDC_SERVER[6]: SCHED: done running transformations
[13:55:07.844193] [WARNING] [pdc_tf_server.c:475] PDC_SERVER[1]: SCHED: done running transformations
[13:55:07.844657] [WARNING] [pdc_tf_server.c:475] PDC_SERVER[4]: SCHED: done running transformations
[13:55:07.859198] [WARNING] [pdc_tf_server.c:393] PDC_SERVER[3]: SCHED: setting CUDA device to 0 for edge 0 func=zfp_compress
[13:55:07.859270] [WARNING] [pdc_tf_server.c:401] PDC_SERVER[3]: SCHED: executing edge 0 func=zfp_compress dev=GPU
[13:55:07.859386] [WARNING] [pdc_tf_server.c:393] PDC_SERVER[9]: SCHED: setting CUDA device to 0 for edge 0 func=zfp_compress
[13:55:07.859447] [WARNING] [pdc_tf_server.c:401] PDC_SERVER[9]: SCHED: executing edge 0 func=zfp_compress dev=GPU
[13:55:07.859589] [WARNING] [pdc_server_region_cache.c:834] PDC_SERVER[0]: Flushed region via POSIX I/O in 0.302543 s
[13:55:07.859604] [WARNING] [pdc_server_region_cache.c:850] PDC_SERVER[0]: [2026-10-07 13:55:07.859601] Flushed 16.00 / 16.00 MB to storage
[INFO] PDC_SERVER[0]: Region flush iteration took 0.302583 s
[INFO] PDC_SERVER[0]: Starting flush for obj_id 14000000000, ndim=3
[13:55:07.861299] [WARNING] [pdc_server_region_cache.c:823] PDC_SERVER[0]: Region mapping lookup took 0.000001 s
[13:55:07.861304] [WARNING] [pdc_server_region_cache.c:828] PDC_SERVER[0]: No region mapping found for obj_id 14000000000
[13:55:07.866066] [WARNING] [pdc_tf_server.c:393] PDC_SERVER[10]: SCHED: setting CUDA device to 0 for edge 0 func=zfp_compress
[13:55:07.866095] [WARNING] [pdc_tf_server.c:401] PDC_SERVER[10]: SCHED: executing edge 0 func=zfp_compress dev=GPU
[13:55:07.868926] [WARNING] [pdc_tf_server.c:475] PDC_SERVER[9]: SCHED: done running transformations
[13:55:07.872286] [WARNING] [pdc_tf_server.c:393] PDC_SERVER[2]: SCHED: setting CUDA device to 0 for edge 0 func=zfp_compress
[13:55:07.872344] [WARNING] [pdc_tf_server.c:401] PDC_SERVER[2]: SCHED: executing edge 0 func=zfp_compress dev=GPU
[13:55:07.872570] [WARNING] [pdc_tf_server.c:475] PDC_SERVER[3]: SCHED: done running transformations
[13:55:07.875385] [WARNING] [pdc_tf_server.c:475] PDC_SERVER[10]: SCHED: done running transformations
[13:55:07.884771] [WARNING] [pdc_tf_server.c:475] PDC_SERVER[2]: SCHED: done running transformations
[13:55:07.985827] [WARNING] [pdc_tf_server.c:393] PDC_SERVER[11]: SCHED: setting CUDA device to 0 for edge 0 func=zfp_compress
[13:55:07.985864] [WARNING] [pdc_tf_server.c:401] PDC_SERVER[11]: SCHED: executing edge 0 func=zfp_compress dev=GPU
[13:55:08.014271] [WARNING] [pdc_tf_server.c:475] PDC_SERVER[11]: SCHED: done running transformations
[13:55:08.069538] [WARNING] [pdc_tf_server.c:393] PDC_SERVER[13]: SCHED: setting CUDA device to 0 for edge 0 func=zfp_compress
[13:55:08.069593] [WARNING] [pdc_tf_server.c:401] PDC_SERVER[13]: SCHED: executing edge 0 func=zfp_compress dev=GPU
[13:55:08.079342] [WARNING] [pdc_tf_server.c:475] PDC_SERVER[13]: SCHED: done running transformations
[13:55:08.082234] [WARNING] [pdc_tf_server.c:393] PDC_SERVER[14]: SCHED: setting CUDA device to 0 for edge 0 func=zfp_compress
[13:55:08.082288] [WARNING] [pdc_tf_server.c:401] PDC_SERVER[14]: SCHED: executing edge 0 func=zfp_compress dev=GPU
[13:55:08.089635] [WARNING] [pdc_tf_server.c:393] PDC_SERVER[7]: SCHED: setting CUDA device to 0 for edge 0 func=zfp_compress
[13:55:08.089690] [WARNING] [pdc_tf_server.c:401] PDC_SERVER[7]: SCHED: executing edge 0 func=zfp_compress dev=GPU
[13:55:08.091153] [WARNING] [pdc_tf_server.c:475] PDC_SERVER[14]: SCHED: done running transformations
[13:55:08.099005] [WARNING] [pdc_tf_server.c:475] PDC_SERVER[7]: SCHED: done running transformations
[13:55:08.107791] [WARNING] [pdc_tf_server.c:393] PDC_SERVER[8]: SCHED: setting CUDA device to 0 for edge 0 func=zfp_compress
[13:55:08.107844] [WARNING] [pdc_tf_server.c:401] PDC_SERVER[8]: SCHED: executing edge 0 func=zfp_compress dev=GPU
[INFO] PDC_SERVER[0]: Executing graph with json filepath /pscratch/sd/n/nlewi26/src/work_space/source/pdc/tf_client/graphs/zfp_gpu.json
[13:55:08.112325] [WARNING] [pdc_tf_server.c:393] PDC_SERVER[0]: SCHED: setting CUDA device to 0 for edge 0 func=zfp_compress
[13:55:08.112341] [WARNING] [pdc_tf_server.c:401] PDC_SERVER[0]: SCHED: executing edge 0 func=zfp_compress dev=GPU
[13:55:08.119768] [WARNING] [pdc_tf_server.c:475] PDC_SERVER[8]: SCHED: done running transformations
[13:55:08.122980] [WARNING] [pdc_tf_server.c:393] PDC_SERVER[12]: SCHED: setting CUDA device to 0 for edge 0 func=zfp_compress
[13:55:08.123009] [WARNING] [pdc_tf_server.c:401] PDC_SERVER[12]: SCHED: executing edge 0 func=zfp_compress dev=GPU
[13:55:08.123126] [WARNING] [pdc_tf_server.c:475] PDC_SERVER[0]: SCHED: done running transformations
[13:55:08.126127] [WARNING] [pdc_tf_server.c:393] PDC_SERVER[15]: SCHED: setting CUDA device to 0 for edge 0 func=zfp_compress
[13:55:08.126156] [WARNING] [pdc_tf_server.c:401] PDC_SERVER[15]: SCHED: executing edge 0 func=zfp_compress dev=GPU
[13:55:08.130002] [WARNING] [pdc_tf_server.c:393] PDC_SERVER[6]: SCHED: setting CUDA device to 0 for edge 0 func=zfp_compress
[13:55:08.130031] [WARNING] [pdc_tf_server.c:401] PDC_SERVER[6]: SCHED: executing edge 0 func=zfp_compress dev=GPU
[13:55:08.133566] [WARNING] [pdc_tf_server.c:393] PDC_SERVER[5]: SCHED: setting CUDA device to 0 for edge 0 func=zfp_compress
[13:55:08.133593] [WARNING] [pdc_tf_server.c:401] PDC_SERVER[5]: SCHED: executing edge 0 func=zfp_compress dev=GPU
[13:55:08.139734] [WARNING] [pdc_tf_server.c:393] PDC_SERVER[4]: SCHED: setting CUDA device to 0 for edge 0 func=zfp_compress
[13:55:08.139753] [WARNING] [pdc_tf_server.c:401] PDC_SERVER[4]: SCHED: executing edge 0 func=zfp_compress dev=GPU
[13:55:08.140140] [WARNING] [pdc_tf_server.c:475] PDC_SERVER[6]: SCHED: done running transformations
[13:55:08.146683] [WARNING] [pdc_tf_server.c:475] PDC_SERVER[5]: SCHED: done running transformations
[13:55:08.148748] [WARNING] [pdc_tf_server.c:475] PDC_SERVER[12]: SCHED: done running transformations
[13:55:08.148789] [WARNING] [pdc_tf_server.c:475] PDC_SERVER[15]: SCHED: done running transformations
[13:55:08.152025] [WARNING] [pdc_tf_server.c:475] PDC_SERVER[4]: SCHED: done running transformations
[13:55:08.155533] [WARNING] [pdc_tf_server.c:393] PDC_SERVER[1]: SCHED: setting CUDA device to 0 for edge 0 func=zfp_compress
[13:55:08.155583] [WARNING] [pdc_tf_server.c:401] PDC_SERVER[1]: SCHED: executing edge 0 func=zfp_compress dev=GPU
[13:55:08.162598] [WARNING] [pdc_tf_server.c:393] PDC_SERVER[9]: SCHED: setting CUDA device to 0 for edge 0 func=zfp_compress
[13:55:08.162655] [WARNING] [pdc_tf_server.c:401] PDC_SERVER[9]: SCHED: executing edge 0 func=zfp_compress dev=GPU
[13:55:08.163171] [WARNING] [pdc_server_region_cache.c:834] PDC_SERVER[0]: Flushed region via POSIX I/O in 0.301854 s
[13:55:08.163191] [WARNING] [pdc_server_region_cache.c:850] PDC_SERVER[0]: [2026-10-07 13:55:08.163187] Flushed 16.00 / 16.00 MB to storage
[INFO] PDC_SERVER[0]: Region flush iteration took 0.301900 s
[INFO] PDC_SERVER[0]: Starting flush for obj_id 14000000000, ndim=3
[13:55:08.164767] [WARNING] [pdc_server_region_cache.c:823] PDC_SERVER[0]: Region mapping lookup took 0.000001 s
[13:55:08.164771] [WARNING] [pdc_server_region_cache.c:828] PDC_SERVER[0]: No region mapping found for obj_id 14000000000
[13:55:08.166111] [WARNING] [pdc_tf_server.c:475] PDC_SERVER[1]: SCHED: done running transformations
[13:55:08.168903] [WARNING] [pdc_tf_server.c:393] PDC_SERVER[10]: SCHED: setting CUDA device to 0 for edge 0 func=zfp_compress
[13:55:08.168957] [WARNING] [pdc_tf_server.c:401] PDC_SERVER[10]: SCHED: executing edge 0 func=zfp_compress dev=GPU
[13:55:08.173350] [WARNING] [pdc_tf_server.c:475] PDC_SERVER[9]: SCHED: done running transformations
[13:55:08.178934] [WARNING] [pdc_tf_server.c:475] PDC_SERVER[10]: SCHED: done running transformations
[13:55:08.181474] [WARNING] [pdc_tf_server.c:393] PDC_SERVER[2]: SCHED: setting CUDA device to 0 for edge 0 func=zfp_compress
[13:55:08.181504] [WARNING] [pdc_tf_server.c:401] PDC_SERVER[2]: SCHED: executing edge 0 func=zfp_compress dev=GPU
[13:55:08.187563] [WARNING] [pdc_tf_server.c:393] PDC_SERVER[3]: SCHED: setting CUDA device to 0 for edge 0 func=zfp_compress
[13:55:08.187584] [WARNING] [pdc_tf_server.c:401] PDC_SERVER[3]: SCHED: executing edge 0 func=zfp_compress dev=GPU
[13:55:08.194620] [WARNING] [pdc_tf_server.c:475] PDC_SERVER[2]: SCHED: done running transformations
[13:55:08.198860] [WARNING] [pdc_tf_server.c:475] PDC_SERVER[3]: SCHED: done running transformations
[13:55:08.310382] [WARNING] [pdc_tf_server.c:393] PDC_SERVER[11]: SCHED: setting CUDA device to 0 for edge 0 func=zfp_compress
[13:55:08.310415] [WARNING] [pdc_tf_server.c:401] PDC_SERVER[11]: SCHED: executing edge 0 func=zfp_compress dev=GPU
[13:55:08.319797] [WARNING] [pdc_tf_server.c:475] PDC_SERVER[11]: SCHED: done running transformations
[13:55:08.368930] [WARNING] [pdc_tf_server.c:393] PDC_SERVER[13]: SCHED: setting CUDA device to 0 for edge 0 func=zfp_compress
[13:55:08.368958] [WARNING] [pdc_tf_server.c:401] PDC_SERVER[13]: SCHED: executing edge 0 func=zfp_compress dev=GPU
[13:55:08.377089] [WARNING] [pdc_tf_server.c:393] PDC_SERVER[14]: SCHED: setting CUDA device to 0 for edge 0 func=zfp_compress
[13:55:08.377121] [WARNING] [pdc_tf_server.c:401] PDC_SERVER[14]: SCHED: executing edge 0 func=zfp_compress dev=GPU
[13:55:08.377889] [WARNING] [pdc_tf_server.c:475] PDC_SERVER[13]: SCHED: done running transformations
[13:55:08.387693] [WARNING] [pdc_tf_server.c:475] PDC_SERVER[14]: SCHED: done running transformations
[13:55:08.403338] [WARNING] [pdc_tf_server.c:393] PDC_SERVER[7]: SCHED: setting CUDA device to 0 for edge 0 func=zfp_compress
[13:55:08.403394] [WARNING] [pdc_tf_server.c:401] PDC_SERVER[7]: SCHED: executing edge 0 func=zfp_compress dev=GPU
[13:55:08.409580] [WARNING] [pdc_tf_server.c:393] PDC_SERVER[8]: SCHED: setting CUDA device to 0 for edge 0 func=zfp_compress
[13:55:08.409607] [WARNING] [pdc_tf_server.c:401] PDC_SERVER[8]: SCHED: executing edge 0 func=zfp_compress dev=GPU
[INFO] PDC_SERVER[0]: Executing graph with json filepath /pscratch/sd/n/nlewi26/src/work_space/source/pdc/tf_client/graphs/zfp_gpu.json
[13:55:08.422729] [WARNING] [pdc_tf_server.c:393] PDC_SERVER[0]: SCHED: setting CUDA device to 0 for edge 0 func=zfp_compress
[13:55:08.422744] [WARNING] [pdc_tf_server.c:401] PDC_SERVER[0]: SCHED: executing edge 0 func=zfp_compress dev=GPU
[13:55:08.426689] [WARNING] [pdc_tf_server.c:475] PDC_SERVER[7]: SCHED: done running transformations
[13:55:08.427054] [WARNING] [pdc_tf_server.c:475] PDC_SERVER[8]: SCHED: done running transformations
[13:55:08.431293] [WARNING] [pdc_tf_server.c:393] PDC_SERVER[6]: SCHED: setting CUDA device to 0 for edge 0 func=zfp_compress
[13:55:08.431321] [WARNING] [pdc_tf_server.c:401] PDC_SERVER[6]: SCHED: executing edge 0 func=zfp_compress dev=GPU
[13:55:08.438131] [WARNING] [pdc_tf_server.c:393] PDC_SERVER[15]: SCHED: setting CUDA device to 0 for edge 0 func=zfp_compress
[13:55:08.438189] [WARNING] [pdc_tf_server.c:401] PDC_SERVER[15]: SCHED: executing edge 0 func=zfp_compress dev=GPU
[13:55:08.440479] [WARNING] [pdc_tf_server.c:475] PDC_SERVER[0]: SCHED: done running transformations
[13:55:08.447133] [WARNING] [pdc_tf_server.c:475] PDC_SERVER[15]: SCHED: done running transformations
[13:55:08.447497] [WARNING] [pdc_tf_server.c:393] PDC_SERVER[5]: SCHED: setting CUDA device to 0 for edge 0 func=zfp_compress
[13:55:08.447552] [WARNING] [pdc_tf_server.c:401] PDC_SERVER[5]: SCHED: executing edge 0 func=zfp_compress dev=GPU
[13:55:08.449030] [WARNING] [pdc_tf_server.c:475] PDC_SERVER[6]: SCHED: done running transformations
[13:55:08.449577] [WARNING] [pdc_tf_server.c:393] PDC_SERVER[4]: SCHED: setting CUDA device to 0 for edge 0 func=zfp_compress
[13:55:08.449593] [WARNING] [pdc_tf_server.c:401] PDC_SERVER[4]: SCHED: executing edge 0 func=zfp_compress dev=GPU
[13:55:08.472781] [WARNING] [pdc_tf_server.c:393] PDC_SERVER[1]: SCHED: setting CUDA device to 0 for edge 0 func=zfp_compress
[13:55:08.472838] [WARNING] [pdc_tf_server.c:401] PDC_SERVER[1]: SCHED: executing edge 0 func=zfp_compress dev=GPU
[13:55:08.473150] [WARNING] [pdc_tf_server.c:393] PDC_SERVER[10]: SCHED: setting CUDA device to 0 for edge 0 func=zfp_compress
[13:55:08.473178] [WARNING] [pdc_tf_server.c:401] PDC_SERVER[10]: SCHED: executing edge 0 func=zfp_compress dev=GPU
[13:55:08.475484] [WARNING] [pdc_server_region_cache.c:834] PDC_SERVER[0]: Flushed region via POSIX I/O in 0.310703 s
[13:55:08.475500] [WARNING] [pdc_server_region_cache.c:850] PDC_SERVER[0]: [2026-10-07 13:55:08.475497] Flushed 16.00 / 16.00 MB to storage
[INFO] PDC_SERVER[0]: Region flush iteration took 0.310740 s
[INFO] PDC_SERVER[0]: Starting flush for obj_id 14000000000, ndim=3
[13:55:08.477075] [WARNING] [pdc_server_region_cache.c:823] PDC_SERVER[0]: Region mapping lookup took 0.000001 s
[13:55:08.477081] [WARNING] [pdc_server_region_cache.c:828] PDC_SERVER[0]: No region mapping found for obj_id 14000000000
[13:55:08.478572] [WARNING] [pdc_tf_server.c:475] PDC_SERVER[5]: SCHED: done running transformations
[13:55:08.478548] [WARNING] [pdc_tf_server.c:393] PDC_SERVER[9]: SCHED: setting CUDA device to 0 for edge 0 func=zfp_compress
[13:55:08.478605] [WARNING] [pdc_tf_server.c:401] PDC_SERVER[9]: SCHED: executing edge 0 func=zfp_compress dev=GPU
[13:55:08.480054] [WARNING] [pdc_tf_server.c:475] PDC_SERVER[4]: SCHED: done running transformations
[13:55:08.490842] [WARNING] [pdc_tf_server.c:393] PDC_SERVER[12]: SCHED: setting CUDA device to 0 for edge 0 func=zfp_compress
[13:55:08.490881] [WARNING] [pdc_tf_server.c:401] PDC_SERVER[12]: SCHED: executing edge 0 func=zfp_compress dev=GPU
[13:55:08.491014] [WARNING] [pdc_tf_server.c:475] PDC_SERVER[1]: SCHED: done running transformations
[13:55:08.493995] [WARNING] [pdc_tf_server.c:393] PDC_SERVER[2]: SCHED: setting CUDA device to 0 for edge 0 func=zfp_compress
[13:55:08.494027] [WARNING] [pdc_tf_server.c:401] PDC_SERVER[2]: SCHED: executing edge 0 func=zfp_compress dev=GPU
[13:55:08.494200] [WARNING] [pdc_tf_server.c:475] PDC_SERVER[10]: SCHED: done running transformations
[13:55:08.495448] [WARNING] [pdc_tf_server.c:393] PDC_SERVER[3]: SCHED: setting CUDA device to 0 for edge 0 func=zfp_compress
[13:55:08.495492] [WARNING] [pdc_tf_server.c:401] PDC_SERVER[3]: SCHED: executing edge 0 func=zfp_compress dev=GPU
[13:55:08.500353] [WARNING] [pdc_tf_server.c:475] PDC_SERVER[9]: SCHED: done running transformations
[13:55:08.500924] [WARNING] [pdc_tf_server.c:475] PDC_SERVER[12]: SCHED: done running transformations
[13:55:08.516646] [WARNING] [pdc_tf_server.c:475] PDC_SERVER[3]: SCHED: done running transformations
[13:55:08.527730] [WARNING] [pdc_tf_server.c:475] PDC_SERVER[2]: SCHED: done running transformations
[13:55:08.608724] [WARNING] [pdc_tf_server.c:393] PDC_SERVER[11]: SCHED: setting CUDA device to 0 for edge 0 func=zfp_compress
[13:55:08.608756] [WARNING] [pdc_tf_server.c:401] PDC_SERVER[11]: SCHED: executing edge 0 func=zfp_compress dev=GPU
[13:55:08.617858] [WARNING] [pdc_tf_server.c:475] PDC_SERVER[11]: SCHED: done running transformations
[13:55:08.675329] [WARNING] [pdc_tf_server.c:393] PDC_SERVER[13]: SCHED: setting CUDA device to 0 for edge 0 func=zfp_compress
[13:55:08.675361] [WARNING] [pdc_tf_server.c:401] PDC_SERVER[13]: SCHED: executing edge 0 func=zfp_compress dev=GPU
[13:55:08.678570] [WARNING] [pdc_tf_server.c:393] PDC_SERVER[14]: SCHED: setting CUDA device to 0 for edge 0 func=zfp_compress
[13:55:08.678625] [WARNING] [pdc_tf_server.c:401] PDC_SERVER[14]: SCHED: executing edge 0 func=zfp_compress dev=GPU
[13:55:08.684431] [WARNING] [pdc_tf_server.c:475] PDC_SERVER[13]: SCHED: done running transformations
[13:55:08.687879] [WARNING] [pdc_tf_server.c:475] PDC_SERVER[14]: SCHED: done running transformations
[13:55:08.715909] [WARNING] [pdc_tf_server.c:393] PDC_SERVER[7]: SCHED: setting CUDA device to 0 for edge 0 func=zfp_compress
[13:55:08.715938] [WARNING] [pdc_tf_server.c:401] PDC_SERVER[7]: SCHED: executing edge 0 func=zfp_compress dev=GPU
[13:55:08.717050] [WARNING] [pdc_tf_server.c:393] PDC_SERVER[8]: SCHED: setting CUDA device to 0 for edge 0 func=zfp_compress
[13:55:08.717110] [WARNING] [pdc_tf_server.c:401] PDC_SERVER[8]: SCHED: executing edge 0 func=zfp_compress dev=GPU
[13:55:08.725784] [WARNING] [pdc_tf_server.c:475] PDC_SERVER[7]: SCHED: done running transformations
[INFO] PDC_SERVER[0]: Executing graph with json filepath /pscratch/sd/n/nlewi26/src/work_space/source/pdc/tf_client/graphs/zfp_gpu.json
[13:55:08.726963] [WARNING] [pdc_tf_server.c:393] PDC_SERVER[0]: SCHED: setting CUDA device to 0 for edge 0 func=zfp_compress
[13:55:08.726994] [WARNING] [pdc_tf_server.c:401] PDC_SERVER[0]: SCHED: executing edge 0 func=zfp_compress dev=GPU
[13:55:08.727335] [WARNING] [pdc_tf_server.c:475] PDC_SERVER[8]: SCHED: done running transformations
[13:55:08.732403] [WARNING] [pdc_tf_server.c:393] PDC_SERVER[15]: SCHED: setting CUDA device to 0 for edge 0 func=zfp_compress
[13:55:08.732433] [WARNING] [pdc_tf_server.c:401] PDC_SERVER[15]: SCHED: executing edge 0 func=zfp_compress dev=GPU
[13:55:08.736364] [WARNING] [pdc_tf_server.c:475] PDC_SERVER[0]: SCHED: done running transformations
[13:55:08.738626] [WARNING] [pdc_tf_server.c:393] PDC_SERVER[6]: SCHED: setting CUDA device to 0 for edge 0 func=zfp_compress
[13:55:08.738654] [WARNING] [pdc_tf_server.c:401] PDC_SERVER[6]: SCHED: executing edge 0 func=zfp_compress dev=GPU
[13:55:08.741251] [WARNING] [pdc_tf_server.c:475] PDC_SERVER[15]: SCHED: done running transformations
[13:55:08.747694] [WARNING] [pdc_tf_server.c:475] PDC_SERVER[6]: SCHED: done running transformations
[13:55:08.771098] [WARNING] [pdc_server_region_cache.c:834] PDC_SERVER[0]: Flushed region via POSIX I/O in 0.294007 s
[13:55:08.771116] [WARNING] [pdc_server_region_cache.c:850] PDC_SERVER[0]: [2026-10-07 13:55:08.771112] Flushed 16.00 / 16.00 MB to storage
[INFO] PDC_SERVER[0]: Region flush iteration took 0.294050 s
[13:55:08.775979] [WARNING] [pdc_tf_server.c:393] PDC_SERVER[1]: SCHED: setting CUDA device to 0 for edge 0 func=zfp_compress
[13:55:08.776007] [WARNING] [pdc_tf_server.c:401] PDC_SERVER[1]: SCHED: executing edge 0 func=zfp_compress dev=GPU
[13:55:08.778885] [WARNING] [pdc_tf_server.c:393] PDC_SERVER[5]: SCHED: setting CUDA device to 0 for edge 0 func=zfp_compress
[13:55:08.778914] [WARNING] [pdc_tf_server.c:401] PDC_SERVER[5]: SCHED: executing edge 0 func=zfp_compress dev=GPU
[13:55:08.779862] [WARNING] [pdc_tf_server.c:393] PDC_SERVER[4]: SCHED: setting CUDA device to 0 for edge 0 func=zfp_compress
[13:55:08.779916] [WARNING] [pdc_tf_server.c:401] PDC_SERVER[4]: SCHED: executing edge 0 func=zfp_compress dev=GPU
[13:55:08.784769] [WARNING] [pdc_tf_server.c:475] PDC_SERVER[1]: SCHED: done running transformations
[13:55:08.789564] [WARNING] [pdc_tf_server.c:393] PDC_SERVER[9]: SCHED: setting CUDA device to 0 for edge 0 func=zfp_compress
[13:55:08.789592] [WARNING] [pdc_tf_server.c:401] PDC_SERVER[9]: SCHED: executing edge 0 func=zfp_compress dev=GPU
[13:55:08.793351] [WARNING] [pdc_tf_server.c:393] PDC_SERVER[12]: SCHED: setting CUDA device to 0 for edge 0 func=zfp_compress
[13:55:08.793378] [WARNING] [pdc_tf_server.c:401] PDC_SERVER[12]: SCHED: executing edge 0 func=zfp_compress dev=GPU
[13:55:08.794902] [WARNING] [pdc_tf_server.c:475] PDC_SERVER[5]: SCHED: done running transformations
[13:55:08.796384] [WARNING] [pdc_tf_server.c:475] PDC_SERVER[4]: SCHED: done running transformations
[13:55:08.798424] [WARNING] [pdc_tf_server.c:475] PDC_SERVER[9]: SCHED: done running transformations
[13:55:08.802719] [WARNING] [pdc_tf_server.c:475] PDC_SERVER[12]: SCHED: done running transformations
[13:55:08.802783] [WARNING] [pdc_tf_server.c:393] PDC_SERVER[10]: SCHED: setting CUDA device to 0 for edge 0 func=zfp_compress
[13:55:08.802813] [WARNING] [pdc_tf_server.c:401] PDC_SERVER[10]: SCHED: executing edge 0 func=zfp_compress dev=GPU
[13:55:08.809289] [WARNING] [pdc_tf_server.c:393] PDC_SERVER[3]: SCHED: setting CUDA device to 0 for edge 0 func=zfp_compress
[13:55:08.809320] [WARNING] [pdc_tf_server.c:401] PDC_SERVER[3]: SCHED: executing edge 0 func=zfp_compress dev=GPU
[13:55:08.813569] [WARNING] [pdc_tf_server.c:475] PDC_SERVER[10]: SCHED: done running transformations
[13:55:08.820450] [WARNING] [pdc_tf_server.c:475] PDC_SERVER[3]: SCHED: done running transformations
[13:55:08.830114] [WARNING] [pdc_tf_server.c:393] PDC_SERVER[2]: SCHED: setting CUDA device to 0 for edge 0 func=zfp_compress
[13:55:08.830138] [WARNING] [pdc_tf_server.c:401] PDC_SERVER[2]: SCHED: executing edge 0 func=zfp_compress dev=GPU
[13:55:08.839905] [WARNING] [pdc_tf_server.c:475] PDC_SERVER[2]: SCHED: done running transformations
[13:55:08.903387] [WARNING] [pdc_tf_server.c:393] PDC_SERVER[11]: SCHED: setting CUDA device to 0 for edge 0 func=zfp_compress
[13:55:08.903416] [WARNING] [pdc_tf_server.c:401] PDC_SERVER[11]: SCHED: executing edge 0 func=zfp_compress dev=GPU
[13:55:08.919130] [WARNING] [pdc_tf_server.c:475] PDC_SERVER[11]: SCHED: done running transformations
[INFO] PDC_SERVER[6]: Fetching region for obj_id=1000000001
[INFO] PDC_SERVER[6]: Checking against Object 10000000000
[INFO] PDC_SERVER[6]: Checking against Object 11000000000
[INFO] PDC_SERVER[6]: Checking against Object 12000000000
[INFO] PDC_SERVER[6]: Checking against Object 11000000001
[INFO] PDC_SERVER[6]: Checking against Object 12000000001
[INFO] PDC_SERVER[6]: Checking against Object 13000000000
[INFO] PDC_SERVER[6]: Checking against Object 12000000002
[INFO] PDC_SERVER[6]: Checking against Object 13000000001
[INFO] PDC_SERVER[6]: Checking against Object 14000000000
[INFO] PDC_SERVER[6]: Object 1000000001 NOT found in cache
[INFO] PDC_SERVER[6]: Fetching region from server for obj_id=1000000001
[INFO] PDC_SERVER[8]: Fetching region for obj_id=1000000001
[INFO] PDC_SERVER[8]: Checking against Object 10000000000
[INFO] PDC_SERVER[8]: Checking against Object 11000000000
[INFO] PDC_SERVER[8]: Checking against Object 12000000000
[INFO] PDC_SERVER[8]: Checking against Object 11000000001
[INFO] PDC_SERVER[8]: Checking against Object 12000000001
[INFO] PDC_SERVER[8]: Checking against Object 13000000000
[INFO] PDC_SERVER[8]: Checking against Object 12000000002
[INFO] PDC_SERVER[8]: Checking against Object 13000000001
[INFO] PDC_SERVER[8]: Checking against Object 14000000000
[INFO] PDC_SERVER[8]: Object 1000000001 NOT found in cache
[INFO] PDC_SERVER[8]: Fetching region from server for obj_id=1000000001
[INFO] PDC_SERVER[12]: Fetching region for obj_id=1000000001
[INFO] PDC_SERVER[12]: Checking against Object 10000000000
[INFO] PDC_SERVER[12]: Checking against Object 11000000000
[INFO] PDC_SERVER[12]: Checking against Object 12000000000
[INFO] PDC_SERVER[12]: Checking against Object 11000000001
[INFO] PDC_SERVER[12]: Checking against Object 12000000001
[INFO] PDC_SERVER[12]: Checking against Object 13000000000
[INFO] PDC_SERVER[12]: Checking against Object 12000000002
[INFO] PDC_SERVER[12]: Checking against Object 13000000001
[INFO] PDC_SERVER[12]: Checking against Object 14000000000
[INFO] PDC_SERVER[12]: Object 1000000001 NOT found in cache
[INFO] PDC_SERVER[12]: Fetching region from server for obj_id=1000000001
[INFO] PDC_SERVER[1]: Fetching region for obj_id=1000000001
[INFO] PDC_SERVER[1]: Checking against Object 10000000000
[INFO] PDC_SERVER[1]: Checking against Object 11000000000
[INFO] PDC_SERVER[1]: Checking against Object 12000000000
[INFO] PDC_SERVER[1]: Checking against Object 11000000001
[INFO] PDC_SERVER[1]: Checking against Object 12000000001
[INFO] PDC_SERVER[1]: Checking against Object 13000000000
[INFO] PDC_SERVER[1]: Checking against Object 12000000002
[INFO] PDC_SERVER[1]: Checking against Object 13000000001
[INFO] PDC_SERVER[1]: Checking against Object 14000000000
[INFO] PDC_SERVER[1]: Object 1000000001 NOT found in cache
[INFO] PDC_SERVER[1]: Fetching region from server for obj_id=1000000001
[INFO] PDC_SERVER[11]: Fetching region for obj_id=1000000001
[INFO] PDC_SERVER[11]: Checking against Object 10000000000
[INFO] PDC_SERVER[11]: Checking against Object 11000000000
[INFO] PDC_SERVER[11]: Checking against Object 12000000000
[INFO] PDC_SERVER[11]: Checking against Object 11000000001
[INFO] PDC_SERVER[11]: Checking against Object 12000000001
[INFO] PDC_SERVER[11]: Checking against Object 13000000000
[INFO] PDC_SERVER[3]: Fetching region for obj_id=1000000001
[INFO] PDC_SERVER[15]: Fetching region for obj_id=1000000001
[INFO] PDC_SERVER[15]: Checking against Object 10000000000
[INFO] PDC_SERVER[15]: Checking against Object 11000000000
[INFO] PDC_SERVER[15]: Checking against Object 12000000000
[INFO] PDC_SERVER[15]: Checking against Object 11000000001
[INFO] PDC_SERVER[15]: Checking against Object 12000000001
[INFO] PDC_SERVER[15]: Checking against Object 13000000000
[INFO] PDC_SERVER[15]: Checking against Object 12000000002
[INFO] PDC_SERVER[15]: Checking against Object 13000000001
[INFO] PDC_SERVER[15]: Checking against Object 14000000000
[INFO] PDC_SERVER[15]: Object 1000000001 NOT found in cache
[INFO] PDC_SERVER[15]: Fetching region from server for obj_id=1000000001
[INFO] PDC_SERVER[11]: Checking against Object 12000000002
[INFO] PDC_SERVER[11]: Checking against Object 13000000001
[INFO] PDC_SERVER[11]: Checking against Object 14000000000
[INFO] PDC_SERVER[11]: Object 1000000001 NOT found in cache
[INFO] PDC_SERVER[11]: Fetching region from server for obj_id=1000000001
[INFO] PDC_SERVER[3]: Checking against Object 10000000000
[INFO] PDC_SERVER[14]: Fetching region for obj_id=1000000001
[INFO] PDC_SERVER[14]: Checking against Object 10000000000
[INFO] PDC_SERVER[14]: Checking against Object 11000000000
[INFO] PDC_SERVER[14]: Checking against Object 12000000000
[INFO] PDC_SERVER[14]: Checking against Object 11000000001
[INFO] PDC_SERVER[14]: Checking against Object 12000000001
[INFO] PDC_SERVER[14]: Checking against Object 13000000000
[INFO] PDC_SERVER[14]: Checking against Object 12000000002
[INFO] PDC_SERVER[10]: Fetching region for obj_id=1000000001
[INFO] PDC_SERVER[10]: Checking against Object 10000000000
[INFO] PDC_SERVER[10]: Checking against Object 11000000000
[INFO] PDC_SERVER[10]: Checking against Object 12000000000
[INFO] PDC_SERVER[3]: Checking against Object 11000000000
[INFO] PDC_SERVER[3]: Checking against Object 12000000000
[INFO] PDC_SERVER[3]: Checking against Object 11000000001
[INFO] PDC_SERVER[3]: Checking against Object 12000000001
[INFO] PDC_SERVER[3]: Checking against Object 13000000000
[INFO] PDC_SERVER[3]: Checking against Object 12000000002
[INFO] PDC_SERVER[14]: Checking against Object 13000000001
[INFO] PDC_SERVER[14]: Checking against Object 14000000000
[INFO] PDC_SERVER[14]: Object 1000000001 NOT found in cache
[INFO] PDC_SERVER[14]: Fetching region from server for obj_id=1000000001
[INFO] PDC_SERVER[10]: Checking against Object 11000000001
[INFO] PDC_SERVER[10]: Checking against Object 12000000001
[INFO] PDC_SERVER[10]: Checking against Object 13000000000
[INFO] PDC_SERVER[10]: Checking against Object 12000000002
[INFO] PDC_SERVER[3]: Checking against Object 13000000001
[INFO] PDC_SERVER[3]: Checking against Object 14000000000
[INFO] PDC_SERVER[3]: Object 1000000001 NOT found in cache
[INFO] PDC_SERVER[3]: Fetching region from server for obj_id=1000000001
[INFO] PDC_SERVER[10]: Checking against Object 13000000001
[INFO] PDC_SERVER[10]: Checking against Object 14000000000
[INFO] PDC_SERVER[10]: Object 1000000001 NOT found in cache
[INFO] PDC_SERVER[10]: Fetching region from server for obj_id=1000000001
[INFO] PDC_SERVER[2]: Fetching region for obj_id=1000000001
[INFO] PDC_SERVER[2]: Checking against Object 10000000000
[INFO] PDC_SERVER[2]: Checking against Object 11000000000
[INFO] PDC_SERVER[2]: Checking against Object 12000000000
[INFO] PDC_SERVER[2]: Checking against Object 11000000001
[INFO] PDC_SERVER[2]: Checking against Object 12000000001
[INFO] PDC_SERVER[2]: Checking against Object 13000000000
[INFO] PDC_SERVER[2]: Checking against Object 12000000002
[INFO] PDC_SERVER[2]: Checking against Object 13000000001
[INFO] PDC_SERVER[2]: Checking against Object 14000000000
[INFO] PDC_SERVER[2]: Object 1000000001 NOT found in cache
[INFO] PDC_SERVER[2]: Fetching region from server for obj_id=1000000001
[INFO] PDC_SERVER[9]: Fetching region for obj_id=1000000001
[INFO] PDC_SERVER[0]: Fetching region for obj_id=1000000001
[INFO] PDC_SERVER[0]: Checking against Object 10000000000
[INFO] PDC_SERVER[0]: Checking against Object 11000000000
[INFO] PDC_SERVER[0]: Checking against Object 12000000000
[INFO] PDC_SERVER[0]: Checking against Object 11000000001
[INFO] PDC_SERVER[0]: Checking against Object 12000000001
[INFO] PDC_SERVER[9]: Checking against Object 10000000000
[INFO] PDC_SERVER[9]: Checking against Object 11000000000
[INFO] PDC_SERVER[9]: Checking against Object 12000000000
[INFO] PDC_SERVER[0]: Checking against Object 13000000000
[INFO] PDC_SERVER[0]: Checking against Object 12000000002
[INFO] PDC_SERVER[0]: Checking against Object 13000000001
[INFO] PDC_SERVER[0]: Checking against Object 14000000000
[INFO] PDC_SERVER[0]: Object 1000000001 NOT found in cache
[INFO] PDC_SERVER[0]: Fetching region from server for obj_id=1000000001
[INFO] PDC_SERVER[7]: Fetching region for obj_id=1000000001
[INFO] PDC_SERVER[7]: Checking against Object 10000000000
[INFO] PDC_SERVER[7]: Checking against Object 11000000000
[INFO] PDC_SERVER[7]: Checking against Object 12000000000
[INFO] PDC_SERVER[7]: Checking against Object 11000000001
[INFO] PDC_SERVER[7]: Checking against Object 12000000001
[INFO] PDC_SERVER[7]: Checking against Object 13000000000
[INFO] PDC_SERVER[7]: Checking against Object 12000000002
[INFO] PDC_SERVER[7]: Checking against Object 13000000001
[INFO] PDC_SERVER[7]: Checking against Object 14000000000
[INFO] PDC_SERVER[7]: Object 1000000001 NOT found in cache
[INFO] PDC_SERVER[7]: Fetching region from server for obj_id=1000000001
[INFO] PDC_SERVER[9]: Checking against Object 11000000001
[INFO] PDC_SERVER[9]: Checking against Object 12000000001
[INFO] PDC_SERVER[5]: Fetching region for obj_id=1000000001
[INFO] PDC_SERVER[9]: Checking against Object 13000000000
[INFO] PDC_SERVER[9]: Checking against Object 12000000002
[INFO] PDC_SERVER[9]: Checking against Object 13000000001
[INFO] PDC_SERVER[9]: Checking against Object 14000000000
[INFO] PDC_SERVER[5]: Checking against Object 10000000000
[INFO] PDC_SERVER[5]: Checking against Object 11000000000
[INFO] PDC_SERVER[5]: Checking against Object 12000000000
[INFO] PDC_SERVER[5]: Checking against Object 11000000001
[INFO] PDC_SERVER[9]: Object 1000000001 NOT found in cache
[INFO] PDC_SERVER[9]: Fetching region from server for obj_id=1000000001
[INFO] PDC_SERVER[5]: Checking against Object 12000000001
[INFO] PDC_SERVER[5]: Checking against Object 13000000000
[INFO] PDC_SERVER[5]: Checking against Object 12000000002
[INFO] PDC_SERVER[5]: Checking against Object 13000000001
[INFO] PDC_SERVER[5]: Checking against Object 14000000000
[INFO] PDC_SERVER[5]: Object 1000000001 NOT found in cache
[INFO] PDC_SERVER[5]: Fetching region from server for obj_id=1000000001
[INFO] PDC_SERVER[13]: Fetching region for obj_id=1000000001
[INFO] PDC_SERVER[13]: Checking against Object 10000000000
[INFO] PDC_SERVER[13]: Checking against Object 11000000000
[INFO] PDC_SERVER[13]: Checking against Object 12000000000
[INFO] PDC_SERVER[13]: Checking against Object 11000000001
[INFO] PDC_SERVER[13]: Checking against Object 12000000001
[INFO] PDC_SERVER[13]: Checking against Object 13000000000
[INFO] PDC_SERVER[13]: Checking against Object 12000000002
[INFO] PDC_SERVER[13]: Checking against Object 13000000001
[INFO] PDC_SERVER[13]: Checking against Object 14000000000
[INFO] PDC_SERVER[13]: Object 1000000001 NOT found in cache
[INFO] PDC_SERVER[13]: Fetching region from server for obj_id=1000000001
[INFO] PDC_SERVER[4]: Fetching region for obj_id=1000000001
[INFO] PDC_SERVER[4]: Checking against Object 10000000000
[INFO] PDC_SERVER[4]: Checking against Object 11000000000
[INFO] PDC_SERVER[4]: Checking against Object 12000000000
[INFO] PDC_SERVER[4]: Checking against Object 11000000001
[INFO] PDC_SERVER[4]: Checking against Object 12000000001
[INFO] PDC_SERVER[4]: Checking against Object 13000000000
[INFO] PDC_SERVER[4]: Checking against Object 12000000002
[INFO] PDC_SERVER[4]: Checking against Object 13000000001
[INFO] PDC_SERVER[4]: Checking against Object 14000000000
[INFO] PDC_SERVER[4]: Object 1000000001 NOT found in cache
[INFO] PDC_SERVER[4]: Fetching region from server for obj_id=1000000001
[13:55:08.980359] [WARNING] [pdc_tf_server.c:393] PDC_SERVER[8]: SCHED: setting CUDA device to 0 for edge 0 func=zfp_decompress
[13:55:08.980381] [WARNING] [pdc_tf_server.c:401] PDC_SERVER[8]: SCHED: executing edge 0 func=zfp_decompress dev=GPU
[INFO] PDC_SERVER[0]: Executing graph with json filepath /pscratch/sd/n/nlewi26/src/work_space/source/pdc/tf_client/graphs/zfp_gpu.json
[13:55:08.980808] [WARNING] [pdc_tf_server.c:393] PDC_SERVER[0]: SCHED: setting CUDA device to 0 for edge 0 func=zfp_decompress
[13:55:08.980821] [WARNING] [pdc_tf_server.c:401] PDC_SERVER[0]: SCHED: executing edge 0 func=zfp_decompress dev=GPU
[13:55:08.981403] [WARNING] [pdc_tf_server.c:393] PDC_SERVER[10]: SCHED: setting CUDA device to 0 for edge 0 func=zfp_decompress
[13:55:08.981421] [WARNING] [pdc_tf_server.c:401] PDC_SERVER[10]: SCHED: executing edge 0 func=zfp_decompress dev=GPU
[13:55:08.981654] [WARNING] [pdc_tf_server.c:393] PDC_SERVER[13]: SCHED: setting CUDA device to 0 for edge 0 func=zfp_decompress
[13:55:08.981700] [WARNING] [pdc_tf_server.c:401] PDC_SERVER[13]: SCHED: executing edge 0 func=zfp_decompress dev=GPU
[13:55:08.981955] [WARNING] [pdc_tf_server.c:393] PDC_SERVER[9]: SCHED: setting CUDA device to 0 for edge 0 func=zfp_decompress
[13:55:08.982029] [WARNING] [pdc_tf_server.c:401] PDC_SERVER[9]: SCHED: executing edge 0 func=zfp_decompress dev=GPU
[13:55:08.982071] [WARNING] [pdc_tf_server.c:393] PDC_SERVER[7]: SCHED: setting CUDA device to 0 for edge 0 func=zfp_decompress
[13:55:08.982121] [WARNING] [pdc_tf_server.c:401] PDC_SERVER[7]: SCHED: executing edge 0 func=zfp_decompress dev=GPU
[13:55:08.982412] [WARNING] [pdc_tf_server.c:393] PDC_SERVER[15]: SCHED: setting CUDA device to 0 for edge 0 func=zfp_decompress
[13:55:08.982435] [WARNING] [pdc_tf_server.c:401] PDC_SERVER[15]: SCHED: executing edge 0 func=zfp_decompress dev=GPU
[13:55:08.982482] [WARNING] [pdc_tf_server.c:393] PDC_SERVER[5]: SCHED: setting CUDA device to 0 for edge 0 func=zfp_decompress
[13:55:08.982511] [WARNING] [pdc_tf_server.c:401] PDC_SERVER[5]: SCHED: executing edge 0 func=zfp_decompress dev=GPU
[13:55:08.982770] [WARNING] [pdc_tf_server.c:393] PDC_SERVER[1]: SCHED: setting CUDA device to 0 for edge 0 func=zfp_decompress
[13:55:08.982822] [WARNING] [pdc_tf_server.c:401] PDC_SERVER[1]: SCHED: executing edge 0 func=zfp_decompress dev=GPU
[13:55:08.983293] [WARNING] [pdc_tf_server.c:393] PDC_SERVER[14]: SCHED: setting CUDA device to 0 for edge 0 func=zfp_decompress
[13:55:08.983320] [WARNING] [pdc_tf_server.c:401] PDC_SERVER[14]: SCHED: executing edge 0 func=zfp_decompress dev=GPU
[13:55:08.984183] [WARNING] [pdc_tf_server.c:393] PDC_SERVER[4]: SCHED: setting CUDA device to 0 for edge 0 func=zfp_decompress
[13:55:08.984201] [WARNING] [pdc_tf_server.c:401] PDC_SERVER[4]: SCHED: executing edge 0 func=zfp_decompress dev=GPU
[13:55:08.984466] [WARNING] [pdc_tf_server.c:393] PDC_SERVER[6]: SCHED: setting CUDA device to 0 for edge 0 func=zfp_decompress
[13:55:08.984493] [WARNING] [pdc_tf_server.c:401] PDC_SERVER[6]: SCHED: executing edge 0 func=zfp_decompress dev=GPU
[13:55:08.984997] [WARNING] [pdc_tf_server.c:393] PDC_SERVER[11]: SCHED: setting CUDA device to 0 for edge 0 func=zfp_decompress
[13:55:08.985027] [WARNING] [pdc_tf_server.c:401] PDC_SERVER[11]: SCHED: executing edge 0 func=zfp_decompress dev=GPU
[13:55:08.985322] [WARNING] [pdc_tf_server.c:393] PDC_SERVER[12]: SCHED: setting CUDA device to 0 for edge 0 func=zfp_decompress
[13:55:08.985345] [WARNING] [pdc_tf_server.c:401] PDC_SERVER[12]: SCHED: executing edge 0 func=zfp_decompress dev=GPU
[13:55:08.986001] [WARNING] [pdc_tf_server.c:393] PDC_SERVER[2]: SCHED: setting CUDA device to 0 for edge 0 func=zfp_decompress
[13:55:08.986023] [WARNING] [pdc_tf_server.c:401] PDC_SERVER[2]: SCHED: executing edge 0 func=zfp_decompress dev=GPU
[13:55:08.986189] [WARNING] [pdc_tf_server.c:393] PDC_SERVER[3]: SCHED: setting CUDA device to 0 for edge 0 func=zfp_decompress
[13:55:08.986249] [WARNING] [pdc_tf_server.c:401] PDC_SERVER[3]: SCHED: executing edge 0 func=zfp_decompress dev=GPU
[13:55:08.990248] [WARNING] [pdc_tf_server.c:475] PDC_SERVER[0]: SCHED: done running transformations
[13:55:08.992030] [WARNING] [pdc_tf_server.c:475] PDC_SERVER[13]: SCHED: done running transformations
[13:55:08.992221] [WARNING] [pdc_tf_server.c:475] PDC_SERVER[1]: SCHED: done running transformations
[13:55:08.992784] [WARNING] [pdc_tf_server.c:475] PDC_SERVER[7]: SCHED: done running transformations
[13:55:08.993000] [WARNING] [pdc_tf_server.c:475] PDC_SERVER[8]: SCHED: done running transformations
[13:55:08.993163] [WARNING] [pdc_tf_server.c:475] PDC_SERVER[15]: SCHED: done running transformations
[13:55:08.993857] [WARNING] [pdc_tf_server.c:475] PDC_SERVER[9]: SCHED: done running transformations
[13:55:08.994169] [WARNING] [pdc_tf_server.c:475] PDC_SERVER[10]: SCHED: done running transformations
[13:55:08.994859] [WARNING] [pdc_tf_server.c:475] PDC_SERVER[14]: SCHED: done running transformations
[INFO] PDC_SERVER[0]: Fetching region for obj_id=1000000001
[INFO] PDC_SERVER[0]: Checking against Object 10000000000
[INFO] PDC_SERVER[0]: Checking against Object 11000000000
[INFO] PDC_SERVER[0]: Checking against Object 12000000000
[INFO] PDC_SERVER[0]: Checking against Object 11000000001
[INFO] PDC_SERVER[0]: Checking against Object 12000000001
[INFO] PDC_SERVER[0]: Checking against Object 13000000000
[INFO] PDC_SERVER[0]: Checking against Object 12000000002
[INFO] PDC_SERVER[0]: Checking against Object 13000000001
[INFO] PDC_SERVER[0]: Checking against Object 14000000000
[INFO] PDC_SERVER[0]: Object 1000000001 NOT found in cache
[INFO] PDC_SERVER[0]: Fetching region from server for obj_id=1000000001
[13:55:08.996056] [WARNING] [pdc_tf_server.c:475] PDC_SERVER[12]: SCHED: done running transformations
[13:55:08.996212] [WARNING] [pdc_tf_server.c:475] PDC_SERVER[11]: SCHED: done running transformations
[INFO] PDC_SERVER[13]: Fetching region for obj_id=1000000001
[INFO] PDC_SERVER[13]: Checking against Object 10000000000
[INFO] PDC_SERVER[13]: Checking against Object 11000000000
[INFO] PDC_SERVER[13]: Checking against Object 12000000000
[INFO] PDC_SERVER[13]: Checking against Object 11000000001
[INFO] PDC_SERVER[13]: Checking against Object 12000000001
[INFO] PDC_SERVER[13]: Checking against Object 13000000000
[INFO] PDC_SERVER[13]: Checking against Object 12000000002
[INFO] PDC_SERVER[13]: Checking against Object 13000000001
[INFO] PDC_SERVER[13]: Checking against Object 14000000000
[INFO] PDC_SERVER[13]: Object 1000000001 NOT found in cache
[INFO] PDC_SERVER[13]: Fetching region from server for obj_id=1000000001
[13:55:08.996856] [WARNING] [pdc_tf_server.c:475] PDC_SERVER[5]: SCHED: done running transformations
[13:55:08.997069] [WARNING] [pdc_tf_server.c:475] PDC_SERVER[6]: SCHED: done running transformations
[INFO] PDC_SERVER[1]: Fetching region for obj_id=1000000001
[INFO] PDC_SERVER[1]: Checking against Object 10000000000
[INFO] PDC_SERVER[1]: Checking against Object 11000000000
[INFO] PDC_SERVER[1]: Checking against Object 12000000000
[INFO] PDC_SERVER[1]: Checking against Object 11000000001
[INFO] PDC_SERVER[1]: Checking against Object 12000000001
[INFO] PDC_SERVER[1]: Checking against Object 13000000000
[INFO] PDC_SERVER[1]: Checking against Object 12000000002
[INFO] PDC_SERVER[1]: Checking against Object 13000000001
[INFO] PDC_SERVER[1]: Checking against Object 14000000000
[INFO] PDC_SERVER[1]: Object 1000000001 NOT found in cache
[INFO] PDC_SERVER[1]: Fetching region from server for obj_id=1000000001
[INFO] PDC_SERVER[15]: Fetching region for obj_id=1000000001
[INFO] PDC_SERVER[15]: Checking against Object 10000000000
[INFO] PDC_SERVER[15]: Checking against Object 11000000000
[INFO] PDC_SERVER[15]: Checking against Object 12000000000
[INFO] PDC_SERVER[15]: Checking against Object 11000000001
[INFO] PDC_SERVER[15]: Checking against Object 12000000001
[INFO] PDC_SERVER[15]: Checking against Object 13000000000
[INFO] PDC_SERVER[15]: Checking against Object 12000000002
[INFO] PDC_SERVER[15]: Checking against Object 13000000001
[INFO] PDC_SERVER[15]: Checking against Object 14000000000
[INFO] PDC_SERVER[15]: Object 1000000001 NOT found in cache
[INFO] PDC_SERVER[15]: Fetching region from server for obj_id=1000000001
[INFO] PDC_SERVER[7]: Fetching region for obj_id=1000000001
[INFO] PDC_SERVER[7]: Checking against Object 10000000000
[INFO] PDC_SERVER[7]: Checking against Object 11000000000
[INFO] PDC_SERVER[7]: Checking against Object 12000000000
[INFO] PDC_SERVER[7]: Checking against Object 11000000001
[INFO] PDC_SERVER[7]: Checking against Object 12000000001
[INFO] PDC_SERVER[7]: Checking against Object 13000000000
[INFO] PDC_SERVER[7]: Checking against Object 12000000002
[INFO] PDC_SERVER[7]: Checking against Object 13000000001
[INFO] PDC_SERVER[7]: Checking against Object 14000000000
[INFO] PDC_SERVER[7]: Object 1000000001 NOT found in cache
[INFO] PDC_SERVER[7]: Fetching region from server for obj_id=1000000001
[INFO] PDC_SERVER[9]: Fetching region for obj_id=1000000001
[INFO] PDC_SERVER[9]: Checking against Object 10000000000
[INFO] PDC_SERVER[9]: Checking against Object 11000000000
[INFO] PDC_SERVER[9]: Checking against Object 12000000000
[INFO] PDC_SERVER[9]: Checking against Object 11000000001
[INFO] PDC_SERVER[9]: Checking against Object 12000000001
[INFO] PDC_SERVER[9]: Checking against Object 13000000000
[INFO] PDC_SERVER[9]: Checking against Object 12000000002
[INFO] PDC_SERVER[9]: Checking against Object 13000000001
[INFO] PDC_SERVER[9]: Checking against Object 14000000000
[INFO] PDC_SERVER[9]: Object 1000000001 NOT found in cache
[INFO] PDC_SERVER[9]: Fetching region from server for obj_id=1000000001
[13:55:08.998769] [WARNING] [pdc_tf_server.c:475] PDC_SERVER[4]: SCHED: done running transformations
[INFO] PDC_SERVER[8]: Fetching region for obj_id=1000000001
[INFO] PDC_SERVER[8]: Checking against Object 10000000000
[INFO] PDC_SERVER[8]: Checking against Object 11000000000
[INFO] PDC_SERVER[8]: Checking against Object 12000000000
[INFO] PDC_SERVER[8]: Checking against Object 11000000001
[INFO] PDC_SERVER[8]: Checking against Object 12000000001
[INFO] PDC_SERVER[8]: Checking against Object 13000000000
[INFO] PDC_SERVER[8]: Checking against Object 12000000002
[INFO] PDC_SERVER[8]: Checking against Object 13000000001
[INFO] PDC_SERVER[8]: Checking against Object 14000000000
[INFO] PDC_SERVER[8]: Object 1000000001 NOT found in cache
[INFO] PDC_SERVER[8]: Fetching region from server for obj_id=1000000001
[INFO] PDC_SERVER[14]: Fetching region for obj_id=1000000001
[INFO] PDC_SERVER[14]: Checking against Object 10000000000
[INFO] PDC_SERVER[14]: Checking against Object 11000000000
[INFO] PDC_SERVER[14]: Checking against Object 12000000000
[INFO] PDC_SERVER[14]: Checking against Object 11000000001
[INFO] PDC_SERVER[14]: Checking against Object 12000000001
[INFO] PDC_SERVER[14]: Checking against Object 13000000000
[INFO] PDC_SERVER[14]: Checking against Object 12000000002
[INFO] PDC_SERVER[14]: Checking against Object 13000000001
[INFO] PDC_SERVER[14]: Checking against Object 14000000000
[INFO] PDC_SERVER[14]: Object 1000000001 NOT found in cache
[INFO] PDC_SERVER[14]: Fetching region from server for obj_id=1000000001
[INFO] PDC_SERVER[12]: Fetching region for obj_id=1000000001
[INFO] PDC_SERVER[12]: Checking against Object 10000000000
[INFO] PDC_SERVER[12]: Checking against Object 11000000000
[INFO] PDC_SERVER[12]: Checking against Object 12000000000
[INFO] PDC_SERVER[12]: Checking against Object 11000000001
[INFO] PDC_SERVER[12]: Checking against Object 12000000001
[INFO] PDC_SERVER[12]: Checking against Object 13000000000
[INFO] PDC_SERVER[12]: Checking against Object 12000000002
[INFO] PDC_SERVER[12]: Checking against Object 13000000001
[INFO] PDC_SERVER[12]: Checking against Object 14000000000
[INFO] PDC_SERVER[12]: Object 1000000001 NOT found in cache
[INFO] PDC_SERVER[12]: Fetching region from server for obj_id=1000000001
[INFO] PDC_SERVER[11]: Fetching region for obj_id=1000000001
[INFO] PDC_SERVER[11]: Checking against Object 10000000000
[INFO] PDC_SERVER[11]: Checking against Object 11000000000
[INFO] PDC_SERVER[11]: Checking against Object 12000000000
[INFO] PDC_SERVER[11]: Checking against Object 11000000001
[INFO] PDC_SERVER[11]: Checking against Object 12000000001
[INFO] PDC_SERVER[11]: Checking against Object 13000000000
[INFO] PDC_SERVER[11]: Checking against Object 12000000002
[INFO] PDC_SERVER[11]: Checking against Object 13000000001
[INFO] PDC_SERVER[11]: Checking against Object 14000000000
[INFO] PDC_SERVER[10]: Fetching region for obj_id=1000000001
[INFO] PDC_SERVER[10]: Checking against Object 10000000000
[INFO] PDC_SERVER[10]: Checking against Object 11000000000
[INFO] PDC_SERVER[10]: Checking against Object 12000000000
[INFO] PDC_SERVER[10]: Checking against Object 11000000001
[INFO] PDC_SERVER[11]: Object 1000000001 NOT found in cache
[INFO] PDC_SERVER[11]: Fetching region from server for obj_id=1000000001
[INFO] PDC_SERVER[10]: Checking against Object 12000000001
[INFO] PDC_SERVER[10]: Checking against Object 13000000000
[INFO] PDC_SERVER[10]: Checking against Object 12000000002
[INFO] PDC_SERVER[10]: Checking against Object 13000000001
[INFO] PDC_SERVER[10]: Checking against Object 14000000000
[INFO] PDC_SERVER[10]: Object 1000000001 NOT found in cache
[INFO] PDC_SERVER[10]: Fetching region from server for obj_id=1000000001
[INFO] PDC_SERVER[6]: Fetching region for obj_id=1000000001
[INFO] PDC_SERVER[6]: Checking against Object 10000000000
[INFO] PDC_SERVER[6]: Checking against Object 11000000000
[INFO] PDC_SERVER[6]: Checking against Object 12000000000
[INFO] PDC_SERVER[6]: Checking against Object 11000000001
[INFO] PDC_SERVER[6]: Checking against Object 12000000001
[INFO] PDC_SERVER[6]: Checking against Object 13000000000
[INFO] PDC_SERVER[6]: Checking against Object 12000000002
[INFO] PDC_SERVER[6]: Checking against Object 13000000001
[INFO] PDC_SERVER[6]: Checking against Object 14000000000
[INFO] PDC_SERVER[6]: Object 1000000001 NOT found in cache
[INFO] PDC_SERVER[6]: Fetching region from server for obj_id=1000000001
[INFO] PDC_SERVER[5]: Fetching region for obj_id=1000000001
[INFO] PDC_SERVER[5]: Checking against Object 10000000000
[INFO] PDC_SERVER[5]: Checking against Object 11000000000
[INFO] PDC_SERVER[5]: Checking against Object 12000000000
[INFO] PDC_SERVER[5]: Checking against Object 11000000001
[INFO] PDC_SERVER[5]: Checking against Object 12000000001
[INFO] PDC_SERVER[5]: Checking against Object 13000000000
[INFO] PDC_SERVER[5]: Checking against Object 12000000002
[INFO] PDC_SERVER[5]: Checking against Object 13000000001
[INFO] PDC_SERVER[5]: Checking against Object 14000000000
[INFO] PDC_SERVER[5]: Object 1000000001 NOT found in cache
[INFO] PDC_SERVER[5]: Fetching region from server for obj_id=1000000001
[13:55:09.003896] [WARNING] [pdc_tf_server.c:475] PDC_SERVER[2]: SCHED: done running transformations
[13:55:09.004569] [WARNING] [pdc_tf_server.c:475] PDC_SERVER[3]: SCHED: done running transformations
[INFO] PDC_SERVER[4]: Fetching region for obj_id=1000000001
[INFO] PDC_SERVER[4]: Checking against Object 10000000000
[INFO] PDC_SERVER[4]: Checking against Object 11000000000
[INFO] PDC_SERVER[4]: Checking against Object 12000000000
[INFO] PDC_SERVER[4]: Checking against Object 11000000001
[INFO] PDC_SERVER[4]: Checking against Object 12000000001
[INFO] PDC_SERVER[4]: Checking against Object 13000000000
[INFO] PDC_SERVER[4]: Checking against Object 12000000002
[INFO] PDC_SERVER[4]: Checking against Object 13000000001
[INFO] PDC_SERVER[4]: Checking against Object 14000000000
[INFO] PDC_SERVER[4]: Object 1000000001 NOT found in cache
[INFO] PDC_SERVER[4]: Fetching region from server for obj_id=1000000001
[INFO] PDC_SERVER[2]: Fetching region for obj_id=1000000001
[INFO] PDC_SERVER[2]: Checking against Object 10000000000
[INFO] PDC_SERVER[2]: Checking against Object 11000000000
[INFO] PDC_SERVER[2]: Checking against Object 12000000000
[INFO] PDC_SERVER[2]: Checking against Object 11000000001
[INFO] PDC_SERVER[2]: Checking against Object 12000000001
[INFO] PDC_SERVER[2]: Checking against Object 13000000000
[INFO] PDC_SERVER[2]: Checking against Object 12000000002
[INFO] PDC_SERVER[2]: Checking against Object 13000000001
[INFO] PDC_SERVER[2]: Checking against Object 14000000000
[INFO] PDC_SERVER[2]: Object 1000000001 NOT found in cache
[INFO] PDC_SERVER[2]: Fetching region from server for obj_id=1000000001
[INFO] PDC_SERVER[3]: Fetching region for obj_id=1000000001
[INFO] PDC_SERVER[3]: Checking against Object 10000000000
[INFO] PDC_SERVER[3]: Checking against Object 11000000000
[INFO] PDC_SERVER[3]: Checking against Object 12000000000
[INFO] PDC_SERVER[3]: Checking against Object 11000000001
[INFO] PDC_SERVER[3]: Checking against Object 12000000001
[INFO] PDC_SERVER[3]: Checking against Object 13000000000
[INFO] PDC_SERVER[3]: Checking against Object 12000000002
[INFO] PDC_SERVER[3]: Checking against Object 13000000001
[INFO] PDC_SERVER[3]: Checking against Object 14000000000
[INFO] PDC_SERVER[3]: Object 1000000001 NOT found in cache
[INFO] PDC_SERVER[3]: Fetching region from server for obj_id=1000000001
[INFO] PDC_SERVER[0]: Executing graph with json filepath /pscratch/sd/n/nlewi26/src/work_space/source/pdc/tf_client/graphs/zfp_gpu.json
[13:55:09.011672] [WARNING] [pdc_tf_server.c:393] PDC_SERVER[0]: SCHED: setting CUDA device to 0 for edge 0 func=zfp_decompress
[13:55:09.011688] [WARNING] [pdc_tf_server.c:401] PDC_SERVER[0]: SCHED: executing edge 0 func=zfp_decompress dev=GPU
[13:55:09.012877] [WARNING] [pdc_tf_server.c:393] PDC_SERVER[13]: SCHED: setting CUDA device to 0 for edge 0 func=zfp_decompress
[13:55:09.012894] [WARNING] [pdc_tf_server.c:401] PDC_SERVER[13]: SCHED: executing edge 0 func=zfp_decompress dev=GPU
[13:55:09.013068] [WARNING] [pdc_tf_server.c:393] PDC_SERVER[1]: SCHED: setting CUDA device to 0 for edge 0 func=zfp_decompress
[13:55:09.013095] [WARNING] [pdc_tf_server.c:401] PDC_SERVER[1]: SCHED: executing edge 0 func=zfp_decompress dev=GPU
[13:55:09.014311] [WARNING] [pdc_tf_server.c:393] PDC_SERVER[9]: SCHED: setting CUDA device to 0 for edge 0 func=zfp_decompress
[13:55:09.014327] [WARNING] [pdc_tf_server.c:401] PDC_SERVER[9]: SCHED: executing edge 0 func=zfp_decompress dev=GPU
[13:55:09.014565] [WARNING] [pdc_tf_server.c:393] PDC_SERVER[7]: SCHED: setting CUDA device to 0 for edge 0 func=zfp_decompress
[13:55:09.014589] [WARNING] [pdc_tf_server.c:401] PDC_SERVER[7]: SCHED: executing edge 0 func=zfp_decompress dev=GPU
[13:55:09.015207] [WARNING] [pdc_tf_server.c:393] PDC_SERVER[15]: SCHED: setting CUDA device to 0 for edge 0 func=zfp_decompress
[13:55:09.015222] [WARNING] [pdc_tf_server.c:401] PDC_SERVER[15]: SCHED: executing edge 0 func=zfp_decompress dev=GPU
[13:55:09.016620] [WARNING] [pdc_tf_server.c:393] PDC_SERVER[12]: SCHED: setting CUDA device to 0 for edge 0 func=zfp_decompress
[13:55:09.016634] [WARNING] [pdc_tf_server.c:401] PDC_SERVER[12]: SCHED: executing edge 0 func=zfp_decompress dev=GPU
[13:55:09.016829] [WARNING] [pdc_tf_server.c:393] PDC_SERVER[14]: SCHED: setting CUDA device to 0 for edge 0 func=zfp_decompress
[13:55:09.016856] [WARNING] [pdc_tf_server.c:401] PDC_SERVER[14]: SCHED: executing edge 0 func=zfp_decompress dev=GPU
[13:55:09.016953] [WARNING] [pdc_tf_server.c:393] PDC_SERVER[11]: SCHED: setting CUDA device to 0 for edge 0 func=zfp_decompress
[13:55:09.016976] [WARNING] [pdc_tf_server.c:401] PDC_SERVER[11]: SCHED: executing edge 0 func=zfp_decompress dev=GPU
[13:55:09.017465] [WARNING] [pdc_tf_server.c:393] PDC_SERVER[6]: SCHED: setting CUDA device to 0 for edge 0 func=zfp_decompress
[13:55:09.017488] [WARNING] [pdc_tf_server.c:401] PDC_SERVER[6]: SCHED: executing edge 0 func=zfp_decompress dev=GPU
[13:55:09.018706] [WARNING] [pdc_tf_server.c:393] PDC_SERVER[8]: SCHED: setting CUDA device to 0 for edge 0 func=zfp_decompress
[13:55:09.018733] [WARNING] [pdc_tf_server.c:401] PDC_SERVER[8]: SCHED: executing edge 0 func=zfp_decompress dev=GPU
[13:55:09.019156] [WARNING] [pdc_tf_server.c:393] PDC_SERVER[10]: SCHED: setting CUDA device to 0 for edge 0 func=zfp_decompress
[13:55:09.019174] [WARNING] [pdc_tf_server.c:401] PDC_SERVER[10]: SCHED: executing edge 0 func=zfp_decompress dev=GPU
[13:55:09.020174] [WARNING] [pdc_tf_server.c:393] PDC_SERVER[5]: SCHED: setting CUDA device to 0 for edge 0 func=zfp_decompress
[13:55:09.020193] [WARNING] [pdc_tf_server.c:401] PDC_SERVER[5]: SCHED: executing edge 0 func=zfp_decompress dev=GPU
[13:55:09.021923] [WARNING] [pdc_tf_server.c:475] PDC_SERVER[13]: SCHED: done running transformations
[13:55:09.022484] [WARNING] [pdc_tf_server.c:475] PDC_SERVER[0]: SCHED: done running transformations
[13:55:09.022838] [WARNING] [pdc_tf_server.c:475] PDC_SERVER[1]: SCHED: done running transformations
[13:55:09.023033] [WARNING] [pdc_tf_server.c:393] PDC_SERVER[4]: SCHED: setting CUDA device to 0 for edge 0 func=zfp_decompress
[13:55:09.023062] [WARNING] [pdc_tf_server.c:401] PDC_SERVER[4]: SCHED: executing edge 0 func=zfp_decompress dev=GPU
[13:55:09.024697] [WARNING] [pdc_tf_server.c:475] PDC_SERVER[9]: SCHED: done running transformations
[13:55:09.024837] [WARNING] [pdc_tf_server.c:475] PDC_SERVER[15]: SCHED: done running transformations
[13:55:09.024941] [WARNING] [pdc_tf_server.c:475] PDC_SERVER[7]: SCHED: done running transformations
[INFO] PDC_SERVER[13]: Fetching region for obj_id=1000000001
[INFO] PDC_SERVER[13]: Checking against Object 10000000000
[INFO] PDC_SERVER[13]: Checking against Object 11000000000
[INFO] PDC_SERVER[13]: Checking against Object 12000000000
[INFO] PDC_SERVER[13]: Checking against Object 11000000001
[INFO] PDC_SERVER[13]: Checking against Object 12000000001
[INFO] PDC_SERVER[13]: Checking against Object 13000000000
[INFO] PDC_SERVER[13]: Checking against Object 12000000002
[INFO] PDC_SERVER[13]: Checking against Object 13000000001
[INFO] PDC_SERVER[13]: Checking against Object 14000000000
[INFO] PDC_SERVER[13]: Object 1000000001 NOT found in cache
[INFO] PDC_SERVER[13]: Fetching region from server for obj_id=1000000001
[13:55:09.027335] [WARNING] [pdc_tf_server.c:475] PDC_SERVER[11]: SCHED: done running transformations
[13:55:09.027284] [WARNING] [pdc_tf_server.c:393] PDC_SERVER[2]: SCHED: setting CUDA device to 0 for edge 0 func=zfp_decompress
[13:55:09.027307] [WARNING] [pdc_tf_server.c:401] PDC_SERVER[2]: SCHED: executing edge 0 func=zfp_decompress dev=GPU
[INFO] PDC_SERVER[1]: Fetching region for obj_id=1000000001
[INFO] PDC_SERVER[1]: Checking against Object 10000000000
[INFO] PDC_SERVER[1]: Checking against Object 11000000000
[INFO] PDC_SERVER[1]: Checking against Object 12000000000
[INFO] PDC_SERVER[1]: Checking against Object 11000000001
[INFO] PDC_SERVER[1]: Checking against Object 12000000001
[INFO] PDC_SERVER[1]: Checking against Object 13000000000
[13:55:09.027594] [WARNING] [pdc_tf_server.c:475] PDC_SERVER[6]: SCHED: done running transformations
[INFO] PDC_SERVER[1]: Checking against Object 12000000002
[INFO] PDC_SERVER[1]: Checking against Object 13000000001
[INFO] PDC_SERVER[1]: Checking against Object 14000000000
[INFO] PDC_SERVER[1]: Object 1000000001 NOT found in cache
[INFO] PDC_SERVER[1]: Fetching region from server for obj_id=1000000001
[13:55:09.028053] [WARNING] [pdc_tf_server.c:475] PDC_SERVER[12]: SCHED: done running transformations
[13:55:09.028100] [WARNING] [pdc_tf_server.c:393] PDC_SERVER[3]: SCHED: setting CUDA device to 0 for edge 0 func=zfp_decompress
[13:55:09.028119] [WARNING] [pdc_tf_server.c:401] PDC_SERVER[3]: SCHED: executing edge 0 func=zfp_decompress dev=GPU
[13:55:09.028170] [WARNING] [pdc_tf_server.c:475] PDC_SERVER[14]: SCHED: done running transformations
[INFO] PDC_SERVER[0]: Fetching region for obj_id=1000000001
[INFO] PDC_SERVER[0]: Checking against Object 10000000000
[INFO] PDC_SERVER[0]: Checking against Object 11000000000
[INFO] PDC_SERVER[0]: Checking against Object 12000000000
[INFO] PDC_SERVER[0]: Checking against Object 11000000001
[INFO] PDC_SERVER[0]: Checking against Object 12000000001
[INFO] PDC_SERVER[0]: Checking against Object 13000000000
[INFO] PDC_SERVER[0]: Checking against Object 12000000002
[INFO] PDC_SERVER[0]: Checking against Object 13000000001
[INFO] PDC_SERVER[0]: Checking against Object 14000000000
[INFO] PDC_SERVER[0]: Object 1000000001 NOT found in cache
[INFO] PDC_SERVER[0]: Fetching region from server for obj_id=1000000001
[INFO] PDC_SERVER[9]: Fetching region for obj_id=1000000001
[INFO] PDC_SERVER[9]: Checking against Object 10000000000
[INFO] PDC_SERVER[9]: Checking against Object 11000000000
[INFO] PDC_SERVER[9]: Checking against Object 12000000000
[INFO] PDC_SERVER[9]: Checking against Object 11000000001
[INFO] PDC_SERVER[9]: Checking against Object 12000000001
[INFO] PDC_SERVER[9]: Checking against Object 13000000000
[INFO] PDC_SERVER[9]: Checking against Object 12000000002
[INFO] PDC_SERVER[9]: Checking against Object 13000000001
[INFO] PDC_SERVER[9]: Checking against Object 14000000000
[INFO] PDC_SERVER[9]: Object 1000000001 NOT found in cache
[INFO] PDC_SERVER[9]: Fetching region from server for obj_id=1000000001
[INFO] PDC_SERVER[7]: Fetching region for obj_id=1000000001
[INFO] PDC_SERVER[7]: Checking against Object 10000000000
[INFO] PDC_SERVER[7]: Checking against Object 11000000000
[INFO] PDC_SERVER[7]: Checking against Object 12000000000
[INFO] PDC_SERVER[7]: Checking against Object 11000000001
[INFO] PDC_SERVER[7]: Checking against Object 12000000001
[INFO] PDC_SERVER[7]: Checking against Object 13000000000
[INFO] PDC_SERVER[7]: Checking against Object 12000000002
[INFO] PDC_SERVER[7]: Checking against Object 13000000001
[INFO] PDC_SERVER[7]: Checking against Object 14000000000
[INFO] PDC_SERVER[7]: Object 1000000001 NOT found in cache
[INFO] PDC_SERVER[15]: Fetching region for obj_id=1000000001
[INFO] PDC_SERVER[15]: Checking against Object 10000000000
[INFO] PDC_SERVER[15]: Checking against Object 11000000000
[INFO] PDC_SERVER[15]: Checking against Object 12000000000
[INFO] PDC_SERVER[15]: Checking against Object 11000000001
[INFO] PDC_SERVER[15]: Checking against Object 12000000001
[INFO] PDC_SERVER[7]: Fetching region from server for obj_id=1000000001
[INFO] PDC_SERVER[15]: Checking against Object 13000000000
[INFO] PDC_SERVER[15]: Checking against Object 12000000002
[INFO] PDC_SERVER[15]: Checking against Object 13000000001
[INFO] PDC_SERVER[15]: Checking against Object 14000000000
[INFO] PDC_SERVER[15]: Object 1000000001 NOT found in cache
[INFO] PDC_SERVER[15]: Fetching region from server for obj_id=1000000001
[INFO] PDC_SERVER[6]: Fetching region for obj_id=1000000001
[INFO] PDC_SERVER[6]: Checking against Object 10000000000
[INFO] PDC_SERVER[6]: Checking against Object 11000000000
[13:55:09.032386] [WARNING] [pdc_tf_server.c:475] PDC_SERVER[10]: SCHED: done running transformations
[INFO] PDC_SERVER[6]: Checking against Object 12000000000
[INFO] PDC_SERVER[6]: Checking against Object 11000000001
[INFO] PDC_SERVER[6]: Checking against Object 12000000001
[INFO] PDC_SERVER[6]: Checking against Object 13000000000
[INFO] PDC_SERVER[6]: Checking against Object 12000000002
[INFO] PDC_SERVER[6]: Checking against Object 13000000001
[INFO] PDC_SERVER[6]: Checking against Object 14000000000
[INFO] PDC_SERVER[6]: Object 1000000001 NOT found in cache
[INFO] PDC_SERVER[6]: Fetching region from server for obj_id=1000000001
[13:55:09.032785] [WARNING] [pdc_tf_server.c:475] PDC_SERVER[5]: SCHED: done running transformations
[INFO] PDC_SERVER[11]: Fetching region for obj_id=1000000001
[INFO] PDC_SERVER[11]: Checking against Object 10000000000
[INFO] PDC_SERVER[11]: Checking against Object 11000000000
[INFO] PDC_SERVER[11]: Checking against Object 12000000000
[INFO] PDC_SERVER[11]: Checking against Object 11000000001
[INFO] PDC_SERVER[11]: Checking against Object 12000000001
[INFO] PDC_SERVER[11]: Checking against Object 13000000000
[INFO] PDC_SERVER[11]: Checking against Object 12000000002
[INFO] PDC_SERVER[11]: Checking against Object 13000000001
[INFO] PDC_SERVER[11]: Checking against Object 14000000000
[INFO] PDC_SERVER[11]: Object 1000000001 NOT found in cache
[INFO] PDC_SERVER[11]: Fetching region from server for obj_id=1000000001
[13:55:09.033019] [WARNING] [pdc_tf_server.c:475] PDC_SERVER[8]: SCHED: done running transformations
[INFO] PDC_SERVER[12]: Fetching region for obj_id=1000000001
[INFO] PDC_SERVER[12]: Checking against Object 10000000000
[INFO] PDC_SERVER[12]: Checking against Object 11000000000
[INFO] PDC_SERVER[12]: Checking against Object 12000000000
[INFO] PDC_SERVER[12]: Checking against Object 11000000001
[INFO] PDC_SERVER[12]: Checking against Object 12000000001
[INFO] PDC_SERVER[12]: Checking against Object 13000000000
[INFO] PDC_SERVER[12]: Checking against Object 12000000002
[INFO] PDC_SERVER[12]: Checking against Object 13000000001
[INFO] PDC_SERVER[12]: Checking against Object 14000000000
[INFO] PDC_SERVER[12]: Object 1000000001 NOT found in cache
[INFO] PDC_SERVER[12]: Fetching region from server for obj_id=1000000001
[INFO] PDC_SERVER[14]: Fetching region for obj_id=1000000001
[INFO] PDC_SERVER[14]: Checking against Object 10000000000
[INFO] PDC_SERVER[14]: Checking against Object 11000000000
[INFO] PDC_SERVER[14]: Checking against Object 12000000000
[INFO] PDC_SERVER[14]: Checking against Object 11000000001
[INFO] PDC_SERVER[14]: Checking against Object 12000000001
[INFO] PDC_SERVER[14]: Checking against Object 13000000000
[INFO] PDC_SERVER[14]: Checking against Object 12000000002
[INFO] PDC_SERVER[14]: Checking against Object 13000000001
[INFO] PDC_SERVER[14]: Checking against Object 14000000000
[INFO] PDC_SERVER[14]: Object 1000000001 NOT found in cache
[INFO] PDC_SERVER[14]: Fetching region from server for obj_id=1000000001
[13:55:09.039721] [WARNING] [pdc_tf_server.c:475] PDC_SERVER[4]: SCHED: done running transformations
[INFO] PDC_SERVER[5]: Fetching region for obj_id=1000000001
[INFO] PDC_SERVER[5]: Checking against Object 10000000000
[INFO] PDC_SERVER[5]: Checking against Object 11000000000
[INFO] PDC_SERVER[5]: Checking against Object 12000000000
[INFO] PDC_SERVER[10]: Fetching region for obj_id=1000000001
[INFO] PDC_SERVER[10]: Checking against Object 10000000000
[INFO] PDC_SERVER[10]: Checking against Object 11000000000
[INFO] PDC_SERVER[10]: Checking against Object 12000000000
[INFO] PDC_SERVER[10]: Checking against Object 11000000001
[INFO] PDC_SERVER[10]: Checking against Object 12000000001
[INFO] PDC_SERVER[10]: Checking against Object 13000000000
[INFO] PDC_SERVER[10]: Checking against Object 12000000002
[INFO] PDC_SERVER[10]: Checking against Object 13000000001
[INFO] PDC_SERVER[5]: Checking against Object 11000000001
[INFO] PDC_SERVER[5]: Checking against Object 12000000001
[INFO] PDC_SERVER[5]: Checking against Object 13000000000
[INFO] PDC_SERVER[5]: Checking against Object 12000000002
[INFO] PDC_SERVER[5]: Checking against Object 13000000001
[INFO] PDC_SERVER[10]: Checking against Object 14000000000
[INFO] PDC_SERVER[10]: Object 1000000001 NOT found in cache
[INFO] PDC_SERVER[10]: Fetching region from server for obj_id=1000000001
[INFO] PDC_SERVER[5]: Checking against Object 14000000000
[INFO] PDC_SERVER[5]: Object 1000000001 NOT found in cache
[INFO] PDC_SERVER[5]: Fetching region from server for obj_id=1000000001
[INFO] PDC_SERVER[8]: Fetching region for obj_id=1000000001
[INFO] PDC_SERVER[8]: Checking against Object 10000000000
[INFO] PDC_SERVER[8]: Checking against Object 11000000000
[INFO] PDC_SERVER[8]: Checking against Object 12000000000
[INFO] PDC_SERVER[8]: Checking against Object 11000000001
[INFO] PDC_SERVER[8]: Checking against Object 12000000001
[INFO] PDC_SERVER[8]: Checking against Object 13000000000
[INFO] PDC_SERVER[8]: Checking against Object 12000000002
[INFO] PDC_SERVER[8]: Checking against Object 13000000001
[INFO] PDC_SERVER[8]: Checking against Object 14000000000
[INFO] PDC_SERVER[8]: Object 1000000001 NOT found in cache
[INFO] PDC_SERVER[8]: Fetching region from server for obj_id=1000000001
[13:55:09.041061] [WARNING] [pdc_tf_server.c:475] PDC_SERVER[2]: SCHED: done running transformations
[13:55:09.041490] [WARNING] [pdc_tf_server.c:475] PDC_SERVER[3]: SCHED: done running transformations
[13:55:09.042710] [WARNING] [pdc_tf_server.c:393] PDC_SERVER[13]: SCHED: setting CUDA device to 0 for edge 0 func=zfp_decompress
[13:55:09.042724] [WARNING] [pdc_tf_server.c:401] PDC_SERVER[13]: SCHED: executing edge 0 func=zfp_decompress dev=GPU
[13:55:09.043234] [WARNING] [pdc_tf_server.c:393] PDC_SERVER[1]: SCHED: setting CUDA device to 0 for edge 0 func=zfp_decompress
[13:55:09.043257] [WARNING] [pdc_tf_server.c:401] PDC_SERVER[1]: SCHED: executing edge 0 func=zfp_decompress dev=GPU
[INFO] PDC_SERVER[0]: Executing graph with json filepath /pscratch/sd/n/nlewi26/src/work_space/source/pdc/tf_client/graphs/zfp_gpu.json
[13:55:09.044527] [WARNING] [pdc_tf_server.c:393] PDC_SERVER[0]: SCHED: setting CUDA device to 0 for edge 0 func=zfp_decompress
[13:55:09.044545] [WARNING] [pdc_tf_server.c:401] PDC_SERVER[0]: SCHED: executing edge 0 func=zfp_decompress dev=GPU
[13:55:09.045384] [WARNING] [pdc_tf_server.c:393] PDC_SERVER[9]: SCHED: setting CUDA device to 0 for edge 0 func=zfp_decompress
[13:55:09.045412] [WARNING] [pdc_tf_server.c:401] PDC_SERVER[9]: SCHED: executing edge 0 func=zfp_decompress dev=GPU
[INFO] PDC_SERVER[4]: Fetching region for obj_id=1000000001
[INFO] PDC_SERVER[4]: Checking against Object 10000000000
[INFO] PDC_SERVER[4]: Checking against Object 11000000000
[INFO] PDC_SERVER[4]: Checking against Object 12000000000
[INFO] PDC_SERVER[4]: Checking against Object 11000000001
[INFO] PDC_SERVER[4]: Checking against Object 12000000001
[INFO] PDC_SERVER[4]: Checking against Object 13000000000
[INFO] PDC_SERVER[4]: Checking against Object 12000000002
[INFO] PDC_SERVER[4]: Checking against Object 13000000001
[INFO] PDC_SERVER[4]: Checking against Object 14000000000
[INFO] PDC_SERVER[4]: Object 1000000001 NOT found in cache
[INFO] PDC_SERVER[4]: Fetching region from server for obj_id=1000000001
[13:55:09.045884] [WARNING] [pdc_tf_server.c:393] PDC_SERVER[15]: SCHED: setting CUDA device to 0 for edge 0 func=zfp_decompress
[13:55:09.045897] [WARNING] [pdc_tf_server.c:401] PDC_SERVER[15]: SCHED: executing edge 0 func=zfp_decompress dev=GPU
[13:55:09.046332] [WARNING] [pdc_tf_server.c:393] PDC_SERVER[7]: SCHED: setting CUDA device to 0 for edge 0 func=zfp_decompress
[13:55:09.046361] [WARNING] [pdc_tf_server.c:401] PDC_SERVER[7]: SCHED: executing edge 0 func=zfp_decompress dev=GPU
[INFO] PDC_SERVER[2]: Fetching region for obj_id=1000000001
[INFO] PDC_SERVER[2]: Checking against Object 10000000000
[INFO] PDC_SERVER[2]: Checking against Object 11000000000
[INFO] PDC_SERVER[2]: Checking against Object 12000000000
[INFO] PDC_SERVER[2]: Checking against Object 11000000001
[INFO] PDC_SERVER[2]: Checking against Object 12000000001
[INFO] PDC_SERVER[2]: Checking against Object 13000000000
[INFO] PDC_SERVER[2]: Checking against Object 12000000002
[INFO] PDC_SERVER[2]: Checking against Object 13000000001
[INFO] PDC_SERVER[2]: Checking against Object 14000000000
[INFO] PDC_SERVER[2]: Object 1000000001 NOT found in cache
[INFO] PDC_SERVER[2]: Fetching region from server for obj_id=1000000001
[13:55:09.048280] [WARNING] [pdc_tf_server.c:393] PDC_SERVER[6]: SCHED: setting CUDA device to 0 for edge 0 func=zfp_decompress
[13:55:09.048302] [WARNING] [pdc_tf_server.c:401] PDC_SERVER[6]: SCHED: executing edge 0 func=zfp_decompress dev=GPU
[INFO] PDC_SERVER[3]: Fetching region for obj_id=1000000001
[INFO] PDC_SERVER[3]: Checking against Object 10000000000
[INFO] PDC_SERVER[3]: Checking against Object 11000000000
[INFO] PDC_SERVER[3]: Checking against Object 12000000000
[INFO] PDC_SERVER[3]: Checking against Object 11000000001
[INFO] PDC_SERVER[3]: Checking against Object 12000000001
[INFO] PDC_SERVER[3]: Checking against Object 13000000000
[INFO] PDC_SERVER[3]: Checking against Object 12000000002
[INFO] PDC_SERVER[3]: Checking against Object 13000000001
[INFO] PDC_SERVER[3]: Checking against Object 14000000000
[INFO] PDC_SERVER[3]: Object 1000000001 NOT found in cache
[INFO] PDC_SERVER[3]: Fetching region from server for obj_id=1000000001
[13:55:09.048730] [WARNING] [pdc_tf_server.c:393] PDC_SERVER[11]: SCHED: setting CUDA device to 0 for edge 0 func=zfp_decompress
[13:55:09.048746] [WARNING] [pdc_tf_server.c:401] PDC_SERVER[11]: SCHED: executing edge 0 func=zfp_decompress dev=GPU
[13:55:09.049114] [WARNING] [pdc_tf_server.c:393] PDC_SERVER[12]: SCHED: setting CUDA device to 0 for edge 0 func=zfp_decompress
[13:55:09.049148] [WARNING] [pdc_tf_server.c:401] PDC_SERVER[12]: SCHED: executing edge 0 func=zfp_decompress dev=GPU
[13:55:09.049320] [WARNING] [pdc_tf_server.c:393] PDC_SERVER[14]: SCHED: setting CUDA device to 0 for edge 0 func=zfp_decompress
[13:55:09.049341] [WARNING] [pdc_tf_server.c:401] PDC_SERVER[14]: SCHED: executing edge 0 func=zfp_decompress dev=GPU
[13:55:09.050847] [WARNING] [pdc_tf_server.c:475] PDC_SERVER[13]: SCHED: done running transformations
[13:55:09.052404] [WARNING] [pdc_tf_server.c:475] PDC_SERVER[1]: SCHED: done running transformations
[13:55:09.053575] [WARNING] [pdc_tf_server.c:475] PDC_SERVER[0]: SCHED: done running transformations
[13:55:09.053760] [WARNING] [pdc_tf_server.c:475] PDC_SERVER[9]: SCHED: done running transformations
[13:55:09.053999] [WARNING] [pdc_tf_server.c:475] PDC_SERVER[15]: SCHED: done running transformations
[INFO] PDC_SERVER[13]: Fetching region for obj_id=1000000001
[INFO] PDC_SERVER[13]: Checking against Object 10000000000
[INFO] PDC_SERVER[13]: Checking against Object 11000000000
[INFO] PDC_SERVER[13]: Checking against Object 12000000000
[INFO] PDC_SERVER[13]: Checking against Object 11000000001
[INFO] PDC_SERVER[13]: Checking against Object 12000000001
[INFO] PDC_SERVER[13]: Checking against Object 13000000000
[INFO] PDC_SERVER[13]: Checking against Object 12000000002
[INFO] PDC_SERVER[13]: Checking against Object 13000000001
[INFO] PDC_SERVER[13]: Checking against Object 14000000000
[INFO] PDC_SERVER[13]: Object 1000000001 NOT found in cache
[INFO] PDC_SERVER[13]: Fetching region from server for obj_id=1000000001
[13:55:09.056818] [WARNING] [pdc_tf_server.c:393] PDC_SERVER[5]: SCHED: setting CUDA device to 0 for edge 0 func=zfp_decompress
[13:55:09.056837] [WARNING] [pdc_tf_server.c:401] PDC_SERVER[5]: SCHED: executing edge 0 func=zfp_decompress dev=GPU
[13:55:09.056890] [WARNING] [pdc_tf_server.c:475] PDC_SERVER[11]: SCHED: done running transformations
[13:55:09.057141] [WARNING] [pdc_tf_server.c:393] PDC_SERVER[10]: SCHED: setting CUDA device to 0 for edge 0 func=zfp_decompress
[13:55:09.057158] [WARNING] [pdc_tf_server.c:401] PDC_SERVER[10]: SCHED: executing edge 0 func=zfp_decompress dev=GPU
[13:55:09.057149] [WARNING] [pdc_tf_server.c:475] PDC_SERVER[7]: SCHED: done running transformations
[INFO] PDC_SERVER[1]: Fetching region for obj_id=1000000001
[INFO] PDC_SERVER[1]: Checking against Object 10000000000
[INFO] PDC_SERVER[1]: Checking against Object 11000000000
[INFO] PDC_SERVER[1]: Checking against Object 12000000000
[INFO] PDC_SERVER[1]: Checking against Object 11000000001
[INFO] PDC_SERVER[1]: Checking against Object 12000000001
[INFO] PDC_SERVER[1]: Checking against Object 13000000000
[INFO] PDC_SERVER[1]: Checking against Object 12000000002
[INFO] PDC_SERVER[1]: Checking against Object 13000000001
[INFO] PDC_SERVER[1]: Checking against Object 14000000000
[INFO] PDC_SERVER[1]: Object 1000000001 NOT found in cache
[INFO] PDC_SERVER[1]: Fetching region from server for obj_id=1000000001
[INFO] PDC_SERVER[9]: Fetching region for obj_id=1000000001
[INFO] PDC_SERVER[9]: Checking against Object 10000000000
[INFO] PDC_SERVER[9]: Checking against Object 11000000000
[INFO] PDC_SERVER[9]: Checking against Object 12000000000
[INFO] PDC_SERVER[9]: Checking against Object 11000000001
[INFO] PDC_SERVER[9]: Checking against Object 12000000001
[INFO] PDC_SERVER[9]: Checking against Object 13000000000
[INFO] PDC_SERVER[9]: Checking against Object 12000000002
[INFO] PDC_SERVER[9]: Checking against Object 13000000001
[INFO] PDC_SERVER[9]: Checking against Object 14000000000
[INFO] PDC_SERVER[9]: Object 1000000001 NOT found in cache
[INFO] PDC_SERVER[9]: Fetching region from server for obj_id=1000000001
[INFO] PDC_SERVER[0]: Fetching region for obj_id=1000000001
[INFO] PDC_SERVER[0]: Checking against Object 10000000000
[INFO] PDC_SERVER[0]: Checking against Object 11000000000
[INFO] PDC_SERVER[0]: Checking against Object 12000000000
[INFO] PDC_SERVER[0]: Checking against Object 11000000001
[INFO] PDC_SERVER[0]: Checking against Object 12000000001
[INFO] PDC_SERVER[0]: Checking against Object 13000000000
[INFO] PDC_SERVER[0]: Checking against Object 12000000002
[INFO] PDC_SERVER[0]: Checking against Object 13000000001
[INFO] PDC_SERVER[0]: Checking against Object 14000000000
[INFO] PDC_SERVER[0]: Object 1000000001 NOT found in cache
[INFO] PDC_SERVER[0]: Fetching region from server for obj_id=1000000001
[13:55:09.059016] [WARNING] [pdc_tf_server.c:475] PDC_SERVER[6]: SCHED: done running transformations
[INFO] PDC_SERVER[15]: Fetching region for obj_id=1000000001
[INFO] PDC_SERVER[15]: Checking against Object 10000000000
[INFO] PDC_SERVER[15]: Checking against Object 11000000000
[INFO] PDC_SERVER[15]: Checking against Object 12000000000
[INFO] PDC_SERVER[15]: Checking against Object 11000000001
[INFO] PDC_SERVER[15]: Checking against Object 12000000001
[INFO] PDC_SERVER[15]: Checking against Object 13000000000
[INFO] PDC_SERVER[15]: Checking against Object 12000000002
[INFO] PDC_SERVER[15]: Checking against Object 13000000001
[INFO] PDC_SERVER[15]: Checking against Object 14000000000
[INFO] PDC_SERVER[15]: Object 1000000001 NOT found in cache
[INFO] PDC_SERVER[15]: Fetching region from server for obj_id=1000000001
[13:55:09.061996] [WARNING] [pdc_tf_server.c:393] PDC_SERVER[8]: SCHED: setting CUDA device to 0 for edge 0 func=zfp_decompress
[13:55:09.062012] [WARNING] [pdc_tf_server.c:401] PDC_SERVER[8]: SCHED: executing edge 0 func=zfp_decompress dev=GPU
[13:55:09.062022] [WARNING] [pdc_tf_server.c:393] PDC_SERVER[4]: SCHED: setting CUDA device to 0 for edge 0 func=zfp_decompress
[13:55:09.062054] [WARNING] [pdc_tf_server.c:401] PDC_SERVER[4]: SCHED: executing edge 0 func=zfp_decompress dev=GPU
[13:55:09.062601] [WARNING] [pdc_tf_server.c:475] PDC_SERVER[12]: SCHED: done running transformations
[INFO] PDC_SERVER[7]: Fetching region for obj_id=1000000001
[INFO] PDC_SERVER[7]: Checking against Object 10000000000
[INFO] PDC_SERVER[7]: Checking against Object 11000000000
[INFO] PDC_SERVER[7]: Checking against Object 12000000000
[INFO] PDC_SERVER[7]: Checking against Object 11000000001
[INFO] PDC_SERVER[7]: Checking against Object 12000000001
[INFO] PDC_SERVER[7]: Checking against Object 13000000000
[13:55:09.062977] [WARNING] [pdc_tf_server.c:475] PDC_SERVER[14]: SCHED: done running transformations
[INFO] PDC_SERVER[7]: Checking against Object 12000000002
[INFO] PDC_SERVER[7]: Checking against Object 13000000001
[INFO] PDC_SERVER[7]: Checking against Object 14000000000
[INFO] PDC_SERVER[7]: Object 1000000001 NOT found in cache
[INFO] PDC_SERVER[7]: Fetching region from server for obj_id=1000000001
[INFO] PDC_SERVER[11]: Fetching region for obj_id=1000000001
[INFO] PDC_SERVER[11]: Checking against Object 10000000000
[INFO] PDC_SERVER[11]: Checking against Object 11000000000
[INFO] PDC_SERVER[11]: Checking against Object 12000000000
[INFO] PDC_SERVER[11]: Checking against Object 11000000001
[INFO] PDC_SERVER[11]: Checking against Object 12000000001
[INFO] PDC_SERVER[11]: Checking against Object 13000000000
[INFO] PDC_SERVER[11]: Checking against Object 12000000002
[INFO] PDC_SERVER[11]: Checking against Object 13000000001
[INFO] PDC_SERVER[11]: Checking against Object 14000000000
[INFO] PDC_SERVER[11]: Object 1000000001 NOT found in cache
[INFO] PDC_SERVER[11]: Fetching region from server for obj_id=1000000001
[INFO] PDC_SERVER[6]: Fetching region for obj_id=1000000001
[INFO] PDC_SERVER[6]: Checking against Object 10000000000
[INFO] PDC_SERVER[6]: Checking against Object 11000000000
[INFO] PDC_SERVER[6]: Checking against Object 12000000000
[INFO] PDC_SERVER[6]: Checking against Object 11000000001
[INFO] PDC_SERVER[6]: Checking against Object 12000000001
[INFO] PDC_SERVER[6]: Checking against Object 13000000000
[INFO] PDC_SERVER[6]: Checking against Object 12000000002
[INFO] PDC_SERVER[6]: Checking against Object 13000000001
[INFO] PDC_SERVER[6]: Checking against Object 14000000000
[INFO] PDC_SERVER[6]: Object 1000000001 NOT found in cache
[INFO] PDC_SERVER[6]: Fetching region from server for obj_id=1000000001
[13:55:09.064062] [WARNING] [pdc_tf_server.c:393] PDC_SERVER[2]: SCHED: setting CUDA device to 0 for edge 0 func=zfp_decompress
[13:55:09.064085] [WARNING] [pdc_tf_server.c:401] PDC_SERVER[2]: SCHED: executing edge 0 func=zfp_decompress dev=GPU
[13:55:09.064886] [WARNING] [pdc_tf_server.c:393] PDC_SERVER[3]: SCHED: setting CUDA device to 0 for edge 0 func=zfp_decompress
[13:55:09.064906] [WARNING] [pdc_tf_server.c:401] PDC_SERVER[3]: SCHED: executing edge 0 func=zfp_decompress dev=GPU
[INFO] PDC_SERVER[12]: Fetching region for obj_id=1000000001
[INFO] PDC_SERVER[12]: Checking against Object 10000000000
[INFO] PDC_SERVER[12]: Checking against Object 11000000000
[INFO] PDC_SERVER[12]: Checking against Object 12000000000
[INFO] PDC_SERVER[12]: Checking against Object 11000000001
[INFO] PDC_SERVER[12]: Checking against Object 12000000001
[INFO] PDC_SERVER[12]: Checking against Object 13000000000
[INFO] PDC_SERVER[12]: Checking against Object 12000000002
[INFO] PDC_SERVER[12]: Checking against Object 13000000001
[INFO] PDC_SERVER[12]: Checking against Object 14000000000
[INFO] PDC_SERVER[12]: Object 1000000001 NOT found in cache
[INFO] PDC_SERVER[12]: Fetching region from server for obj_id=1000000001
[13:55:09.068772] [WARNING] [pdc_tf_server.c:475] PDC_SERVER[10]: SCHED: done running transformations
[INFO] PDC_SERVER[14]: Fetching region for obj_id=1000000001
[INFO] PDC_SERVER[14]: Checking against Object 10000000000
[INFO] PDC_SERVER[14]: Checking against Object 11000000000
[INFO] PDC_SERVER[14]: Checking against Object 12000000000
[INFO] PDC_SERVER[14]: Checking against Object 11000000001
[INFO] PDC_SERVER[14]: Checking against Object 12000000001
[INFO] PDC_SERVER[14]: Checking against Object 13000000000
[INFO] PDC_SERVER[14]: Checking against Object 12000000002
[INFO] PDC_SERVER[14]: Checking against Object 13000000001
[INFO] PDC_SERVER[14]: Checking against Object 14000000000
[INFO] PDC_SERVER[14]: Object 1000000001 NOT found in cache
[INFO] PDC_SERVER[14]: Fetching region from server for obj_id=1000000001
[13:55:09.071569] [WARNING] [pdc_tf_server.c:475] PDC_SERVER[5]: SCHED: done running transformations
[13:55:09.071634] [WARNING] [pdc_tf_server.c:393] PDC_SERVER[13]: SCHED: setting CUDA device to 0 for edge 0 func=zfp_decompress
[13:55:09.071649] [WARNING] [pdc_tf_server.c:401] PDC_SERVER[13]: SCHED: executing edge 0 func=zfp_decompress dev=GPU
[13:55:09.073776] [WARNING] [pdc_tf_server.c:475] PDC_SERVER[4]: SCHED: done running transformations
[13:55:09.073804] [WARNING] [pdc_tf_server.c:393] PDC_SERVER[1]: SCHED: setting CUDA device to 0 for edge 0 func=zfp_decompress
[13:55:09.073825] [WARNING] [pdc_tf_server.c:401] PDC_SERVER[1]: SCHED: executing edge 0 func=zfp_decompress dev=GPU
[13:55:09.074245] [WARNING] [pdc_tf_server.c:475] PDC_SERVER[8]: SCHED: done running transformations
[13:55:09.074572] [WARNING] [pdc_tf_server.c:393] PDC_SERVER[9]: SCHED: setting CUDA device to 0 for edge 0 func=zfp_decompress
[13:55:09.074589] [WARNING] [pdc_tf_server.c:401] PDC_SERVER[9]: SCHED: executing edge 0 func=zfp_decompress dev=GPU
[13:55:09.075078] [WARNING] [pdc_tf_server.c:393] PDC_SERVER[15]: SCHED: setting CUDA device to 0 for edge 0 func=zfp_decompress
[13:55:09.075097] [WARNING] [pdc_tf_server.c:401] PDC_SERVER[15]: SCHED: executing edge 0 func=zfp_decompress dev=GPU
[INFO] PDC_SERVER[10]: Fetching region for obj_id=1000000001
[INFO] PDC_SERVER[10]: Checking against Object 10000000000
[INFO] PDC_SERVER[10]: Checking against Object 11000000000
[INFO] PDC_SERVER[10]: Checking against Object 12000000000
[INFO] PDC_SERVER[10]: Checking against Object 11000000001
[INFO] PDC_SERVER[10]: Checking against Object 12000000001
[INFO] PDC_SERVER[10]: Checking against Object 13000000000
[INFO] PDC_SERVER[10]: Checking against Object 12000000002
[INFO] PDC_SERVER[10]: Checking against Object 13000000001
[INFO] PDC_SERVER[10]: Checking against Object 14000000000
[INFO] PDC_SERVER[10]: Object 1000000001 NOT found in cache
[INFO] PDC_SERVER[10]: Fetching region from server for obj_id=1000000001
[13:55:09.077304] [WARNING] [pdc_tf_server.c:475] PDC_SERVER[2]: SCHED: done running transformations
[13:55:09.077826] [WARNING] [pdc_tf_server.c:475] PDC_SERVER[3]: SCHED: done running transformations
[INFO] PDC_SERVER[5]: Fetching region for obj_id=1000000001
[INFO] PDC_SERVER[5]: Checking against Object 10000000000
[INFO] PDC_SERVER[5]: Checking against Object 11000000000
[INFO] PDC_SERVER[5]: Checking against Object 12000000000
[INFO] PDC_SERVER[5]: Checking against Object 11000000001
[INFO] PDC_SERVER[5]: Checking against Object 12000000001
[INFO] PDC_SERVER[5]: Checking against Object 13000000000
[INFO] PDC_SERVER[5]: Checking against Object 12000000002
[INFO] PDC_SERVER[5]: Checking against Object 13000000001
[INFO] PDC_SERVER[5]: Checking against Object 14000000000
[INFO] PDC_SERVER[5]: Object 1000000001 NOT found in cache
[INFO] PDC_SERVER[5]: Fetching region from server for obj_id=1000000001
[13:55:09.079305] [WARNING] [pdc_tf_server.c:393] PDC_SERVER[11]: SCHED: setting CUDA device to 0 for edge 0 func=zfp_decompress
[13:55:09.079329] [WARNING] [pdc_tf_server.c:401] PDC_SERVER[11]: SCHED: executing edge 0 func=zfp_decompress dev=GPU
[13:55:09.079379] [WARNING] [pdc_tf_server.c:393] PDC_SERVER[7]: SCHED: setting CUDA device to 0 for edge 0 func=zfp_decompress
[13:55:09.079403] [WARNING] [pdc_tf_server.c:401] PDC_SERVER[7]: SCHED: executing edge 0 func=zfp_decompress dev=GPU
[13:55:09.079750] [WARNING] [pdc_tf_server.c:475] PDC_SERVER[13]: SCHED: done running transformations
[13:55:09.079751] [WARNING] [pdc_tf_server.c:393] PDC_SERVER[6]: SCHED: setting CUDA device to 0 for edge 0 func=zfp_decompress
[13:55:09.079767] [WARNING] [pdc_tf_server.c:401] PDC_SERVER[6]: SCHED: executing edge 0 func=zfp_decompress dev=GPU
[INFO] PDC_SERVER[4]: Fetching region for obj_id=1000000001
[INFO] PDC_SERVER[4]: Checking against Object 10000000000
[INFO] PDC_SERVER[4]: Checking against Object 11000000000
[INFO] PDC_SERVER[4]: Checking against Object 12000000000
[INFO] PDC_SERVER[4]: Checking against Object 11000000001
[INFO] PDC_SERVER[4]: Checking against Object 12000000001
[INFO] PDC_SERVER[4]: Checking against Object 13000000000
[INFO] PDC_SERVER[4]: Checking against Object 12000000002
[INFO] PDC_SERVER[4]: Checking against Object 13000000001
[INFO] PDC_SERVER[4]: Checking against Object 14000000000
[INFO] PDC_SERVER[4]: Object 1000000001 NOT found in cache
[INFO] PDC_SERVER[4]: Fetching region from server for obj_id=1000000001
[INFO] PDC_SERVER[0]: Executing graph with json filepath /pscratch/sd/n/nlewi26/src/work_space/source/pdc/tf_client/graphs/zfp_gpu.json
[13:55:09.080009] [WARNING] [pdc_tf_server.c:393] PDC_SERVER[0]: SCHED: setting CUDA device to 0 for edge 0 func=zfp_decompress
[13:55:09.080027] [WARNING] [pdc_tf_server.c:401] PDC_SERVER[0]: SCHED: executing edge 0 func=zfp_decompress dev=GPU
[INFO] PDC_SERVER[8]: Fetching region for obj_id=1000000001
[INFO] PDC_SERVER[8]: Checking against Object 10000000000
[INFO] PDC_SERVER[8]: Checking against Object 11000000000
[INFO] PDC_SERVER[8]: Checking against Object 12000000000
[INFO] PDC_SERVER[8]: Checking against Object 11000000001
[INFO] PDC_SERVER[8]: Checking against Object 12000000001
[INFO] PDC_SERVER[8]: Checking against Object 13000000000
[INFO] PDC_SERVER[8]: Checking against Object 12000000002
[INFO] PDC_SERVER[8]: Checking against Object 13000000001
[INFO] PDC_SERVER[8]: Checking against Object 14000000000
[INFO] PDC_SERVER[8]: Object 1000000001 NOT found in cache
[INFO] PDC_SERVER[8]: Fetching region from server for obj_id=1000000001
[13:55:09.082421] [WARNING] [pdc_tf_server.c:475] PDC_SERVER[1]: SCHED: done running transformations
[13:55:09.083164] [WARNING] [pdc_tf_server.c:475] PDC_SERVER[15]: SCHED: done running transformations
[13:55:09.083212] [WARNING] [pdc_tf_server.c:393] PDC_SERVER[12]: SCHED: setting CUDA device to 0 for edge 0 func=zfp_decompress
[13:55:09.083234] [WARNING] [pdc_tf_server.c:401] PDC_SERVER[12]: SCHED: executing edge 0 func=zfp_decompress dev=GPU
[13:55:09.083876] [WARNING] [pdc_tf_server.c:475] PDC_SERVER[9]: SCHED: done running transformations
[INFO] PDC_SERVER[2]: Fetching region for obj_id=1000000001
[INFO] PDC_SERVER[2]: Checking against Object 10000000000
[INFO] PDC_SERVER[2]: Checking against Object 11000000000
[INFO] PDC_SERVER[2]: Checking against Object 12000000000
[INFO] PDC_SERVER[2]: Checking against Object 11000000001
[INFO] PDC_SERVER[2]: Checking against Object 12000000001
[INFO] PDC_SERVER[2]: Checking against Object 13000000000
[INFO] PDC_SERVER[2]: Checking against Object 12000000002
[INFO] PDC_SERVER[2]: Checking against Object 13000000001
[INFO] PDC_SERVER[2]: Checking against Object 14000000000
[INFO] PDC_SERVER[2]: Object 1000000001 NOT found in cache
[INFO] PDC_SERVER[2]: Fetching region from server for obj_id=1000000001
[INFO] PDC_SERVER[3]: Fetching region for obj_id=1000000001
[INFO] PDC_SERVER[3]: Checking against Object 10000000000
[INFO] PDC_SERVER[3]: Checking against Object 11000000000
[INFO] PDC_SERVER[3]: Checking against Object 12000000000
[INFO] PDC_SERVER[3]: Checking against Object 11000000001
[INFO] PDC_SERVER[3]: Checking against Object 12000000001
[INFO] PDC_SERVER[3]: Checking against Object 13000000000
[INFO] PDC_SERVER[3]: Checking against Object 12000000002
[INFO] PDC_SERVER[3]: Checking against Object 13000000001
[INFO] PDC_SERVER[3]: Checking against Object 14000000000
[INFO] PDC_SERVER[3]: Object 1000000001 NOT found in cache
[INFO] PDC_SERVER[3]: Fetching region from server for obj_id=1000000001
[INFO] PDC_SERVER[13]: Fetching region for obj_id=1000000001
[INFO] PDC_SERVER[13]: Checking against Object 10000000000
[INFO] PDC_SERVER[13]: Checking against Object 11000000000
[INFO] PDC_SERVER[13]: Checking against Object 12000000000
[INFO] PDC_SERVER[13]: Checking against Object 11000000001
[INFO] PDC_SERVER[13]: Checking against Object 12000000001
[INFO] PDC_SERVER[13]: Checking against Object 13000000000
[INFO] PDC_SERVER[13]: Checking against Object 12000000002
[INFO] PDC_SERVER[13]: Checking against Object 13000000001
[INFO] PDC_SERVER[13]: Checking against Object 14000000000
[INFO] PDC_SERVER[13]: Object 1000000001 NOT found in cache
[INFO] PDC_SERVER[13]: Fetching region from server for obj_id=1000000001
[13:55:09.087609] [WARNING] [pdc_tf_server.c:475] PDC_SERVER[11]: SCHED: done running transformations
[INFO] PDC_SERVER[1]: Fetching region for obj_id=1000000001
[INFO] PDC_SERVER[1]: Checking against Object 10000000000
[INFO] PDC_SERVER[1]: Checking against Object 11000000000
[INFO] PDC_SERVER[1]: Checking against Object 12000000000
[INFO] PDC_SERVER[1]: Checking against Object 11000000001
[INFO] PDC_SERVER[1]: Checking against Object 12000000001
[INFO] PDC_SERVER[1]: Checking against Object 13000000000
[INFO] PDC_SERVER[1]: Checking against Object 12000000002
[INFO] PDC_SERVER[1]: Checking against Object 13000000001
[INFO] PDC_SERVER[1]: Checking against Object 14000000000
[INFO] PDC_SERVER[1]: Object 1000000001 NOT found in cache
[INFO] PDC_SERVER[1]: Fetching region from server for obj_id=1000000001
[INFO] PDC_SERVER[15]: Fetching region for obj_id=1000000001
[INFO] PDC_SERVER[15]: Checking against Object 10000000000
[INFO] PDC_SERVER[15]: Checking against Object 11000000000
[INFO] PDC_SERVER[15]: Checking against Object 12000000000
[INFO] PDC_SERVER[15]: Checking against Object 11000000001
[INFO] PDC_SERVER[15]: Checking against Object 12000000001
[INFO] PDC_SERVER[15]: Checking against Object 13000000000
[INFO] PDC_SERVER[15]: Checking against Object 12000000002
[INFO] PDC_SERVER[15]: Checking against Object 13000000001
[INFO] PDC_SERVER[15]: Checking against Object 14000000000
[INFO] PDC_SERVER[15]: Object 1000000001 NOT found in cache
[INFO] PDC_SERVER[15]: Fetching region from server for obj_id=1000000001
[INFO] PDC_SERVER[9]: Fetching region for obj_id=1000000001
[INFO] PDC_SERVER[9]: Checking against Object 10000000000
[INFO] PDC_SERVER[9]: Checking against Object 11000000000
[INFO] PDC_SERVER[9]: Checking against Object 12000000000
[INFO] PDC_SERVER[9]: Checking against Object 11000000001
[INFO] PDC_SERVER[9]: Checking against Object 12000000001
[INFO] PDC_SERVER[9]: Checking against Object 13000000000
[INFO] PDC_SERVER[9]: Checking against Object 12000000002
[INFO] PDC_SERVER[9]: Checking against Object 13000000001
[INFO] PDC_SERVER[9]: Checking against Object 14000000000
[INFO] PDC_SERVER[9]: Object 1000000001 NOT found in cache
[INFO] PDC_SERVER[9]: Fetching region from server for obj_id=1000000001
[13:55:09.089024] [WARNING] [pdc_tf_server.c:475] PDC_SERVER[6]: SCHED: done running transformations
[13:55:09.089737] [WARNING] [pdc_tf_server.c:475] PDC_SERVER[7]: SCHED: done running transformations
[13:55:09.090770] [WARNING] [pdc_tf_server.c:475] PDC_SERVER[0]: SCHED: done running transformations
[13:55:09.092331] [WARNING] [pdc_tf_server.c:475] PDC_SERVER[12]: SCHED: done running transformations
[INFO] PDC_SERVER[11]: Fetching region for obj_id=1000000001
[INFO] PDC_SERVER[11]: Checking against Object 10000000000
[INFO] PDC_SERVER[11]: Checking against Object 11000000000
[INFO] PDC_SERVER[11]: Checking against Object 12000000000
[INFO] PDC_SERVER[11]: Checking against Object 11000000001
[INFO] PDC_SERVER[11]: Checking against Object 12000000001
[INFO] PDC_SERVER[11]: Checking against Object 13000000000
[INFO] PDC_SERVER[11]: Checking against Object 12000000002
[INFO] PDC_SERVER[11]: Checking against Object 13000000001
[INFO] PDC_SERVER[11]: Checking against Object 14000000000
[INFO] PDC_SERVER[11]: Object 1000000001 NOT found in cache
[INFO] PDC_SERVER[11]: Fetching region from server for obj_id=1000000001
[13:55:09.093334] [WARNING] [pdc_tf_server.c:393] PDC_SERVER[10]: SCHED: setting CUDA device to 0 for edge 0 func=zfp_decompress
[13:55:09.093353] [WARNING] [pdc_tf_server.c:401] PDC_SERVER[10]: SCHED: executing edge 0 func=zfp_decompress dev=GPU
[INFO] PDC_SERVER[6]: Fetching region for obj_id=1000000001
[INFO] PDC_SERVER[6]: Checking against Object 10000000000
[INFO] PDC_SERVER[6]: Checking against Object 11000000000
[INFO] PDC_SERVER[6]: Checking against Object 12000000000
[INFO] PDC_SERVER[6]: Checking against Object 11000000001
[INFO] PDC_SERVER[6]: Checking against Object 12000000001
[INFO] PDC_SERVER[6]: Checking against Object 13000000000
[INFO] PDC_SERVER[6]: Checking against Object 12000000002
[INFO] PDC_SERVER[6]: Checking against Object 13000000001
[INFO] PDC_SERVER[6]: Checking against Object 14000000000
[INFO] PDC_SERVER[6]: Object 1000000001 NOT found in cache
[INFO] PDC_SERVER[6]: Fetching region from server for obj_id=1000000001
[13:55:09.094001] [WARNING] [pdc_tf_server.c:393] PDC_SERVER[14]: SCHED: setting CUDA device to 0 for edge 0 func=zfp_decompress
[13:55:09.094023] [WARNING] [pdc_tf_server.c:401] PDC_SERVER[14]: SCHED: executing edge 0 func=zfp_decompress dev=GPU
[13:55:09.094673] [WARNING] [pdc_tf_server.c:393] PDC_SERVER[5]: SCHED: setting CUDA device to 0 for edge 0 func=zfp_decompress
[13:55:09.094688] [WARNING] [pdc_tf_server.c:401] PDC_SERVER[5]: SCHED: executing edge 0 func=zfp_decompress dev=GPU
[INFO] PDC_SERVER[7]: Fetching region for obj_id=1000000001
[INFO] PDC_SERVER[7]: Checking against Object 10000000000
[INFO] PDC_SERVER[7]: Checking against Object 11000000000
[INFO] PDC_SERVER[7]: Checking against Object 12000000000
[INFO] PDC_SERVER[7]: Checking against Object 11000000001
[INFO] PDC_SERVER[7]: Checking against Object 12000000001
[INFO] PDC_SERVER[7]: Checking against Object 13000000000
[INFO] PDC_SERVER[7]: Checking against Object 12000000002
[INFO] PDC_SERVER[7]: Checking against Object 13000000001
[INFO] PDC_SERVER[7]: Checking against Object 14000000000
[INFO] PDC_SERVER[7]: Object 1000000001 NOT found in cache
[INFO] PDC_SERVER[7]: Fetching region from server for obj_id=1000000001
[INFO] PDC_SERVER[0]: Fetching region for obj_id=1000000001
[INFO] PDC_SERVER[0]: Checking against Object 10000000000
[INFO] PDC_SERVER[0]: Checking against Object 11000000000
[INFO] PDC_SERVER[0]: Checking against Object 12000000000
[INFO] PDC_SERVER[0]: Checking against Object 11000000001
[INFO] PDC_SERVER[0]: Checking against Object 12000000001
[INFO] PDC_SERVER[0]: Checking against Object 13000000000
[INFO] PDC_SERVER[0]: Checking against Object 12000000002
[INFO] PDC_SERVER[0]: Checking against Object 13000000001
[INFO] PDC_SERVER[0]: Checking against Object 14000000000
[INFO] PDC_SERVER[0]: Object 1000000001 NOT found in cache
[INFO] PDC_SERVER[0]: Fetching region from server for obj_id=1000000001
[13:55:09.096675] [WARNING] [pdc_tf_server.c:393] PDC_SERVER[8]: SCHED: setting CUDA device to 0 for edge 0 func=zfp_decompress
[13:55:09.096689] [WARNING] [pdc_tf_server.c:401] PDC_SERVER[8]: SCHED: executing edge 0 func=zfp_decompress dev=GPU
[13:55:09.096705] [WARNING] [pdc_tf_server.c:393] PDC_SERVER[4]: SCHED: setting CUDA device to 0 for edge 0 func=zfp_decompress
[13:55:09.096734] [WARNING] [pdc_tf_server.c:401] PDC_SERVER[4]: SCHED: executing edge 0 func=zfp_decompress dev=GPU
[INFO] PDC_SERVER[12]: Fetching region for obj_id=1000000001
[INFO] PDC_SERVER[12]: Checking against Object 10000000000
[INFO] PDC_SERVER[12]: Checking against Object 11000000000
[INFO] PDC_SERVER[12]: Checking against Object 12000000000
[INFO] PDC_SERVER[12]: Checking against Object 11000000001
[INFO] PDC_SERVER[12]: Checking against Object 12000000001
[INFO] PDC_SERVER[12]: Checking against Object 13000000000
[INFO] PDC_SERVER[12]: Checking against Object 12000000002
[INFO] PDC_SERVER[12]: Checking against Object 13000000001
[INFO] PDC_SERVER[12]: Checking against Object 14000000000
[INFO] PDC_SERVER[12]: Object 1000000001 NOT found in cache
[INFO] PDC_SERVER[12]: Fetching region from server for obj_id=1000000001
[13:55:09.100339] [WARNING] [pdc_tf_server.c:393] PDC_SERVER[13]: SCHED: setting CUDA device to 0 for edge 0 func=zfp_decompress
[13:55:09.100353] [WARNING] [pdc_tf_server.c:401] PDC_SERVER[13]: SCHED: executing edge 0 func=zfp_decompress dev=GPU
[13:55:09.100642] [WARNING] [pdc_tf_server.c:393] PDC_SERVER[3]: SCHED: setting CUDA device to 0 for edge 0 func=zfp_decompress
[13:55:09.100667] [WARNING] [pdc_tf_server.c:401] PDC_SERVER[3]: SCHED: executing edge 0 func=zfp_decompress dev=GPU
[13:55:09.100744] [WARNING] [pdc_tf_server.c:393] PDC_SERVER[2]: SCHED: setting CUDA device to 0 for edge 0 func=zfp_decompress
[13:55:09.100758] [WARNING] [pdc_tf_server.c:401] PDC_SERVER[2]: SCHED: executing edge 0 func=zfp_decompress dev=GPU
[13:55:09.102803] [WARNING] [pdc_tf_server.c:475] PDC_SERVER[14]: SCHED: done running transformations
[13:55:09.103461] [WARNING] [pdc_tf_server.c:393] PDC_SERVER[15]: SCHED: setting CUDA device to 0 for edge 0 func=zfp_decompress
[13:55:09.103476] [WARNING] [pdc_tf_server.c:401] PDC_SERVER[15]: SCHED: executing edge 0 func=zfp_decompress dev=GPU
[13:55:09.103444] [WARNING] [pdc_tf_server.c:393] PDC_SERVER[1]: SCHED: setting CUDA device to 0 for edge 0 func=zfp_decompress
[13:55:09.103462] [WARNING] [pdc_tf_server.c:401] PDC_SERVER[1]: SCHED: executing edge 0 func=zfp_decompress dev=GPU
[13:55:09.103525] [WARNING] [pdc_tf_server.c:475] PDC_SERVER[10]: SCHED: done running transformations
[13:55:09.104560] [WARNING] [pdc_tf_server.c:393] PDC_SERVER[9]: SCHED: setting CUDA device to 0 for edge 0 func=zfp_decompress
[13:55:09.104588] [WARNING] [pdc_tf_server.c:401] PDC_SERVER[9]: SCHED: executing edge 0 func=zfp_decompress dev=GPU
[13:55:09.106596] [WARNING] [pdc_tf_server.c:475] PDC_SERVER[5]: SCHED: done running transformations
[13:55:09.107623] [WARNING] [pdc_tf_server.c:475] PDC_SERVER[8]: SCHED: done running transformations
[INFO] PDC_SERVER[14]: Fetching region for obj_id=1000000001
[INFO] PDC_SERVER[14]: Checking against Object 10000000000
[INFO] PDC_SERVER[14]: Checking against Object 11000000000
[INFO] PDC_SERVER[14]: Checking against Object 12000000000
[INFO] PDC_SERVER[14]: Checking against Object 11000000001
[INFO] PDC_SERVER[14]: Checking against Object 12000000001
[INFO] PDC_SERVER[14]: Checking against Object 13000000000
[INFO] PDC_SERVER[14]: Checking against Object 12000000002
[INFO] PDC_SERVER[14]: Checking against Object 13000000001
[INFO] PDC_SERVER[14]: Checking against Object 14000000000
[INFO] PDC_SERVER[14]: Object 1000000001 NOT found in cache
[INFO] PDC_SERVER[14]: Fetching region from server for obj_id=1000000001
[13:55:09.108179] [WARNING] [pdc_tf_server.c:475] PDC_SERVER[4]: SCHED: done running transformations
[13:55:09.109636] [WARNING] [pdc_tf_server.c:393] PDC_SERVER[6]: SCHED: setting CUDA device to 0 for edge 0 func=zfp_decompress
[13:55:09.109654] [WARNING] [pdc_tf_server.c:401] PDC_SERVER[6]: SCHED: executing edge 0 func=zfp_decompress dev=GPU
[13:55:09.110277] [WARNING] [pdc_tf_server.c:475] PDC_SERVER[13]: SCHED: done running transformations
[INFO] PDC_SERVER[10]: Fetching region for obj_id=1000000001
[INFO] PDC_SERVER[10]: Checking against Object 10000000000
[INFO] PDC_SERVER[10]: Checking against Object 11000000000
[INFO] PDC_SERVER[10]: Checking against Object 12000000000
[INFO] PDC_SERVER[10]: Checking against Object 11000000001
[INFO] PDC_SERVER[10]: Checking against Object 12000000001
[INFO] PDC_SERVER[10]: Checking against Object 13000000000
[INFO] PDC_SERVER[10]: Checking against Object 12000000002
[INFO] PDC_SERVER[10]: Checking against Object 13000000001
[INFO] PDC_SERVER[10]: Checking against Object 14000000000
[INFO] PDC_SERVER[10]: Object 1000000001 NOT found in cache
[INFO] PDC_SERVER[10]: Fetching region from server for obj_id=1000000001
[13:55:09.110854] [WARNING] [pdc_tf_server.c:393] PDC_SERVER[7]: SCHED: setting CUDA device to 0 for edge 0 func=zfp_decompress
[13:55:09.110882] [WARNING] [pdc_tf_server.c:401] PDC_SERVER[7]: SCHED: executing edge 0 func=zfp_decompress dev=GPU
[13:55:09.112043] [WARNING] [pdc_tf_server.c:475] PDC_SERVER[15]: SCHED: done running transformations
[INFO] PDC_SERVER[0]: Executing graph with json filepath /pscratch/sd/n/nlewi26/src/work_space/source/pdc/tf_client/graphs/zfp_gpu.json
[13:55:09.112388] [WARNING] [pdc_tf_server.c:393] PDC_SERVER[0]: SCHED: setting CUDA device to 0 for edge 0 func=zfp_decompress
[13:55:09.112403] [WARNING] [pdc_tf_server.c:401] PDC_SERVER[0]: SCHED: executing edge 0 func=zfp_decompress dev=GPU
[13:55:09.113056] [WARNING] [pdc_tf_server.c:475] PDC_SERVER[1]: SCHED: done running transformations
[INFO] PDC_SERVER[5]: Fetching region for obj_id=1000000001
[INFO] PDC_SERVER[5]: Checking against Object 10000000000
[INFO] PDC_SERVER[5]: Checking against Object 11000000000
[INFO] PDC_SERVER[5]: Checking against Object 12000000000
[INFO] PDC_SERVER[5]: Checking against Object 11000000001
[INFO] PDC_SERVER[5]: Checking against Object 12000000001
[INFO] PDC_SERVER[5]: Checking against Object 13000000000
[INFO] PDC_SERVER[5]: Checking against Object 12000000002
[INFO] PDC_SERVER[5]: Checking against Object 13000000001
[INFO] PDC_SERVER[5]: Checking against Object 14000000000
[INFO] PDC_SERVER[5]: Object 1000000001 NOT found in cache
[INFO] PDC_SERVER[5]: Fetching region from server for obj_id=1000000001
[INFO] PDC_SERVER[8]: Fetching region for obj_id=1000000001
[INFO] PDC_SERVER[8]: Checking against Object 10000000000
[INFO] PDC_SERVER[8]: Checking against Object 11000000000
[INFO] PDC_SERVER[8]: Checking against Object 12000000000
[INFO] PDC_SERVER[8]: Checking against Object 11000000001
[INFO] PDC_SERVER[8]: Checking against Object 12000000001
[13:55:09.113952] [WARNING] [pdc_tf_server.c:393] PDC_SERVER[12]: SCHED: setting CUDA device to 0 for edge 0 func=zfp_decompress
[13:55:09.113975] [WARNING] [pdc_tf_server.c:401] PDC_SERVER[12]: SCHED: executing edge 0 func=zfp_decompress dev=GPU
[INFO] PDC_SERVER[8]: Checking against Object 13000000000
[INFO] PDC_SERVER[8]: Checking against Object 12000000002
[INFO] PDC_SERVER[8]: Checking against Object 13000000001
[INFO] PDC_SERVER[8]: Checking against Object 14000000000
[INFO] PDC_SERVER[8]: Object 1000000001 NOT found in cache
[13:55:09.113958] [WARNING] [pdc_tf_server.c:475] PDC_SERVER[3]: SCHED: done running transformations
[13:55:09.113971] [WARNING] [pdc_tf_server.c:475] PDC_SERVER[9]: SCHED: done running transformations
[INFO] PDC_SERVER[8]: Fetching region from server for obj_id=1000000001
[13:55:09.114339] [WARNING] [pdc_tf_server.c:475] PDC_SERVER[2]: SCHED: done running transformations
[13:55:09.114386] [WARNING] [pdc_tf_server.c:393] PDC_SERVER[11]: SCHED: setting CUDA device to 0 for edge 0 func=zfp_decompress
[13:55:09.114401] [WARNING] [pdc_tf_server.c:401] PDC_SERVER[11]: SCHED: executing edge 0 func=zfp_decompress dev=GPU
[INFO] PDC_SERVER[4]: Fetching region for obj_id=1000000001
[INFO] PDC_SERVER[4]: Checking against Object 10000000000
[INFO] PDC_SERVER[4]: Checking against Object 11000000000
[INFO] PDC_SERVER[4]: Checking against Object 12000000000
[INFO] PDC_SERVER[4]: Checking against Object 11000000001
[INFO] PDC_SERVER[4]: Checking against Object 12000000001
[INFO] PDC_SERVER[4]: Checking against Object 13000000000
[INFO] PDC_SERVER[4]: Checking against Object 12000000002
[INFO] PDC_SERVER[4]: Checking against Object 13000000001
[INFO] PDC_SERVER[4]: Checking against Object 14000000000
[INFO] PDC_SERVER[4]: Object 1000000001 NOT found in cache
[INFO] PDC_SERVER[4]: Fetching region from server for obj_id=1000000001
[INFO] PDC_SERVER[13]: Fetching region for obj_id=1000000001
[INFO] PDC_SERVER[13]: Checking against Object 10000000000
[INFO] PDC_SERVER[13]: Checking against Object 11000000000
[INFO] PDC_SERVER[13]: Checking against Object 12000000000
[INFO] PDC_SERVER[13]: Checking against Object 11000000001
[INFO] PDC_SERVER[13]: Checking against Object 12000000001
[INFO] PDC_SERVER[13]: Checking against Object 13000000000
[INFO] PDC_SERVER[13]: Checking against Object 12000000002
[INFO] PDC_SERVER[13]: Checking against Object 13000000001
[INFO] PDC_SERVER[13]: Checking against Object 14000000000
[INFO] PDC_SERVER[13]: Object 1000000001 NOT found in cache
[INFO] PDC_SERVER[13]: Fetching region from server for obj_id=1000000001
[INFO] PDC_SERVER[15]: Fetching region for obj_id=1000000001
[INFO] PDC_SERVER[15]: Checking against Object 10000000000
[INFO] PDC_SERVER[15]: Checking against Object 11000000000
[INFO] PDC_SERVER[15]: Checking against Object 12000000000
[INFO] PDC_SERVER[15]: Checking against Object 11000000001
[INFO] PDC_SERVER[15]: Checking against Object 12000000001
[INFO] PDC_SERVER[15]: Checking against Object 13000000000
[INFO] PDC_SERVER[15]: Checking against Object 12000000002
[INFO] PDC_SERVER[15]: Checking against Object 13000000001
[INFO] PDC_SERVER[15]: Checking against Object 14000000000
[INFO] PDC_SERVER[15]: Object 1000000001 NOT found in cache
[INFO] PDC_SERVER[15]: Fetching region from server for obj_id=1000000001
[INFO] PDC_SERVER[1]: Fetching region for obj_id=1000000001
[INFO] PDC_SERVER[1]: Checking against Object 10000000000
[INFO] PDC_SERVER[1]: Checking against Object 11000000000
[INFO] PDC_SERVER[1]: Checking against Object 12000000000
[INFO] PDC_SERVER[1]: Checking against Object 11000000001
[INFO] PDC_SERVER[1]: Checking against Object 12000000001
[INFO] PDC_SERVER[1]: Checking against Object 13000000000
[INFO] PDC_SERVER[1]: Checking against Object 12000000002
[INFO] PDC_SERVER[1]: Checking against Object 13000000001
[INFO] PDC_SERVER[1]: Checking against Object 14000000000
[INFO] PDC_SERVER[1]: Object 1000000001 NOT found in cache
[INFO] PDC_SERVER[1]: Fetching region from server for obj_id=1000000001
[13:55:09.118672] [WARNING] [pdc_tf_server.c:475] PDC_SERVER[6]: SCHED: done running transformations
[INFO] PDC_SERVER[9]: Fetching region for obj_id=1000000001
[INFO] PDC_SERVER[9]: Checking against Object 10000000000
[INFO] PDC_SERVER[9]: Checking against Object 11000000000
[INFO] PDC_SERVER[9]: Checking against Object 12000000000
[INFO] PDC_SERVER[9]: Checking against Object 11000000001
[INFO] PDC_SERVER[9]: Checking against Object 12000000001
[INFO] PDC_SERVER[9]: Checking against Object 13000000000
[INFO] PDC_SERVER[9]: Checking against Object 12000000002
[INFO] PDC_SERVER[9]: Checking against Object 13000000001
[INFO] PDC_SERVER[9]: Checking against Object 14000000000
[INFO] PDC_SERVER[9]: Object 1000000001 NOT found in cache
[INFO] PDC_SERVER[9]: Fetching region from server for obj_id=1000000001
[13:55:09.120472] [WARNING] [pdc_tf_server.c:475] PDC_SERVER[7]: SCHED: done running transformations
[INFO] PDC_SERVER[3]: Fetching region for obj_id=1000000001
[INFO] PDC_SERVER[3]: Checking against Object 10000000000
[INFO] PDC_SERVER[3]: Checking against Object 11000000000
[INFO] PDC_SERVER[3]: Checking against Object 12000000000
[INFO] PDC_SERVER[3]: Checking against Object 11000000001
[INFO] PDC_SERVER[3]: Checking against Object 12000000001
[INFO] PDC_SERVER[3]: Checking against Object 13000000000
[INFO] PDC_SERVER[3]: Checking against Object 12000000002
[INFO] PDC_SERVER[3]: Checking against Object 13000000001
[INFO] PDC_SERVER[3]: Checking against Object 14000000000
[INFO] PDC_SERVER[3]: Object 1000000001 NOT found in cache
[INFO] PDC_SERVER[3]: Fetching region from server for obj_id=1000000001
[INFO] PDC_SERVER[2]: Fetching region for obj_id=1000000001
[INFO] PDC_SERVER[2]: Checking against Object 10000000000
[INFO] PDC_SERVER[2]: Checking against Object 11000000000
[INFO] PDC_SERVER[2]: Checking against Object 12000000000
[INFO] PDC_SERVER[2]: Checking against Object 11000000001
[INFO] PDC_SERVER[2]: Checking against Object 12000000001
[INFO] PDC_SERVER[2]: Checking against Object 13000000000
[INFO] PDC_SERVER[2]: Checking against Object 12000000002
[INFO] PDC_SERVER[2]: Checking against Object 13000000001
[INFO] PDC_SERVER[2]: Checking against Object 14000000000
[INFO] PDC_SERVER[2]: Object 1000000001 NOT found in cache
[INFO] PDC_SERVER[2]: Fetching region from server for obj_id=1000000001
[13:55:09.122883] [WARNING] [pdc_tf_server.c:475] PDC_SERVER[12]: SCHED: done running transformations
[INFO] PDC_SERVER[6]: Fetching region for obj_id=1000000001
[INFO] PDC_SERVER[6]: Checking against Object 10000000000
[INFO] PDC_SERVER[6]: Checking against Object 11000000000
[INFO] PDC_SERVER[6]: Checking against Object 12000000000
[INFO] PDC_SERVER[6]: Checking against Object 11000000001
[INFO] PDC_SERVER[6]: Checking against Object 12000000001
[INFO] PDC_SERVER[6]: Checking against Object 13000000000
[INFO] PDC_SERVER[6]: Checking against Object 12000000002
[INFO] PDC_SERVER[6]: Checking against Object 13000000001
[INFO] PDC_SERVER[6]: Checking against Object 14000000000
[INFO] PDC_SERVER[6]: Object 1000000001 NOT found in cache
[INFO] PDC_SERVER[6]: Fetching region from server for obj_id=1000000001
[13:55:09.123640] [WARNING] [pdc_tf_server.c:475] PDC_SERVER[11]: SCHED: done running transformations
[13:55:09.124696] [WARNING] [pdc_tf_server.c:393] PDC_SERVER[14]: SCHED: setting CUDA device to 0 for edge 0 func=zfp_decompress
[13:55:09.124721] [WARNING] [pdc_tf_server.c:401] PDC_SERVER[14]: SCHED: executing edge 0 func=zfp_decompress dev=GPU
[INFO] PDC_SERVER[7]: Fetching region for obj_id=1000000001
[INFO] PDC_SERVER[7]: Checking against Object 10000000000
[INFO] PDC_SERVER[7]: Checking against Object 11000000000
[INFO] PDC_SERVER[7]: Checking against Object 12000000000
[INFO] PDC_SERVER[7]: Checking against Object 11000000001
[INFO] PDC_SERVER[7]: Checking against Object 12000000001
[INFO] PDC_SERVER[7]: Checking against Object 13000000000
[INFO] PDC_SERVER[7]: Checking against Object 12000000002
[INFO] PDC_SERVER[7]: Checking against Object 13000000001
[INFO] PDC_SERVER[7]: Checking against Object 14000000000
[INFO] PDC_SERVER[7]: Object 1000000001 NOT found in cache
[INFO] PDC_SERVER[7]: Fetching region from server for obj_id=1000000001
[13:55:09.126362] [WARNING] [pdc_tf_server.c:475] PDC_SERVER[0]: SCHED: done running transformations
[INFO] PDC_SERVER[12]: Fetching region for obj_id=1000000001
[INFO] PDC_SERVER[12]: Checking against Object 10000000000
[INFO] PDC_SERVER[12]: Checking against Object 11000000000
[INFO] PDC_SERVER[12]: Checking against Object 12000000000
[INFO] PDC_SERVER[12]: Checking against Object 11000000001
[INFO] PDC_SERVER[12]: Checking against Object 12000000001
[INFO] PDC_SERVER[12]: Checking against Object 13000000000
[INFO] PDC_SERVER[12]: Checking against Object 12000000002
[INFO] PDC_SERVER[12]: Checking against Object 13000000001
[INFO] PDC_SERVER[12]: Checking against Object 14000000000
[INFO] PDC_SERVER[12]: Object 1000000001 NOT found in cache
[INFO] PDC_SERVER[12]: Fetching region from server for obj_id=1000000001
[13:55:09.127676] [WARNING] [pdc_tf_server.c:393] PDC_SERVER[10]: SCHED: setting CUDA device to 0 for edge 0 func=zfp_decompress
[13:55:09.127694] [WARNING] [pdc_tf_server.c:401] PDC_SERVER[10]: SCHED: executing edge 0 func=zfp_decompress dev=GPU
[INFO] PDC_SERVER[11]: Fetching region for obj_id=1000000001
[INFO] PDC_SERVER[11]: Checking against Object 10000000000
[INFO] PDC_SERVER[11]: Checking against Object 11000000000
[INFO] PDC_SERVER[11]: Checking against Object 12000000000
[INFO] PDC_SERVER[11]: Checking against Object 11000000001
[INFO] PDC_SERVER[11]: Checking against Object 12000000001
[INFO] PDC_SERVER[11]: Checking against Object 13000000000
[INFO] PDC_SERVER[11]: Checking against Object 12000000002
[INFO] PDC_SERVER[11]: Checking against Object 13000000001
[INFO] PDC_SERVER[11]: Checking against Object 14000000000
[INFO] PDC_SERVER[11]: Object 1000000001 NOT found in cache
[INFO] PDC_SERVER[11]: Fetching region from server for obj_id=1000000001
[13:55:09.130079] [WARNING] [pdc_tf_server.c:393] PDC_SERVER[5]: SCHED: setting CUDA device to 0 for edge 0 func=zfp_decompress
[13:55:09.130099] [WARNING] [pdc_tf_server.c:401] PDC_SERVER[5]: SCHED: executing edge 0 func=zfp_decompress dev=GPU
[13:55:09.130449] [WARNING] [pdc_tf_server.c:393] PDC_SERVER[8]: SCHED: setting CUDA device to 0 for edge 0 func=zfp_decompress
[13:55:09.130464] [WARNING] [pdc_tf_server.c:401] PDC_SERVER[8]: SCHED: executing edge 0 func=zfp_decompress dev=GPU
[13:55:09.130775] [WARNING] [pdc_tf_server.c:393] PDC_SERVER[13]: SCHED: setting CUDA device to 0 for edge 0 func=zfp_decompress
[13:55:09.130789] [WARNING] [pdc_tf_server.c:401] PDC_SERVER[13]: SCHED: executing edge 0 func=zfp_decompress dev=GPU
[13:55:09.131452] [WARNING] [pdc_tf_server.c:393] PDC_SERVER[4]: SCHED: setting CUDA device to 0 for edge 0 func=zfp_decompress
[13:55:09.131477] [WARNING] [pdc_tf_server.c:401] PDC_SERVER[4]: SCHED: executing edge 0 func=zfp_decompress dev=GPU
[INFO] PDC_SERVER[0]: Fetching region for obj_id=1000000001
[INFO] PDC_SERVER[0]: Checking against Object 10000000000
[INFO] PDC_SERVER[0]: Checking against Object 11000000000
[INFO] PDC_SERVER[0]: Checking against Object 12000000000
[INFO] PDC_SERVER[0]: Checking against Object 11000000001
[INFO] PDC_SERVER[0]: Checking against Object 12000000001
[INFO] PDC_SERVER[0]: Checking against Object 13000000000
[INFO] PDC_SERVER[0]: Checking against Object 12000000002
[INFO] PDC_SERVER[0]: Checking against Object 13000000001
[INFO] PDC_SERVER[0]: Checking against Object 14000000000
[INFO] PDC_SERVER[0]: Object 1000000001 NOT found in cache
[INFO] PDC_SERVER[0]: Fetching region from server for obj_id=1000000001
[13:55:09.132418] [WARNING] [pdc_tf_server.c:393] PDC_SERVER[15]: SCHED: setting CUDA device to 0 for edge 0 func=zfp_decompress
[13:55:09.132432] [WARNING] [pdc_tf_server.c:401] PDC_SERVER[15]: SCHED: executing edge 0 func=zfp_decompress dev=GPU
[13:55:09.133006] [WARNING] [pdc_tf_server.c:475] PDC_SERVER[14]: SCHED: done running transformations
[13:55:09.134550] [WARNING] [pdc_tf_server.c:393] PDC_SERVER[1]: SCHED: setting CUDA device to 0 for edge 0 func=zfp_decompress
[13:55:09.134573] [WARNING] [pdc_tf_server.c:401] PDC_SERVER[1]: SCHED: executing edge 0 func=zfp_decompress dev=GPU
[13:55:09.134897] [WARNING] [pdc_tf_server.c:393] PDC_SERVER[9]: SCHED: setting CUDA device to 0 for edge 0 func=zfp_decompress
[13:55:09.134928] [WARNING] [pdc_tf_server.c:401] PDC_SERVER[9]: SCHED: executing edge 0 func=zfp_decompress dev=GPU
[13:55:09.137059] [WARNING] [pdc_tf_server.c:393] PDC_SERVER[3]: SCHED: setting CUDA device to 0 for edge 0 func=zfp_decompress
[13:55:09.137088] [WARNING] [pdc_tf_server.c:401] PDC_SERVER[3]: SCHED: executing edge 0 func=zfp_decompress dev=GPU
[13:55:09.137209] [WARNING] [pdc_tf_server.c:393] PDC_SERVER[2]: SCHED: setting CUDA device to 0 for edge 0 func=zfp_decompress
[13:55:09.137224] [WARNING] [pdc_tf_server.c:401] PDC_SERVER[2]: SCHED: executing edge 0 func=zfp_decompress dev=GPU
[13:55:09.138041] [WARNING] [pdc_tf_server.c:475] PDC_SERVER[10]: SCHED: done running transformations
[INFO] PDC_SERVER[14]: Fetching region for obj_id=1000000001
[INFO] PDC_SERVER[14]: Checking against Object 10000000000
[INFO] PDC_SERVER[14]: Checking against Object 11000000000
[INFO] PDC_SERVER[14]: Checking against Object 12000000000
[INFO] PDC_SERVER[14]: Checking against Object 11000000001
[INFO] PDC_SERVER[14]: Checking against Object 12000000001
[INFO] PDC_SERVER[14]: Checking against Object 13000000000
[INFO] PDC_SERVER[14]: Checking against Object 12000000002
[INFO] PDC_SERVER[14]: Checking against Object 13000000001
[INFO] PDC_SERVER[14]: Checking against Object 14000000000
[INFO] PDC_SERVER[14]: Object 1000000001 NOT found in cache
[INFO] PDC_SERVER[14]: Fetching region from server for obj_id=1000000001
[13:55:09.139380] [WARNING] [pdc_tf_server.c:393] PDC_SERVER[6]: SCHED: setting CUDA device to 0 for edge 0 func=zfp_decompress
[13:55:09.139405] [WARNING] [pdc_tf_server.c:401] PDC_SERVER[6]: SCHED: executing edge 0 func=zfp_decompress dev=GPU
[13:55:09.140960] [WARNING] [pdc_tf_server.c:475] PDC_SERVER[8]: SCHED: done running transformations
[13:55:09.140953] [WARNING] [pdc_tf_server.c:475] PDC_SERVER[13]: SCHED: done running transformations
[13:55:09.141694] [WARNING] [pdc_tf_server.c:393] PDC_SERVER[7]: SCHED: setting CUDA device to 0 for edge 0 func=zfp_decompress
[13:55:09.141717] [WARNING] [pdc_tf_server.c:401] PDC_SERVER[7]: SCHED: executing edge 0 func=zfp_decompress dev=GPU
[13:55:09.142733] [WARNING] [pdc_tf_server.c:475] PDC_SERVER[15]: SCHED: done running transformations
[13:55:09.142830] [WARNING] [pdc_tf_server.c:475] PDC_SERVER[1]: SCHED: done running transformations
[13:55:09.143281] [WARNING] [pdc_tf_server.c:393] PDC_SERVER[12]: SCHED: setting CUDA device to 0 for edge 0 func=zfp_decompress
[13:55:09.143299] [WARNING] [pdc_tf_server.c:401] PDC_SERVER[12]: SCHED: executing edge 0 func=zfp_decompress dev=GPU
[13:55:09.144413] [WARNING] [pdc_tf_server.c:475] PDC_SERVER[4]: SCHED: done running transformations
[13:55:09.144473] [WARNING] [pdc_tf_server.c:475] PDC_SERVER[9]: SCHED: done running transformations
[INFO] PDC_SERVER[10]: Fetching region for obj_id=1000000001
[INFO] PDC_SERVER[10]: Checking against Object 10000000000
[INFO] PDC_SERVER[10]: Checking against Object 11000000000
[INFO] PDC_SERVER[10]: Checking against Object 12000000000
[INFO] PDC_SERVER[10]: Checking against Object 11000000001
[INFO] PDC_SERVER[10]: Checking against Object 12000000001
[INFO] PDC_SERVER[10]: Checking against Object 13000000000
[INFO] PDC_SERVER[10]: Checking against Object 12000000002
[INFO] PDC_SERVER[10]: Checking against Object 13000000001
[INFO] PDC_SERVER[10]: Checking against Object 14000000000
[INFO] PDC_SERVER[10]: Object 1000000001 NOT found in cache
[INFO] PDC_SERVER[10]: Fetching region from server for obj_id=1000000001
[13:55:09.144630] [WARNING] [pdc_tf_server.c:475] PDC_SERVER[5]: SCHED: done running transformations
[13:55:09.145518] [WARNING] [pdc_tf_server.c:393] PDC_SERVER[11]: SCHED: setting CUDA device to 0 for edge 0 func=zfp_decompress
[13:55:09.145556] [WARNING] [pdc_tf_server.c:401] PDC_SERVER[11]: SCHED: executing edge 0 func=zfp_decompress dev=GPU
[INFO] PDC_SERVER[13]: Fetching region for obj_id=1000000001
[INFO] PDC_SERVER[13]: Checking against Object 10000000000
[INFO] PDC_SERVER[13]: Checking against Object 11000000000
[INFO] PDC_SERVER[13]: Checking against Object 12000000000
[INFO] PDC_SERVER[13]: Checking against Object 11000000001
[INFO] PDC_SERVER[13]: Checking against Object 12000000001
[INFO] PDC_SERVER[13]: Checking against Object 13000000000
[INFO] PDC_SERVER[13]: Checking against Object 12000000002
[INFO] PDC_SERVER[13]: Checking against Object 13000000001
[INFO] PDC_SERVER[13]: Checking against Object 14000000000
[INFO] PDC_SERVER[13]: Object 1000000001 NOT found in cache
[INFO] PDC_SERVER[13]: Fetching region from server for obj_id=1000000001
[INFO] PDC_SERVER[8]: Fetching region for obj_id=1000000001
[INFO] PDC_SERVER[8]: Checking against Object 10000000000
[INFO] PDC_SERVER[8]: Checking against Object 11000000000
[INFO] PDC_SERVER[8]: Checking against Object 12000000000
[INFO] PDC_SERVER[8]: Checking against Object 11000000001
[INFO] PDC_SERVER[8]: Checking against Object 12000000001
[INFO] PDC_SERVER[8]: Checking against Object 13000000000
[INFO] PDC_SERVER[8]: Checking against Object 12000000002
[INFO] PDC_SERVER[8]: Checking against Object 13000000001
[INFO] PDC_SERVER[8]: Checking against Object 14000000000
[INFO] PDC_SERVER[8]: Object 1000000001 NOT found in cache
[INFO] PDC_SERVER[8]: Fetching region from server for obj_id=1000000001
[INFO] PDC_SERVER[0]: Executing graph with json filepath /pscratch/sd/n/nlewi26/src/work_space/source/pdc/tf_client/graphs/zfp_gpu.json
[13:55:09.147538] [WARNING] [pdc_tf_server.c:393] PDC_SERVER[0]: SCHED: setting CUDA device to 0 for edge 0 func=zfp_decompress
[13:55:09.147551] [WARNING] [pdc_tf_server.c:401] PDC_SERVER[0]: SCHED: executing edge 0 func=zfp_decompress dev=GPU
[INFO] PDC_SERVER[1]: Fetching region for obj_id=1000000001
[INFO] PDC_SERVER[1]: Checking against Object 10000000000
[INFO] PDC_SERVER[1]: Checking against Object 11000000000
[INFO] PDC_SERVER[1]: Checking against Object 12000000000
[INFO] PDC_SERVER[1]: Checking against Object 11000000001
[INFO] PDC_SERVER[1]: Checking against Object 12000000001
[INFO] PDC_SERVER[1]: Checking against Object 13000000000
[INFO] PDC_SERVER[1]: Checking against Object 12000000002
[INFO] PDC_SERVER[1]: Checking against Object 13000000001
[INFO] PDC_SERVER[1]: Checking against Object 14000000000
[INFO] PDC_SERVER[1]: Object 1000000001 NOT found in cache
[INFO] PDC_SERVER[1]: Fetching region from server for obj_id=1000000001
[INFO] PDC_SERVER[15]: Fetching region for obj_id=1000000001
[INFO] PDC_SERVER[15]: Checking against Object 10000000000
[INFO] PDC_SERVER[15]: Checking against Object 11000000000
[INFO] PDC_SERVER[15]: Checking against Object 12000000000
[INFO] PDC_SERVER[15]: Checking against Object 11000000001
[INFO] PDC_SERVER[15]: Checking against Object 12000000001
[INFO] PDC_SERVER[15]: Checking against Object 13000000000
[INFO] PDC_SERVER[15]: Checking against Object 12000000002
[INFO] PDC_SERVER[15]: Checking against Object 13000000001
[INFO] PDC_SERVER[15]: Checking against Object 14000000000
[INFO] PDC_SERVER[15]: Object 1000000001 NOT found in cache
[INFO] PDC_SERVER[15]: Fetching region from server for obj_id=1000000001
[13:55:09.148045] [WARNING] [pdc_tf_server.c:475] PDC_SERVER[6]: SCHED: done running transformations
[INFO] PDC_SERVER[9]: Fetching region for obj_id=1000000001
[INFO] PDC_SERVER[9]: Checking against Object 10000000000
[INFO] PDC_SERVER[9]: Checking against Object 11000000000
[INFO] PDC_SERVER[9]: Checking against Object 12000000000
[INFO] PDC_SERVER[9]: Checking against Object 11000000001
[INFO] PDC_SERVER[9]: Checking against Object 12000000001
[INFO] PDC_SERVER[9]: Checking against Object 13000000000
[INFO] PDC_SERVER[9]: Checking against Object 12000000002
[INFO] PDC_SERVER[9]: Checking against Object 13000000001
[INFO] PDC_SERVER[9]: Checking against Object 14000000000
[INFO] PDC_SERVER[9]: Object 1000000001 NOT found in cache
[INFO] PDC_SERVER[9]: Fetching region from server for obj_id=1000000001
[13:55:09.151079] [WARNING] [pdc_tf_server.c:475] PDC_SERVER[2]: SCHED: done running transformations
[INFO] PDC_SERVER[4]: Fetching region for obj_id=1000000001
[INFO] PDC_SERVER[4]: Checking against Object 10000000000
[INFO] PDC_SERVER[4]: Checking against Object 11000000000
[INFO] PDC_SERVER[4]: Checking against Object 12000000000
[INFO] PDC_SERVER[4]: Checking against Object 11000000001
[INFO] PDC_SERVER[4]: Checking against Object 12000000001
[INFO] PDC_SERVER[4]: Checking against Object 13000000000
[INFO] PDC_SERVER[4]: Checking against Object 12000000002
[INFO] PDC_SERVER[4]: Checking against Object 13000000001
[INFO] PDC_SERVER[4]: Checking against Object 14000000000
[INFO] PDC_SERVER[4]: Object 1000000001 NOT found in cache
[INFO] PDC_SERVER[4]: Fetching region from server for obj_id=1000000001
[INFO] PDC_SERVER[5]: Fetching region for obj_id=1000000001
[INFO] PDC_SERVER[5]: Checking against Object 10000000000
[13:55:09.151520] [WARNING] [pdc_tf_server.c:475] PDC_SERVER[3]: SCHED: done running transformations
[INFO] PDC_SERVER[5]: Checking against Object 11000000000
[INFO] PDC_SERVER[5]: Checking against Object 12000000000
[INFO] PDC_SERVER[5]: Checking against Object 11000000001
[INFO] PDC_SERVER[5]: Checking against Object 12000000001
[INFO] PDC_SERVER[5]: Checking against Object 13000000000
[INFO] PDC_SERVER[5]: Checking against Object 12000000002
[INFO] PDC_SERVER[5]: Checking against Object 13000000001
[INFO] PDC_SERVER[5]: Checking against Object 14000000000
[INFO] PDC_SERVER[5]: Object 1000000001 NOT found in cache
[INFO] PDC_SERVER[5]: Fetching region from server for obj_id=1000000001
[INFO] PDC_SERVER[6]: Fetching region for obj_id=1000000001
[INFO] PDC_SERVER[6]: Checking against Object 10000000000
[INFO] PDC_SERVER[6]: Checking against Object 11000000000
[INFO] PDC_SERVER[6]: Checking against Object 12000000000
[13:55:09.152684] [WARNING] [pdc_tf_server.c:475] PDC_SERVER[12]: SCHED: done running transformations
[INFO] PDC_SERVER[6]: Checking against Object 11000000001
[INFO] PDC_SERVER[6]: Checking against Object 12000000001
[INFO] PDC_SERVER[6]: Checking against Object 13000000000
[INFO] PDC_SERVER[6]: Checking against Object 12000000002
[INFO] PDC_SERVER[6]: Checking against Object 13000000001
[INFO] PDC_SERVER[6]: Checking against Object 14000000000
[INFO] PDC_SERVER[6]: Object 1000000001 NOT found in cache
[INFO] PDC_SERVER[6]: Fetching region from server for obj_id=1000000001
[13:55:09.154140] [WARNING] [pdc_tf_server.c:393] PDC_SERVER[14]: SCHED: setting CUDA device to 0 for edge 0 func=zfp_decompress
[13:55:09.154157] [WARNING] [pdc_tf_server.c:401] PDC_SERVER[14]: SCHED: executing edge 0 func=zfp_decompress dev=GPU
[13:55:09.154516] [WARNING] [pdc_tf_server.c:475] PDC_SERVER[11]: SCHED: done running transformations
[13:55:09.156718] [WARNING] [pdc_tf_server.c:475] PDC_SERVER[7]: SCHED: done running transformations
[INFO] PDC_SERVER[12]: Fetching region for obj_id=1000000001
[INFO] PDC_SERVER[12]: Checking against Object 10000000000
[INFO] PDC_SERVER[12]: Checking against Object 11000000000
[INFO] PDC_SERVER[12]: Checking against Object 12000000000
[INFO] PDC_SERVER[2]: Fetching region for obj_id=1000000001
[INFO] PDC_SERVER[2]: Checking against Object 10000000000
[INFO] PDC_SERVER[2]: Checking against Object 11000000000
[INFO] PDC_SERVER[12]: Checking against Object 11000000001
[INFO] PDC_SERVER[12]: Checking against Object 12000000001
[INFO] PDC_SERVER[12]: Checking against Object 13000000000
[INFO] PDC_SERVER[12]: Checking against Object 12000000002
[INFO] PDC_SERVER[2]: Checking against Object 12000000000
[INFO] PDC_SERVER[2]: Checking against Object 11000000001
[INFO] PDC_SERVER[2]: Checking against Object 12000000001
[INFO] PDC_SERVER[2]: Checking against Object 13000000000
[INFO] PDC_SERVER[12]: Checking against Object 13000000001
[INFO] PDC_SERVER[12]: Checking against Object 14000000000
[INFO] PDC_SERVER[12]: Object 1000000001 NOT found in cache
[INFO] PDC_SERVER[12]: Fetching region from server for obj_id=1000000001
[INFO] PDC_SERVER[2]: Checking against Object 12000000002
[INFO] PDC_SERVER[2]: Checking against Object 13000000001
[INFO] PDC_SERVER[2]: Checking against Object 14000000000
[INFO] PDC_SERVER[2]: Object 1000000001 NOT found in cache
[INFO] PDC_SERVER[2]: Fetching region from server for obj_id=1000000001
[INFO] PDC_SERVER[3]: Fetching region for obj_id=1000000001
[INFO] PDC_SERVER[3]: Checking against Object 10000000000
[INFO] PDC_SERVER[3]: Checking against Object 11000000000
[INFO] PDC_SERVER[3]: Checking against Object 12000000000
[INFO] PDC_SERVER[3]: Checking against Object 11000000001
[INFO] PDC_SERVER[3]: Checking against Object 12000000001
[INFO] PDC_SERVER[3]: Checking against Object 13000000000
[INFO] PDC_SERVER[3]: Checking against Object 12000000002
[INFO] PDC_SERVER[3]: Checking against Object 13000000001
[INFO] PDC_SERVER[3]: Checking against Object 14000000000
[INFO] PDC_SERVER[3]: Object 1000000001 NOT found in cache
[INFO] PDC_SERVER[3]: Fetching region from server for obj_id=1000000001
[INFO] PDC_SERVER[11]: Fetching region for obj_id=1000000001
[INFO] PDC_SERVER[11]: Checking against Object 10000000000
[INFO] PDC_SERVER[11]: Checking against Object 11000000000
[INFO] PDC_SERVER[11]: Checking against Object 12000000000
[INFO] PDC_SERVER[11]: Checking against Object 11000000001
[INFO] PDC_SERVER[11]: Checking against Object 12000000001
[INFO] PDC_SERVER[11]: Checking against Object 13000000000
[INFO] PDC_SERVER[11]: Checking against Object 12000000002
[INFO] PDC_SERVER[11]: Checking against Object 13000000001
[INFO] PDC_SERVER[11]: Checking against Object 14000000000
[INFO] PDC_SERVER[11]: Object 1000000001 NOT found in cache
[INFO] PDC_SERVER[11]: Fetching region from server for obj_id=1000000001
[13:55:09.159872] [WARNING] [pdc_tf_server.c:475] PDC_SERVER[0]: SCHED: done running transformations
[13:55:09.161031] [WARNING] [pdc_tf_server.c:393] PDC_SERVER[10]: SCHED: setting CUDA device to 0 for edge 0 func=zfp_decompress
[13:55:09.161059] [WARNING] [pdc_tf_server.c:401] PDC_SERVER[10]: SCHED: executing edge 0 func=zfp_decompress dev=GPU
[INFO] PDC_SERVER[7]: Fetching region for obj_id=1000000001
[INFO] PDC_SERVER[7]: Checking against Object 10000000000
[INFO] PDC_SERVER[7]: Checking against Object 11000000000
[INFO] PDC_SERVER[7]: Checking against Object 12000000000
[INFO] PDC_SERVER[7]: Checking against Object 11000000001
[INFO] PDC_SERVER[7]: Checking against Object 12000000001
[INFO] PDC_SERVER[7]: Checking against Object 13000000000
[INFO] PDC_SERVER[7]: Checking against Object 12000000002
[INFO] PDC_SERVER[7]: Checking against Object 13000000001
[INFO] PDC_SERVER[7]: Checking against Object 14000000000
[INFO] PDC_SERVER[7]: Object 1000000001 NOT found in cache
[INFO] PDC_SERVER[7]: Fetching region from server for obj_id=1000000001
[13:55:09.161796] [WARNING] [pdc_tf_server.c:393] PDC_SERVER[13]: SCHED: setting CUDA device to 0 for edge 0 func=zfp_decompress
[13:55:09.161809] [WARNING] [pdc_tf_server.c:401] PDC_SERVER[13]: SCHED: executing edge 0 func=zfp_decompress dev=GPU
[13:55:09.162475] [WARNING] [pdc_tf_server.c:475] PDC_SERVER[14]: SCHED: done running transformations
[13:55:09.163018] [WARNING] [pdc_tf_server.c:393] PDC_SERVER[8]: SCHED: setting CUDA device to 0 for edge 0 func=zfp_decompress
[13:55:09.163036] [WARNING] [pdc_tf_server.c:401] PDC_SERVER[8]: SCHED: executing edge 0 func=zfp_decompress dev=GPU
[13:55:09.163332] [WARNING] [pdc_tf_server.c:393] PDC_SERVER[1]: SCHED: setting CUDA device to 0 for edge 0 func=zfp_decompress
[13:55:09.163349] [WARNING] [pdc_tf_server.c:401] PDC_SERVER[1]: SCHED: executing edge 0 func=zfp_decompress dev=GPU
[13:55:09.163481] [WARNING] [pdc_tf_server.c:393] PDC_SERVER[15]: SCHED: setting CUDA device to 0 for edge 0 func=zfp_decompress
[13:55:09.163500] [WARNING] [pdc_tf_server.c:401] PDC_SERVER[15]: SCHED: executing edge 0 func=zfp_decompress dev=GPU
[INFO] PDC_SERVER[0]: Fetching region for obj_id=1000000001
[INFO] PDC_SERVER[0]: Checking against Object 10000000000
[INFO] PDC_SERVER[0]: Checking against Object 11000000000
[INFO] PDC_SERVER[0]: Checking against Object 12000000000
[INFO] PDC_SERVER[0]: Checking against Object 11000000001
[INFO] PDC_SERVER[0]: Checking against Object 12000000001
[INFO] PDC_SERVER[0]: Checking against Object 13000000000
[INFO] PDC_SERVER[0]: Checking against Object 12000000002
[INFO] PDC_SERVER[0]: Checking against Object 13000000001
[INFO] PDC_SERVER[0]: Checking against Object 14000000000
[INFO] PDC_SERVER[0]: Object 1000000001 NOT found in cache
[INFO] PDC_SERVER[0]: Fetching region from server for obj_id=1000000001
[13:55:09.165523] [WARNING] [pdc_tf_server.c:393] PDC_SERVER[9]: SCHED: setting CUDA device to 0 for edge 0 func=zfp_decompress
[13:55:09.165547] [WARNING] [pdc_tf_server.c:401] PDC_SERVER[9]: SCHED: executing edge 0 func=zfp_decompress dev=GPU
[INFO] PDC_SERVER[14]: Fetching region for obj_id=1000000001
[INFO] PDC_SERVER[14]: Checking against Object 10000000000
[INFO] PDC_SERVER[14]: Checking against Object 11000000000
[INFO] PDC_SERVER[14]: Checking against Object 12000000000
[INFO] PDC_SERVER[14]: Checking against Object 11000000001
[INFO] PDC_SERVER[14]: Checking against Object 12000000001
[INFO] PDC_SERVER[14]: Checking against Object 13000000000
[INFO] PDC_SERVER[14]: Checking against Object 12000000002
[INFO] PDC_SERVER[14]: Checking against Object 13000000001
[INFO] PDC_SERVER[14]: Checking against Object 14000000000
[INFO] PDC_SERVER[14]: Object 1000000001 NOT found in cache
[INFO] PDC_SERVER[14]: Fetching region from server for obj_id=1000000001
[13:55:09.168334] [WARNING] [pdc_tf_server.c:393] PDC_SERVER[4]: SCHED: setting CUDA device to 0 for edge 0 func=zfp_decompress
[13:55:09.168367] [WARNING] [pdc_tf_server.c:401] PDC_SERVER[4]: SCHED: executing edge 0 func=zfp_decompress dev=GPU
[13:55:09.168383] [WARNING] [pdc_tf_server.c:393] PDC_SERVER[5]: SCHED: setting CUDA device to 0 for edge 0 func=zfp_decompress
[13:55:09.168397] [WARNING] [pdc_tf_server.c:401] PDC_SERVER[5]: SCHED: executing edge 0 func=zfp_decompress dev=GPU
[13:55:09.168835] [WARNING] [pdc_tf_server.c:475] PDC_SERVER[10]: SCHED: done running transformations
[13:55:09.168886] [WARNING] [pdc_tf_server.c:393] PDC_SERVER[6]: SCHED: setting CUDA device to 0 for edge 0 func=zfp_decompress
[13:55:09.168911] [WARNING] [pdc_tf_server.c:401] PDC_SERVER[6]: SCHED: executing edge 0 func=zfp_decompress dev=GPU
[13:55:09.171348] [WARNING] [pdc_tf_server.c:475] PDC_SERVER[8]: SCHED: done running transformations
[13:55:09.171990] [WARNING] [pdc_tf_server.c:475] PDC_SERVER[13]: SCHED: done running transformations
[13:55:09.172952] [WARNING] [pdc_tf_server.c:475] PDC_SERVER[15]: SCHED: done running transformations
[13:55:09.173079] [WARNING] [pdc_tf_server.c:475] PDC_SERVER[1]: SCHED: done running transformations
[13:55:09.173894] [WARNING] [pdc_tf_server.c:475] PDC_SERVER[9]: SCHED: done running transformations
[13:55:09.174084] [WARNING] [pdc_tf_server.c:393] PDC_SERVER[12]: SCHED: setting CUDA device to 0 for edge 0 func=zfp_decompress
[13:55:09.174104] [WARNING] [pdc_tf_server.c:401] PDC_SERVER[12]: SCHED: executing edge 0 func=zfp_decompress dev=GPU
[INFO] PDC_SERVER[10]: Fetching region for obj_id=1000000001
[INFO] PDC_SERVER[10]: Checking against Object 10000000000
[INFO] PDC_SERVER[10]: Checking against Object 11000000000
[INFO] PDC_SERVER[10]: Checking against Object 12000000000
[INFO] PDC_SERVER[10]: Checking against Object 11000000001
[INFO] PDC_SERVER[10]: Checking against Object 12000000001
[INFO] PDC_SERVER[10]: Checking against Object 13000000000
[INFO] PDC_SERVER[10]: Checking against Object 12000000002
[INFO] PDC_SERVER[10]: Checking against Object 13000000001
[INFO] PDC_SERVER[10]: Checking against Object 14000000000
[INFO] PDC_SERVER[10]: Object 1000000001 NOT found in cache
[INFO] PDC_SERVER[10]: Fetching region from server for obj_id=1000000001
[13:55:09.174393] [WARNING] [pdc_tf_server.c:393] PDC_SERVER[2]: SCHED: setting CUDA device to 0 for edge 0 func=zfp_decompress
[13:55:09.174412] [WARNING] [pdc_tf_server.c:401] PDC_SERVER[2]: SCHED: executing edge 0 func=zfp_decompress dev=GPU
[INFO] PDC_SERVER[8]: Fetching region for obj_id=1000000001
[INFO] PDC_SERVER[8]: Checking against Object 10000000000
[INFO] PDC_SERVER[8]: Checking against Object 11000000000
[INFO] PDC_SERVER[8]: Checking against Object 12000000000
[INFO] PDC_SERVER[8]: Checking against Object 11000000001
[INFO] PDC_SERVER[8]: Checking against Object 12000000001
[INFO] PDC_SERVER[8]: Checking against Object 13000000000
[INFO] PDC_SERVER[8]: Checking against Object 12000000002
[INFO] PDC_SERVER[8]: Checking against Object 13000000001
[INFO] PDC_SERVER[8]: Checking against Object 14000000000
[INFO] PDC_SERVER[8]: Object 1000000001 NOT found in cache
[INFO] PDC_SERVER[8]: Fetching region from server for obj_id=1000000001
[INFO] PDC_SERVER[13]: Fetching region for obj_id=1000000001
[INFO] PDC_SERVER[13]: Checking against Object 10000000000
[INFO] PDC_SERVER[13]: Checking against Object 11000000000
[INFO] PDC_SERVER[13]: Checking against Object 12000000000
[INFO] PDC_SERVER[13]: Checking against Object 11000000001
[INFO] PDC_SERVER[13]: Checking against Object 12000000001
[INFO] PDC_SERVER[13]: Checking against Object 13000000000
[INFO] PDC_SERVER[13]: Checking against Object 12000000002
[INFO] PDC_SERVER[13]: Checking against Object 13000000001
[INFO] PDC_SERVER[13]: Checking against Object 14000000000
[INFO] PDC_SERVER[13]: Object 1000000001 NOT found in cache
[INFO] PDC_SERVER[13]: Fetching region from server for obj_id=1000000001
[13:55:09.176741] [WARNING] [pdc_tf_server.c:393] PDC_SERVER[11]: SCHED: setting CUDA device to 0 for edge 0 func=zfp_decompress
[13:55:09.176775] [WARNING] [pdc_tf_server.c:401] PDC_SERVER[11]: SCHED: executing edge 0 func=zfp_decompress dev=GPU
[INFO] PDC_SERVER[15]: Fetching region for obj_id=1000000001
[INFO] PDC_SERVER[15]: Checking against Object 10000000000
[INFO] PDC_SERVER[15]: Checking against Object 11000000000
[INFO] PDC_SERVER[15]: Checking against Object 12000000000
[INFO] PDC_SERVER[15]: Checking against Object 11000000001
[INFO] PDC_SERVER[15]: Checking against Object 12000000001
[INFO] PDC_SERVER[15]: Checking against Object 13000000000
[INFO] PDC_SERVER[15]: Checking against Object 12000000002
[INFO] PDC_SERVER[15]: Checking against Object 13000000001
[INFO] PDC_SERVER[15]: Checking against Object 14000000000
[INFO] PDC_SERVER[15]: Object 1000000001 NOT found in cache
[INFO] PDC_SERVER[15]: Fetching region from server for obj_id=1000000001
[13:55:09.177892] [WARNING] [pdc_tf_server.c:393] PDC_SERVER[7]: SCHED: setting CUDA device to 0 for edge 0 func=zfp_decompress
[13:55:09.177919] [WARNING] [pdc_tf_server.c:401] PDC_SERVER[7]: SCHED: executing edge 0 func=zfp_decompress dev=GPU
[INFO] PDC_SERVER[1]: Fetching region for obj_id=1000000001
[INFO] PDC_SERVER[1]: Checking against Object 10000000000
[INFO] PDC_SERVER[1]: Checking against Object 11000000000
[INFO] PDC_SERVER[1]: Checking against Object 12000000000
[INFO] PDC_SERVER[1]: Checking against Object 11000000001
[INFO] PDC_SERVER[1]: Checking against Object 12000000001
[INFO] PDC_SERVER[1]: Checking against Object 13000000000
[INFO] PDC_SERVER[1]: Checking against Object 12000000002
[INFO] PDC_SERVER[1]: Checking against Object 13000000001
[INFO] PDC_SERVER[1]: Checking against Object 14000000000
[INFO] PDC_SERVER[1]: Object 1000000001 NOT found in cache
[INFO] PDC_SERVER[1]: Fetching region from server for obj_id=1000000001
[13:55:09.178749] [WARNING] [pdc_tf_server.c:393] PDC_SERVER[3]: SCHED: setting CUDA device to 0 for edge 0 func=zfp_decompress
[13:55:09.178773] [WARNING] [pdc_tf_server.c:401] PDC_SERVER[3]: SCHED: executing edge 0 func=zfp_decompress dev=GPU
[INFO] PDC_SERVER[9]: Fetching region for obj_id=1000000001
[INFO] PDC_SERVER[9]: Checking against Object 10000000000
[INFO] PDC_SERVER[9]: Checking against Object 11000000000
[INFO] PDC_SERVER[9]: Checking against Object 12000000000
[INFO] PDC_SERVER[9]: Checking against Object 11000000001
[INFO] PDC_SERVER[9]: Checking against Object 12000000001
[INFO] PDC_SERVER[9]: Checking against Object 13000000000
[INFO] PDC_SERVER[9]: Checking against Object 12000000002
[INFO] PDC_SERVER[9]: Checking against Object 13000000001
[INFO] PDC_SERVER[9]: Checking against Object 14000000000
[INFO] PDC_SERVER[9]: Object 1000000001 NOT found in cache
[INFO] PDC_SERVER[9]: Fetching region from server for obj_id=1000000001
[13:55:09.180256] [WARNING] [pdc_tf_server.c:475] PDC_SERVER[6]: SCHED: done running transformations
[INFO] PDC_SERVER[0]: Executing graph with json filepath /pscratch/sd/n/nlewi26/src/work_space/source/pdc/tf_client/graphs/zfp_gpu.json
[13:55:09.180696] [WARNING] [pdc_tf_server.c:393] PDC_SERVER[0]: SCHED: setting CUDA device to 0 for edge 0 func=zfp_decompress
[13:55:09.180710] [WARNING] [pdc_tf_server.c:401] PDC_SERVER[0]: SCHED: executing edge 0 func=zfp_decompress dev=GPU
[13:55:09.182207] [WARNING] [pdc_tf_server.c:475] PDC_SERVER[4]: SCHED: done running transformations
[13:55:09.183372] [WARNING] [pdc_tf_server.c:475] PDC_SERVER[5]: SCHED: done running transformations
[13:55:09.183686] [WARNING] [pdc_tf_server.c:475] PDC_SERVER[12]: SCHED: done running transformations
[13:55:09.183845] [WARNING] [pdc_tf_server.c:393] PDC_SERVER[14]: SCHED: setting CUDA device to 0 for edge 0 func=zfp_decompress
[13:55:09.183869] [WARNING] [pdc_tf_server.c:401] PDC_SERVER[14]: SCHED: executing edge 0 func=zfp_decompress dev=GPU
[INFO] PDC_SERVER[6]: Fetching region for obj_id=1000000001
[INFO] PDC_SERVER[6]: Checking against Object 10000000000
[INFO] PDC_SERVER[6]: Checking against Object 11000000000
[INFO] PDC_SERVER[6]: Checking against Object 12000000000
[INFO] PDC_SERVER[6]: Checking against Object 11000000001
[INFO] PDC_SERVER[6]: Checking against Object 12000000001
[INFO] PDC_SERVER[6]: Checking against Object 13000000000
[INFO] PDC_SERVER[6]: Checking against Object 12000000002
[INFO] PDC_SERVER[6]: Checking against Object 13000000001
[INFO] PDC_SERVER[6]: Checking against Object 14000000000
[INFO] PDC_SERVER[6]: Object 1000000001 NOT found in cache
[INFO] PDC_SERVER[6]: Fetching region from server for obj_id=1000000001
[13:55:09.186036] [WARNING] [pdc_tf_server.c:475] PDC_SERVER[11]: SCHED: done running transformations
[INFO] PDC_SERVER[12]: Fetching region for obj_id=1000000001
[INFO] PDC_SERVER[12]: Checking against Object 10000000000
[INFO] PDC_SERVER[12]: Checking against Object 11000000000
[INFO] PDC_SERVER[12]: Checking against Object 12000000000
[INFO] PDC_SERVER[12]: Checking against Object 11000000001
[INFO] PDC_SERVER[12]: Checking against Object 12000000001
[INFO] PDC_SERVER[12]: Checking against Object 13000000000
[INFO] PDC_SERVER[12]: Checking against Object 12000000002
[INFO] PDC_SERVER[12]: Checking against Object 13000000001
[INFO] PDC_SERVER[12]: Checking against Object 14000000000
[INFO] PDC_SERVER[12]: Object 1000000001 NOT found in cache
[INFO] PDC_SERVER[12]: Fetching region from server for obj_id=1000000001
[INFO] PDC_SERVER[4]: Fetching region for obj_id=1000000001
[INFO] PDC_SERVER[4]: Checking against Object 10000000000
[INFO] PDC_SERVER[4]: Checking against Object 11000000000
[INFO] PDC_SERVER[4]: Checking against Object 12000000000
[INFO] PDC_SERVER[4]: Checking against Object 11000000001
[INFO] PDC_SERVER[4]: Checking against Object 12000000001
[INFO] PDC_SERVER[4]: Checking against Object 13000000000
[INFO] PDC_SERVER[4]: Checking against Object 12000000002
[INFO] PDC_SERVER[4]: Checking against Object 13000000001
[INFO] PDC_SERVER[4]: Checking against Object 14000000000
[INFO] PDC_SERVER[4]: Object 1000000001 NOT found in cache
[INFO] PDC_SERVER[4]: Fetching region from server for obj_id=1000000001
[INFO] PDC_SERVER[5]: Fetching region for obj_id=1000000001
[INFO] PDC_SERVER[5]: Checking against Object 10000000000
[INFO] PDC_SERVER[5]: Checking against Object 11000000000
[INFO] PDC_SERVER[5]: Checking against Object 12000000000
[INFO] PDC_SERVER[5]: Checking against Object 11000000001
[INFO] PDC_SERVER[5]: Checking against Object 12000000001
[INFO] PDC_SERVER[5]: Checking against Object 13000000000
[INFO] PDC_SERVER[5]: Checking against Object 12000000002
[INFO] PDC_SERVER[5]: Checking against Object 13000000001
[INFO] PDC_SERVER[5]: Checking against Object 14000000000
[INFO] PDC_SERVER[5]: Object 1000000001 NOT found in cache
[INFO] PDC_SERVER[5]: Fetching region from server for obj_id=1000000001
[13:55:09.190284] [WARNING] [pdc_tf_server.c:475] PDC_SERVER[2]: SCHED: done running transformations
[13:55:09.190610] [WARNING] [pdc_tf_server.c:393] PDC_SERVER[10]: SCHED: setting CUDA device to 0 for edge 0 func=zfp_decompress
[13:55:09.190635] [WARNING] [pdc_tf_server.c:401] PDC_SERVER[10]: SCHED: executing edge 0 func=zfp_decompress dev=GPU
[INFO] PDC_SERVER[11]: Fetching region for obj_id=1000000001
[INFO] PDC_SERVER[11]: Checking against Object 10000000000
[INFO] PDC_SERVER[11]: Checking against Object 11000000000
[INFO] PDC_SERVER[11]: Checking against Object 12000000000
[INFO] PDC_SERVER[11]: Checking against Object 11000000001
[INFO] PDC_SERVER[11]: Checking against Object 12000000001
[INFO] PDC_SERVER[11]: Checking against Object 13000000000
[INFO] PDC_SERVER[11]: Checking against Object 12000000002
[INFO] PDC_SERVER[11]: Checking against Object 13000000001
[INFO] PDC_SERVER[11]: Checking against Object 14000000000
[INFO] PDC_SERVER[11]: Object 1000000001 NOT found in cache
[INFO] PDC_SERVER[11]: Fetching region from server for obj_id=1000000001
[13:55:09.192379] [WARNING] [pdc_tf_server.c:393] PDC_SERVER[8]: SCHED: setting CUDA device to 0 for edge 0 func=zfp_decompress
[13:55:09.192399] [WARNING] [pdc_tf_server.c:401] PDC_SERVER[8]: SCHED: executing edge 0 func=zfp_decompress dev=GPU
[13:55:09.192599] [WARNING] [pdc_tf_server.c:393] PDC_SERVER[13]: SCHED: setting CUDA device to 0 for edge 0 func=zfp_decompress
[13:55:09.192611] [WARNING] [pdc_tf_server.c:401] PDC_SERVER[13]: SCHED: executing edge 0 func=zfp_decompress dev=GPU
[13:55:09.192742] [WARNING] [pdc_tf_server.c:475] PDC_SERVER[14]: SCHED: done running transformations
[13:55:09.192738] [WARNING] [pdc_tf_server.c:475] PDC_SERVER[7]: SCHED: done running transformations
[13:55:09.193842] [WARNING] [pdc_tf_server.c:393] PDC_SERVER[1]: SCHED: setting CUDA device to 0 for edge 0 func=zfp_decompress
[13:55:09.193866] [WARNING] [pdc_tf_server.c:401] PDC_SERVER[1]: SCHED: executing edge 0 func=zfp_decompress dev=GPU
[13:55:09.194021] [WARNING] [pdc_tf_server.c:393] PDC_SERVER[15]: SCHED: setting CUDA device to 0 for edge 0 func=zfp_decompress
[13:55:09.194061] [WARNING] [pdc_tf_server.c:401] PDC_SERVER[15]: SCHED: executing edge 0 func=zfp_decompress dev=GPU
[13:55:09.195380] [WARNING] [pdc_tf_server.c:393] PDC_SERVER[9]: SCHED: setting CUDA device to 0 for edge 0 func=zfp_decompress
[13:55:09.195395] [WARNING] [pdc_tf_server.c:401] PDC_SERVER[9]: SCHED: executing edge 0 func=zfp_decompress dev=GPU
[INFO] PDC_SERVER[2]: Fetching region for obj_id=1000000001
[INFO] PDC_SERVER[2]: Checking against Object 10000000000
[INFO] PDC_SERVER[2]: Checking against Object 11000000000
[INFO] PDC_SERVER[2]: Checking against Object 12000000000
[INFO] PDC_SERVER[2]: Checking against Object 11000000001
[INFO] PDC_SERVER[2]: Checking against Object 12000000001
[INFO] PDC_SERVER[2]: Checking against Object 13000000000
[INFO] PDC_SERVER[2]: Checking against Object 12000000002
[INFO] PDC_SERVER[2]: Checking against Object 13000000001
[INFO] PDC_SERVER[2]: Checking against Object 14000000000
[INFO] PDC_SERVER[2]: Object 1000000001 NOT found in cache
[INFO] PDC_SERVER[2]: Fetching region from server for obj_id=1000000001
[13:55:09.196477] [WARNING] [pdc_tf_server.c:475] PDC_SERVER[3]: SCHED: done running transformations
[13:55:09.196531] [WARNING] [pdc_tf_server.c:475] PDC_SERVER[0]: SCHED: done running transformations
[INFO] PDC_SERVER[7]: Fetching region for obj_id=1000000001
[INFO] PDC_SERVER[7]: Checking against Object 10000000000
[INFO] PDC_SERVER[7]: Checking against Object 11000000000
[INFO] PDC_SERVER[7]: Checking against Object 12000000000
[INFO] PDC_SERVER[7]: Checking against Object 11000000001
[INFO] PDC_SERVER[7]: Checking against Object 12000000001
[INFO] PDC_SERVER[7]: Checking against Object 13000000000
[INFO] PDC_SERVER[7]: Checking against Object 12000000002
[INFO] PDC_SERVER[7]: Checking against Object 13000000001
[INFO] PDC_SERVER[7]: Checking against Object 14000000000
[INFO] PDC_SERVER[7]: Object 1000000001 NOT found in cache
[INFO] PDC_SERVER[7]: Fetching region from server for obj_id=1000000001
[INFO] PDC_SERVER[14]: Fetching region for obj_id=1000000001
[INFO] PDC_SERVER[14]: Checking against Object 10000000000
[INFO] PDC_SERVER[14]: Checking against Object 11000000000
[INFO] PDC_SERVER[14]: Checking against Object 12000000000
[INFO] PDC_SERVER[14]: Checking against Object 11000000001
[INFO] PDC_SERVER[14]: Checking against Object 12000000001
[INFO] PDC_SERVER[14]: Checking against Object 13000000000
[INFO] PDC_SERVER[14]: Checking against Object 12000000002
[INFO] PDC_SERVER[14]: Checking against Object 13000000001
[INFO] PDC_SERVER[14]: Checking against Object 14000000000
[INFO] PDC_SERVER[14]: Object 1000000001 NOT found in cache
[INFO] PDC_SERVER[14]: Fetching region from server for obj_id=1000000001
[13:55:09.199349] [WARNING] [pdc_tf_server.c:475] PDC_SERVER[10]: SCHED: done running transformations
[13:55:09.200909] [WARNING] [pdc_tf_server.c:393] PDC_SERVER[6]: SCHED: setting CUDA device to 0 for edge 0 func=zfp_decompress
[13:55:09.200933] [WARNING] [pdc_tf_server.c:401] PDC_SERVER[6]: SCHED: executing edge 0 func=zfp_decompress dev=GPU
[13:55:09.200958] [WARNING] [pdc_tf_server.c:475] PDC_SERVER[8]: SCHED: done running transformations
[INFO] PDC_SERVER[0]: Fetching region for obj_id=1000000001
[INFO] PDC_SERVER[0]: Checking against Object 10000000000
[INFO] PDC_SERVER[0]: Checking against Object 11000000000
[INFO] PDC_SERVER[0]: Checking against Object 12000000000
[INFO] PDC_SERVER[0]: Checking against Object 11000000001
[INFO] PDC_SERVER[0]: Checking against Object 12000000001
[INFO] PDC_SERVER[0]: Checking against Object 13000000000
[INFO] PDC_SERVER[0]: Checking against Object 12000000002
[INFO] PDC_SERVER[0]: Checking against Object 13000000001
[INFO] PDC_SERVER[0]: Checking against Object 14000000000
[INFO] PDC_SERVER[0]: Object 1000000001 NOT found in cache
[INFO] PDC_SERVER[0]: Fetching region from server for obj_id=1000000001
[13:55:09.201875] [WARNING] [pdc_tf_server.c:475] PDC_SERVER[13]: SCHED: done running transformations
[13:55:09.203348] [WARNING] [pdc_tf_server.c:475] PDC_SERVER[15]: SCHED: done running transformations
[INFO] PDC_SERVER[3]: Fetching region for obj_id=1000000001
[INFO] PDC_SERVER[3]: Checking against Object 10000000000
[INFO] PDC_SERVER[3]: Checking against Object 11000000000
[INFO] PDC_SERVER[3]: Checking against Object 12000000000
[INFO] PDC_SERVER[3]: Checking against Object 11000000001
[INFO] PDC_SERVER[3]: Checking against Object 12000000001
[INFO] PDC_SERVER[3]: Checking against Object 13000000000
[INFO] PDC_SERVER[3]: Checking against Object 12000000002
[INFO] PDC_SERVER[3]: Checking against Object 13000000001
[INFO] PDC_SERVER[3]: Checking against Object 14000000000
[INFO] PDC_SERVER[3]: Object 1000000001 NOT found in cache
[INFO] PDC_SERVER[3]: Fetching region from server for obj_id=1000000001
[13:55:09.203750] [WARNING] [pdc_tf_server.c:475] PDC_SERVER[9]: SCHED: done running transformations
[INFO] PDC_SERVER[10]: Fetching region for obj_id=1000000001
[INFO] PDC_SERVER[10]: Checking against Object 10000000000
[INFO] PDC_SERVER[10]: Checking against Object 11000000000
[INFO] PDC_SERVER[10]: Checking against Object 12000000000
[INFO] PDC_SERVER[10]: Checking against Object 11000000001
[INFO] PDC_SERVER[10]: Checking against Object 12000000001
[INFO] PDC_SERVER[10]: Checking against Object 13000000000
[INFO] PDC_SERVER[10]: Checking against Object 12000000002
[INFO] PDC_SERVER[10]: Checking against Object 13000000001
[INFO] PDC_SERVER[10]: Checking against Object 14000000000
[INFO] PDC_SERVER[10]: Object 1000000001 NOT found in cache
[INFO] PDC_SERVER[10]: Fetching region from server for obj_id=1000000001
[13:55:09.204784] [WARNING] [pdc_tf_server.c:393] PDC_SERVER[12]: SCHED: setting CUDA device to 0 for edge 0 func=zfp_decompress
[13:55:09.204803] [WARNING] [pdc_tf_server.c:401] PDC_SERVER[12]: SCHED: executing edge 0 func=zfp_decompress dev=GPU
[13:55:09.205635] [WARNING] [pdc_tf_server.c:393] PDC_SERVER[4]: SCHED: setting CUDA device to 0 for edge 0 func=zfp_decompress
[13:55:09.205659] [WARNING] [pdc_tf_server.c:401] PDC_SERVER[4]: SCHED: executing edge 0 func=zfp_decompress dev=GPU
[INFO] PDC_SERVER[8]: Fetching region for obj_id=1000000001
[INFO] PDC_SERVER[8]: Checking against Object 10000000000
[INFO] PDC_SERVER[8]: Checking against Object 11000000000
[INFO] PDC_SERVER[8]: Checking against Object 12000000000
[INFO] PDC_SERVER[8]: Checking against Object 11000000001
[INFO] PDC_SERVER[8]: Checking against Object 12000000001
[INFO] PDC_SERVER[8]: Checking against Object 13000000000
[INFO] PDC_SERVER[8]: Checking against Object 12000000002
[INFO] PDC_SERVER[8]: Checking against Object 13000000001
[INFO] PDC_SERVER[8]: Checking against Object 14000000000
[INFO] PDC_SERVER[8]: Object 1000000001 NOT found in cache
[INFO] PDC_SERVER[8]: Fetching region from server for obj_id=1000000001
[13:55:09.206668] [WARNING] [pdc_tf_server.c:393] PDC_SERVER[5]: SCHED: setting CUDA device to 0 for edge 0 func=zfp_decompress
[13:55:09.206683] [WARNING] [pdc_tf_server.c:401] PDC_SERVER[5]: SCHED: executing edge 0 func=zfp_decompress dev=GPU
[13:55:09.207971] [WARNING] [pdc_tf_server.c:393] PDC_SERVER[11]: SCHED: setting CUDA device to 0 for edge 0 func=zfp_decompress
[13:55:09.207990] [WARNING] [pdc_tf_server.c:401] PDC_SERVER[11]: SCHED: executing edge 0 func=zfp_decompress dev=GPU
[13:55:09.209068] [WARNING] [pdc_tf_server.c:475] PDC_SERVER[6]: SCHED: done running transformations
[13:55:09.212033] [WARNING] [pdc_tf_server.c:475] PDC_SERVER[1]: SCHED: done running transformations
[13:55:09.213547] [WARNING] [pdc_tf_server.c:393] PDC_SERVER[7]: SCHED: setting CUDA device to 0 for edge 0 func=zfp_decompress
[13:55:09.213571] [WARNING] [pdc_tf_server.c:401] PDC_SERVER[7]: SCHED: executing edge 0 func=zfp_decompress dev=GPU
[13:55:09.216348] [WARNING] [pdc_tf_server.c:393] PDC_SERVER[2]: SCHED: setting CUDA device to 0 for edge 0 func=zfp_decompress
[13:55:09.216370] [WARNING] [pdc_tf_server.c:401] PDC_SERVER[2]: SCHED: executing edge 0 func=zfp_decompress dev=GPU
[13:55:09.216805] [WARNING] [pdc_tf_server.c:393] PDC_SERVER[14]: SCHED: setting CUDA device to 0 for edge 0 func=zfp_decompress
[13:55:09.216904] [WARNING] [pdc_tf_server.c:401] PDC_SERVER[14]: SCHED: executing edge 0 func=zfp_decompress dev=GPU
[INFO] PDC_SERVER[0]: Executing graph with json filepath /pscratch/sd/n/nlewi26/src/work_space/source/pdc/tf_client/graphs/zfp_gpu.json
[13:55:09.217288] [WARNING] [pdc_tf_server.c:393] PDC_SERVER[0]: SCHED: setting CUDA device to 0 for edge 0 func=zfp_decompress
[13:55:09.217309] [WARNING] [pdc_tf_server.c:401] PDC_SERVER[0]: SCHED: executing edge 0 func=zfp_decompress dev=GPU
[13:55:09.220437] [WARNING] [pdc_tf_server.c:393] PDC_SERVER[3]: SCHED: setting CUDA device to 0 for edge 0 func=zfp_decompress
[13:55:09.220472] [WARNING] [pdc_tf_server.c:401] PDC_SERVER[3]: SCHED: executing edge 0 func=zfp_decompress dev=GPU
[13:55:09.221490] [WARNING] [pdc_tf_server.c:393] PDC_SERVER[10]: SCHED: setting CUDA device to 0 for edge 0 func=zfp_decompress
[13:55:09.221514] [WARNING] [pdc_tf_server.c:401] PDC_SERVER[10]: SCHED: executing edge 0 func=zfp_decompress dev=GPU
[13:55:09.222977] [WARNING] [pdc_tf_server.c:393] PDC_SERVER[8]: SCHED: setting CUDA device to 0 for edge 0 func=zfp_decompress
[13:55:09.222993] [WARNING] [pdc_tf_server.c:401] PDC_SERVER[8]: SCHED: executing edge 0 func=zfp_decompress dev=GPU
[13:55:09.223258] [WARNING] [pdc_tf_server.c:475] PDC_SERVER[11]: SCHED: done running transformations
[13:55:09.223569] [WARNING] [pdc_tf_server.c:475] PDC_SERVER[4]: SCHED: done running transformations
[13:55:09.223763] [WARNING] [pdc_tf_server.c:475] PDC_SERVER[7]: SCHED: done running transformations
[13:55:09.224781] [WARNING] [pdc_tf_server.c:475] PDC_SERVER[12]: SCHED: done running transformations
[13:55:09.225870] [WARNING] [pdc_tf_server.c:475] PDC_SERVER[5]: SCHED: done running transformations
[13:55:09.232971] [WARNING] [pdc_tf_server.c:475] PDC_SERVER[14]: SCHED: done running transformations
[INFO] PDC_SERVER[4]: Fetching region for obj_id=1000000001
[INFO] PDC_SERVER[4]: Checking against Object 10000000000
[INFO] PDC_SERVER[4]: Checking against Object 11000000000
[INFO] PDC_SERVER[4]: Checking against Object 12000000000
[INFO] PDC_SERVER[4]: Checking against Object 11000000001
[INFO] PDC_SERVER[4]: Checking against Object 12000000001
[INFO] PDC_SERVER[4]: Checking against Object 13000000000
[INFO] PDC_SERVER[4]: Checking against Object 12000000002
[INFO] PDC_SERVER[4]: Checking against Object 13000000001
[INFO] PDC_SERVER[4]: Checking against Object 14000000000
[INFO] PDC_SERVER[4]: Object 1000000001 NOT found in cache
[INFO] PDC_SERVER[4]: Fetching region from server for obj_id=1000000001
[INFO] PDC_SERVER[5]: Fetching region for obj_id=1000000001
[INFO] PDC_SERVER[5]: Checking against Object 10000000000
[INFO] PDC_SERVER[5]: Checking against Object 11000000000
[INFO] PDC_SERVER[5]: Checking against Object 12000000000
[INFO] PDC_SERVER[5]: Checking against Object 11000000001
[INFO] PDC_SERVER[5]: Checking against Object 12000000001
[INFO] PDC_SERVER[5]: Checking against Object 13000000000
[INFO] PDC_SERVER[5]: Checking against Object 12000000002
[INFO] PDC_SERVER[5]: Checking against Object 13000000001
[INFO] PDC_SERVER[5]: Checking against Object 14000000000
[INFO] PDC_SERVER[5]: Object 1000000001 NOT found in cache
[INFO] PDC_SERVER[5]: Fetching region from server for obj_id=1000000001
[13:55:09.238952] [WARNING] [pdc_tf_server.c:475] PDC_SERVER[10]: SCHED: done running transformations
[13:55:09.239233] [WARNING] [pdc_tf_server.c:475] PDC_SERVER[8]: SCHED: done running transformations
[13:55:09.240236] [WARNING] [pdc_tf_server.c:475] PDC_SERVER[0]: SCHED: done running transformations
[13:55:09.251742] [WARNING] [pdc_tf_server.c:393] PDC_SERVER[4]: SCHED: setting CUDA device to 0 for edge 0 func=zfp_decompress
[13:55:09.251763] [WARNING] [pdc_tf_server.c:401] PDC_SERVER[4]: SCHED: executing edge 0 func=zfp_decompress dev=GPU
[13:55:09.253074] [WARNING] [pdc_tf_server.c:393] PDC_SERVER[5]: SCHED: setting CUDA device to 0 for edge 0 func=zfp_decompress
[13:55:09.253087] [WARNING] [pdc_tf_server.c:401] PDC_SERVER[5]: SCHED: executing edge 0 func=zfp_decompress dev=GPU
[13:55:09.257238] [WARNING] [pdc_tf_server.c:475] PDC_SERVER[2]: SCHED: done running transformations
[13:55:09.257238] [WARNING] [pdc_tf_server.c:475] PDC_SERVER[3]: SCHED: done running transformations
[INFO] PDC_SERVER[2]: Fetching region for obj_id=1000000001
[INFO] PDC_SERVER[2]: Checking against Object 10000000000
[INFO] PDC_SERVER[2]: Checking against Object 11000000000
[INFO] PDC_SERVER[2]: Checking against Object 12000000000
[INFO] PDC_SERVER[2]: Checking against Object 11000000001
[INFO] PDC_SERVER[2]: Checking against Object 12000000001
[INFO] PDC_SERVER[2]: Checking against Object 13000000000
[INFO] PDC_SERVER[2]: Checking against Object 12000000002
[INFO] PDC_SERVER[2]: Checking against Object 13000000001
[INFO] PDC_SERVER[2]: Checking against Object 14000000000
[INFO] PDC_SERVER[2]: Object 1000000001 NOT found in cache
[INFO] PDC_SERVER[2]: Fetching region from server for obj_id=1000000001
[INFO] PDC_SERVER[3]: Fetching region for obj_id=1000000001
[INFO] PDC_SERVER[3]: Checking against Object 10000000000
[INFO] PDC_SERVER[3]: Checking against Object 11000000000
[INFO] PDC_SERVER[3]: Checking against Object 12000000000
[INFO] PDC_SERVER[3]: Checking against Object 11000000001
[INFO] PDC_SERVER[3]: Checking against Object 12000000001
[INFO] PDC_SERVER[3]: Checking against Object 13000000000
[INFO] PDC_SERVER[3]: Checking against Object 12000000002
[INFO] PDC_SERVER[3]: Checking against Object 13000000001
[INFO] PDC_SERVER[3]: Checking against Object 14000000000
[INFO] PDC_SERVER[3]: Object 1000000001 NOT found in cache
[INFO] PDC_SERVER[3]: Fetching region from server for obj_id=1000000001
[13:55:09.275814] [WARNING] [pdc_tf_server.c:475] PDC_SERVER[5]: SCHED: done running transformations
[13:55:09.275860] [WARNING] [pdc_tf_server.c:475] PDC_SERVER[4]: SCHED: done running transformations
[13:55:09.282208] [WARNING] [pdc_tf_server.c:393] PDC_SERVER[3]: SCHED: setting CUDA device to 0 for edge 0 func=zfp_decompress
[13:55:09.282240] [WARNING] [pdc_tf_server.c:401] PDC_SERVER[3]: SCHED: executing edge 0 func=zfp_decompress dev=GPU
[13:55:09.283331] [WARNING] [pdc_tf_server.c:393] PDC_SERVER[2]: SCHED: setting CUDA device to 0 for edge 0 func=zfp_decompress
[13:55:09.283349] [WARNING] [pdc_tf_server.c:401] PDC_SERVER[2]: SCHED: executing edge 0 func=zfp_decompress dev=GPU
[13:55:09.307980] [WARNING] [pdc_tf_server.c:475] PDC_SERVER[2]: SCHED: done running transformations
[13:55:09.308702] [WARNING] [pdc_tf_server.c:475] PDC_SERVER[3]: SCHED: done running transformations
[INFO] PDC_SERVER[0]: Starting flush for obj_id 10000000000, ndim=3
[INFO] PDC_SERVER[0]: Starting flush for obj_id 11000000000, ndim=3
[INFO] PDC_SERVER[0]: Starting flush for obj_id 12000000000, ndim=3
[INFO] PDC_SERVER[0]: Starting flush for obj_id 11000000001, ndim=3
[INFO] PDC_SERVER[0]: Starting flush for obj_id 12000000001, ndim=3
[INFO] PDC_SERVER[0]: Starting flush for obj_id 13000000000, ndim=3
[INFO] PDC_SERVER[0]: Starting flush for obj_id 12000000002, ndim=3
[INFO] PDC_SERVER[0]: Starting flush for obj_id 13000000001, ndim=3
[INFO] PDC_SERVER[0]: Starting flush for obj_id 14000000000, ndim=3
[INFO] PDC_SERVER[0]: Starting flush for obj_id 10000000000, ndim=3
[INFO] PDC_SERVER[0]: Starting flush for obj_id 11000000000, ndim=3
[INFO] PDC_SERVER[0]: Starting flush for obj_id 12000000000, ndim=3
[INFO] PDC_SERVER[0]: Starting flush for obj_id 11000000001, ndim=3
[INFO] PDC_SERVER[0]: Starting flush for obj_id 12000000001, ndim=3
[INFO] PDC_SERVER[0]: Starting flush for obj_id 13000000000, ndim=3
[INFO] PDC_SERVER[0]: Starting flush for obj_id 12000000002, ndim=3
[INFO] PDC_SERVER[0]: Starting flush for obj_id 13000000001, ndim=3
[INFO] PDC_SERVER[0]: Starting flush for obj_id 14000000000, ndim=3
[13:55:13.978831] [WARNING] [pdc_server.c:1323] PDC_SERVER[0]: Checkpoint start
[INFO] PDC_SERVER[0]: Checkpoint file [/pscratch/sd/n/nlewi26/pdc_curl_analysis_bench//0/metadata_checkpoint.0]
[13:55:13.982127] [WARNING] [pdc_server.c:1536] PDC_SERVER[0]: Writing checkpoint transformations start
[13:55:13.982173] [WARNING] [pdc_server.c:1718] PDC_SERVER[0]: Writing checkpoint transformations done
[13:55:13.982177] [WARNING] [pdc_server.c:1721] PDC_SERVER[0]: Writing checkpoint region-analysis state start
[13:55:13.982246] [WARNING] [pdc_server.c:1724] PDC_SERVER[0]: Writing checkpoint region-analysis state done
[13:55:14.196433] [WARNING] [pdc_server.c:1761] PDC_SERVER[0]: Rank[ALL]: Total checkpoint time = 0.217596
[13:55:14.196443] [WARNING] [pdc_server.c:1770] PDC_SERVER[0]: Checkpointing done
[13:55:14.196454] [WARNING] [pdc_client_server_common.c:119] PDC_SERVER[0]: metric,rank0_avg_s/n,rank1_avg_s/n,rank2_avg_s/n,rank3_avg_s/n,rank4_avg_s/n,rank5_avg_s/n,rank6_avg_s/n,rank7_avg_s/n,rank8_avg_s/n,rank9_avg_s/n,rank10_avg_s/n,rank11_avg_s/n,rank12_avg_s/n,rank13_avg_s/n,rank14_avg_s/n,rank15_avg_s/n
[13:55:14.196563] [WARNING] [pdc_client_server_common.c:144] PDC_SERVER[0]: compress,0.013179/24,0.013426/24,0.014131/24,0.015638/24,0.014895/24,0.022588/24,0.020003/24,0.019885/24,0.013179/24,0.013182/24,0.013745/24,0.013105/24,0.014587/24,0.012426/24,0.012191/24,0.012150/24
[13:55:14.196580] [WARNING] [pdc_client_server_common.c:144] PDC_SERVER[0]: decompress,0.012669/24,0.011292/24,0.016383/24,0.015878/24,0.015027/24,0.014752/24,0.009990/24,0.011224/24,0.012716/24,0.011279/24,0.014498/24,0.010836/24,0.012660/24,0.011609/24,0.012141/24,0.011401/24
[13:55:14.196594] [WARNING] [pdc_client_server_common.c:144] PDC_SERVER[0]: magnitude,0.020650/24,0.020969/24,0.023260/24,0.021045/24,0.021009/24,0.020698/24,0.021264/24,0.020210/24,0.020922/24,0.020956/24,0.021481/24,0.023836/24,0.022674/24,0.020611/24,0.021337/24,0.020256/24
[13:55:14.196608] [WARNING] [pdc_client_server_common.c:144] PDC_SERVER[0]: posix_open,0.000089/288,0.000086/288,0.000100/288,0.000096/288,0.000091/288,0.000089/288,0.000092/288,0.000092/288,0.000088/288,0.000088/288,0.000097/288,0.000093/288,0.000087/288,0.000085/288,0.000093/288,0.000092/288
[13:55:14.196621] [WARNING] [pdc_client_server_common.c:144] PDC_SERVER[0]: posix_close,0.000000/0,0.000000/0,0.000000/0,0.000000/0,0.000000/0,0.000000/0,0.000000/0,0.000000/0,0.000000/0,0.000000/0,0.000000/0,0.000000/0,0.000000/0,0.000000/0,0.000000/0,0.000000/0
[13:55:14.196635] [WARNING] [pdc_client_server_common.c:144] PDC_SERVER[0]: posix_write,0.027112/144,0.027062/144,0.027154/144,0.027210/144,0.026865/144,0.027026/144,0.027414/144,0.027158/144,0.026641/144,0.026915/144,0.027482/144,0.028140/144,0.028084/144,0.026608/144,0.027159/144,0.027276/144
[13:55:14.196653] [WARNING] [pdc_client_server_common.c:144] PDC_SERVER[0]: posix_read,0.000000/0,0.000000/0,0.000000/0,0.000000/0,0.000000/0,0.000000/0,0.000000/0,0.000000/0,0.000000/0,0.000000/0,0.000000/0,0.000000/0,0.000000/0,0.000000/0,0.000000/0,0.000000/0
