[INFO] PDC_SERVER[0]: Starting server with no previous data
[INFO] PDC_SERVER[0]: Using [/pscratch/sd/n/nlewi26/pdc_curl_analysis_bench/] as tmp dir, 1 OSTs, 1 OSTs per data file, 0% to BB
[INFO] PDC_SERVER[0]: Environment variable HG_TRANSPORT was NOT set, default to ofi+cxi
[INFO] PDC_SERVER[0]: Environment variable HG_HOST was set
[INFO] PDC_SERVER[0]: Connection string: ofi+cxi://cxi0:0:7000
[INFO] PDC_SERVER[24]: Environment variable HG_HOST was set
[INFO] PDC_SERVER[8]: Environment variable HG_HOST was set
[INFO] PDC_SERVER[17]: Environment variable HG_HOST was set
[INFO] PDC_SERVER[2]: Environment variable HG_HOST was set
[INFO] PDC_SERVER[31]: Environment variable HG_HOST was set
[INFO] PDC_SERVER[12]: Environment variable HG_HOST was set
[INFO] PDC_SERVER[18]: Environment variable HG_HOST was set
[INFO] PDC_SERVER[6]: Environment variable HG_HOST was set
[INFO] PDC_SERVER[25]: Environment variable HG_HOST was set
[INFO] PDC_SERVER[15]: Environment variable HG_HOST was set
[INFO] PDC_SERVER[16]: Environment variable HG_HOST was set
[INFO] PDC_SERVER[1]: Environment variable HG_HOST was set
[INFO] PDC_SERVER[26]: Environment variable HG_HOST was set
[INFO] PDC_SERVER[9]: Environment variable HG_HOST was set
[INFO] PDC_SERVER[19]: Environment variable HG_HOST was set
[INFO] PDC_SERVER[3]: Environment variable HG_HOST was set
[INFO] PDC_SERVER[27]: Environment variable HG_HOST was set
[INFO] PDC_SERVER[10]: Environment variable HG_HOST was set
[INFO] PDC_SERVER[20]: Environment variable HG_HOST was set
[INFO] PDC_SERVER[4]: Environment variable HG_HOST was set
[INFO] PDC_SERVER[28]: Environment variable HG_HOST was set
[INFO] PDC_SERVER[11]: Environment variable HG_HOST was set
[INFO] PDC_SERVER[21]: Environment variable HG_HOST was set
[INFO] PDC_SERVER[5]: Environment variable HG_HOST was set
[INFO] PDC_SERVER[29]: Environment variable HG_HOST was set
[INFO] PDC_SERVER[13]: Environment variable HG_HOST was set
[INFO] PDC_SERVER[22]: Environment variable HG_HOST was set
[INFO] PDC_SERVER[7]: Environment variable HG_HOST was set
[INFO] PDC_SERVER[30]: Environment variable HG_HOST was set
[INFO] PDC_SERVER[14]: Environment variable HG_HOST was set
[INFO] PDC_SERVER[23]: Environment variable HG_HOST was set
[INFO] PDC_SERVER[0]: Scoped Slingshot CXI auth for Mercury: svc=1 vni=1 device=cxi0
[INFO] PDC_SERVER[0]: Without multi-thread
[INFO] PDC_SERVER[0]: Read cache enabled
[INFO] PDC_SERVER[0]: Max cache size: 68719476736
[INFO] PDC_SERVER[0]: Max transformation cache size: 68719476736
[INFO] PDC_SERVER[0]: Successfully established connection to 31 other PDC servers
[INFO] PDC_SERVER[0]: Succesfully wrote address to config in dir /pscratch/sd/n/nlewi26/pdc_curl_analysis_bench/
[INFO] PDC_SERVER[0]: Server ready!


[INFO] PDC_SERVER[0]: Starting flush for obj_id 10000000000, ndim=3
[13:55:39.223341] [WARNING] [pdc_server_region_cache.c:823] PDC_SERVER[0]: Region mapping lookup took 0.000000 s
[13:55:39.223358] [WARNING] [pdc_server_region_cache.c:828] PDC_SERVER[0]: No region mapping found for obj_id 10000000000
[13:55:39.243567] [WARNING] [pdc_server_region_cache.c:834] PDC_SERVER[0]: Flushed region via POSIX I/O in 0.020199 s
[13:55:39.243589] [WARNING] [pdc_server_region_cache.c:850] PDC_SERVER[0]: [2026-10-07 13:55:39.243584] Flushed 16.00 / 16.00 MB to storage
[INFO] PDC_SERVER[0]: Region flush iteration took 0.020452 s
[INFO] PDC_SERVER[0]: Starting flush for obj_id 10000000000, ndim=3
[13:55:39.246801] [WARNING] [pdc_server_region_cache.c:823] PDC_SERVER[0]: Region mapping lookup took 0.000000 s
[13:55:39.246806] [WARNING] [pdc_server_region_cache.c:828] PDC_SERVER[0]: No region mapping found for obj_id 10000000000
[13:55:39.266630] [WARNING] [pdc_server_region_cache.c:834] PDC_SERVER[0]: Flushed region via POSIX I/O in 0.019806 s
[13:55:39.266655] [WARNING] [pdc_server_region_cache.c:850] PDC_SERVER[0]: [2026-10-07 13:55:39.266650] Flushed 16.00 / 16.00 MB to storage
[INFO] PDC_SERVER[0]: Region flush iteration took 0.019869 s
[INFO] PDC_SERVER[0]: Starting flush for obj_id 10000000000, ndim=3
[13:55:39.268584] [WARNING] [pdc_server_region_cache.c:823] PDC_SERVER[0]: Region mapping lookup took 0.000001 s
[13:55:39.268588] [WARNING] [pdc_server_region_cache.c:828] PDC_SERVER[0]: No region mapping found for obj_id 10000000000
[13:55:39.287401] [WARNING] [pdc_server_region_cache.c:834] PDC_SERVER[0]: Flushed region via POSIX I/O in 0.018803 s
[13:55:39.287416] [WARNING] [pdc_server_region_cache.c:850] PDC_SERVER[0]: [2026-10-07 13:55:39.287412] Flushed 16.00 / 16.00 MB to storage
[INFO] PDC_SERVER[0]: Region flush iteration took 0.018841 s
[INFO] PDC_SERVER[0]: Starting flush for obj_id 10000000000, ndim=3
[13:55:39.289367] [WARNING] [pdc_server_region_cache.c:823] PDC_SERVER[0]: Region mapping lookup took 0.000000 s
[13:55:39.289373] [WARNING] [pdc_server_region_cache.c:828] PDC_SERVER[0]: No region mapping found for obj_id 10000000000
[13:55:39.311965] [WARNING] [pdc_server_region_cache.c:834] PDC_SERVER[0]: Flushed region via POSIX I/O in 0.022583 s
[13:55:39.311977] [WARNING] [pdc_server_region_cache.c:850] PDC_SERVER[0]: [2026-10-07 13:55:39.311973] Flushed 16.00 / 16.00 MB to storage
[INFO] PDC_SERVER[0]: Region flush iteration took 0.022618 s
[INFO] PDC_SERVER[0]: Starting flush for obj_id 11000000000, ndim=3
[13:55:39.320381] [WARNING] [pdc_server_region_cache.c:823] PDC_SERVER[0]: Region mapping lookup took 0.000000 s
[13:55:39.320388] [WARNING] [pdc_server_region_cache.c:828] PDC_SERVER[0]: No region mapping found for obj_id 11000000000
[13:55:39.341898] [WARNING] [pdc_server_region_cache.c:834] PDC_SERVER[0]: Flushed region via POSIX I/O in 0.021491 s
[13:55:39.341923] [WARNING] [pdc_server_region_cache.c:850] PDC_SERVER[0]: [2026-10-07 13:55:39.341918] Flushed 16.00 / 16.00 MB to storage
[INFO] PDC_SERVER[0]: Region flush iteration took 0.021552 s
[INFO] PDC_SERVER[0]: Starting flush for obj_id 11000000000, ndim=3
[13:55:39.346774] [WARNING] [pdc_server_region_cache.c:823] PDC_SERVER[0]: Region mapping lookup took 0.000000 s
[13:55:39.346782] [WARNING] [pdc_server_region_cache.c:828] PDC_SERVER[0]: No region mapping found for obj_id 11000000000
[13:55:39.366283] [WARNING] [pdc_server_region_cache.c:834] PDC_SERVER[0]: Flushed region via POSIX I/O in 0.019494 s
[13:55:39.366332] [WARNING] [pdc_server_region_cache.c:850] PDC_SERVER[0]: [2026-10-07 13:55:39.366330] Flushed 16.00 / 16.00 MB to storage
[INFO] PDC_SERVER[0]: Region flush iteration took 0.019565 s
[INFO] PDC_SERVER[0]: Starting flush for obj_id 11000000000, ndim=3
[13:55:39.373652] [WARNING] [pdc_server_region_cache.c:823] PDC_SERVER[0]: Region mapping lookup took 0.000000 s
[13:55:39.373659] [WARNING] [pdc_server_region_cache.c:828] PDC_SERVER[0]: No region mapping found for obj_id 11000000000
[13:55:39.392664] [WARNING] [pdc_server_region_cache.c:834] PDC_SERVER[0]: Flushed region via POSIX I/O in 0.018998 s
[13:55:39.392711] [WARNING] [pdc_server_region_cache.c:850] PDC_SERVER[0]: [2026-10-07 13:55:39.392707] Flushed 16.00 / 16.00 MB to storage
[INFO] PDC_SERVER[0]: Region flush iteration took 0.019067 s
[INFO] PDC_SERVER[0]: Starting flush for obj_id 12000000000, ndim=3
[13:55:39.397126] [WARNING] [pdc_server_region_cache.c:823] PDC_SERVER[0]: Region mapping lookup took 0.000000 s
[13:55:39.397132] [WARNING] [pdc_server_region_cache.c:828] PDC_SERVER[0]: No region mapping found for obj_id 12000000000
[13:55:39.696167] [WARNING] [pdc_tf_server.c:393] PDC_SERVER[19]: SCHED: setting CUDA device to 0 for edge 0 func=zfp_compress
[13:55:39.713605] [WARNING] [pdc_tf_server.c:393] PDC_SERVER[8]: SCHED: setting CUDA device to 0 for edge 0 func=zfp_compress
[13:55:39.713892] [WARNING] [pdc_tf_server.c:393] PDC_SERVER[25]: SCHED: setting CUDA device to 0 for edge 0 func=zfp_compress
[INFO] PDC_SERVER[0]: Executing graph with json filepath /pscratch/sd/n/nlewi26/src/work_space/source/pdc/tf_client/graphs/zfp_gpu.json
[13:55:39.715407] [WARNING] [pdc_tf_server.c:393] PDC_SERVER[0]: SCHED: setting CUDA device to 0 for edge 0 func=zfp_compress
[13:55:39.715970] [WARNING] [pdc_tf_server.c:393] PDC_SERVER[30]: SCHED: setting CUDA device to 0 for edge 0 func=zfp_compress
[13:55:39.736974] [WARNING] [pdc_tf_server.c:393] PDC_SERVER[4]: SCHED: setting CUDA device to 0 for edge 0 func=zfp_compress
[13:55:39.739354] [WARNING] [pdc_tf_server.c:393] PDC_SERVER[24]: SCHED: setting CUDA device to 0 for edge 0 func=zfp_compress
[13:55:39.740483] [WARNING] [pdc_tf_server.c:393] PDC_SERVER[29]: SCHED: setting CUDA device to 0 for edge 0 func=zfp_compress
[13:55:39.742010] [WARNING] [pdc_tf_server.c:393] PDC_SERVER[20]: SCHED: setting CUDA device to 0 for edge 0 func=zfp_compress
[13:55:39.744370] [WARNING] [pdc_tf_server.c:393] PDC_SERVER[6]: SCHED: setting CUDA device to 0 for edge 0 func=zfp_compress
[13:55:39.745899] [WARNING] [pdc_tf_server.c:393] PDC_SERVER[2]: SCHED: setting CUDA device to 0 for edge 0 func=zfp_compress
[13:55:39.746139] [WARNING] [pdc_tf_server.c:393] PDC_SERVER[9]: SCHED: setting CUDA device to 0 for edge 0 func=zfp_compress
[13:55:39.747025] [WARNING] [pdc_tf_server.c:393] PDC_SERVER[14]: SCHED: setting CUDA device to 0 for edge 0 func=zfp_compress
[13:55:39.747197] [WARNING] [pdc_tf_server.c:393] PDC_SERVER[7]: SCHED: setting CUDA device to 0 for edge 0 func=zfp_compress
[13:55:39.748736] [WARNING] [pdc_tf_server.c:393] PDC_SERVER[3]: SCHED: setting CUDA device to 0 for edge 0 func=zfp_compress
[13:55:39.752100] [WARNING] [pdc_tf_server.c:393] PDC_SERVER[18]: SCHED: setting CUDA device to 0 for edge 0 func=zfp_compress
[13:55:39.754394] [WARNING] [pdc_tf_server.c:393] PDC_SERVER[28]: SCHED: setting CUDA device to 0 for edge 0 func=zfp_compress
[13:55:39.755680] [WARNING] [pdc_tf_server.c:393] PDC_SERVER[21]: SCHED: setting CUDA device to 0 for edge 0 func=zfp_compress
[13:55:39.756945] [WARNING] [pdc_tf_server.c:393] PDC_SERVER[17]: SCHED: setting CUDA device to 0 for edge 0 func=zfp_compress
[13:55:39.757310] [WARNING] [pdc_tf_server.c:393] PDC_SERVER[10]: SCHED: setting CUDA device to 0 for edge 0 func=zfp_compress
[13:55:39.759036] [WARNING] [pdc_tf_server.c:393] PDC_SERVER[16]: SCHED: setting CUDA device to 0 for edge 0 func=zfp_compress
[13:55:39.764298] [WARNING] [pdc_tf_server.c:393] PDC_SERVER[22]: SCHED: setting CUDA device to 0 for edge 0 func=zfp_compress
[13:55:39.765472] [WARNING] [pdc_tf_server.c:393] PDC_SERVER[13]: SCHED: setting CUDA device to 0 for edge 0 func=zfp_compress
[13:55:39.774766] [WARNING] [pdc_tf_server.c:393] PDC_SERVER[15]: SCHED: setting CUDA device to 0 for edge 0 func=zfp_compress
[13:55:39.775090] [WARNING] [pdc_tf_server.c:393] PDC_SERVER[27]: SCHED: setting CUDA device to 0 for edge 0 func=zfp_compress
[13:55:39.776682] [WARNING] [pdc_tf_server.c:393] PDC_SERVER[5]: SCHED: setting CUDA device to 0 for edge 0 func=zfp_compress
[13:55:39.784032] [WARNING] [pdc_tf_server.c:393] PDC_SERVER[1]: SCHED: setting CUDA device to 0 for edge 0 func=zfp_compress
[13:55:39.788336] [WARNING] [pdc_tf_server.c:393] PDC_SERVER[26]: SCHED: setting CUDA device to 0 for edge 0 func=zfp_compress
[13:55:39.790002] [WARNING] [pdc_tf_server.c:393] PDC_SERVER[11]: SCHED: setting CUDA device to 0 for edge 0 func=zfp_compress
[13:55:39.792435] [WARNING] [pdc_tf_server.c:393] PDC_SERVER[23]: SCHED: setting CUDA device to 0 for edge 0 func=zfp_compress
[13:55:39.796212] [WARNING] [pdc_tf_server.c:393] PDC_SERVER[12]: SCHED: setting CUDA device to 0 for edge 0 func=zfp_compress
[13:55:39.798144] [WARNING] [pdc_tf_server.c:393] PDC_SERVER[31]: SCHED: setting CUDA device to 0 for edge 0 func=zfp_compress
[13:55:41.015989] [WARNING] [pdc_tf_server.c:401] PDC_SERVER[30]: SCHED: executing edge 0 func=zfp_compress dev=GPU
[13:55:41.049972] [WARNING] [pdc_tf_server.c:401] PDC_SERVER[25]: SCHED: executing edge 0 func=zfp_compress dev=GPU
[13:55:41.079748] [WARNING] [pdc_tf_server.c:401] PDC_SERVER[8]: SCHED: executing edge 0 func=zfp_compress dev=GPU
[13:55:41.179481] [WARNING] [pdc_tf_server.c:475] PDC_SERVER[30]: SCHED: done running transformations
[13:55:41.191804] [WARNING] [pdc_tf_server.c:475] PDC_SERVER[8]: SCHED: done running transformations
[13:55:41.202565] [WARNING] [pdc_tf_server.c:401] PDC_SERVER[19]: SCHED: executing edge 0 func=zfp_compress dev=GPU
[13:55:41.208330] [WARNING] [pdc_tf_server.c:475] PDC_SERVER[25]: SCHED: done running transformations
[13:55:41.213130] [WARNING] [pdc_tf_server.c:401] PDC_SERVER[1]: SCHED: executing edge 0 func=zfp_compress dev=GPU
[13:55:41.216093] [WARNING] [pdc_tf_server.c:401] PDC_SERVER[4]: SCHED: executing edge 0 func=zfp_compress dev=GPU
[13:55:41.216804] [WARNING] [pdc_tf_server.c:401] PDC_SERVER[0]: SCHED: executing edge 0 func=zfp_compress dev=GPU
[13:55:41.221369] [WARNING] [pdc_tf_server.c:401] PDC_SERVER[7]: SCHED: executing edge 0 func=zfp_compress dev=GPU
[13:55:41.238818] [WARNING] [pdc_tf_server.c:401] PDC_SERVER[18]: SCHED: executing edge 0 func=zfp_compress dev=GPU
[13:55:41.239972] [WARNING] [pdc_tf_server.c:401] PDC_SERVER[20]: SCHED: executing edge 0 func=zfp_compress dev=GPU
[13:55:41.242248] [WARNING] [pdc_tf_server.c:401] PDC_SERVER[21]: SCHED: executing edge 0 func=zfp_compress dev=GPU
[13:55:41.246815] [WARNING] [pdc_tf_server.c:475] PDC_SERVER[19]: SCHED: done running transformations
[13:55:41.246881] [WARNING] [pdc_tf_server.c:401] PDC_SERVER[23]: SCHED: executing edge 0 func=zfp_compress dev=GPU
[13:55:41.249200] [WARNING] [pdc_tf_server.c:401] PDC_SERVER[22]: SCHED: executing edge 0 func=zfp_compress dev=GPU
[13:55:41.250542] [WARNING] [pdc_tf_server.c:401] PDC_SERVER[16]: SCHED: executing edge 0 func=zfp_compress dev=GPU
[13:55:41.251639] [WARNING] [pdc_tf_server.c:401] PDC_SERVER[17]: SCHED: executing edge 0 func=zfp_compress dev=GPU
[13:55:41.254020] [WARNING] [pdc_tf_server.c:401] PDC_SERVER[27]: SCHED: executing edge 0 func=zfp_compress dev=GPU
[13:55:41.256357] [WARNING] [pdc_tf_server.c:401] PDC_SERVER[6]: SCHED: executing edge 0 func=zfp_compress dev=GPU
[13:55:41.261276] [WARNING] [pdc_tf_server.c:401] PDC_SERVER[14]: SCHED: executing edge 0 func=zfp_compress dev=GPU
[13:55:41.270052] [WARNING] [pdc_tf_server.c:475] PDC_SERVER[7]: SCHED: done running transformations
[13:55:41.270602] [WARNING] [pdc_tf_server.c:475] PDC_SERVER[4]: SCHED: done running transformations
[13:55:41.270633] [WARNING] [pdc_tf_server.c:401] PDC_SERVER[24]: SCHED: executing edge 0 func=zfp_compress dev=GPU
[13:55:41.270745] [WARNING] [pdc_tf_server.c:475] PDC_SERVER[1]: SCHED: done running transformations
[13:55:41.271505] [WARNING] [pdc_tf_server.c:475] PDC_SERVER[0]: SCHED: done running transformations
[13:55:41.273985] [WARNING] [pdc_tf_server.c:475] PDC_SERVER[20]: SCHED: done running transformations
[13:55:41.275266] [WARNING] [pdc_tf_server.c:401] PDC_SERVER[2]: SCHED: executing edge 0 func=zfp_compress dev=GPU
[13:55:41.279044] [WARNING] [pdc_tf_server.c:401] PDC_SERVER[29]: SCHED: executing edge 0 func=zfp_compress dev=GPU
[13:55:41.279603] [WARNING] [pdc_tf_server.c:401] PDC_SERVER[26]: SCHED: executing edge 0 func=zfp_compress dev=GPU
[13:55:41.281457] [WARNING] [pdc_tf_server.c:401] PDC_SERVER[3]: SCHED: executing edge 0 func=zfp_compress dev=GPU
[13:55:41.285017] [WARNING] [pdc_tf_server.c:401] PDC_SERVER[28]: SCHED: executing edge 0 func=zfp_compress dev=GPU
[13:55:41.285015] [WARNING] [pdc_tf_server.c:475] PDC_SERVER[6]: SCHED: done running transformations
[13:55:41.286899] [WARNING] [pdc_tf_server.c:401] PDC_SERVER[5]: SCHED: executing edge 0 func=zfp_compress dev=GPU
[13:55:41.288911] [WARNING] [pdc_tf_server.c:475] PDC_SERVER[18]: SCHED: done running transformations
[13:55:41.289017] [WARNING] [pdc_tf_server.c:401] PDC_SERVER[31]: SCHED: executing edge 0 func=zfp_compress dev=GPU
[13:55:41.291055] [WARNING] [pdc_tf_server.c:475] PDC_SERVER[21]: SCHED: done running transformations
[13:55:41.299375] [WARNING] [pdc_tf_server.c:475] PDC_SERVER[23]: SCHED: done running transformations
[13:55:41.300953] [WARNING] [pdc_tf_server.c:475] PDC_SERVER[17]: SCHED: done running transformations
[13:55:41.303868] [WARNING] [pdc_tf_server.c:475] PDC_SERVER[16]: SCHED: done running transformations
[13:55:41.304628] [WARNING] [pdc_tf_server.c:475] PDC_SERVER[22]: SCHED: done running transformations
[13:55:41.305080] [WARNING] [pdc_tf_server.c:475] PDC_SERVER[24]: SCHED: done running transformations
[13:55:41.305322] [WARNING] [pdc_tf_server.c:475] PDC_SERVER[2]: SCHED: done running transformations
[13:55:41.305879] [WARNING] [pdc_tf_server.c:475] PDC_SERVER[27]: SCHED: done running transformations
[13:55:41.308941] [WARNING] [pdc_tf_server.c:475] PDC_SERVER[29]: SCHED: done running transformations
[13:55:41.311907] [WARNING] [pdc_tf_server.c:475] PDC_SERVER[3]: SCHED: done running transformations
[13:55:41.313373] [WARNING] [pdc_tf_server.c:475] PDC_SERVER[26]: SCHED: done running transformations
[13:55:41.315092] [WARNING] [pdc_server_region_cache.c:834] PDC_SERVER[0]: Flushed region via POSIX I/O in 1.917954 s
[13:55:41.315110] [WARNING] [pdc_server_region_cache.c:850] PDC_SERVER[0]: [2026-10-07 13:55:41.315108] Flushed 16.00 / 16.00 MB to storage
[INFO] PDC_SERVER[0]: Region flush iteration took 1.917993 s
[13:55:41.315796] [WARNING] [pdc_tf_server.c:401] PDC_SERVER[10]: SCHED: executing edge 0 func=zfp_compress dev=GPU
[13:55:41.315972] [WARNING] [pdc_tf_server.c:401] PDC_SERVER[13]: SCHED: executing edge 0 func=zfp_compress dev=GPU
[13:55:41.316183] [WARNING] [pdc_tf_server.c:475] PDC_SERVER[28]: SCHED: done running transformations
[INFO] PDC_SERVER[0]: Starting flush for obj_id 11000000000, ndim=3
[13:55:41.316497] [WARNING] [pdc_server_region_cache.c:823] PDC_SERVER[0]: Region mapping lookup took 0.000001 s
[13:55:41.316505] [WARNING] [pdc_server_region_cache.c:828] PDC_SERVER[0]: No region mapping found for obj_id 11000000000
[13:55:41.316729] [WARNING] [pdc_tf_server.c:475] PDC_SERVER[31]: SCHED: done running transformations
[13:55:41.317288] [WARNING] [pdc_tf_server.c:475] PDC_SERVER[5]: SCHED: done running transformations
[13:55:41.337030] [WARNING] [pdc_server_region_cache.c:834] PDC_SERVER[0]: Flushed region via POSIX I/O in 0.020517 s
[13:55:41.337045] [WARNING] [pdc_server_region_cache.c:850] PDC_SERVER[0]: [2026-10-07 13:55:41.337041] Flushed 16.00 / 16.00 MB to storage
[INFO] PDC_SERVER[0]: Region flush iteration took 0.020556 s
[13:55:41.337667] [WARNING] [pdc_tf_server.c:401] PDC_SERVER[9]: SCHED: executing edge 0 func=zfp_compress dev=GPU
[INFO] PDC_SERVER[0]: Starting flush for obj_id 12000000000, ndim=3
[13:55:41.343398] [WARNING] [pdc_server_region_cache.c:823] PDC_SERVER[0]: Region mapping lookup took 0.000000 s
[13:55:41.343404] [WARNING] [pdc_server_region_cache.c:828] PDC_SERVER[0]: No region mapping found for obj_id 12000000000
[13:55:41.355750] [WARNING] [pdc_tf_server.c:475] PDC_SERVER[14]: SCHED: done running transformations
[13:55:41.374559] [WARNING] [pdc_tf_server.c:475] PDC_SERVER[13]: SCHED: done running transformations
[13:55:41.376783] [WARNING] [pdc_tf_server.c:475] PDC_SERVER[10]: SCHED: done running transformations
[13:55:41.393282] [WARNING] [pdc_tf_server.c:401] PDC_SERVER[15]: SCHED: executing edge 0 func=zfp_compress dev=GPU
[13:55:41.400132] [WARNING] [pdc_tf_server.c:401] PDC_SERVER[11]: SCHED: executing edge 0 func=zfp_compress dev=GPU
[13:55:41.419461] [WARNING] [pdc_tf_server.c:475] PDC_SERVER[9]: SCHED: done running transformations
[13:55:41.423356] [WARNING] [pdc_tf_server.c:401] PDC_SERVER[12]: SCHED: executing edge 0 func=zfp_compress dev=GPU
[13:55:41.461990] [WARNING] [pdc_tf_server.c:475] PDC_SERVER[12]: SCHED: done running transformations
[13:55:41.466905] [WARNING] [pdc_tf_server.c:475] PDC_SERVER[11]: SCHED: done running transformations
[13:55:41.467268] [WARNING] [pdc_tf_server.c:475] PDC_SERVER[15]: SCHED: done running transformations
[13:55:41.521551] [WARNING] [pdc_tf_server.c:393] PDC_SERVER[25]: SCHED: setting CUDA device to 0 for edge 0 func=zfp_compress
[13:55:41.521699] [WARNING] [pdc_tf_server.c:401] PDC_SERVER[25]: SCHED: executing edge 0 func=zfp_compress dev=GPU
[13:55:41.531096] [WARNING] [pdc_tf_server.c:393] PDC_SERVER[30]: SCHED: setting CUDA device to 0 for edge 0 func=zfp_compress
[13:55:41.531123] [WARNING] [pdc_tf_server.c:401] PDC_SERVER[30]: SCHED: executing edge 0 func=zfp_compress dev=GPU
[13:55:41.534315] [WARNING] [pdc_tf_server.c:475] PDC_SERVER[25]: SCHED: done running transformations
[13:55:41.540728] [WARNING] [pdc_tf_server.c:393] PDC_SERVER[8]: SCHED: setting CUDA device to 0 for edge 0 func=zfp_compress
[13:55:41.540782] [WARNING] [pdc_tf_server.c:401] PDC_SERVER[8]: SCHED: executing edge 0 func=zfp_compress dev=GPU
[13:55:41.541488] [WARNING] [pdc_tf_server.c:475] PDC_SERVER[30]: SCHED: done running transformations
[13:55:41.552860] [WARNING] [pdc_tf_server.c:475] PDC_SERVER[8]: SCHED: done running transformations
[13:55:41.582673] [WARNING] [pdc_tf_server.c:393] PDC_SERVER[19]: SCHED: setting CUDA device to 0 for edge 0 func=zfp_compress
[13:55:41.582755] [WARNING] [pdc_tf_server.c:401] PDC_SERVER[19]: SCHED: executing edge 0 func=zfp_compress dev=GPU
[13:55:41.591224] [WARNING] [pdc_tf_server.c:475] PDC_SERVER[19]: SCHED: done running transformations
[13:55:41.597358] [WARNING] [pdc_tf_server.c:393] PDC_SERVER[4]: SCHED: setting CUDA device to 0 for edge 0 func=zfp_compress
[13:55:41.597413] [WARNING] [pdc_tf_server.c:401] PDC_SERVER[4]: SCHED: executing edge 0 func=zfp_compress dev=GPU
[13:55:41.609138] [WARNING] [pdc_tf_server.c:475] PDC_SERVER[4]: SCHED: done running transformations
[13:55:41.615213] [WARNING] [pdc_tf_server.c:393] PDC_SERVER[7]: SCHED: setting CUDA device to 0 for edge 0 func=zfp_compress
[13:55:41.615292] [WARNING] [pdc_tf_server.c:401] PDC_SERVER[7]: SCHED: executing edge 0 func=zfp_compress dev=GPU
[13:55:41.616862] [WARNING] [pdc_tf_server.c:393] PDC_SERVER[6]: SCHED: setting CUDA device to 0 for edge 0 func=zfp_compress
[13:55:41.616921] [WARNING] [pdc_tf_server.c:401] PDC_SERVER[6]: SCHED: executing edge 0 func=zfp_compress dev=GPU
[13:55:41.618709] [WARNING] [pdc_tf_server.c:393] PDC_SERVER[2]: SCHED: setting CUDA device to 0 for edge 0 func=zfp_compress
[13:55:41.618771] [WARNING] [pdc_tf_server.c:401] PDC_SERVER[2]: SCHED: executing edge 0 func=zfp_compress dev=GPU
[13:55:41.625353] [WARNING] [pdc_tf_server.c:393] PDC_SERVER[22]: SCHED: setting CUDA device to 0 for edge 0 func=zfp_compress
[13:55:41.625405] [WARNING] [pdc_tf_server.c:401] PDC_SERVER[22]: SCHED: executing edge 0 func=zfp_compress dev=GPU
[13:55:41.625918] [WARNING] [pdc_tf_server.c:393] PDC_SERVER[3]: SCHED: setting CUDA device to 0 for edge 0 func=zfp_compress
[13:55:41.626007] [WARNING] [pdc_tf_server.c:401] PDC_SERVER[3]: SCHED: executing edge 0 func=zfp_compress dev=GPU
[13:55:41.626581] [WARNING] [pdc_tf_server.c:475] PDC_SERVER[7]: SCHED: done running transformations
[13:55:41.626724] [WARNING] [pdc_tf_server.c:393] PDC_SERVER[20]: SCHED: setting CUDA device to 0 for edge 0 func=zfp_compress
[13:55:41.626826] [WARNING] [pdc_tf_server.c:401] PDC_SERVER[20]: SCHED: executing edge 0 func=zfp_compress dev=GPU
[13:55:41.628989] [WARNING] [pdc_tf_server.c:475] PDC_SERVER[6]: SCHED: done running transformations
[13:55:41.631866] [WARNING] [pdc_tf_server.c:393] PDC_SERVER[23]: SCHED: setting CUDA device to 0 for edge 0 func=zfp_compress
[13:55:41.631905] [WARNING] [pdc_tf_server.c:401] PDC_SERVER[23]: SCHED: executing edge 0 func=zfp_compress dev=GPU
[13:55:41.631961] [WARNING] [pdc_tf_server.c:475] PDC_SERVER[2]: SCHED: done running transformations
[13:55:41.635914] [WARNING] [pdc_tf_server.c:475] PDC_SERVER[22]: SCHED: done running transformations
[13:55:41.636155] [WARNING] [pdc_tf_server.c:393] PDC_SERVER[28]: SCHED: setting CUDA device to 0 for edge 0 func=zfp_compress
[13:55:41.636195] [WARNING] [pdc_tf_server.c:401] PDC_SERVER[28]: SCHED: executing edge 0 func=zfp_compress dev=GPU
[13:55:41.636654] [WARNING] [pdc_tf_server.c:393] PDC_SERVER[24]: SCHED: setting CUDA device to 0 for edge 0 func=zfp_compress
[13:55:41.636745] [WARNING] [pdc_tf_server.c:401] PDC_SERVER[24]: SCHED: executing edge 0 func=zfp_compress dev=GPU
[13:55:41.637684] [WARNING] [pdc_tf_server.c:393] PDC_SERVER[27]: SCHED: setting CUDA device to 0 for edge 0 func=zfp_compress
[13:55:41.637723] [WARNING] [pdc_tf_server.c:401] PDC_SERVER[27]: SCHED: executing edge 0 func=zfp_compress dev=GPU
[13:55:41.640013] [WARNING] [pdc_tf_server.c:393] PDC_SERVER[18]: SCHED: setting CUDA device to 0 for edge 0 func=zfp_compress
[13:55:41.640050] [WARNING] [pdc_tf_server.c:401] PDC_SERVER[18]: SCHED: executing edge 0 func=zfp_compress dev=GPU
[13:55:41.640376] [WARNING] [pdc_tf_server.c:393] PDC_SERVER[21]: SCHED: setting CUDA device to 0 for edge 0 func=zfp_compress
[13:55:41.640412] [WARNING] [pdc_tf_server.c:401] PDC_SERVER[21]: SCHED: executing edge 0 func=zfp_compress dev=GPU
[13:55:41.642294] [WARNING] [pdc_tf_server.c:475] PDC_SERVER[3]: SCHED: done running transformations
[13:55:41.642954] [WARNING] [pdc_tf_server.c:475] PDC_SERVER[20]: SCHED: done running transformations
[INFO] PDC_SERVER[0]: Executing graph with json filepath /pscratch/sd/n/nlewi26/src/work_space/source/pdc/tf_client/graphs/zfp_gpu.json
[13:55:41.644746] [WARNING] [pdc_tf_server.c:393] PDC_SERVER[0]: SCHED: setting CUDA device to 0 for edge 0 func=zfp_compress
[13:55:41.644761] [WARNING] [pdc_tf_server.c:401] PDC_SERVER[0]: SCHED: executing edge 0 func=zfp_compress dev=GPU
[13:55:41.646145] [WARNING] [pdc_tf_server.c:393] PDC_SERVER[29]: SCHED: setting CUDA device to 0 for edge 0 func=zfp_compress
[13:55:41.646175] [WARNING] [pdc_tf_server.c:401] PDC_SERVER[29]: SCHED: executing edge 0 func=zfp_compress dev=GPU
[13:55:41.649008] [WARNING] [pdc_tf_server.c:475] PDC_SERVER[23]: SCHED: done running transformations
[13:55:41.649318] [WARNING] [pdc_tf_server.c:393] PDC_SERVER[5]: SCHED: setting CUDA device to 0 for edge 0 func=zfp_compress
[13:55:41.649344] [WARNING] [pdc_tf_server.c:401] PDC_SERVER[5]: SCHED: executing edge 0 func=zfp_compress dev=GPU
[13:55:41.650948] [WARNING] [pdc_tf_server.c:393] PDC_SERVER[17]: SCHED: setting CUDA device to 0 for edge 0 func=zfp_compress
[13:55:41.650981] [WARNING] [pdc_tf_server.c:401] PDC_SERVER[17]: SCHED: executing edge 0 func=zfp_compress dev=GPU
[13:55:41.654204] [WARNING] [pdc_tf_server.c:475] PDC_SERVER[0]: SCHED: done running transformations
[13:55:41.654553] [WARNING] [pdc_tf_server.c:393] PDC_SERVER[1]: SCHED: setting CUDA device to 0 for edge 0 func=zfp_compress
[13:55:41.654636] [WARNING] [pdc_tf_server.c:401] PDC_SERVER[1]: SCHED: executing edge 0 func=zfp_compress dev=GPU
[13:55:41.658809] [WARNING] [pdc_tf_server.c:475] PDC_SERVER[21]: SCHED: done running transformations
[13:55:41.658877] [WARNING] [pdc_tf_server.c:393] PDC_SERVER[26]: SCHED: setting CUDA device to 0 for edge 0 func=zfp_compress
[13:55:41.658952] [WARNING] [pdc_tf_server.c:401] PDC_SERVER[26]: SCHED: executing edge 0 func=zfp_compress dev=GPU
[13:55:41.659794] [WARNING] [pdc_tf_server.c:475] PDC_SERVER[5]: SCHED: done running transformations
[13:55:41.660034] [WARNING] [pdc_tf_server.c:475] PDC_SERVER[28]: SCHED: done running transformations
[13:55:41.660087] [WARNING] [pdc_tf_server.c:475] PDC_SERVER[27]: SCHED: done running transformations
[13:55:41.660945] [WARNING] [pdc_tf_server.c:475] PDC_SERVER[18]: SCHED: done running transformations
[13:55:41.663622] [WARNING] [pdc_tf_server.c:393] PDC_SERVER[16]: SCHED: setting CUDA device to 0 for edge 0 func=zfp_compress
[13:55:41.663760] [WARNING] [pdc_tf_server.c:401] PDC_SERVER[16]: SCHED: executing edge 0 func=zfp_compress dev=GPU
[13:55:41.666180] [WARNING] [pdc_tf_server.c:475] PDC_SERVER[17]: SCHED: done running transformations
[13:55:41.667223] [WARNING] [pdc_tf_server.c:475] PDC_SERVER[1]: SCHED: done running transformations
[13:55:41.676020] [WARNING] [pdc_tf_server.c:475] PDC_SERVER[24]: SCHED: done running transformations
[13:55:41.677006] [WARNING] [pdc_tf_server.c:475] PDC_SERVER[16]: SCHED: done running transformations
[13:55:41.681422] [WARNING] [pdc_tf_server.c:475] PDC_SERVER[29]: SCHED: done running transformations
[13:55:41.681493] [WARNING] [pdc_tf_server.c:475] PDC_SERVER[26]: SCHED: done running transformations
[13:55:41.694155] [WARNING] [pdc_server_region_cache.c:834] PDC_SERVER[0]: Flushed region via POSIX I/O in 0.350735 s
[13:55:41.694189] [WARNING] [pdc_server_region_cache.c:850] PDC_SERVER[0]: [2026-10-07 13:55:41.694178] Flushed 16.00 / 16.00 MB to storage
[INFO] PDC_SERVER[0]: Region flush iteration took 0.350799 s
[INFO] PDC_SERVER[0]: Starting flush for obj_id 12000000000, ndim=3
[13:55:41.698691] [WARNING] [pdc_server_region_cache.c:823] PDC_SERVER[0]: Region mapping lookup took 0.000000 s
[13:55:41.698698] [WARNING] [pdc_server_region_cache.c:828] PDC_SERVER[0]: No region mapping found for obj_id 12000000000
[13:55:41.703184] [WARNING] [pdc_tf_server.c:393] PDC_SERVER[31]: SCHED: setting CUDA device to 0 for edge 0 func=zfp_compress
[13:55:41.703244] [WARNING] [pdc_tf_server.c:401] PDC_SERVER[31]: SCHED: executing edge 0 func=zfp_compress dev=GPU
[13:55:41.712134] [WARNING] [pdc_tf_server.c:393] PDC_SERVER[14]: SCHED: setting CUDA device to 0 for edge 0 func=zfp_compress
[13:55:41.712173] [WARNING] [pdc_tf_server.c:401] PDC_SERVER[14]: SCHED: executing edge 0 func=zfp_compress dev=GPU
[13:55:41.712427] [WARNING] [pdc_tf_server.c:393] PDC_SERVER[13]: SCHED: setting CUDA device to 0 for edge 0 func=zfp_compress
[13:55:41.712444] [WARNING] [pdc_tf_server.c:401] PDC_SERVER[13]: SCHED: executing edge 0 func=zfp_compress dev=GPU
[13:55:41.715463] [WARNING] [pdc_tf_server.c:475] PDC_SERVER[31]: SCHED: done running transformations
[13:55:41.727927] [WARNING] [pdc_tf_server.c:475] PDC_SERVER[13]: SCHED: done running transformations
[13:55:41.729322] [WARNING] [pdc_tf_server.c:475] PDC_SERVER[14]: SCHED: done running transformations
[13:55:41.731681] [WARNING] [pdc_tf_server.c:393] PDC_SERVER[10]: SCHED: setting CUDA device to 0 for edge 0 func=zfp_compress
[13:55:41.731812] [WARNING] [pdc_tf_server.c:401] PDC_SERVER[10]: SCHED: executing edge 0 func=zfp_compress dev=GPU
[13:55:41.739040] [WARNING] [pdc_tf_server.c:393] PDC_SERVER[9]: SCHED: setting CUDA device to 0 for edge 0 func=zfp_compress
[13:55:41.739148] [WARNING] [pdc_tf_server.c:401] PDC_SERVER[9]: SCHED: executing edge 0 func=zfp_compress dev=GPU
[13:55:41.741571] [WARNING] [pdc_tf_server.c:475] PDC_SERVER[10]: SCHED: done running transformations
[13:55:41.752219] [WARNING] [pdc_tf_server.c:475] PDC_SERVER[9]: SCHED: done running transformations
[13:55:41.806537] [WARNING] [pdc_tf_server.c:393] PDC_SERVER[12]: SCHED: setting CUDA device to 0 for edge 0 func=zfp_compress
[13:55:41.806638] [WARNING] [pdc_tf_server.c:401] PDC_SERVER[12]: SCHED: executing edge 0 func=zfp_compress dev=GPU
[13:55:41.811524] [WARNING] [pdc_tf_server.c:393] PDC_SERVER[11]: SCHED: setting CUDA device to 0 for edge 0 func=zfp_compress
[13:55:41.811544] [WARNING] [pdc_tf_server.c:401] PDC_SERVER[11]: SCHED: executing edge 0 func=zfp_compress dev=GPU
[13:55:41.814701] [WARNING] [pdc_tf_server.c:393] PDC_SERVER[15]: SCHED: setting CUDA device to 0 for edge 0 func=zfp_compress
[13:55:41.814741] [WARNING] [pdc_tf_server.c:401] PDC_SERVER[15]: SCHED: executing edge 0 func=zfp_compress dev=GPU
[13:55:41.829577] [WARNING] [pdc_tf_server.c:475] PDC_SERVER[12]: SCHED: done running transformations
[13:55:41.833562] [WARNING] [pdc_tf_server.c:475] PDC_SERVER[11]: SCHED: done running transformations
[13:55:41.837728] [WARNING] [pdc_tf_server.c:475] PDC_SERVER[15]: SCHED: done running transformations
[13:55:41.881308] [WARNING] [pdc_tf_server.c:393] PDC_SERVER[8]: SCHED: setting CUDA device to 0 for edge 0 func=zfp_compress
[13:55:41.881338] [WARNING] [pdc_tf_server.c:401] PDC_SERVER[8]: SCHED: executing edge 0 func=zfp_compress dev=GPU
[13:55:41.882585] [WARNING] [pdc_tf_server.c:393] PDC_SERVER[25]: SCHED: setting CUDA device to 0 for edge 0 func=zfp_compress
[13:55:41.882644] [WARNING] [pdc_tf_server.c:401] PDC_SERVER[25]: SCHED: executing edge 0 func=zfp_compress dev=GPU
[13:55:41.893386] [WARNING] [pdc_tf_server.c:475] PDC_SERVER[25]: SCHED: done running transformations
[13:55:41.894034] [WARNING] [pdc_tf_server.c:393] PDC_SERVER[30]: SCHED: setting CUDA device to 0 for edge 0 func=zfp_compress
[13:55:41.894074] [WARNING] [pdc_tf_server.c:401] PDC_SERVER[30]: SCHED: executing edge 0 func=zfp_compress dev=GPU
[13:55:41.902504] [WARNING] [pdc_tf_server.c:475] PDC_SERVER[8]: SCHED: done running transformations
[13:55:41.904460] [WARNING] [pdc_tf_server.c:393] PDC_SERVER[19]: SCHED: setting CUDA device to 0 for edge 0 func=zfp_compress
[13:55:41.904494] [WARNING] [pdc_tf_server.c:401] PDC_SERVER[19]: SCHED: executing edge 0 func=zfp_compress dev=GPU
[13:55:41.904551] [WARNING] [pdc_tf_server.c:475] PDC_SERVER[30]: SCHED: done running transformations
[13:55:41.913008] [WARNING] [pdc_tf_server.c:475] PDC_SERVER[19]: SCHED: done running transformations
[13:55:41.924990] [WARNING] [pdc_tf_server.c:393] PDC_SERVER[4]: SCHED: setting CUDA device to 0 for edge 0 func=zfp_compress
[13:55:41.925029] [WARNING] [pdc_tf_server.c:401] PDC_SERVER[4]: SCHED: executing edge 0 func=zfp_compress dev=GPU
[13:55:41.935104] [WARNING] [pdc_tf_server.c:393] PDC_SERVER[22]: SCHED: setting CUDA device to 0 for edge 0 func=zfp_compress
[13:55:41.935202] [WARNING] [pdc_tf_server.c:401] PDC_SERVER[22]: SCHED: executing edge 0 func=zfp_compress dev=GPU
[13:55:41.938331] [WARNING] [pdc_tf_server.c:393] PDC_SERVER[6]: SCHED: setting CUDA device to 0 for edge 0 func=zfp_compress
[13:55:41.938365] [WARNING] [pdc_tf_server.c:401] PDC_SERVER[6]: SCHED: executing edge 0 func=zfp_compress dev=GPU
[13:55:41.941626] [WARNING] [pdc_tf_server.c:475] PDC_SERVER[4]: SCHED: done running transformations
[13:55:41.943680] [WARNING] [pdc_tf_server.c:475] PDC_SERVER[22]: SCHED: done running transformations
[13:55:41.944221] [WARNING] [pdc_tf_server.c:393] PDC_SERVER[7]: SCHED: setting CUDA device to 0 for edge 0 func=zfp_compress
[13:55:41.944256] [WARNING] [pdc_tf_server.c:401] PDC_SERVER[7]: SCHED: executing edge 0 func=zfp_compress dev=GPU
[13:55:41.959904] [WARNING] [pdc_tf_server.c:475] PDC_SERVER[6]: SCHED: done running transformations
[13:55:41.960709] [WARNING] [pdc_tf_server.c:393] PDC_SERVER[3]: SCHED: setting CUDA device to 0 for edge 0 func=zfp_compress
[13:55:41.960741] [WARNING] [pdc_tf_server.c:401] PDC_SERVER[3]: SCHED: executing edge 0 func=zfp_compress dev=GPU
[13:55:41.964206] [WARNING] [pdc_tf_server.c:475] PDC_SERVER[7]: SCHED: done running transformations
[13:55:41.964750] [WARNING] [pdc_tf_server.c:393] PDC_SERVER[20]: SCHED: setting CUDA device to 0 for edge 0 func=zfp_compress
[13:55:41.964781] [WARNING] [pdc_tf_server.c:401] PDC_SERVER[20]: SCHED: executing edge 0 func=zfp_compress dev=GPU
[13:55:41.966804] [WARNING] [pdc_tf_server.c:393] PDC_SERVER[28]: SCHED: setting CUDA device to 0 for edge 0 func=zfp_compress
[13:55:41.966860] [WARNING] [pdc_tf_server.c:401] PDC_SERVER[28]: SCHED: executing edge 0 func=zfp_compress dev=GPU
[13:55:41.967588] [WARNING] [pdc_tf_server.c:393] PDC_SERVER[23]: SCHED: setting CUDA device to 0 for edge 0 func=zfp_compress
[13:55:41.967687] [WARNING] [pdc_tf_server.c:401] PDC_SERVER[23]: SCHED: executing edge 0 func=zfp_compress dev=GPU
[13:55:41.977664] [WARNING] [pdc_tf_server.c:475] PDC_SERVER[20]: SCHED: done running transformations
[13:55:41.977664] [WARNING] [pdc_tf_server.c:393] PDC_SERVER[27]: SCHED: setting CUDA device to 0 for edge 0 func=zfp_compress
[13:55:41.977700] [WARNING] [pdc_tf_server.c:401] PDC_SERVER[27]: SCHED: executing edge 0 func=zfp_compress dev=GPU
[13:55:41.977958] [WARNING] [pdc_tf_server.c:475] PDC_SERVER[28]: SCHED: done running transformations
[13:55:41.979810] [WARNING] [pdc_tf_server.c:475] PDC_SERVER[23]: SCHED: done running transformations
[13:55:41.983072] [WARNING] [pdc_tf_server.c:393] PDC_SERVER[1]: SCHED: setting CUDA device to 0 for edge 0 func=zfp_compress
[13:55:41.983103] [WARNING] [pdc_tf_server.c:401] PDC_SERVER[1]: SCHED: executing edge 0 func=zfp_compress dev=GPU
[13:55:41.985628] [WARNING] [pdc_tf_server.c:393] PDC_SERVER[2]: SCHED: setting CUDA device to 0 for edge 0 func=zfp_compress
[13:55:41.985661] [WARNING] [pdc_tf_server.c:401] PDC_SERVER[2]: SCHED: executing edge 0 func=zfp_compress dev=GPU
[13:55:41.987027] [WARNING] [pdc_tf_server.c:475] PDC_SERVER[27]: SCHED: done running transformations
[13:55:41.987876] [WARNING] [pdc_tf_server.c:393] PDC_SERVER[29]: SCHED: setting CUDA device to 0 for edge 0 func=zfp_compress
[13:55:41.987907] [WARNING] [pdc_tf_server.c:401] PDC_SERVER[29]: SCHED: executing edge 0 func=zfp_compress dev=GPU
[INFO] PDC_SERVER[0]: Executing graph with json filepath /pscratch/sd/n/nlewi26/src/work_space/source/pdc/tf_client/graphs/zfp_gpu.json
[13:55:41.988491] [WARNING] [pdc_tf_server.c:393] PDC_SERVER[0]: SCHED: setting CUDA device to 0 for edge 0 func=zfp_compress
[13:55:41.988504] [WARNING] [pdc_tf_server.c:401] PDC_SERVER[0]: SCHED: executing edge 0 func=zfp_compress dev=GPU
[13:55:41.993274] [WARNING] [pdc_tf_server.c:475] PDC_SERVER[3]: SCHED: done running transformations
[13:55:41.994497] [WARNING] [pdc_tf_server.c:393] PDC_SERVER[5]: SCHED: setting CUDA device to 0 for edge 0 func=zfp_compress
[13:55:41.994528] [WARNING] [pdc_tf_server.c:401] PDC_SERVER[5]: SCHED: executing edge 0 func=zfp_compress dev=GPU
[13:55:41.996798] [WARNING] [pdc_tf_server.c:393] PDC_SERVER[24]: SCHED: setting CUDA device to 0 for edge 0 func=zfp_compress
[13:55:41.996839] [WARNING] [pdc_tf_server.c:401] PDC_SERVER[24]: SCHED: executing edge 0 func=zfp_compress dev=GPU
[13:55:41.998767] [WARNING] [pdc_tf_server.c:475] PDC_SERVER[29]: SCHED: done running transformations
[13:55:42.007442] [WARNING] [pdc_tf_server.c:475] PDC_SERVER[0]: SCHED: done running transformations
[13:55:42.007772] [WARNING] [pdc_tf_server.c:475] PDC_SERVER[24]: SCHED: done running transformations
[13:55:42.009714] [WARNING] [pdc_tf_server.c:393] PDC_SERVER[17]: SCHED: setting CUDA device to 0 for edge 0 func=zfp_compress
[13:55:42.009743] [WARNING] [pdc_tf_server.c:401] PDC_SERVER[17]: SCHED: executing edge 0 func=zfp_compress dev=GPU
[13:55:42.009676] [WARNING] [pdc_tf_server.c:475] PDC_SERVER[1]: SCHED: done running transformations
[13:55:42.009747] [WARNING] [pdc_tf_server.c:475] PDC_SERVER[2]: SCHED: done running transformations
[13:55:42.009907] [WARNING] [pdc_tf_server.c:393] PDC_SERVER[18]: SCHED: setting CUDA device to 0 for edge 0 func=zfp_compress
[13:55:42.009939] [WARNING] [pdc_tf_server.c:401] PDC_SERVER[18]: SCHED: executing edge 0 func=zfp_compress dev=GPU
[13:55:42.013260] [WARNING] [pdc_tf_server.c:475] PDC_SERVER[5]: SCHED: done running transformations
[13:55:42.025070] [WARNING] [pdc_tf_server.c:475] PDC_SERVER[17]: SCHED: done running transformations
[13:55:42.025059] [WARNING] [pdc_tf_server.c:393] PDC_SERVER[21]: SCHED: setting CUDA device to 0 for edge 0 func=zfp_compress
[13:55:42.025100] [WARNING] [pdc_tf_server.c:401] PDC_SERVER[21]: SCHED: executing edge 0 func=zfp_compress dev=GPU
[13:55:42.030213] [WARNING] [pdc_tf_server.c:393] PDC_SERVER[16]: SCHED: setting CUDA device to 0 for edge 0 func=zfp_compress
[13:55:42.030232] [WARNING] [pdc_tf_server.c:401] PDC_SERVER[16]: SCHED: executing edge 0 func=zfp_compress dev=GPU
[13:55:42.030253] [WARNING] [pdc_tf_server.c:475] PDC_SERVER[18]: SCHED: done running transformations
[13:55:42.032445] [WARNING] [pdc_tf_server.c:393] PDC_SERVER[26]: SCHED: setting CUDA device to 0 for edge 0 func=zfp_compress
[13:55:42.032485] [WARNING] [pdc_tf_server.c:401] PDC_SERVER[26]: SCHED: executing edge 0 func=zfp_compress dev=GPU
[13:55:42.042456] [WARNING] [pdc_tf_server.c:393] PDC_SERVER[31]: SCHED: setting CUDA device to 0 for edge 0 func=zfp_compress
[13:55:42.042486] [WARNING] [pdc_tf_server.c:401] PDC_SERVER[31]: SCHED: executing edge 0 func=zfp_compress dev=GPU
[13:55:42.043560] [WARNING] [pdc_tf_server.c:475] PDC_SERVER[21]: SCHED: done running transformations
[13:55:42.044589] [WARNING] [pdc_server_region_cache.c:834] PDC_SERVER[0]: Flushed region via POSIX I/O in 0.345875 s
[13:55:42.044611] [WARNING] [pdc_server_region_cache.c:850] PDC_SERVER[0]: [2026-10-07 13:55:42.044608] Flushed 16.00 / 16.00 MB to storage
[INFO] PDC_SERVER[0]: Region flush iteration took 0.345928 s
[13:55:42.045454] [WARNING] [pdc_tf_server.c:475] PDC_SERVER[16]: SCHED: done running transformations
[INFO] PDC_SERVER[0]: Starting flush for obj_id 12000000000, ndim=3
[13:55:42.046357] [WARNING] [pdc_server_region_cache.c:823] PDC_SERVER[0]: Region mapping lookup took 0.000001 s
[13:55:42.046362] [WARNING] [pdc_server_region_cache.c:828] PDC_SERVER[0]: No region mapping found for obj_id 12000000000
[13:55:42.056630] [WARNING] [pdc_tf_server.c:393] PDC_SERVER[13]: SCHED: setting CUDA device to 0 for edge 0 func=zfp_compress
[13:55:42.056663] [WARNING] [pdc_tf_server.c:401] PDC_SERVER[13]: SCHED: executing edge 0 func=zfp_compress dev=GPU
[13:55:42.063408] [WARNING] [pdc_tf_server.c:393] PDC_SERVER[10]: SCHED: setting CUDA device to 0 for edge 0 func=zfp_compress
[13:55:42.063448] [WARNING] [pdc_tf_server.c:401] PDC_SERVER[10]: SCHED: executing edge 0 func=zfp_compress dev=GPU
[13:55:42.067508] [WARNING] [pdc_tf_server.c:475] PDC_SERVER[26]: SCHED: done running transformations
[13:55:42.069858] [WARNING] [pdc_tf_server.c:475] PDC_SERVER[31]: SCHED: done running transformations
[13:55:42.069958] [WARNING] [pdc_tf_server.c:475] PDC_SERVER[13]: SCHED: done running transformations
[13:55:42.074593] [WARNING] [pdc_tf_server.c:475] PDC_SERVER[10]: SCHED: done running transformations
[13:55:42.086682] [WARNING] [pdc_tf_server.c:393] PDC_SERVER[9]: SCHED: setting CUDA device to 0 for edge 0 func=zfp_compress
[13:55:42.086712] [WARNING] [pdc_tf_server.c:401] PDC_SERVER[9]: SCHED: executing edge 0 func=zfp_compress dev=GPU
[13:55:42.096498] [WARNING] [pdc_tf_server.c:475] PDC_SERVER[9]: SCHED: done running transformations
[13:55:42.098068] [WARNING] [pdc_tf_server.c:393] PDC_SERVER[14]: SCHED: setting CUDA device to 0 for edge 0 func=zfp_compress
[13:55:42.098103] [WARNING] [pdc_tf_server.c:401] PDC_SERVER[14]: SCHED: executing edge 0 func=zfp_compress dev=GPU
[13:55:42.108640] [WARNING] [pdc_tf_server.c:475] PDC_SERVER[14]: SCHED: done running transformations
[13:55:42.160896] [WARNING] [pdc_tf_server.c:393] PDC_SERVER[12]: SCHED: setting CUDA device to 0 for edge 0 func=zfp_compress
[13:55:42.160924] [WARNING] [pdc_tf_server.c:401] PDC_SERVER[12]: SCHED: executing edge 0 func=zfp_compress dev=GPU
[13:55:42.165178] [WARNING] [pdc_tf_server.c:393] PDC_SERVER[11]: SCHED: setting CUDA device to 0 for edge 0 func=zfp_compress
[13:55:42.165253] [WARNING] [pdc_tf_server.c:401] PDC_SERVER[11]: SCHED: executing edge 0 func=zfp_compress dev=GPU
[13:55:42.171656] [WARNING] [pdc_tf_server.c:475] PDC_SERVER[12]: SCHED: done running transformations
[13:55:42.175057] [WARNING] [pdc_tf_server.c:475] PDC_SERVER[11]: SCHED: done running transformations
[13:55:42.198818] [WARNING] [pdc_tf_server.c:393] PDC_SERVER[15]: SCHED: setting CUDA device to 0 for edge 0 func=zfp_compress
[13:55:42.198938] [WARNING] [pdc_tf_server.c:401] PDC_SERVER[15]: SCHED: executing edge 0 func=zfp_compress dev=GPU
[13:55:42.209318] [WARNING] [pdc_tf_server.c:475] PDC_SERVER[15]: SCHED: done running transformations
[13:55:42.211813] [WARNING] [pdc_tf_server.c:393] PDC_SERVER[19]: SCHED: setting CUDA device to 0 for edge 0 func=zfp_compress
[13:55:42.211841] [WARNING] [pdc_tf_server.c:401] PDC_SERVER[19]: SCHED: executing edge 0 func=zfp_compress dev=GPU
[13:55:42.222897] [WARNING] [pdc_tf_server.c:393] PDC_SERVER[25]: SCHED: setting CUDA device to 0 for edge 0 func=zfp_compress
[13:55:42.222942] [WARNING] [pdc_tf_server.c:401] PDC_SERVER[25]: SCHED: executing edge 0 func=zfp_compress dev=GPU
[13:55:42.226249] [WARNING] [pdc_tf_server.c:393] PDC_SERVER[8]: SCHED: setting CUDA device to 0 for edge 0 func=zfp_compress
[13:55:42.226278] [WARNING] [pdc_tf_server.c:401] PDC_SERVER[8]: SCHED: executing edge 0 func=zfp_compress dev=GPU
[13:55:42.228277] [WARNING] [pdc_tf_server.c:475] PDC_SERVER[19]: SCHED: done running transformations
[13:55:42.235838] [WARNING] [pdc_tf_server.c:475] PDC_SERVER[25]: SCHED: done running transformations
[13:55:42.246448] [WARNING] [pdc_tf_server.c:475] PDC_SERVER[8]: SCHED: done running transformations
[13:55:42.251088] [WARNING] [pdc_tf_server.c:393] PDC_SERVER[30]: SCHED: setting CUDA device to 0 for edge 0 func=zfp_compress
[13:55:42.251149] [WARNING] [pdc_tf_server.c:401] PDC_SERVER[30]: SCHED: executing edge 0 func=zfp_compress dev=GPU
[13:55:42.253511] [WARNING] [pdc_tf_server.c:393] PDC_SERVER[22]: SCHED: setting CUDA device to 0 for edge 0 func=zfp_compress
[13:55:42.253541] [WARNING] [pdc_tf_server.c:401] PDC_SERVER[22]: SCHED: executing edge 0 func=zfp_compress dev=GPU
[13:55:42.257578] [WARNING] [pdc_tf_server.c:393] PDC_SERVER[4]: SCHED: setting CUDA device to 0 for edge 0 func=zfp_compress
[13:55:42.257608] [WARNING] [pdc_tf_server.c:401] PDC_SERVER[4]: SCHED: executing edge 0 func=zfp_compress dev=GPU
[13:55:42.260268] [WARNING] [pdc_tf_server.c:393] PDC_SERVER[6]: SCHED: setting CUDA device to 0 for edge 0 func=zfp_compress
[13:55:42.260298] [WARNING] [pdc_tf_server.c:401] PDC_SERVER[6]: SCHED: executing edge 0 func=zfp_compress dev=GPU
[13:55:42.261173] [WARNING] [pdc_tf_server.c:475] PDC_SERVER[30]: SCHED: done running transformations
[13:55:42.266903] [WARNING] [pdc_tf_server.c:475] PDC_SERVER[4]: SCHED: done running transformations
[13:55:42.267993] [WARNING] [pdc_tf_server.c:475] PDC_SERVER[22]: SCHED: done running transformations
[13:55:42.269654] [WARNING] [pdc_tf_server.c:475] PDC_SERVER[6]: SCHED: done running transformations
[13:55:42.296831] [WARNING] [pdc_tf_server.c:393] PDC_SERVER[3]: SCHED: setting CUDA device to 0 for edge 0 func=zfp_compress
[13:55:42.296869] [WARNING] [pdc_tf_server.c:401] PDC_SERVER[3]: SCHED: executing edge 0 func=zfp_compress dev=GPU
[13:55:42.297060] [WARNING] [pdc_tf_server.c:393] PDC_SERVER[20]: SCHED: setting CUDA device to 0 for edge 0 func=zfp_compress
[13:55:42.297093] [WARNING] [pdc_tf_server.c:401] PDC_SERVER[20]: SCHED: executing edge 0 func=zfp_compress dev=GPU
[13:55:42.298569] [WARNING] [pdc_tf_server.c:393] PDC_SERVER[7]: SCHED: setting CUDA device to 0 for edge 0 func=zfp_compress
[13:55:42.298668] [WARNING] [pdc_tf_server.c:401] PDC_SERVER[7]: SCHED: executing edge 0 func=zfp_compress dev=GPU
[13:55:42.303555] [WARNING] [pdc_tf_server.c:393] PDC_SERVER[23]: SCHED: setting CUDA device to 0 for edge 0 func=zfp_compress
[13:55:42.303586] [WARNING] [pdc_tf_server.c:401] PDC_SERVER[23]: SCHED: executing edge 0 func=zfp_compress dev=GPU
[13:55:42.306292] [WARNING] [pdc_tf_server.c:393] PDC_SERVER[29]: SCHED: setting CUDA device to 0 for edge 0 func=zfp_compress
[13:55:42.306321] [WARNING] [pdc_tf_server.c:401] PDC_SERVER[29]: SCHED: executing edge 0 func=zfp_compress dev=GPU
[13:55:42.307845] [WARNING] [pdc_tf_server.c:475] PDC_SERVER[3]: SCHED: done running transformations
[13:55:42.309236] [WARNING] [pdc_tf_server.c:475] PDC_SERVER[20]: SCHED: done running transformations
[13:55:42.313351] [WARNING] [pdc_tf_server.c:393] PDC_SERVER[28]: SCHED: setting CUDA device to 0 for edge 0 func=zfp_compress
[13:55:42.313390] [WARNING] [pdc_tf_server.c:401] PDC_SERVER[28]: SCHED: executing edge 0 func=zfp_compress dev=GPU
[13:55:42.313778] [WARNING] [pdc_tf_server.c:475] PDC_SERVER[23]: SCHED: done running transformations
[13:55:42.314299] [WARNING] [pdc_tf_server.c:475] PDC_SERVER[7]: SCHED: done running transformations
[13:55:42.317129] [WARNING] [pdc_tf_server.c:475] PDC_SERVER[29]: SCHED: done running transformations
[13:55:42.324799] [WARNING] [pdc_tf_server.c:393] PDC_SERVER[27]: SCHED: setting CUDA device to 0 for edge 0 func=zfp_compress
[13:55:42.324801] [WARNING] [pdc_tf_server.c:475] PDC_SERVER[28]: SCHED: done running transformations
[13:55:42.324826] [WARNING] [pdc_tf_server.c:401] PDC_SERVER[27]: SCHED: executing edge 0 func=zfp_compress dev=GPU
[13:55:42.326917] [WARNING] [pdc_tf_server.c:393] PDC_SERVER[24]: SCHED: setting CUDA device to 0 for edge 0 func=zfp_compress
[13:55:42.326953] [WARNING] [pdc_tf_server.c:401] PDC_SERVER[24]: SCHED: executing edge 0 func=zfp_compress dev=GPU
[INFO] PDC_SERVER[0]: Executing graph with json filepath /pscratch/sd/n/nlewi26/src/work_space/source/pdc/tf_client/graphs/zfp_gpu.json
[13:55:42.327368] [WARNING] [pdc_tf_server.c:393] PDC_SERVER[0]: SCHED: setting CUDA device to 0 for edge 0 func=zfp_compress
[13:55:42.327383] [WARNING] [pdc_tf_server.c:401] PDC_SERVER[0]: SCHED: executing edge 0 func=zfp_compress dev=GPU
[13:55:42.336461] [WARNING] [pdc_tf_server.c:475] PDC_SERVER[27]: SCHED: done running transformations
[13:55:42.336558] [WARNING] [pdc_tf_server.c:475] PDC_SERVER[24]: SCHED: done running transformations
[13:55:42.346751] [WARNING] [pdc_tf_server.c:475] PDC_SERVER[0]: SCHED: done running transformations
[13:55:42.348673] [WARNING] [pdc_tf_server.c:393] PDC_SERVER[2]: SCHED: setting CUDA device to 0 for edge 0 func=zfp_compress
[13:55:42.348698] [WARNING] [pdc_tf_server.c:401] PDC_SERVER[2]: SCHED: executing edge 0 func=zfp_compress dev=GPU
[13:55:42.353666] [WARNING] [pdc_tf_server.c:393] PDC_SERVER[1]: SCHED: setting CUDA device to 0 for edge 0 func=zfp_compress
[13:55:42.353715] [WARNING] [pdc_tf_server.c:401] PDC_SERVER[1]: SCHED: executing edge 0 func=zfp_compress dev=GPU
[13:55:42.358542] [WARNING] [pdc_tf_server.c:393] PDC_SERVER[5]: SCHED: setting CUDA device to 0 for edge 0 func=zfp_compress
[13:55:42.358613] [WARNING] [pdc_tf_server.c:401] PDC_SERVER[5]: SCHED: executing edge 0 func=zfp_compress dev=GPU
[13:55:42.368589] [WARNING] [pdc_tf_server.c:393] PDC_SERVER[17]: SCHED: setting CUDA device to 0 for edge 0 func=zfp_compress
[13:55:42.368623] [WARNING] [pdc_tf_server.c:401] PDC_SERVER[17]: SCHED: executing edge 0 func=zfp_compress dev=GPU
[13:55:42.369372] [WARNING] [pdc_tf_server.c:475] PDC_SERVER[2]: SCHED: done running transformations
[13:55:42.380580] [WARNING] [pdc_tf_server.c:475] PDC_SERVER[1]: SCHED: done running transformations
[13:55:42.381311] [WARNING] [pdc_tf_server.c:475] PDC_SERVER[5]: SCHED: done running transformations
[13:55:42.383286] [WARNING] [pdc_server_region_cache.c:834] PDC_SERVER[0]: Flushed region via POSIX I/O in 0.336916 s
[13:55:42.383302] [WARNING] [pdc_server_region_cache.c:850] PDC_SERVER[0]: [2026-10-07 13:55:42.383299] Flushed 16.00 / 16.00 MB to storage
[INFO] PDC_SERVER[0]: Region flush iteration took 0.336951 s
[13:55:42.385714] [WARNING] [pdc_tf_server.c:475] PDC_SERVER[17]: SCHED: done running transformations
[13:55:42.389131] [WARNING] [pdc_tf_server.c:393] PDC_SERVER[31]: SCHED: setting CUDA device to 0 for edge 0 func=zfp_compress
[13:55:42.389160] [WARNING] [pdc_tf_server.c:401] PDC_SERVER[31]: SCHED: executing edge 0 func=zfp_compress dev=GPU
[13:55:42.390245] [WARNING] [pdc_tf_server.c:393] PDC_SERVER[16]: SCHED: setting CUDA device to 0 for edge 0 func=zfp_compress
[13:55:42.390316] [WARNING] [pdc_tf_server.c:401] PDC_SERVER[16]: SCHED: executing edge 0 func=zfp_compress dev=GPU
[13:55:42.391274] [WARNING] [pdc_tf_server.c:393] PDC_SERVER[13]: SCHED: setting CUDA device to 0 for edge 0 func=zfp_compress
[13:55:42.391304] [WARNING] [pdc_tf_server.c:401] PDC_SERVER[13]: SCHED: executing edge 0 func=zfp_compress dev=GPU
[13:55:42.391866] [WARNING] [pdc_tf_server.c:393] PDC_SERVER[18]: SCHED: setting CUDA device to 0 for edge 0 func=zfp_compress
[13:55:42.391907] [WARNING] [pdc_tf_server.c:401] PDC_SERVER[18]: SCHED: executing edge 0 func=zfp_compress dev=GPU
[13:55:42.397361] [WARNING] [pdc_tf_server.c:475] PDC_SERVER[31]: SCHED: done running transformations
[13:55:42.402068] [WARNING] [pdc_tf_server.c:475] PDC_SERVER[13]: SCHED: done running transformations
[13:55:42.403108] [WARNING] [pdc_tf_server.c:393] PDC_SERVER[10]: SCHED: setting CUDA device to 0 for edge 0 func=zfp_compress
[13:55:42.403189] [WARNING] [pdc_tf_server.c:401] PDC_SERVER[10]: SCHED: executing edge 0 func=zfp_compress dev=GPU
[13:55:42.403877] [WARNING] [pdc_tf_server.c:393] PDC_SERVER[26]: SCHED: setting CUDA device to 0 for edge 0 func=zfp_compress
[13:55:42.403904] [WARNING] [pdc_tf_server.c:401] PDC_SERVER[26]: SCHED: executing edge 0 func=zfp_compress dev=GPU
[13:55:42.405866] [WARNING] [pdc_tf_server.c:475] PDC_SERVER[16]: SCHED: done running transformations
[13:55:42.408400] [WARNING] [pdc_tf_server.c:393] PDC_SERVER[21]: SCHED: setting CUDA device to 0 for edge 0 func=zfp_compress
[13:55:42.408426] [WARNING] [pdc_tf_server.c:401] PDC_SERVER[21]: SCHED: executing edge 0 func=zfp_compress dev=GPU
[13:55:42.409303] [WARNING] [pdc_tf_server.c:475] PDC_SERVER[18]: SCHED: done running transformations
[13:55:42.412016] [WARNING] [pdc_tf_server.c:475] PDC_SERVER[26]: SCHED: done running transformations
[13:55:42.412722] [WARNING] [pdc_tf_server.c:475] PDC_SERVER[10]: SCHED: done running transformations
[13:55:42.428837] [WARNING] [pdc_tf_server.c:393] PDC_SERVER[14]: SCHED: setting CUDA device to 0 for edge 0 func=zfp_compress
[13:55:42.428865] [WARNING] [pdc_tf_server.c:401] PDC_SERVER[14]: SCHED: executing edge 0 func=zfp_compress dev=GPU
[13:55:42.433237] [WARNING] [pdc_tf_server.c:475] PDC_SERVER[21]: SCHED: done running transformations
[13:55:42.433342] [WARNING] [pdc_tf_server.c:393] PDC_SERVER[9]: SCHED: setting CUDA device to 0 for edge 0 func=zfp_compress
[13:55:42.433414] [WARNING] [pdc_tf_server.c:401] PDC_SERVER[9]: SCHED: executing edge 0 func=zfp_compress dev=GPU
[13:55:42.440702] [WARNING] [pdc_tf_server.c:475] PDC_SERVER[14]: SCHED: done running transformations
[13:55:42.444002] [WARNING] [pdc_tf_server.c:475] PDC_SERVER[9]: SCHED: done running transformations
[13:55:42.488228] [WARNING] [pdc_tf_server.c:393] PDC_SERVER[11]: SCHED: setting CUDA device to 0 for edge 0 func=zfp_compress
[13:55:42.488262] [WARNING] [pdc_tf_server.c:401] PDC_SERVER[11]: SCHED: executing edge 0 func=zfp_compress dev=GPU
[13:55:42.493989] [WARNING] [pdc_tf_server.c:393] PDC_SERVER[12]: SCHED: setting CUDA device to 0 for edge 0 func=zfp_compress
[13:55:42.494016] [WARNING] [pdc_tf_server.c:401] PDC_SERVER[12]: SCHED: executing edge 0 func=zfp_compress dev=GPU
[13:55:42.497352] [WARNING] [pdc_tf_server.c:475] PDC_SERVER[11]: SCHED: done running transformations
[13:55:42.506162] [WARNING] [pdc_tf_server.c:475] PDC_SERVER[12]: SCHED: done running transformations
[13:55:42.535979] [WARNING] [pdc_tf_server.c:393] PDC_SERVER[15]: SCHED: setting CUDA device to 0 for edge 0 func=zfp_compress
[13:55:42.536004] [WARNING] [pdc_tf_server.c:401] PDC_SERVER[15]: SCHED: executing edge 0 func=zfp_compress dev=GPU
[13:55:42.546809] [WARNING] [pdc_tf_server.c:475] PDC_SERVER[15]: SCHED: done running transformations
[INFO] PDC_SERVER[13]: Fetching region for obj_id=31000000000
[INFO] PDC_SERVER[13]: Checking against Object 10000000000
[INFO] PDC_SERVER[13]: Checking against Object 11000000000
[INFO] PDC_SERVER[13]: Checking against Object 12000000000
[INFO] PDC_SERVER[13]: Object 31000000000 NOT found in cache
[INFO] PDC_SERVER[13]: Fetching region from server for obj_id=31000000000
[INFO] PDC_SERVER[14]: Fetching region for obj_id=31000000000
[INFO] PDC_SERVER[14]: Checking against Object 10000000000
[INFO] PDC_SERVER[14]: Checking against Object 11000000000
[INFO] PDC_SERVER[14]: Checking against Object 12000000000
[INFO] PDC_SERVER[14]: Object 31000000000 NOT found in cache
[INFO] PDC_SERVER[14]: Fetching region from server for obj_id=31000000000
[INFO] PDC_SERVER[10]: Fetching region for obj_id=31000000000
[INFO] PDC_SERVER[10]: Checking against Object 10000000000
[INFO] PDC_SERVER[10]: Checking against Object 11000000000
[INFO] PDC_SERVER[10]: Checking against Object 12000000000
[INFO] PDC_SERVER[10]: Object 31000000000 NOT found in cache
[INFO] PDC_SERVER[10]: Fetching region from server for obj_id=31000000000
[INFO] PDC_SERVER[29]: Fetching region for obj_id=31000000000
[INFO] PDC_SERVER[29]: Checking against Object 10000000000
[INFO] PDC_SERVER[29]: Checking against Object 11000000000
[INFO] PDC_SERVER[29]: Checking against Object 12000000000
[INFO] PDC_SERVER[29]: Object 31000000000 NOT found in cache
[INFO] PDC_SERVER[29]: Fetching region from server for obj_id=31000000000
[INFO] PDC_SERVER[2]: Fetching region for obj_id=31000000000
[INFO] PDC_SERVER[2]: Checking against Object 10000000000
[INFO] PDC_SERVER[2]: Checking against Object 11000000000
[INFO] PDC_SERVER[2]: Checking against Object 12000000000
[INFO] PDC_SERVER[2]: Object 31000000000 NOT found in cache
[INFO] PDC_SERVER[2]: Fetching region from server for obj_id=31000000000
[INFO] PDC_SERVER[3]: Fetching region for obj_id=31000000000
[INFO] PDC_SERVER[3]: Checking against Object 10000000000
[INFO] PDC_SERVER[3]: Checking against Object 11000000000
[INFO] PDC_SERVER[3]: Checking against Object 12000000000
[INFO] PDC_SERVER[3]: Object 31000000000 NOT found in cache
[INFO] PDC_SERVER[3]: Fetching region from server for obj_id=31000000000
[INFO] PDC_SERVER[4]: Fetching region for obj_id=31000000000
[INFO] PDC_SERVER[4]: Checking against Object 10000000000
[INFO] PDC_SERVER[4]: Checking against Object 11000000000
[INFO] PDC_SERVER[4]: Checking against Object 12000000000
[INFO] PDC_SERVER[4]: Object 31000000000 NOT found in cache
[INFO] PDC_SERVER[6]: Fetching region for obj_id=31000000000
[INFO] PDC_SERVER[6]: Checking against Object 10000000000
[INFO] PDC_SERVER[6]: Checking against Object 11000000000
[INFO] PDC_SERVER[6]: Checking against Object 12000000000
[INFO] PDC_SERVER[6]: Object 31000000000 NOT found in cache
[INFO] PDC_SERVER[6]: Fetching region from server for obj_id=31000000000
[INFO] PDC_SERVER[28]: Fetching region for obj_id=31000000000
[INFO] PDC_SERVER[28]: Checking against Object 10000000000
[INFO] PDC_SERVER[28]: Checking against Object 11000000000
[INFO] PDC_SERVER[28]: Checking against Object 12000000000
[INFO] PDC_SERVER[28]: Object 31000000000 NOT found in cache
[INFO] PDC_SERVER[28]: Fetching region from server for obj_id=31000000000
[INFO] PDC_SERVER[19]: Fetching region for obj_id=31000000000
[INFO] PDC_SERVER[19]: Checking against Object 10000000000
[INFO] PDC_SERVER[19]: Checking against Object 11000000000
[INFO] PDC_SERVER[19]: Checking against Object 12000000000
[INFO] PDC_SERVER[19]: Object 31000000000 NOT found in cache
[INFO] PDC_SERVER[19]: Fetching region from server for obj_id=31000000000
[INFO] PDC_SERVER[4]: Fetching region from server for obj_id=31000000000
[INFO] PDC_SERVER[7]: Fetching region for obj_id=31000000000
[INFO] PDC_SERVER[7]: Checking against Object 10000000000
[INFO] PDC_SERVER[7]: Checking against Object 11000000000
[INFO] PDC_SERVER[7]: Checking against Object 12000000000
[INFO] PDC_SERVER[7]: Object 31000000000 NOT found in cache
[INFO] PDC_SERVER[7]: Fetching region from server for obj_id=31000000000
[INFO] PDC_SERVER[26]: Fetching region for obj_id=31000000000
[INFO] PDC_SERVER[26]: Checking against Object 10000000000
[INFO] PDC_SERVER[26]: Checking against Object 11000000000
[INFO] PDC_SERVER[26]: Checking against Object 12000000000
[INFO] PDC_SERVER[26]: Object 31000000000 NOT found in cache
[INFO] PDC_SERVER[26]: Fetching region from server for obj_id=31000000000
[INFO] PDC_SERVER[16]: Fetching region for obj_id=31000000000
[INFO] PDC_SERVER[16]: Checking against Object 10000000000
[INFO] PDC_SERVER[16]: Checking against Object 11000000000
[INFO] PDC_SERVER[16]: Checking against Object 12000000000
[INFO] PDC_SERVER[16]: Object 31000000000 NOT found in cache
[INFO] PDC_SERVER[16]: Fetching region from server for obj_id=31000000000
[INFO] PDC_SERVER[20]: Fetching region for obj_id=31000000000
[INFO] PDC_SERVER[20]: Checking against Object 10000000000
[INFO] PDC_SERVER[20]: Checking against Object 11000000000
[INFO] PDC_SERVER[20]: Checking against Object 12000000000
[INFO] PDC_SERVER[20]: Object 31000000000 NOT found in cache
[INFO] PDC_SERVER[20]: Fetching region from server for obj_id=31000000000
[INFO] PDC_SERVER[24]: Fetching region for obj_id=31000000000
[INFO] PDC_SERVER[24]: Checking against Object 10000000000
[INFO] PDC_SERVER[24]: Checking against Object 11000000000
[INFO] PDC_SERVER[24]: Checking against Object 12000000000
[INFO] PDC_SERVER[24]: Object 31000000000 NOT found in cache
[INFO] PDC_SERVER[22]: Fetching region for obj_id=31000000000
[INFO] PDC_SERVER[22]: Checking against Object 10000000000
[INFO] PDC_SERVER[22]: Checking against Object 11000000000
[INFO] PDC_SERVER[22]: Checking against Object 12000000000
[INFO] PDC_SERVER[22]: Object 31000000000 NOT found in cache
[INFO] PDC_SERVER[22]: Fetching region from server for obj_id=31000000000
[INFO] PDC_SERVER[24]: Fetching region from server for obj_id=31000000000
[INFO] PDC_SERVER[27]: Fetching region for obj_id=31000000000
[INFO] PDC_SERVER[27]: Checking against Object 10000000000
[INFO] PDC_SERVER[27]: Checking against Object 11000000000
[INFO] PDC_SERVER[27]: Checking against Object 12000000000
[INFO] PDC_SERVER[27]: Object 31000000000 NOT found in cache
[INFO] PDC_SERVER[27]: Fetching region from server for obj_id=31000000000
[INFO] PDC_SERVER[30]: Fetching region for obj_id=31000000000
[INFO] PDC_SERVER[30]: Checking against Object 10000000000
[INFO] PDC_SERVER[30]: Checking against Object 11000000000
[INFO] PDC_SERVER[30]: Checking against Object 12000000000
[INFO] PDC_SERVER[30]: Object 31000000000 NOT found in cache
[INFO] PDC_SERVER[30]: Fetching region from server for obj_id=31000000000
[INFO] PDC_SERVER[31]: Fetching region for obj_id=31000000000
[INFO] PDC_SERVER[31]: Checking against Object 10000000000
[INFO] PDC_SERVER[31]: Checking against Object 11000000000
[INFO] PDC_SERVER[31]: Checking against Object 12000000000
[INFO] PDC_SERVER[31]: Object 31000000000 NOT found in cache
[INFO] PDC_SERVER[31]: Fetching region from server for obj_id=31000000000
[INFO] PDC_SERVER[25]: Fetching region for obj_id=31000000000
[INFO] PDC_SERVER[25]: Checking against Object 10000000000
[INFO] PDC_SERVER[25]: Checking against Object 11000000000
[INFO] PDC_SERVER[25]: Checking against Object 12000000000
[INFO] PDC_SERVER[25]: Object 31000000000 NOT found in cache
[INFO] PDC_SERVER[25]: Fetching region from server for obj_id=31000000000
[INFO] PDC_SERVER[17]: Fetching region for obj_id=31000000000
[INFO] PDC_SERVER[17]: Checking against Object 10000000000
[INFO] PDC_SERVER[17]: Checking against Object 11000000000
[INFO] PDC_SERVER[17]: Checking against Object 12000000000
[INFO] PDC_SERVER[17]: Object 31000000000 NOT found in cache
[INFO] PDC_SERVER[17]: Fetching region from server for obj_id=31000000000
[INFO] PDC_SERVER[23]: Fetching region for obj_id=31000000000
[INFO] PDC_SERVER[23]: Checking against Object 10000000000
[INFO] PDC_SERVER[23]: Checking against Object 11000000000
[INFO] PDC_SERVER[23]: Checking against Object 12000000000
[INFO] PDC_SERVER[23]: Object 31000000000 NOT found in cache
[INFO] PDC_SERVER[23]: Fetching region from server for obj_id=31000000000
[INFO] PDC_SERVER[18]: Fetching region for obj_id=31000000000
[INFO] PDC_SERVER[18]: Checking against Object 10000000000
[INFO] PDC_SERVER[18]: Checking against Object 11000000000
[INFO] PDC_SERVER[18]: Checking against Object 12000000000
[INFO] PDC_SERVER[21]: Fetching region for obj_id=31000000000
[INFO] PDC_SERVER[21]: Checking against Object 10000000000
[INFO] PDC_SERVER[21]: Checking against Object 11000000000
[INFO] PDC_SERVER[21]: Checking against Object 12000000000
[INFO] PDC_SERVER[21]: Object 31000000000 NOT found in cache
[INFO] PDC_SERVER[21]: Fetching region from server for obj_id=31000000000
[INFO] PDC_SERVER[18]: Object 31000000000 NOT found in cache
[INFO] PDC_SERVER[18]: Fetching region from server for obj_id=31000000000
[INFO] PDC_SERVER[1]: Fetching region for obj_id=31000000000
[INFO] PDC_SERVER[1]: Checking against Object 10000000000
[INFO] PDC_SERVER[1]: Checking against Object 11000000000
[INFO] PDC_SERVER[1]: Checking against Object 12000000000
[INFO] PDC_SERVER[1]: Object 31000000000 NOT found in cache
[INFO] PDC_SERVER[1]: Fetching region from server for obj_id=31000000000
[INFO] PDC_SERVER[0]: Fetching region for obj_id=31000000000
[INFO] PDC_SERVER[0]: Checking against Object 10000000000
[INFO] PDC_SERVER[0]: Checking against Object 11000000000
[INFO] PDC_SERVER[0]: Checking against Object 12000000000
[INFO] PDC_SERVER[0]: Object 31000000000 NOT found in cache
[INFO] PDC_SERVER[0]: Fetching region from server for obj_id=31000000000
[INFO] PDC_SERVER[8]: Fetching region for obj_id=31000000000
[INFO] PDC_SERVER[8]: Checking against Object 10000000000
[INFO] PDC_SERVER[8]: Checking against Object 11000000000
[INFO] PDC_SERVER[8]: Checking against Object 12000000000
[INFO] PDC_SERVER[8]: Object 31000000000 NOT found in cache
[INFO] PDC_SERVER[8]: Fetching region from server for obj_id=31000000000
[INFO] PDC_SERVER[11]: Fetching region for obj_id=31000000000
[INFO] PDC_SERVER[11]: Checking against Object 10000000000
[INFO] PDC_SERVER[11]: Checking against Object 11000000000
[INFO] PDC_SERVER[11]: Checking against Object 12000000000
[INFO] PDC_SERVER[11]: Object 31000000000 NOT found in cache
[INFO] PDC_SERVER[11]: Fetching region from server for obj_id=31000000000
[INFO] PDC_SERVER[12]: Fetching region for obj_id=31000000000
[INFO] PDC_SERVER[12]: Checking against Object 10000000000
[INFO] PDC_SERVER[12]: Checking against Object 11000000000
[INFO] PDC_SERVER[12]: Checking against Object 12000000000
[INFO] PDC_SERVER[12]: Object 31000000000 NOT found in cache
[INFO] PDC_SERVER[12]: Fetching region from server for obj_id=31000000000
[INFO] PDC_SERVER[9]: Fetching region for obj_id=31000000000
[INFO] PDC_SERVER[9]: Checking against Object 10000000000
[INFO] PDC_SERVER[9]: Checking against Object 11000000000
[INFO] PDC_SERVER[9]: Checking against Object 12000000000
[INFO] PDC_SERVER[9]: Object 31000000000 NOT found in cache
[INFO] PDC_SERVER[9]: Fetching region from server for obj_id=31000000000
[INFO] PDC_SERVER[15]: Fetching region for obj_id=31000000000
[INFO] PDC_SERVER[15]: Checking against Object 10000000000
[INFO] PDC_SERVER[15]: Checking against Object 11000000000
[INFO] PDC_SERVER[15]: Checking against Object 12000000000
[INFO] PDC_SERVER[15]: Object 31000000000 NOT found in cache
[INFO] PDC_SERVER[15]: Fetching region from server for obj_id=31000000000
[INFO] PDC_SERVER[5]: Fetching region for obj_id=31000000000
[INFO] PDC_SERVER[5]: Checking against Object 10000000000
[INFO] PDC_SERVER[5]: Checking against Object 11000000000
[INFO] PDC_SERVER[5]: Checking against Object 12000000000
[INFO] PDC_SERVER[5]: Object 31000000000 NOT found in cache
[INFO] PDC_SERVER[5]: Fetching region from server for obj_id=31000000000
[13:55:42.608366] [WARNING] [pdc_tf_server.c:393] PDC_SERVER[2]: SCHED: setting CUDA device to 0 for edge 0 func=zfp_decompress
[13:55:42.608389] [WARNING] [pdc_tf_server.c:401] PDC_SERVER[2]: SCHED: executing edge 0 func=zfp_decompress dev=GPU
[13:55:42.608991] [WARNING] [pdc_tf_server.c:393] PDC_SERVER[7]: SCHED: setting CUDA device to 0 for edge 0 func=zfp_decompress
[13:55:42.609022] [WARNING] [pdc_tf_server.c:401] PDC_SERVER[7]: SCHED: executing edge 0 func=zfp_decompress dev=GPU
[13:55:42.609187] [WARNING] [pdc_tf_server.c:393] PDC_SERVER[29]: SCHED: setting CUDA device to 0 for edge 0 func=zfp_decompress
[13:55:42.609210] [WARNING] [pdc_tf_server.c:401] PDC_SERVER[29]: SCHED: executing edge 0 func=zfp_decompress dev=GPU
[13:55:42.609842] [WARNING] [pdc_tf_server.c:393] PDC_SERVER[30]: SCHED: setting CUDA device to 0 for edge 0 func=zfp_decompress
[13:55:42.609862] [WARNING] [pdc_tf_server.c:401] PDC_SERVER[30]: SCHED: executing edge 0 func=zfp_decompress dev=GPU
[13:55:42.609902] [WARNING] [pdc_tf_server.c:393] PDC_SERVER[24]: SCHED: setting CUDA device to 0 for edge 0 func=zfp_decompress
[13:55:42.609923] [WARNING] [pdc_tf_server.c:401] PDC_SERVER[24]: SCHED: executing edge 0 func=zfp_decompress dev=GPU
[13:55:42.610133] [WARNING] [pdc_tf_server.c:393] PDC_SERVER[25]: SCHED: setting CUDA device to 0 for edge 0 func=zfp_decompress
[13:55:42.610158] [WARNING] [pdc_tf_server.c:401] PDC_SERVER[25]: SCHED: executing edge 0 func=zfp_decompress dev=GPU
[13:55:42.610322] [WARNING] [pdc_tf_server.c:393] PDC_SERVER[22]: SCHED: setting CUDA device to 0 for edge 0 func=zfp_decompress
[13:55:42.610358] [WARNING] [pdc_tf_server.c:401] PDC_SERVER[22]: SCHED: executing edge 0 func=zfp_decompress dev=GPU
[13:55:42.610666] [WARNING] [pdc_tf_server.c:393] PDC_SERVER[10]: SCHED: setting CUDA device to 0 for edge 0 func=zfp_decompress
[13:55:42.610693] [WARNING] [pdc_tf_server.c:401] PDC_SERVER[10]: SCHED: executing edge 0 func=zfp_decompress dev=GPU
[13:55:42.610694] [WARNING] [pdc_tf_server.c:393] PDC_SERVER[6]: SCHED: setting CUDA device to 0 for edge 0 func=zfp_decompress
[13:55:42.610723] [WARNING] [pdc_tf_server.c:401] PDC_SERVER[6]: SCHED: executing edge 0 func=zfp_decompress dev=GPU
[13:55:42.610883] [WARNING] [pdc_tf_server.c:393] PDC_SERVER[4]: SCHED: setting CUDA device to 0 for edge 0 func=zfp_decompress
[13:55:42.610936] [WARNING] [pdc_tf_server.c:401] PDC_SERVER[4]: SCHED: executing edge 0 func=zfp_decompress dev=GPU
[13:55:42.611388] [WARNING] [pdc_tf_server.c:393] PDC_SERVER[19]: SCHED: setting CUDA device to 0 for edge 0 func=zfp_decompress
[13:55:42.611415] [WARNING] [pdc_tf_server.c:401] PDC_SERVER[19]: SCHED: executing edge 0 func=zfp_decompress dev=GPU
[13:55:42.611831] [WARNING] [pdc_tf_server.c:393] PDC_SERVER[16]: SCHED: setting CUDA device to 0 for edge 0 func=zfp_decompress
[13:55:42.611854] [WARNING] [pdc_tf_server.c:401] PDC_SERVER[16]: SCHED: executing edge 0 func=zfp_decompress dev=GPU
[13:55:42.612032] [WARNING] [pdc_tf_server.c:393] PDC_SERVER[14]: SCHED: setting CUDA device to 0 for edge 0 func=zfp_decompress
[13:55:42.612060] [WARNING] [pdc_tf_server.c:401] PDC_SERVER[14]: SCHED: executing edge 0 func=zfp_decompress dev=GPU
[13:55:42.612237] [WARNING] [pdc_tf_server.c:393] PDC_SERVER[13]: SCHED: setting CUDA device to 0 for edge 0 func=zfp_decompress
[13:55:42.612253] [WARNING] [pdc_tf_server.c:401] PDC_SERVER[13]: SCHED: executing edge 0 func=zfp_decompress dev=GPU
[13:55:42.612312] [WARNING] [pdc_tf_server.c:393] PDC_SERVER[23]: SCHED: setting CUDA device to 0 for edge 0 func=zfp_decompress
[13:55:42.612329] [WARNING] [pdc_tf_server.c:401] PDC_SERVER[23]: SCHED: executing edge 0 func=zfp_decompress dev=GPU
[13:55:42.612787] [WARNING] [pdc_tf_server.c:393] PDC_SERVER[1]: SCHED: setting CUDA device to 0 for edge 0 func=zfp_decompress
[13:55:42.612807] [WARNING] [pdc_tf_server.c:401] PDC_SERVER[1]: SCHED: executing edge 0 func=zfp_decompress dev=GPU
[INFO] PDC_SERVER[0]: Executing graph with json filepath /pscratch/sd/n/nlewi26/src/work_space/source/pdc/tf_client/graphs/zfp_gpu.json
[13:55:42.613264] [WARNING] [pdc_tf_server.c:393] PDC_SERVER[0]: SCHED: setting CUDA device to 0 for edge 0 func=zfp_decompress
[13:55:42.613280] [WARNING] [pdc_tf_server.c:401] PDC_SERVER[0]: SCHED: executing edge 0 func=zfp_decompress dev=GPU
[13:55:42.613533] [WARNING] [pdc_tf_server.c:393] PDC_SERVER[15]: SCHED: setting CUDA device to 0 for edge 0 func=zfp_decompress
[13:55:42.613549] [WARNING] [pdc_tf_server.c:401] PDC_SERVER[15]: SCHED: executing edge 0 func=zfp_decompress dev=GPU
[13:55:42.613621] [WARNING] [pdc_tf_server.c:393] PDC_SERVER[18]: SCHED: setting CUDA device to 0 for edge 0 func=zfp_decompress
[13:55:42.613645] [WARNING] [pdc_tf_server.c:401] PDC_SERVER[18]: SCHED: executing edge 0 func=zfp_decompress dev=GPU
[13:55:42.613958] [WARNING] [pdc_tf_server.c:393] PDC_SERVER[17]: SCHED: setting CUDA device to 0 for edge 0 func=zfp_decompress
[13:55:42.613972] [WARNING] [pdc_tf_server.c:401] PDC_SERVER[17]: SCHED: executing edge 0 func=zfp_decompress dev=GPU
[13:55:42.614012] [WARNING] [pdc_tf_server.c:393] PDC_SERVER[21]: SCHED: setting CUDA device to 0 for edge 0 func=zfp_decompress
[13:55:42.614040] [WARNING] [pdc_tf_server.c:401] PDC_SERVER[21]: SCHED: executing edge 0 func=zfp_decompress dev=GPU
[13:55:42.614495] [WARNING] [pdc_tf_server.c:393] PDC_SERVER[28]: SCHED: setting CUDA device to 0 for edge 0 func=zfp_decompress
[13:55:42.614579] [WARNING] [pdc_tf_server.c:393] PDC_SERVER[27]: SCHED: setting CUDA device to 0 for edge 0 func=zfp_decompress
[13:55:42.614555] [WARNING] [pdc_tf_server.c:401] PDC_SERVER[28]: SCHED: executing edge 0 func=zfp_decompress dev=GPU
[13:55:42.614598] [WARNING] [pdc_tf_server.c:401] PDC_SERVER[27]: SCHED: executing edge 0 func=zfp_decompress dev=GPU
[13:55:42.614683] [WARNING] [pdc_tf_server.c:393] PDC_SERVER[5]: SCHED: setting CUDA device to 0 for edge 0 func=zfp_decompress
[13:55:42.614706] [WARNING] [pdc_tf_server.c:401] PDC_SERVER[5]: SCHED: executing edge 0 func=zfp_decompress dev=GPU
[13:55:42.614919] [WARNING] [pdc_tf_server.c:393] PDC_SERVER[31]: SCHED: setting CUDA device to 0 for edge 0 func=zfp_decompress
[13:55:42.614935] [WARNING] [pdc_tf_server.c:401] PDC_SERVER[31]: SCHED: executing edge 0 func=zfp_decompress dev=GPU
[13:55:42.615030] [WARNING] [pdc_tf_server.c:393] PDC_SERVER[20]: SCHED: setting CUDA device to 0 for edge 0 func=zfp_decompress
[13:55:42.615044] [WARNING] [pdc_tf_server.c:401] PDC_SERVER[20]: SCHED: executing edge 0 func=zfp_decompress dev=GPU
[13:55:42.615536] [WARNING] [pdc_tf_server.c:393] PDC_SERVER[8]: SCHED: setting CUDA device to 0 for edge 0 func=zfp_decompress
[13:55:42.615553] [WARNING] [pdc_tf_server.c:401] PDC_SERVER[8]: SCHED: executing edge 0 func=zfp_decompress dev=GPU
[13:55:42.615739] [WARNING] [pdc_tf_server.c:393] PDC_SERVER[12]: SCHED: setting CUDA device to 0 for edge 0 func=zfp_decompress
[13:55:42.615763] [WARNING] [pdc_tf_server.c:401] PDC_SERVER[12]: SCHED: executing edge 0 func=zfp_decompress dev=GPU
[13:55:42.616354] [WARNING] [pdc_tf_server.c:393] PDC_SERVER[3]: SCHED: setting CUDA device to 0 for edge 0 func=zfp_decompress
[13:55:42.616377] [WARNING] [pdc_tf_server.c:401] PDC_SERVER[3]: SCHED: executing edge 0 func=zfp_decompress dev=GPU
[13:55:42.617351] [WARNING] [pdc_tf_server.c:393] PDC_SERVER[26]: SCHED: setting CUDA device to 0 for edge 0 func=zfp_decompress
[13:55:42.617389] [WARNING] [pdc_tf_server.c:401] PDC_SERVER[26]: SCHED: executing edge 0 func=zfp_decompress dev=GPU
[13:55:42.619643] [WARNING] [pdc_tf_server.c:393] PDC_SERVER[9]: SCHED: setting CUDA device to 0 for edge 0 func=zfp_decompress
[13:55:42.619657] [WARNING] [pdc_tf_server.c:401] PDC_SERVER[9]: SCHED: executing edge 0 func=zfp_decompress dev=GPU
[13:55:42.619854] [WARNING] [pdc_tf_server.c:393] PDC_SERVER[11]: SCHED: setting CUDA device to 0 for edge 0 func=zfp_decompress
[13:55:42.619876] [WARNING] [pdc_tf_server.c:401] PDC_SERVER[11]: SCHED: executing edge 0 func=zfp_decompress dev=GPU
[13:55:42.624015] [WARNING] [pdc_tf_server.c:475] PDC_SERVER[2]: SCHED: done running transformations
[13:55:42.624333] [WARNING] [pdc_tf_server.c:475] PDC_SERVER[29]: SCHED: done running transformations
[13:55:42.626130] [WARNING] [pdc_tf_server.c:475] PDC_SERVER[30]: SCHED: done running transformations
[13:55:42.626265] [WARNING] [pdc_tf_server.c:475] PDC_SERVER[25]: SCHED: done running transformations
[INFO] PDC_SERVER[29]: Fetching region for obj_id=31000000000
[INFO] PDC_SERVER[29]: Checking against Object 10000000000
[INFO] PDC_SERVER[29]: Checking against Object 11000000000
[INFO] PDC_SERVER[29]: Checking against Object 12000000000
[INFO] PDC_SERVER[29]: Object 31000000000 NOT found in cache
[INFO] PDC_SERVER[29]: Fetching region from server for obj_id=31000000000
[13:55:42.627708] [WARNING] [pdc_tf_server.c:475] PDC_SERVER[7]: SCHED: done running transformations
[13:55:42.628668] [WARNING] [pdc_tf_server.c:475] PDC_SERVER[4]: SCHED: done running transformations
[13:55:42.628849] [WARNING] [pdc_tf_server.c:475] PDC_SERVER[6]: SCHED: done running transformations
[13:55:42.629622] [WARNING] [pdc_tf_server.c:475] PDC_SERVER[24]: SCHED: done running transformations
[INFO] PDC_SERVER[30]: Fetching region for obj_id=31000000000
[INFO] PDC_SERVER[30]: Checking against Object 10000000000
[INFO] PDC_SERVER[30]: Checking against Object 11000000000
[INFO] PDC_SERVER[30]: Checking against Object 12000000000
[INFO] PDC_SERVER[30]: Object 31000000000 NOT found in cache
[INFO] PDC_SERVER[30]: Fetching region from server for obj_id=31000000000
[INFO] PDC_SERVER[7]: Fetching region for obj_id=31000000000
[INFO] PDC_SERVER[7]: Checking against Object 10000000000
[INFO] PDC_SERVER[7]: Checking against Object 11000000000
[INFO] PDC_SERVER[7]: Checking against Object 12000000000
[INFO] PDC_SERVER[7]: Object 31000000000 NOT found in cache
[INFO] PDC_SERVER[7]: Fetching region from server for obj_id=31000000000
[INFO] PDC_SERVER[6]: Fetching region for obj_id=31000000000
[INFO] PDC_SERVER[6]: Checking against Object 10000000000
[INFO] PDC_SERVER[6]: Checking against Object 11000000000
[INFO] PDC_SERVER[6]: Checking against Object 12000000000
[INFO] PDC_SERVER[6]: Object 31000000000 NOT found in cache
[INFO] PDC_SERVER[6]: Fetching region from server for obj_id=31000000000
[INFO] PDC_SERVER[4]: Fetching region for obj_id=31000000000
[INFO] PDC_SERVER[4]: Checking against Object 10000000000
[INFO] PDC_SERVER[4]: Checking against Object 11000000000
[INFO] PDC_SERVER[4]: Checking against Object 12000000000
[INFO] PDC_SERVER[4]: Object 31000000000 NOT found in cache
[INFO] PDC_SERVER[4]: Fetching region from server for obj_id=31000000000
[INFO] PDC_SERVER[25]: Fetching region for obj_id=31000000000
[INFO] PDC_SERVER[25]: Checking against Object 10000000000
[INFO] PDC_SERVER[25]: Checking against Object 11000000000
[INFO] PDC_SERVER[25]: Checking against Object 12000000000
[INFO] PDC_SERVER[25]: Object 31000000000 NOT found in cache
[INFO] PDC_SERVER[25]: Fetching region from server for obj_id=31000000000
[INFO] PDC_SERVER[24]: Fetching region for obj_id=31000000000
[INFO] PDC_SERVER[24]: Checking against Object 10000000000
[INFO] PDC_SERVER[24]: Checking against Object 11000000000
[INFO] PDC_SERVER[24]: Checking against Object 12000000000
[INFO] PDC_SERVER[24]: Object 31000000000 NOT found in cache
[INFO] PDC_SERVER[24]: Fetching region from server for obj_id=31000000000
[INFO] PDC_SERVER[2]: Fetching region for obj_id=31000000000
[INFO] PDC_SERVER[2]: Checking against Object 10000000000
[INFO] PDC_SERVER[2]: Checking against Object 11000000000
[INFO] PDC_SERVER[2]: Checking against Object 12000000000
[INFO] PDC_SERVER[2]: Object 31000000000 NOT found in cache
[INFO] PDC_SERVER[2]: Fetching region from server for obj_id=31000000000
[13:55:42.638548] [WARNING] [pdc_tf_server.c:475] PDC_SERVER[0]: SCHED: done running transformations
[13:55:42.639288] [WARNING] [pdc_tf_server.c:475] PDC_SERVER[1]: SCHED: done running transformations
[13:55:42.640099] [WARNING] [pdc_tf_server.c:475] PDC_SERVER[5]: SCHED: done running transformations
[13:55:42.640616] [WARNING] [pdc_tf_server.c:475] PDC_SERVER[31]: SCHED: done running transformations
[INFO] PDC_SERVER[1]: Fetching region for obj_id=31000000000
[INFO] PDC_SERVER[1]: Checking against Object 10000000000
[INFO] PDC_SERVER[1]: Checking against Object 11000000000
[INFO] PDC_SERVER[1]: Checking against Object 12000000000
[INFO] PDC_SERVER[1]: Object 31000000000 NOT found in cache
[INFO] PDC_SERVER[1]: Fetching region from server for obj_id=31000000000
[INFO] PDC_SERVER[5]: Fetching region for obj_id=31000000000
[INFO] PDC_SERVER[5]: Checking against Object 10000000000
[INFO] PDC_SERVER[5]: Checking against Object 11000000000
[INFO] PDC_SERVER[5]: Checking against Object 12000000000
[INFO] PDC_SERVER[5]: Object 31000000000 NOT found in cache
[INFO] PDC_SERVER[5]: Fetching region from server for obj_id=31000000000
[13:55:42.643668] [WARNING] [pdc_tf_server.c:475] PDC_SERVER[26]: SCHED: done running transformations
[13:55:42.644088] [WARNING] [pdc_tf_server.c:475] PDC_SERVER[3]: SCHED: done running transformations
[13:55:42.644692] [WARNING] [pdc_tf_server.c:475] PDC_SERVER[28]: SCHED: done running transformations
[INFO] PDC_SERVER[31]: Fetching region for obj_id=31000000000
[INFO] PDC_SERVER[31]: Checking against Object 10000000000
[INFO] PDC_SERVER[31]: Checking against Object 11000000000
[INFO] PDC_SERVER[31]: Checking against Object 12000000000
[INFO] PDC_SERVER[31]: Object 31000000000 NOT found in cache
[INFO] PDC_SERVER[31]: Fetching region from server for obj_id=31000000000
[INFO] PDC_SERVER[0]: Fetching region for obj_id=31000000000
[INFO] PDC_SERVER[0]: Checking against Object 10000000000
[INFO] PDC_SERVER[0]: Checking against Object 11000000000
[INFO] PDC_SERVER[0]: Checking against Object 12000000000
[INFO] PDC_SERVER[0]: Object 31000000000 NOT found in cache
[INFO] PDC_SERVER[0]: Fetching region from server for obj_id=31000000000
[13:55:42.646542] [WARNING] [pdc_tf_server.c:393] PDC_SERVER[29]: SCHED: setting CUDA device to 0 for edge 0 func=zfp_decompress
[13:55:42.646570] [WARNING] [pdc_tf_server.c:401] PDC_SERVER[29]: SCHED: executing edge 0 func=zfp_decompress dev=GPU
[13:55:42.647134] [WARNING] [pdc_tf_server.c:475] PDC_SERVER[27]: SCHED: done running transformations
[13:55:42.647860] [WARNING] [pdc_tf_server.c:393] PDC_SERVER[30]: SCHED: setting CUDA device to 0 for edge 0 func=zfp_decompress
[13:55:42.647909] [WARNING] [pdc_tf_server.c:401] PDC_SERVER[30]: SCHED: executing edge 0 func=zfp_decompress dev=GPU
[13:55:42.648270] [WARNING] [pdc_tf_server.c:393] PDC_SERVER[4]: SCHED: setting CUDA device to 0 for edge 0 func=zfp_decompress
[13:55:42.648296] [WARNING] [pdc_tf_server.c:401] PDC_SERVER[4]: SCHED: executing edge 0 func=zfp_decompress dev=GPU
[13:55:42.648284] [WARNING] [pdc_tf_server.c:393] PDC_SERVER[6]: SCHED: setting CUDA device to 0 for edge 0 func=zfp_decompress
[13:55:42.648297] [WARNING] [pdc_tf_server.c:401] PDC_SERVER[6]: SCHED: executing edge 0 func=zfp_decompress dev=GPU
[INFO] PDC_SERVER[3]: Fetching region for obj_id=31000000000
[INFO] PDC_SERVER[3]: Checking against Object 10000000000
[INFO] PDC_SERVER[3]: Checking against Object 11000000000
[INFO] PDC_SERVER[3]: Checking against Object 12000000000
[INFO] PDC_SERVER[3]: Object 31000000000 NOT found in cache
[INFO] PDC_SERVER[3]: Fetching region from server for obj_id=31000000000
[13:55:42.649250] [WARNING] [pdc_tf_server.c:393] PDC_SERVER[25]: SCHED: setting CUDA device to 0 for edge 0 func=zfp_decompress
[13:55:42.649276] [WARNING] [pdc_tf_server.c:401] PDC_SERVER[25]: SCHED: executing edge 0 func=zfp_decompress dev=GPU
[INFO] PDC_SERVER[27]: Fetching region for obj_id=31000000000
[INFO] PDC_SERVER[27]: Checking against Object 10000000000
[INFO] PDC_SERVER[27]: Checking against Object 11000000000
[INFO] PDC_SERVER[27]: Checking against Object 12000000000
[INFO] PDC_SERVER[27]: Object 31000000000 NOT found in cache
[INFO] PDC_SERVER[27]: Fetching region from server for obj_id=31000000000
[INFO] PDC_SERVER[28]: Fetching region for obj_id=31000000000
[INFO] PDC_SERVER[28]: Checking against Object 10000000000
[INFO] PDC_SERVER[28]: Checking against Object 11000000000
[INFO] PDC_SERVER[28]: Checking against Object 12000000000
[INFO] PDC_SERVER[28]: Object 31000000000 NOT found in cache
[INFO] PDC_SERVER[28]: Fetching region from server for obj_id=31000000000
[13:55:42.652142] [WARNING] [pdc_tf_server.c:393] PDC_SERVER[24]: SCHED: setting CUDA device to 0 for edge 0 func=zfp_decompress
[13:55:42.652161] [WARNING] [pdc_tf_server.c:401] PDC_SERVER[24]: SCHED: executing edge 0 func=zfp_decompress dev=GPU
[INFO] PDC_SERVER[26]: Fetching region for obj_id=31000000000
[INFO] PDC_SERVER[26]: Checking against Object 10000000000
[INFO] PDC_SERVER[26]: Checking against Object 11000000000
[INFO] PDC_SERVER[26]: Checking against Object 12000000000
[INFO] PDC_SERVER[26]: Object 31000000000 NOT found in cache
[INFO] PDC_SERVER[26]: Fetching region from server for obj_id=31000000000
[13:55:42.652990] [WARNING] [pdc_tf_server.c:393] PDC_SERVER[2]: SCHED: setting CUDA device to 0 for edge 0 func=zfp_decompress
[13:55:42.653017] [WARNING] [pdc_tf_server.c:401] PDC_SERVER[2]: SCHED: executing edge 0 func=zfp_decompress dev=GPU
[13:55:42.655298] [WARNING] [pdc_tf_server.c:393] PDC_SERVER[7]: SCHED: setting CUDA device to 0 for edge 0 func=zfp_decompress
[13:55:42.655338] [WARNING] [pdc_tf_server.c:401] PDC_SERVER[7]: SCHED: executing edge 0 func=zfp_decompress dev=GPU
[13:55:42.656331] [WARNING] [pdc_tf_server.c:475] PDC_SERVER[20]: SCHED: done running transformations
[13:55:42.657144] [WARNING] [pdc_tf_server.c:475] PDC_SERVER[11]: SCHED: done running transformations
[INFO] PDC_SERVER[20]: Fetching region for obj_id=31000000000
[INFO] PDC_SERVER[20]: Checking against Object 10000000000
[INFO] PDC_SERVER[20]: Checking against Object 11000000000
[INFO] PDC_SERVER[20]: Checking against Object 12000000000
[INFO] PDC_SERVER[20]: Object 31000000000 NOT found in cache
[INFO] PDC_SERVER[20]: Fetching region from server for obj_id=31000000000
[13:55:42.658548] [WARNING] [pdc_tf_server.c:475] PDC_SERVER[4]: SCHED: done running transformations
[INFO] PDC_SERVER[11]: Fetching region for obj_id=31000000000
[INFO] PDC_SERVER[11]: Checking against Object 10000000000
[INFO] PDC_SERVER[11]: Checking against Object 11000000000
[INFO] PDC_SERVER[11]: Checking against Object 12000000000
[INFO] PDC_SERVER[11]: Object 31000000000 NOT found in cache
[INFO] PDC_SERVER[11]: Fetching region from server for obj_id=31000000000
[13:55:42.659482] [WARNING] [pdc_tf_server.c:393] PDC_SERVER[1]: SCHED: setting CUDA device to 0 for edge 0 func=zfp_decompress
[13:55:42.659497] [WARNING] [pdc_tf_server.c:401] PDC_SERVER[1]: SCHED: executing edge 0 func=zfp_decompress dev=GPU
[13:55:42.659591] [WARNING] [pdc_tf_server.c:475] PDC_SERVER[23]: SCHED: done running transformations
[13:55:42.659667] [WARNING] [pdc_tf_server.c:475] PDC_SERVER[16]: SCHED: done running transformations
[13:55:42.660047] [WARNING] [pdc_tf_server.c:475] PDC_SERVER[6]: SCHED: done running transformations
[13:55:42.660466] [WARNING] [pdc_tf_server.c:475] PDC_SERVER[12]: SCHED: done running transformations
[13:55:42.660771] [WARNING] [pdc_tf_server.c:475] PDC_SERVER[15]: SCHED: done running transformations
[13:55:42.660985] [WARNING] [pdc_tf_server.c:393] PDC_SERVER[5]: SCHED: setting CUDA device to 0 for edge 0 func=zfp_decompress
[13:55:42.661011] [WARNING] [pdc_tf_server.c:401] PDC_SERVER[5]: SCHED: executing edge 0 func=zfp_decompress dev=GPU
[13:55:42.661190] [WARNING] [pdc_tf_server.c:475] PDC_SERVER[9]: SCHED: done running transformations
[13:55:42.661269] [WARNING] [pdc_tf_server.c:475] PDC_SERVER[13]: SCHED: done running transformations
[13:55:42.661304] [WARNING] [pdc_tf_server.c:475] PDC_SERVER[10]: SCHED: done running transformations
[13:55:42.661380] [WARNING] [pdc_tf_server.c:475] PDC_SERVER[14]: SCHED: done running transformations
[13:55:42.661554] [WARNING] [pdc_tf_server.c:475] PDC_SERVER[8]: SCHED: done running transformations
[INFO] PDC_SERVER[0]: Executing graph with json filepath /pscratch/sd/n/nlewi26/src/work_space/source/pdc/tf_client/graphs/zfp_gpu.json
[13:55:42.662659] [WARNING] [pdc_tf_server.c:393] PDC_SERVER[0]: SCHED: setting CUDA device to 0 for edge 0 func=zfp_decompress
[13:55:42.662674] [WARNING] [pdc_tf_server.c:401] PDC_SERVER[0]: SCHED: executing edge 0 func=zfp_decompress dev=GPU
[INFO] PDC_SERVER[12]: Fetching region for obj_id=31000000000
[INFO] PDC_SERVER[12]: Checking against Object 10000000000
[INFO] PDC_SERVER[12]: Checking against Object 11000000000
[INFO] PDC_SERVER[12]: Checking against Object 12000000000
[INFO] PDC_SERVER[12]: Object 31000000000 NOT found in cache
[INFO] PDC_SERVER[12]: Fetching region from server for obj_id=31000000000
[13:55:42.663527] [WARNING] [pdc_tf_server.c:475] PDC_SERVER[30]: SCHED: done running transformations
[INFO] PDC_SERVER[23]: Fetching region for obj_id=31000000000
[INFO] PDC_SERVER[23]: Checking against Object 10000000000
[INFO] PDC_SERVER[23]: Checking against Object 11000000000
[INFO] PDC_SERVER[23]: Checking against Object 12000000000
[INFO] PDC_SERVER[23]: Object 31000000000 NOT found in cache
[INFO] PDC_SERVER[23]: Fetching region from server for obj_id=31000000000
[INFO] PDC_SERVER[4]: Fetching region for obj_id=31000000000
[INFO] PDC_SERVER[4]: Checking against Object 10000000000
[INFO] PDC_SERVER[4]: Checking against Object 11000000000
[INFO] PDC_SERVER[4]: Checking against Object 12000000000
[INFO] PDC_SERVER[4]: Object 31000000000 NOT found in cache
[INFO] PDC_SERVER[4]: Fetching region from server for obj_id=31000000000
[13:55:42.663968] [WARNING] [pdc_tf_server.c:393] PDC_SERVER[31]: SCHED: setting CUDA device to 0 for edge 0 func=zfp_decompress
[13:55:42.663987] [WARNING] [pdc_tf_server.c:401] PDC_SERVER[31]: SCHED: executing edge 0 func=zfp_decompress dev=GPU
[INFO] PDC_SERVER[9]: Fetching region for obj_id=31000000000
[INFO] PDC_SERVER[9]: Checking against Object 10000000000
[INFO] PDC_SERVER[9]: Checking against Object 11000000000
[INFO] PDC_SERVER[9]: Checking against Object 12000000000
[INFO] PDC_SERVER[9]: Object 31000000000 NOT found in cache
[INFO] PDC_SERVER[9]: Fetching region from server for obj_id=31000000000
[INFO] PDC_SERVER[10]: Fetching region for obj_id=31000000000
[INFO] PDC_SERVER[10]: Checking against Object 10000000000
[INFO] PDC_SERVER[10]: Checking against Object 11000000000
[INFO] PDC_SERVER[10]: Checking against Object 12000000000
[INFO] PDC_SERVER[10]: Object 31000000000 NOT found in cache
[INFO] PDC_SERVER[10]: Fetching region from server for obj_id=31000000000
[INFO] PDC_SERVER[15]: Fetching region for obj_id=31000000000
[INFO] PDC_SERVER[15]: Checking against Object 10000000000
[INFO] PDC_SERVER[15]: Checking against Object 11000000000
[INFO] PDC_SERVER[15]: Checking against Object 12000000000
[INFO] PDC_SERVER[15]: Object 31000000000 NOT found in cache
[INFO] PDC_SERVER[15]: Fetching region from server for obj_id=31000000000
[13:55:42.665094] [WARNING] [pdc_tf_server.c:475] PDC_SERVER[25]: SCHED: done running transformations
[13:55:42.665321] [WARNING] [pdc_tf_server.c:475] PDC_SERVER[29]: SCHED: done running transformations
[13:55:42.665373] [WARNING] [pdc_tf_server.c:393] PDC_SERVER[3]: SCHED: setting CUDA device to 0 for edge 0 func=zfp_decompress
[13:55:42.665401] [WARNING] [pdc_tf_server.c:401] PDC_SERVER[3]: SCHED: executing edge 0 func=zfp_decompress dev=GPU
[13:55:42.665734] [WARNING] [pdc_tf_server.c:475] PDC_SERVER[19]: SCHED: done running transformations
[13:55:42.666270] [WARNING] [pdc_tf_server.c:475] PDC_SERVER[22]: SCHED: done running transformations
[13:55:42.666311] [WARNING] [pdc_tf_server.c:475] PDC_SERVER[17]: SCHED: done running transformations
[13:55:42.666372] [WARNING] [pdc_tf_server.c:475] PDC_SERVER[18]: SCHED: done running transformations
[INFO] PDC_SERVER[6]: Fetching region for obj_id=31000000000
[INFO] PDC_SERVER[6]: Checking against Object 10000000000
[INFO] PDC_SERVER[6]: Checking against Object 11000000000
[INFO] PDC_SERVER[6]: Checking against Object 12000000000
[INFO] PDC_SERVER[6]: Object 31000000000 NOT found in cache
[INFO] PDC_SERVER[6]: Fetching region from server for obj_id=31000000000
[INFO] PDC_SERVER[13]: Fetching region for obj_id=31000000000
[INFO] PDC_SERVER[13]: Checking against Object 10000000000
[INFO] PDC_SERVER[13]: Checking against Object 11000000000
[INFO] PDC_SERVER[13]: Checking against Object 12000000000
[INFO] PDC_SERVER[13]: Object 31000000000 NOT found in cache
[INFO] PDC_SERVER[13]: Fetching region from server for obj_id=31000000000
[13:55:42.667449] [WARNING] [pdc_tf_server.c:475] PDC_SERVER[24]: SCHED: done running transformations
[INFO] PDC_SERVER[8]: Fetching region for obj_id=31000000000
[INFO] PDC_SERVER[8]: Checking against Object 10000000000
[INFO] PDC_SERVER[8]: Checking against Object 11000000000
[INFO] PDC_SERVER[8]: Checking against Object 12000000000
[INFO] PDC_SERVER[8]: Object 31000000000 NOT found in cache
[INFO] PDC_SERVER[14]: Fetching region for obj_id=31000000000
[INFO] PDC_SERVER[14]: Checking against Object 10000000000
[INFO] PDC_SERVER[14]: Checking against Object 11000000000
[INFO] PDC_SERVER[14]: Checking against Object 12000000000
[INFO] PDC_SERVER[14]: Object 31000000000 NOT found in cache
[INFO] PDC_SERVER[14]: Fetching region from server for obj_id=31000000000
[INFO] PDC_SERVER[8]: Fetching region from server for obj_id=31000000000
[INFO] PDC_SERVER[16]: Fetching region for obj_id=31000000000
[INFO] PDC_SERVER[16]: Checking against Object 10000000000
[INFO] PDC_SERVER[16]: Checking against Object 11000000000
[INFO] PDC_SERVER[16]: Checking against Object 12000000000
[INFO] PDC_SERVER[16]: Object 31000000000 NOT found in cache
[INFO] PDC_SERVER[16]: Fetching region from server for obj_id=31000000000
[13:55:42.668820] [WARNING] [pdc_tf_server.c:393] PDC_SERVER[27]: SCHED: setting CUDA device to 0 for edge 0 func=zfp_decompress
[13:55:42.668844] [WARNING] [pdc_tf_server.c:401] PDC_SERVER[27]: SCHED: executing edge 0 func=zfp_decompress dev=GPU
[INFO] PDC_SERVER[22]: Fetching region for obj_id=31000000000
[INFO] PDC_SERVER[22]: Checking against Object 10000000000
[INFO] PDC_SERVER[22]: Checking against Object 11000000000
[INFO] PDC_SERVER[22]: Checking against Object 12000000000
[INFO] PDC_SERVER[22]: Object 31000000000 NOT found in cache
[INFO] PDC_SERVER[22]: Fetching region from server for obj_id=31000000000
[13:55:42.669309] [WARNING] [pdc_tf_server.c:393] PDC_SERVER[28]: SCHED: setting CUDA device to 0 for edge 0 func=zfp_decompress
[13:55:42.669323] [WARNING] [pdc_tf_server.c:401] PDC_SERVER[28]: SCHED: executing edge 0 func=zfp_decompress dev=GPU
[13:55:42.669851] [WARNING] [pdc_tf_server.c:475] PDC_SERVER[2]: SCHED: done running transformations
[13:55:42.670564] [WARNING] [pdc_tf_server.c:475] PDC_SERVER[21]: SCHED: done running transformations
[INFO] PDC_SERVER[30]: Fetching region for obj_id=31000000000
[INFO] PDC_SERVER[30]: Checking against Object 10000000000
[INFO] PDC_SERVER[30]: Checking against Object 11000000000
[INFO] PDC_SERVER[30]: Checking against Object 12000000000
[INFO] PDC_SERVER[30]: Object 31000000000 NOT found in cache
[INFO] PDC_SERVER[30]: Fetching region from server for obj_id=31000000000
[INFO] PDC_SERVER[19]: Fetching region for obj_id=31000000000
[INFO] PDC_SERVER[19]: Checking against Object 10000000000
[INFO] PDC_SERVER[19]: Checking against Object 11000000000
[INFO] PDC_SERVER[19]: Checking against Object 12000000000
[INFO] PDC_SERVER[19]: Object 31000000000 NOT found in cache
[INFO] PDC_SERVER[19]: Fetching region from server for obj_id=31000000000
[13:55:42.672287] [WARNING] [pdc_tf_server.c:393] PDC_SERVER[26]: SCHED: setting CUDA device to 0 for edge 0 func=zfp_decompress
[13:55:42.672307] [WARNING] [pdc_tf_server.c:401] PDC_SERVER[26]: SCHED: executing edge 0 func=zfp_decompress dev=GPU
[INFO] PDC_SERVER[29]: Fetching region for obj_id=31000000000
[INFO] PDC_SERVER[29]: Checking against Object 10000000000
[INFO] PDC_SERVER[29]: Checking against Object 11000000000
[INFO] PDC_SERVER[29]: Checking against Object 12000000000
[INFO] PDC_SERVER[29]: Object 31000000000 NOT found in cache
[INFO] PDC_SERVER[29]: Fetching region from server for obj_id=31000000000
[INFO] PDC_SERVER[25]: Fetching region for obj_id=31000000000
[INFO] PDC_SERVER[25]: Checking against Object 10000000000
[INFO] PDC_SERVER[25]: Checking against Object 11000000000
[INFO] PDC_SERVER[25]: Checking against Object 12000000000
[INFO] PDC_SERVER[25]: Object 31000000000 NOT found in cache
[INFO] PDC_SERVER[25]: Fetching region from server for obj_id=31000000000
[INFO] PDC_SERVER[17]: Fetching region for obj_id=31000000000
[INFO] PDC_SERVER[17]: Checking against Object 10000000000
[INFO] PDC_SERVER[17]: Checking against Object 11000000000
[INFO] PDC_SERVER[17]: Checking against Object 12000000000
[INFO] PDC_SERVER[17]: Object 31000000000 NOT found in cache
[INFO] PDC_SERVER[17]: Fetching region from server for obj_id=31000000000
[INFO] PDC_SERVER[18]: Fetching region for obj_id=31000000000
[INFO] PDC_SERVER[18]: Checking against Object 10000000000
[INFO] PDC_SERVER[18]: Checking against Object 11000000000
[INFO] PDC_SERVER[18]: Checking against Object 12000000000
[INFO] PDC_SERVER[18]: Object 31000000000 NOT found in cache
[INFO] PDC_SERVER[18]: Fetching region from server for obj_id=31000000000
[INFO] PDC_SERVER[21]: Fetching region for obj_id=31000000000
[INFO] PDC_SERVER[21]: Checking against Object 10000000000
[INFO] PDC_SERVER[21]: Checking against Object 11000000000
[INFO] PDC_SERVER[21]: Checking against Object 12000000000
[INFO] PDC_SERVER[21]: Object 31000000000 NOT found in cache
[INFO] PDC_SERVER[21]: Fetching region from server for obj_id=31000000000
[INFO] PDC_SERVER[24]: Fetching region for obj_id=31000000000
[INFO] PDC_SERVER[24]: Checking against Object 10000000000
[INFO] PDC_SERVER[24]: Checking against Object 11000000000
[INFO] PDC_SERVER[24]: Checking against Object 12000000000
[INFO] PDC_SERVER[24]: Object 31000000000 NOT found in cache
[INFO] PDC_SERVER[24]: Fetching region from server for obj_id=31000000000
[13:55:42.675041] [WARNING] [pdc_tf_server.c:393] PDC_SERVER[20]: SCHED: setting CUDA device to 0 for edge 0 func=zfp_decompress
[13:55:42.675056] [WARNING] [pdc_tf_server.c:401] PDC_SERVER[20]: SCHED: executing edge 0 func=zfp_decompress dev=GPU
[13:55:42.676035] [WARNING] [pdc_tf_server.c:475] PDC_SERVER[7]: SCHED: done running transformations
[13:55:42.676737] [WARNING] [pdc_tf_server.c:475] PDC_SERVER[1]: SCHED: done running transformations
[13:55:42.678046] [WARNING] [pdc_tf_server.c:393] PDC_SERVER[11]: SCHED: setting CUDA device to 0 for edge 0 func=zfp_decompress
[13:55:42.678071] [WARNING] [pdc_tf_server.c:401] PDC_SERVER[11]: SCHED: executing edge 0 func=zfp_decompress dev=GPU
[13:55:42.679776] [WARNING] [pdc_tf_server.c:393] PDC_SERVER[4]: SCHED: setting CUDA device to 0 for edge 0 func=zfp_decompress
[13:55:42.679798] [WARNING] [pdc_tf_server.c:401] PDC_SERVER[4]: SCHED: executing edge 0 func=zfp_decompress dev=GPU
[INFO] PDC_SERVER[2]: Fetching region for obj_id=31000000000
[INFO] PDC_SERVER[2]: Checking against Object 10000000000
[INFO] PDC_SERVER[2]: Checking against Object 11000000000
[INFO] PDC_SERVER[2]: Checking against Object 12000000000
[INFO] PDC_SERVER[2]: Object 31000000000 NOT found in cache
[INFO] PDC_SERVER[2]: Fetching region from server for obj_id=31000000000
[13:55:42.680497] [WARNING] [pdc_tf_server.c:393] PDC_SERVER[23]: SCHED: setting CUDA device to 0 for edge 0 func=zfp_decompress
[13:55:42.680533] [WARNING] [pdc_tf_server.c:401] PDC_SERVER[23]: SCHED: executing edge 0 func=zfp_decompress dev=GPU
[13:55:42.680741] [WARNING] [pdc_tf_server.c:393] PDC_SERVER[9]: SCHED: setting CUDA device to 0 for edge 0 func=zfp_decompress
[13:55:42.680766] [WARNING] [pdc_tf_server.c:401] PDC_SERVER[9]: SCHED: executing edge 0 func=zfp_decompress dev=GPU
[13:55:42.680835] [WARNING] [pdc_tf_server.c:475] PDC_SERVER[5]: SCHED: done running transformations
[13:55:42.681215] [WARNING] [pdc_tf_server.c:393] PDC_SERVER[12]: SCHED: setting CUDA device to 0 for edge 0 func=zfp_decompress
[13:55:42.681264] [WARNING] [pdc_tf_server.c:401] PDC_SERVER[12]: SCHED: executing edge 0 func=zfp_decompress dev=GPU
[13:55:42.682590] [WARNING] [pdc_tf_server.c:475] PDC_SERVER[0]: SCHED: done running transformations
[13:55:42.682690] [WARNING] [pdc_tf_server.c:475] PDC_SERVER[3]: SCHED: done running transformations
[13:55:42.682773] [WARNING] [pdc_tf_server.c:393] PDC_SERVER[15]: SCHED: setting CUDA device to 0 for edge 0 func=zfp_decompress
[13:55:42.682793] [WARNING] [pdc_tf_server.c:401] PDC_SERVER[15]: SCHED: executing edge 0 func=zfp_decompress dev=GPU
[INFO] PDC_SERVER[1]: Fetching region for obj_id=31000000000
[INFO] PDC_SERVER[1]: Checking against Object 10000000000
[INFO] PDC_SERVER[1]: Checking against Object 11000000000
[INFO] PDC_SERVER[1]: Checking against Object 12000000000
[INFO] PDC_SERVER[1]: Object 31000000000 NOT found in cache
[INFO] PDC_SERVER[1]: Fetching region from server for obj_id=31000000000
[INFO] PDC_SERVER[7]: Fetching region for obj_id=31000000000
[INFO] PDC_SERVER[7]: Checking against Object 10000000000
[INFO] PDC_SERVER[7]: Checking against Object 11000000000
[INFO] PDC_SERVER[7]: Checking against Object 12000000000
[INFO] PDC_SERVER[7]: Object 31000000000 NOT found in cache
[INFO] PDC_SERVER[7]: Fetching region from server for obj_id=31000000000
[13:55:42.685579] [WARNING] [pdc_tf_server.c:393] PDC_SERVER[6]: SCHED: setting CUDA device to 0 for edge 0 func=zfp_decompress
[13:55:42.685593] [WARNING] [pdc_tf_server.c:401] PDC_SERVER[6]: SCHED: executing edge 0 func=zfp_decompress dev=GPU
[13:55:42.685521] [WARNING] [pdc_tf_server.c:393] PDC_SERVER[10]: SCHED: setting CUDA device to 0 for edge 0 func=zfp_decompress
[13:55:42.685547] [WARNING] [pdc_tf_server.c:401] PDC_SERVER[10]: SCHED: executing edge 0 func=zfp_decompress dev=GPU
[13:55:42.685906] [WARNING] [pdc_tf_server.c:393] PDC_SERVER[13]: SCHED: setting CUDA device to 0 for edge 0 func=zfp_decompress
[13:55:42.685940] [WARNING] [pdc_tf_server.c:401] PDC_SERVER[13]: SCHED: executing edge 0 func=zfp_decompress dev=GPU
[13:55:42.686347] [WARNING] [pdc_tf_server.c:475] PDC_SERVER[26]: SCHED: done running transformations
[13:55:42.686984] [WARNING] [pdc_tf_server.c:393] PDC_SERVER[16]: SCHED: setting CUDA device to 0 for edge 0 func=zfp_decompress
[13:55:42.687005] [WARNING] [pdc_tf_server.c:401] PDC_SERVER[16]: SCHED: executing edge 0 func=zfp_decompress dev=GPU
[13:55:42.687046] [WARNING] [pdc_tf_server.c:393] PDC_SERVER[8]: SCHED: setting CUDA device to 0 for edge 0 func=zfp_decompress
[13:55:42.687062] [WARNING] [pdc_tf_server.c:401] PDC_SERVER[8]: SCHED: executing edge 0 func=zfp_decompress dev=GPU
[13:55:42.687510] [WARNING] [pdc_tf_server.c:393] PDC_SERVER[14]: SCHED: setting CUDA device to 0 for edge 0 func=zfp_decompress
[13:55:42.687556] [WARNING] [pdc_tf_server.c:401] PDC_SERVER[14]: SCHED: executing edge 0 func=zfp_decompress dev=GPU
[INFO] PDC_SERVER[5]: Fetching region for obj_id=31000000000
[INFO] PDC_SERVER[5]: Checking against Object 10000000000
[INFO] PDC_SERVER[5]: Checking against Object 11000000000
[INFO] PDC_SERVER[5]: Checking against Object 12000000000
[INFO] PDC_SERVER[5]: Object 31000000000 NOT found in cache
[INFO] PDC_SERVER[5]: Fetching region from server for obj_id=31000000000
[13:55:42.688785] [WARNING] [pdc_tf_server.c:393] PDC_SERVER[19]: SCHED: setting CUDA device to 0 for edge 0 func=zfp_decompress
[13:55:42.688810] [WARNING] [pdc_tf_server.c:401] PDC_SERVER[19]: SCHED: executing edge 0 func=zfp_decompress dev=GPU
[13:55:42.689630] [WARNING] [pdc_tf_server.c:475] PDC_SERVER[31]: SCHED: done running transformations
[13:55:42.689934] [WARNING] [pdc_tf_server.c:393] PDC_SERVER[30]: SCHED: setting CUDA device to 0 for edge 0 func=zfp_decompress
[13:55:42.689958] [WARNING] [pdc_tf_server.c:401] PDC_SERVER[30]: SCHED: executing edge 0 func=zfp_decompress dev=GPU
[INFO] PDC_SERVER[0]: Fetching region for obj_id=31000000000
[INFO] PDC_SERVER[0]: Checking against Object 10000000000
[INFO] PDC_SERVER[0]: Checking against Object 11000000000
[INFO] PDC_SERVER[0]: Checking against Object 12000000000
[INFO] PDC_SERVER[0]: Object 31000000000 NOT found in cache
[INFO] PDC_SERVER[0]: Fetching region from server for obj_id=31000000000
[13:55:42.690863] [WARNING] [pdc_tf_server.c:393] PDC_SERVER[25]: SCHED: setting CUDA device to 0 for edge 0 func=zfp_decompress
[13:55:42.690883] [WARNING] [pdc_tf_server.c:401] PDC_SERVER[25]: SCHED: executing edge 0 func=zfp_decompress dev=GPU
[13:55:42.691141] [WARNING] [pdc_tf_server.c:393] PDC_SERVER[18]: SCHED: setting CUDA device to 0 for edge 0 func=zfp_decompress
[13:55:42.691158] [WARNING] [pdc_tf_server.c:401] PDC_SERVER[18]: SCHED: executing edge 0 func=zfp_decompress dev=GPU
[13:55:42.691159] [WARNING] [pdc_tf_server.c:393] PDC_SERVER[21]: SCHED: setting CUDA device to 0 for edge 0 func=zfp_decompress
[13:55:42.691171] [WARNING] [pdc_tf_server.c:401] PDC_SERVER[21]: SCHED: executing edge 0 func=zfp_decompress dev=GPU
[INFO] PDC_SERVER[3]: Fetching region for obj_id=31000000000
[INFO] PDC_SERVER[3]: Checking against Object 10000000000
[INFO] PDC_SERVER[3]: Checking against Object 11000000000
[INFO] PDC_SERVER[3]: Checking against Object 12000000000
[13:55:42.691190] [WARNING] [pdc_tf_server.c:475] PDC_SERVER[27]: SCHED: done running transformations
[INFO] PDC_SERVER[3]: Object 31000000000 NOT found in cache
[INFO] PDC_SERVER[3]: Fetching region from server for obj_id=31000000000
[13:55:42.691221] [WARNING] [pdc_tf_server.c:475] PDC_SERVER[28]: SCHED: done running transformations
[13:55:42.691272] [WARNING] [pdc_tf_server.c:475] PDC_SERVER[11]: SCHED: done running transformations
[13:55:42.692209] [WARNING] [pdc_tf_server.c:393] PDC_SERVER[22]: SCHED: setting CUDA device to 0 for edge 0 func=zfp_decompress
[13:55:42.692239] [WARNING] [pdc_tf_server.c:401] PDC_SERVER[22]: SCHED: executing edge 0 func=zfp_decompress dev=GPU
[13:55:42.692987] [WARNING] [pdc_tf_server.c:393] PDC_SERVER[29]: SCHED: setting CUDA device to 0 for edge 0 func=zfp_decompress
[13:55:42.693012] [WARNING] [pdc_tf_server.c:401] PDC_SERVER[29]: SCHED: executing edge 0 func=zfp_decompress dev=GPU
[13:55:42.693011] [WARNING] [pdc_tf_server.c:393] PDC_SERVER[24]: SCHED: setting CUDA device to 0 for edge 0 func=zfp_decompress
[13:55:42.693031] [WARNING] [pdc_tf_server.c:401] PDC_SERVER[24]: SCHED: executing edge 0 func=zfp_decompress dev=GPU
[INFO] PDC_SERVER[26]: Fetching region for obj_id=31000000000
[INFO] PDC_SERVER[26]: Checking against Object 10000000000
[INFO] PDC_SERVER[26]: Checking against Object 11000000000
[INFO] PDC_SERVER[26]: Checking against Object 12000000000
[INFO] PDC_SERVER[26]: Object 31000000000 NOT found in cache
[INFO] PDC_SERVER[26]: Fetching region from server for obj_id=31000000000
[13:55:42.694708] [WARNING] [pdc_tf_server.c:475] PDC_SERVER[12]: SCHED: done running transformations
[13:55:42.694753] [WARNING] [pdc_tf_server.c:475] PDC_SERVER[9]: SCHED: done running transformations
[13:55:42.695806] [WARNING] [pdc_tf_server.c:475] PDC_SERVER[4]: SCHED: done running transformations
[INFO] PDC_SERVER[31]: Fetching region for obj_id=31000000000
[INFO] PDC_SERVER[31]: Checking against Object 10000000000
[INFO] PDC_SERVER[31]: Checking against Object 11000000000
[INFO] PDC_SERVER[31]: Checking against Object 12000000000
[INFO] PDC_SERVER[31]: Object 31000000000 NOT found in cache
[INFO] PDC_SERVER[31]: Fetching region from server for obj_id=31000000000
[INFO] PDC_SERVER[11]: Fetching region for obj_id=31000000000
[INFO] PDC_SERVER[11]: Checking against Object 10000000000
[INFO] PDC_SERVER[11]: Checking against Object 11000000000
[INFO] PDC_SERVER[11]: Checking against Object 12000000000
[INFO] PDC_SERVER[11]: Object 31000000000 NOT found in cache
[INFO] PDC_SERVER[11]: Fetching region from server for obj_id=31000000000
[13:55:42.698046] [WARNING] [pdc_tf_server.c:475] PDC_SERVER[6]: SCHED: done running transformations
[INFO] PDC_SERVER[27]: Fetching region for obj_id=31000000000
[INFO] PDC_SERVER[27]: Checking against Object 10000000000
[INFO] PDC_SERVER[27]: Checking against Object 11000000000
[INFO] PDC_SERVER[27]: Checking against Object 12000000000
[INFO] PDC_SERVER[27]: Object 31000000000 NOT found in cache
[INFO] PDC_SERVER[27]: Fetching region from server for obj_id=31000000000
[INFO] PDC_SERVER[28]: Fetching region for obj_id=31000000000
[INFO] PDC_SERVER[28]: Checking against Object 10000000000
[INFO] PDC_SERVER[28]: Checking against Object 11000000000
[INFO] PDC_SERVER[28]: Checking against Object 12000000000
[INFO] PDC_SERVER[28]: Object 31000000000 NOT found in cache
[INFO] PDC_SERVER[28]: Fetching region from server for obj_id=31000000000
[13:55:42.700436] [WARNING] [pdc_tf_server.c:393] PDC_SERVER[17]: SCHED: setting CUDA device to 0 for edge 0 func=zfp_decompress
[13:55:42.700462] [WARNING] [pdc_tf_server.c:401] PDC_SERVER[17]: SCHED: executing edge 0 func=zfp_decompress dev=GPU
[INFO] PDC_SERVER[4]: Fetching region for obj_id=31000000000
[INFO] PDC_SERVER[4]: Checking against Object 10000000000
[INFO] PDC_SERVER[4]: Checking against Object 11000000000
[INFO] PDC_SERVER[4]: Checking against Object 12000000000
[INFO] PDC_SERVER[4]: Object 31000000000 NOT found in cache
[INFO] PDC_SERVER[4]: Fetching region from server for obj_id=31000000000
[INFO] PDC_SERVER[9]: Fetching region for obj_id=31000000000
[INFO] PDC_SERVER[9]: Checking against Object 10000000000
[INFO] PDC_SERVER[9]: Checking against Object 11000000000
[INFO] PDC_SERVER[9]: Checking against Object 12000000000
[INFO] PDC_SERVER[9]: Object 31000000000 NOT found in cache
[INFO] PDC_SERVER[9]: Fetching region from server for obj_id=31000000000
[INFO] PDC_SERVER[12]: Fetching region for obj_id=31000000000
[INFO] PDC_SERVER[12]: Checking against Object 10000000000
[INFO] PDC_SERVER[12]: Checking against Object 11000000000
[INFO] PDC_SERVER[12]: Checking against Object 12000000000
[INFO] PDC_SERVER[12]: Object 31000000000 NOT found in cache
[INFO] PDC_SERVER[12]: Fetching region from server for obj_id=31000000000
[13:55:42.701859] [WARNING] [pdc_tf_server.c:475] PDC_SERVER[15]: SCHED: done running transformations
[13:55:42.704287] [WARNING] [pdc_tf_server.c:393] PDC_SERVER[2]: SCHED: setting CUDA device to 0 for edge 0 func=zfp_decompress
[13:55:42.704316] [WARNING] [pdc_tf_server.c:401] PDC_SERVER[2]: SCHED: executing edge 0 func=zfp_decompress dev=GPU
[13:55:42.705151] [WARNING] [pdc_tf_server.c:393] PDC_SERVER[5]: SCHED: setting CUDA device to 0 for edge 0 func=zfp_decompress
[13:55:42.705171] [WARNING] [pdc_tf_server.c:401] PDC_SERVER[5]: SCHED: executing edge 0 func=zfp_decompress dev=GPU
[13:55:42.705296] [WARNING] [pdc_tf_server.c:475] PDC_SERVER[20]: SCHED: done running transformations
[INFO] PDC_SERVER[6]: Fetching region for obj_id=31000000000
[INFO] PDC_SERVER[6]: Checking against Object 10000000000
[INFO] PDC_SERVER[6]: Checking against Object 11000000000
[INFO] PDC_SERVER[6]: Checking against Object 12000000000
[INFO] PDC_SERVER[6]: Object 31000000000 NOT found in cache
[INFO] PDC_SERVER[6]: Fetching region from server for obj_id=31000000000
[13:55:42.706666] [WARNING] [pdc_tf_server.c:475] PDC_SERVER[10]: SCHED: done running transformations
[13:55:42.706841] [WARNING] [pdc_tf_server.c:393] PDC_SERVER[1]: SCHED: setting CUDA device to 0 for edge 0 func=zfp_decompress
[13:55:42.706862] [WARNING] [pdc_tf_server.c:401] PDC_SERVER[1]: SCHED: executing edge 0 func=zfp_decompress dev=GPU
[INFO] PDC_SERVER[0]: Executing graph with json filepath /pscratch/sd/n/nlewi26/src/work_space/source/pdc/tf_client/graphs/zfp_gpu.json
[13:55:42.707045] [WARNING] [pdc_tf_server.c:393] PDC_SERVER[0]: SCHED: setting CUDA device to 0 for edge 0 func=zfp_decompress
[13:55:42.707059] [WARNING] [pdc_tf_server.c:401] PDC_SERVER[0]: SCHED: executing edge 0 func=zfp_decompress dev=GPU
[INFO] PDC_SERVER[15]: Fetching region for obj_id=31000000000
[INFO] PDC_SERVER[15]: Checking against Object 10000000000
[INFO] PDC_SERVER[15]: Checking against Object 11000000000
[INFO] PDC_SERVER[15]: Checking against Object 12000000000
[INFO] PDC_SERVER[15]: Object 31000000000 NOT found in cache
[INFO] PDC_SERVER[15]: Fetching region from server for obj_id=31000000000
[13:55:42.708817] [WARNING] [pdc_tf_server.c:393] PDC_SERVER[7]: SCHED: setting CUDA device to 0 for edge 0 func=zfp_decompress
[13:55:42.708834] [WARNING] [pdc_tf_server.c:401] PDC_SERVER[7]: SCHED: executing edge 0 func=zfp_decompress dev=GPU
[13:55:42.709403] [WARNING] [pdc_tf_server.c:475] PDC_SERVER[19]: SCHED: done running transformations
[13:55:42.709542] [WARNING] [pdc_tf_server.c:475] PDC_SERVER[16]: SCHED: done running transformations
[13:55:42.709543] [WARNING] [pdc_tf_server.c:475] PDC_SERVER[23]: SCHED: done running transformations
[13:55:42.709614] [WARNING] [pdc_tf_server.c:475] PDC_SERVER[24]: SCHED: done running transformations
[13:55:42.709594] [WARNING] [pdc_tf_server.c:393] PDC_SERVER[3]: SCHED: setting CUDA device to 0 for edge 0 func=zfp_decompress
[13:55:42.709618] [WARNING] [pdc_tf_server.c:401] PDC_SERVER[3]: SCHED: executing edge 0 func=zfp_decompress dev=GPU
[13:55:42.709915] [WARNING] [pdc_tf_server.c:475] PDC_SERVER[29]: SCHED: done running transformations
[13:55:42.710095] [WARNING] [pdc_tf_server.c:475] PDC_SERVER[30]: SCHED: done running transformations
[13:55:42.710199] [WARNING] [pdc_tf_server.c:475] PDC_SERVER[25]: SCHED: done running transformations
[INFO] PDC_SERVER[20]: Fetching region for obj_id=31000000000
[INFO] PDC_SERVER[20]: Checking against Object 10000000000
[INFO] PDC_SERVER[20]: Checking against Object 11000000000
[INFO] PDC_SERVER[20]: Checking against Object 12000000000
[INFO] PDC_SERVER[20]: Object 31000000000 NOT found in cache
[INFO] PDC_SERVER[20]: Fetching region from server for obj_id=31000000000
[INFO] PDC_SERVER[10]: Fetching region for obj_id=31000000000
[INFO] PDC_SERVER[10]: Checking against Object 10000000000
[INFO] PDC_SERVER[10]: Checking against Object 11000000000
[INFO] PDC_SERVER[10]: Checking against Object 12000000000
[INFO] PDC_SERVER[10]: Object 31000000000 NOT found in cache
[INFO] PDC_SERVER[10]: Fetching region from server for obj_id=31000000000
[INFO] PDC_SERVER[19]: Fetching region for obj_id=31000000000
[INFO] PDC_SERVER[19]: Checking against Object 10000000000
[INFO] PDC_SERVER[19]: Checking against Object 11000000000
[INFO] PDC_SERVER[19]: Checking against Object 12000000000
[INFO] PDC_SERVER[19]: Object 31000000000 NOT found in cache
[INFO] PDC_SERVER[19]: Fetching region from server for obj_id=31000000000
[INFO] PDC_SERVER[16]: Fetching region for obj_id=31000000000
[INFO] PDC_SERVER[16]: Checking against Object 10000000000
[INFO] PDC_SERVER[16]: Checking against Object 11000000000
[INFO] PDC_SERVER[16]: Checking against Object 12000000000
[INFO] PDC_SERVER[16]: Object 31000000000 NOT found in cache
[INFO] PDC_SERVER[16]: Fetching region from server for obj_id=31000000000
[13:55:42.716441] [WARNING] [pdc_tf_server.c:393] PDC_SERVER[11]: SCHED: setting CUDA device to 0 for edge 0 func=zfp_decompress
[13:55:42.716461] [WARNING] [pdc_tf_server.c:401] PDC_SERVER[11]: SCHED: executing edge 0 func=zfp_decompress dev=GPU
[13:55:42.716718] [WARNING] [pdc_tf_server.c:393] PDC_SERVER[26]: SCHED: setting CUDA device to 0 for edge 0 func=zfp_decompress
[13:55:42.716748] [WARNING] [pdc_tf_server.c:401] PDC_SERVER[26]: SCHED: executing edge 0 func=zfp_decompress dev=GPU
[13:55:42.716885] [WARNING] [pdc_tf_server.c:393] PDC_SERVER[27]: SCHED: setting CUDA device to 0 for edge 0 func=zfp_decompress
[13:55:42.716910] [WARNING] [pdc_tf_server.c:401] PDC_SERVER[27]: SCHED: executing edge 0 func=zfp_decompress dev=GPU
[INFO] PDC_SERVER[30]: Fetching region for obj_id=31000000000
[INFO] PDC_SERVER[30]: Checking against Object 10000000000
[INFO] PDC_SERVER[30]: Checking against Object 11000000000
[INFO] PDC_SERVER[30]: Checking against Object 12000000000
[INFO] PDC_SERVER[30]: Object 31000000000 NOT found in cache
[INFO] PDC_SERVER[30]: Fetching region from server for obj_id=31000000000
[INFO] PDC_SERVER[25]: Fetching region for obj_id=31000000000
[INFO] PDC_SERVER[25]: Checking against Object 10000000000
[INFO] PDC_SERVER[25]: Checking against Object 11000000000
[INFO] PDC_SERVER[25]: Checking against Object 12000000000
[INFO] PDC_SERVER[25]: Object 31000000000 NOT found in cache
[INFO] PDC_SERVER[25]: Fetching region from server for obj_id=31000000000
[13:55:42.717316] [WARNING] [pdc_tf_server.c:393] PDC_SERVER[28]: SCHED: setting CUDA device to 0 for edge 0 func=zfp_decompress
[13:55:42.717331] [WARNING] [pdc_tf_server.c:401] PDC_SERVER[28]: SCHED: executing edge 0 func=zfp_decompress dev=GPU
[13:55:42.717408] [WARNING] [pdc_tf_server.c:393] PDC_SERVER[4]: SCHED: setting CUDA device to 0 for edge 0 func=zfp_decompress
[13:55:42.717431] [WARNING] [pdc_tf_server.c:401] PDC_SERVER[4]: SCHED: executing edge 0 func=zfp_decompress dev=GPU
[INFO] PDC_SERVER[23]: Fetching region for obj_id=31000000000
[INFO] PDC_SERVER[23]: Checking against Object 10000000000
[INFO] PDC_SERVER[23]: Checking against Object 11000000000
[INFO] PDC_SERVER[23]: Checking against Object 12000000000
[INFO] PDC_SERVER[23]: Object 31000000000 NOT found in cache
[INFO] PDC_SERVER[23]: Fetching region from server for obj_id=31000000000
[13:55:42.717738] [WARNING] [pdc_tf_server.c:475] PDC_SERVER[13]: SCHED: done running transformations
[13:55:42.718037] [WARNING] [pdc_tf_server.c:393] PDC_SERVER[31]: SCHED: setting CUDA device to 0 for edge 0 func=zfp_decompress
[13:55:42.718070] [WARNING] [pdc_tf_server.c:401] PDC_SERVER[31]: SCHED: executing edge 0 func=zfp_decompress dev=GPU
[INFO] PDC_SERVER[24]: Fetching region for obj_id=31000000000
[INFO] PDC_SERVER[24]: Checking against Object 10000000000
[INFO] PDC_SERVER[24]: Checking against Object 11000000000
[INFO] PDC_SERVER[24]: Checking against Object 12000000000
[INFO] PDC_SERVER[24]: Object 31000000000 NOT found in cache
[INFO] PDC_SERVER[24]: Fetching region from server for obj_id=31000000000
[13:55:42.718475] [WARNING] [pdc_tf_server.c:475] PDC_SERVER[8]: SCHED: done running transformations
[INFO] PDC_SERVER[29]: Fetching region for obj_id=31000000000
[INFO] PDC_SERVER[29]: Checking against Object 10000000000
[INFO] PDC_SERVER[29]: Checking against Object 11000000000
[INFO] PDC_SERVER[29]: Checking against Object 12000000000
[INFO] PDC_SERVER[29]: Object 31000000000 NOT found in cache
[13:55:42.718751] [WARNING] [pdc_tf_server.c:475] PDC_SERVER[14]: SCHED: done running transformations
[INFO] PDC_SERVER[29]: Fetching region from server for obj_id=31000000000
[13:55:42.718819] [WARNING] [pdc_tf_server.c:393] PDC_SERVER[12]: SCHED: setting CUDA device to 0 for edge 0 func=zfp_decompress
[13:55:42.718853] [WARNING] [pdc_tf_server.c:401] PDC_SERVER[12]: SCHED: executing edge 0 func=zfp_decompress dev=GPU
[13:55:42.719495] [WARNING] [pdc_tf_server.c:393] PDC_SERVER[9]: SCHED: setting CUDA device to 0 for edge 0 func=zfp_decompress
[13:55:42.719513] [WARNING] [pdc_tf_server.c:401] PDC_SERVER[9]: SCHED: executing edge 0 func=zfp_decompress dev=GPU
[13:55:42.721748] [WARNING] [pdc_tf_server.c:475] PDC_SERVER[2]: SCHED: done running transformations
[13:55:42.723486] [WARNING] [pdc_tf_server.c:475] PDC_SERVER[0]: SCHED: done running transformations
[13:55:42.724788] [WARNING] [pdc_tf_server.c:475] PDC_SERVER[1]: SCHED: done running transformations
[13:55:42.725239] [WARNING] [pdc_tf_server.c:475] PDC_SERVER[5]: SCHED: done running transformations
[13:55:42.726527] [WARNING] [pdc_tf_server.c:475] PDC_SERVER[21]: SCHED: done running transformations
[13:55:42.726713] [WARNING] [pdc_tf_server.c:393] PDC_SERVER[15]: SCHED: setting CUDA device to 0 for edge 0 func=zfp_decompress
[13:55:42.726740] [WARNING] [pdc_tf_server.c:401] PDC_SERVER[15]: SCHED: executing edge 0 func=zfp_decompress dev=GPU
[13:55:42.727286] [WARNING] [pdc_tf_server.c:475] PDC_SERVER[3]: SCHED: done running transformations
[13:55:42.727409] [WARNING] [pdc_tf_server.c:393] PDC_SERVER[20]: SCHED: setting CUDA device to 0 for edge 0 func=zfp_decompress
[13:55:42.727426] [WARNING] [pdc_tf_server.c:401] PDC_SERVER[20]: SCHED: executing edge 0 func=zfp_decompress dev=GPU
[13:55:42.727924] [WARNING] [pdc_tf_server.c:475] PDC_SERVER[4]: SCHED: done running transformations
[13:55:42.728052] [WARNING] [pdc_tf_server.c:475] PDC_SERVER[22]: SCHED: done running transformations
[13:55:42.728649] [WARNING] [pdc_tf_server.c:475] PDC_SERVER[17]: SCHED: done running transformations
[13:55:42.728710] [WARNING] [pdc_tf_server.c:475] PDC_SERVER[18]: SCHED: done running transformations
[INFO] PDC_SERVER[0]: Fetching region for obj_id=31000000000
[INFO] PDC_SERVER[0]: Checking against Object 10000000000
[INFO] PDC_SERVER[0]: Checking against Object 11000000000
[INFO] PDC_SERVER[0]: Checking against Object 12000000000
[INFO] PDC_SERVER[0]: Object 31000000000 NOT found in cache
[INFO] PDC_SERVER[0]: Fetching region from server for obj_id=31000000000
[13:55:42.729235] [WARNING] [pdc_tf_server.c:475] PDC_SERVER[7]: SCHED: done running transformations
[INFO] PDC_SERVER[13]: Fetching region for obj_id=31000000000
[INFO] PDC_SERVER[13]: Checking against Object 10000000000
[INFO] PDC_SERVER[13]: Checking against Object 11000000000
[INFO] PDC_SERVER[13]: Checking against Object 12000000000
[INFO] PDC_SERVER[13]: Object 31000000000 NOT found in cache
[INFO] PDC_SERVER[13]: Fetching region from server for obj_id=31000000000
[13:55:42.730129] [WARNING] [pdc_tf_server.c:393] PDC_SERVER[6]: SCHED: setting CUDA device to 0 for edge 0 func=zfp_decompress
[13:55:42.730163] [WARNING] [pdc_tf_server.c:401] PDC_SERVER[6]: SCHED: executing edge 0 func=zfp_decompress dev=GPU
[INFO] PDC_SERVER[2]: Fetching region for obj_id=31000000000
[INFO] PDC_SERVER[2]: Checking against Object 10000000000
[INFO] PDC_SERVER[2]: Checking against Object 11000000000
[INFO] PDC_SERVER[2]: Checking against Object 12000000000
[INFO] PDC_SERVER[2]: Object 31000000000 NOT found in cache
[INFO] PDC_SERVER[2]: Fetching region from server for obj_id=31000000000
[INFO] PDC_SERVER[8]: Fetching region for obj_id=31000000000
[INFO] PDC_SERVER[8]: Checking against Object 10000000000
[INFO] PDC_SERVER[8]: Checking against Object 11000000000
[13:55:42.731137] [WARNING] [pdc_tf_server.c:393] PDC_SERVER[19]: SCHED: setting CUDA device to 0 for edge 0 func=zfp_decompress
[13:55:42.731150] [WARNING] [pdc_tf_server.c:401] PDC_SERVER[19]: SCHED: executing edge 0 func=zfp_decompress dev=GPU
[INFO] PDC_SERVER[8]: Checking against Object 12000000000
[INFO] PDC_SERVER[8]: Object 31000000000 NOT found in cache
[INFO] PDC_SERVER[8]: Fetching region from server for obj_id=31000000000
[INFO] PDC_SERVER[14]: Fetching region for obj_id=31000000000
[INFO] PDC_SERVER[14]: Checking against Object 10000000000
[INFO] PDC_SERVER[14]: Checking against Object 11000000000
[INFO] PDC_SERVER[14]: Checking against Object 12000000000
[INFO] PDC_SERVER[14]: Object 31000000000 NOT found in cache
[INFO] PDC_SERVER[14]: Fetching region from server for obj_id=31000000000
[INFO] PDC_SERVER[1]: Fetching region for obj_id=31000000000
[INFO] PDC_SERVER[1]: Checking against Object 10000000000
[INFO] PDC_SERVER[1]: Checking against Object 11000000000
[INFO] PDC_SERVER[1]: Checking against Object 12000000000
[INFO] PDC_SERVER[1]: Object 31000000000 NOT found in cache
[INFO] PDC_SERVER[1]: Fetching region from server for obj_id=31000000000
[13:55:42.733073] [WARNING] [pdc_tf_server.c:475] PDC_SERVER[26]: SCHED: done running transformations
[INFO] PDC_SERVER[21]: Fetching region for obj_id=31000000000
[INFO] PDC_SERVER[21]: Checking against Object 10000000000
[INFO] PDC_SERVER[21]: Checking against Object 11000000000
[INFO] PDC_SERVER[21]: Checking against Object 12000000000
[INFO] PDC_SERVER[21]: Object 31000000000 NOT found in cache
[INFO] PDC_SERVER[21]: Fetching region from server for obj_id=31000000000
[13:55:42.733734] [WARNING] [pdc_tf_server.c:393] PDC_SERVER[16]: SCHED: setting CUDA device to 0 for edge 0 func=zfp_decompress
[13:55:42.733751] [WARNING] [pdc_tf_server.c:401] PDC_SERVER[16]: SCHED: executing edge 0 func=zfp_decompress dev=GPU
[13:55:42.733818] [WARNING] [pdc_tf_server.c:475] PDC_SERVER[31]: SCHED: done running transformations
[INFO] PDC_SERVER[18]: Fetching region for obj_id=31000000000
[INFO] PDC_SERVER[18]: Checking against Object 10000000000
[INFO] PDC_SERVER[18]: Checking against Object 11000000000
[INFO] PDC_SERVER[18]: Checking against Object 12000000000
[INFO] PDC_SERVER[18]: Object 31000000000 NOT found in cache
[INFO] PDC_SERVER[18]: Fetching region from server for obj_id=31000000000
[INFO] PDC_SERVER[22]: Fetching region for obj_id=31000000000
[INFO] PDC_SERVER[22]: Checking against Object 10000000000
[INFO] PDC_SERVER[22]: Checking against Object 11000000000
[INFO] PDC_SERVER[22]: Checking against Object 12000000000
[INFO] PDC_SERVER[22]: Object 31000000000 NOT found in cache
[INFO] PDC_SERVER[22]: Fetching region from server for obj_id=31000000000
[INFO] PDC_SERVER[5]: Fetching region for obj_id=31000000000
[INFO] PDC_SERVER[5]: Checking against Object 10000000000
[INFO] PDC_SERVER[5]: Checking against Object 11000000000
[INFO] PDC_SERVER[5]: Checking against Object 12000000000
[INFO] PDC_SERVER[5]: Object 31000000000 NOT found in cache
[INFO] PDC_SERVER[5]: Fetching region from server for obj_id=31000000000
[13:55:42.735074] [WARNING] [pdc_tf_server.c:393] PDC_SERVER[25]: SCHED: setting CUDA device to 0 for edge 0 func=zfp_decompress
[13:55:42.735094] [WARNING] [pdc_tf_server.c:401] PDC_SERVER[25]: SCHED: executing edge 0 func=zfp_decompress dev=GPU
[INFO] PDC_SERVER[17]: Fetching region for obj_id=31000000000
[INFO] PDC_SERVER[17]: Checking against Object 10000000000
[INFO] PDC_SERVER[17]: Checking against Object 11000000000
[INFO] PDC_SERVER[17]: Checking against Object 12000000000
[INFO] PDC_SERVER[17]: Object 31000000000 NOT found in cache
[INFO] PDC_SERVER[17]: Fetching region from server for obj_id=31000000000
[13:55:42.735266] [WARNING] [pdc_tf_server.c:393] PDC_SERVER[10]: SCHED: setting CUDA device to 0 for edge 0 func=zfp_decompress
[13:55:42.735290] [WARNING] [pdc_tf_server.c:401] PDC_SERVER[10]: SCHED: executing edge 0 func=zfp_decompress dev=GPU
[13:55:42.735545] [WARNING] [pdc_tf_server.c:475] PDC_SERVER[27]: SCHED: done running transformations
[13:55:42.735567] [WARNING] [pdc_tf_server.c:475] PDC_SERVER[12]: SCHED: done running transformations
[13:55:42.735818] [WARNING] [pdc_tf_server.c:393] PDC_SERVER[23]: SCHED: setting CUDA device to 0 for edge 0 func=zfp_decompress
[13:55:42.735840] [WARNING] [pdc_tf_server.c:401] PDC_SERVER[23]: SCHED: executing edge 0 func=zfp_decompress dev=GPU
[INFO] PDC_SERVER[3]: Fetching region for obj_id=31000000000
[INFO] PDC_SERVER[3]: Checking against Object 10000000000
[13:55:42.736101] [WARNING] [pdc_tf_server.c:475] PDC_SERVER[9]: SCHED: done running transformations
[INFO] PDC_SERVER[3]: Checking against Object 11000000000
[INFO] PDC_SERVER[3]: Checking against Object 12000000000
[INFO] PDC_SERVER[3]: Object 31000000000 NOT found in cache
[INFO] PDC_SERVER[3]: Fetching region from server for obj_id=31000000000
[13:55:42.736991] [WARNING] [pdc_tf_server.c:475] PDC_SERVER[28]: SCHED: done running transformations
[INFO] PDC_SERVER[7]: Fetching region for obj_id=31000000000
[INFO] PDC_SERVER[7]: Checking against Object 10000000000
[INFO] PDC_SERVER[7]: Checking against Object 11000000000
[INFO] PDC_SERVER[7]: Checking against Object 12000000000
[INFO] PDC_SERVER[7]: Object 31000000000 NOT found in cache
[INFO] PDC_SERVER[7]: Fetching region from server for obj_id=31000000000
[13:55:42.738251] [WARNING] [pdc_tf_server.c:475] PDC_SERVER[11]: SCHED: done running transformations
[INFO] PDC_SERVER[31]: Fetching region for obj_id=31000000000
[INFO] PDC_SERVER[31]: Checking against Object 10000000000
[INFO] PDC_SERVER[31]: Checking against Object 11000000000
[INFO] PDC_SERVER[31]: Checking against Object 12000000000
[INFO] PDC_SERVER[31]: Object 31000000000 NOT found in cache
[INFO] PDC_SERVER[31]: Fetching region from server for obj_id=31000000000
[INFO] PDC_SERVER[26]: Fetching region for obj_id=31000000000
[INFO] PDC_SERVER[26]: Checking against Object 10000000000
[INFO] PDC_SERVER[26]: Checking against Object 11000000000
[INFO] PDC_SERVER[26]: Checking against Object 12000000000
[INFO] PDC_SERVER[26]: Object 31000000000 NOT found in cache
[INFO] PDC_SERVER[26]: Fetching region from server for obj_id=31000000000
[13:55:42.740747] [WARNING] [pdc_tf_server.c:475] PDC_SERVER[15]: SCHED: done running transformations
[13:55:42.741623] [WARNING] [pdc_tf_server.c:393] PDC_SERVER[24]: SCHED: setting CUDA device to 0 for edge 0 func=zfp_decompress
[13:55:42.741662] [WARNING] [pdc_tf_server.c:401] PDC_SERVER[24]: SCHED: executing edge 0 func=zfp_decompress dev=GPU
[13:55:42.741623] [WARNING] [pdc_tf_server.c:393] PDC_SERVER[29]: SCHED: setting CUDA device to 0 for edge 0 func=zfp_decompress
[13:55:42.741662] [WARNING] [pdc_tf_server.c:401] PDC_SERVER[29]: SCHED: executing edge 0 func=zfp_decompress dev=GPU
[INFO] PDC_SERVER[12]: Fetching region for obj_id=31000000000
[INFO] PDC_SERVER[12]: Checking against Object 10000000000
[INFO] PDC_SERVER[12]: Checking against Object 11000000000
[INFO] PDC_SERVER[12]: Checking against Object 12000000000
[INFO] PDC_SERVER[12]: Object 31000000000 NOT found in cache
[INFO] PDC_SERVER[12]: Fetching region from server for obj_id=31000000000
[INFO] PDC_SERVER[27]: Fetching region for obj_id=31000000000
[INFO] PDC_SERVER[27]: Checking against Object 10000000000
[INFO] PDC_SERVER[27]: Checking against Object 11000000000
[INFO] PDC_SERVER[27]: Checking against Object 12000000000
[INFO] PDC_SERVER[27]: Object 31000000000 NOT found in cache
[INFO] PDC_SERVER[27]: Fetching region from server for obj_id=31000000000
[INFO] PDC_SERVER[9]: Fetching region for obj_id=31000000000
[INFO] PDC_SERVER[9]: Checking against Object 10000000000
[INFO] PDC_SERVER[9]: Checking against Object 11000000000
[INFO] PDC_SERVER[9]: Checking against Object 12000000000
[INFO] PDC_SERVER[9]: Object 31000000000 NOT found in cache
[INFO] PDC_SERVER[9]: Fetching region from server for obj_id=31000000000
[INFO] PDC_SERVER[28]: Fetching region for obj_id=31000000000
[INFO] PDC_SERVER[28]: Checking against Object 10000000000
[INFO] PDC_SERVER[28]: Checking against Object 11000000000
[INFO] PDC_SERVER[28]: Checking against Object 12000000000
[INFO] PDC_SERVER[28]: Object 31000000000 NOT found in cache
[INFO] PDC_SERVER[28]: Fetching region from server for obj_id=31000000000
[13:55:42.744243] [WARNING] [pdc_tf_server.c:393] PDC_SERVER[30]: SCHED: setting CUDA device to 0 for edge 0 func=zfp_decompress
[13:55:42.744273] [WARNING] [pdc_tf_server.c:401] PDC_SERVER[30]: SCHED: executing edge 0 func=zfp_decompress dev=GPU
[13:55:42.744840] [WARNING] [pdc_tf_server.c:475] PDC_SERVER[20]: SCHED: done running transformations
[13:55:42.745623] [WARNING] [pdc_tf_server.c:475] PDC_SERVER[19]: SCHED: done running transformations
[INFO] PDC_SERVER[0]: Executing graph with json filepath /pscratch/sd/n/nlewi26/src/work_space/source/pdc/tf_client/graphs/zfp_gpu.json
[13:55:42.745545] [WARNING] [pdc_tf_server.c:393] PDC_SERVER[0]: SCHED: setting CUDA device to 0 for edge 0 func=zfp_decompress
[13:55:42.745563] [WARNING] [pdc_tf_server.c:401] PDC_SERVER[0]: SCHED: executing edge 0 func=zfp_decompress dev=GPU
[INFO] PDC_SERVER[11]: Fetching region for obj_id=31000000000
[INFO] PDC_SERVER[11]: Checking against Object 10000000000
[INFO] PDC_SERVER[11]: Checking against Object 11000000000
[INFO] PDC_SERVER[11]: Checking against Object 12000000000
[INFO] PDC_SERVER[11]: Object 31000000000 NOT found in cache
[INFO] PDC_SERVER[11]: Fetching region from server for obj_id=31000000000
[INFO] PDC_SERVER[15]: Fetching region for obj_id=31000000000
[INFO] PDC_SERVER[15]: Checking against Object 10000000000
[INFO] PDC_SERVER[15]: Checking against Object 11000000000
[INFO] PDC_SERVER[15]: Checking against Object 12000000000
[INFO] PDC_SERVER[15]: Object 31000000000 NOT found in cache
[INFO] PDC_SERVER[15]: Fetching region from server for obj_id=31000000000
[13:55:42.748287] [WARNING] [pdc_tf_server.c:475] PDC_SERVER[6]: SCHED: done running transformations
[13:55:42.749818] [WARNING] [pdc_tf_server.c:475] PDC_SERVER[25]: SCHED: done running transformations
[13:55:42.749872] [WARNING] [pdc_tf_server.c:475] PDC_SERVER[16]: SCHED: done running transformations
[INFO] PDC_SERVER[19]: Fetching region for obj_id=31000000000
[INFO] PDC_SERVER[19]: Checking against Object 10000000000
[INFO] PDC_SERVER[19]: Checking against Object 11000000000
[INFO] PDC_SERVER[19]: Checking against Object 12000000000
[INFO] PDC_SERVER[19]: Object 31000000000 NOT found in cache
[INFO] PDC_SERVER[19]: Fetching region from server for obj_id=31000000000
[13:55:42.750451] [WARNING] [pdc_tf_server.c:475] PDC_SERVER[23]: SCHED: done running transformations
[13:55:42.750909] [WARNING] [pdc_tf_server.c:393] PDC_SERVER[13]: SCHED: setting CUDA device to 0 for edge 0 func=zfp_decompress
[13:55:42.750938] [WARNING] [pdc_tf_server.c:401] PDC_SERVER[13]: SCHED: executing edge 0 func=zfp_decompress dev=GPU
[INFO] PDC_SERVER[20]: Fetching region for obj_id=31000000000
[INFO] PDC_SERVER[20]: Checking against Object 10000000000
[INFO] PDC_SERVER[20]: Checking against Object 11000000000
[INFO] PDC_SERVER[20]: Checking against Object 12000000000
[INFO] PDC_SERVER[20]: Object 31000000000 NOT found in cache
[INFO] PDC_SERVER[20]: Fetching region from server for obj_id=31000000000
[13:55:42.751269] [WARNING] [pdc_tf_server.c:393] PDC_SERVER[1]: SCHED: setting CUDA device to 0 for edge 0 func=zfp_decompress
[13:55:42.751287] [WARNING] [pdc_tf_server.c:401] PDC_SERVER[1]: SCHED: executing edge 0 func=zfp_decompress dev=GPU
[13:55:42.751460] [WARNING] [pdc_tf_server.c:393] PDC_SERVER[22]: SCHED: setting CUDA device to 0 for edge 0 func=zfp_decompress
[13:55:42.751486] [WARNING] [pdc_tf_server.c:401] PDC_SERVER[22]: SCHED: executing edge 0 func=zfp_decompress dev=GPU
[13:55:42.751758] [WARNING] [pdc_tf_server.c:393] PDC_SERVER[8]: SCHED: setting CUDA device to 0 for edge 0 func=zfp_decompress
[13:55:42.751783] [WARNING] [pdc_tf_server.c:401] PDC_SERVER[8]: SCHED: executing edge 0 func=zfp_decompress dev=GPU
[13:55:42.752181] [WARNING] [pdc_tf_server.c:393] PDC_SERVER[14]: SCHED: setting CUDA device to 0 for edge 0 func=zfp_decompress
[13:55:42.752199] [WARNING] [pdc_tf_server.c:401] PDC_SERVER[14]: SCHED: executing edge 0 func=zfp_decompress dev=GPU
[13:55:42.752579] [WARNING] [pdc_tf_server.c:393] PDC_SERVER[21]: SCHED: setting CUDA device to 0 for edge 0 func=zfp_decompress
[13:55:42.752611] [WARNING] [pdc_tf_server.c:401] PDC_SERVER[21]: SCHED: executing edge 0 func=zfp_decompress dev=GPU
[13:55:42.753135] [WARNING] [pdc_tf_server.c:393] PDC_SERVER[18]: SCHED: setting CUDA device to 0 for edge 0 func=zfp_decompress
[13:55:42.753151] [WARNING] [pdc_tf_server.c:401] PDC_SERVER[18]: SCHED: executing edge 0 func=zfp_decompress dev=GPU
[13:55:42.754243] [WARNING] [pdc_tf_server.c:475] PDC_SERVER[10]: SCHED: done running transformations
[13:55:42.754418] [WARNING] [pdc_tf_server.c:475] PDC_SERVER[29]: SCHED: done running transformations
[13:55:42.754957] [WARNING] [pdc_tf_server.c:393] PDC_SERVER[5]: SCHED: setting CUDA device to 0 for edge 0 func=zfp_decompress
[13:55:42.754993] [WARNING] [pdc_tf_server.c:401] PDC_SERVER[5]: SCHED: executing edge 0 func=zfp_decompress dev=GPU
[13:55:42.755423] [WARNING] [pdc_tf_server.c:475] PDC_SERVER[24]: SCHED: done running transformations
[INFO] PDC_SERVER[23]: Fetching region for obj_id=31000000000
[INFO] PDC_SERVER[23]: Checking against Object 10000000000
[INFO] PDC_SERVER[23]: Checking against Object 11000000000
[INFO] PDC_SERVER[23]: Checking against Object 12000000000
[INFO] PDC_SERVER[23]: Object 31000000000 NOT found in cache
[INFO] PDC_SERVER[23]: Fetching region from server for obj_id=31000000000
[13:55:42.756754] [WARNING] [pdc_tf_server.c:475] PDC_SERVER[0]: SCHED: done running transformations
[13:55:42.757027] [WARNING] [pdc_tf_server.c:393] PDC_SERVER[7]: SCHED: setting CUDA device to 0 for edge 0 func=zfp_decompress
[13:55:42.757060] [WARNING] [pdc_tf_server.c:401] PDC_SERVER[7]: SCHED: executing edge 0 func=zfp_decompress dev=GPU
[13:55:42.757915] [WARNING] [pdc_tf_server.c:393] PDC_SERVER[31]: SCHED: setting CUDA device to 0 for edge 0 func=zfp_decompress
[13:55:42.757945] [WARNING] [pdc_tf_server.c:401] PDC_SERVER[31]: SCHED: executing edge 0 func=zfp_decompress dev=GPU
[13:55:42.758284] [WARNING] [pdc_tf_server.c:393] PDC_SERVER[2]: SCHED: setting CUDA device to 0 for edge 0 func=zfp_decompress
[13:55:42.758302] [WARNING] [pdc_tf_server.c:401] PDC_SERVER[2]: SCHED: executing edge 0 func=zfp_decompress dev=GPU
[13:55:42.759123] [WARNING] [pdc_tf_server.c:393] PDC_SERVER[12]: SCHED: setting CUDA device to 0 for edge 0 func=zfp_decompress
[13:55:42.759147] [WARNING] [pdc_tf_server.c:401] PDC_SERVER[12]: SCHED: executing edge 0 func=zfp_decompress dev=GPU
[13:55:42.759263] [WARNING] [pdc_tf_server.c:393] PDC_SERVER[17]: SCHED: setting CUDA device to 0 for edge 0 func=zfp_decompress
[13:55:42.759288] [WARNING] [pdc_tf_server.c:401] PDC_SERVER[17]: SCHED: executing edge 0 func=zfp_decompress dev=GPU
[INFO] PDC_SERVER[16]: Fetching region for obj_id=31000000000
[INFO] PDC_SERVER[16]: Checking against Object 10000000000
[INFO] PDC_SERVER[16]: Checking against Object 11000000000
[INFO] PDC_SERVER[16]: Checking against Object 12000000000
[INFO] PDC_SERVER[16]: Object 31000000000 NOT found in cache
[INFO] PDC_SERVER[16]: Fetching region from server for obj_id=31000000000
[13:55:42.760084] [WARNING] [pdc_tf_server.c:393] PDC_SERVER[9]: SCHED: setting CUDA device to 0 for edge 0 func=zfp_decompress
[13:55:42.760097] [WARNING] [pdc_tf_server.c:401] PDC_SERVER[9]: SCHED: executing edge 0 func=zfp_decompress dev=GPU
[INFO] PDC_SERVER[10]: Fetching region for obj_id=31000000000
[INFO] PDC_SERVER[10]: Checking against Object 10000000000
[INFO] PDC_SERVER[10]: Checking against Object 11000000000
[INFO] PDC_SERVER[10]: Checking against Object 12000000000
[INFO] PDC_SERVER[10]: Object 31000000000 NOT found in cache
[INFO] PDC_SERVER[10]: Fetching region from server for obj_id=31000000000
[13:55:42.760964] [WARNING] [pdc_tf_server.c:475] PDC_SERVER[30]: SCHED: done running transformations
[13:55:42.761275] [WARNING] [pdc_tf_server.c:393] PDC_SERVER[27]: SCHED: setting CUDA device to 0 for edge 0 func=zfp_decompress
[13:55:42.761305] [WARNING] [pdc_tf_server.c:401] PDC_SERVER[27]: SCHED: executing edge 0 func=zfp_decompress dev=GPU
[13:55:42.761613] [WARNING] [pdc_tf_server.c:393] PDC_SERVER[3]: SCHED: setting CUDA device to 0 for edge 0 func=zfp_decompress
[13:55:42.761630] [WARNING] [pdc_tf_server.c:401] PDC_SERVER[3]: SCHED: executing edge 0 func=zfp_decompress dev=GPU
[13:55:42.762944] [WARNING] [pdc_tf_server.c:475] PDC_SERVER[22]: SCHED: done running transformations
[13:55:42.764560] [WARNING] [pdc_tf_server.c:393] PDC_SERVER[28]: SCHED: setting CUDA device to 0 for edge 0 func=zfp_decompress
[13:55:42.764580] [WARNING] [pdc_tf_server.c:401] PDC_SERVER[28]: SCHED: executing edge 0 func=zfp_decompress dev=GPU
[13:55:42.764769] [WARNING] [pdc_tf_server.c:393] PDC_SERVER[15]: SCHED: setting CUDA device to 0 for edge 0 func=zfp_decompress
[13:55:42.764797] [WARNING] [pdc_tf_server.c:401] PDC_SERVER[15]: SCHED: executing edge 0 func=zfp_decompress dev=GPU
[INFO] PDC_SERVER[22]: Fetching region for obj_id=31000000000
[INFO] PDC_SERVER[22]: Checking against Object 10000000000
[INFO] PDC_SERVER[22]: Checking against Object 11000000000
[INFO] PDC_SERVER[22]: Checking against Object 12000000000
[INFO] PDC_SERVER[22]: Object 31000000000 NOT found in cache
[INFO] PDC_SERVER[22]: Fetching region from server for obj_id=31000000000
[13:55:42.768399] [WARNING] [pdc_tf_server.c:393] PDC_SERVER[26]: SCHED: setting CUDA device to 0 for edge 0 func=zfp_decompress
[13:55:42.768460] [WARNING] [pdc_tf_server.c:401] PDC_SERVER[26]: SCHED: executing edge 0 func=zfp_decompress dev=GPU
[13:55:42.769578] [WARNING] [pdc_tf_server.c:393] PDC_SERVER[11]: SCHED: setting CUDA device to 0 for edge 0 func=zfp_decompress
[13:55:42.769595] [WARNING] [pdc_tf_server.c:401] PDC_SERVER[11]: SCHED: executing edge 0 func=zfp_decompress dev=GPU
[13:55:42.770645] [WARNING] [pdc_tf_server.c:475] PDC_SERVER[1]: SCHED: done running transformations
[13:55:42.771595] [WARNING] [pdc_tf_server.c:393] PDC_SERVER[20]: SCHED: setting CUDA device to 0 for edge 0 func=zfp_decompress
[13:55:42.771628] [WARNING] [pdc_tf_server.c:401] PDC_SERVER[20]: SCHED: executing edge 0 func=zfp_decompress dev=GPU
[13:55:42.773017] [WARNING] [pdc_tf_server.c:393] PDC_SERVER[23]: SCHED: setting CUDA device to 0 for edge 0 func=zfp_decompress
[13:55:42.773047] [WARNING] [pdc_tf_server.c:401] PDC_SERVER[23]: SCHED: executing edge 0 func=zfp_decompress dev=GPU
[13:55:42.774560] [WARNING] [pdc_tf_server.c:475] PDC_SERVER[31]: SCHED: done running transformations
[13:55:42.774717] [WARNING] [pdc_tf_server.c:475] PDC_SERVER[12]: SCHED: done running transformations
[13:55:42.774885] [WARNING] [pdc_tf_server.c:475] PDC_SERVER[18]: SCHED: done running transformations
[13:55:42.775154] [WARNING] [pdc_tf_server.c:475] PDC_SERVER[21]: SCHED: done running transformations
[13:55:42.775163] [WARNING] [pdc_tf_server.c:475] PDC_SERVER[9]: SCHED: done running transformations
[13:55:42.775791] [WARNING] [pdc_tf_server.c:475] PDC_SERVER[13]: SCHED: done running transformations
[13:55:42.776834] [WARNING] [pdc_tf_server.c:393] PDC_SERVER[19]: SCHED: setting CUDA device to 0 for edge 0 func=zfp_decompress
[13:55:42.776854] [WARNING] [pdc_tf_server.c:401] PDC_SERVER[19]: SCHED: executing edge 0 func=zfp_decompress dev=GPU
[13:55:42.776888] [WARNING] [pdc_tf_server.c:475] PDC_SERVER[14]: SCHED: done running transformations
[13:55:42.777347] [WARNING] [pdc_tf_server.c:475] PDC_SERVER[7]: SCHED: done running transformations
[13:55:42.777461] [WARNING] [pdc_tf_server.c:475] PDC_SERVER[8]: SCHED: done running transformations
[13:55:42.778474] [WARNING] [pdc_tf_server.c:475] PDC_SERVER[15]: SCHED: done running transformations
[13:55:42.779563] [WARNING] [pdc_tf_server.c:475] PDC_SERVER[17]: SCHED: done running transformations
[13:55:42.783232] [WARNING] [pdc_tf_server.c:475] PDC_SERVER[26]: SCHED: done running transformations
[13:55:42.783323] [WARNING] [pdc_tf_server.c:393] PDC_SERVER[16]: SCHED: setting CUDA device to 0 for edge 0 func=zfp_decompress
[13:55:42.783344] [WARNING] [pdc_tf_server.c:401] PDC_SERVER[16]: SCHED: executing edge 0 func=zfp_decompress dev=GPU
[13:55:42.783674] [WARNING] [pdc_tf_server.c:393] PDC_SERVER[10]: SCHED: setting CUDA device to 0 for edge 0 func=zfp_decompress
[13:55:42.783702] [WARNING] [pdc_tf_server.c:401] PDC_SERVER[10]: SCHED: executing edge 0 func=zfp_decompress dev=GPU
[INFO] PDC_SERVER[18]: Fetching region for obj_id=31000000000
[INFO] PDC_SERVER[18]: Checking against Object 10000000000
[INFO] PDC_SERVER[18]: Checking against Object 11000000000
[INFO] PDC_SERVER[18]: Checking against Object 12000000000
[INFO] PDC_SERVER[18]: Object 31000000000 NOT found in cache
[INFO] PDC_SERVER[18]: Fetching region from server for obj_id=31000000000
[INFO] PDC_SERVER[21]: Fetching region for obj_id=31000000000
[INFO] PDC_SERVER[21]: Checking against Object 10000000000
[INFO] PDC_SERVER[21]: Checking against Object 11000000000
[INFO] PDC_SERVER[21]: Checking against Object 12000000000
[INFO] PDC_SERVER[21]: Object 31000000000 NOT found in cache
[INFO] PDC_SERVER[21]: Fetching region from server for obj_id=31000000000
[13:55:42.787514] [WARNING] [pdc_tf_server.c:475] PDC_SERVER[11]: SCHED: done running transformations
[13:55:42.789356] [WARNING] [pdc_tf_server.c:393] PDC_SERVER[22]: SCHED: setting CUDA device to 0 for edge 0 func=zfp_decompress
[13:55:42.789393] [WARNING] [pdc_tf_server.c:401] PDC_SERVER[22]: SCHED: executing edge 0 func=zfp_decompress dev=GPU
[13:55:42.790307] [WARNING] [pdc_tf_server.c:475] PDC_SERVER[5]: SCHED: done running transformations
[13:55:42.790443] [WARNING] [pdc_tf_server.c:475] PDC_SERVER[2]: SCHED: done running transformations
[13:55:42.791120] [WARNING] [pdc_tf_server.c:475] PDC_SERVER[20]: SCHED: done running transformations
[13:55:42.791340] [WARNING] [pdc_tf_server.c:475] PDC_SERVER[19]: SCHED: done running transformations
[INFO] PDC_SERVER[17]: Fetching region for obj_id=31000000000
[INFO] PDC_SERVER[17]: Checking against Object 10000000000
[INFO] PDC_SERVER[17]: Checking against Object 11000000000
[INFO] PDC_SERVER[17]: Checking against Object 12000000000
[INFO] PDC_SERVER[17]: Object 31000000000 NOT found in cache
[INFO] PDC_SERVER[17]: Fetching region from server for obj_id=31000000000
[13:55:42.791941] [WARNING] [pdc_tf_server.c:475] PDC_SERVER[23]: SCHED: done running transformations
[13:55:42.793338] [WARNING] [pdc_tf_server.c:475] PDC_SERVER[3]: SCHED: done running transformations
[INFO] PDC_SERVER[13]: Fetching region for obj_id=31000000000
[INFO] PDC_SERVER[13]: Checking against Object 10000000000
[INFO] PDC_SERVER[13]: Checking against Object 11000000000
[INFO] PDC_SERVER[13]: Checking against Object 12000000000
[INFO] PDC_SERVER[13]: Object 31000000000 NOT found in cache
[INFO] PDC_SERVER[13]: Fetching region from server for obj_id=31000000000
[13:55:42.794690] [WARNING] [pdc_tf_server.c:475] PDC_SERVER[27]: SCHED: done running transformations
[INFO] PDC_SERVER[14]: Fetching region for obj_id=31000000000
[INFO] PDC_SERVER[14]: Checking against Object 10000000000
[INFO] PDC_SERVER[14]: Checking against Object 11000000000
[INFO] PDC_SERVER[14]: Checking against Object 12000000000
[INFO] PDC_SERVER[14]: Object 31000000000 NOT found in cache
[INFO] PDC_SERVER[14]: Fetching region from server for obj_id=31000000000
[INFO] PDC_SERVER[8]: Fetching region for obj_id=31000000000
[INFO] PDC_SERVER[8]: Checking against Object 10000000000
[INFO] PDC_SERVER[8]: Checking against Object 11000000000
[INFO] PDC_SERVER[8]: Checking against Object 12000000000
[INFO] PDC_SERVER[8]: Object 31000000000 NOT found in cache
[INFO] PDC_SERVER[8]: Fetching region from server for obj_id=31000000000
[13:55:42.801047] [WARNING] [pdc_tf_server.c:475] PDC_SERVER[28]: SCHED: done running transformations
[13:55:42.801205] [WARNING] [pdc_tf_server.c:475] PDC_SERVER[16]: SCHED: done running transformations
[13:55:42.804073] [WARNING] [pdc_tf_server.c:475] PDC_SERVER[10]: SCHED: done running transformations
[13:55:42.808894] [WARNING] [pdc_tf_server.c:475] PDC_SERVER[22]: SCHED: done running transformations
[13:55:42.810050] [WARNING] [pdc_tf_server.c:393] PDC_SERVER[18]: SCHED: setting CUDA device to 0 for edge 0 func=zfp_decompress
[13:55:42.810100] [WARNING] [pdc_tf_server.c:401] PDC_SERVER[18]: SCHED: executing edge 0 func=zfp_decompress dev=GPU
[13:55:42.810050] [WARNING] [pdc_tf_server.c:393] PDC_SERVER[21]: SCHED: setting CUDA device to 0 for edge 0 func=zfp_decompress
[13:55:42.810097] [WARNING] [pdc_tf_server.c:401] PDC_SERVER[21]: SCHED: executing edge 0 func=zfp_decompress dev=GPU
[13:55:42.820105] [WARNING] [pdc_tf_server.c:393] PDC_SERVER[17]: SCHED: setting CUDA device to 0 for edge 0 func=zfp_decompress
[13:55:42.820247] [WARNING] [pdc_tf_server.c:401] PDC_SERVER[17]: SCHED: executing edge 0 func=zfp_decompress dev=GPU
[13:55:42.832031] [WARNING] [pdc_tf_server.c:393] PDC_SERVER[14]: SCHED: setting CUDA device to 0 for edge 0 func=zfp_decompress
[13:55:42.832075] [WARNING] [pdc_tf_server.c:401] PDC_SERVER[14]: SCHED: executing edge 0 func=zfp_decompress dev=GPU
[13:55:42.832124] [WARNING] [pdc_tf_server.c:393] PDC_SERVER[13]: SCHED: setting CUDA device to 0 for edge 0 func=zfp_decompress
[13:55:42.832153] [WARNING] [pdc_tf_server.c:401] PDC_SERVER[13]: SCHED: executing edge 0 func=zfp_decompress dev=GPU
[13:55:42.832959] [WARNING] [pdc_tf_server.c:393] PDC_SERVER[8]: SCHED: setting CUDA device to 0 for edge 0 func=zfp_decompress
[13:55:42.832985] [WARNING] [pdc_tf_server.c:401] PDC_SERVER[8]: SCHED: executing edge 0 func=zfp_decompress dev=GPU
[13:55:42.848398] [WARNING] [pdc_tf_server.c:475] PDC_SERVER[21]: SCHED: done running transformations
[13:55:42.848608] [WARNING] [pdc_tf_server.c:475] PDC_SERVER[18]: SCHED: done running transformations
[13:55:42.863621] [WARNING] [pdc_tf_server.c:475] PDC_SERVER[17]: SCHED: done running transformations
[13:55:42.878113] [WARNING] [pdc_tf_server.c:475] PDC_SERVER[13]: SCHED: done running transformations
[13:55:42.881106] [WARNING] [pdc_tf_server.c:475] PDC_SERVER[8]: SCHED: done running transformations
[13:55:42.881163] [WARNING] [pdc_tf_server.c:475] PDC_SERVER[14]: SCHED: done running transformations
[INFO] PDC_SERVER[0]: Starting flush for obj_id 11000000001, ndim=3
[13:55:43.047801] [WARNING] [pdc_server_region_cache.c:823] PDC_SERVER[0]: Region mapping lookup took 0.000000 s
[13:55:43.047814] [WARNING] [pdc_server_region_cache.c:828] PDC_SERVER[0]: No region mapping found for obj_id 11000000001
[13:55:43.067077] [WARNING] [pdc_server_region_cache.c:834] PDC_SERVER[0]: Flushed region via POSIX I/O in 0.019253 s
[13:55:43.067089] [WARNING] [pdc_server_region_cache.c:850] PDC_SERVER[0]: [2026-10-07 13:55:43.067085] Flushed 16.00 / 16.00 MB to storage
[INFO] PDC_SERVER[0]: Region flush iteration took 0.019295 s
[INFO] PDC_SERVER[0]: Starting flush for obj_id 11000000001, ndim=3
[13:55:43.076643] [WARNING] [pdc_server_region_cache.c:823] PDC_SERVER[0]: Region mapping lookup took 0.000000 s
[13:55:43.076652] [WARNING] [pdc_server_region_cache.c:828] PDC_SERVER[0]: No region mapping found for obj_id 11000000001
[13:55:43.098262] [WARNING] [pdc_server_region_cache.c:834] PDC_SERVER[0]: Flushed region via POSIX I/O in 0.021605 s
[13:55:43.098274] [WARNING] [pdc_server_region_cache.c:850] PDC_SERVER[0]: [2026-10-07 13:55:43.098271] Flushed 16.00 / 16.00 MB to storage
[INFO] PDC_SERVER[0]: Region flush iteration took 0.021639 s
[INFO] PDC_SERVER[0]: Starting flush for obj_id 11000000001, ndim=3
[13:55:43.099746] [WARNING] [pdc_server_region_cache.c:823] PDC_SERVER[0]: Region mapping lookup took 0.000000 s
[13:55:43.099752] [WARNING] [pdc_server_region_cache.c:828] PDC_SERVER[0]: No region mapping found for obj_id 11000000001
[13:55:43.121969] [WARNING] [pdc_server_region_cache.c:834] PDC_SERVER[0]: Flushed region via POSIX I/O in 0.022203 s
[13:55:43.121992] [WARNING] [pdc_server_region_cache.c:850] PDC_SERVER[0]: [2026-10-07 13:55:43.121988] Flushed 16.00 / 16.00 MB to storage
[INFO] PDC_SERVER[0]: Region flush iteration took 0.022255 s
[INFO] PDC_SERVER[0]: Starting flush for obj_id 11000000001, ndim=3
[13:55:43.128302] [WARNING] [pdc_server_region_cache.c:823] PDC_SERVER[0]: Region mapping lookup took 0.000000 s
[13:55:43.128310] [WARNING] [pdc_server_region_cache.c:828] PDC_SERVER[0]: No region mapping found for obj_id 11000000001
[13:55:43.151221] [WARNING] [pdc_server_region_cache.c:834] PDC_SERVER[0]: Flushed region via POSIX I/O in 0.022904 s
[13:55:43.151253] [WARNING] [pdc_server_region_cache.c:850] PDC_SERVER[0]: [2026-10-07 13:55:43.151251] Flushed 16.00 / 16.00 MB to storage
[INFO] PDC_SERVER[0]: Region flush iteration took 0.022960 s
[INFO] PDC_SERVER[0]: Starting flush for obj_id 12000000001, ndim=3
[13:55:43.160813] [WARNING] [pdc_server_region_cache.c:823] PDC_SERVER[0]: Region mapping lookup took 0.000002 s
[13:55:43.160838] [WARNING] [pdc_server_region_cache.c:828] PDC_SERVER[0]: No region mapping found for obj_id 12000000001
[13:55:43.183078] [WARNING] [pdc_server_region_cache.c:834] PDC_SERVER[0]: Flushed region via POSIX I/O in 0.022226 s
[13:55:43.183091] [WARNING] [pdc_server_region_cache.c:850] PDC_SERVER[0]: [2026-10-07 13:55:43.183088] Flushed 16.00 / 16.00 MB to storage
[INFO] PDC_SERVER[0]: Region flush iteration took 0.022292 s
[INFO] PDC_SERVER[0]: Starting flush for obj_id 12000000001, ndim=3
[13:55:43.185797] [WARNING] [pdc_server_region_cache.c:823] PDC_SERVER[0]: Region mapping lookup took 0.000000 s
[13:55:43.185802] [WARNING] [pdc_server_region_cache.c:828] PDC_SERVER[0]: No region mapping found for obj_id 12000000001
[13:55:43.205532] [WARNING] [pdc_server_region_cache.c:834] PDC_SERVER[0]: Flushed region via POSIX I/O in 0.019721 s
[13:55:43.205541] [WARNING] [pdc_server_region_cache.c:850] PDC_SERVER[0]: [2026-10-07 13:55:43.205538] Flushed 16.00 / 16.00 MB to storage
[INFO] PDC_SERVER[0]: Region flush iteration took 0.019751 s
[INFO] PDC_SERVER[0]: Starting flush for obj_id 12000000001, ndim=3
[13:55:43.211453] [WARNING] [pdc_server_region_cache.c:823] PDC_SERVER[0]: Region mapping lookup took 0.000000 s
[13:55:43.211459] [WARNING] [pdc_server_region_cache.c:828] PDC_SERVER[0]: No region mapping found for obj_id 12000000001
[13:55:43.229551] [WARNING] [pdc_server_region_cache.c:834] PDC_SERVER[0]: Flushed region via POSIX I/O in 0.018087 s
[13:55:43.229572] [WARNING] [pdc_server_region_cache.c:850] PDC_SERVER[0]: [2026-10-07 13:55:43.229569] Flushed 16.00 / 16.00 MB to storage
[INFO] PDC_SERVER[0]: Region flush iteration took 0.018125 s
[INFO] PDC_SERVER[0]: Starting flush for obj_id 12000000001, ndim=3
[13:55:43.232941] [WARNING] [pdc_server_region_cache.c:823] PDC_SERVER[0]: Region mapping lookup took 0.000000 s
[13:55:43.232946] [WARNING] [pdc_server_region_cache.c:828] PDC_SERVER[0]: No region mapping found for obj_id 12000000001
[13:55:43.251952] [WARNING] [pdc_server_region_cache.c:834] PDC_SERVER[0]: Flushed region via POSIX I/O in 0.019001 s
[13:55:43.251969] [WARNING] [pdc_server_region_cache.c:850] PDC_SERVER[0]: [2026-10-07 13:55:43.251967] Flushed 16.00 / 16.00 MB to storage
[INFO] PDC_SERVER[0]: Region flush iteration took 0.019035 s
[INFO] PDC_SERVER[0]: Starting flush for obj_id 13000000000, ndim=3
[13:55:43.256037] [WARNING] [pdc_server_region_cache.c:823] PDC_SERVER[0]: Region mapping lookup took 0.000002 s
[13:55:43.256044] [WARNING] [pdc_server_region_cache.c:828] PDC_SERVER[0]: No region mapping found for obj_id 13000000000
[13:55:43.521802] [WARNING] [pdc_tf_server.c:393] PDC_SERVER[19]: SCHED: setting CUDA device to 0 for edge 0 func=zfp_compress
[13:55:43.521835] [WARNING] [pdc_tf_server.c:401] PDC_SERVER[19]: SCHED: executing edge 0 func=zfp_compress dev=GPU
[13:55:43.538350] [WARNING] [pdc_tf_server.c:393] PDC_SERVER[24]: SCHED: setting CUDA device to 0 for edge 0 func=zfp_compress
[13:55:43.538383] [WARNING] [pdc_tf_server.c:401] PDC_SERVER[24]: SCHED: executing edge 0 func=zfp_compress dev=GPU
[13:55:43.541163] [WARNING] [pdc_tf_server.c:393] PDC_SERVER[10]: SCHED: setting CUDA device to 0 for edge 0 func=zfp_compress
[13:55:43.541194] [WARNING] [pdc_tf_server.c:401] PDC_SERVER[10]: SCHED: executing edge 0 func=zfp_compress dev=GPU
[13:55:43.542688] [WARNING] [pdc_tf_server.c:475] PDC_SERVER[19]: SCHED: done running transformations
[13:55:43.548656] [WARNING] [pdc_tf_server.c:393] PDC_SERVER[9]: SCHED: setting CUDA device to 0 for edge 0 func=zfp_compress
[13:55:43.548706] [WARNING] [pdc_tf_server.c:401] PDC_SERVER[9]: SCHED: executing edge 0 func=zfp_compress dev=GPU
[13:55:43.549496] [WARNING] [pdc_tf_server.c:475] PDC_SERVER[24]: SCHED: done running transformations
[13:55:43.555125] [WARNING] [pdc_tf_server.c:393] PDC_SERVER[15]: SCHED: setting CUDA device to 0 for edge 0 func=zfp_compress
[13:55:43.555159] [WARNING] [pdc_tf_server.c:401] PDC_SERVER[15]: SCHED: executing edge 0 func=zfp_compress dev=GPU
[13:55:43.556457] [WARNING] [pdc_tf_server.c:475] PDC_SERVER[10]: SCHED: done running transformations
[13:55:43.562145] [WARNING] [pdc_tf_server.c:475] PDC_SERVER[9]: SCHED: done running transformations
[13:55:43.565477] [WARNING] [pdc_tf_server.c:475] PDC_SERVER[15]: SCHED: done running transformations
[13:55:43.577528] [WARNING] [pdc_tf_server.c:393] PDC_SERVER[28]: SCHED: setting CUDA device to 0 for edge 0 func=zfp_compress
[13:55:43.577593] [WARNING] [pdc_tf_server.c:401] PDC_SERVER[28]: SCHED: executing edge 0 func=zfp_compress dev=GPU
[13:55:43.579338] [WARNING] [pdc_tf_server.c:393] PDC_SERVER[1]: SCHED: setting CUDA device to 0 for edge 0 func=zfp_compress
[13:55:43.579398] [WARNING] [pdc_tf_server.c:401] PDC_SERVER[1]: SCHED: executing edge 0 func=zfp_compress dev=GPU
[13:55:43.580053] [WARNING] [pdc_tf_server.c:393] PDC_SERVER[21]: SCHED: setting CUDA device to 0 for edge 0 func=zfp_compress
[13:55:43.580121] [WARNING] [pdc_tf_server.c:393] PDC_SERVER[18]: SCHED: setting CUDA device to 0 for edge 0 func=zfp_compress
[13:55:43.580124] [WARNING] [pdc_tf_server.c:401] PDC_SERVER[21]: SCHED: executing edge 0 func=zfp_compress dev=GPU
[13:55:43.580153] [WARNING] [pdc_tf_server.c:401] PDC_SERVER[18]: SCHED: executing edge 0 func=zfp_compress dev=GPU
[13:55:43.580756] [WARNING] [pdc_tf_server.c:393] PDC_SERVER[23]: SCHED: setting CUDA device to 0 for edge 0 func=zfp_compress
[13:55:43.580790] [WARNING] [pdc_tf_server.c:401] PDC_SERVER[23]: SCHED: executing edge 0 func=zfp_compress dev=GPU
[13:55:43.582114] [WARNING] [pdc_tf_server.c:393] PDC_SERVER[16]: SCHED: setting CUDA device to 0 for edge 0 func=zfp_compress
[13:55:43.582175] [WARNING] [pdc_tf_server.c:401] PDC_SERVER[16]: SCHED: executing edge 0 func=zfp_compress dev=GPU
[13:55:43.582748] [WARNING] [pdc_tf_server.c:393] PDC_SERVER[27]: SCHED: setting CUDA device to 0 for edge 0 func=zfp_compress
[13:55:43.582797] [WARNING] [pdc_tf_server.c:401] PDC_SERVER[27]: SCHED: executing edge 0 func=zfp_compress dev=GPU
[13:55:43.586945] [WARNING] [pdc_tf_server.c:393] PDC_SERVER[12]: SCHED: setting CUDA device to 0 for edge 0 func=zfp_compress
[13:55:43.587004] [WARNING] [pdc_tf_server.c:401] PDC_SERVER[12]: SCHED: executing edge 0 func=zfp_compress dev=GPU
[13:55:43.587342] [WARNING] [pdc_tf_server.c:393] PDC_SERVER[17]: SCHED: setting CUDA device to 0 for edge 0 func=zfp_compress
[13:55:43.587376] [WARNING] [pdc_tf_server.c:401] PDC_SERVER[17]: SCHED: executing edge 0 func=zfp_compress dev=GPU
[INFO] PDC_SERVER[0]: Executing graph with json filepath /pscratch/sd/n/nlewi26/src/work_space/source/pdc/tf_client/graphs/zfp_gpu.json
[13:55:43.588274] [WARNING] [pdc_tf_server.c:393] PDC_SERVER[0]: SCHED: setting CUDA device to 0 for edge 0 func=zfp_compress
[13:55:43.588374] [WARNING] [pdc_tf_server.c:401] PDC_SERVER[0]: SCHED: executing edge 0 func=zfp_compress dev=GPU
[13:55:43.588862] [WARNING] [pdc_tf_server.c:393] PDC_SERVER[6]: SCHED: setting CUDA device to 0 for edge 0 func=zfp_compress
[13:55:43.588891] [WARNING] [pdc_tf_server.c:401] PDC_SERVER[6]: SCHED: executing edge 0 func=zfp_compress dev=GPU
[13:55:43.589984] [WARNING] [pdc_tf_server.c:393] PDC_SERVER[5]: SCHED: setting CUDA device to 0 for edge 0 func=zfp_compress
[13:55:43.590011] [WARNING] [pdc_tf_server.c:401] PDC_SERVER[5]: SCHED: executing edge 0 func=zfp_compress dev=GPU
[13:55:43.592076] [WARNING] [pdc_tf_server.c:475] PDC_SERVER[1]: SCHED: done running transformations
[13:55:43.592499] [WARNING] [pdc_tf_server.c:475] PDC_SERVER[28]: SCHED: done running transformations
[13:55:43.592809] [WARNING] [pdc_tf_server.c:393] PDC_SERVER[26]: SCHED: setting CUDA device to 0 for edge 0 func=zfp_compress
[13:55:43.592845] [WARNING] [pdc_tf_server.c:401] PDC_SERVER[26]: SCHED: executing edge 0 func=zfp_compress dev=GPU
[13:55:43.595904] [WARNING] [pdc_tf_server.c:475] PDC_SERVER[27]: SCHED: done running transformations
[13:55:43.595754] [WARNING] [pdc_tf_server.c:393] PDC_SERVER[13]: SCHED: setting CUDA device to 0 for edge 0 func=zfp_compress
[13:55:43.595791] [WARNING] [pdc_tf_server.c:401] PDC_SERVER[13]: SCHED: executing edge 0 func=zfp_compress dev=GPU
[13:55:43.596163] [WARNING] [pdc_tf_server.c:393] PDC_SERVER[3]: SCHED: setting CUDA device to 0 for edge 0 func=zfp_compress
[13:55:43.596204] [WARNING] [pdc_tf_server.c:401] PDC_SERVER[3]: SCHED: executing edge 0 func=zfp_compress dev=GPU
[13:55:43.599450] [WARNING] [pdc_tf_server.c:393] PDC_SERVER[20]: SCHED: setting CUDA device to 0 for edge 0 func=zfp_compress
[13:55:43.599482] [WARNING] [pdc_tf_server.c:401] PDC_SERVER[20]: SCHED: executing edge 0 func=zfp_compress dev=GPU
[13:55:43.600011] [WARNING] [pdc_tf_server.c:475] PDC_SERVER[23]: SCHED: done running transformations
[13:55:43.603160] [WARNING] [pdc_tf_server.c:475] PDC_SERVER[12]: SCHED: done running transformations
[13:55:43.603803] [WARNING] [pdc_tf_server.c:475] PDC_SERVER[16]: SCHED: done running transformations
[13:55:43.604449] [WARNING] [pdc_tf_server.c:475] PDC_SERVER[26]: SCHED: done running transformations
[13:55:43.604786] [WARNING] [pdc_tf_server.c:393] PDC_SERVER[4]: SCHED: setting CUDA device to 0 for edge 0 func=zfp_compress
[13:55:43.604865] [WARNING] [pdc_tf_server.c:401] PDC_SERVER[4]: SCHED: executing edge 0 func=zfp_compress dev=GPU
[13:55:43.605514] [WARNING] [pdc_tf_server.c:475] PDC_SERVER[0]: SCHED: done running transformations
[13:55:43.605710] [WARNING] [pdc_tf_server.c:475] PDC_SERVER[21]: SCHED: done running transformations
[13:55:43.605827] [WARNING] [pdc_tf_server.c:393] PDC_SERVER[22]: SCHED: setting CUDA device to 0 for edge 0 func=zfp_compress
[13:55:43.605852] [WARNING] [pdc_tf_server.c:401] PDC_SERVER[22]: SCHED: executing edge 0 func=zfp_compress dev=GPU
[13:55:43.605972] [WARNING] [pdc_tf_server.c:475] PDC_SERVER[6]: SCHED: done running transformations
[13:55:43.606583] [WARNING] [pdc_tf_server.c:475] PDC_SERVER[5]: SCHED: done running transformations
[13:55:43.606710] [WARNING] [pdc_tf_server.c:475] PDC_SERVER[13]: SCHED: done running transformations
[13:55:43.606927] [WARNING] [pdc_tf_server.c:393] PDC_SERVER[7]: SCHED: setting CUDA device to 0 for edge 0 func=zfp_compress
[13:55:43.606973] [WARNING] [pdc_tf_server.c:401] PDC_SERVER[7]: SCHED: executing edge 0 func=zfp_compress dev=GPU
[13:55:43.607197] [WARNING] [pdc_tf_server.c:475] PDC_SERVER[3]: SCHED: done running transformations
[13:55:43.607448] [WARNING] [pdc_tf_server.c:393] PDC_SERVER[11]: SCHED: setting CUDA device to 0 for edge 0 func=zfp_compress
[13:55:43.607508] [WARNING] [pdc_tf_server.c:401] PDC_SERVER[11]: SCHED: executing edge 0 func=zfp_compress dev=GPU
[13:55:43.607579] [WARNING] [pdc_tf_server.c:475] PDC_SERVER[18]: SCHED: done running transformations
[13:55:43.608254] [WARNING] [pdc_tf_server.c:475] PDC_SERVER[17]: SCHED: done running transformations
[13:55:43.608365] [WARNING] [pdc_tf_server.c:393] PDC_SERVER[25]: SCHED: setting CUDA device to 0 for edge 0 func=zfp_compress
[13:55:43.608609] [WARNING] [pdc_tf_server.c:401] PDC_SERVER[25]: SCHED: executing edge 0 func=zfp_compress dev=GPU
[13:55:43.609235] [WARNING] [pdc_tf_server.c:393] PDC_SERVER[31]: SCHED: setting CUDA device to 0 for edge 0 func=zfp_compress
[13:55:43.609315] [WARNING] [pdc_tf_server.c:401] PDC_SERVER[31]: SCHED: executing edge 0 func=zfp_compress dev=GPU
[13:55:43.610844] [WARNING] [pdc_tf_server.c:393] PDC_SERVER[29]: SCHED: setting CUDA device to 0 for edge 0 func=zfp_compress
[13:55:43.610992] [WARNING] [pdc_tf_server.c:401] PDC_SERVER[29]: SCHED: executing edge 0 func=zfp_compress dev=GPU
[13:55:43.611514] [WARNING] [pdc_tf_server.c:393] PDC_SERVER[30]: SCHED: setting CUDA device to 0 for edge 0 func=zfp_compress
[13:55:43.611692] [WARNING] [pdc_tf_server.c:401] PDC_SERVER[30]: SCHED: executing edge 0 func=zfp_compress dev=GPU
[13:55:43.616335] [WARNING] [pdc_tf_server.c:475] PDC_SERVER[20]: SCHED: done running transformations
[13:55:43.617140] [WARNING] [pdc_tf_server.c:475] PDC_SERVER[11]: SCHED: done running transformations
[13:55:43.618519] [WARNING] [pdc_tf_server.c:475] PDC_SERVER[25]: SCHED: done running transformations
[13:55:43.620131] [WARNING] [pdc_tf_server.c:475] PDC_SERVER[22]: SCHED: done running transformations
[13:55:43.621988] [WARNING] [pdc_tf_server.c:475] PDC_SERVER[31]: SCHED: done running transformations
[13:55:43.622563] [WARNING] [pdc_tf_server.c:475] PDC_SERVER[4]: SCHED: done running transformations
[13:55:43.623161] [WARNING] [pdc_tf_server.c:475] PDC_SERVER[7]: SCHED: done running transformations
[13:55:43.624208] [WARNING] [pdc_tf_server.c:475] PDC_SERVER[29]: SCHED: done running transformations
[13:55:43.625042] [WARNING] [pdc_tf_server.c:475] PDC_SERVER[30]: SCHED: done running transformations
[13:55:43.633395] [WARNING] [pdc_tf_server.c:393] PDC_SERVER[2]: SCHED: setting CUDA device to 0 for edge 0 func=zfp_compress
[13:55:43.633413] [WARNING] [pdc_tf_server.c:401] PDC_SERVER[2]: SCHED: executing edge 0 func=zfp_compress dev=GPU
[13:55:43.633688] [WARNING] [pdc_tf_server.c:393] PDC_SERVER[14]: SCHED: setting CUDA device to 0 for edge 0 func=zfp_compress
[13:55:43.633760] [WARNING] [pdc_tf_server.c:401] PDC_SERVER[14]: SCHED: executing edge 0 func=zfp_compress dev=GPU
[13:55:43.644289] [WARNING] [pdc_tf_server.c:475] PDC_SERVER[14]: SCHED: done running transformations
[13:55:43.646030] [WARNING] [pdc_tf_server.c:475] PDC_SERVER[2]: SCHED: done running transformations
[13:55:43.654496] [WARNING] [pdc_server_region_cache.c:834] PDC_SERVER[0]: Flushed region via POSIX I/O in 0.398423 s
[13:55:43.654535] [WARNING] [pdc_server_region_cache.c:850] PDC_SERVER[0]: [2026-10-07 13:55:43.654530] Flushed 16.00 / 16.00 MB to storage
[INFO] PDC_SERVER[0]: Region flush iteration took 0.398538 s
[INFO] PDC_SERVER[0]: Starting flush for obj_id 13000000000, ndim=3
[13:55:43.661285] [WARNING] [pdc_server_region_cache.c:823] PDC_SERVER[0]: Region mapping lookup took 0.000000 s
[13:55:43.661292] [WARNING] [pdc_server_region_cache.c:828] PDC_SERVER[0]: No region mapping found for obj_id 13000000000
[13:55:43.667939] [WARNING] [pdc_tf_server.c:393] PDC_SERVER[8]: SCHED: setting CUDA device to 0 for edge 0 func=zfp_compress
[13:55:43.668011] [WARNING] [pdc_tf_server.c:401] PDC_SERVER[8]: SCHED: executing edge 0 func=zfp_compress dev=GPU
[13:55:43.684099] [WARNING] [pdc_tf_server.c:475] PDC_SERVER[8]: SCHED: done running transformations
[13:55:43.841996] [WARNING] [pdc_tf_server.c:393] PDC_SERVER[19]: SCHED: setting CUDA device to 0 for edge 0 func=zfp_compress
[13:55:43.842048] [WARNING] [pdc_tf_server.c:401] PDC_SERVER[19]: SCHED: executing edge 0 func=zfp_compress dev=GPU
[13:55:43.853213] [WARNING] [pdc_tf_server.c:475] PDC_SERVER[19]: SCHED: done running transformations
[13:55:43.854865] [WARNING] [pdc_tf_server.c:393] PDC_SERVER[24]: SCHED: setting CUDA device to 0 for edge 0 func=zfp_compress
[13:55:43.854900] [WARNING] [pdc_tf_server.c:401] PDC_SERVER[24]: SCHED: executing edge 0 func=zfp_compress dev=GPU
[13:55:43.869341] [WARNING] [pdc_tf_server.c:393] PDC_SERVER[15]: SCHED: setting CUDA device to 0 for edge 0 func=zfp_compress
[13:55:43.869374] [WARNING] [pdc_tf_server.c:401] PDC_SERVER[15]: SCHED: executing edge 0 func=zfp_compress dev=GPU
[13:55:43.880245] [WARNING] [pdc_tf_server.c:475] PDC_SERVER[24]: SCHED: done running transformations
[13:55:43.880686] [WARNING] [pdc_tf_server.c:475] PDC_SERVER[15]: SCHED: done running transformations
[13:55:43.915764] [WARNING] [pdc_tf_server.c:393] PDC_SERVER[10]: SCHED: setting CUDA device to 0 for edge 0 func=zfp_compress
[13:55:43.915805] [WARNING] [pdc_tf_server.c:401] PDC_SERVER[10]: SCHED: executing edge 0 func=zfp_compress dev=GPU
[13:55:43.918926] [WARNING] [pdc_tf_server.c:393] PDC_SERVER[23]: SCHED: setting CUDA device to 0 for edge 0 func=zfp_compress
[13:55:43.919004] [WARNING] [pdc_tf_server.c:401] PDC_SERVER[23]: SCHED: executing edge 0 func=zfp_compress dev=GPU
[13:55:43.921270] [WARNING] [pdc_tf_server.c:393] PDC_SERVER[27]: SCHED: setting CUDA device to 0 for edge 0 func=zfp_compress
[13:55:43.921301] [WARNING] [pdc_tf_server.c:401] PDC_SERVER[27]: SCHED: executing edge 0 func=zfp_compress dev=GPU
[13:55:43.921857] [WARNING] [pdc_tf_server.c:393] PDC_SERVER[16]: SCHED: setting CUDA device to 0 for edge 0 func=zfp_compress
[13:55:43.921995] [WARNING] [pdc_tf_server.c:401] PDC_SERVER[16]: SCHED: executing edge 0 func=zfp_compress dev=GPU
[13:55:43.923454] [WARNING] [pdc_tf_server.c:393] PDC_SERVER[1]: SCHED: setting CUDA device to 0 for edge 0 func=zfp_compress
[13:55:43.923485] [WARNING] [pdc_tf_server.c:401] PDC_SERVER[1]: SCHED: executing edge 0 func=zfp_compress dev=GPU
[13:55:43.926602] [WARNING] [pdc_tf_server.c:393] PDC_SERVER[9]: SCHED: setting CUDA device to 0 for edge 0 func=zfp_compress
[13:55:43.926640] [WARNING] [pdc_tf_server.c:401] PDC_SERVER[9]: SCHED: executing edge 0 func=zfp_compress dev=GPU
[13:55:43.927763] [WARNING] [pdc_tf_server.c:475] PDC_SERVER[10]: SCHED: done running transformations
[13:55:43.933327] [WARNING] [pdc_tf_server.c:475] PDC_SERVER[27]: SCHED: done running transformations
[13:55:43.935026] [WARNING] [pdc_tf_server.c:393] PDC_SERVER[28]: SCHED: setting CUDA device to 0 for edge 0 func=zfp_compress
[13:55:43.935068] [WARNING] [pdc_tf_server.c:401] PDC_SERVER[28]: SCHED: executing edge 0 func=zfp_compress dev=GPU
[13:55:43.935630] [WARNING] [pdc_tf_server.c:475] PDC_SERVER[1]: SCHED: done running transformations
[13:55:43.937045] [WARNING] [pdc_tf_server.c:393] PDC_SERVER[13]: SCHED: setting CUDA device to 0 for edge 0 func=zfp_compress
[13:55:43.937141] [WARNING] [pdc_tf_server.c:401] PDC_SERVER[13]: SCHED: executing edge 0 func=zfp_compress dev=GPU
[INFO] PDC_SERVER[0]: Executing graph with json filepath /pscratch/sd/n/nlewi26/src/work_space/source/pdc/tf_client/graphs/zfp_gpu.json
[13:55:43.938136] [WARNING] [pdc_tf_server.c:393] PDC_SERVER[0]: SCHED: setting CUDA device to 0 for edge 0 func=zfp_compress
[13:55:43.938153] [WARNING] [pdc_tf_server.c:401] PDC_SERVER[0]: SCHED: executing edge 0 func=zfp_compress dev=GPU
[13:55:43.939565] [WARNING] [pdc_tf_server.c:393] PDC_SERVER[18]: SCHED: setting CUDA device to 0 for edge 0 func=zfp_compress
[13:55:43.939609] [WARNING] [pdc_tf_server.c:401] PDC_SERVER[18]: SCHED: executing edge 0 func=zfp_compress dev=GPU
[13:55:43.940164] [WARNING] [pdc_tf_server.c:475] PDC_SERVER[9]: SCHED: done running transformations
[13:55:43.941890] [WARNING] [pdc_tf_server.c:393] PDC_SERVER[17]: SCHED: setting CUDA device to 0 for edge 0 func=zfp_compress
[13:55:43.941958] [WARNING] [pdc_tf_server.c:401] PDC_SERVER[17]: SCHED: executing edge 0 func=zfp_compress dev=GPU
[13:55:43.944903] [WARNING] [pdc_tf_server.c:475] PDC_SERVER[28]: SCHED: done running transformations
[13:55:43.945020] [WARNING] [pdc_tf_server.c:393] PDC_SERVER[25]: SCHED: setting CUDA device to 0 for edge 0 func=zfp_compress
[13:55:43.945057] [WARNING] [pdc_tf_server.c:401] PDC_SERVER[25]: SCHED: executing edge 0 func=zfp_compress dev=GPU
[13:55:43.947496] [WARNING] [pdc_tf_server.c:475] PDC_SERVER[0]: SCHED: done running transformations
[13:55:43.948562] [WARNING] [pdc_tf_server.c:393] PDC_SERVER[26]: SCHED: setting CUDA device to 0 for edge 0 func=zfp_compress
[13:55:43.948617] [WARNING] [pdc_tf_server.c:401] PDC_SERVER[26]: SCHED: executing edge 0 func=zfp_compress dev=GPU
[13:55:43.949977] [WARNING] [pdc_tf_server.c:475] PDC_SERVER[16]: SCHED: done running transformations
[13:55:43.950369] [WARNING] [pdc_tf_server.c:393] PDC_SERVER[4]: SCHED: setting CUDA device to 0 for edge 0 func=zfp_compress
[13:55:43.950407] [WARNING] [pdc_tf_server.c:401] PDC_SERVER[4]: SCHED: executing edge 0 func=zfp_compress dev=GPU
[13:55:43.950408] [WARNING] [pdc_tf_server.c:393] PDC_SERVER[5]: SCHED: setting CUDA device to 0 for edge 0 func=zfp_compress
[13:55:43.950437] [WARNING] [pdc_tf_server.c:401] PDC_SERVER[5]: SCHED: executing edge 0 func=zfp_compress dev=GPU
[13:55:43.950669] [WARNING] [pdc_tf_server.c:475] PDC_SERVER[23]: SCHED: done running transformations
[13:55:43.951453] [WARNING] [pdc_tf_server.c:393] PDC_SERVER[30]: SCHED: setting CUDA device to 0 for edge 0 func=zfp_compress
[13:55:43.951516] [WARNING] [pdc_tf_server.c:401] PDC_SERVER[30]: SCHED: executing edge 0 func=zfp_compress dev=GPU
[13:55:43.952063] [WARNING] [pdc_tf_server.c:475] PDC_SERVER[13]: SCHED: done running transformations
[13:55:43.953159] [WARNING] [pdc_tf_server.c:393] PDC_SERVER[6]: SCHED: setting CUDA device to 0 for edge 0 func=zfp_compress
[13:55:43.953238] [WARNING] [pdc_tf_server.c:401] PDC_SERVER[6]: SCHED: executing edge 0 func=zfp_compress dev=GPU
[13:55:43.956838] [WARNING] [pdc_tf_server.c:393] PDC_SERVER[21]: SCHED: setting CUDA device to 0 for edge 0 func=zfp_compress
[13:55:43.956908] [WARNING] [pdc_tf_server.c:401] PDC_SERVER[21]: SCHED: executing edge 0 func=zfp_compress dev=GPU
[13:55:43.957486] [WARNING] [pdc_tf_server.c:393] PDC_SERVER[22]: SCHED: setting CUDA device to 0 for edge 0 func=zfp_compress
[13:55:43.957526] [WARNING] [pdc_tf_server.c:401] PDC_SERVER[22]: SCHED: executing edge 0 func=zfp_compress dev=GPU
[13:55:43.961298] [WARNING] [pdc_tf_server.c:475] PDC_SERVER[4]: SCHED: done running transformations
[13:55:43.962994] [WARNING] [pdc_tf_server.c:475] PDC_SERVER[25]: SCHED: done running transformations
[13:55:43.964310] [WARNING] [pdc_tf_server.c:475] PDC_SERVER[6]: SCHED: done running transformations
[13:55:43.964741] [WARNING] [pdc_tf_server.c:475] PDC_SERVER[26]: SCHED: done running transformations
[13:55:43.965760] [WARNING] [pdc_tf_server.c:475] PDC_SERVER[30]: SCHED: done running transformations
[13:55:43.965728] [WARNING] [pdc_tf_server.c:475] PDC_SERVER[18]: SCHED: done running transformations
[13:55:43.966375] [WARNING] [pdc_tf_server.c:475] PDC_SERVER[5]: SCHED: done running transformations
[13:55:43.971805] [WARNING] [pdc_tf_server.c:393] PDC_SERVER[12]: SCHED: setting CUDA device to 0 for edge 0 func=zfp_compress
[13:55:43.971836] [WARNING] [pdc_tf_server.c:401] PDC_SERVER[12]: SCHED: executing edge 0 func=zfp_compress dev=GPU
[13:55:43.975409] [WARNING] [pdc_tf_server.c:393] PDC_SERVER[7]: SCHED: setting CUDA device to 0 for edge 0 func=zfp_compress
[13:55:43.975471] [WARNING] [pdc_tf_server.c:401] PDC_SERVER[7]: SCHED: executing edge 0 func=zfp_compress dev=GPU
[13:55:43.979374] [WARNING] [pdc_tf_server.c:393] PDC_SERVER[3]: SCHED: setting CUDA device to 0 for edge 0 func=zfp_compress
[13:55:43.979403] [WARNING] [pdc_tf_server.c:401] PDC_SERVER[3]: SCHED: executing edge 0 func=zfp_compress dev=GPU
[13:55:43.980234] [WARNING] [pdc_tf_server.c:393] PDC_SERVER[31]: SCHED: setting CUDA device to 0 for edge 0 func=zfp_compress
[13:55:43.980299] [WARNING] [pdc_tf_server.c:401] PDC_SERVER[31]: SCHED: executing edge 0 func=zfp_compress dev=GPU
[13:55:43.981168] [WARNING] [pdc_tf_server.c:475] PDC_SERVER[17]: SCHED: done running transformations
[13:55:43.982145] [WARNING] [pdc_tf_server.c:393] PDC_SERVER[14]: SCHED: setting CUDA device to 0 for edge 0 func=zfp_compress
[13:55:43.982185] [WARNING] [pdc_tf_server.c:401] PDC_SERVER[14]: SCHED: executing edge 0 func=zfp_compress dev=GPU
[13:55:43.983402] [WARNING] [pdc_tf_server.c:475] PDC_SERVER[12]: SCHED: done running transformations
[13:55:43.983415] [WARNING] [pdc_tf_server.c:393] PDC_SERVER[29]: SCHED: setting CUDA device to 0 for edge 0 func=zfp_compress
[13:55:43.983469] [WARNING] [pdc_tf_server.c:401] PDC_SERVER[29]: SCHED: executing edge 0 func=zfp_compress dev=GPU
[13:55:43.986805] [WARNING] [pdc_tf_server.c:475] PDC_SERVER[21]: SCHED: done running transformations
[13:55:43.987526] [WARNING] [pdc_tf_server.c:475] PDC_SERVER[22]: SCHED: done running transformations
[13:55:43.988791] [WARNING] [pdc_tf_server.c:475] PDC_SERVER[7]: SCHED: done running transformations
[13:55:43.991438] [WARNING] [pdc_server_region_cache.c:834] PDC_SERVER[0]: Flushed region via POSIX I/O in 0.330116 s
[13:55:43.991462] [WARNING] [pdc_server_region_cache.c:850] PDC_SERVER[0]: [2026-10-07 13:55:43.991458] Flushed 16.00 / 16.00 MB to storage
[INFO] PDC_SERVER[0]: Region flush iteration took 0.330186 s
[13:55:43.991855] [WARNING] [pdc_tf_server.c:475] PDC_SERVER[31]: SCHED: done running transformations
[INFO] PDC_SERVER[0]: Starting flush for obj_id 13000000000, ndim=3
[13:55:43.993025] [WARNING] [pdc_server_region_cache.c:823] PDC_SERVER[0]: Region mapping lookup took 0.000002 s
[13:55:43.993031] [WARNING] [pdc_server_region_cache.c:828] PDC_SERVER[0]: No region mapping found for obj_id 13000000000
[13:55:43.993552] [WARNING] [pdc_tf_server.c:475] PDC_SERVER[29]: SCHED: done running transformations
[13:55:43.993557] [WARNING] [pdc_tf_server.c:475] PDC_SERVER[3]: SCHED: done running transformations
[13:55:43.995304] [WARNING] [pdc_tf_server.c:475] PDC_SERVER[14]: SCHED: done running transformations
[13:55:44.000870] [WARNING] [pdc_tf_server.c:393] PDC_SERVER[20]: SCHED: setting CUDA device to 0 for edge 0 func=zfp_compress
[13:55:44.000927] [WARNING] [pdc_tf_server.c:401] PDC_SERVER[20]: SCHED: executing edge 0 func=zfp_compress dev=GPU
[13:55:44.001270] [WARNING] [pdc_tf_server.c:393] PDC_SERVER[2]: SCHED: setting CUDA device to 0 for edge 0 func=zfp_compress
[13:55:44.001332] [WARNING] [pdc_tf_server.c:401] PDC_SERVER[2]: SCHED: executing edge 0 func=zfp_compress dev=GPU
[13:55:44.009668] [WARNING] [pdc_tf_server.c:393] PDC_SERVER[11]: SCHED: setting CUDA device to 0 for edge 0 func=zfp_compress
[13:55:44.009706] [WARNING] [pdc_tf_server.c:401] PDC_SERVER[11]: SCHED: executing edge 0 func=zfp_compress dev=GPU
[13:55:44.014645] [WARNING] [pdc_tf_server.c:475] PDC_SERVER[2]: SCHED: done running transformations
[13:55:44.021534] [WARNING] [pdc_tf_server.c:475] PDC_SERVER[20]: SCHED: done running transformations
[13:55:44.028571] [WARNING] [pdc_tf_server.c:475] PDC_SERVER[11]: SCHED: done running transformations
[13:55:44.054504] [WARNING] [pdc_tf_server.c:393] PDC_SERVER[8]: SCHED: setting CUDA device to 0 for edge 0 func=zfp_compress
[13:55:44.054538] [WARNING] [pdc_tf_server.c:401] PDC_SERVER[8]: SCHED: executing edge 0 func=zfp_compress dev=GPU
[13:55:44.068154] [WARNING] [pdc_tf_server.c:475] PDC_SERVER[8]: SCHED: done running transformations
[13:55:44.154610] [WARNING] [pdc_tf_server.c:393] PDC_SERVER[19]: SCHED: setting CUDA device to 0 for edge 0 func=zfp_compress
[13:55:44.154656] [WARNING] [pdc_tf_server.c:401] PDC_SERVER[19]: SCHED: executing edge 0 func=zfp_compress dev=GPU
[13:55:44.164736] [WARNING] [pdc_tf_server.c:475] PDC_SERVER[19]: SCHED: done running transformations
[13:55:44.189860] [WARNING] [pdc_tf_server.c:393] PDC_SERVER[15]: SCHED: setting CUDA device to 0 for edge 0 func=zfp_compress
[13:55:44.189907] [WARNING] [pdc_tf_server.c:401] PDC_SERVER[15]: SCHED: executing edge 0 func=zfp_compress dev=GPU
[13:55:44.206074] [WARNING] [pdc_tf_server.c:393] PDC_SERVER[24]: SCHED: setting CUDA device to 0 for edge 0 func=zfp_compress
[13:55:44.206112] [WARNING] [pdc_tf_server.c:401] PDC_SERVER[24]: SCHED: executing edge 0 func=zfp_compress dev=GPU
[13:55:44.215727] [WARNING] [pdc_tf_server.c:475] PDC_SERVER[15]: SCHED: done running transformations
[13:55:44.222725] [WARNING] [pdc_tf_server.c:475] PDC_SERVER[24]: SCHED: done running transformations
[13:55:44.248228] [WARNING] [pdc_tf_server.c:393] PDC_SERVER[27]: SCHED: setting CUDA device to 0 for edge 0 func=zfp_compress
[13:55:44.248265] [WARNING] [pdc_tf_server.c:401] PDC_SERVER[27]: SCHED: executing edge 0 func=zfp_compress dev=GPU
[13:55:44.257256] [WARNING] [pdc_tf_server.c:393] PDC_SERVER[1]: SCHED: setting CUDA device to 0 for edge 0 func=zfp_compress
[13:55:44.257288] [WARNING] [pdc_tf_server.c:401] PDC_SERVER[1]: SCHED: executing edge 0 func=zfp_compress dev=GPU
[13:55:44.264345] [WARNING] [pdc_tf_server.c:393] PDC_SERVER[16]: SCHED: setting CUDA device to 0 for edge 0 func=zfp_compress
[13:55:44.264379] [WARNING] [pdc_tf_server.c:401] PDC_SERVER[16]: SCHED: executing edge 0 func=zfp_compress dev=GPU
[13:55:44.264436] [WARNING] [pdc_tf_server.c:393] PDC_SERVER[23]: SCHED: setting CUDA device to 0 for edge 0 func=zfp_compress
[13:55:44.264463] [WARNING] [pdc_tf_server.c:401] PDC_SERVER[23]: SCHED: executing edge 0 func=zfp_compress dev=GPU
[13:55:44.268780] [WARNING] [pdc_tf_server.c:475] PDC_SERVER[1]: SCHED: done running transformations
[13:55:44.274395] [WARNING] [pdc_tf_server.c:475] PDC_SERVER[27]: SCHED: done running transformations
[13:55:44.275244] [WARNING] [pdc_tf_server.c:393] PDC_SERVER[10]: SCHED: setting CUDA device to 0 for edge 0 func=zfp_compress
[13:55:44.275275] [WARNING] [pdc_tf_server.c:401] PDC_SERVER[10]: SCHED: executing edge 0 func=zfp_compress dev=GPU
[13:55:44.275968] [WARNING] [pdc_tf_server.c:475] PDC_SERVER[16]: SCHED: done running transformations
[13:55:44.276820] [WARNING] [pdc_tf_server.c:393] PDC_SERVER[13]: SCHED: setting CUDA device to 0 for edge 0 func=zfp_compress
[13:55:44.276859] [WARNING] [pdc_tf_server.c:401] PDC_SERVER[13]: SCHED: executing edge 0 func=zfp_compress dev=GPU
[13:55:44.276929] [WARNING] [pdc_tf_server.c:475] PDC_SERVER[23]: SCHED: done running transformations
[13:55:44.278852] [WARNING] [pdc_tf_server.c:393] PDC_SERVER[4]: SCHED: setting CUDA device to 0 for edge 0 func=zfp_compress
[13:55:44.278879] [WARNING] [pdc_tf_server.c:401] PDC_SERVER[4]: SCHED: executing edge 0 func=zfp_compress dev=GPU
[13:55:44.284804] [WARNING] [pdc_tf_server.c:393] PDC_SERVER[18]: SCHED: setting CUDA device to 0 for edge 0 func=zfp_compress
[13:55:44.284842] [WARNING] [pdc_tf_server.c:401] PDC_SERVER[18]: SCHED: executing edge 0 func=zfp_compress dev=GPU
[13:55:44.290062] [WARNING] [pdc_tf_server.c:475] PDC_SERVER[4]: SCHED: done running transformations
[13:55:44.290958] [WARNING] [pdc_tf_server.c:393] PDC_SERVER[30]: SCHED: setting CUDA device to 0 for edge 0 func=zfp_compress
[13:55:44.290991] [WARNING] [pdc_tf_server.c:401] PDC_SERVER[30]: SCHED: executing edge 0 func=zfp_compress dev=GPU
[13:55:44.291209] [WARNING] [pdc_tf_server.c:393] PDC_SERVER[25]: SCHED: setting CUDA device to 0 for edge 0 func=zfp_compress
[13:55:44.291233] [WARNING] [pdc_tf_server.c:401] PDC_SERVER[25]: SCHED: executing edge 0 func=zfp_compress dev=GPU
[13:55:44.293932] [WARNING] [pdc_tf_server.c:393] PDC_SERVER[9]: SCHED: setting CUDA device to 0 for edge 0 func=zfp_compress
[13:55:44.293955] [WARNING] [pdc_tf_server.c:401] PDC_SERVER[9]: SCHED: executing edge 0 func=zfp_compress dev=GPU
[13:55:44.296123] [WARNING] [pdc_tf_server.c:475] PDC_SERVER[10]: SCHED: done running transformations
[13:55:44.298611] [WARNING] [pdc_tf_server.c:475] PDC_SERVER[18]: SCHED: done running transformations
[13:55:44.300572] [WARNING] [pdc_tf_server.c:475] PDC_SERVER[13]: SCHED: done running transformations
[13:55:44.310472] [WARNING] [pdc_tf_server.c:475] PDC_SERVER[9]: SCHED: done running transformations
[13:55:44.310977] [WARNING] [pdc_tf_server.c:393] PDC_SERVER[6]: SCHED: setting CUDA device to 0 for edge 0 func=zfp_compress
[13:55:44.311033] [WARNING] [pdc_tf_server.c:401] PDC_SERVER[6]: SCHED: executing edge 0 func=zfp_compress dev=GPU
[13:55:44.315031] [WARNING] [pdc_tf_server.c:393] PDC_SERVER[26]: SCHED: setting CUDA device to 0 for edge 0 func=zfp_compress
[13:55:44.315101] [WARNING] [pdc_tf_server.c:401] PDC_SERVER[26]: SCHED: executing edge 0 func=zfp_compress dev=GPU
[13:55:44.318051] [WARNING] [pdc_tf_server.c:393] PDC_SERVER[17]: SCHED: setting CUDA device to 0 for edge 0 func=zfp_compress
[13:55:44.318079] [WARNING] [pdc_tf_server.c:401] PDC_SERVER[17]: SCHED: executing edge 0 func=zfp_compress dev=GPU
[13:55:44.319193] [WARNING] [pdc_tf_server.c:393] PDC_SERVER[22]: SCHED: setting CUDA device to 0 for edge 0 func=zfp_compress
[13:55:44.319248] [WARNING] [pdc_tf_server.c:401] PDC_SERVER[22]: SCHED: executing edge 0 func=zfp_compress dev=GPU
[13:55:44.320079] [WARNING] [pdc_tf_server.c:393] PDC_SERVER[5]: SCHED: setting CUDA device to 0 for edge 0 func=zfp_compress
[13:55:44.320173] [WARNING] [pdc_tf_server.c:401] PDC_SERVER[5]: SCHED: executing edge 0 func=zfp_compress dev=GPU
[13:55:44.320642] [WARNING] [pdc_tf_server.c:475] PDC_SERVER[25]: SCHED: done running transformations
[13:55:44.320720] [WARNING] [pdc_tf_server.c:475] PDC_SERVER[30]: SCHED: done running transformations
[13:55:44.325051] [WARNING] [pdc_tf_server.c:475] PDC_SERVER[6]: SCHED: done running transformations
[13:55:44.328297] [WARNING] [pdc_tf_server.c:393] PDC_SERVER[31]: SCHED: setting CUDA device to 0 for edge 0 func=zfp_compress
[13:55:44.328326] [WARNING] [pdc_tf_server.c:401] PDC_SERVER[31]: SCHED: executing edge 0 func=zfp_compress dev=GPU
[13:55:44.329080] [WARNING] [pdc_tf_server.c:393] PDC_SERVER[29]: SCHED: setting CUDA device to 0 for edge 0 func=zfp_compress
[13:55:44.329117] [WARNING] [pdc_tf_server.c:401] PDC_SERVER[29]: SCHED: executing edge 0 func=zfp_compress dev=GPU
[13:55:44.330302] [WARNING] [pdc_tf_server.c:393] PDC_SERVER[28]: SCHED: setting CUDA device to 0 for edge 0 func=zfp_compress
[13:55:44.330391] [WARNING] [pdc_tf_server.c:401] PDC_SERVER[28]: SCHED: executing edge 0 func=zfp_compress dev=GPU
[13:55:44.330741] [WARNING] [pdc_tf_server.c:393] PDC_SERVER[21]: SCHED: setting CUDA device to 0 for edge 0 func=zfp_compress
[13:55:44.330796] [WARNING] [pdc_tf_server.c:401] PDC_SERVER[21]: SCHED: executing edge 0 func=zfp_compress dev=GPU
[13:55:44.331218] [WARNING] [pdc_tf_server.c:475] PDC_SERVER[22]: SCHED: done running transformations
[13:55:44.331878] [WARNING] [pdc_tf_server.c:475] PDC_SERVER[17]: SCHED: done running transformations
[13:55:44.332366] [WARNING] [pdc_tf_server.c:475] PDC_SERVER[26]: SCHED: done running transformations
[13:55:44.336113] [WARNING] [pdc_tf_server.c:475] PDC_SERVER[5]: SCHED: done running transformations
[13:55:44.342492] [WARNING] [pdc_tf_server.c:475] PDC_SERVER[29]: SCHED: done running transformations
[13:55:44.344652] [WARNING] [pdc_tf_server.c:475] PDC_SERVER[31]: SCHED: done running transformations
[13:55:44.346985] [WARNING] [pdc_tf_server.c:475] PDC_SERVER[28]: SCHED: done running transformations
[13:55:44.347953] [WARNING] [pdc_tf_server.c:475] PDC_SERVER[21]: SCHED: done running transformations
[13:55:44.348365] [WARNING] [pdc_tf_server.c:393] PDC_SERVER[7]: SCHED: setting CUDA device to 0 for edge 0 func=zfp_compress
[13:55:44.348403] [WARNING] [pdc_tf_server.c:401] PDC_SERVER[7]: SCHED: executing edge 0 func=zfp_compress dev=GPU
[13:55:44.348678] [WARNING] [pdc_tf_server.c:393] PDC_SERVER[12]: SCHED: setting CUDA device to 0 for edge 0 func=zfp_compress
[13:55:44.348712] [WARNING] [pdc_tf_server.c:401] PDC_SERVER[12]: SCHED: executing edge 0 func=zfp_compress dev=GPU
[13:55:44.348769] [WARNING] [pdc_tf_server.c:393] PDC_SERVER[3]: SCHED: setting CUDA device to 0 for edge 0 func=zfp_compress
[13:55:44.348908] [WARNING] [pdc_tf_server.c:401] PDC_SERVER[3]: SCHED: executing edge 0 func=zfp_compress dev=GPU
[13:55:44.357330] [WARNING] [pdc_tf_server.c:393] PDC_SERVER[20]: SCHED: setting CUDA device to 0 for edge 0 func=zfp_compress
[13:55:44.357374] [WARNING] [pdc_tf_server.c:401] PDC_SERVER[20]: SCHED: executing edge 0 func=zfp_compress dev=GPU
[13:55:44.357393] [WARNING] [pdc_tf_server.c:393] PDC_SERVER[14]: SCHED: setting CUDA device to 0 for edge 0 func=zfp_compress
[13:55:44.357437] [WARNING] [pdc_tf_server.c:401] PDC_SERVER[14]: SCHED: executing edge 0 func=zfp_compress dev=GPU
[INFO] PDC_SERVER[0]: Executing graph with json filepath /pscratch/sd/n/nlewi26/src/work_space/source/pdc/tf_client/graphs/zfp_gpu.json
[13:55:44.362993] [WARNING] [pdc_tf_server.c:393] PDC_SERVER[0]: SCHED: setting CUDA device to 0 for edge 0 func=zfp_compress
[13:55:44.363063] [WARNING] [pdc_tf_server.c:401] PDC_SERVER[0]: SCHED: executing edge 0 func=zfp_compress dev=GPU
[13:55:44.363205] [WARNING] [pdc_tf_server.c:475] PDC_SERVER[7]: SCHED: done running transformations
[13:55:44.363427] [WARNING] [pdc_tf_server.c:475] PDC_SERVER[12]: SCHED: done running transformations
[13:55:44.363616] [WARNING] [pdc_tf_server.c:475] PDC_SERVER[3]: SCHED: done running transformations
[13:55:44.368990] [WARNING] [pdc_tf_server.c:393] PDC_SERVER[2]: SCHED: setting CUDA device to 0 for edge 0 func=zfp_compress
[13:55:44.369049] [WARNING] [pdc_tf_server.c:401] PDC_SERVER[2]: SCHED: executing edge 0 func=zfp_compress dev=GPU
[13:55:44.369254] [WARNING] [pdc_tf_server.c:475] PDC_SERVER[14]: SCHED: done running transformations
[13:55:44.376599] [WARNING] [pdc_tf_server.c:475] PDC_SERVER[0]: SCHED: done running transformations
[13:55:44.380699] [WARNING] [pdc_tf_server.c:475] PDC_SERVER[20]: SCHED: done running transformations
[13:55:44.381543] [WARNING] [pdc_tf_server.c:475] PDC_SERVER[2]: SCHED: done running transformations
[13:55:44.386385] [WARNING] [pdc_tf_server.c:393] PDC_SERVER[11]: SCHED: setting CUDA device to 0 for edge 0 func=zfp_compress
[13:55:44.386500] [WARNING] [pdc_tf_server.c:401] PDC_SERVER[11]: SCHED: executing edge 0 func=zfp_compress dev=GPU
[13:55:44.400187] [WARNING] [pdc_tf_server.c:475] PDC_SERVER[11]: SCHED: done running transformations
[13:55:44.413876] [WARNING] [pdc_tf_server.c:393] PDC_SERVER[8]: SCHED: setting CUDA device to 0 for edge 0 func=zfp_compress
[13:55:44.413910] [WARNING] [pdc_tf_server.c:401] PDC_SERVER[8]: SCHED: executing edge 0 func=zfp_compress dev=GPU
[13:55:44.423194] [WARNING] [pdc_server_region_cache.c:834] PDC_SERVER[0]: Flushed region via POSIX I/O in 0.430149 s
[13:55:44.423216] [WARNING] [pdc_server_region_cache.c:850] PDC_SERVER[0]: [2026-10-07 13:55:44.423212] Flushed 16.00 / 16.00 MB to storage
[INFO] PDC_SERVER[0]: Region flush iteration took 0.430202 s
[13:55:44.424274] [WARNING] [pdc_tf_server.c:475] PDC_SERVER[8]: SCHED: done running transformations
[INFO] PDC_SERVER[0]: Starting flush for obj_id 13000000000, ndim=3
[13:55:44.424772] [WARNING] [pdc_server_region_cache.c:823] PDC_SERVER[0]: Region mapping lookup took 0.000001 s
[13:55:44.424780] [WARNING] [pdc_server_region_cache.c:828] PDC_SERVER[0]: No region mapping found for obj_id 13000000000
[13:55:44.470775] [WARNING] [pdc_tf_server.c:393] PDC_SERVER[19]: SCHED: setting CUDA device to 0 for edge 0 func=zfp_compress
[13:55:44.470836] [WARNING] [pdc_tf_server.c:401] PDC_SERVER[19]: SCHED: executing edge 0 func=zfp_compress dev=GPU
[13:55:44.481381] [WARNING] [pdc_tf_server.c:475] PDC_SERVER[19]: SCHED: done running transformations
[13:55:44.515367] [WARNING] [pdc_tf_server.c:393] PDC_SERVER[24]: SCHED: setting CUDA device to 0 for edge 0 func=zfp_compress
[13:55:44.515396] [WARNING] [pdc_tf_server.c:401] PDC_SERVER[24]: SCHED: executing edge 0 func=zfp_compress dev=GPU
[13:55:44.519794] [WARNING] [pdc_tf_server.c:393] PDC_SERVER[15]: SCHED: setting CUDA device to 0 for edge 0 func=zfp_compress
[13:55:44.519868] [WARNING] [pdc_tf_server.c:401] PDC_SERVER[15]: SCHED: executing edge 0 func=zfp_compress dev=GPU
[13:55:44.524221] [WARNING] [pdc_tf_server.c:475] PDC_SERVER[24]: SCHED: done running transformations
[13:55:44.530072] [WARNING] [pdc_tf_server.c:475] PDC_SERVER[15]: SCHED: done running transformations
[13:55:44.583341] [WARNING] [pdc_tf_server.c:393] PDC_SERVER[23]: SCHED: setting CUDA device to 0 for edge 0 func=zfp_compress
[13:55:44.583374] [WARNING] [pdc_tf_server.c:401] PDC_SERVER[23]: SCHED: executing edge 0 func=zfp_compress dev=GPU
[13:55:44.585032] [WARNING] [pdc_tf_server.c:393] PDC_SERVER[1]: SCHED: setting CUDA device to 0 for edge 0 func=zfp_compress
[13:55:44.585061] [WARNING] [pdc_tf_server.c:401] PDC_SERVER[1]: SCHED: executing edge 0 func=zfp_compress dev=GPU
[13:55:44.592142] [WARNING] [pdc_tf_server.c:393] PDC_SERVER[16]: SCHED: setting CUDA device to 0 for edge 0 func=zfp_compress
[13:55:44.592207] [WARNING] [pdc_tf_server.c:401] PDC_SERVER[16]: SCHED: executing edge 0 func=zfp_compress dev=GPU
[13:55:44.592794] [WARNING] [pdc_tf_server.c:475] PDC_SERVER[23]: SCHED: done running transformations
[13:55:44.599364] [WARNING] [pdc_tf_server.c:393] PDC_SERVER[4]: SCHED: setting CUDA device to 0 for edge 0 func=zfp_compress
[13:55:44.599394] [WARNING] [pdc_tf_server.c:401] PDC_SERVER[4]: SCHED: executing edge 0 func=zfp_compress dev=GPU
[13:55:44.601114] [WARNING] [pdc_tf_server.c:393] PDC_SERVER[27]: SCHED: setting CUDA device to 0 for edge 0 func=zfp_compress
[13:55:44.601145] [WARNING] [pdc_tf_server.c:401] PDC_SERVER[27]: SCHED: executing edge 0 func=zfp_compress dev=GPU
[13:55:44.607450] [WARNING] [pdc_tf_server.c:475] PDC_SERVER[1]: SCHED: done running transformations
[13:55:44.608655] [WARNING] [pdc_tf_server.c:475] PDC_SERVER[16]: SCHED: done running transformations
[13:55:44.613095] [WARNING] [pdc_tf_server.c:475] PDC_SERVER[27]: SCHED: done running transformations
[13:55:44.618526] [WARNING] [pdc_tf_server.c:475] PDC_SERVER[4]: SCHED: done running transformations
[13:55:44.628495] [WARNING] [pdc_tf_server.c:393] PDC_SERVER[18]: SCHED: setting CUDA device to 0 for edge 0 func=zfp_compress
[13:55:44.628522] [WARNING] [pdc_tf_server.c:401] PDC_SERVER[18]: SCHED: executing edge 0 func=zfp_compress dev=GPU
[13:55:44.640735] [WARNING] [pdc_tf_server.c:475] PDC_SERVER[18]: SCHED: done running transformations
[13:55:44.644537] [WARNING] [pdc_tf_server.c:393] PDC_SERVER[30]: SCHED: setting CUDA device to 0 for edge 0 func=zfp_compress
[13:55:44.644600] [WARNING] [pdc_tf_server.c:401] PDC_SERVER[30]: SCHED: executing edge 0 func=zfp_compress dev=GPU
[13:55:44.644537] [WARNING] [pdc_tf_server.c:393] PDC_SERVER[13]: SCHED: setting CUDA device to 0 for edge 0 func=zfp_compress
[13:55:44.644569] [WARNING] [pdc_tf_server.c:401] PDC_SERVER[13]: SCHED: executing edge 0 func=zfp_compress dev=GPU
[13:55:44.647805] [WARNING] [pdc_tf_server.c:393] PDC_SERVER[25]: SCHED: setting CUDA device to 0 for edge 0 func=zfp_compress
[13:55:44.647912] [WARNING] [pdc_tf_server.c:401] PDC_SERVER[25]: SCHED: executing edge 0 func=zfp_compress dev=GPU
[13:55:44.652932] [WARNING] [pdc_tf_server.c:393] PDC_SERVER[6]: SCHED: setting CUDA device to 0 for edge 0 func=zfp_compress
[13:55:44.652960] [WARNING] [pdc_tf_server.c:401] PDC_SERVER[6]: SCHED: executing edge 0 func=zfp_compress dev=GPU
[13:55:44.654108] [WARNING] [pdc_tf_server.c:393] PDC_SERVER[9]: SCHED: setting CUDA device to 0 for edge 0 func=zfp_compress
[13:55:44.654146] [WARNING] [pdc_tf_server.c:401] PDC_SERVER[9]: SCHED: executing edge 0 func=zfp_compress dev=GPU
[13:55:44.655502] [WARNING] [pdc_tf_server.c:393] PDC_SERVER[22]: SCHED: setting CUDA device to 0 for edge 0 func=zfp_compress
[13:55:44.655531] [WARNING] [pdc_tf_server.c:401] PDC_SERVER[22]: SCHED: executing edge 0 func=zfp_compress dev=GPU
[13:55:44.656380] [WARNING] [pdc_tf_server.c:393] PDC_SERVER[29]: SCHED: setting CUDA device to 0 for edge 0 func=zfp_compress
[13:55:44.656418] [WARNING] [pdc_tf_server.c:401] PDC_SERVER[29]: SCHED: executing edge 0 func=zfp_compress dev=GPU
[13:55:44.657679] [WARNING] [pdc_tf_server.c:393] PDC_SERVER[10]: SCHED: setting CUDA device to 0 for edge 0 func=zfp_compress
[13:55:44.657758] [WARNING] [pdc_tf_server.c:401] PDC_SERVER[10]: SCHED: executing edge 0 func=zfp_compress dev=GPU
[13:55:44.662755] [WARNING] [pdc_tf_server.c:475] PDC_SERVER[6]: SCHED: done running transformations
[13:55:44.663803] [WARNING] [pdc_tf_server.c:475] PDC_SERVER[22]: SCHED: done running transformations
[13:55:44.664284] [WARNING] [pdc_tf_server.c:393] PDC_SERVER[17]: SCHED: setting CUDA device to 0 for edge 0 func=zfp_compress
[13:55:44.664342] [WARNING] [pdc_tf_server.c:401] PDC_SERVER[17]: SCHED: executing edge 0 func=zfp_compress dev=GPU
[13:55:44.667047] [WARNING] [pdc_tf_server.c:475] PDC_SERVER[13]: SCHED: done running transformations
[13:55:44.673079] [WARNING] [pdc_tf_server.c:475] PDC_SERVER[25]: SCHED: done running transformations
[13:55:44.673047] [WARNING] [pdc_tf_server.c:475] PDC_SERVER[30]: SCHED: done running transformations
[13:55:44.673372] [WARNING] [pdc_tf_server.c:475] PDC_SERVER[9]: SCHED: done running transformations
[13:55:44.674489] [WARNING] [pdc_tf_server.c:393] PDC_SERVER[5]: SCHED: setting CUDA device to 0 for edge 0 func=zfp_compress
[13:55:44.674521] [WARNING] [pdc_tf_server.c:401] PDC_SERVER[5]: SCHED: executing edge 0 func=zfp_compress dev=GPU
[13:55:44.675885] [WARNING] [pdc_tf_server.c:475] PDC_SERVER[29]: SCHED: done running transformations
[13:55:44.677072] [WARNING] [pdc_tf_server.c:475] PDC_SERVER[17]: SCHED: done running transformations
[13:55:44.680349] [WARNING] [pdc_tf_server.c:475] PDC_SERVER[10]: SCHED: done running transformations
[13:55:44.681027] [WARNING] [pdc_tf_server.c:393] PDC_SERVER[31]: SCHED: setting CUDA device to 0 for edge 0 func=zfp_compress
[13:55:44.681085] [WARNING] [pdc_tf_server.c:401] PDC_SERVER[31]: SCHED: executing edge 0 func=zfp_compress dev=GPU
[13:55:44.682001] [WARNING] [pdc_tf_server.c:393] PDC_SERVER[26]: SCHED: setting CUDA device to 0 for edge 0 func=zfp_compress
[13:55:44.682027] [WARNING] [pdc_tf_server.c:401] PDC_SERVER[26]: SCHED: executing edge 0 func=zfp_compress dev=GPU
[13:55:44.688933] [WARNING] [pdc_tf_server.c:475] PDC_SERVER[5]: SCHED: done running transformations
[13:55:44.697856] [WARNING] [pdc_tf_server.c:393] PDC_SERVER[21]: SCHED: setting CUDA device to 0 for edge 0 func=zfp_compress
[13:55:44.697884] [WARNING] [pdc_tf_server.c:401] PDC_SERVER[21]: SCHED: executing edge 0 func=zfp_compress dev=GPU
[13:55:44.701316] [WARNING] [pdc_tf_server.c:393] PDC_SERVER[14]: SCHED: setting CUDA device to 0 for edge 0 func=zfp_compress
[13:55:44.701348] [WARNING] [pdc_tf_server.c:401] PDC_SERVER[14]: SCHED: executing edge 0 func=zfp_compress dev=GPU
[13:55:44.702559] [WARNING] [pdc_tf_server.c:475] PDC_SERVER[31]: SCHED: done running transformations
[13:55:44.702647] [WARNING] [pdc_tf_server.c:393] PDC_SERVER[3]: SCHED: setting CUDA device to 0 for edge 0 func=zfp_compress
[13:55:44.702722] [WARNING] [pdc_tf_server.c:401] PDC_SERVER[3]: SCHED: executing edge 0 func=zfp_compress dev=GPU
[13:55:44.705145] [WARNING] [pdc_tf_server.c:393] PDC_SERVER[12]: SCHED: setting CUDA device to 0 for edge 0 func=zfp_compress
[13:55:44.705172] [WARNING] [pdc_tf_server.c:401] PDC_SERVER[12]: SCHED: executing edge 0 func=zfp_compress dev=GPU
[13:55:44.707306] [WARNING] [pdc_tf_server.c:475] PDC_SERVER[21]: SCHED: done running transformations
[13:55:44.707331] [WARNING] [pdc_tf_server.c:475] PDC_SERVER[26]: SCHED: done running transformations
[13:55:44.707810] [WARNING] [pdc_tf_server.c:393] PDC_SERVER[28]: SCHED: setting CUDA device to 0 for edge 0 func=zfp_compress
[13:55:44.707838] [WARNING] [pdc_tf_server.c:401] PDC_SERVER[28]: SCHED: executing edge 0 func=zfp_compress dev=GPU
[13:55:44.711991] [WARNING] [pdc_tf_server.c:393] PDC_SERVER[20]: SCHED: setting CUDA device to 0 for edge 0 func=zfp_compress
[13:55:44.712019] [WARNING] [pdc_tf_server.c:401] PDC_SERVER[20]: SCHED: executing edge 0 func=zfp_compress dev=GPU
[13:55:44.712466] [WARNING] [pdc_tf_server.c:475] PDC_SERVER[3]: SCHED: done running transformations
[13:55:44.714975] [WARNING] [pdc_tf_server.c:393] PDC_SERVER[7]: SCHED: setting CUDA device to 0 for edge 0 func=zfp_compress
[13:55:44.715002] [WARNING] [pdc_tf_server.c:401] PDC_SERVER[7]: SCHED: executing edge 0 func=zfp_compress dev=GPU
[13:55:44.720384] [WARNING] [pdc_tf_server.c:475] PDC_SERVER[20]: SCHED: done running transformations
[13:55:44.725540] [WARNING] [pdc_tf_server.c:475] PDC_SERVER[28]: SCHED: done running transformations
[13:55:44.726714] [WARNING] [pdc_tf_server.c:475] PDC_SERVER[7]: SCHED: done running transformations
[13:55:44.728634] [WARNING] [pdc_tf_server.c:393] PDC_SERVER[2]: SCHED: setting CUDA device to 0 for edge 0 func=zfp_compress
[13:55:44.728660] [WARNING] [pdc_tf_server.c:401] PDC_SERVER[2]: SCHED: executing edge 0 func=zfp_compress dev=GPU
[13:55:44.733693] [WARNING] [pdc_tf_server.c:475] PDC_SERVER[14]: SCHED: done running transformations
[13:55:44.737113] [WARNING] [pdc_tf_server.c:393] PDC_SERVER[11]: SCHED: setting CUDA device to 0 for edge 0 func=zfp_compress
[13:55:44.737143] [WARNING] [pdc_tf_server.c:401] PDC_SERVER[11]: SCHED: executing edge 0 func=zfp_compress dev=GPU
[13:55:44.738326] [WARNING] [pdc_tf_server.c:475] PDC_SERVER[2]: SCHED: done running transformations
[INFO] PDC_SERVER[0]: Executing graph with json filepath /pscratch/sd/n/nlewi26/src/work_space/source/pdc/tf_client/graphs/zfp_gpu.json
[13:55:44.738843] [WARNING] [pdc_tf_server.c:393] PDC_SERVER[0]: SCHED: setting CUDA device to 0 for edge 0 func=zfp_compress
[13:55:44.738938] [WARNING] [pdc_tf_server.c:401] PDC_SERVER[0]: SCHED: executing edge 0 func=zfp_compress dev=GPU
[13:55:44.744809] [WARNING] [pdc_tf_server.c:475] PDC_SERVER[12]: SCHED: done running transformations
[13:55:44.748896] [WARNING] [pdc_tf_server.c:393] PDC_SERVER[8]: SCHED: setting CUDA device to 0 for edge 0 func=zfp_compress
[13:55:44.748923] [WARNING] [pdc_tf_server.c:401] PDC_SERVER[8]: SCHED: executing edge 0 func=zfp_compress dev=GPU
[13:55:44.749036] [WARNING] [pdc_tf_server.c:475] PDC_SERVER[0]: SCHED: done running transformations
[13:55:44.750448] [WARNING] [pdc_tf_server.c:475] PDC_SERVER[11]: SCHED: done running transformations
[13:55:44.760861] [WARNING] [pdc_tf_server.c:475] PDC_SERVER[8]: SCHED: done running transformations
[13:55:44.785499] [WARNING] [pdc_server_region_cache.c:834] PDC_SERVER[0]: Flushed region via POSIX I/O in 0.360700 s
[13:55:44.785521] [WARNING] [pdc_server_region_cache.c:850] PDC_SERVER[0]: [2026-10-07 13:55:44.785516] Flushed 16.00 / 16.00 MB to storage
[INFO] PDC_SERVER[0]: Region flush iteration took 0.360760 s
[INFO] PDC_SERVER[10]: Fetching region for obj_id=32000000000
[INFO] PDC_SERVER[10]: Checking against Object 10000000000
[INFO] PDC_SERVER[10]: Checking against Object 11000000000
[INFO] PDC_SERVER[10]: Checking against Object 12000000000
[INFO] PDC_SERVER[10]: Checking against Object 11000000001
[INFO] PDC_SERVER[10]: Checking against Object 12000000001
[INFO] PDC_SERVER[10]: Checking against Object 13000000000
[INFO] PDC_SERVER[10]: Object 32000000000 NOT found in cache
[INFO] PDC_SERVER[10]: Fetching region from server for obj_id=32000000000
[INFO] PDC_SERVER[13]: Fetching region for obj_id=32000000000
[INFO] PDC_SERVER[13]: Checking against Object 10000000000
[INFO] PDC_SERVER[13]: Checking against Object 11000000000
[INFO] PDC_SERVER[13]: Checking against Object 12000000000
[INFO] PDC_SERVER[13]: Checking against Object 11000000001
[INFO] PDC_SERVER[13]: Checking against Object 12000000001
[INFO] PDC_SERVER[13]: Checking against Object 13000000000
[INFO] PDC_SERVER[13]: Object 32000000000 NOT found in cache
[INFO] PDC_SERVER[13]: Fetching region from server for obj_id=32000000000
[INFO] PDC_SERVER[14]: Fetching region for obj_id=32000000000
[INFO] PDC_SERVER[14]: Checking against Object 10000000000
[INFO] PDC_SERVER[14]: Checking against Object 11000000000
[INFO] PDC_SERVER[14]: Checking against Object 12000000000
[INFO] PDC_SERVER[14]: Checking against Object 11000000001
[INFO] PDC_SERVER[14]: Checking against Object 12000000001
[INFO] PDC_SERVER[14]: Checking against Object 13000000000
[INFO] PDC_SERVER[14]: Object 32000000000 NOT found in cache
[INFO] PDC_SERVER[14]: Fetching region from server for obj_id=32000000000
[INFO] PDC_SERVER[20]: Fetching region for obj_id=32000000000
[INFO] PDC_SERVER[20]: Checking against Object 10000000000
[INFO] PDC_SERVER[20]: Checking against Object 11000000000
[INFO] PDC_SERVER[20]: Checking against Object 12000000000
[INFO] PDC_SERVER[20]: Checking against Object 11000000001
[INFO] PDC_SERVER[20]: Checking against Object 12000000001
[INFO] PDC_SERVER[20]: Checking against Object 13000000000
[INFO] PDC_SERVER[20]: Object 32000000000 NOT found in cache
[INFO] PDC_SERVER[20]: Fetching region from server for obj_id=32000000000
[INFO] PDC_SERVER[19]: Fetching region for obj_id=32000000000
[INFO] PDC_SERVER[19]: Checking against Object 10000000000
[INFO] PDC_SERVER[19]: Checking against Object 11000000000
[INFO] PDC_SERVER[19]: Checking against Object 12000000000
[INFO] PDC_SERVER[19]: Checking against Object 11000000001
[INFO] PDC_SERVER[19]: Checking against Object 12000000001
[INFO] PDC_SERVER[19]: Checking against Object 13000000000
[INFO] PDC_SERVER[19]: Object 32000000000 NOT found in cache
[INFO] PDC_SERVER[19]: Fetching region from server for obj_id=32000000000
[INFO] PDC_SERVER[16]: Fetching region for obj_id=32000000000
[INFO] PDC_SERVER[16]: Checking against Object 10000000000
[INFO] PDC_SERVER[16]: Checking against Object 11000000000
[INFO] PDC_SERVER[16]: Checking against Object 12000000000
[INFO] PDC_SERVER[16]: Checking against Object 11000000001
[INFO] PDC_SERVER[16]: Checking against Object 12000000001
[INFO] PDC_SERVER[16]: Checking against Object 13000000000
[INFO] PDC_SERVER[16]: Object 32000000000 NOT found in cache
[INFO] PDC_SERVER[16]: Fetching region from server for obj_id=32000000000
[INFO] PDC_SERVER[22]: Fetching region for obj_id=32000000000
[INFO] PDC_SERVER[25]: Fetching region for obj_id=32000000000
[INFO] PDC_SERVER[25]: Checking against Object 10000000000
[INFO] PDC_SERVER[25]: Checking against Object 11000000000
[INFO] PDC_SERVER[25]: Checking against Object 12000000000
[INFO] PDC_SERVER[25]: Checking against Object 11000000001
[INFO] PDC_SERVER[25]: Checking against Object 12000000001
[INFO] PDC_SERVER[25]: Checking against Object 13000000000
[INFO] PDC_SERVER[25]: Object 32000000000 NOT found in cache
[INFO] PDC_SERVER[25]: Fetching region from server for obj_id=32000000000
[INFO] PDC_SERVER[22]: Checking against Object 10000000000
[INFO] PDC_SERVER[22]: Checking against Object 11000000000
[INFO] PDC_SERVER[22]: Checking against Object 12000000000
[INFO] PDC_SERVER[2]: Fetching region for obj_id=32000000000
[INFO] PDC_SERVER[2]: Checking against Object 10000000000
[INFO] PDC_SERVER[2]: Checking against Object 11000000000
[INFO] PDC_SERVER[2]: Checking against Object 12000000000
[INFO] PDC_SERVER[2]: Checking against Object 11000000001
[INFO] PDC_SERVER[2]: Checking against Object 12000000001
[INFO] PDC_SERVER[2]: Checking against Object 13000000000
[INFO] PDC_SERVER[2]: Object 32000000000 NOT found in cache
[INFO] PDC_SERVER[2]: Fetching region from server for obj_id=32000000000
[INFO] PDC_SERVER[31]: Fetching region for obj_id=32000000000
[INFO] PDC_SERVER[31]: Checking against Object 10000000000
[INFO] PDC_SERVER[22]: Checking against Object 11000000001
[INFO] PDC_SERVER[22]: Checking against Object 12000000001
[INFO] PDC_SERVER[22]: Checking against Object 13000000000
[INFO] PDC_SERVER[22]: Object 32000000000 NOT found in cache
[INFO] PDC_SERVER[22]: Fetching region from server for obj_id=32000000000
[INFO] PDC_SERVER[6]: Fetching region for obj_id=32000000000
[INFO] PDC_SERVER[6]: Checking against Object 10000000000
[INFO] PDC_SERVER[6]: Checking against Object 11000000000
[INFO] PDC_SERVER[6]: Checking against Object 12000000000
[INFO] PDC_SERVER[6]: Checking against Object 11000000001
[INFO] PDC_SERVER[6]: Checking against Object 12000000001
[INFO] PDC_SERVER[6]: Checking against Object 13000000000
[INFO] PDC_SERVER[6]: Object 32000000000 NOT found in cache
[INFO] PDC_SERVER[6]: Fetching region from server for obj_id=32000000000
[INFO] PDC_SERVER[31]: Checking against Object 11000000000
[INFO] PDC_SERVER[31]: Checking against Object 12000000000
[INFO] PDC_SERVER[31]: Checking against Object 11000000001
[INFO] PDC_SERVER[31]: Checking against Object 12000000001
[INFO] PDC_SERVER[31]: Checking against Object 13000000000
[INFO] PDC_SERVER[31]: Object 32000000000 NOT found in cache
[INFO] PDC_SERVER[31]: Fetching region from server for obj_id=32000000000
[INFO] PDC_SERVER[28]: Fetching region for obj_id=32000000000
[INFO] PDC_SERVER[28]: Checking against Object 10000000000
[INFO] PDC_SERVER[28]: Checking against Object 11000000000
[INFO] PDC_SERVER[28]: Checking against Object 12000000000
[INFO] PDC_SERVER[28]: Checking against Object 11000000001
[INFO] PDC_SERVER[28]: Checking against Object 12000000001
[INFO] PDC_SERVER[28]: Checking against Object 13000000000
[INFO] PDC_SERVER[28]: Object 32000000000 NOT found in cache
[INFO] PDC_SERVER[8]: Fetching region for obj_id=32000000000
[INFO] PDC_SERVER[8]: Checking against Object 10000000000
[INFO] PDC_SERVER[8]: Checking against Object 11000000000
[INFO] PDC_SERVER[8]: Checking against Object 12000000000
[INFO] PDC_SERVER[8]: Checking against Object 11000000001
[INFO] PDC_SERVER[8]: Checking against Object 12000000001
[INFO] PDC_SERVER[8]: Checking against Object 13000000000
[INFO] PDC_SERVER[8]: Object 32000000000 NOT found in cache
[INFO] PDC_SERVER[8]: Fetching region from server for obj_id=32000000000
[INFO] PDC_SERVER[3]: Fetching region for obj_id=32000000000
[INFO] PDC_SERVER[3]: Checking against Object 10000000000
[INFO] PDC_SERVER[3]: Checking against Object 11000000000
[INFO] PDC_SERVER[3]: Checking against Object 12000000000
[INFO] PDC_SERVER[3]: Checking against Object 11000000001
[INFO] PDC_SERVER[3]: Checking against Object 12000000001
[INFO] PDC_SERVER[3]: Checking against Object 13000000000
[INFO] PDC_SERVER[3]: Object 32000000000 NOT found in cache
[INFO] PDC_SERVER[3]: Fetching region from server for obj_id=32000000000
[INFO] PDC_SERVER[28]: Fetching region from server for obj_id=32000000000
[INFO] PDC_SERVER[26]: Fetching region for obj_id=32000000000
[INFO] PDC_SERVER[26]: Checking against Object 10000000000
[INFO] PDC_SERVER[26]: Checking against Object 11000000000
[INFO] PDC_SERVER[26]: Checking against Object 12000000000
[INFO] PDC_SERVER[26]: Checking against Object 11000000001
[INFO] PDC_SERVER[26]: Checking against Object 12000000001
[INFO] PDC_SERVER[26]: Checking against Object 13000000000
[INFO] PDC_SERVER[26]: Object 32000000000 NOT found in cache
[INFO] PDC_SERVER[26]: Fetching region from server for obj_id=32000000000
[INFO] PDC_SERVER[4]: Fetching region for obj_id=32000000000
[INFO] PDC_SERVER[4]: Checking against Object 10000000000
[INFO] PDC_SERVER[4]: Checking against Object 11000000000
[INFO] PDC_SERVER[4]: Checking against Object 12000000000
[INFO] PDC_SERVER[4]: Checking against Object 11000000001
[INFO] PDC_SERVER[4]: Checking against Object 12000000001
[INFO] PDC_SERVER[4]: Checking against Object 13000000000
[INFO] PDC_SERVER[4]: Object 32000000000 NOT found in cache
[INFO] PDC_SERVER[4]: Fetching region from server for obj_id=32000000000
[INFO] PDC_SERVER[0]: Fetching region for obj_id=32000000000
[INFO] PDC_SERVER[0]: Checking against Object 10000000000
[INFO] PDC_SERVER[0]: Checking against Object 11000000000
[INFO] PDC_SERVER[0]: Checking against Object 12000000000
[INFO] PDC_SERVER[0]: Checking against Object 11000000001
[INFO] PDC_SERVER[0]: Checking against Object 12000000001
[INFO] PDC_SERVER[0]: Checking against Object 13000000000
[INFO] PDC_SERVER[0]: Object 32000000000 NOT found in cache
[INFO] PDC_SERVER[0]: Fetching region from server for obj_id=32000000000
[INFO] PDC_SERVER[1]: Fetching region for obj_id=32000000000
[INFO] PDC_SERVER[1]: Checking against Object 10000000000
[INFO] PDC_SERVER[1]: Checking against Object 11000000000
[INFO] PDC_SERVER[1]: Checking against Object 12000000000
[INFO] PDC_SERVER[1]: Checking against Object 11000000001
[INFO] PDC_SERVER[1]: Checking against Object 12000000001
[INFO] PDC_SERVER[1]: Checking against Object 13000000000
[INFO] PDC_SERVER[1]: Object 32000000000 NOT found in cache
[INFO] PDC_SERVER[1]: Fetching region from server for obj_id=32000000000
[INFO] PDC_SERVER[30]: Fetching region for obj_id=32000000000
[INFO] PDC_SERVER[30]: Checking against Object 10000000000
[INFO] PDC_SERVER[30]: Checking against Object 11000000000
[INFO] PDC_SERVER[30]: Checking against Object 12000000000
[INFO] PDC_SERVER[30]: Checking against Object 11000000001
[INFO] PDC_SERVER[30]: Checking against Object 12000000001
[INFO] PDC_SERVER[30]: Checking against Object 13000000000
[INFO] PDC_SERVER[29]: Fetching region for obj_id=32000000000
[INFO] PDC_SERVER[29]: Checking against Object 10000000000
[INFO] PDC_SERVER[29]: Checking against Object 11000000000
[INFO] PDC_SERVER[29]: Checking against Object 12000000000
[INFO] PDC_SERVER[29]: Checking against Object 11000000001
[INFO] PDC_SERVER[29]: Checking against Object 12000000001
[INFO] PDC_SERVER[29]: Checking against Object 13000000000
[INFO] PDC_SERVER[30]: Object 32000000000 NOT found in cache
[INFO] PDC_SERVER[30]: Fetching region from server for obj_id=32000000000
[INFO] PDC_SERVER[29]: Object 32000000000 NOT found in cache
[INFO] PDC_SERVER[29]: Fetching region from server for obj_id=32000000000
[INFO] PDC_SERVER[17]: Fetching region for obj_id=32000000000
[INFO] PDC_SERVER[17]: Checking against Object 10000000000
[INFO] PDC_SERVER[17]: Checking against Object 11000000000
[INFO] PDC_SERVER[17]: Checking against Object 12000000000
[INFO] PDC_SERVER[17]: Checking against Object 11000000001
[INFO] PDC_SERVER[17]: Checking against Object 12000000001
[INFO] PDC_SERVER[17]: Checking against Object 13000000000
[INFO] PDC_SERVER[17]: Object 32000000000 NOT found in cache
[INFO] PDC_SERVER[17]: Fetching region from server for obj_id=32000000000
[INFO] PDC_SERVER[23]: Fetching region for obj_id=32000000000
[INFO] PDC_SERVER[23]: Checking against Object 10000000000
[INFO] PDC_SERVER[23]: Checking against Object 11000000000
[INFO] PDC_SERVER[23]: Checking against Object 12000000000
[INFO] PDC_SERVER[23]: Checking against Object 11000000001
[INFO] PDC_SERVER[23]: Checking against Object 12000000001
[INFO] PDC_SERVER[23]: Checking against Object 13000000000
[INFO] PDC_SERVER[23]: Object 32000000000 NOT found in cache
[INFO] PDC_SERVER[23]: Fetching region from server for obj_id=32000000000
[INFO] PDC_SERVER[24]: Fetching region for obj_id=32000000000
[INFO] PDC_SERVER[24]: Checking against Object 10000000000
[INFO] PDC_SERVER[24]: Checking against Object 11000000000
[INFO] PDC_SERVER[24]: Checking against Object 12000000000
[INFO] PDC_SERVER[24]: Checking against Object 11000000001
[INFO] PDC_SERVER[24]: Checking against Object 12000000001
[INFO] PDC_SERVER[24]: Checking against Object 13000000000
[INFO] PDC_SERVER[24]: Object 32000000000 NOT found in cache
[INFO] PDC_SERVER[15]: Fetching region for obj_id=32000000000
[INFO] PDC_SERVER[15]: Checking against Object 10000000000
[INFO] PDC_SERVER[15]: Checking against Object 11000000000
[INFO] PDC_SERVER[15]: Checking against Object 12000000000
[INFO] PDC_SERVER[15]: Checking against Object 11000000001
[INFO] PDC_SERVER[15]: Checking against Object 12000000001
[INFO] PDC_SERVER[24]: Fetching region from server for obj_id=32000000000
[INFO] PDC_SERVER[9]: Fetching region for obj_id=32000000000
[INFO] PDC_SERVER[9]: Checking against Object 10000000000
[INFO] PDC_SERVER[9]: Checking against Object 11000000000
[INFO] PDC_SERVER[9]: Checking against Object 12000000000
[INFO] PDC_SERVER[9]: Checking against Object 11000000001
[INFO] PDC_SERVER[9]: Checking against Object 12000000001
[INFO] PDC_SERVER[9]: Checking against Object 13000000000
[INFO] PDC_SERVER[9]: Object 32000000000 NOT found in cache
[INFO] PDC_SERVER[9]: Fetching region from server for obj_id=32000000000
[INFO] PDC_SERVER[27]: Fetching region for obj_id=32000000000
[INFO] PDC_SERVER[27]: Checking against Object 10000000000
[INFO] PDC_SERVER[27]: Checking against Object 11000000000
[INFO] PDC_SERVER[27]: Checking against Object 12000000000
[INFO] PDC_SERVER[27]: Checking against Object 11000000001
[INFO] PDC_SERVER[27]: Checking against Object 12000000001
[INFO] PDC_SERVER[27]: Checking against Object 13000000000
[INFO] PDC_SERVER[27]: Object 32000000000 NOT found in cache
[INFO] PDC_SERVER[27]: Fetching region from server for obj_id=32000000000
[INFO] PDC_SERVER[15]: Checking against Object 13000000000
[INFO] PDC_SERVER[15]: Object 32000000000 NOT found in cache
[INFO] PDC_SERVER[15]: Fetching region from server for obj_id=32000000000
[INFO] PDC_SERVER[12]: Fetching region for obj_id=32000000000
[INFO] PDC_SERVER[12]: Checking against Object 10000000000
[INFO] PDC_SERVER[12]: Checking against Object 11000000000
[INFO] PDC_SERVER[12]: Checking against Object 12000000000
[INFO] PDC_SERVER[12]: Checking against Object 11000000001
[INFO] PDC_SERVER[18]: Fetching region for obj_id=32000000000
[INFO] PDC_SERVER[18]: Checking against Object 10000000000
[INFO] PDC_SERVER[18]: Checking against Object 11000000000
[INFO] PDC_SERVER[18]: Checking against Object 12000000000
[INFO] PDC_SERVER[18]: Checking against Object 11000000001
[INFO] PDC_SERVER[18]: Checking against Object 12000000001
[INFO] PDC_SERVER[12]: Checking against Object 12000000001
[INFO] PDC_SERVER[12]: Checking against Object 13000000000
[INFO] PDC_SERVER[12]: Object 32000000000 NOT found in cache
[INFO] PDC_SERVER[12]: Fetching region from server for obj_id=32000000000
[INFO] PDC_SERVER[18]: Checking against Object 13000000000
[INFO] PDC_SERVER[18]: Object 32000000000 NOT found in cache
[INFO] PDC_SERVER[18]: Fetching region from server for obj_id=32000000000
[INFO] PDC_SERVER[11]: Fetching region for obj_id=32000000000
[INFO] PDC_SERVER[11]: Checking against Object 10000000000
[INFO] PDC_SERVER[11]: Checking against Object 11000000000
[INFO] PDC_SERVER[11]: Checking against Object 12000000000
[INFO] PDC_SERVER[11]: Checking against Object 11000000001
[INFO] PDC_SERVER[11]: Checking against Object 12000000001
[INFO] PDC_SERVER[11]: Checking against Object 13000000000
[INFO] PDC_SERVER[11]: Object 32000000000 NOT found in cache
[INFO] PDC_SERVER[11]: Fetching region from server for obj_id=32000000000
[INFO] PDC_SERVER[5]: Fetching region for obj_id=32000000000
[INFO] PDC_SERVER[5]: Checking against Object 10000000000
[INFO] PDC_SERVER[5]: Checking against Object 11000000000
[INFO] PDC_SERVER[5]: Checking against Object 12000000000
[INFO] PDC_SERVER[5]: Checking against Object 11000000001
[INFO] PDC_SERVER[5]: Checking against Object 12000000001
[INFO] PDC_SERVER[5]: Checking against Object 13000000000
[INFO] PDC_SERVER[5]: Object 32000000000 NOT found in cache
[INFO] PDC_SERVER[5]: Fetching region from server for obj_id=32000000000
[INFO] PDC_SERVER[21]: Fetching region for obj_id=32000000000
[INFO] PDC_SERVER[21]: Checking against Object 10000000000
[INFO] PDC_SERVER[21]: Checking against Object 11000000000
[INFO] PDC_SERVER[21]: Checking against Object 12000000000
[INFO] PDC_SERVER[21]: Checking against Object 11000000001
[INFO] PDC_SERVER[21]: Checking against Object 12000000001
[INFO] PDC_SERVER[21]: Checking against Object 13000000000
[INFO] PDC_SERVER[21]: Object 32000000000 NOT found in cache
[INFO] PDC_SERVER[21]: Fetching region from server for obj_id=32000000000
[INFO] PDC_SERVER[7]: Fetching region for obj_id=32000000000
[INFO] PDC_SERVER[7]: Checking against Object 10000000000
[INFO] PDC_SERVER[7]: Checking against Object 11000000000
[INFO] PDC_SERVER[7]: Checking against Object 12000000000
[INFO] PDC_SERVER[7]: Checking against Object 11000000001
[INFO] PDC_SERVER[7]: Checking against Object 12000000001
[INFO] PDC_SERVER[7]: Checking against Object 13000000000
[INFO] PDC_SERVER[7]: Object 32000000000 NOT found in cache
[INFO] PDC_SERVER[7]: Fetching region from server for obj_id=32000000000
[13:55:44.857411] [WARNING] [pdc_tf_server.c:393] PDC_SERVER[2]: SCHED: setting CUDA device to 0 for edge 0 func=zfp_decompress
[13:55:44.857459] [WARNING] [pdc_tf_server.c:401] PDC_SERVER[2]: SCHED: executing edge 0 func=zfp_decompress dev=GPU
[13:55:44.857596] [WARNING] [pdc_tf_server.c:393] PDC_SERVER[25]: SCHED: setting CUDA device to 0 for edge 0 func=zfp_decompress
[13:55:44.857616] [WARNING] [pdc_tf_server.c:401] PDC_SERVER[25]: SCHED: executing edge 0 func=zfp_decompress dev=GPU
[13:55:44.857812] [WARNING] [pdc_tf_server.c:393] PDC_SERVER[16]: SCHED: setting CUDA device to 0 for edge 0 func=zfp_decompress
[13:55:44.857836] [WARNING] [pdc_tf_server.c:401] PDC_SERVER[16]: SCHED: executing edge 0 func=zfp_decompress dev=GPU
[13:55:44.858023] [WARNING] [pdc_tf_server.c:393] PDC_SERVER[6]: SCHED: setting CUDA device to 0 for edge 0 func=zfp_decompress
[13:55:44.858047] [WARNING] [pdc_tf_server.c:401] PDC_SERVER[6]: SCHED: executing edge 0 func=zfp_decompress dev=GPU
[13:55:44.858419] [WARNING] [pdc_tf_server.c:393] PDC_SERVER[8]: SCHED: setting CUDA device to 0 for edge 0 func=zfp_decompress
[13:55:44.858444] [WARNING] [pdc_tf_server.c:401] PDC_SERVER[8]: SCHED: executing edge 0 func=zfp_decompress dev=GPU
[13:55:44.858628] [WARNING] [pdc_tf_server.c:393] PDC_SERVER[19]: SCHED: setting CUDA device to 0 for edge 0 func=zfp_decompress
[13:55:44.858654] [WARNING] [pdc_tf_server.c:401] PDC_SERVER[19]: SCHED: executing edge 0 func=zfp_decompress dev=GPU
[13:55:44.858768] [WARNING] [pdc_tf_server.c:393] PDC_SERVER[22]: SCHED: setting CUDA device to 0 for edge 0 func=zfp_decompress
[13:55:44.858793] [WARNING] [pdc_tf_server.c:401] PDC_SERVER[22]: SCHED: executing edge 0 func=zfp_decompress dev=GPU
[13:55:44.859080] [WARNING] [pdc_tf_server.c:393] PDC_SERVER[1]: SCHED: setting CUDA device to 0 for edge 0 func=zfp_decompress
[13:55:44.859103] [WARNING] [pdc_tf_server.c:401] PDC_SERVER[1]: SCHED: executing edge 0 func=zfp_decompress dev=GPU
[13:55:44.860183] [WARNING] [pdc_tf_server.c:393] PDC_SERVER[28]: SCHED: setting CUDA device to 0 for edge 0 func=zfp_decompress
[13:55:44.860215] [WARNING] [pdc_tf_server.c:401] PDC_SERVER[28]: SCHED: executing edge 0 func=zfp_decompress dev=GPU
[13:55:44.860213] [WARNING] [pdc_tf_server.c:393] PDC_SERVER[30]: SCHED: setting CUDA device to 0 for edge 0 func=zfp_decompress
[13:55:44.860248] [WARNING] [pdc_tf_server.c:401] PDC_SERVER[30]: SCHED: executing edge 0 func=zfp_decompress dev=GPU
[13:55:44.860310] [WARNING] [pdc_tf_server.c:393] PDC_SERVER[24]: SCHED: setting CUDA device to 0 for edge 0 func=zfp_decompress
[13:55:44.860347] [WARNING] [pdc_tf_server.c:401] PDC_SERVER[24]: SCHED: executing edge 0 func=zfp_decompress dev=GPU
[13:55:44.860623] [WARNING] [pdc_tf_server.c:393] PDC_SERVER[4]: SCHED: setting CUDA device to 0 for edge 0 func=zfp_decompress
[13:55:44.860665] [WARNING] [pdc_tf_server.c:401] PDC_SERVER[4]: SCHED: executing edge 0 func=zfp_decompress dev=GPU
[13:55:44.860902] [WARNING] [pdc_tf_server.c:393] PDC_SERVER[26]: SCHED: setting CUDA device to 0 for edge 0 func=zfp_decompress
[13:55:44.860954] [WARNING] [pdc_tf_server.c:401] PDC_SERVER[26]: SCHED: executing edge 0 func=zfp_decompress dev=GPU
[13:55:44.861113] [WARNING] [pdc_tf_server.c:393] PDC_SERVER[15]: SCHED: setting CUDA device to 0 for edge 0 func=zfp_decompress
[13:55:44.861138] [WARNING] [pdc_tf_server.c:401] PDC_SERVER[15]: SCHED: executing edge 0 func=zfp_decompress dev=GPU
[13:55:44.861208] [WARNING] [pdc_tf_server.c:393] PDC_SERVER[9]: SCHED: setting CUDA device to 0 for edge 0 func=zfp_decompress
[13:55:44.861223] [WARNING] [pdc_tf_server.c:401] PDC_SERVER[9]: SCHED: executing edge 0 func=zfp_decompress dev=GPU
[13:55:44.861293] [WARNING] [pdc_tf_server.c:393] PDC_SERVER[17]: SCHED: setting CUDA device to 0 for edge 0 func=zfp_decompress
[13:55:44.861317] [WARNING] [pdc_tf_server.c:401] PDC_SERVER[17]: SCHED: executing edge 0 func=zfp_decompress dev=GPU
[13:55:44.861722] [WARNING] [pdc_tf_server.c:393] PDC_SERVER[31]: SCHED: setting CUDA device to 0 for edge 0 func=zfp_decompress
[13:55:44.861752] [WARNING] [pdc_tf_server.c:401] PDC_SERVER[31]: SCHED: executing edge 0 func=zfp_decompress dev=GPU
[13:55:44.862065] [WARNING] [pdc_tf_server.c:393] PDC_SERVER[23]: SCHED: setting CUDA device to 0 for edge 0 func=zfp_decompress
[13:55:44.862091] [WARNING] [pdc_tf_server.c:401] PDC_SERVER[23]: SCHED: executing edge 0 func=zfp_decompress dev=GPU
[13:55:44.862177] [WARNING] [pdc_tf_server.c:393] PDC_SERVER[27]: SCHED: setting CUDA device to 0 for edge 0 func=zfp_decompress
[13:55:44.862200] [WARNING] [pdc_tf_server.c:401] PDC_SERVER[27]: SCHED: executing edge 0 func=zfp_decompress dev=GPU
[13:55:44.862357] [WARNING] [pdc_tf_server.c:393] PDC_SERVER[10]: SCHED: setting CUDA device to 0 for edge 0 func=zfp_decompress
[13:55:44.862386] [WARNING] [pdc_tf_server.c:401] PDC_SERVER[10]: SCHED: executing edge 0 func=zfp_decompress dev=GPU
[13:55:44.862387] [WARNING] [pdc_tf_server.c:393] PDC_SERVER[14]: SCHED: setting CUDA device to 0 for edge 0 func=zfp_decompress
[13:55:44.862526] [WARNING] [pdc_tf_server.c:393] PDC_SERVER[20]: SCHED: setting CUDA device to 0 for edge 0 func=zfp_decompress
[13:55:44.862486] [WARNING] [pdc_tf_server.c:401] PDC_SERVER[14]: SCHED: executing edge 0 func=zfp_decompress dev=GPU
[13:55:44.862540] [WARNING] [pdc_tf_server.c:401] PDC_SERVER[20]: SCHED: executing edge 0 func=zfp_decompress dev=GPU
[13:55:44.862896] [WARNING] [pdc_tf_server.c:393] PDC_SERVER[12]: SCHED: setting CUDA device to 0 for edge 0 func=zfp_decompress
[13:55:44.862923] [WARNING] [pdc_tf_server.c:401] PDC_SERVER[12]: SCHED: executing edge 0 func=zfp_decompress dev=GPU
[13:55:44.862971] [WARNING] [pdc_tf_server.c:393] PDC_SERVER[18]: SCHED: setting CUDA device to 0 for edge 0 func=zfp_decompress
[13:55:44.862987] [WARNING] [pdc_tf_server.c:401] PDC_SERVER[18]: SCHED: executing edge 0 func=zfp_decompress dev=GPU
[13:55:44.863244] [WARNING] [pdc_tf_server.c:393] PDC_SERVER[11]: SCHED: setting CUDA device to 0 for edge 0 func=zfp_decompress
[13:55:44.863267] [WARNING] [pdc_tf_server.c:401] PDC_SERVER[11]: SCHED: executing edge 0 func=zfp_decompress dev=GPU
[13:55:44.863547] [WARNING] [pdc_tf_server.c:393] PDC_SERVER[13]: SCHED: setting CUDA device to 0 for edge 0 func=zfp_decompress
[13:55:44.863565] [WARNING] [pdc_tf_server.c:401] PDC_SERVER[13]: SCHED: executing edge 0 func=zfp_decompress dev=GPU
[13:55:44.863721] [WARNING] [pdc_tf_server.c:393] PDC_SERVER[21]: SCHED: setting CUDA device to 0 for edge 0 func=zfp_decompress
[13:55:44.863739] [WARNING] [pdc_tf_server.c:401] PDC_SERVER[21]: SCHED: executing edge 0 func=zfp_decompress dev=GPU
[13:55:44.864252] [WARNING] [pdc_tf_server.c:393] PDC_SERVER[29]: SCHED: setting CUDA device to 0 for edge 0 func=zfp_decompress
[13:55:44.864287] [WARNING] [pdc_tf_server.c:401] PDC_SERVER[29]: SCHED: executing edge 0 func=zfp_decompress dev=GPU
[13:55:44.865188] [WARNING] [pdc_tf_server.c:393] PDC_SERVER[7]: SCHED: setting CUDA device to 0 for edge 0 func=zfp_decompress
[13:55:44.865214] [WARNING] [pdc_tf_server.c:401] PDC_SERVER[7]: SCHED: executing edge 0 func=zfp_decompress dev=GPU
[13:55:44.865223] [WARNING] [pdc_tf_server.c:393] PDC_SERVER[3]: SCHED: setting CUDA device to 0 for edge 0 func=zfp_decompress
[13:55:44.865248] [WARNING] [pdc_tf_server.c:401] PDC_SERVER[3]: SCHED: executing edge 0 func=zfp_decompress dev=GPU
[INFO] PDC_SERVER[0]: Executing graph with json filepath /pscratch/sd/n/nlewi26/src/work_space/source/pdc/tf_client/graphs/zfp_gpu.json
[13:55:44.867126] [WARNING] [pdc_tf_server.c:393] PDC_SERVER[0]: SCHED: setting CUDA device to 0 for edge 0 func=zfp_decompress
[13:55:44.867145] [WARNING] [pdc_tf_server.c:401] PDC_SERVER[0]: SCHED: executing edge 0 func=zfp_decompress dev=GPU
[13:55:44.867518] [WARNING] [pdc_tf_server.c:393] PDC_SERVER[5]: SCHED: setting CUDA device to 0 for edge 0 func=zfp_decompress
[13:55:44.867557] [WARNING] [pdc_tf_server.c:401] PDC_SERVER[5]: SCHED: executing edge 0 func=zfp_decompress dev=GPU
[13:55:44.868637] [WARNING] [pdc_tf_server.c:475] PDC_SERVER[25]: SCHED: done running transformations
[13:55:44.869006] [WARNING] [pdc_tf_server.c:475] PDC_SERVER[8]: SCHED: done running transformations
[13:55:44.873040] [WARNING] [pdc_tf_server.c:475] PDC_SERVER[6]: SCHED: done running transformations
[13:55:44.873262] [WARNING] [pdc_tf_server.c:475] PDC_SERVER[4]: SCHED: done running transformations
[13:55:44.873910] [WARNING] [pdc_tf_server.c:475] PDC_SERVER[2]: SCHED: done running transformations
[13:55:44.874113] [WARNING] [pdc_tf_server.c:475] PDC_SERVER[1]: SCHED: done running transformations
[INFO] PDC_SERVER[25]: Fetching region for obj_id=32000000000
[INFO] PDC_SERVER[25]: Checking against Object 10000000000
[INFO] PDC_SERVER[25]: Checking against Object 11000000000
[INFO] PDC_SERVER[25]: Checking against Object 12000000000
[INFO] PDC_SERVER[25]: Checking against Object 11000000001
[INFO] PDC_SERVER[25]: Checking against Object 12000000001
[INFO] PDC_SERVER[25]: Checking against Object 13000000000
[INFO] PDC_SERVER[25]: Object 32000000000 NOT found in cache
[INFO] PDC_SERVER[25]: Fetching region from server for obj_id=32000000000
[INFO] PDC_SERVER[8]: Fetching region for obj_id=32000000000
[INFO] PDC_SERVER[8]: Checking against Object 10000000000
[INFO] PDC_SERVER[8]: Checking against Object 11000000000
[INFO] PDC_SERVER[8]: Checking against Object 12000000000
[INFO] PDC_SERVER[8]: Checking against Object 11000000001
[INFO] PDC_SERVER[8]: Checking against Object 12000000001
[INFO] PDC_SERVER[8]: Checking against Object 13000000000
[INFO] PDC_SERVER[8]: Object 32000000000 NOT found in cache
[INFO] PDC_SERVER[8]: Fetching region from server for obj_id=32000000000
[INFO] PDC_SERVER[4]: Fetching region for obj_id=32000000000
[INFO] PDC_SERVER[4]: Checking against Object 10000000000
[INFO] PDC_SERVER[4]: Checking against Object 11000000000
[INFO] PDC_SERVER[4]: Checking against Object 12000000000
[INFO] PDC_SERVER[4]: Checking against Object 11000000001
[INFO] PDC_SERVER[4]: Checking against Object 12000000001
[INFO] PDC_SERVER[4]: Checking against Object 13000000000
[INFO] PDC_SERVER[4]: Object 32000000000 NOT found in cache
[INFO] PDC_SERVER[4]: Fetching region from server for obj_id=32000000000
[INFO] PDC_SERVER[6]: Fetching region for obj_id=32000000000
[INFO] PDC_SERVER[6]: Checking against Object 10000000000
[INFO] PDC_SERVER[6]: Checking against Object 11000000000
[INFO] PDC_SERVER[6]: Checking against Object 12000000000
[INFO] PDC_SERVER[6]: Checking against Object 11000000001
[INFO] PDC_SERVER[6]: Checking against Object 12000000001
[INFO] PDC_SERVER[6]: Checking against Object 13000000000
[INFO] PDC_SERVER[6]: Object 32000000000 NOT found in cache
[INFO] PDC_SERVER[6]: Fetching region from server for obj_id=32000000000
[13:55:44.879886] [WARNING] [pdc_tf_server.c:475] PDC_SERVER[22]: SCHED: done running transformations
[13:55:44.880066] [WARNING] [pdc_tf_server.c:475] PDC_SERVER[9]: SCHED: done running transformations
[INFO] PDC_SERVER[2]: Fetching region for obj_id=32000000000
[INFO] PDC_SERVER[2]: Checking against Object 10000000000
[INFO] PDC_SERVER[2]: Checking against Object 11000000000
[INFO] PDC_SERVER[2]: Checking against Object 12000000000
[INFO] PDC_SERVER[2]: Checking against Object 11000000001
[INFO] PDC_SERVER[2]: Checking against Object 12000000001
[INFO] PDC_SERVER[2]: Checking against Object 13000000000
[INFO] PDC_SERVER[2]: Object 32000000000 NOT found in cache
[INFO] PDC_SERVER[2]: Fetching region from server for obj_id=32000000000
[INFO] PDC_SERVER[1]: Fetching region for obj_id=32000000000
[INFO] PDC_SERVER[1]: Checking against Object 10000000000
[INFO] PDC_SERVER[1]: Checking against Object 11000000000
[INFO] PDC_SERVER[1]: Checking against Object 12000000000
[INFO] PDC_SERVER[1]: Checking against Object 11000000001
[INFO] PDC_SERVER[1]: Checking against Object 12000000001
[INFO] PDC_SERVER[1]: Checking against Object 13000000000
[INFO] PDC_SERVER[1]: Object 32000000000 NOT found in cache
[INFO] PDC_SERVER[1]: Fetching region from server for obj_id=32000000000
[13:55:44.882113] [WARNING] [pdc_tf_server.c:475] PDC_SERVER[10]: SCHED: done running transformations
[13:55:44.882423] [WARNING] [pdc_tf_server.c:475] PDC_SERVER[3]: SCHED: done running transformations
[13:55:44.883698] [WARNING] [pdc_tf_server.c:475] PDC_SERVER[30]: SCHED: done running transformations
[13:55:44.883930] [WARNING] [pdc_tf_server.c:475] PDC_SERVER[19]: SCHED: done running transformations
[13:55:44.884540] [WARNING] [pdc_tf_server.c:475] PDC_SERVER[15]: SCHED: done running transformations
[INFO] PDC_SERVER[22]: Fetching region for obj_id=32000000000
[INFO] PDC_SERVER[22]: Checking against Object 10000000000
[INFO] PDC_SERVER[22]: Checking against Object 11000000000
[INFO] PDC_SERVER[22]: Checking against Object 12000000000
[INFO] PDC_SERVER[22]: Checking against Object 11000000001
[INFO] PDC_SERVER[22]: Checking against Object 12000000001
[INFO] PDC_SERVER[22]: Checking against Object 13000000000
[INFO] PDC_SERVER[22]: Object 32000000000 NOT found in cache
[INFO] PDC_SERVER[22]: Fetching region from server for obj_id=32000000000
[13:55:44.885786] [WARNING] [pdc_tf_server.c:475] PDC_SERVER[16]: SCHED: done running transformations
[INFO] PDC_SERVER[9]: Fetching region for obj_id=32000000000
[INFO] PDC_SERVER[9]: Checking against Object 10000000000
[INFO] PDC_SERVER[9]: Checking against Object 11000000000
[INFO] PDC_SERVER[9]: Checking against Object 12000000000
[INFO] PDC_SERVER[9]: Checking against Object 11000000001
[INFO] PDC_SERVER[9]: Checking against Object 12000000001
[INFO] PDC_SERVER[9]: Checking against Object 13000000000
[INFO] PDC_SERVER[9]: Object 32000000000 NOT found in cache
[INFO] PDC_SERVER[9]: Fetching region from server for obj_id=32000000000
[13:55:44.886376] [WARNING] [pdc_tf_server.c:475] PDC_SERVER[28]: SCHED: done running transformations
[13:55:44.886579] [WARNING] [pdc_tf_server.c:475] PDC_SERVER[24]: SCHED: done running transformations
[INFO] PDC_SERVER[10]: Fetching region for obj_id=32000000000
[INFO] PDC_SERVER[10]: Checking against Object 10000000000
[INFO] PDC_SERVER[10]: Checking against Object 11000000000
[INFO] PDC_SERVER[10]: Checking against Object 12000000000
[INFO] PDC_SERVER[10]: Checking against Object 11000000001
[INFO] PDC_SERVER[10]: Checking against Object 12000000001
[INFO] PDC_SERVER[10]: Checking against Object 13000000000
[INFO] PDC_SERVER[10]: Object 32000000000 NOT found in cache
[INFO] PDC_SERVER[10]: Fetching region from server for obj_id=32000000000
[INFO] PDC_SERVER[3]: Fetching region for obj_id=32000000000
[INFO] PDC_SERVER[3]: Checking against Object 10000000000
[INFO] PDC_SERVER[3]: Checking against Object 11000000000
[INFO] PDC_SERVER[3]: Checking against Object 12000000000
[INFO] PDC_SERVER[3]: Checking against Object 11000000001
[INFO] PDC_SERVER[3]: Checking against Object 12000000001
[INFO] PDC_SERVER[3]: Checking against Object 13000000000
[13:55:44.887405] [WARNING] [pdc_tf_server.c:475] PDC_SERVER[31]: SCHED: done running transformations
[INFO] PDC_SERVER[3]: Object 32000000000 NOT found in cache
[INFO] PDC_SERVER[3]: Fetching region from server for obj_id=32000000000
[13:55:44.887683] [WARNING] [pdc_tf_server.c:475] PDC_SERVER[13]: SCHED: done running transformations
[13:55:44.888122] [WARNING] [pdc_tf_server.c:475] PDC_SERVER[27]: SCHED: done running transformations
[13:55:44.888224] [WARNING] [pdc_tf_server.c:475] PDC_SERVER[29]: SCHED: done running transformations
[13:55:44.888315] [WARNING] [pdc_tf_server.c:475] PDC_SERVER[26]: SCHED: done running transformations
[INFO] PDC_SERVER[19]: Fetching region for obj_id=32000000000
[INFO] PDC_SERVER[19]: Checking against Object 10000000000
[INFO] PDC_SERVER[19]: Checking against Object 11000000000
[INFO] PDC_SERVER[19]: Checking against Object 12000000000
[INFO] PDC_SERVER[19]: Checking against Object 11000000001
[INFO] PDC_SERVER[19]: Checking against Object 12000000001
[INFO] PDC_SERVER[19]: Checking against Object 13000000000
[INFO] PDC_SERVER[19]: Object 32000000000 NOT found in cache
[INFO] PDC_SERVER[19]: Fetching region from server for obj_id=32000000000
[13:55:44.889155] [WARNING] [pdc_tf_server.c:475] PDC_SERVER[20]: SCHED: done running transformations
[INFO] PDC_SERVER[30]: Fetching region for obj_id=32000000000
[INFO] PDC_SERVER[30]: Checking against Object 10000000000
[INFO] PDC_SERVER[30]: Checking against Object 11000000000
[INFO] PDC_SERVER[30]: Checking against Object 12000000000
[INFO] PDC_SERVER[30]: Checking against Object 11000000001
[INFO] PDC_SERVER[30]: Checking against Object 12000000001
[INFO] PDC_SERVER[30]: Checking against Object 13000000000
[INFO] PDC_SERVER[30]: Object 32000000000 NOT found in cache
[INFO] PDC_SERVER[30]: Fetching region from server for obj_id=32000000000
[13:55:44.891169] [WARNING] [pdc_tf_server.c:475] PDC_SERVER[23]: SCHED: done running transformations
[13:55:44.892716] [WARNING] [pdc_tf_server.c:475] PDC_SERVER[14]: SCHED: done running transformations
[13:55:44.893106] [WARNING] [pdc_tf_server.c:393] PDC_SERVER[25]: SCHED: setting CUDA device to 0 for edge 0 func=zfp_decompress
[13:55:44.893128] [WARNING] [pdc_tf_server.c:401] PDC_SERVER[25]: SCHED: executing edge 0 func=zfp_decompress dev=GPU
[INFO] PDC_SERVER[13]: Fetching region for obj_id=32000000000
[INFO] PDC_SERVER[13]: Checking against Object 10000000000
[INFO] PDC_SERVER[13]: Checking against Object 11000000000
[INFO] PDC_SERVER[13]: Checking against Object 12000000000
[INFO] PDC_SERVER[13]: Checking against Object 11000000001
[INFO] PDC_SERVER[13]: Checking against Object 12000000001
[INFO] PDC_SERVER[13]: Checking against Object 13000000000
[INFO] PDC_SERVER[13]: Object 32000000000 NOT found in cache
[INFO] PDC_SERVER[13]: Fetching region from server for obj_id=32000000000
[13:55:44.893261] [WARNING] [pdc_tf_server.c:475] PDC_SERVER[12]: SCHED: done running transformations
[INFO] PDC_SERVER[29]: Fetching region for obj_id=32000000000
[INFO] PDC_SERVER[29]: Checking against Object 10000000000
[INFO] PDC_SERVER[29]: Checking against Object 11000000000
[INFO] PDC_SERVER[29]: Checking against Object 12000000000
[INFO] PDC_SERVER[29]: Checking against Object 11000000001
[INFO] PDC_SERVER[29]: Checking against Object 12000000001
[INFO] PDC_SERVER[29]: Checking against Object 13000000000
[INFO] PDC_SERVER[29]: Object 32000000000 NOT found in cache
[INFO] PDC_SERVER[29]: Fetching region from server for obj_id=32000000000
[13:55:44.893503] [WARNING] [pdc_tf_server.c:475] PDC_SERVER[11]: SCHED: done running transformations
[INFO] PDC_SERVER[24]: Fetching region for obj_id=32000000000
[INFO] PDC_SERVER[24]: Checking against Object 10000000000
[INFO] PDC_SERVER[24]: Checking against Object 11000000000
[INFO] PDC_SERVER[24]: Checking against Object 12000000000
[INFO] PDC_SERVER[24]: Checking against Object 11000000001
[INFO] PDC_SERVER[24]: Checking against Object 12000000001
[INFO] PDC_SERVER[24]: Checking against Object 13000000000
[INFO] PDC_SERVER[24]: Object 32000000000 NOT found in cache
[INFO] PDC_SERVER[24]: Fetching region from server for obj_id=32000000000
[INFO] PDC_SERVER[31]: Fetching region for obj_id=32000000000
[INFO] PDC_SERVER[31]: Checking against Object 10000000000
[INFO] PDC_SERVER[31]: Checking against Object 11000000000
[INFO] PDC_SERVER[31]: Checking against Object 12000000000
[INFO] PDC_SERVER[31]: Checking against Object 11000000001
[INFO] PDC_SERVER[31]: Checking against Object 12000000001
[INFO] PDC_SERVER[31]: Checking against Object 13000000000
[INFO] PDC_SERVER[31]: Object 32000000000 NOT found in cache
[INFO] PDC_SERVER[31]: Fetching region from server for obj_id=32000000000
[13:55:44.894426] [WARNING] [pdc_tf_server.c:393] PDC_SERVER[8]: SCHED: setting CUDA device to 0 for edge 0 func=zfp_decompress
[13:55:44.894444] [WARNING] [pdc_tf_server.c:401] PDC_SERVER[8]: SCHED: executing edge 0 func=zfp_decompress dev=GPU
[INFO] PDC_SERVER[20]: Fetching region for obj_id=32000000000
[INFO] PDC_SERVER[20]: Checking against Object 10000000000
[INFO] PDC_SERVER[20]: Checking against Object 11000000000
[INFO] PDC_SERVER[20]: Checking against Object 12000000000
[INFO] PDC_SERVER[20]: Checking against Object 11000000001
[INFO] PDC_SERVER[20]: Checking against Object 12000000001
[INFO] PDC_SERVER[20]: Checking against Object 13000000000
[INFO] PDC_SERVER[20]: Object 32000000000 NOT found in cache
[INFO] PDC_SERVER[20]: Fetching region from server for obj_id=32000000000
[INFO] PDC_SERVER[28]: Fetching region for obj_id=32000000000
[INFO] PDC_SERVER[28]: Checking against Object 10000000000
[INFO] PDC_SERVER[28]: Checking against Object 11000000000
[INFO] PDC_SERVER[28]: Checking against Object 12000000000
[INFO] PDC_SERVER[28]: Checking against Object 11000000001
[INFO] PDC_SERVER[28]: Checking against Object 12000000001
[INFO] PDC_SERVER[28]: Checking against Object 13000000000
[INFO] PDC_SERVER[28]: Object 32000000000 NOT found in cache
[INFO] PDC_SERVER[28]: Fetching region from server for obj_id=32000000000
[13:55:44.895088] [WARNING] [pdc_tf_server.c:475] PDC_SERVER[7]: SCHED: done running transformations
[INFO] PDC_SERVER[27]: Fetching region for obj_id=32000000000
[INFO] PDC_SERVER[27]: Checking against Object 10000000000
[INFO] PDC_SERVER[27]: Checking against Object 11000000000
[INFO] PDC_SERVER[27]: Checking against Object 12000000000
[INFO] PDC_SERVER[27]: Checking against Object 11000000001
[INFO] PDC_SERVER[27]: Checking against Object 12000000001
[INFO] PDC_SERVER[27]: Checking against Object 13000000000
[INFO] PDC_SERVER[27]: Object 32000000000 NOT found in cache
[INFO] PDC_SERVER[27]: Fetching region from server for obj_id=32000000000
[INFO] PDC_SERVER[26]: Fetching region for obj_id=32000000000
[INFO] PDC_SERVER[26]: Checking against Object 10000000000
[INFO] PDC_SERVER[26]: Checking against Object 11000000000
[INFO] PDC_SERVER[26]: Checking against Object 12000000000
[INFO] PDC_SERVER[26]: Checking against Object 11000000001
[INFO] PDC_SERVER[26]: Checking against Object 12000000001
[INFO] PDC_SERVER[26]: Checking against Object 13000000000
[INFO] PDC_SERVER[26]: Object 32000000000 NOT found in cache
[INFO] PDC_SERVER[26]: Fetching region from server for obj_id=32000000000
[INFO] PDC_SERVER[15]: Fetching region for obj_id=32000000000
[INFO] PDC_SERVER[15]: Checking against Object 10000000000
[INFO] PDC_SERVER[15]: Checking against Object 11000000000
[INFO] PDC_SERVER[15]: Checking against Object 12000000000
[INFO] PDC_SERVER[15]: Checking against Object 11000000001
[INFO] PDC_SERVER[15]: Checking against Object 12000000001
[INFO] PDC_SERVER[15]: Checking against Object 13000000000
[INFO] PDC_SERVER[15]: Object 32000000000 NOT found in cache
[INFO] PDC_SERVER[15]: Fetching region from server for obj_id=32000000000
[13:55:44.896171] [WARNING] [pdc_tf_server.c:393] PDC_SERVER[6]: SCHED: setting CUDA device to 0 for edge 0 func=zfp_decompress
[13:55:44.896193] [WARNING] [pdc_tf_server.c:401] PDC_SERVER[6]: SCHED: executing edge 0 func=zfp_decompress dev=GPU
[13:55:44.896760] [WARNING] [pdc_tf_server.c:475] PDC_SERVER[5]: SCHED: done running transformations
[INFO] PDC_SERVER[23]: Fetching region for obj_id=32000000000
[INFO] PDC_SERVER[23]: Checking against Object 10000000000
[INFO] PDC_SERVER[23]: Checking against Object 11000000000
[INFO] PDC_SERVER[23]: Checking against Object 12000000000
[INFO] PDC_SERVER[23]: Checking against Object 11000000001
[INFO] PDC_SERVER[23]: Checking against Object 12000000001
[INFO] PDC_SERVER[23]: Checking against Object 13000000000
[INFO] PDC_SERVER[23]: Object 32000000000 NOT found in cache
[INFO] PDC_SERVER[23]: Fetching region from server for obj_id=32000000000
[13:55:44.899131] [WARNING] [pdc_tf_server.c:393] PDC_SERVER[4]: SCHED: setting CUDA device to 0 for edge 0 func=zfp_decompress
[13:55:44.899162] [WARNING] [pdc_tf_server.c:401] PDC_SERVER[4]: SCHED: executing edge 0 func=zfp_decompress dev=GPU
[INFO] PDC_SERVER[14]: Fetching region for obj_id=32000000000
[INFO] PDC_SERVER[14]: Checking against Object 10000000000
[INFO] PDC_SERVER[14]: Checking against Object 11000000000
[INFO] PDC_SERVER[14]: Checking against Object 12000000000
[INFO] PDC_SERVER[14]: Checking against Object 11000000001
[INFO] PDC_SERVER[14]: Checking against Object 12000000001
[INFO] PDC_SERVER[14]: Checking against Object 13000000000
[INFO] PDC_SERVER[14]: Object 32000000000 NOT found in cache
[INFO] PDC_SERVER[14]: Fetching region from server for obj_id=32000000000
[INFO] PDC_SERVER[16]: Fetching region for obj_id=32000000000
[INFO] PDC_SERVER[16]: Checking against Object 10000000000
[INFO] PDC_SERVER[16]: Checking against Object 11000000000
[INFO] PDC_SERVER[16]: Checking against Object 12000000000
[INFO] PDC_SERVER[16]: Checking against Object 11000000001
[INFO] PDC_SERVER[16]: Checking against Object 12000000001
[INFO] PDC_SERVER[16]: Checking against Object 13000000000
[INFO] PDC_SERVER[16]: Object 32000000000 NOT found in cache
[INFO] PDC_SERVER[16]: Fetching region from server for obj_id=32000000000
[13:55:44.900855] [WARNING] [pdc_tf_server.c:475] PDC_SERVER[0]: SCHED: done running transformations
[13:55:44.901202] [WARNING] [pdc_tf_server.c:393] PDC_SERVER[22]: SCHED: setting CUDA device to 0 for edge 0 func=zfp_decompress
[13:55:44.901228] [WARNING] [pdc_tf_server.c:401] PDC_SERVER[22]: SCHED: executing edge 0 func=zfp_decompress dev=GPU
[13:55:44.901497] [WARNING] [pdc_tf_server.c:475] PDC_SERVER[18]: SCHED: done running transformations
[13:55:44.903302] [WARNING] [pdc_tf_server.c:393] PDC_SERVER[10]: SCHED: setting CUDA device to 0 for edge 0 func=zfp_decompress
[13:55:44.903330] [WARNING] [pdc_tf_server.c:401] PDC_SERVER[10]: SCHED: executing edge 0 func=zfp_decompress dev=GPU
[13:55:44.903494] [WARNING] [pdc_tf_server.c:393] PDC_SERVER[9]: SCHED: setting CUDA device to 0 for edge 0 func=zfp_decompress
[13:55:44.903516] [WARNING] [pdc_tf_server.c:401] PDC_SERVER[9]: SCHED: executing edge 0 func=zfp_decompress dev=GPU
[13:55:44.903477] [WARNING] [pdc_tf_server.c:393] PDC_SERVER[1]: SCHED: setting CUDA device to 0 for edge 0 func=zfp_decompress
[13:55:44.903499] [WARNING] [pdc_tf_server.c:401] PDC_SERVER[1]: SCHED: executing edge 0 func=zfp_decompress dev=GPU
[13:55:44.903507] [WARNING] [pdc_tf_server.c:393] PDC_SERVER[3]: SCHED: setting CUDA device to 0 for edge 0 func=zfp_decompress
[13:55:44.903522] [WARNING] [pdc_tf_server.c:401] PDC_SERVER[3]: SCHED: executing edge 0 func=zfp_decompress dev=GPU
[INFO] PDC_SERVER[12]: Fetching region for obj_id=32000000000
[INFO] PDC_SERVER[12]: Checking against Object 10000000000
[INFO] PDC_SERVER[12]: Checking against Object 11000000000
[INFO] PDC_SERVER[12]: Checking against Object 12000000000
[INFO] PDC_SERVER[12]: Checking against Object 11000000001
[INFO] PDC_SERVER[12]: Checking against Object 12000000001
[INFO] PDC_SERVER[12]: Checking against Object 13000000000
[INFO] PDC_SERVER[12]: Object 32000000000 NOT found in cache
[INFO] PDC_SERVER[12]: Fetching region from server for obj_id=32000000000
[INFO] PDC_SERVER[11]: Fetching region for obj_id=32000000000
[INFO] PDC_SERVER[11]: Checking against Object 10000000000
[INFO] PDC_SERVER[11]: Checking against Object 11000000000
[INFO] PDC_SERVER[11]: Checking against Object 12000000000
[INFO] PDC_SERVER[11]: Checking against Object 11000000001
[INFO] PDC_SERVER[11]: Checking against Object 12000000001
[INFO] PDC_SERVER[11]: Checking against Object 13000000000
[INFO] PDC_SERVER[11]: Object 32000000000 NOT found in cache
[INFO] PDC_SERVER[11]: Fetching region from server for obj_id=32000000000
[13:55:44.904606] [WARNING] [pdc_tf_server.c:393] PDC_SERVER[19]: SCHED: setting CUDA device to 0 for edge 0 func=zfp_decompress
[13:55:44.904618] [WARNING] [pdc_tf_server.c:401] PDC_SERVER[19]: SCHED: executing edge 0 func=zfp_decompress dev=GPU
[13:55:44.904537] [WARNING] [pdc_tf_server.c:393] PDC_SERVER[2]: SCHED: setting CUDA device to 0 for edge 0 func=zfp_decompress
[13:55:44.904557] [WARNING] [pdc_tf_server.c:401] PDC_SERVER[2]: SCHED: executing edge 0 func=zfp_decompress dev=GPU
[INFO] PDC_SERVER[5]: Fetching region for obj_id=32000000000
[INFO] PDC_SERVER[5]: Checking against Object 10000000000
[INFO] PDC_SERVER[5]: Checking against Object 11000000000
[INFO] PDC_SERVER[5]: Checking against Object 12000000000
[INFO] PDC_SERVER[5]: Checking against Object 11000000001
[INFO] PDC_SERVER[5]: Checking against Object 12000000001
[INFO] PDC_SERVER[5]: Checking against Object 13000000000
[INFO] PDC_SERVER[5]: Object 32000000000 NOT found in cache
[INFO] PDC_SERVER[5]: Fetching region from server for obj_id=32000000000
[INFO] PDC_SERVER[7]: Fetching region for obj_id=32000000000
[INFO] PDC_SERVER[7]: Checking against Object 10000000000
[INFO] PDC_SERVER[7]: Checking against Object 11000000000
[INFO] PDC_SERVER[7]: Checking against Object 12000000000
[INFO] PDC_SERVER[7]: Checking against Object 11000000001
[INFO] PDC_SERVER[7]: Checking against Object 12000000001
[INFO] PDC_SERVER[7]: Checking against Object 13000000000
[INFO] PDC_SERVER[7]: Object 32000000000 NOT found in cache
[INFO] PDC_SERVER[7]: Fetching region from server for obj_id=32000000000
[13:55:44.906952] [WARNING] [pdc_tf_server.c:475] PDC_SERVER[8]: SCHED: done running transformations
[INFO] PDC_SERVER[18]: Fetching region for obj_id=32000000000
[INFO] PDC_SERVER[18]: Checking against Object 10000000000
[INFO] PDC_SERVER[18]: Checking against Object 11000000000
[INFO] PDC_SERVER[18]: Checking against Object 12000000000
[INFO] PDC_SERVER[18]: Checking against Object 11000000001
[INFO] PDC_SERVER[18]: Checking against Object 12000000001
[INFO] PDC_SERVER[18]: Checking against Object 13000000000
[INFO] PDC_SERVER[18]: Object 32000000000 NOT found in cache
[INFO] PDC_SERVER[18]: Fetching region from server for obj_id=32000000000
[13:55:44.909472] [WARNING] [pdc_tf_server.c:475] PDC_SERVER[25]: SCHED: done running transformations
[13:55:44.909536] [WARNING] [pdc_tf_server.c:393] PDC_SERVER[29]: SCHED: setting CUDA device to 0 for edge 0 func=zfp_decompress
[13:55:44.909561] [WARNING] [pdc_tf_server.c:401] PDC_SERVER[29]: SCHED: executing edge 0 func=zfp_decompress dev=GPU
[13:55:44.910656] [WARNING] [pdc_tf_server.c:393] PDC_SERVER[24]: SCHED: setting CUDA device to 0 for edge 0 func=zfp_decompress
[13:55:44.910679] [WARNING] [pdc_tf_server.c:401] PDC_SERVER[24]: SCHED: executing edge 0 func=zfp_decompress dev=GPU
[13:55:44.910652] [WARNING] [pdc_tf_server.c:393] PDC_SERVER[30]: SCHED: setting CUDA device to 0 for edge 0 func=zfp_decompress
[13:55:44.910682] [WARNING] [pdc_tf_server.c:401] PDC_SERVER[30]: SCHED: executing edge 0 func=zfp_decompress dev=GPU
[13:55:44.911466] [WARNING] [pdc_tf_server.c:475] PDC_SERVER[21]: SCHED: done running transformations
[13:55:44.911529] [WARNING] [pdc_tf_server.c:475] PDC_SERVER[17]: SCHED: done running transformations
[13:55:44.911725] [WARNING] [pdc_tf_server.c:393] PDC_SERVER[20]: SCHED: setting CUDA device to 0 for edge 0 func=zfp_decompress
[13:55:44.911759] [WARNING] [pdc_tf_server.c:401] PDC_SERVER[20]: SCHED: executing edge 0 func=zfp_decompress dev=GPU
[INFO] PDC_SERVER[0]: Fetching region for obj_id=32000000000
[INFO] PDC_SERVER[0]: Checking against Object 10000000000
[INFO] PDC_SERVER[0]: Checking against Object 11000000000
[INFO] PDC_SERVER[0]: Checking against Object 12000000000
[INFO] PDC_SERVER[0]: Checking against Object 11000000001
[INFO] PDC_SERVER[0]: Checking against Object 12000000001
[INFO] PDC_SERVER[0]: Checking against Object 13000000000
[INFO] PDC_SERVER[0]: Object 32000000000 NOT found in cache
[INFO] PDC_SERVER[0]: Fetching region from server for obj_id=32000000000
[INFO] PDC_SERVER[8]: Fetching region for obj_id=32000000000
[INFO] PDC_SERVER[8]: Checking against Object 10000000000
[INFO] PDC_SERVER[8]: Checking against Object 11000000000
[INFO] PDC_SERVER[8]: Checking against Object 12000000000
[INFO] PDC_SERVER[8]: Checking against Object 11000000001
[INFO] PDC_SERVER[8]: Checking against Object 12000000001
[INFO] PDC_SERVER[8]: Checking against Object 13000000000
[INFO] PDC_SERVER[8]: Object 32000000000 NOT found in cache
[13:55:44.912139] [WARNING] [pdc_tf_server.c:393] PDC_SERVER[27]: SCHED: setting CUDA device to 0 for edge 0 func=zfp_decompress
[13:55:44.912154] [WARNING] [pdc_tf_server.c:401] PDC_SERVER[27]: SCHED: executing edge 0 func=zfp_decompress dev=GPU
[INFO] PDC_SERVER[8]: Fetching region from server for obj_id=32000000000
[13:55:44.912213] [WARNING] [pdc_tf_server.c:475] PDC_SERVER[6]: SCHED: done running transformations
[13:55:44.912316] [WARNING] [pdc_tf_server.c:393] PDC_SERVER[28]: SCHED: setting CUDA device to 0 for edge 0 func=zfp_decompress
[13:55:44.912341] [WARNING] [pdc_tf_server.c:401] PDC_SERVER[28]: SCHED: executing edge 0 func=zfp_decompress dev=GPU
[13:55:44.913362] [WARNING] [pdc_tf_server.c:475] PDC_SERVER[4]: SCHED: done running transformations
[13:55:44.913957] [WARNING] [pdc_tf_server.c:393] PDC_SERVER[23]: SCHED: setting CUDA device to 0 for edge 0 func=zfp_decompress
[13:55:44.913976] [WARNING] [pdc_tf_server.c:401] PDC_SERVER[23]: SCHED: executing edge 0 func=zfp_decompress dev=GPU
[INFO] PDC_SERVER[25]: Fetching region for obj_id=32000000000
[INFO] PDC_SERVER[25]: Checking against Object 10000000000
[INFO] PDC_SERVER[25]: Checking against Object 11000000000
[INFO] PDC_SERVER[25]: Checking against Object 12000000000
[INFO] PDC_SERVER[25]: Checking against Object 11000000001
[INFO] PDC_SERVER[25]: Checking against Object 12000000001
[INFO] PDC_SERVER[25]: Checking against Object 13000000000
[INFO] PDC_SERVER[25]: Object 32000000000 NOT found in cache
[INFO] PDC_SERVER[25]: Fetching region from server for obj_id=32000000000
[13:55:44.915783] [WARNING] [pdc_tf_server.c:393] PDC_SERVER[26]: SCHED: setting CUDA device to 0 for edge 0 func=zfp_decompress
[13:55:44.915832] [WARNING] [pdc_tf_server.c:401] PDC_SERVER[26]: SCHED: executing edge 0 func=zfp_decompress dev=GPU
[13:55:44.917148] [WARNING] [pdc_tf_server.c:475] PDC_SERVER[10]: SCHED: done running transformations
[13:55:44.917376] [WARNING] [pdc_tf_server.c:475] PDC_SERVER[9]: SCHED: done running transformations
[13:55:44.917347] [WARNING] [pdc_tf_server.c:475] PDC_SERVER[3]: SCHED: done running transformations
[13:55:44.917741] [WARNING] [pdc_tf_server.c:393] PDC_SERVER[14]: SCHED: setting CUDA device to 0 for edge 0 func=zfp_decompress
[13:55:44.917763] [WARNING] [pdc_tf_server.c:401] PDC_SERVER[14]: SCHED: executing edge 0 func=zfp_decompress dev=GPU
[13:55:44.917814] [WARNING] [pdc_tf_server.c:393] PDC_SERVER[31]: SCHED: setting CUDA device to 0 for edge 0 func=zfp_decompress
[13:55:44.917847] [WARNING] [pdc_tf_server.c:401] PDC_SERVER[31]: SCHED: executing edge 0 func=zfp_decompress dev=GPU
[INFO] PDC_SERVER[4]: Fetching region for obj_id=32000000000
[INFO] PDC_SERVER[4]: Checking against Object 10000000000
[INFO] PDC_SERVER[4]: Checking against Object 11000000000
[INFO] PDC_SERVER[4]: Checking against Object 12000000000
[INFO] PDC_SERVER[4]: Checking against Object 11000000001
[INFO] PDC_SERVER[4]: Checking against Object 12000000001
[INFO] PDC_SERVER[4]: Checking against Object 13000000000
[INFO] PDC_SERVER[4]: Object 32000000000 NOT found in cache
[INFO] PDC_SERVER[4]: Fetching region from server for obj_id=32000000000
[13:55:44.919870] [WARNING] [pdc_tf_server.c:393] PDC_SERVER[16]: SCHED: setting CUDA device to 0 for edge 0 func=zfp_decompress
[13:55:44.919890] [WARNING] [pdc_tf_server.c:401] PDC_SERVER[16]: SCHED: executing edge 0 func=zfp_decompress dev=GPU
[INFO] PDC_SERVER[21]: Fetching region for obj_id=32000000000
[INFO] PDC_SERVER[21]: Checking against Object 10000000000
[INFO] PDC_SERVER[21]: Checking against Object 11000000000
[INFO] PDC_SERVER[21]: Checking against Object 12000000000
[INFO] PDC_SERVER[21]: Checking against Object 11000000001
[INFO] PDC_SERVER[21]: Checking against Object 12000000001
[INFO] PDC_SERVER[21]: Checking against Object 13000000000
[INFO] PDC_SERVER[21]: Object 32000000000 NOT found in cache
[INFO] PDC_SERVER[21]: Fetching region from server for obj_id=32000000000
[13:55:44.920832] [WARNING] [pdc_tf_server.c:393] PDC_SERVER[15]: SCHED: setting CUDA device to 0 for edge 0 func=zfp_decompress
[13:55:44.920878] [WARNING] [pdc_tf_server.c:393] PDC_SERVER[11]: SCHED: setting CUDA device to 0 for edge 0 func=zfp_decompress
[13:55:44.920893] [WARNING] [pdc_tf_server.c:401] PDC_SERVER[11]: SCHED: executing edge 0 func=zfp_decompress dev=GPU
[13:55:44.920890] [WARNING] [pdc_tf_server.c:393] PDC_SERVER[12]: SCHED: setting CUDA device to 0 for edge 0 func=zfp_decompress
[13:55:44.920905] [WARNING] [pdc_tf_server.c:401] PDC_SERVER[12]: SCHED: executing edge 0 func=zfp_decompress dev=GPU
[13:55:44.920891] [WARNING] [pdc_tf_server.c:401] PDC_SERVER[15]: SCHED: executing edge 0 func=zfp_decompress dev=GPU
[13:55:44.921085] [WARNING] [pdc_tf_server.c:475] PDC_SERVER[22]: SCHED: done running transformations
[13:55:44.920960] [WARNING] [pdc_tf_server.c:393] PDC_SERVER[13]: SCHED: setting CUDA device to 0 for edge 0 func=zfp_decompress
[13:55:44.920988] [WARNING] [pdc_tf_server.c:401] PDC_SERVER[13]: SCHED: executing edge 0 func=zfp_decompress dev=GPU
[INFO] PDC_SERVER[6]: Fetching region for obj_id=32000000000
[INFO] PDC_SERVER[6]: Checking against Object 10000000000
[INFO] PDC_SERVER[6]: Checking against Object 11000000000
[INFO] PDC_SERVER[6]: Checking against Object 12000000000
[INFO] PDC_SERVER[6]: Checking against Object 11000000001
[INFO] PDC_SERVER[6]: Checking against Object 12000000001
[INFO] PDC_SERVER[6]: Checking against Object 13000000000
[INFO] PDC_SERVER[6]: Object 32000000000 NOT found in cache
[INFO] PDC_SERVER[6]: Fetching region from server for obj_id=32000000000
[13:55:44.921861] [WARNING] [pdc_tf_server.c:475] PDC_SERVER[2]: SCHED: done running transformations
[INFO] PDC_SERVER[3]: Fetching region for obj_id=32000000000
[INFO] PDC_SERVER[3]: Checking against Object 10000000000
[INFO] PDC_SERVER[3]: Checking against Object 11000000000
[INFO] PDC_SERVER[3]: Checking against Object 12000000000
[INFO] PDC_SERVER[3]: Checking against Object 11000000001
[INFO] PDC_SERVER[3]: Checking against Object 12000000001
[INFO] PDC_SERVER[3]: Checking against Object 13000000000
[INFO] PDC_SERVER[3]: Object 32000000000 NOT found in cache
[INFO] PDC_SERVER[3]: Fetching region from server for obj_id=32000000000
[INFO] PDC_SERVER[17]: Fetching region for obj_id=32000000000
[INFO] PDC_SERVER[17]: Checking against Object 10000000000
[INFO] PDC_SERVER[17]: Checking against Object 11000000000
[INFO] PDC_SERVER[17]: Checking against Object 12000000000
[INFO] PDC_SERVER[17]: Checking against Object 11000000001
[INFO] PDC_SERVER[17]: Checking against Object 12000000001
[13:55:44.922549] [WARNING] [pdc_tf_server.c:475] PDC_SERVER[29]: SCHED: done running transformations
[INFO] PDC_SERVER[17]: Checking against Object 13000000000
[INFO] PDC_SERVER[17]: Object 32000000000 NOT found in cache
[INFO] PDC_SERVER[17]: Fetching region from server for obj_id=32000000000
[13:55:44.922942] [WARNING] [pdc_tf_server.c:393] PDC_SERVER[5]: SCHED: setting CUDA device to 0 for edge 0 func=zfp_decompress
[13:55:44.922966] [WARNING] [pdc_tf_server.c:401] PDC_SERVER[5]: SCHED: executing edge 0 func=zfp_decompress dev=GPU
[INFO] PDC_SERVER[10]: Fetching region for obj_id=32000000000
[INFO] PDC_SERVER[10]: Checking against Object 10000000000
[INFO] PDC_SERVER[10]: Checking against Object 11000000000
[INFO] PDC_SERVER[10]: Checking against Object 12000000000
[INFO] PDC_SERVER[10]: Checking against Object 11000000001
[INFO] PDC_SERVER[10]: Checking against Object 12000000001
[INFO] PDC_SERVER[10]: Checking against Object 13000000000
[INFO] PDC_SERVER[10]: Object 32000000000 NOT found in cache
[INFO] PDC_SERVER[10]: Fetching region from server for obj_id=32000000000
[INFO] PDC_SERVER[9]: Fetching region for obj_id=32000000000
[INFO] PDC_SERVER[9]: Checking against Object 10000000000
[INFO] PDC_SERVER[9]: Checking against Object 11000000000
[INFO] PDC_SERVER[9]: Checking against Object 12000000000
[INFO] PDC_SERVER[9]: Checking against Object 11000000001
[INFO] PDC_SERVER[9]: Checking against Object 12000000001
[INFO] PDC_SERVER[9]: Checking against Object 13000000000
[INFO] PDC_SERVER[9]: Object 32000000000 NOT found in cache
[INFO] PDC_SERVER[9]: Fetching region from server for obj_id=32000000000
[13:55:44.924827] [WARNING] [pdc_tf_server.c:475] PDC_SERVER[1]: SCHED: done running transformations
[13:55:44.925209] [WARNING] [pdc_tf_server.c:393] PDC_SERVER[7]: SCHED: setting CUDA device to 0 for edge 0 func=zfp_decompress
[13:55:44.925228] [WARNING] [pdc_tf_server.c:401] PDC_SERVER[7]: SCHED: executing edge 0 func=zfp_decompress dev=GPU
[13:55:44.925675] [WARNING] [pdc_tf_server.c:475] PDC_SERVER[19]: SCHED: done running transformations
[13:55:44.926546] [WARNING] [pdc_tf_server.c:475] PDC_SERVER[24]: SCHED: done running transformations
[INFO] PDC_SERVER[22]: Fetching region for obj_id=32000000000
[INFO] PDC_SERVER[22]: Checking against Object 10000000000
[INFO] PDC_SERVER[22]: Checking against Object 11000000000
[INFO] PDC_SERVER[22]: Checking against Object 12000000000
[13:55:44.927129] [WARNING] [pdc_tf_server.c:475] PDC_SERVER[30]: SCHED: done running transformations
[INFO] PDC_SERVER[22]: Checking against Object 11000000001
[INFO] PDC_SERVER[22]: Checking against Object 12000000001
[INFO] PDC_SERVER[22]: Checking against Object 13000000000
[INFO] PDC_SERVER[22]: Object 32000000000 NOT found in cache
[INFO] PDC_SERVER[22]: Fetching region from server for obj_id=32000000000
[13:55:44.927511] [WARNING] [pdc_tf_server.c:475] PDC_SERVER[23]: SCHED: done running transformations
[INFO] PDC_SERVER[29]: Fetching region for obj_id=32000000000
[INFO] PDC_SERVER[29]: Checking against Object 10000000000
[INFO] PDC_SERVER[29]: Checking against Object 11000000000
[INFO] PDC_SERVER[29]: Checking against Object 12000000000
[INFO] PDC_SERVER[29]: Checking against Object 11000000001
[INFO] PDC_SERVER[29]: Checking against Object 12000000001
[INFO] PDC_SERVER[29]: Checking against Object 13000000000
[INFO] PDC_SERVER[29]: Object 32000000000 NOT found in cache
[INFO] PDC_SERVER[29]: Fetching region from server for obj_id=32000000000
[13:55:44.929584] [WARNING] [pdc_tf_server.c:393] PDC_SERVER[8]: SCHED: setting CUDA device to 0 for edge 0 func=zfp_decompress
[13:55:44.929603] [WARNING] [pdc_tf_server.c:401] PDC_SERVER[8]: SCHED: executing edge 0 func=zfp_decompress dev=GPU
[13:55:44.929758] [WARNING] [pdc_tf_server.c:393] PDC_SERVER[18]: SCHED: setting CUDA device to 0 for edge 0 func=zfp_decompress
[13:55:44.929790] [WARNING] [pdc_tf_server.c:401] PDC_SERVER[18]: SCHED: executing edge 0 func=zfp_decompress dev=GPU
[INFO] PDC_SERVER[19]: Fetching region for obj_id=32000000000
[INFO] PDC_SERVER[19]: Checking against Object 10000000000
[INFO] PDC_SERVER[19]: Checking against Object 11000000000
[INFO] PDC_SERVER[19]: Checking against Object 12000000000
[INFO] PDC_SERVER[19]: Checking against Object 11000000001
[INFO] PDC_SERVER[19]: Checking against Object 12000000001
[INFO] PDC_SERVER[19]: Checking against Object 13000000000
[INFO] PDC_SERVER[19]: Object 32000000000 NOT found in cache
[INFO] PDC_SERVER[19]: Fetching region from server for obj_id=32000000000
[INFO] PDC_SERVER[0]: Executing graph with json filepath /pscratch/sd/n/nlewi26/src/work_space/source/pdc/tf_client/graphs/zfp_gpu.json
[13:55:44.931215] [WARNING] [pdc_tf_server.c:393] PDC_SERVER[0]: SCHED: setting CUDA device to 0 for edge 0 func=zfp_decompress
[13:55:44.931232] [WARNING] [pdc_tf_server.c:401] PDC_SERVER[0]: SCHED: executing edge 0 func=zfp_decompress dev=GPU
[13:55:44.931349] [WARNING] [pdc_tf_server.c:475] PDC_SERVER[14]: SCHED: done running transformations
[INFO] PDC_SERVER[24]: Fetching region for obj_id=32000000000
[INFO] PDC_SERVER[24]: Checking against Object 10000000000
[INFO] PDC_SERVER[24]: Checking against Object 11000000000
[INFO] PDC_SERVER[24]: Checking against Object 12000000000
[INFO] PDC_SERVER[24]: Checking against Object 11000000001
[INFO] PDC_SERVER[24]: Checking against Object 12000000001
[INFO] PDC_SERVER[24]: Checking against Object 13000000000
[INFO] PDC_SERVER[24]: Object 32000000000 NOT found in cache
[INFO] PDC_SERVER[24]: Fetching region from server for obj_id=32000000000
[13:55:44.932108] [WARNING] [pdc_tf_server.c:475] PDC_SERVER[20]: SCHED: done running transformations
[13:55:44.932904] [WARNING] [pdc_tf_server.c:393] PDC_SERVER[25]: SCHED: setting CUDA device to 0 for edge 0 func=zfp_decompress
[13:55:44.932921] [WARNING] [pdc_tf_server.c:401] PDC_SERVER[25]: SCHED: executing edge 0 func=zfp_decompress dev=GPU
[INFO] PDC_SERVER[2]: Fetching region for obj_id=32000000000
[INFO] PDC_SERVER[2]: Checking against Object 10000000000
[INFO] PDC_SERVER[2]: Checking against Object 11000000000
[INFO] PDC_SERVER[2]: Checking against Object 12000000000
[INFO] PDC_SERVER[2]: Checking against Object 11000000001
[INFO] PDC_SERVER[2]: Checking against Object 12000000001
[INFO] PDC_SERVER[2]: Checking against Object 13000000000
[INFO] PDC_SERVER[2]: Object 32000000000 NOT found in cache
[INFO] PDC_SERVER[2]: Fetching region from server for obj_id=32000000000
[INFO] PDC_SERVER[30]: Fetching region for obj_id=32000000000
[INFO] PDC_SERVER[30]: Checking against Object 10000000000
[INFO] PDC_SERVER[30]: Checking against Object 11000000000
[INFO] PDC_SERVER[30]: Checking against Object 12000000000
[INFO] PDC_SERVER[30]: Checking against Object 11000000001
[INFO] PDC_SERVER[30]: Checking against Object 12000000001
[INFO] PDC_SERVER[30]: Checking against Object 13000000000
[INFO] PDC_SERVER[30]: Object 32000000000 NOT found in cache
[INFO] PDC_SERVER[30]: Fetching region from server for obj_id=32000000000
[INFO] PDC_SERVER[23]: Fetching region for obj_id=32000000000
[INFO] PDC_SERVER[23]: Checking against Object 10000000000
[INFO] PDC_SERVER[23]: Checking against Object 11000000000
[INFO] PDC_SERVER[23]: Checking against Object 12000000000
[INFO] PDC_SERVER[23]: Checking against Object 11000000001
[INFO] PDC_SERVER[23]: Checking against Object 12000000001
[INFO] PDC_SERVER[23]: Checking against Object 13000000000
[INFO] PDC_SERVER[23]: Object 32000000000 NOT found in cache
[INFO] PDC_SERVER[23]: Fetching region from server for obj_id=32000000000
[INFO] PDC_SERVER[1]: Fetching region for obj_id=32000000000
[INFO] PDC_SERVER[1]: Checking against Object 10000000000
[INFO] PDC_SERVER[1]: Checking against Object 11000000000
[INFO] PDC_SERVER[1]: Checking against Object 12000000000
[INFO] PDC_SERVER[1]: Checking against Object 11000000001
[INFO] PDC_SERVER[1]: Checking against Object 12000000001
[INFO] PDC_SERVER[1]: Checking against Object 13000000000
[INFO] PDC_SERVER[1]: Object 32000000000 NOT found in cache
[INFO] PDC_SERVER[1]: Fetching region from server for obj_id=32000000000
[13:55:44.934080] [WARNING] [pdc_tf_server.c:475] PDC_SERVER[28]: SCHED: done running transformations
[13:55:44.934781] [WARNING] [pdc_tf_server.c:475] PDC_SERVER[27]: SCHED: done running transformations
[INFO] PDC_SERVER[20]: Fetching region for obj_id=32000000000
[INFO] PDC_SERVER[20]: Checking against Object 10000000000
[INFO] PDC_SERVER[20]: Checking against Object 11000000000
[INFO] PDC_SERVER[20]: Checking against Object 12000000000
[INFO] PDC_SERVER[20]: Checking against Object 11000000001
[INFO] PDC_SERVER[20]: Checking against Object 12000000001
[INFO] PDC_SERVER[20]: Checking against Object 13000000000
[INFO] PDC_SERVER[20]: Object 32000000000 NOT found in cache
[INFO] PDC_SERVER[20]: Fetching region from server for obj_id=32000000000
[INFO] PDC_SERVER[14]: Fetching region for obj_id=32000000000
[INFO] PDC_SERVER[14]: Checking against Object 10000000000
[INFO] PDC_SERVER[14]: Checking against Object 11000000000
[INFO] PDC_SERVER[14]: Checking against Object 12000000000
[INFO] PDC_SERVER[14]: Checking against Object 11000000001
[INFO] PDC_SERVER[14]: Checking against Object 12000000001
[INFO] PDC_SERVER[14]: Checking against Object 13000000000
[INFO] PDC_SERVER[14]: Object 32000000000 NOT found in cache
[INFO] PDC_SERVER[14]: Fetching region from server for obj_id=32000000000
[13:55:44.939084] [WARNING] [pdc_tf_server.c:475] PDC_SERVER[13]: SCHED: done running transformations
[13:55:44.939299] [WARNING] [pdc_tf_server.c:393] PDC_SERVER[3]: SCHED: setting CUDA device to 0 for edge 0 func=zfp_decompress
[13:55:44.939325] [WARNING] [pdc_tf_server.c:401] PDC_SERVER[3]: SCHED: executing edge 0 func=zfp_decompress dev=GPU
[13:55:44.939435] [WARNING] [pdc_tf_server.c:393] PDC_SERVER[6]: SCHED: setting CUDA device to 0 for edge 0 func=zfp_decompress
[13:55:44.939452] [WARNING] [pdc_tf_server.c:401] PDC_SERVER[6]: SCHED: executing edge 0 func=zfp_decompress dev=GPU
[13:55:44.940228] [WARNING] [pdc_tf_server.c:475] PDC_SERVER[7]: SCHED: done running transformations
[13:55:44.940426] [WARNING] [pdc_tf_server.c:393] PDC_SERVER[21]: SCHED: setting CUDA device to 0 for edge 0 func=zfp_decompress
[13:55:44.940482] [WARNING] [pdc_tf_server.c:401] PDC_SERVER[21]: SCHED: executing edge 0 func=zfp_decompress dev=GPU
[13:55:44.941452] [WARNING] [pdc_tf_server.c:393] PDC_SERVER[10]: SCHED: setting CUDA device to 0 for edge 0 func=zfp_decompress
[13:55:44.941473] [WARNING] [pdc_tf_server.c:401] PDC_SERVER[10]: SCHED: executing edge 0 func=zfp_decompress dev=GPU
[13:55:44.941757] [WARNING] [pdc_tf_server.c:475] PDC_SERVER[26]: SCHED: done running transformations
[13:55:44.941726] [WARNING] [pdc_tf_server.c:475] PDC_SERVER[5]: SCHED: done running transformations
[13:55:44.941828] [WARNING] [pdc_tf_server.c:393] PDC_SERVER[4]: SCHED: setting CUDA device to 0 for edge 0 func=zfp_decompress
[13:55:44.941860] [WARNING] [pdc_tf_server.c:401] PDC_SERVER[4]: SCHED: executing edge 0 func=zfp_decompress dev=GPU
[13:55:44.942115] [WARNING] [pdc_tf_server.c:475] PDC_SERVER[15]: SCHED: done running transformations
[13:55:44.942519] [WARNING] [pdc_tf_server.c:475] PDC_SERVER[11]: SCHED: done running transformations
[13:55:44.942967] [WARNING] [pdc_tf_server.c:475] PDC_SERVER[16]: SCHED: done running transformations
[13:55:44.943218] [WARNING] [pdc_tf_server.c:393] PDC_SERVER[22]: SCHED: setting CUDA device to 0 for edge 0 func=zfp_decompress
[13:55:44.943238] [WARNING] [pdc_tf_server.c:401] PDC_SERVER[22]: SCHED: executing edge 0 func=zfp_decompress dev=GPU
[13:55:44.943184] [WARNING] [pdc_tf_server.c:475] PDC_SERVER[12]: SCHED: done running transformations
[INFO] PDC_SERVER[27]: Fetching region for obj_id=32000000000
[INFO] PDC_SERVER[27]: Checking against Object 10000000000
[INFO] PDC_SERVER[27]: Checking against Object 11000000000
[INFO] PDC_SERVER[27]: Checking against Object 12000000000
[INFO] PDC_SERVER[27]: Checking against Object 11000000001
[INFO] PDC_SERVER[27]: Checking against Object 12000000001
[INFO] PDC_SERVER[27]: Checking against Object 13000000000
[INFO] PDC_SERVER[27]: Object 32000000000 NOT found in cache
[INFO] PDC_SERVER[27]: Fetching region from server for obj_id=32000000000
[13:55:44.943976] [WARNING] [pdc_tf_server.c:393] PDC_SERVER[17]: SCHED: setting CUDA device to 0 for edge 0 func=zfp_decompress
[13:55:44.944004] [WARNING] [pdc_tf_server.c:401] PDC_SERVER[17]: SCHED: executing edge 0 func=zfp_decompress dev=GPU
[INFO] PDC_SERVER[28]: Fetching region for obj_id=32000000000
[INFO] PDC_SERVER[28]: Checking against Object 10000000000
[INFO] PDC_SERVER[28]: Checking against Object 11000000000
[INFO] PDC_SERVER[28]: Checking against Object 12000000000
[INFO] PDC_SERVER[28]: Checking against Object 11000000001
[INFO] PDC_SERVER[28]: Checking against Object 12000000001
[INFO] PDC_SERVER[28]: Checking against Object 13000000000
[INFO] PDC_SERVER[28]: Object 32000000000 NOT found in cache
[INFO] PDC_SERVER[28]: Fetching region from server for obj_id=32000000000
[13:55:44.943978] [WARNING] [pdc_tf_server.c:475] PDC_SERVER[31]: SCHED: done running transformations
[13:55:44.944796] [WARNING] [pdc_tf_server.c:475] PDC_SERVER[8]: SCHED: done running transformations
[INFO] PDC_SERVER[13]: Fetching region for obj_id=32000000000
[INFO] PDC_SERVER[13]: Checking against Object 10000000000
[INFO] PDC_SERVER[13]: Checking against Object 11000000000
[INFO] PDC_SERVER[13]: Checking against Object 12000000000
[INFO] PDC_SERVER[13]: Checking against Object 11000000001
[INFO] PDC_SERVER[13]: Checking against Object 12000000001
[INFO] PDC_SERVER[13]: Checking against Object 13000000000
[INFO] PDC_SERVER[13]: Object 32000000000 NOT found in cache
[INFO] PDC_SERVER[13]: Fetching region from server for obj_id=32000000000
[13:55:44.946427] [WARNING] [pdc_tf_server.c:393] PDC_SERVER[19]: SCHED: setting CUDA device to 0 for edge 0 func=zfp_decompress
[13:55:44.946447] [WARNING] [pdc_tf_server.c:401] PDC_SERVER[19]: SCHED: executing edge 0 func=zfp_decompress dev=GPU
[13:55:44.946612] [WARNING] [pdc_tf_server.c:475] PDC_SERVER[25]: SCHED: done running transformations
[INFO] PDC_SERVER[5]: Fetching region for obj_id=32000000000
[INFO] PDC_SERVER[5]: Checking against Object 10000000000
[INFO] PDC_SERVER[5]: Checking against Object 11000000000
[INFO] PDC_SERVER[5]: Checking against Object 12000000000
[INFO] PDC_SERVER[5]: Checking against Object 11000000001
[INFO] PDC_SERVER[5]: Checking against Object 12000000001
[INFO] PDC_SERVER[5]: Checking against Object 13000000000
[INFO] PDC_SERVER[5]: Object 32000000000 NOT found in cache
[INFO] PDC_SERVER[5]: Fetching region from server for obj_id=32000000000
[INFO] PDC_SERVER[7]: Fetching region for obj_id=32000000000
[INFO] PDC_SERVER[7]: Checking against Object 10000000000
[INFO] PDC_SERVER[7]: Checking against Object 11000000000
[INFO] PDC_SERVER[7]: Checking against Object 12000000000
[INFO] PDC_SERVER[7]: Checking against Object 11000000001
[INFO] PDC_SERVER[7]: Checking against Object 12000000001
[INFO] PDC_SERVER[7]: Checking against Object 13000000000
[INFO] PDC_SERVER[7]: Object 32000000000 NOT found in cache
[INFO] PDC_SERVER[7]: Fetching region from server for obj_id=32000000000
[13:55:44.948473] [WARNING] [pdc_tf_server.c:393] PDC_SERVER[24]: SCHED: setting CUDA device to 0 for edge 0 func=zfp_decompress
[13:55:44.948508] [WARNING] [pdc_tf_server.c:401] PDC_SERVER[24]: SCHED: executing edge 0 func=zfp_decompress dev=GPU
[INFO] PDC_SERVER[26]: Fetching region for obj_id=32000000000
[INFO] PDC_SERVER[26]: Checking against Object 10000000000
[INFO] PDC_SERVER[26]: Checking against Object 11000000000
[INFO] PDC_SERVER[26]: Checking against Object 12000000000
[INFO] PDC_SERVER[26]: Checking against Object 11000000001
[INFO] PDC_SERVER[26]: Checking against Object 12000000001
[INFO] PDC_SERVER[26]: Checking against Object 13000000000
[INFO] PDC_SERVER[26]: Object 32000000000 NOT found in cache
[INFO] PDC_SERVER[26]: Fetching region from server for obj_id=32000000000
[13:55:44.948859] [WARNING] [pdc_tf_server.c:393] PDC_SERVER[29]: SCHED: setting CUDA device to 0 for edge 0 func=zfp_decompress
[13:55:44.948879] [WARNING] [pdc_tf_server.c:401] PDC_SERVER[29]: SCHED: executing edge 0 func=zfp_decompress dev=GPU
[13:55:44.948947] [WARNING] [pdc_tf_server.c:475] PDC_SERVER[0]: SCHED: done running transformations
[13:55:44.949480] [WARNING] [pdc_tf_server.c:393] PDC_SERVER[9]: SCHED: setting CUDA device to 0 for edge 0 func=zfp_decompress
[13:55:44.949510] [WARNING] [pdc_tf_server.c:401] PDC_SERVER[9]: SCHED: executing edge 0 func=zfp_decompress dev=GPU
[INFO] PDC_SERVER[8]: Fetching region for obj_id=32000000000
[INFO] PDC_SERVER[8]: Checking against Object 10000000000
[INFO] PDC_SERVER[8]: Checking against Object 11000000000
[INFO] PDC_SERVER[8]: Checking against Object 12000000000
[INFO] PDC_SERVER[8]: Checking against Object 11000000001
[INFO] PDC_SERVER[8]: Checking against Object 12000000001
[INFO] PDC_SERVER[8]: Checking against Object 13000000000
[INFO] PDC_SERVER[8]: Object 32000000000 NOT found in cache
[INFO] PDC_SERVER[8]: Fetching region from server for obj_id=32000000000
[13:55:44.950238] [WARNING] [pdc_tf_server.c:393] PDC_SERVER[30]: SCHED: setting CUDA device to 0 for edge 0 func=zfp_decompress
[13:55:44.950280] [WARNING] [pdc_tf_server.c:401] PDC_SERVER[30]: SCHED: executing edge 0 func=zfp_decompress dev=GPU
[13:55:44.951639] [WARNING] [pdc_tf_server.c:475] PDC_SERVER[18]: SCHED: done running transformations
[13:55:44.951972] [WARNING] [pdc_tf_server.c:393] PDC_SERVER[1]: SCHED: setting CUDA device to 0 for edge 0 func=zfp_decompress
[13:55:44.951992] [WARNING] [pdc_tf_server.c:401] PDC_SERVER[1]: SCHED: executing edge 0 func=zfp_decompress dev=GPU
[INFO] PDC_SERVER[15]: Fetching region for obj_id=32000000000
[INFO] PDC_SERVER[15]: Checking against Object 10000000000
[INFO] PDC_SERVER[15]: Checking against Object 11000000000
[INFO] PDC_SERVER[15]: Checking against Object 12000000000
[INFO] PDC_SERVER[15]: Checking against Object 11000000001
[INFO] PDC_SERVER[15]: Checking against Object 12000000001
[INFO] PDC_SERVER[15]: Checking against Object 13000000000
[INFO] PDC_SERVER[25]: Fetching region for obj_id=32000000000
[INFO] PDC_SERVER[25]: Checking against Object 10000000000
[INFO] PDC_SERVER[25]: Checking against Object 11000000000
[INFO] PDC_SERVER[25]: Checking against Object 12000000000
[INFO] PDC_SERVER[25]: Checking against Object 11000000001
[INFO] PDC_SERVER[25]: Checking against Object 12000000001
[INFO] PDC_SERVER[25]: Checking against Object 13000000000
[INFO] PDC_SERVER[25]: Object 32000000000 NOT found in cache
[INFO] PDC_SERVER[25]: Fetching region from server for obj_id=32000000000
[INFO] PDC_SERVER[15]: Object 32000000000 NOT found in cache
[INFO] PDC_SERVER[15]: Fetching region from server for obj_id=32000000000
[13:55:44.952638] [WARNING] [pdc_tf_server.c:393] PDC_SERVER[2]: SCHED: setting CUDA device to 0 for edge 0 func=zfp_decompress
[13:55:44.952657] [WARNING] [pdc_tf_server.c:401] PDC_SERVER[2]: SCHED: executing edge 0 func=zfp_decompress dev=GPU
[INFO] PDC_SERVER[11]: Fetching region for obj_id=32000000000
[INFO] PDC_SERVER[11]: Checking against Object 10000000000
[INFO] PDC_SERVER[11]: Checking against Object 11000000000
[INFO] PDC_SERVER[11]: Checking against Object 12000000000
[INFO] PDC_SERVER[11]: Checking against Object 11000000001
[INFO] PDC_SERVER[11]: Checking against Object 12000000001
[INFO] PDC_SERVER[11]: Checking against Object 13000000000
[INFO] PDC_SERVER[11]: Object 32000000000 NOT found in cache
[INFO] PDC_SERVER[11]: Fetching region from server for obj_id=32000000000
[INFO] PDC_SERVER[12]: Fetching region for obj_id=32000000000
[INFO] PDC_SERVER[12]: Checking against Object 10000000000
[INFO] PDC_SERVER[12]: Checking against Object 11000000000
[INFO] PDC_SERVER[12]: Checking against Object 12000000000
[INFO] PDC_SERVER[12]: Checking against Object 11000000001
[INFO] PDC_SERVER[12]: Checking against Object 12000000001
[INFO] PDC_SERVER[12]: Checking against Object 13000000000
[INFO] PDC_SERVER[12]: Object 32000000000 NOT found in cache
[INFO] PDC_SERVER[12]: Fetching region from server for obj_id=32000000000
[13:55:44.954020] [WARNING] [pdc_tf_server.c:475] PDC_SERVER[3]: SCHED: done running transformations
[INFO] PDC_SERVER[31]: Fetching region for obj_id=32000000000
[INFO] PDC_SERVER[31]: Checking against Object 10000000000
[INFO] PDC_SERVER[31]: Checking against Object 11000000000
[INFO] PDC_SERVER[31]: Checking against Object 12000000000
[INFO] PDC_SERVER[31]: Checking against Object 11000000001
[INFO] PDC_SERVER[31]: Checking against Object 12000000001
[INFO] PDC_SERVER[31]: Checking against Object 13000000000
[INFO] PDC_SERVER[31]: Object 32000000000 NOT found in cache
[INFO] PDC_SERVER[31]: Fetching region from server for obj_id=32000000000
[13:55:44.955428] [WARNING] [pdc_tf_server.c:475] PDC_SERVER[22]: SCHED: done running transformations
[13:55:44.955677] [WARNING] [pdc_tf_server.c:475] PDC_SERVER[4]: SCHED: done running transformations
[INFO] PDC_SERVER[0]: Fetching region for obj_id=32000000000
[INFO] PDC_SERVER[0]: Checking against Object 10000000000
[INFO] PDC_SERVER[0]: Checking against Object 11000000000
[INFO] PDC_SERVER[0]: Checking against Object 12000000000
[INFO] PDC_SERVER[0]: Checking against Object 11000000001
[INFO] PDC_SERVER[0]: Checking against Object 12000000001
[INFO] PDC_SERVER[0]: Checking against Object 13000000000
[INFO] PDC_SERVER[0]: Object 32000000000 NOT found in cache
[INFO] PDC_SERVER[0]: Fetching region from server for obj_id=32000000000
[13:55:44.957555] [WARNING] [pdc_tf_server.c:475] PDC_SERVER[6]: SCHED: done running transformations
[INFO] PDC_SERVER[16]: Fetching region for obj_id=32000000000
[INFO] PDC_SERVER[16]: Checking against Object 10000000000
[INFO] PDC_SERVER[16]: Checking against Object 11000000000
[INFO] PDC_SERVER[16]: Checking against Object 12000000000
[INFO] PDC_SERVER[16]: Checking against Object 11000000001
[INFO] PDC_SERVER[16]: Checking against Object 12000000001
[INFO] PDC_SERVER[16]: Checking against Object 13000000000
[INFO] PDC_SERVER[16]: Object 32000000000 NOT found in cache
[INFO] PDC_SERVER[16]: Fetching region from server for obj_id=32000000000
[13:55:44.958886] [WARNING] [pdc_tf_server.c:475] PDC_SERVER[21]: SCHED: done running transformations
[INFO] PDC_SERVER[3]: Fetching region for obj_id=32000000000
[INFO] PDC_SERVER[3]: Checking against Object 10000000000
[INFO] PDC_SERVER[3]: Checking against Object 11000000000
[INFO] PDC_SERVER[3]: Checking against Object 12000000000
[INFO] PDC_SERVER[3]: Checking against Object 11000000001
[INFO] PDC_SERVER[3]: Checking against Object 12000000001
[INFO] PDC_SERVER[3]: Checking against Object 13000000000
[INFO] PDC_SERVER[3]: Object 32000000000 NOT found in cache
[INFO] PDC_SERVER[3]: Fetching region from server for obj_id=32000000000
[13:55:44.959815] [WARNING] [pdc_tf_server.c:475] PDC_SERVER[29]: SCHED: done running transformations
[13:55:44.960014] [WARNING] [pdc_tf_server.c:475] PDC_SERVER[19]: SCHED: done running transformations
[13:55:44.960025] [WARNING] [pdc_tf_server.c:475] PDC_SERVER[10]: SCHED: done running transformations
[13:55:44.960329] [WARNING] [pdc_tf_server.c:393] PDC_SERVER[23]: SCHED: setting CUDA device to 0 for edge 0 func=zfp_decompress
[13:55:44.960359] [WARNING] [pdc_tf_server.c:401] PDC_SERVER[23]: SCHED: executing edge 0 func=zfp_decompress dev=GPU
[INFO] PDC_SERVER[22]: Fetching region for obj_id=32000000000
[INFO] PDC_SERVER[22]: Checking against Object 10000000000
[INFO] PDC_SERVER[22]: Checking against Object 11000000000
[INFO] PDC_SERVER[22]: Checking against Object 12000000000
[INFO] PDC_SERVER[22]: Checking against Object 11000000001
[INFO] PDC_SERVER[22]: Checking against Object 12000000001
[INFO] PDC_SERVER[22]: Checking against Object 13000000000
[INFO] PDC_SERVER[22]: Object 32000000000 NOT found in cache
[INFO] PDC_SERVER[22]: Fetching region from server for obj_id=32000000000
[INFO] PDC_SERVER[4]: Fetching region for obj_id=32000000000
[INFO] PDC_SERVER[4]: Checking against Object 10000000000
[INFO] PDC_SERVER[4]: Checking against Object 11000000000
[INFO] PDC_SERVER[4]: Checking against Object 12000000000
[INFO] PDC_SERVER[4]: Checking against Object 11000000001
[INFO] PDC_SERVER[4]: Checking against Object 12000000001
[INFO] PDC_SERVER[4]: Checking against Object 13000000000
[INFO] PDC_SERVER[4]: Object 32000000000 NOT found in cache
[INFO] PDC_SERVER[4]: Fetching region from server for obj_id=32000000000
[13:55:44.961930] [WARNING] [pdc_tf_server.c:475] PDC_SERVER[24]: SCHED: done running transformations
[13:55:44.962837] [WARNING] [pdc_tf_server.c:475] PDC_SERVER[30]: SCHED: done running transformations
[13:55:44.963261] [WARNING] [pdc_tf_server.c:393] PDC_SERVER[28]: SCHED: setting CUDA device to 0 for edge 0 func=zfp_decompress
[13:55:44.963281] [WARNING] [pdc_tf_server.c:401] PDC_SERVER[28]: SCHED: executing edge 0 func=zfp_decompress dev=GPU
[13:55:44.964033] [WARNING] [pdc_tf_server.c:475] PDC_SERVER[9]: SCHED: done running transformations
[13:55:44.964339] [WARNING] [pdc_tf_server.c:393] PDC_SERVER[20]: SCHED: setting CUDA device to 0 for edge 0 func=zfp_decompress
[13:55:44.964361] [WARNING] [pdc_tf_server.c:401] PDC_SERVER[20]: SCHED: executing edge 0 func=zfp_decompress dev=GPU
[INFO] PDC_SERVER[10]: Fetching region for obj_id=32000000000
[INFO] PDC_SERVER[10]: Checking against Object 10000000000
[INFO] PDC_SERVER[10]: Checking against Object 11000000000
[INFO] PDC_SERVER[10]: Checking against Object 12000000000
[INFO] PDC_SERVER[10]: Checking against Object 11000000001
[INFO] PDC_SERVER[10]: Checking against Object 12000000001
[INFO] PDC_SERVER[10]: Checking against Object 13000000000
[INFO] PDC_SERVER[10]: Object 32000000000 NOT found in cache
[INFO] PDC_SERVER[10]: Fetching region from server for obj_id=32000000000
[INFO] PDC_SERVER[19]: Fetching region for obj_id=32000000000
[INFO] PDC_SERVER[19]: Checking against Object 10000000000
[INFO] PDC_SERVER[19]: Checking against Object 11000000000
[INFO] PDC_SERVER[19]: Checking against Object 12000000000
[INFO] PDC_SERVER[19]: Checking against Object 11000000001
[INFO] PDC_SERVER[19]: Checking against Object 12000000001
[INFO] PDC_SERVER[19]: Checking against Object 13000000000
[INFO] PDC_SERVER[19]: Object 32000000000 NOT found in cache
[INFO] PDC_SERVER[19]: Fetching region from server for obj_id=32000000000
[INFO] PDC_SERVER[29]: Fetching region for obj_id=32000000000
[INFO] PDC_SERVER[29]: Checking against Object 10000000000
[INFO] PDC_SERVER[29]: Checking against Object 11000000000
[INFO] PDC_SERVER[29]: Checking against Object 12000000000
[INFO] PDC_SERVER[29]: Checking against Object 11000000001
[INFO] PDC_SERVER[29]: Checking against Object 12000000001
[INFO] PDC_SERVER[29]: Checking against Object 13000000000
[INFO] PDC_SERVER[29]: Object 32000000000 NOT found in cache
[INFO] PDC_SERVER[29]: Fetching region from server for obj_id=32000000000
[13:55:44.965292] [WARNING] [pdc_tf_server.c:393] PDC_SERVER[5]: SCHED: setting CUDA device to 0 for edge 0 func=zfp_decompress
[13:55:44.965313] [WARNING] [pdc_tf_server.c:401] PDC_SERVER[5]: SCHED: executing edge 0 func=zfp_decompress dev=GPU
[13:55:44.965461] [WARNING] [pdc_tf_server.c:393] PDC_SERVER[13]: SCHED: setting CUDA device to 0 for edge 0 func=zfp_decompress
[13:55:44.965487] [WARNING] [pdc_tf_server.c:401] PDC_SERVER[13]: SCHED: executing edge 0 func=zfp_decompress dev=GPU
[13:55:44.965919] [WARNING] [pdc_tf_server.c:393] PDC_SERVER[27]: SCHED: setting CUDA device to 0 for edge 0 func=zfp_decompress
[13:55:44.965938] [WARNING] [pdc_tf_server.c:401] PDC_SERVER[27]: SCHED: executing edge 0 func=zfp_decompress dev=GPU
[13:55:44.965933] [WARNING] [pdc_tf_server.c:393] PDC_SERVER[14]: SCHED: setting CUDA device to 0 for edge 0 func=zfp_decompress
[13:55:44.965951] [WARNING] [pdc_tf_server.c:401] PDC_SERVER[14]: SCHED: executing edge 0 func=zfp_decompress dev=GPU
[13:55:44.966040] [WARNING] [pdc_tf_server.c:393] PDC_SERVER[8]: SCHED: setting CUDA device to 0 for edge 0 func=zfp_decompress
[13:55:44.966053] [WARNING] [pdc_tf_server.c:401] PDC_SERVER[8]: SCHED: executing edge 0 func=zfp_decompress dev=GPU
[INFO] PDC_SERVER[6]: Fetching region for obj_id=32000000000
[INFO] PDC_SERVER[6]: Checking against Object 10000000000
[INFO] PDC_SERVER[6]: Checking against Object 11000000000
[INFO] PDC_SERVER[6]: Checking against Object 12000000000
[INFO] PDC_SERVER[6]: Checking against Object 11000000001
[INFO] PDC_SERVER[6]: Checking against Object 12000000001
[INFO] PDC_SERVER[6]: Checking against Object 13000000000
[INFO] PDC_SERVER[6]: Object 32000000000 NOT found in cache
[INFO] PDC_SERVER[6]: Fetching region from server for obj_id=32000000000
[13:55:44.966672] [WARNING] [pdc_tf_server.c:475] PDC_SERVER[17]: SCHED: done running transformations
[INFO] PDC_SERVER[18]: Fetching region for obj_id=32000000000
[INFO] PDC_SERVER[18]: Checking against Object 10000000000
[INFO] PDC_SERVER[18]: Checking against Object 11000000000
[INFO] PDC_SERVER[18]: Checking against Object 12000000000
[INFO] PDC_SERVER[18]: Checking against Object 11000000001
[INFO] PDC_SERVER[18]: Checking against Object 12000000001
[INFO] PDC_SERVER[18]: Checking against Object 13000000000
[INFO] PDC_SERVER[18]: Object 32000000000 NOT found in cache
[INFO] PDC_SERVER[18]: Fetching region from server for obj_id=32000000000
[INFO] PDC_SERVER[21]: Fetching region for obj_id=32000000000
[INFO] PDC_SERVER[21]: Checking against Object 10000000000
[INFO] PDC_SERVER[21]: Checking against Object 11000000000
[INFO] PDC_SERVER[21]: Checking against Object 12000000000
[INFO] PDC_SERVER[21]: Checking against Object 11000000001
[INFO] PDC_SERVER[21]: Checking against Object 12000000001
[INFO] PDC_SERVER[21]: Checking against Object 13000000000
[INFO] PDC_SERVER[21]: Object 32000000000 NOT found in cache
[INFO] PDC_SERVER[21]: Fetching region from server for obj_id=32000000000
[INFO] PDC_SERVER[24]: Fetching region for obj_id=32000000000
[INFO] PDC_SERVER[24]: Checking against Object 10000000000
[INFO] PDC_SERVER[24]: Checking against Object 11000000000
[INFO] PDC_SERVER[24]: Checking against Object 12000000000
[INFO] PDC_SERVER[24]: Checking against Object 11000000001
[INFO] PDC_SERVER[24]: Checking against Object 12000000001
[INFO] PDC_SERVER[24]: Checking against Object 13000000000
[INFO] PDC_SERVER[24]: Object 32000000000 NOT found in cache
[INFO] PDC_SERVER[24]: Fetching region from server for obj_id=32000000000
[13:55:44.968809] [WARNING] [pdc_tf_server.c:393] PDC_SERVER[25]: SCHED: setting CUDA device to 0 for edge 0 func=zfp_decompress
[13:55:44.968853] [WARNING] [pdc_tf_server.c:401] PDC_SERVER[25]: SCHED: executing edge 0 func=zfp_decompress dev=GPU
[INFO] PDC_SERVER[30]: Fetching region for obj_id=32000000000
[INFO] PDC_SERVER[30]: Checking against Object 10000000000
[INFO] PDC_SERVER[30]: Checking against Object 11000000000
[INFO] PDC_SERVER[30]: Checking against Object 12000000000
[INFO] PDC_SERVER[30]: Checking against Object 11000000001
[INFO] PDC_SERVER[30]: Checking against Object 12000000001
[INFO] PDC_SERVER[30]: Checking against Object 13000000000
[INFO] PDC_SERVER[30]: Object 32000000000 NOT found in cache
[INFO] PDC_SERVER[30]: Fetching region from server for obj_id=32000000000
[13:55:44.970028] [WARNING] [pdc_tf_server.c:393] PDC_SERVER[7]: SCHED: setting CUDA device to 0 for edge 0 func=zfp_decompress
[13:55:44.970044] [WARNING] [pdc_tf_server.c:401] PDC_SERVER[7]: SCHED: executing edge 0 func=zfp_decompress dev=GPU
[13:55:44.970296] [WARNING] [pdc_tf_server.c:393] PDC_SERVER[26]: SCHED: setting CUDA device to 0 for edge 0 func=zfp_decompress
[13:55:44.970316] [WARNING] [pdc_tf_server.c:401] PDC_SERVER[26]: SCHED: executing edge 0 func=zfp_decompress dev=GPU
[13:55:44.971164] [WARNING] [pdc_tf_server.c:393] PDC_SERVER[15]: SCHED: setting CUDA device to 0 for edge 0 func=zfp_decompress
[13:55:44.971194] [WARNING] [pdc_tf_server.c:401] PDC_SERVER[15]: SCHED: executing edge 0 func=zfp_decompress dev=GPU
[INFO] PDC_SERVER[9]: Fetching region for obj_id=32000000000
[INFO] PDC_SERVER[9]: Checking against Object 10000000000
[INFO] PDC_SERVER[9]: Checking against Object 11000000000
[INFO] PDC_SERVER[9]: Checking against Object 12000000000
[INFO] PDC_SERVER[9]: Checking against Object 11000000001
[INFO] PDC_SERVER[9]: Checking against Object 12000000001
[INFO] PDC_SERVER[9]: Checking against Object 13000000000
[INFO] PDC_SERVER[9]: Object 32000000000 NOT found in cache
[INFO] PDC_SERVER[9]: Fetching region from server for obj_id=32000000000
[13:55:44.972094] [WARNING] [pdc_tf_server.c:393] PDC_SERVER[11]: SCHED: setting CUDA device to 0 for edge 0 func=zfp_decompress
[13:55:44.972126] [WARNING] [pdc_tf_server.c:401] PDC_SERVER[11]: SCHED: executing edge 0 func=zfp_decompress dev=GPU
[13:55:44.972336] [WARNING] [pdc_tf_server.c:393] PDC_SERVER[12]: SCHED: setting CUDA device to 0 for edge 0 func=zfp_decompress
[13:55:44.972356] [WARNING] [pdc_tf_server.c:401] PDC_SERVER[12]: SCHED: executing edge 0 func=zfp_decompress dev=GPU
[13:55:44.972962] [WARNING] [pdc_tf_server.c:393] PDC_SERVER[31]: SCHED: setting CUDA device to 0 for edge 0 func=zfp_decompress
[13:55:44.972989] [WARNING] [pdc_tf_server.c:401] PDC_SERVER[31]: SCHED: executing edge 0 func=zfp_decompress dev=GPU
[13:55:44.973323] [WARNING] [pdc_tf_server.c:475] PDC_SERVER[23]: SCHED: done running transformations
[INFO] PDC_SERVER[17]: Fetching region for obj_id=32000000000
[INFO] PDC_SERVER[17]: Checking against Object 10000000000
[INFO] PDC_SERVER[17]: Checking against Object 11000000000
[INFO] PDC_SERVER[17]: Checking against Object 12000000000
[INFO] PDC_SERVER[17]: Checking against Object 11000000001
[INFO] PDC_SERVER[17]: Checking against Object 12000000001
[INFO] PDC_SERVER[17]: Checking against Object 13000000000
[INFO] PDC_SERVER[17]: Object 32000000000 NOT found in cache
[INFO] PDC_SERVER[17]: Fetching region from server for obj_id=32000000000
[13:55:44.974872] [WARNING] [pdc_tf_server.c:475] PDC_SERVER[2]: SCHED: done running transformations
[13:55:44.975122] [WARNING] [pdc_tf_server.c:475] PDC_SERVER[1]: SCHED: done running transformations
[13:55:44.975816] [WARNING] [pdc_tf_server.c:393] PDC_SERVER[3]: SCHED: setting CUDA device to 0 for edge 0 func=zfp_decompress
[13:55:44.975841] [WARNING] [pdc_tf_server.c:401] PDC_SERVER[3]: SCHED: executing edge 0 func=zfp_decompress dev=GPU
[13:55:44.977151] [WARNING] [pdc_tf_server.c:393] PDC_SERVER[22]: SCHED: setting CUDA device to 0 for edge 0 func=zfp_decompress
[13:55:44.977170] [WARNING] [pdc_tf_server.c:401] PDC_SERVER[22]: SCHED: executing edge 0 func=zfp_decompress dev=GPU
[13:55:44.978814] [WARNING] [pdc_tf_server.c:475] PDC_SERVER[28]: SCHED: done running transformations
[13:55:44.978960] [WARNING] [pdc_tf_server.c:475] PDC_SERVER[8]: SCHED: done running transformations
[13:55:44.979051] [WARNING] [pdc_tf_server.c:475] PDC_SERVER[20]: SCHED: done running transformations
[INFO] PDC_SERVER[0]: Executing graph with json filepath /pscratch/sd/n/nlewi26/src/work_space/source/pdc/tf_client/graphs/zfp_gpu.json
[13:55:44.979975] [WARNING] [pdc_tf_server.c:393] PDC_SERVER[0]: SCHED: setting CUDA device to 0 for edge 0 func=zfp_decompress
[13:55:44.979993] [WARNING] [pdc_tf_server.c:401] PDC_SERVER[0]: SCHED: executing edge 0 func=zfp_decompress dev=GPU
[INFO] PDC_SERVER[23]: Fetching region for obj_id=32000000000
[INFO] PDC_SERVER[23]: Checking against Object 10000000000
[INFO] PDC_SERVER[23]: Checking against Object 11000000000
[INFO] PDC_SERVER[23]: Checking against Object 12000000000
[INFO] PDC_SERVER[23]: Checking against Object 11000000001
[INFO] PDC_SERVER[23]: Checking against Object 12000000001
[INFO] PDC_SERVER[23]: Checking against Object 13000000000
[INFO] PDC_SERVER[23]: Object 32000000000 NOT found in cache
[INFO] PDC_SERVER[23]: Fetching region from server for obj_id=32000000000
[13:55:44.981175] [WARNING] [pdc_tf_server.c:393] PDC_SERVER[19]: SCHED: setting CUDA device to 0 for edge 0 func=zfp_decompress
[13:55:44.981191] [WARNING] [pdc_tf_server.c:401] PDC_SERVER[19]: SCHED: executing edge 0 func=zfp_decompress dev=GPU
[13:55:44.981308] [WARNING] [pdc_tf_server.c:475] PDC_SERVER[27]: SCHED: done running transformations
[13:55:44.981566] [WARNING] [pdc_tf_server.c:393] PDC_SERVER[10]: SCHED: setting CUDA device to 0 for edge 0 func=zfp_decompress
[13:55:44.981624] [WARNING] [pdc_tf_server.c:401] PDC_SERVER[10]: SCHED: executing edge 0 func=zfp_decompress dev=GPU
[13:55:44.981708] [WARNING] [pdc_tf_server.c:475] PDC_SERVER[13]: SCHED: done running transformations
[INFO] PDC_SERVER[1]: Fetching region for obj_id=32000000000
[INFO] PDC_SERVER[1]: Checking against Object 10000000000
[INFO] PDC_SERVER[1]: Checking against Object 11000000000
[INFO] PDC_SERVER[1]: Checking against Object 12000000000
[INFO] PDC_SERVER[1]: Checking against Object 11000000001
[INFO] PDC_SERVER[1]: Checking against Object 12000000001
[INFO] PDC_SERVER[1]: Checking against Object 13000000000
[INFO] PDC_SERVER[1]: Object 32000000000 NOT found in cache
[INFO] PDC_SERVER[1]: Fetching region from server for obj_id=32000000000
[INFO] PDC_SERVER[2]: Fetching region for obj_id=32000000000
[INFO] PDC_SERVER[2]: Checking against Object 10000000000
[INFO] PDC_SERVER[2]: Checking against Object 11000000000
[INFO] PDC_SERVER[2]: Checking against Object 12000000000
[INFO] PDC_SERVER[2]: Checking against Object 11000000001
[INFO] PDC_SERVER[2]: Checking against Object 12000000001
[INFO] PDC_SERVER[2]: Checking against Object 13000000000
[INFO] PDC_SERVER[2]: Object 32000000000 NOT found in cache
[INFO] PDC_SERVER[2]: Fetching region from server for obj_id=32000000000
[13:55:44.983973] [WARNING] [pdc_tf_server.c:475] PDC_SERVER[25]: SCHED: done running transformations
[13:55:44.984869] [WARNING] [pdc_tf_server.c:475] PDC_SERVER[14]: SCHED: done running transformations
[13:55:44.984806] [WARNING] [pdc_tf_server.c:393] PDC_SERVER[4]: SCHED: setting CUDA device to 0 for edge 0 func=zfp_decompress
[13:55:44.984833] [WARNING] [pdc_tf_server.c:401] PDC_SERVER[4]: SCHED: executing edge 0 func=zfp_decompress dev=GPU
[13:55:44.985042] [WARNING] [pdc_tf_server.c:393] PDC_SERVER[24]: SCHED: setting CUDA device to 0 for edge 0 func=zfp_decompress
[13:55:44.985071] [WARNING] [pdc_tf_server.c:401] PDC_SERVER[24]: SCHED: executing edge 0 func=zfp_decompress dev=GPU
[13:55:44.985656] [WARNING] [pdc_tf_server.c:393] PDC_SERVER[30]: SCHED: setting CUDA device to 0 for edge 0 func=zfp_decompress
[13:55:44.985688] [WARNING] [pdc_tf_server.c:401] PDC_SERVER[30]: SCHED: executing edge 0 func=zfp_decompress dev=GPU
[13:55:44.985625] [WARNING] [pdc_tf_server.c:393] PDC_SERVER[6]: SCHED: setting CUDA device to 0 for edge 0 func=zfp_decompress
[13:55:44.985648] [WARNING] [pdc_tf_server.c:401] PDC_SERVER[6]: SCHED: executing edge 0 func=zfp_decompress dev=GPU
[13:55:44.985991] [WARNING] [pdc_tf_server.c:475] PDC_SERVER[26]: SCHED: done running transformations
[INFO] PDC_SERVER[28]: Fetching region for obj_id=32000000000
[INFO] PDC_SERVER[28]: Checking against Object 10000000000
[INFO] PDC_SERVER[28]: Checking against Object 11000000000
[INFO] PDC_SERVER[28]: Checking against Object 12000000000
[INFO] PDC_SERVER[28]: Checking against Object 11000000001
[INFO] PDC_SERVER[28]: Checking against Object 12000000001
[INFO] PDC_SERVER[28]: Checking against Object 13000000000
[INFO] PDC_SERVER[28]: Object 32000000000 NOT found in cache
[INFO] PDC_SERVER[28]: Fetching region from server for obj_id=32000000000
[13:55:44.986362] [WARNING] [pdc_tf_server.c:475] PDC_SERVER[5]: SCHED: done running transformations
[INFO] PDC_SERVER[20]: Fetching region for obj_id=32000000000
[INFO] PDC_SERVER[20]: Checking against Object 10000000000
[INFO] PDC_SERVER[20]: Checking against Object 11000000000
[INFO] PDC_SERVER[20]: Checking against Object 12000000000
[INFO] PDC_SERVER[20]: Checking against Object 11000000001
[INFO] PDC_SERVER[20]: Checking against Object 12000000001
[INFO] PDC_SERVER[20]: Checking against Object 13000000000
[INFO] PDC_SERVER[20]: Object 32000000000 NOT found in cache
[INFO] PDC_SERVER[20]: Fetching region from server for obj_id=32000000000
[13:55:44.987495] [WARNING] [pdc_tf_server.c:393] PDC_SERVER[29]: SCHED: setting CUDA device to 0 for edge 0 func=zfp_decompress
[13:55:44.987516] [WARNING] [pdc_tf_server.c:401] PDC_SERVER[29]: SCHED: executing edge 0 func=zfp_decompress dev=GPU
[13:55:44.987797] [WARNING] [pdc_tf_server.c:475] PDC_SERVER[22]: SCHED: done running transformations
[INFO] PDC_SERVER[27]: Fetching region for obj_id=32000000000
[INFO] PDC_SERVER[27]: Checking against Object 10000000000
[INFO] PDC_SERVER[27]: Checking against Object 11000000000
[INFO] PDC_SERVER[27]: Checking against Object 12000000000
[INFO] PDC_SERVER[27]: Checking against Object 11000000001
[INFO] PDC_SERVER[27]: Checking against Object 12000000001
[INFO] PDC_SERVER[27]: Checking against Object 13000000000
[INFO] PDC_SERVER[27]: Object 32000000000 NOT found in cache
[INFO] PDC_SERVER[27]: Fetching region from server for obj_id=32000000000
[13:55:44.989425] [WARNING] [pdc_tf_server.c:475] PDC_SERVER[31]: SCHED: done running transformations
[13:55:44.989553] [WARNING] [pdc_tf_server.c:475] PDC_SERVER[19]: SCHED: done running transformations
[13:55:44.990309] [WARNING] [pdc_tf_server.c:393] PDC_SERVER[16]: SCHED: setting CUDA device to 0 for edge 0 func=zfp_decompress
[13:55:44.990343] [WARNING] [pdc_tf_server.c:401] PDC_SERVER[16]: SCHED: executing edge 0 func=zfp_decompress dev=GPU
[13:55:44.990822] [WARNING] [pdc_tf_server.c:393] PDC_SERVER[17]: SCHED: setting CUDA device to 0 for edge 0 func=zfp_decompress
[13:55:44.990839] [WARNING] [pdc_tf_server.c:401] PDC_SERVER[17]: SCHED: executing edge 0 func=zfp_decompress dev=GPU
[13:55:44.990837] [WARNING] [pdc_tf_server.c:393] PDC_SERVER[21]: SCHED: setting CUDA device to 0 for edge 0 func=zfp_decompress
[13:55:44.990856] [WARNING] [pdc_tf_server.c:401] PDC_SERVER[21]: SCHED: executing edge 0 func=zfp_decompress dev=GPU
[INFO] PDC_SERVER[13]: Fetching region for obj_id=32000000000
[INFO] PDC_SERVER[13]: Checking against Object 10000000000
[INFO] PDC_SERVER[13]: Checking against Object 11000000000
[INFO] PDC_SERVER[13]: Checking against Object 12000000000
[INFO] PDC_SERVER[13]: Checking against Object 11000000001
[INFO] PDC_SERVER[13]: Checking against Object 12000000001
[INFO] PDC_SERVER[13]: Checking against Object 13000000000
[INFO] PDC_SERVER[13]: Object 32000000000 NOT found in cache
[INFO] PDC_SERVER[13]: Fetching region from server for obj_id=32000000000
[INFO] PDC_SERVER[26]: Fetching region for obj_id=32000000000
[INFO] PDC_SERVER[26]: Checking against Object 10000000000
[INFO] PDC_SERVER[26]: Checking against Object 11000000000
[INFO] PDC_SERVER[26]: Checking against Object 12000000000
[INFO] PDC_SERVER[26]: Checking against Object 11000000001
[INFO] PDC_SERVER[26]: Checking against Object 12000000001
[INFO] PDC_SERVER[26]: Checking against Object 13000000000
[INFO] PDC_SERVER[26]: Object 32000000000 NOT found in cache
[INFO] PDC_SERVER[26]: Fetching region from server for obj_id=32000000000
[13:55:44.992313] [WARNING] [pdc_tf_server.c:475] PDC_SERVER[11]: SCHED: done running transformations
[13:55:44.994927] [WARNING] [pdc_tf_server.c:475] PDC_SERVER[7]: SCHED: done running transformations
[INFO] PDC_SERVER[14]: Fetching region for obj_id=32000000000
[INFO] PDC_SERVER[14]: Checking against Object 10000000000
[INFO] PDC_SERVER[14]: Checking against Object 11000000000
[INFO] PDC_SERVER[14]: Checking against Object 12000000000
[INFO] PDC_SERVER[14]: Checking against Object 11000000001
[INFO] PDC_SERVER[14]: Checking against Object 12000000001
[INFO] PDC_SERVER[14]: Checking against Object 13000000000
[INFO] PDC_SERVER[14]: Object 32000000000 NOT found in cache
[INFO] PDC_SERVER[14]: Fetching region from server for obj_id=32000000000
[INFO] PDC_SERVER[5]: Fetching region for obj_id=32000000000
[INFO] PDC_SERVER[5]: Checking against Object 10000000000
[INFO] PDC_SERVER[5]: Checking against Object 11000000000
[INFO] PDC_SERVER[5]: Checking against Object 12000000000
[INFO] PDC_SERVER[5]: Checking against Object 11000000001
[INFO] PDC_SERVER[5]: Checking against Object 12000000001
[INFO] PDC_SERVER[5]: Checking against Object 13000000000
[INFO] PDC_SERVER[5]: Object 32000000000 NOT found in cache
[INFO] PDC_SERVER[5]: Fetching region from server for obj_id=32000000000
[13:55:44.997893] [WARNING] [pdc_tf_server.c:475] PDC_SERVER[12]: SCHED: done running transformations
[13:55:44.997962] [WARNING] [pdc_tf_server.c:393] PDC_SERVER[9]: SCHED: setting CUDA device to 0 for edge 0 func=zfp_decompress
[13:55:44.997983] [WARNING] [pdc_tf_server.c:401] PDC_SERVER[9]: SCHED: executing edge 0 func=zfp_decompress dev=GPU
[INFO] PDC_SERVER[11]: Fetching region for obj_id=32000000000
[INFO] PDC_SERVER[11]: Checking against Object 10000000000
[INFO] PDC_SERVER[11]: Checking against Object 11000000000
[INFO] PDC_SERVER[11]: Checking against Object 12000000000
[INFO] PDC_SERVER[11]: Checking against Object 11000000001
[INFO] PDC_SERVER[11]: Checking against Object 12000000001
[INFO] PDC_SERVER[11]: Checking against Object 13000000000
[INFO] PDC_SERVER[11]: Object 32000000000 NOT found in cache
[INFO] PDC_SERVER[11]: Fetching region from server for obj_id=32000000000
[13:55:44.998843] [WARNING] [pdc_tf_server.c:393] PDC_SERVER[23]: SCHED: setting CUDA device to 0 for edge 0 func=zfp_decompress
[13:55:44.998864] [WARNING] [pdc_tf_server.c:401] PDC_SERVER[23]: SCHED: executing edge 0 func=zfp_decompress dev=GPU
[INFO] PDC_SERVER[31]: Fetching region for obj_id=32000000000
[INFO] PDC_SERVER[31]: Checking against Object 10000000000
[INFO] PDC_SERVER[31]: Checking against Object 11000000000
[INFO] PDC_SERVER[31]: Checking against Object 12000000000
[INFO] PDC_SERVER[31]: Checking against Object 11000000001
[INFO] PDC_SERVER[31]: Checking against Object 12000000001
[INFO] PDC_SERVER[31]: Checking against Object 13000000000
[INFO] PDC_SERVER[31]: Object 32000000000 NOT found in cache
[INFO] PDC_SERVER[31]: Fetching region from server for obj_id=32000000000
[13:55:44.999247] [WARNING] [pdc_tf_server.c:475] PDC_SERVER[10]: SCHED: done running transformations
[13:55:45.000084] [WARNING] [pdc_tf_server.c:393] PDC_SERVER[2]: SCHED: setting CUDA device to 0 for edge 0 func=zfp_decompress
[13:55:45.000100] [WARNING] [pdc_tf_server.c:401] PDC_SERVER[2]: SCHED: executing edge 0 func=zfp_decompress dev=GPU
[13:55:45.000331] [WARNING] [pdc_tf_server.c:393] PDC_SERVER[1]: SCHED: setting CUDA device to 0 for edge 0 func=zfp_decompress
[13:55:45.000352] [WARNING] [pdc_tf_server.c:401] PDC_SERVER[1]: SCHED: executing edge 0 func=zfp_decompress dev=GPU
[13:55:45.001096] [WARNING] [pdc_tf_server.c:393] PDC_SERVER[18]: SCHED: setting CUDA device to 0 for edge 0 func=zfp_decompress
[13:55:45.001203] [WARNING] [pdc_tf_server.c:401] PDC_SERVER[18]: SCHED: executing edge 0 func=zfp_decompress dev=GPU
[13:55:45.002335] [WARNING] [pdc_tf_server.c:475] PDC_SERVER[15]: SCHED: done running transformations
[13:55:45.002607] [WARNING] [pdc_tf_server.c:475] PDC_SERVER[24]: SCHED: done running transformations
[INFO] PDC_SERVER[7]: Fetching region for obj_id=32000000000
[INFO] PDC_SERVER[7]: Checking against Object 10000000000
[INFO] PDC_SERVER[7]: Checking against Object 11000000000
[INFO] PDC_SERVER[7]: Checking against Object 12000000000
[INFO] PDC_SERVER[7]: Checking against Object 11000000001
[INFO] PDC_SERVER[7]: Checking against Object 12000000001
[INFO] PDC_SERVER[7]: Checking against Object 13000000000
[INFO] PDC_SERVER[7]: Object 32000000000 NOT found in cache
[INFO] PDC_SERVER[7]: Fetching region from server for obj_id=32000000000
[13:55:45.003757] [WARNING] [pdc_tf_server.c:475] PDC_SERVER[29]: SCHED: done running transformations
[13:55:45.006080] [WARNING] [pdc_tf_server.c:475] PDC_SERVER[30]: SCHED: done running transformations
[13:55:45.007385] [WARNING] [pdc_tf_server.c:475] PDC_SERVER[3]: SCHED: done running transformations
[13:55:45.008164] [WARNING] [pdc_tf_server.c:393] PDC_SERVER[27]: SCHED: setting CUDA device to 0 for edge 0 func=zfp_decompress
[13:55:45.008190] [WARNING] [pdc_tf_server.c:401] PDC_SERVER[27]: SCHED: executing edge 0 func=zfp_decompress dev=GPU
[13:55:45.009837] [WARNING] [pdc_tf_server.c:393] PDC_SERVER[28]: SCHED: setting CUDA device to 0 for edge 0 func=zfp_decompress
[13:55:45.009876] [WARNING] [pdc_tf_server.c:401] PDC_SERVER[28]: SCHED: executing edge 0 func=zfp_decompress dev=GPU
[13:55:45.010204] [WARNING] [pdc_tf_server.c:393] PDC_SERVER[26]: SCHED: setting CUDA device to 0 for edge 0 func=zfp_decompress
[13:55:45.010239] [WARNING] [pdc_tf_server.c:401] PDC_SERVER[26]: SCHED: executing edge 0 func=zfp_decompress dev=GPU
[INFO] PDC_SERVER[12]: Fetching region for obj_id=32000000000
[INFO] PDC_SERVER[12]: Checking against Object 10000000000
[INFO] PDC_SERVER[12]: Checking against Object 11000000000
[INFO] PDC_SERVER[12]: Checking against Object 12000000000
[INFO] PDC_SERVER[12]: Checking against Object 11000000001
[INFO] PDC_SERVER[12]: Checking against Object 12000000001
[INFO] PDC_SERVER[12]: Checking against Object 13000000000
[INFO] PDC_SERVER[12]: Object 32000000000 NOT found in cache
[INFO] PDC_SERVER[12]: Fetching region from server for obj_id=32000000000
[13:55:45.013146] [WARNING] [pdc_tf_server.c:475] PDC_SERVER[23]: SCHED: done running transformations
[INFO] PDC_SERVER[15]: Fetching region for obj_id=32000000000
[INFO] PDC_SERVER[15]: Checking against Object 10000000000
[INFO] PDC_SERVER[15]: Checking against Object 11000000000
[INFO] PDC_SERVER[15]: Checking against Object 12000000000
[INFO] PDC_SERVER[15]: Checking against Object 11000000001
[INFO] PDC_SERVER[15]: Checking against Object 12000000001
[INFO] PDC_SERVER[15]: Checking against Object 13000000000
[INFO] PDC_SERVER[15]: Object 32000000000 NOT found in cache
[INFO] PDC_SERVER[15]: Fetching region from server for obj_id=32000000000
[13:55:45.013502] [WARNING] [pdc_tf_server.c:475] PDC_SERVER[21]: SCHED: done running transformations
[13:55:45.014544] [WARNING] [pdc_tf_server.c:475] PDC_SERVER[0]: SCHED: done running transformations
[13:55:45.015545] [WARNING] [pdc_tf_server.c:393] PDC_SERVER[20]: SCHED: setting CUDA device to 0 for edge 0 func=zfp_decompress
[13:55:45.015579] [WARNING] [pdc_tf_server.c:401] PDC_SERVER[20]: SCHED: executing edge 0 func=zfp_decompress dev=GPU
[13:55:45.015744] [WARNING] [pdc_tf_server.c:393] PDC_SERVER[11]: SCHED: setting CUDA device to 0 for edge 0 func=zfp_decompress
[13:55:45.015767] [WARNING] [pdc_tf_server.c:401] PDC_SERVER[11]: SCHED: executing edge 0 func=zfp_decompress dev=GPU
[13:55:45.015745] [WARNING] [pdc_tf_server.c:475] PDC_SERVER[6]: SCHED: done running transformations
[13:55:45.016083] [WARNING] [pdc_tf_server.c:475] PDC_SERVER[9]: SCHED: done running transformations
[13:55:45.016102] [WARNING] [pdc_tf_server.c:475] PDC_SERVER[4]: SCHED: done running transformations
[13:55:45.019063] [WARNING] [pdc_tf_server.c:393] PDC_SERVER[13]: SCHED: setting CUDA device to 0 for edge 0 func=zfp_decompress
[13:55:45.019094] [WARNING] [pdc_tf_server.c:401] PDC_SERVER[13]: SCHED: executing edge 0 func=zfp_decompress dev=GPU
[13:55:45.020014] [WARNING] [pdc_tf_server.c:393] PDC_SERVER[14]: SCHED: setting CUDA device to 0 for edge 0 func=zfp_decompress
[13:55:45.020036] [WARNING] [pdc_tf_server.c:401] PDC_SERVER[14]: SCHED: executing edge 0 func=zfp_decompress dev=GPU
[13:55:45.020613] [WARNING] [pdc_tf_server.c:475] PDC_SERVER[26]: SCHED: done running transformations
[13:55:45.021156] [WARNING] [pdc_tf_server.c:393] PDC_SERVER[31]: SCHED: setting CUDA device to 0 for edge 0 func=zfp_decompress
[13:55:45.021208] [WARNING] [pdc_tf_server.c:401] PDC_SERVER[31]: SCHED: executing edge 0 func=zfp_decompress dev=GPU
[13:55:45.021293] [WARNING] [pdc_tf_server.c:393] PDC_SERVER[7]: SCHED: setting CUDA device to 0 for edge 0 func=zfp_decompress
[13:55:45.021331] [WARNING] [pdc_tf_server.c:401] PDC_SERVER[7]: SCHED: executing edge 0 func=zfp_decompress dev=GPU
[13:55:45.024271] [WARNING] [pdc_tf_server.c:393] PDC_SERVER[5]: SCHED: setting CUDA device to 0 for edge 0 func=zfp_decompress
[13:55:45.024516] [WARNING] [pdc_tf_server.c:401] PDC_SERVER[5]: SCHED: executing edge 0 func=zfp_decompress dev=GPU
[INFO] PDC_SERVER[0]: Fetching region for obj_id=32000000000
[INFO] PDC_SERVER[0]: Checking against Object 10000000000
[INFO] PDC_SERVER[0]: Checking against Object 11000000000
[INFO] PDC_SERVER[0]: Checking against Object 12000000000
[INFO] PDC_SERVER[0]: Checking against Object 11000000001
[INFO] PDC_SERVER[0]: Checking against Object 12000000001
[INFO] PDC_SERVER[0]: Checking against Object 13000000000
[INFO] PDC_SERVER[0]: Object 32000000000 NOT found in cache
[INFO] PDC_SERVER[0]: Fetching region from server for obj_id=32000000000
[INFO] PDC_SERVER[21]: Fetching region for obj_id=32000000000
[INFO] PDC_SERVER[21]: Checking against Object 10000000000
[INFO] PDC_SERVER[21]: Checking against Object 11000000000
[INFO] PDC_SERVER[21]: Checking against Object 12000000000
[INFO] PDC_SERVER[21]: Checking against Object 11000000001
[INFO] PDC_SERVER[21]: Checking against Object 12000000001
[INFO] PDC_SERVER[21]: Checking against Object 13000000000
[INFO] PDC_SERVER[21]: Object 32000000000 NOT found in cache
[INFO] PDC_SERVER[21]: Fetching region from server for obj_id=32000000000
[13:55:45.031140] [WARNING] [pdc_tf_server.c:475] PDC_SERVER[20]: SCHED: done running transformations
[13:55:45.032525] [WARNING] [pdc_tf_server.c:475] PDC_SERVER[11]: SCHED: done running transformations
[13:55:45.032792] [WARNING] [pdc_tf_server.c:393] PDC_SERVER[15]: SCHED: setting CUDA device to 0 for edge 0 func=zfp_decompress
[13:55:45.032821] [WARNING] [pdc_tf_server.c:401] PDC_SERVER[15]: SCHED: executing edge 0 func=zfp_decompress dev=GPU
[13:55:45.033469] [WARNING] [pdc_tf_server.c:393] PDC_SERVER[12]: SCHED: setting CUDA device to 0 for edge 0 func=zfp_decompress
[13:55:45.033490] [WARNING] [pdc_tf_server.c:401] PDC_SERVER[12]: SCHED: executing edge 0 func=zfp_decompress dev=GPU
[13:55:45.033586] [WARNING] [pdc_tf_server.c:475] PDC_SERVER[17]: SCHED: done running transformations
[13:55:45.033616] [WARNING] [pdc_tf_server.c:475] PDC_SERVER[16]: SCHED: done running transformations
[13:55:45.034593] [WARNING] [pdc_tf_server.c:475] PDC_SERVER[28]: SCHED: done running transformations
[13:55:45.035047] [WARNING] [pdc_tf_server.c:475] PDC_SERVER[27]: SCHED: done running transformations
[13:55:45.037115] [WARNING] [pdc_tf_server.c:475] PDC_SERVER[13]: SCHED: done running transformations
[13:55:45.037273] [WARNING] [pdc_tf_server.c:475] PDC_SERVER[18]: SCHED: done running transformations
[13:55:45.038286] [WARNING] [pdc_tf_server.c:475] PDC_SERVER[31]: SCHED: done running transformations
[13:55:45.041148] [WARNING] [pdc_tf_server.c:475] PDC_SERVER[14]: SCHED: done running transformations
[INFO] PDC_SERVER[17]: Fetching region for obj_id=32000000000
[INFO] PDC_SERVER[17]: Checking against Object 10000000000
[INFO] PDC_SERVER[17]: Checking against Object 11000000000
[INFO] PDC_SERVER[17]: Checking against Object 12000000000
[INFO] PDC_SERVER[17]: Checking against Object 11000000001
[INFO] PDC_SERVER[17]: Checking against Object 12000000001
[INFO] PDC_SERVER[17]: Checking against Object 13000000000
[INFO] PDC_SERVER[17]: Object 32000000000 NOT found in cache
[INFO] PDC_SERVER[17]: Fetching region from server for obj_id=32000000000
[INFO] PDC_SERVER[16]: Fetching region for obj_id=32000000000
[INFO] PDC_SERVER[16]: Checking against Object 10000000000
[INFO] PDC_SERVER[16]: Checking against Object 11000000000
[INFO] PDC_SERVER[16]: Checking against Object 12000000000
[INFO] PDC_SERVER[16]: Checking against Object 11000000001
[13:55:45.047970] [WARNING] [pdc_tf_server.c:475] PDC_SERVER[15]: SCHED: done running transformations
[INFO] PDC_SERVER[16]: Checking against Object 12000000001
[INFO] PDC_SERVER[16]: Checking against Object 13000000000
[INFO] PDC_SERVER[16]: Object 32000000000 NOT found in cache
[INFO] PDC_SERVER[16]: Fetching region from server for obj_id=32000000000
[13:55:45.049039] [WARNING] [pdc_tf_server.c:475] PDC_SERVER[1]: SCHED: done running transformations
[13:55:45.049149] [WARNING] [pdc_tf_server.c:475] PDC_SERVER[12]: SCHED: done running transformations
[13:55:45.049949] [WARNING] [pdc_tf_server.c:475] PDC_SERVER[2]: SCHED: done running transformations
[13:55:45.049982] [WARNING] [pdc_tf_server.c:475] PDC_SERVER[7]: SCHED: done running transformations
[INFO] PDC_SERVER[0]: Executing graph with json filepath /pscratch/sd/n/nlewi26/src/work_space/source/pdc/tf_client/graphs/zfp_gpu.json
[13:55:45.050050] [WARNING] [pdc_tf_server.c:393] PDC_SERVER[0]: SCHED: setting CUDA device to 0 for edge 0 func=zfp_decompress
[13:55:45.050064] [WARNING] [pdc_tf_server.c:401] PDC_SERVER[0]: SCHED: executing edge 0 func=zfp_decompress dev=GPU
[INFO] PDC_SERVER[18]: Fetching region for obj_id=32000000000
[INFO] PDC_SERVER[18]: Checking against Object 10000000000
[INFO] PDC_SERVER[18]: Checking against Object 11000000000
[INFO] PDC_SERVER[18]: Checking against Object 12000000000
[INFO] PDC_SERVER[18]: Checking against Object 11000000001
[INFO] PDC_SERVER[18]: Checking against Object 12000000001
[INFO] PDC_SERVER[18]: Checking against Object 13000000000
[INFO] PDC_SERVER[18]: Object 32000000000 NOT found in cache
[INFO] PDC_SERVER[18]: Fetching region from server for obj_id=32000000000
[13:55:45.054881] [WARNING] [pdc_tf_server.c:393] PDC_SERVER[21]: SCHED: setting CUDA device to 0 for edge 0 func=zfp_decompress
[13:55:45.054918] [WARNING] [pdc_tf_server.c:401] PDC_SERVER[21]: SCHED: executing edge 0 func=zfp_decompress dev=GPU
[13:55:45.059578] [WARNING] [pdc_tf_server.c:475] PDC_SERVER[5]: SCHED: done running transformations
[13:55:45.067621] [WARNING] [pdc_tf_server.c:475] PDC_SERVER[21]: SCHED: done running transformations
[13:55:45.068122] [WARNING] [pdc_tf_server.c:393] PDC_SERVER[16]: SCHED: setting CUDA device to 0 for edge 0 func=zfp_decompress
[13:55:45.068146] [WARNING] [pdc_tf_server.c:401] PDC_SERVER[16]: SCHED: executing edge 0 func=zfp_decompress dev=GPU
[13:55:45.068586] [WARNING] [pdc_tf_server.c:393] PDC_SERVER[17]: SCHED: setting CUDA device to 0 for edge 0 func=zfp_decompress
[13:55:45.068603] [WARNING] [pdc_tf_server.c:401] PDC_SERVER[17]: SCHED: executing edge 0 func=zfp_decompress dev=GPU
[13:55:45.071486] [WARNING] [pdc_tf_server.c:393] PDC_SERVER[18]: SCHED: setting CUDA device to 0 for edge 0 func=zfp_decompress
[13:55:45.071524] [WARNING] [pdc_tf_server.c:401] PDC_SERVER[18]: SCHED: executing edge 0 func=zfp_decompress dev=GPU
[13:55:45.071504] [WARNING] [pdc_tf_server.c:475] PDC_SERVER[0]: SCHED: done running transformations
[13:55:45.087306] [WARNING] [pdc_tf_server.c:475] PDC_SERVER[16]: SCHED: done running transformations
[13:55:45.087639] [WARNING] [pdc_tf_server.c:475] PDC_SERVER[17]: SCHED: done running transformations
[13:55:45.088227] [WARNING] [pdc_tf_server.c:475] PDC_SERVER[18]: SCHED: done running transformations
[INFO] PDC_SERVER[0]: Starting flush for obj_id 12000000002, ndim=3
[13:55:45.263923] [WARNING] [pdc_server_region_cache.c:823] PDC_SERVER[0]: Region mapping lookup took 0.000001 s
[13:55:45.263934] [WARNING] [pdc_server_region_cache.c:828] PDC_SERVER[0]: No region mapping found for obj_id 12000000002
[13:55:45.283892] [WARNING] [pdc_server_region_cache.c:834] PDC_SERVER[0]: Flushed region via POSIX I/O in 0.019938 s
[13:55:45.283910] [WARNING] [pdc_server_region_cache.c:850] PDC_SERVER[0]: [2026-10-07 13:55:45.283905] Flushed 16.00 / 16.00 MB to storage
[INFO] PDC_SERVER[0]: Region flush iteration took 0.019998 s
[INFO] PDC_SERVER[0]: Starting flush for obj_id 12000000002, ndim=3
[13:55:45.296932] [WARNING] [pdc_server_region_cache.c:823] PDC_SERVER[0]: Region mapping lookup took 0.000000 s
[13:55:45.296940] [WARNING] [pdc_server_region_cache.c:828] PDC_SERVER[0]: No region mapping found for obj_id 12000000002
[13:55:45.316533] [WARNING] [pdc_server_region_cache.c:834] PDC_SERVER[0]: Flushed region via POSIX I/O in 0.019589 s
[13:55:45.316544] [WARNING] [pdc_server_region_cache.c:850] PDC_SERVER[0]: [2026-10-07 13:55:45.316541] Flushed 16.00 / 16.00 MB to storage
[INFO] PDC_SERVER[0]: Region flush iteration took 0.019619 s
[INFO] PDC_SERVER[0]: Starting flush for obj_id 12000000002, ndim=3
[13:55:45.319157] [WARNING] [pdc_server_region_cache.c:823] PDC_SERVER[0]: Region mapping lookup took 0.000000 s
[13:55:45.319160] [WARNING] [pdc_server_region_cache.c:828] PDC_SERVER[0]: No region mapping found for obj_id 12000000002
[13:55:45.337869] [WARNING] [pdc_server_region_cache.c:834] PDC_SERVER[0]: Flushed region via POSIX I/O in 0.018704 s
[13:55:45.337880] [WARNING] [pdc_server_region_cache.c:850] PDC_SERVER[0]: [2026-10-07 13:55:45.337877] Flushed 16.00 / 16.00 MB to storage
[INFO] PDC_SERVER[0]: Region flush iteration took 0.018731 s
[INFO] PDC_SERVER[0]: Starting flush for obj_id 12000000002, ndim=3
[13:55:45.341975] [WARNING] [pdc_server_region_cache.c:823] PDC_SERVER[0]: Region mapping lookup took 0.000003 s
[13:55:45.341992] [WARNING] [pdc_server_region_cache.c:828] PDC_SERVER[0]: No region mapping found for obj_id 12000000002
[13:55:45.367362] [WARNING] [pdc_server_region_cache.c:834] PDC_SERVER[0]: Flushed region via POSIX I/O in 0.025348 s
[13:55:45.367391] [WARNING] [pdc_server_region_cache.c:850] PDC_SERVER[0]: [2026-10-07 13:55:45.367386] Flushed 16.00 / 16.00 MB to storage
[INFO] PDC_SERVER[0]: Region flush iteration took 0.025435 s
[INFO] PDC_SERVER[0]: Starting flush for obj_id 13000000001, ndim=3
[13:55:45.370309] [WARNING] [pdc_server_region_cache.c:823] PDC_SERVER[0]: Region mapping lookup took 0.000002 s
[13:55:45.370317] [WARNING] [pdc_server_region_cache.c:828] PDC_SERVER[0]: No region mapping found for obj_id 13000000001
[13:55:45.397777] [WARNING] [pdc_server_region_cache.c:834] PDC_SERVER[0]: Flushed region via POSIX I/O in 0.027443 s
[13:55:45.397799] [WARNING] [pdc_server_region_cache.c:850] PDC_SERVER[0]: [2026-10-07 13:55:45.397795] Flushed 16.00 / 16.00 MB to storage
[INFO] PDC_SERVER[0]: Region flush iteration took 0.027503 s
[INFO] PDC_SERVER[0]: Starting flush for obj_id 13000000001, ndim=3
[13:55:45.412254] [WARNING] [pdc_server_region_cache.c:823] PDC_SERVER[0]: Region mapping lookup took 0.000001 s
[13:55:45.412266] [WARNING] [pdc_server_region_cache.c:828] PDC_SERVER[0]: No region mapping found for obj_id 13000000001
[13:55:45.434102] [WARNING] [pdc_server_region_cache.c:834] PDC_SERVER[0]: Flushed region via POSIX I/O in 0.021829 s
[13:55:45.434143] [WARNING] [pdc_server_region_cache.c:850] PDC_SERVER[0]: [2026-10-07 13:55:45.434139] Flushed 16.00 / 16.00 MB to storage
[INFO] PDC_SERVER[0]: Region flush iteration took 0.021898 s
[INFO] PDC_SERVER[0]: Starting flush for obj_id 13000000001, ndim=3
[13:55:45.436256] [WARNING] [pdc_server_region_cache.c:823] PDC_SERVER[0]: Region mapping lookup took 0.000001 s
[13:55:45.436264] [WARNING] [pdc_server_region_cache.c:828] PDC_SERVER[0]: No region mapping found for obj_id 13000000001
[13:55:45.458716] [WARNING] [pdc_server_region_cache.c:834] PDC_SERVER[0]: Flushed region via POSIX I/O in 0.022422 s
[13:55:45.458756] [WARNING] [pdc_server_region_cache.c:850] PDC_SERVER[0]: [2026-10-07 13:55:45.458751] Flushed 16.00 / 16.00 MB to storage
[INFO] PDC_SERVER[0]: Region flush iteration took 0.022512 s
[INFO] PDC_SERVER[0]: Starting flush for obj_id 13000000001, ndim=3
[13:55:45.467971] [WARNING] [pdc_server_region_cache.c:823] PDC_SERVER[0]: Region mapping lookup took 0.000001 s
[13:55:45.467981] [WARNING] [pdc_server_region_cache.c:828] PDC_SERVER[0]: No region mapping found for obj_id 13000000001
[13:55:45.491646] [WARNING] [pdc_server_region_cache.c:834] PDC_SERVER[0]: Flushed region via POSIX I/O in 0.023659 s
[13:55:45.491671] [WARNING] [pdc_server_region_cache.c:850] PDC_SERVER[0]: [2026-10-07 13:55:45.491668] Flushed 16.00 / 16.00 MB to storage
[INFO] PDC_SERVER[0]: Region flush iteration took 0.023708 s
[INFO] PDC_SERVER[0]: Starting flush for obj_id 14000000000, ndim=3
[13:55:45.493745] [WARNING] [pdc_server_region_cache.c:823] PDC_SERVER[0]: Region mapping lookup took 0.000002 s
[13:55:45.493755] [WARNING] [pdc_server_region_cache.c:828] PDC_SERVER[0]: No region mapping found for obj_id 14000000000
[13:55:45.746664] [WARNING] [pdc_tf_server.c:393] PDC_SERVER[24]: SCHED: setting CUDA device to 0 for edge 0 func=zfp_compress
[13:55:45.746724] [WARNING] [pdc_tf_server.c:401] PDC_SERVER[24]: SCHED: executing edge 0 func=zfp_compress dev=GPU
[13:55:45.750046] [WARNING] [pdc_tf_server.c:393] PDC_SERVER[15]: SCHED: setting CUDA device to 0 for edge 0 func=zfp_compress
[13:55:45.750134] [WARNING] [pdc_tf_server.c:401] PDC_SERVER[15]: SCHED: executing edge 0 func=zfp_compress dev=GPU
[13:55:45.755343] [WARNING] [pdc_tf_server.c:475] PDC_SERVER[24]: SCHED: done running transformations
[13:55:45.758356] [WARNING] [pdc_tf_server.c:393] PDC_SERVER[6]: SCHED: setting CUDA device to 0 for edge 0 func=zfp_compress
[13:55:45.758416] [WARNING] [pdc_tf_server.c:401] PDC_SERVER[6]: SCHED: executing edge 0 func=zfp_compress dev=GPU
[13:55:45.759963] [WARNING] [pdc_tf_server.c:475] PDC_SERVER[15]: SCHED: done running transformations
[13:55:45.760653] [WARNING] [pdc_tf_server.c:393] PDC_SERVER[25]: SCHED: setting CUDA device to 0 for edge 0 func=zfp_compress
[13:55:45.760730] [WARNING] [pdc_tf_server.c:401] PDC_SERVER[25]: SCHED: executing edge 0 func=zfp_compress dev=GPU
[13:55:45.765249] [WARNING] [pdc_tf_server.c:393] PDC_SERVER[30]: SCHED: setting CUDA device to 0 for edge 0 func=zfp_compress
[13:55:45.765329] [WARNING] [pdc_tf_server.c:401] PDC_SERVER[30]: SCHED: executing edge 0 func=zfp_compress dev=GPU
[13:55:45.767330] [WARNING] [pdc_tf_server.c:393] PDC_SERVER[20]: SCHED: setting CUDA device to 0 for edge 0 func=zfp_compress
[13:55:45.767367] [WARNING] [pdc_tf_server.c:401] PDC_SERVER[20]: SCHED: executing edge 0 func=zfp_compress dev=GPU
[13:55:45.768271] [WARNING] [pdc_tf_server.c:475] PDC_SERVER[6]: SCHED: done running transformations
[INFO] PDC_SERVER[0]: Executing graph with json filepath /pscratch/sd/n/nlewi26/src/work_space/source/pdc/tf_client/graphs/zfp_gpu.json
[13:55:45.769959] [WARNING] [pdc_tf_server.c:393] PDC_SERVER[0]: SCHED: setting CUDA device to 0 for edge 0 func=zfp_compress
[13:55:45.769998] [WARNING] [pdc_tf_server.c:401] PDC_SERVER[0]: SCHED: executing edge 0 func=zfp_compress dev=GPU
[13:55:45.770483] [WARNING] [pdc_tf_server.c:475] PDC_SERVER[25]: SCHED: done running transformations
[13:55:45.771748] [WARNING] [pdc_tf_server.c:393] PDC_SERVER[18]: SCHED: setting CUDA device to 0 for edge 0 func=zfp_compress
[13:55:45.771817] [WARNING] [pdc_tf_server.c:401] PDC_SERVER[18]: SCHED: executing edge 0 func=zfp_compress dev=GPU
[13:55:45.772943] [WARNING] [pdc_tf_server.c:393] PDC_SERVER[16]: SCHED: setting CUDA device to 0 for edge 0 func=zfp_compress
[13:55:45.773051] [WARNING] [pdc_tf_server.c:401] PDC_SERVER[16]: SCHED: executing edge 0 func=zfp_compress dev=GPU
[13:55:45.773647] [WARNING] [pdc_tf_server.c:393] PDC_SERVER[4]: SCHED: setting CUDA device to 0 for edge 0 func=zfp_compress
[13:55:45.773712] [WARNING] [pdc_tf_server.c:401] PDC_SERVER[4]: SCHED: executing edge 0 func=zfp_compress dev=GPU
[13:55:45.774895] [WARNING] [pdc_tf_server.c:393] PDC_SERVER[31]: SCHED: setting CUDA device to 0 for edge 0 func=zfp_compress
[13:55:45.774993] [WARNING] [pdc_tf_server.c:401] PDC_SERVER[31]: SCHED: executing edge 0 func=zfp_compress dev=GPU
[13:55:45.775654] [WARNING] [pdc_tf_server.c:475] PDC_SERVER[30]: SCHED: done running transformations
[13:55:45.776983] [WARNING] [pdc_tf_server.c:393] PDC_SERVER[26]: SCHED: setting CUDA device to 0 for edge 0 func=zfp_compress
[13:55:45.777042] [WARNING] [pdc_tf_server.c:401] PDC_SERVER[26]: SCHED: executing edge 0 func=zfp_compress dev=GPU
[13:55:45.778716] [WARNING] [pdc_tf_server.c:475] PDC_SERVER[0]: SCHED: done running transformations
[13:55:45.779091] [WARNING] [pdc_tf_server.c:393] PDC_SERVER[27]: SCHED: setting CUDA device to 0 for edge 0 func=zfp_compress
[13:55:45.779174] [WARNING] [pdc_tf_server.c:401] PDC_SERVER[27]: SCHED: executing edge 0 func=zfp_compress dev=GPU
[13:55:45.780938] [WARNING] [pdc_tf_server.c:393] PDC_SERVER[14]: SCHED: setting CUDA device to 0 for edge 0 func=zfp_compress
[13:55:45.781035] [WARNING] [pdc_tf_server.c:401] PDC_SERVER[14]: SCHED: executing edge 0 func=zfp_compress dev=GPU
[13:55:45.783113] [WARNING] [pdc_tf_server.c:475] PDC_SERVER[4]: SCHED: done running transformations
[13:55:45.783183] [WARNING] [pdc_tf_server.c:393] PDC_SERVER[22]: SCHED: setting CUDA device to 0 for edge 0 func=zfp_compress
[13:55:45.783210] [WARNING] [pdc_tf_server.c:401] PDC_SERVER[22]: SCHED: executing edge 0 func=zfp_compress dev=GPU
[13:55:45.783357] [WARNING] [pdc_tf_server.c:393] PDC_SERVER[29]: SCHED: setting CUDA device to 0 for edge 0 func=zfp_compress
[13:55:45.783460] [WARNING] [pdc_tf_server.c:401] PDC_SERVER[29]: SCHED: executing edge 0 func=zfp_compress dev=GPU
[13:55:45.784209] [WARNING] [pdc_tf_server.c:393] PDC_SERVER[2]: SCHED: setting CUDA device to 0 for edge 0 func=zfp_compress
[13:55:45.784286] [WARNING] [pdc_tf_server.c:401] PDC_SERVER[2]: SCHED: executing edge 0 func=zfp_compress dev=GPU
[13:55:45.784830] [WARNING] [pdc_tf_server.c:393] PDC_SERVER[9]: SCHED: setting CUDA device to 0 for edge 0 func=zfp_compress
[13:55:45.784903] [WARNING] [pdc_tf_server.c:401] PDC_SERVER[9]: SCHED: executing edge 0 func=zfp_compress dev=GPU
[13:55:45.785911] [WARNING] [pdc_tf_server.c:393] PDC_SERVER[23]: SCHED: setting CUDA device to 0 for edge 0 func=zfp_compress
[13:55:45.785945] [WARNING] [pdc_tf_server.c:401] PDC_SERVER[23]: SCHED: executing edge 0 func=zfp_compress dev=GPU
[13:55:45.788792] [WARNING] [pdc_tf_server.c:475] PDC_SERVER[26]: SCHED: done running transformations
[13:55:45.788904] [WARNING] [pdc_tf_server.c:393] PDC_SERVER[11]: SCHED: setting CUDA device to 0 for edge 0 func=zfp_compress
[13:55:45.788985] [WARNING] [pdc_tf_server.c:401] PDC_SERVER[11]: SCHED: executing edge 0 func=zfp_compress dev=GPU
[13:55:45.790490] [WARNING] [pdc_tf_server.c:393] PDC_SERVER[1]: SCHED: setting CUDA device to 0 for edge 0 func=zfp_compress
[13:55:45.790556] [WARNING] [pdc_tf_server.c:401] PDC_SERVER[1]: SCHED: executing edge 0 func=zfp_compress dev=GPU
[13:55:45.791693] [WARNING] [pdc_tf_server.c:475] PDC_SERVER[18]: SCHED: done running transformations
[13:55:45.791712] [WARNING] [pdc_tf_server.c:475] PDC_SERVER[31]: SCHED: done running transformations
[13:55:45.792382] [WARNING] [pdc_tf_server.c:475] PDC_SERVER[29]: SCHED: done running transformations
[13:55:45.792492] [WARNING] [pdc_tf_server.c:475] PDC_SERVER[16]: SCHED: done running transformations
[13:55:45.793401] [WARNING] [pdc_tf_server.c:475] PDC_SERVER[20]: SCHED: done running transformations
[13:55:45.793679] [WARNING] [pdc_tf_server.c:475] PDC_SERVER[27]: SCHED: done running transformations
[13:55:45.793733] [WARNING] [pdc_tf_server.c:475] PDC_SERVER[14]: SCHED: done running transformations
[13:55:45.794431] [WARNING] [pdc_tf_server.c:393] PDC_SERVER[17]: SCHED: setting CUDA device to 0 for edge 0 func=zfp_compress
[13:55:45.794462] [WARNING] [pdc_tf_server.c:401] PDC_SERVER[17]: SCHED: executing edge 0 func=zfp_compress dev=GPU
[13:55:45.794514] [WARNING] [pdc_tf_server.c:393] PDC_SERVER[7]: SCHED: setting CUDA device to 0 for edge 0 func=zfp_compress
[13:55:45.794575] [WARNING] [pdc_tf_server.c:401] PDC_SERVER[7]: SCHED: executing edge 0 func=zfp_compress dev=GPU
[13:55:45.794745] [WARNING] [pdc_tf_server.c:393] PDC_SERVER[8]: SCHED: setting CUDA device to 0 for edge 0 func=zfp_compress
[13:55:45.794803] [WARNING] [pdc_tf_server.c:401] PDC_SERVER[8]: SCHED: executing edge 0 func=zfp_compress dev=GPU
[13:55:45.797309] [WARNING] [pdc_tf_server.c:475] PDC_SERVER[22]: SCHED: done running transformations
[13:55:45.798605] [WARNING] [pdc_tf_server.c:475] PDC_SERVER[9]: SCHED: done running transformations
[13:55:45.800750] [WARNING] [pdc_tf_server.c:475] PDC_SERVER[11]: SCHED: done running transformations
[13:55:45.800699] [WARNING] [pdc_tf_server.c:475] PDC_SERVER[1]: SCHED: done running transformations
[13:55:45.803042] [WARNING] [pdc_tf_server.c:475] PDC_SERVER[2]: SCHED: done running transformations
[13:55:45.804911] [WARNING] [pdc_tf_server.c:393] PDC_SERVER[13]: SCHED: setting CUDA device to 0 for edge 0 func=zfp_compress
[13:55:45.804942] [WARNING] [pdc_tf_server.c:401] PDC_SERVER[13]: SCHED: executing edge 0 func=zfp_compress dev=GPU
[13:55:45.805148] [WARNING] [pdc_tf_server.c:393] PDC_SERVER[28]: SCHED: setting CUDA device to 0 for edge 0 func=zfp_compress
[13:55:45.805175] [WARNING] [pdc_tf_server.c:401] PDC_SERVER[28]: SCHED: executing edge 0 func=zfp_compress dev=GPU
[13:55:45.805364] [WARNING] [pdc_tf_server.c:475] PDC_SERVER[23]: SCHED: done running transformations
[13:55:45.806609] [WARNING] [pdc_tf_server.c:393] PDC_SERVER[10]: SCHED: setting CUDA device to 0 for edge 0 func=zfp_compress
[13:55:45.806709] [WARNING] [pdc_tf_server.c:401] PDC_SERVER[10]: SCHED: executing edge 0 func=zfp_compress dev=GPU
[13:55:45.807018] [WARNING] [pdc_tf_server.c:475] PDC_SERVER[17]: SCHED: done running transformations
[13:55:45.807439] [WARNING] [pdc_tf_server.c:393] PDC_SERVER[21]: SCHED: setting CUDA device to 0 for edge 0 func=zfp_compress
[13:55:45.807500] [WARNING] [pdc_tf_server.c:401] PDC_SERVER[21]: SCHED: executing edge 0 func=zfp_compress dev=GPU
[13:55:45.810240] [WARNING] [pdc_tf_server.c:475] PDC_SERVER[8]: SCHED: done running transformations
[13:55:45.811070] [WARNING] [pdc_tf_server.c:475] PDC_SERVER[7]: SCHED: done running transformations
[13:55:45.813413] [WARNING] [pdc_tf_server.c:393] PDC_SERVER[19]: SCHED: setting CUDA device to 0 for edge 0 func=zfp_compress
[13:55:45.813483] [WARNING] [pdc_tf_server.c:401] PDC_SERVER[19]: SCHED: executing edge 0 func=zfp_compress dev=GPU
[13:55:45.815603] [WARNING] [pdc_tf_server.c:475] PDC_SERVER[13]: SCHED: done running transformations
[13:55:45.816155] [WARNING] [pdc_tf_server.c:475] PDC_SERVER[28]: SCHED: done running transformations
[13:55:45.816193] [WARNING] [pdc_server_region_cache.c:834] PDC_SERVER[0]: Flushed region via POSIX I/O in 0.322423 s
[13:55:45.816209] [WARNING] [pdc_server_region_cache.c:850] PDC_SERVER[0]: [2026-10-07 13:55:45.816205] Flushed 16.00 / 16.00 MB to storage
[INFO] PDC_SERVER[0]: Region flush iteration took 0.322474 s
[13:55:45.817745] [WARNING] [pdc_tf_server.c:475] PDC_SERVER[21]: SCHED: done running transformations
[13:55:45.820526] [WARNING] [pdc_tf_server.c:475] PDC_SERVER[10]: SCHED: done running transformations
[INFO] PDC_SERVER[0]: Starting flush for obj_id 14000000000, ndim=3
[13:55:45.822397] [WARNING] [pdc_server_region_cache.c:823] PDC_SERVER[0]: Region mapping lookup took 0.000000 s
[13:55:45.822403] [WARNING] [pdc_server_region_cache.c:828] PDC_SERVER[0]: No region mapping found for obj_id 14000000000
[13:55:45.823767] [WARNING] [pdc_tf_server.c:475] PDC_SERVER[19]: SCHED: done running transformations
[13:55:45.825646] [WARNING] [pdc_tf_server.c:393] PDC_SERVER[12]: SCHED: setting CUDA device to 0 for edge 0 func=zfp_compress
[13:55:45.825698] [WARNING] [pdc_tf_server.c:401] PDC_SERVER[12]: SCHED: executing edge 0 func=zfp_compress dev=GPU
[13:55:45.837465] [WARNING] [pdc_tf_server.c:393] PDC_SERVER[5]: SCHED: setting CUDA device to 0 for edge 0 func=zfp_compress
[13:55:45.837522] [WARNING] [pdc_tf_server.c:401] PDC_SERVER[5]: SCHED: executing edge 0 func=zfp_compress dev=GPU
[13:55:45.838455] [WARNING] [pdc_tf_server.c:475] PDC_SERVER[12]: SCHED: done running transformations
[13:55:45.842983] [WARNING] [pdc_tf_server.c:393] PDC_SERVER[3]: SCHED: setting CUDA device to 0 for edge 0 func=zfp_compress
[13:55:45.843107] [WARNING] [pdc_tf_server.c:401] PDC_SERVER[3]: SCHED: executing edge 0 func=zfp_compress dev=GPU
[13:55:45.859285] [WARNING] [pdc_tf_server.c:475] PDC_SERVER[5]: SCHED: done running transformations
[13:55:45.862223] [WARNING] [pdc_tf_server.c:475] PDC_SERVER[3]: SCHED: done running transformations
[13:55:46.059620] [WARNING] [pdc_tf_server.c:393] PDC_SERVER[15]: SCHED: setting CUDA device to 0 for edge 0 func=zfp_compress
[13:55:46.059654] [WARNING] [pdc_tf_server.c:401] PDC_SERVER[15]: SCHED: executing edge 0 func=zfp_compress dev=GPU
[13:55:46.065217] [WARNING] [pdc_tf_server.c:393] PDC_SERVER[24]: SCHED: setting CUDA device to 0 for edge 0 func=zfp_compress
[13:55:46.065264] [WARNING] [pdc_tf_server.c:401] PDC_SERVER[24]: SCHED: executing edge 0 func=zfp_compress dev=GPU
[13:55:46.070558] [WARNING] [pdc_tf_server.c:475] PDC_SERVER[15]: SCHED: done running transformations
[13:55:46.080120] [WARNING] [pdc_tf_server.c:475] PDC_SERVER[24]: SCHED: done running transformations
[13:55:46.088313] [WARNING] [pdc_tf_server.c:393] PDC_SERVER[4]: SCHED: setting CUDA device to 0 for edge 0 func=zfp_compress
[13:55:46.088388] [WARNING] [pdc_tf_server.c:401] PDC_SERVER[4]: SCHED: executing edge 0 func=zfp_compress dev=GPU
[13:55:46.092967] [WARNING] [pdc_tf_server.c:393] PDC_SERVER[25]: SCHED: setting CUDA device to 0 for edge 0 func=zfp_compress
[13:55:46.093008] [WARNING] [pdc_tf_server.c:401] PDC_SERVER[25]: SCHED: executing edge 0 func=zfp_compress dev=GPU
[13:55:46.098562] [WARNING] [pdc_tf_server.c:475] PDC_SERVER[4]: SCHED: done running transformations
[13:55:46.098936] [WARNING] [pdc_tf_server.c:393] PDC_SERVER[29]: SCHED: setting CUDA device to 0 for edge 0 func=zfp_compress
[13:55:46.099008] [WARNING] [pdc_tf_server.c:401] PDC_SERVER[29]: SCHED: executing edge 0 func=zfp_compress dev=GPU
[13:55:46.102099] [WARNING] [pdc_tf_server.c:393] PDC_SERVER[30]: SCHED: setting CUDA device to 0 for edge 0 func=zfp_compress
[13:55:46.102129] [WARNING] [pdc_tf_server.c:401] PDC_SERVER[30]: SCHED: executing edge 0 func=zfp_compress dev=GPU
[13:55:46.104305] [WARNING] [pdc_tf_server.c:475] PDC_SERVER[25]: SCHED: done running transformations
[13:55:46.105788] [WARNING] [pdc_tf_server.c:393] PDC_SERVER[16]: SCHED: setting CUDA device to 0 for edge 0 func=zfp_compress
[13:55:46.105871] [WARNING] [pdc_tf_server.c:401] PDC_SERVER[16]: SCHED: executing edge 0 func=zfp_compress dev=GPU
[13:55:46.107445] [WARNING] [pdc_tf_server.c:393] PDC_SERVER[18]: SCHED: setting CUDA device to 0 for edge 0 func=zfp_compress
[13:55:46.107494] [WARNING] [pdc_tf_server.c:401] PDC_SERVER[18]: SCHED: executing edge 0 func=zfp_compress dev=GPU
[13:55:46.107922] [WARNING] [pdc_tf_server.c:393] PDC_SERVER[14]: SCHED: setting CUDA device to 0 for edge 0 func=zfp_compress
[13:55:46.107959] [WARNING] [pdc_tf_server.c:401] PDC_SERVER[14]: SCHED: executing edge 0 func=zfp_compress dev=GPU
[INFO] PDC_SERVER[0]: Executing graph with json filepath /pscratch/sd/n/nlewi26/src/work_space/source/pdc/tf_client/graphs/zfp_gpu.json
[13:55:46.108447] [WARNING] [pdc_tf_server.c:393] PDC_SERVER[0]: SCHED: setting CUDA device to 0 for edge 0 func=zfp_compress
[13:55:46.108463] [WARNING] [pdc_tf_server.c:401] PDC_SERVER[0]: SCHED: executing edge 0 func=zfp_compress dev=GPU
[13:55:46.108931] [WARNING] [pdc_tf_server.c:475] PDC_SERVER[29]: SCHED: done running transformations
[13:55:46.113480] [WARNING] [pdc_tf_server.c:393] PDC_SERVER[23]: SCHED: setting CUDA device to 0 for edge 0 func=zfp_compress
[13:55:46.113562] [WARNING] [pdc_tf_server.c:401] PDC_SERVER[23]: SCHED: executing edge 0 func=zfp_compress dev=GPU
[13:55:46.115639] [WARNING] [pdc_tf_server.c:475] PDC_SERVER[30]: SCHED: done running transformations
[13:55:46.115682] [WARNING] [pdc_tf_server.c:393] PDC_SERVER[26]: SCHED: setting CUDA device to 0 for edge 0 func=zfp_compress
[13:55:46.115739] [WARNING] [pdc_tf_server.c:401] PDC_SERVER[26]: SCHED: executing edge 0 func=zfp_compress dev=GPU
[13:55:46.117257] [WARNING] [pdc_tf_server.c:393] PDC_SERVER[6]: SCHED: setting CUDA device to 0 for edge 0 func=zfp_compress
[13:55:46.117329] [WARNING] [pdc_tf_server.c:401] PDC_SERVER[6]: SCHED: executing edge 0 func=zfp_compress dev=GPU
[13:55:46.117591] [WARNING] [pdc_tf_server.c:393] PDC_SERVER[1]: SCHED: setting CUDA device to 0 for edge 0 func=zfp_compress
[13:55:46.117613] [WARNING] [pdc_tf_server.c:401] PDC_SERVER[1]: SCHED: executing edge 0 func=zfp_compress dev=GPU
[13:55:46.118009] [WARNING] [pdc_tf_server.c:475] PDC_SERVER[0]: SCHED: done running transformations
[13:55:46.120038] [WARNING] [pdc_tf_server.c:475] PDC_SERVER[14]: SCHED: done running transformations
[13:55:46.120152] [WARNING] [pdc_tf_server.c:475] PDC_SERVER[16]: SCHED: done running transformations
[13:55:46.122073] [WARNING] [pdc_tf_server.c:393] PDC_SERVER[2]: SCHED: setting CUDA device to 0 for edge 0 func=zfp_compress
[13:55:46.122139] [WARNING] [pdc_tf_server.c:401] PDC_SERVER[2]: SCHED: executing edge 0 func=zfp_compress dev=GPU
[13:55:46.122833] [WARNING] [pdc_tf_server.c:393] PDC_SERVER[20]: SCHED: setting CUDA device to 0 for edge 0 func=zfp_compress
[13:55:46.122877] [WARNING] [pdc_tf_server.c:401] PDC_SERVER[20]: SCHED: executing edge 0 func=zfp_compress dev=GPU
[13:55:46.126675] [WARNING] [pdc_tf_server.c:475] PDC_SERVER[26]: SCHED: done running transformations
[13:55:46.131303] [WARNING] [pdc_tf_server.c:393] PDC_SERVER[27]: SCHED: setting CUDA device to 0 for edge 0 func=zfp_compress
[13:55:46.131378] [WARNING] [pdc_tf_server.c:401] PDC_SERVER[27]: SCHED: executing edge 0 func=zfp_compress dev=GPU
[13:55:46.131460] [WARNING] [pdc_tf_server.c:393] PDC_SERVER[21]: SCHED: setting CUDA device to 0 for edge 0 func=zfp_compress
[13:55:46.131515] [WARNING] [pdc_tf_server.c:401] PDC_SERVER[21]: SCHED: executing edge 0 func=zfp_compress dev=GPU
[13:55:46.132937] [WARNING] [pdc_tf_server.c:393] PDC_SERVER[22]: SCHED: setting CUDA device to 0 for edge 0 func=zfp_compress
[13:55:46.132974] [WARNING] [pdc_tf_server.c:401] PDC_SERVER[22]: SCHED: executing edge 0 func=zfp_compress dev=GPU
[13:55:46.134299] [WARNING] [pdc_tf_server.c:475] PDC_SERVER[23]: SCHED: done running transformations
[13:55:46.135113] [WARNING] [pdc_tf_server.c:475] PDC_SERVER[18]: SCHED: done running transformations
[13:55:46.135353] [WARNING] [pdc_tf_server.c:393] PDC_SERVER[8]: SCHED: setting CUDA device to 0 for edge 0 func=zfp_compress
[13:55:46.135443] [WARNING] [pdc_tf_server.c:401] PDC_SERVER[8]: SCHED: executing edge 0 func=zfp_compress dev=GPU
[13:55:46.136719] [WARNING] [pdc_tf_server.c:475] PDC_SERVER[6]: SCHED: done running transformations
[13:55:46.137617] [WARNING] [pdc_tf_server.c:475] PDC_SERVER[1]: SCHED: done running transformations
[13:55:46.137716] [WARNING] [pdc_tf_server.c:475] PDC_SERVER[2]: SCHED: done running transformations
[13:55:46.140149] [WARNING] [pdc_tf_server.c:393] PDC_SERVER[28]: SCHED: setting CUDA device to 0 for edge 0 func=zfp_compress
[13:55:46.140210] [WARNING] [pdc_tf_server.c:401] PDC_SERVER[28]: SCHED: executing edge 0 func=zfp_compress dev=GPU
[13:55:46.141625] [WARNING] [pdc_tf_server.c:475] PDC_SERVER[20]: SCHED: done running transformations
[13:55:46.143728] [WARNING] [pdc_tf_server.c:475] PDC_SERVER[27]: SCHED: done running transformations
[13:55:46.145527] [WARNING] [pdc_tf_server.c:475] PDC_SERVER[8]: SCHED: done running transformations
[13:55:46.145503] [WARNING] [pdc_tf_server.c:393] PDC_SERVER[9]: SCHED: setting CUDA device to 0 for edge 0 func=zfp_compress
[13:55:46.145583] [WARNING] [pdc_tf_server.c:401] PDC_SERVER[9]: SCHED: executing edge 0 func=zfp_compress dev=GPU
[13:55:46.146580] [WARNING] [pdc_tf_server.c:393] PDC_SERVER[17]: SCHED: setting CUDA device to 0 for edge 0 func=zfp_compress
[13:55:46.146654] [WARNING] [pdc_tf_server.c:401] PDC_SERVER[17]: SCHED: executing edge 0 func=zfp_compress dev=GPU
[13:55:46.151487] [WARNING] [pdc_tf_server.c:475] PDC_SERVER[28]: SCHED: done running transformations
[13:55:46.153259] [WARNING] [pdc_tf_server.c:393] PDC_SERVER[19]: SCHED: setting CUDA device to 0 for edge 0 func=zfp_compress
[13:55:46.153327] [WARNING] [pdc_tf_server.c:401] PDC_SERVER[19]: SCHED: executing edge 0 func=zfp_compress dev=GPU
[13:55:46.155110] [WARNING] [pdc_tf_server.c:393] PDC_SERVER[13]: SCHED: setting CUDA device to 0 for edge 0 func=zfp_compress
[13:55:46.155141] [WARNING] [pdc_tf_server.c:401] PDC_SERVER[13]: SCHED: executing edge 0 func=zfp_compress dev=GPU
[13:55:46.155394] [WARNING] [pdc_tf_server.c:393] PDC_SERVER[11]: SCHED: setting CUDA device to 0 for edge 0 func=zfp_compress
[13:55:46.155431] [WARNING] [pdc_tf_server.c:401] PDC_SERVER[11]: SCHED: executing edge 0 func=zfp_compress dev=GPU
[13:55:46.155355] [WARNING] [pdc_server_region_cache.c:834] PDC_SERVER[0]: Flushed region via POSIX I/O in 0.332934 s
[13:55:46.155376] [WARNING] [pdc_server_region_cache.c:850] PDC_SERVER[0]: [2026-10-07 13:55:46.155373] Flushed 16.00 / 16.00 MB to storage
[INFO] PDC_SERVER[0]: Region flush iteration took 0.332993 s
[13:55:46.155900] [WARNING] [pdc_tf_server.c:475] PDC_SERVER[22]: SCHED: done running transformations
[13:55:46.155886] [WARNING] [pdc_tf_server.c:393] PDC_SERVER[7]: SCHED: setting CUDA device to 0 for edge 0 func=zfp_compress
[13:55:46.155909] [WARNING] [pdc_tf_server.c:401] PDC_SERVER[7]: SCHED: executing edge 0 func=zfp_compress dev=GPU
[13:55:46.156627] [WARNING] [pdc_tf_server.c:475] PDC_SERVER[21]: SCHED: done running transformations
[INFO] PDC_SERVER[0]: Starting flush for obj_id 14000000000, ndim=3
[13:55:46.157270] [WARNING] [pdc_server_region_cache.c:823] PDC_SERVER[0]: Region mapping lookup took 0.000001 s
[13:55:46.157277] [WARNING] [pdc_server_region_cache.c:828] PDC_SERVER[0]: No region mapping found for obj_id 14000000000
[13:55:46.157718] [WARNING] [pdc_tf_server.c:475] PDC_SERVER[9]: SCHED: done running transformations
[13:55:46.167123] [WARNING] [pdc_tf_server.c:475] PDC_SERVER[17]: SCHED: done running transformations
[13:55:46.168775] [WARNING] [pdc_tf_server.c:475] PDC_SERVER[7]: SCHED: done running transformations
[13:55:46.170364] [WARNING] [pdc_tf_server.c:475] PDC_SERVER[11]: SCHED: done running transformations
[13:55:46.170692] [WARNING] [pdc_tf_server.c:475] PDC_SERVER[13]: SCHED: done running transformations
[13:55:46.179078] [WARNING] [pdc_tf_server.c:393] PDC_SERVER[5]: SCHED: setting CUDA device to 0 for edge 0 func=zfp_compress
[13:55:46.179157] [WARNING] [pdc_tf_server.c:401] PDC_SERVER[5]: SCHED: executing edge 0 func=zfp_compress dev=GPU
[13:55:46.180883] [WARNING] [pdc_tf_server.c:475] PDC_SERVER[19]: SCHED: done running transformations
[13:55:46.183151] [WARNING] [pdc_tf_server.c:393] PDC_SERVER[31]: SCHED: setting CUDA device to 0 for edge 0 func=zfp_compress
[13:55:46.183190] [WARNING] [pdc_tf_server.c:401] PDC_SERVER[31]: SCHED: executing edge 0 func=zfp_compress dev=GPU
[13:55:46.188778] [WARNING] [pdc_tf_server.c:393] PDC_SERVER[10]: SCHED: setting CUDA device to 0 for edge 0 func=zfp_compress
[13:55:46.188849] [WARNING] [pdc_tf_server.c:401] PDC_SERVER[10]: SCHED: executing edge 0 func=zfp_compress dev=GPU
[13:55:46.193094] [WARNING] [pdc_tf_server.c:393] PDC_SERVER[12]: SCHED: setting CUDA device to 0 for edge 0 func=zfp_compress
[13:55:46.193163] [WARNING] [pdc_tf_server.c:401] PDC_SERVER[12]: SCHED: executing edge 0 func=zfp_compress dev=GPU
[13:55:46.194349] [WARNING] [pdc_tf_server.c:475] PDC_SERVER[5]: SCHED: done running transformations
[13:55:46.196258] [WARNING] [pdc_tf_server.c:475] PDC_SERVER[31]: SCHED: done running transformations
[13:55:46.198320] [WARNING] [pdc_tf_server.c:393] PDC_SERVER[3]: SCHED: setting CUDA device to 0 for edge 0 func=zfp_compress
[13:55:46.198382] [WARNING] [pdc_tf_server.c:401] PDC_SERVER[3]: SCHED: executing edge 0 func=zfp_compress dev=GPU
[13:55:46.199685] [WARNING] [pdc_tf_server.c:475] PDC_SERVER[10]: SCHED: done running transformations
[13:55:46.207545] [WARNING] [pdc_tf_server.c:475] PDC_SERVER[12]: SCHED: done running transformations
[13:55:46.211322] [WARNING] [pdc_tf_server.c:475] PDC_SERVER[3]: SCHED: done running transformations
[13:55:46.368994] [WARNING] [pdc_tf_server.c:393] PDC_SERVER[15]: SCHED: setting CUDA device to 0 for edge 0 func=zfp_compress
[13:55:46.369065] [WARNING] [pdc_tf_server.c:401] PDC_SERVER[15]: SCHED: executing edge 0 func=zfp_compress dev=GPU
[13:55:46.380396] [WARNING] [pdc_tf_server.c:475] PDC_SERVER[15]: SCHED: done running transformations
[13:55:46.387389] [WARNING] [pdc_tf_server.c:393] PDC_SERVER[24]: SCHED: setting CUDA device to 0 for edge 0 func=zfp_compress
[13:55:46.387444] [WARNING] [pdc_tf_server.c:401] PDC_SERVER[24]: SCHED: executing edge 0 func=zfp_compress dev=GPU
[13:55:46.399850] [WARNING] [pdc_tf_server.c:393] PDC_SERVER[4]: SCHED: setting CUDA device to 0 for edge 0 func=zfp_compress
[13:55:46.399909] [WARNING] [pdc_tf_server.c:401] PDC_SERVER[4]: SCHED: executing edge 0 func=zfp_compress dev=GPU
[13:55:46.409350] [WARNING] [pdc_tf_server.c:475] PDC_SERVER[24]: SCHED: done running transformations
[13:55:46.409940] [WARNING] [pdc_tf_server.c:393] PDC_SERVER[29]: SCHED: setting CUDA device to 0 for edge 0 func=zfp_compress
[13:55:46.409971] [WARNING] [pdc_tf_server.c:401] PDC_SERVER[29]: SCHED: executing edge 0 func=zfp_compress dev=GPU
[13:55:46.411664] [WARNING] [pdc_tf_server.c:475] PDC_SERVER[4]: SCHED: done running transformations
[13:55:46.424364] [WARNING] [pdc_tf_server.c:475] PDC_SERVER[29]: SCHED: done running transformations
[13:55:46.428305] [WARNING] [pdc_tf_server.c:393] PDC_SERVER[25]: SCHED: setting CUDA device to 0 for edge 0 func=zfp_compress
[13:55:46.428369] [WARNING] [pdc_tf_server.c:401] PDC_SERVER[25]: SCHED: executing edge 0 func=zfp_compress dev=GPU
[13:55:46.431122] [WARNING] [pdc_tf_server.c:393] PDC_SERVER[16]: SCHED: setting CUDA device to 0 for edge 0 func=zfp_compress
[13:55:46.431154] [WARNING] [pdc_tf_server.c:401] PDC_SERVER[16]: SCHED: executing edge 0 func=zfp_compress dev=GPU
[13:55:46.442248] [WARNING] [pdc_tf_server.c:475] PDC_SERVER[25]: SCHED: done running transformations
[13:55:46.442643] [WARNING] [pdc_tf_server.c:475] PDC_SERVER[16]: SCHED: done running transformations
[13:55:46.444811] [WARNING] [pdc_tf_server.c:393] PDC_SERVER[30]: SCHED: setting CUDA device to 0 for edge 0 func=zfp_compress
[13:55:46.444868] [WARNING] [pdc_tf_server.c:401] PDC_SERVER[30]: SCHED: executing edge 0 func=zfp_compress dev=GPU
[13:55:46.447024] [WARNING] [pdc_tf_server.c:393] PDC_SERVER[20]: SCHED: setting CUDA device to 0 for edge 0 func=zfp_compress
[13:55:46.447056] [WARNING] [pdc_tf_server.c:401] PDC_SERVER[20]: SCHED: executing edge 0 func=zfp_compress dev=GPU
[13:55:46.450758] [WARNING] [pdc_tf_server.c:393] PDC_SERVER[27]: SCHED: setting CUDA device to 0 for edge 0 func=zfp_compress
[13:55:46.450796] [WARNING] [pdc_tf_server.c:401] PDC_SERVER[27]: SCHED: executing edge 0 func=zfp_compress dev=GPU
[13:55:46.450955] [WARNING] [pdc_tf_server.c:393] PDC_SERVER[6]: SCHED: setting CUDA device to 0 for edge 0 func=zfp_compress
[13:55:46.450984] [WARNING] [pdc_tf_server.c:401] PDC_SERVER[6]: SCHED: executing edge 0 func=zfp_compress dev=GPU
[13:55:46.451256] [WARNING] [pdc_tf_server.c:393] PDC_SERVER[1]: SCHED: setting CUDA device to 0 for edge 0 func=zfp_compress
[13:55:46.451272] [WARNING] [pdc_tf_server.c:401] PDC_SERVER[1]: SCHED: executing edge 0 func=zfp_compress dev=GPU
[13:55:46.453755] [WARNING] [pdc_tf_server.c:393] PDC_SERVER[26]: SCHED: setting CUDA device to 0 for edge 0 func=zfp_compress
[13:55:46.453845] [WARNING] [pdc_tf_server.c:401] PDC_SERVER[26]: SCHED: executing edge 0 func=zfp_compress dev=GPU
[13:55:46.456227] [WARNING] [pdc_tf_server.c:475] PDC_SERVER[30]: SCHED: done running transformations
[13:55:46.456334] [WARNING] [pdc_tf_server.c:475] PDC_SERVER[20]: SCHED: done running transformations
[13:55:46.456754] [WARNING] [pdc_tf_server.c:393] PDC_SERVER[28]: SCHED: setting CUDA device to 0 for edge 0 func=zfp_compress
[13:55:46.456784] [WARNING] [pdc_tf_server.c:401] PDC_SERVER[28]: SCHED: executing edge 0 func=zfp_compress dev=GPU
[13:55:46.459328] [WARNING] [pdc_tf_server.c:393] PDC_SERVER[2]: SCHED: setting CUDA device to 0 for edge 0 func=zfp_compress
[13:55:46.459374] [WARNING] [pdc_tf_server.c:401] PDC_SERVER[2]: SCHED: executing edge 0 func=zfp_compress dev=GPU
[13:55:46.460166] [WARNING] [pdc_tf_server.c:393] PDC_SERVER[22]: SCHED: setting CUDA device to 0 for edge 0 func=zfp_compress
[13:55:46.460226] [WARNING] [pdc_tf_server.c:401] PDC_SERVER[22]: SCHED: executing edge 0 func=zfp_compress dev=GPU
[13:55:46.462490] [WARNING] [pdc_tf_server.c:393] PDC_SERVER[23]: SCHED: setting CUDA device to 0 for edge 0 func=zfp_compress
[13:55:46.462583] [WARNING] [pdc_tf_server.c:401] PDC_SERVER[23]: SCHED: executing edge 0 func=zfp_compress dev=GPU
[13:55:46.463072] [WARNING] [pdc_tf_server.c:475] PDC_SERVER[27]: SCHED: done running transformations
[13:55:46.466016] [WARNING] [pdc_tf_server.c:475] PDC_SERVER[1]: SCHED: done running transformations
[13:55:46.466520] [WARNING] [pdc_tf_server.c:475] PDC_SERVER[6]: SCHED: done running transformations
[13:55:46.467497] [WARNING] [pdc_tf_server.c:475] PDC_SERVER[26]: SCHED: done running transformations
[13:55:46.468109] [WARNING] [pdc_tf_server.c:475] PDC_SERVER[28]: SCHED: done running transformations
[13:55:46.469550] [WARNING] [pdc_tf_server.c:475] PDC_SERVER[22]: SCHED: done running transformations
[13:55:46.471127] [WARNING] [pdc_tf_server.c:393] PDC_SERVER[18]: SCHED: setting CUDA device to 0 for edge 0 func=zfp_compress
[13:55:46.471166] [WARNING] [pdc_tf_server.c:401] PDC_SERVER[18]: SCHED: executing edge 0 func=zfp_compress dev=GPU
[13:55:46.473827] [WARNING] [pdc_tf_server.c:475] PDC_SERVER[2]: SCHED: done running transformations
[13:55:46.476695] [WARNING] [pdc_tf_server.c:475] PDC_SERVER[23]: SCHED: done running transformations
[13:55:46.484589] [WARNING] [pdc_tf_server.c:393] PDC_SERVER[14]: SCHED: setting CUDA device to 0 for edge 0 func=zfp_compress
[13:55:46.484629] [WARNING] [pdc_tf_server.c:401] PDC_SERVER[14]: SCHED: executing edge 0 func=zfp_compress dev=GPU
[13:55:46.486434] [WARNING] [pdc_tf_server.c:475] PDC_SERVER[18]: SCHED: done running transformations
[13:55:46.489157] [WARNING] [pdc_tf_server.c:393] PDC_SERVER[9]: SCHED: setting CUDA device to 0 for edge 0 func=zfp_compress
[13:55:46.489200] [WARNING] [pdc_tf_server.c:401] PDC_SERVER[9]: SCHED: executing edge 0 func=zfp_compress dev=GPU
[13:55:46.492165] [WARNING] [pdc_tf_server.c:393] PDC_SERVER[21]: SCHED: setting CUDA device to 0 for edge 0 func=zfp_compress
[13:55:46.492242] [WARNING] [pdc_tf_server.c:401] PDC_SERVER[21]: SCHED: executing edge 0 func=zfp_compress dev=GPU
[13:55:46.502713] [WARNING] [pdc_tf_server.c:393] PDC_SERVER[11]: SCHED: setting CUDA device to 0 for edge 0 func=zfp_compress
[13:55:46.502776] [WARNING] [pdc_tf_server.c:401] PDC_SERVER[11]: SCHED: executing edge 0 func=zfp_compress dev=GPU
[13:55:46.504189] [WARNING] [pdc_tf_server.c:475] PDC_SERVER[9]: SCHED: done running transformations
[13:55:46.504794] [WARNING] [pdc_tf_server.c:475] PDC_SERVER[21]: SCHED: done running transformations
[13:55:46.505003] [WARNING] [pdc_tf_server.c:475] PDC_SERVER[14]: SCHED: done running transformations
[13:55:46.505467] [WARNING] [pdc_tf_server.c:393] PDC_SERVER[8]: SCHED: setting CUDA device to 0 for edge 0 func=zfp_compress
[13:55:46.505511] [WARNING] [pdc_tf_server.c:401] PDC_SERVER[8]: SCHED: executing edge 0 func=zfp_compress dev=GPU
[INFO] PDC_SERVER[0]: Executing graph with json filepath /pscratch/sd/n/nlewi26/src/work_space/source/pdc/tf_client/graphs/zfp_gpu.json
[13:55:46.510185] [WARNING] [pdc_tf_server.c:393] PDC_SERVER[0]: SCHED: setting CUDA device to 0 for edge 0 func=zfp_compress
[13:55:46.510249] [WARNING] [pdc_tf_server.c:401] PDC_SERVER[0]: SCHED: executing edge 0 func=zfp_compress dev=GPU
[13:55:46.511340] [WARNING] [pdc_tf_server.c:393] PDC_SERVER[7]: SCHED: setting CUDA device to 0 for edge 0 func=zfp_compress
[13:55:46.511375] [WARNING] [pdc_tf_server.c:401] PDC_SERVER[7]: SCHED: executing edge 0 func=zfp_compress dev=GPU
[13:55:46.511549] [WARNING] [pdc_tf_server.c:393] PDC_SERVER[17]: SCHED: setting CUDA device to 0 for edge 0 func=zfp_compress
[13:55:46.511581] [WARNING] [pdc_tf_server.c:401] PDC_SERVER[17]: SCHED: executing edge 0 func=zfp_compress dev=GPU
[13:55:46.516703] [WARNING] [pdc_tf_server.c:475] PDC_SERVER[11]: SCHED: done running transformations
[13:55:46.516806] [WARNING] [pdc_tf_server.c:393] PDC_SERVER[19]: SCHED: setting CUDA device to 0 for edge 0 func=zfp_compress
[13:55:46.516794] [WARNING] [pdc_tf_server.c:393] PDC_SERVER[5]: SCHED: setting CUDA device to 0 for edge 0 func=zfp_compress
[13:55:46.516866] [WARNING] [pdc_tf_server.c:401] PDC_SERVER[19]: SCHED: executing edge 0 func=zfp_compress dev=GPU
[13:55:46.516858] [WARNING] [pdc_tf_server.c:401] PDC_SERVER[5]: SCHED: executing edge 0 func=zfp_compress dev=GPU
[13:55:46.519686] [WARNING] [pdc_tf_server.c:475] PDC_SERVER[8]: SCHED: done running transformations
[13:55:46.523203] [WARNING] [pdc_tf_server.c:475] PDC_SERVER[0]: SCHED: done running transformations
[13:55:46.524897] [WARNING] [pdc_tf_server.c:475] PDC_SERVER[17]: SCHED: done running transformations
[13:55:46.527112] [WARNING] [pdc_tf_server.c:475] PDC_SERVER[7]: SCHED: done running transformations
[13:55:46.528835] [WARNING] [pdc_tf_server.c:475] PDC_SERVER[19]: SCHED: done running transformations
[13:55:46.530369] [WARNING] [pdc_tf_server.c:475] PDC_SERVER[5]: SCHED: done running transformations
[13:55:46.533835] [WARNING] [pdc_tf_server.c:393] PDC_SERVER[12]: SCHED: setting CUDA device to 0 for edge 0 func=zfp_compress
[13:55:46.533895] [WARNING] [pdc_tf_server.c:401] PDC_SERVER[12]: SCHED: executing edge 0 func=zfp_compress dev=GPU
[13:55:46.536477] [WARNING] [pdc_tf_server.c:393] PDC_SERVER[10]: SCHED: setting CUDA device to 0 for edge 0 func=zfp_compress
[13:55:46.536571] [WARNING] [pdc_tf_server.c:401] PDC_SERVER[10]: SCHED: executing edge 0 func=zfp_compress dev=GPU
[13:55:46.546009] [WARNING] [pdc_tf_server.c:475] PDC_SERVER[10]: SCHED: done running transformations
[13:55:46.546467] [WARNING] [pdc_tf_server.c:475] PDC_SERVER[12]: SCHED: done running transformations
[13:55:46.555237] [WARNING] [pdc_tf_server.c:393] PDC_SERVER[13]: SCHED: setting CUDA device to 0 for edge 0 func=zfp_compress
[13:55:46.555275] [WARNING] [pdc_tf_server.c:401] PDC_SERVER[13]: SCHED: executing edge 0 func=zfp_compress dev=GPU
[13:55:46.557979] [WARNING] [pdc_tf_server.c:393] PDC_SERVER[31]: SCHED: setting CUDA device to 0 for edge 0 func=zfp_compress
[13:55:46.558010] [WARNING] [pdc_tf_server.c:401] PDC_SERVER[31]: SCHED: executing edge 0 func=zfp_compress dev=GPU
[13:55:46.568561] [WARNING] [pdc_tf_server.c:475] PDC_SERVER[31]: SCHED: done running transformations
[13:55:46.568579] [WARNING] [pdc_tf_server.c:475] PDC_SERVER[13]: SCHED: done running transformations
[13:55:46.570333] [WARNING] [pdc_server_region_cache.c:834] PDC_SERVER[0]: Flushed region via POSIX I/O in 0.413035 s
[13:55:46.570360] [WARNING] [pdc_server_region_cache.c:850] PDC_SERVER[0]: [2026-10-07 13:55:46.570355] Flushed 16.00 / 16.00 MB to storage
[INFO] PDC_SERVER[0]: Region flush iteration took 0.413105 s
[INFO] PDC_SERVER[0]: Starting flush for obj_id 14000000000, ndim=3
[13:55:46.572227] [WARNING] [pdc_server_region_cache.c:823] PDC_SERVER[0]: Region mapping lookup took 0.000001 s
[13:55:46.572234] [WARNING] [pdc_server_region_cache.c:828] PDC_SERVER[0]: No region mapping found for obj_id 14000000000
[13:55:46.588236] [WARNING] [pdc_tf_server.c:393] PDC_SERVER[3]: SCHED: setting CUDA device to 0 for edge 0 func=zfp_compress
[13:55:46.588317] [WARNING] [pdc_tf_server.c:401] PDC_SERVER[3]: SCHED: executing edge 0 func=zfp_compress dev=GPU
[13:55:46.600297] [WARNING] [pdc_tf_server.c:475] PDC_SERVER[3]: SCHED: done running transformations
[13:55:46.675310] [WARNING] [pdc_tf_server.c:393] PDC_SERVER[15]: SCHED: setting CUDA device to 0 for edge 0 func=zfp_compress
[13:55:46.675339] [WARNING] [pdc_tf_server.c:401] PDC_SERVER[15]: SCHED: executing edge 0 func=zfp_compress dev=GPU
[13:55:46.683759] [WARNING] [pdc_tf_server.c:475] PDC_SERVER[15]: SCHED: done running transformations
[13:55:46.704563] [WARNING] [pdc_tf_server.c:393] PDC_SERVER[4]: SCHED: setting CUDA device to 0 for edge 0 func=zfp_compress
[13:55:46.704622] [WARNING] [pdc_tf_server.c:401] PDC_SERVER[4]: SCHED: executing edge 0 func=zfp_compress dev=GPU
[13:55:46.713145] [WARNING] [pdc_tf_server.c:475] PDC_SERVER[4]: SCHED: done running transformations
[13:55:46.713891] [WARNING] [pdc_tf_server.c:393] PDC_SERVER[24]: SCHED: setting CUDA device to 0 for edge 0 func=zfp_compress
[13:55:46.713929] [WARNING] [pdc_tf_server.c:401] PDC_SERVER[24]: SCHED: executing edge 0 func=zfp_compress dev=GPU
[13:55:46.724007] [WARNING] [pdc_tf_server.c:475] PDC_SERVER[24]: SCHED: done running transformations
[13:55:46.726274] [WARNING] [pdc_tf_server.c:393] PDC_SERVER[29]: SCHED: setting CUDA device to 0 for edge 0 func=zfp_compress
[13:55:46.726303] [WARNING] [pdc_tf_server.c:401] PDC_SERVER[29]: SCHED: executing edge 0 func=zfp_compress dev=GPU
[13:55:46.735810] [WARNING] [pdc_tf_server.c:475] PDC_SERVER[29]: SCHED: done running transformations
[13:55:46.744442] [WARNING] [pdc_tf_server.c:393] PDC_SERVER[16]: SCHED: setting CUDA device to 0 for edge 0 func=zfp_compress
[13:55:46.744497] [WARNING] [pdc_tf_server.c:401] PDC_SERVER[16]: SCHED: executing edge 0 func=zfp_compress dev=GPU
[13:55:46.748537] [WARNING] [pdc_tf_server.c:393] PDC_SERVER[20]: SCHED: setting CUDA device to 0 for edge 0 func=zfp_compress
[13:55:46.748587] [WARNING] [pdc_tf_server.c:401] PDC_SERVER[20]: SCHED: executing edge 0 func=zfp_compress dev=GPU
[13:55:46.755352] [WARNING] [pdc_tf_server.c:475] PDC_SERVER[16]: SCHED: done running transformations
[13:55:46.757570] [WARNING] [pdc_tf_server.c:475] PDC_SERVER[20]: SCHED: done running transformations
[13:55:46.765486] [WARNING] [pdc_tf_server.c:393] PDC_SERVER[25]: SCHED: setting CUDA device to 0 for edge 0 func=zfp_compress
[13:55:46.765558] [WARNING] [pdc_tf_server.c:401] PDC_SERVER[25]: SCHED: executing edge 0 func=zfp_compress dev=GPU
[13:55:46.770130] [WARNING] [pdc_tf_server.c:393] PDC_SERVER[22]: SCHED: setting CUDA device to 0 for edge 0 func=zfp_compress
[13:55:46.770161] [WARNING] [pdc_tf_server.c:401] PDC_SERVER[22]: SCHED: executing edge 0 func=zfp_compress dev=GPU
[13:55:46.770373] [WARNING] [pdc_tf_server.c:393] PDC_SERVER[27]: SCHED: setting CUDA device to 0 for edge 0 func=zfp_compress
[13:55:46.770439] [WARNING] [pdc_tf_server.c:401] PDC_SERVER[27]: SCHED: executing edge 0 func=zfp_compress dev=GPU
[13:55:46.771685] [WARNING] [pdc_tf_server.c:393] PDC_SERVER[1]: SCHED: setting CUDA device to 0 for edge 0 func=zfp_compress
[13:55:46.771717] [WARNING] [pdc_tf_server.c:401] PDC_SERVER[1]: SCHED: executing edge 0 func=zfp_compress dev=GPU
[13:55:46.772295] [WARNING] [pdc_tf_server.c:393] PDC_SERVER[28]: SCHED: setting CUDA device to 0 for edge 0 func=zfp_compress
[13:55:46.772322] [WARNING] [pdc_tf_server.c:401] PDC_SERVER[28]: SCHED: executing edge 0 func=zfp_compress dev=GPU
[13:55:46.774358] [WARNING] [pdc_tf_server.c:393] PDC_SERVER[6]: SCHED: setting CUDA device to 0 for edge 0 func=zfp_compress
[13:55:46.774398] [WARNING] [pdc_tf_server.c:401] PDC_SERVER[6]: SCHED: executing edge 0 func=zfp_compress dev=GPU
[13:55:46.778755] [WARNING] [pdc_tf_server.c:475] PDC_SERVER[22]: SCHED: done running transformations
[13:55:46.779713] [WARNING] [pdc_tf_server.c:393] PDC_SERVER[30]: SCHED: setting CUDA device to 0 for edge 0 func=zfp_compress
[13:55:46.779778] [WARNING] [pdc_tf_server.c:401] PDC_SERVER[30]: SCHED: executing edge 0 func=zfp_compress dev=GPU
[13:55:46.790830] [WARNING] [pdc_tf_server.c:393] PDC_SERVER[26]: SCHED: setting CUDA device to 0 for edge 0 func=zfp_compress
[13:55:46.790908] [WARNING] [pdc_tf_server.c:401] PDC_SERVER[26]: SCHED: executing edge 0 func=zfp_compress dev=GPU
[13:55:46.791882] [WARNING] [pdc_tf_server.c:475] PDC_SERVER[25]: SCHED: done running transformations
[13:55:46.801952] [WARNING] [pdc_tf_server.c:393] PDC_SERVER[2]: SCHED: setting CUDA device to 0 for edge 0 func=zfp_compress
[13:55:46.802012] [WARNING] [pdc_tf_server.c:401] PDC_SERVER[2]: SCHED: executing edge 0 func=zfp_compress dev=GPU
[13:55:46.805279] [WARNING] [pdc_tf_server.c:475] PDC_SERVER[1]: SCHED: done running transformations
[13:55:46.805912] [WARNING] [pdc_tf_server.c:475] PDC_SERVER[6]: SCHED: done running transformations
[13:55:46.807313] [WARNING] [pdc_tf_server.c:475] PDC_SERVER[28]: SCHED: done running transformations
[13:55:46.808236] [WARNING] [pdc_tf_server.c:475] PDC_SERVER[30]: SCHED: done running transformations
[13:55:46.808289] [WARNING] [pdc_tf_server.c:475] PDC_SERVER[27]: SCHED: done running transformations
[13:55:46.810096] [WARNING] [pdc_tf_server.c:475] PDC_SERVER[26]: SCHED: done running transformations
[13:55:46.819943] [WARNING] [pdc_tf_server.c:393] PDC_SERVER[23]: SCHED: setting CUDA device to 0 for edge 0 func=zfp_compress
[13:55:46.820036] [WARNING] [pdc_tf_server.c:401] PDC_SERVER[23]: SCHED: executing edge 0 func=zfp_compress dev=GPU
[13:55:46.823677] [WARNING] [pdc_tf_server.c:475] PDC_SERVER[2]: SCHED: done running transformations
[13:55:46.823928] [WARNING] [pdc_tf_server.c:393] PDC_SERVER[9]: SCHED: setting CUDA device to 0 for edge 0 func=zfp_compress
[13:55:46.823958] [WARNING] [pdc_tf_server.c:401] PDC_SERVER[9]: SCHED: executing edge 0 func=zfp_compress dev=GPU
[13:55:46.829095] [WARNING] [pdc_tf_server.c:393] PDC_SERVER[18]: SCHED: setting CUDA device to 0 for edge 0 func=zfp_compress
[13:55:46.829120] [WARNING] [pdc_tf_server.c:401] PDC_SERVER[18]: SCHED: executing edge 0 func=zfp_compress dev=GPU
[13:55:46.829959] [WARNING] [pdc_tf_server.c:393] PDC_SERVER[19]: SCHED: setting CUDA device to 0 for edge 0 func=zfp_compress
[13:55:46.829992] [WARNING] [pdc_tf_server.c:401] PDC_SERVER[19]: SCHED: executing edge 0 func=zfp_compress dev=GPU
[13:55:46.830490] [WARNING] [pdc_tf_server.c:475] PDC_SERVER[23]: SCHED: done running transformations
[13:55:46.839643] [WARNING] [pdc_tf_server.c:393] PDC_SERVER[11]: SCHED: setting CUDA device to 0 for edge 0 func=zfp_compress
[13:55:46.839693] [WARNING] [pdc_tf_server.c:401] PDC_SERVER[11]: SCHED: executing edge 0 func=zfp_compress dev=GPU
[13:55:46.840660] [WARNING] [pdc_tf_server.c:475] PDC_SERVER[19]: SCHED: done running transformations
[13:55:46.842682] [WARNING] [pdc_tf_server.c:393] PDC_SERVER[8]: SCHED: setting CUDA device to 0 for edge 0 func=zfp_compress
[13:55:46.842907] [WARNING] [pdc_tf_server.c:401] PDC_SERVER[8]: SCHED: executing edge 0 func=zfp_compress dev=GPU
[13:55:46.844113] [WARNING] [pdc_tf_server.c:393] PDC_SERVER[21]: SCHED: setting CUDA device to 0 for edge 0 func=zfp_compress
[13:55:46.844174] [WARNING] [pdc_tf_server.c:401] PDC_SERVER[21]: SCHED: executing edge 0 func=zfp_compress dev=GPU
[13:55:46.845531] [WARNING] [pdc_tf_server.c:475] PDC_SERVER[18]: SCHED: done running transformations
[13:55:46.845768] [WARNING] [pdc_tf_server.c:475] PDC_SERVER[9]: SCHED: done running transformations
[13:55:46.848206] [WARNING] [pdc_tf_server.c:393] PDC_SERVER[5]: SCHED: setting CUDA device to 0 for edge 0 func=zfp_compress
[13:55:46.848231] [WARNING] [pdc_tf_server.c:401] PDC_SERVER[5]: SCHED: executing edge 0 func=zfp_compress dev=GPU
[13:55:46.848936] [WARNING] [pdc_tf_server.c:393] PDC_SERVER[7]: SCHED: setting CUDA device to 0 for edge 0 func=zfp_compress
[13:55:46.848959] [WARNING] [pdc_tf_server.c:401] PDC_SERVER[7]: SCHED: executing edge 0 func=zfp_compress dev=GPU
[13:55:46.856832] [WARNING] [pdc_tf_server.c:475] PDC_SERVER[11]: SCHED: done running transformations
[13:55:46.857563] [WARNING] [pdc_tf_server.c:475] PDC_SERVER[21]: SCHED: done running transformations
[13:55:46.859813] [WARNING] [pdc_tf_server.c:393] PDC_SERVER[12]: SCHED: setting CUDA device to 0 for edge 0 func=zfp_compress
[13:55:46.859840] [WARNING] [pdc_tf_server.c:401] PDC_SERVER[12]: SCHED: executing edge 0 func=zfp_compress dev=GPU
[13:55:46.863320] [WARNING] [pdc_tf_server.c:475] PDC_SERVER[7]: SCHED: done running transformations
[13:55:46.863622] [WARNING] [pdc_tf_server.c:393] PDC_SERVER[10]: SCHED: setting CUDA device to 0 for edge 0 func=zfp_compress
[13:55:46.863653] [WARNING] [pdc_tf_server.c:401] PDC_SERVER[10]: SCHED: executing edge 0 func=zfp_compress dev=GPU
[13:55:46.864185] [WARNING] [pdc_tf_server.c:393] PDC_SERVER[17]: SCHED: setting CUDA device to 0 for edge 0 func=zfp_compress
[13:55:46.864243] [WARNING] [pdc_tf_server.c:401] PDC_SERVER[17]: SCHED: executing edge 0 func=zfp_compress dev=GPU
[13:55:46.864342] [WARNING] [pdc_tf_server.c:475] PDC_SERVER[5]: SCHED: done running transformations
[13:55:46.864671] [WARNING] [pdc_tf_server.c:475] PDC_SERVER[8]: SCHED: done running transformations
[13:55:46.867472] [WARNING] [pdc_tf_server.c:393] PDC_SERVER[31]: SCHED: setting CUDA device to 0 for edge 0 func=zfp_compress
[13:55:46.867502] [WARNING] [pdc_tf_server.c:401] PDC_SERVER[31]: SCHED: executing edge 0 func=zfp_compress dev=GPU
[13:55:46.873855] [WARNING] [pdc_tf_server.c:393] PDC_SERVER[14]: SCHED: setting CUDA device to 0 for edge 0 func=zfp_compress
[13:55:46.873891] [WARNING] [pdc_tf_server.c:401] PDC_SERVER[14]: SCHED: executing edge 0 func=zfp_compress dev=GPU
[13:55:46.875564] [WARNING] [pdc_tf_server.c:475] PDC_SERVER[31]: SCHED: done running transformations
[13:55:46.878683] [WARNING] [pdc_tf_server.c:475] PDC_SERVER[17]: SCHED: done running transformations
[13:55:46.879813] [WARNING] [pdc_tf_server.c:475] PDC_SERVER[12]: SCHED: done running transformations
[13:55:46.881866] [WARNING] [pdc_tf_server.c:475] PDC_SERVER[10]: SCHED: done running transformations
[13:55:46.896190] [WARNING] [pdc_tf_server.c:475] PDC_SERVER[14]: SCHED: done running transformations
[13:55:46.911093] [WARNING] [pdc_tf_server.c:393] PDC_SERVER[3]: SCHED: setting CUDA device to 0 for edge 0 func=zfp_compress
[13:55:46.911153] [WARNING] [pdc_tf_server.c:401] PDC_SERVER[3]: SCHED: executing edge 0 func=zfp_compress dev=GPU
[13:55:46.917377] [WARNING] [pdc_tf_server.c:393] PDC_SERVER[13]: SCHED: setting CUDA device to 0 for edge 0 func=zfp_compress
[13:55:46.917411] [WARNING] [pdc_tf_server.c:401] PDC_SERVER[13]: SCHED: executing edge 0 func=zfp_compress dev=GPU
[13:55:46.921052] [WARNING] [pdc_tf_server.c:475] PDC_SERVER[3]: SCHED: done running transformations
[INFO] PDC_SERVER[0]: Executing graph with json filepath /pscratch/sd/n/nlewi26/src/work_space/source/pdc/tf_client/graphs/zfp_gpu.json
[13:55:46.924371] [WARNING] [pdc_tf_server.c:393] PDC_SERVER[0]: SCHED: setting CUDA device to 0 for edge 0 func=zfp_compress
[13:55:46.924421] [WARNING] [pdc_tf_server.c:401] PDC_SERVER[0]: SCHED: executing edge 0 func=zfp_compress dev=GPU
[13:55:46.934720] [WARNING] [pdc_tf_server.c:475] PDC_SERVER[0]: SCHED: done running transformations
[13:55:46.939513] [WARNING] [pdc_tf_server.c:475] PDC_SERVER[13]: SCHED: done running transformations
[13:55:46.978323] [WARNING] [pdc_server_region_cache.c:834] PDC_SERVER[0]: Flushed region via POSIX I/O in 0.406074 s
[13:55:46.978341] [WARNING] [pdc_server_region_cache.c:850] PDC_SERVER[0]: [2026-10-07 13:55:46.978336] Flushed 16.00 / 16.00 MB to storage
[INFO] PDC_SERVER[0]: Region flush iteration took 0.406124 s
[INFO] PDC_SERVER[8]: Fetching region for obj_id=1000000000
[INFO] PDC_SERVER[8]: Checking against Object 10000000000
[INFO] PDC_SERVER[8]: Checking against Object 11000000000
[INFO] PDC_SERVER[8]: Checking against Object 12000000000
[INFO] PDC_SERVER[8]: Checking against Object 11000000001
[INFO] PDC_SERVER[8]: Checking against Object 12000000001
[INFO] PDC_SERVER[8]: Checking against Object 13000000000
[INFO] PDC_SERVER[8]: Checking against Object 12000000002
[INFO] PDC_SERVER[8]: Checking against Object 13000000001
[INFO] PDC_SERVER[8]: Checking against Object 14000000000
[INFO] PDC_SERVER[8]: Object 1000000000 NOT found in cache
[INFO] PDC_SERVER[8]: Fetching region from server for obj_id=1000000000
[INFO] PDC_SERVER[10]: Fetching region for obj_id=1000000000
[INFO] PDC_SERVER[10]: Checking against Object 10000000000
[INFO] PDC_SERVER[10]: Checking against Object 11000000000
[INFO] PDC_SERVER[10]: Checking against Object 12000000000
[INFO] PDC_SERVER[10]: Checking against Object 11000000001
[INFO] PDC_SERVER[10]: Checking against Object 12000000001
[INFO] PDC_SERVER[10]: Checking against Object 13000000000
[INFO] PDC_SERVER[10]: Checking against Object 12000000002
[INFO] PDC_SERVER[10]: Checking against Object 13000000001
[INFO] PDC_SERVER[10]: Checking against Object 14000000000
[INFO] PDC_SERVER[10]: Object 1000000000 NOT found in cache
[INFO] PDC_SERVER[10]: Fetching region from server for obj_id=1000000000
[INFO] PDC_SERVER[13]: Fetching region for obj_id=1000000000
[INFO] PDC_SERVER[13]: Checking against Object 10000000000
[INFO] PDC_SERVER[13]: Checking against Object 11000000000
[INFO] PDC_SERVER[13]: Checking against Object 12000000000
[INFO] PDC_SERVER[13]: Checking against Object 11000000001
[INFO] PDC_SERVER[13]: Checking against Object 12000000001
[INFO] PDC_SERVER[13]: Checking against Object 13000000000
[INFO] PDC_SERVER[13]: Checking against Object 12000000002
[INFO] PDC_SERVER[13]: Checking against Object 13000000001
[INFO] PDC_SERVER[13]: Checking against Object 14000000000
[INFO] PDC_SERVER[13]: Object 1000000000 NOT found in cache
[INFO] PDC_SERVER[13]: Fetching region from server for obj_id=1000000000
[INFO] PDC_SERVER[3]: Fetching region for obj_id=1000000000
[INFO] PDC_SERVER[3]: Checking against Object 10000000000
[INFO] PDC_SERVER[3]: Checking against Object 11000000000
[INFO] PDC_SERVER[3]: Checking against Object 12000000000
[INFO] PDC_SERVER[3]: Checking against Object 11000000001
[INFO] PDC_SERVER[3]: Checking against Object 12000000001
[INFO] PDC_SERVER[3]: Checking against Object 13000000000
[INFO] PDC_SERVER[3]: Checking against Object 12000000002
[INFO] PDC_SERVER[3]: Checking against Object 13000000001
[INFO] PDC_SERVER[3]: Checking against Object 14000000000
[INFO] PDC_SERVER[3]: Object 1000000000 NOT found in cache
[INFO] PDC_SERVER[3]: Fetching region from server for obj_id=1000000000
[INFO] PDC_SERVER[19]: Fetching region for obj_id=1000000000
[INFO] PDC_SERVER[19]: Checking against Object 10000000000
[INFO] PDC_SERVER[19]: Checking against Object 11000000000
[INFO] PDC_SERVER[19]: Checking against Object 12000000000
[INFO] PDC_SERVER[19]: Checking against Object 11000000001
[INFO] PDC_SERVER[19]: Checking against Object 12000000001
[INFO] PDC_SERVER[19]: Checking against Object 13000000000
[INFO] PDC_SERVER[19]: Checking against Object 12000000002
[INFO] PDC_SERVER[19]: Checking against Object 13000000001
[INFO] PDC_SERVER[19]: Checking against Object 14000000000
[INFO] PDC_SERVER[19]: Object 1000000000 NOT found in cache
[INFO] PDC_SERVER[19]: Fetching region from server for obj_id=1000000000
[INFO] PDC_SERVER[6]: Fetching region for obj_id=1000000000
[INFO] PDC_SERVER[6]: Checking against Object 10000000000
[INFO] PDC_SERVER[6]: Checking against Object 11000000000
[INFO] PDC_SERVER[6]: Checking against Object 12000000000
[INFO] PDC_SERVER[6]: Checking against Object 11000000001
[INFO] PDC_SERVER[6]: Checking against Object 12000000001
[INFO] PDC_SERVER[6]: Checking against Object 13000000000
[INFO] PDC_SERVER[6]: Checking against Object 12000000002
[INFO] PDC_SERVER[6]: Checking against Object 13000000001
[INFO] PDC_SERVER[6]: Checking against Object 14000000000
[INFO] PDC_SERVER[6]: Object 1000000000 NOT found in cache
[INFO] PDC_SERVER[6]: Fetching region from server for obj_id=1000000000
[INFO] PDC_SERVER[28]: Fetching region for obj_id=1000000000
[INFO] PDC_SERVER[28]: Checking against Object 10000000000
[INFO] PDC_SERVER[28]: Checking against Object 11000000000
[INFO] PDC_SERVER[9]: Fetching region for obj_id=1000000000
[INFO] PDC_SERVER[9]: Checking against Object 10000000000
[INFO] PDC_SERVER[9]: Checking against Object 11000000000
[INFO] PDC_SERVER[9]: Checking against Object 12000000000
[INFO] PDC_SERVER[9]: Checking against Object 11000000001
[INFO] PDC_SERVER[9]: Checking against Object 12000000001
[INFO] PDC_SERVER[9]: Checking against Object 13000000000
[INFO] PDC_SERVER[9]: Checking against Object 12000000002
[INFO] PDC_SERVER[9]: Checking against Object 13000000001
[INFO] PDC_SERVER[9]: Checking against Object 14000000000
[INFO] PDC_SERVER[22]: Fetching region for obj_id=1000000000
[INFO] PDC_SERVER[22]: Checking against Object 10000000000
[INFO] PDC_SERVER[22]: Checking against Object 11000000000
[INFO] PDC_SERVER[22]: Checking against Object 12000000000
[INFO] PDC_SERVER[22]: Checking against Object 11000000001
[INFO] PDC_SERVER[22]: Checking against Object 12000000001
[INFO] PDC_SERVER[22]: Checking against Object 13000000000
[INFO] PDC_SERVER[22]: Checking against Object 12000000002
[INFO] PDC_SERVER[22]: Checking against Object 13000000001
[INFO] PDC_SERVER[22]: Checking against Object 14000000000
[INFO] PDC_SERVER[22]: Object 1000000000 NOT found in cache
[INFO] PDC_SERVER[22]: Fetching region from server for obj_id=1000000000
[INFO] PDC_SERVER[2]: Fetching region for obj_id=1000000000
[INFO] PDC_SERVER[2]: Checking against Object 10000000000
[INFO] PDC_SERVER[2]: Checking against Object 11000000000
[INFO] PDC_SERVER[2]: Checking against Object 12000000000
[INFO] PDC_SERVER[2]: Checking against Object 11000000001
[INFO] PDC_SERVER[2]: Checking against Object 12000000001
[INFO] PDC_SERVER[2]: Checking against Object 13000000000
[INFO] PDC_SERVER[2]: Checking against Object 12000000002
[INFO] PDC_SERVER[2]: Checking against Object 13000000001
[INFO] PDC_SERVER[2]: Checking against Object 14000000000
[INFO] PDC_SERVER[2]: Object 1000000000 NOT found in cache
[INFO] PDC_SERVER[2]: Fetching region from server for obj_id=1000000000
[INFO] PDC_SERVER[28]: Checking against Object 12000000000
[INFO] PDC_SERVER[28]: Checking against Object 11000000001
[INFO] PDC_SERVER[28]: Checking against Object 12000000001
[INFO] PDC_SERVER[28]: Checking against Object 13000000000
[INFO] PDC_SERVER[28]: Checking against Object 12000000002
[INFO] PDC_SERVER[9]: Object 1000000000 NOT found in cache
[INFO] PDC_SERVER[9]: Fetching region from server for obj_id=1000000000
[INFO] PDC_SERVER[16]: Fetching region for obj_id=1000000000
[INFO] PDC_SERVER[16]: Checking against Object 10000000000
[INFO] PDC_SERVER[16]: Checking against Object 11000000000
[INFO] PDC_SERVER[16]: Checking against Object 12000000000
[INFO] PDC_SERVER[16]: Checking against Object 11000000001
[INFO] PDC_SERVER[16]: Checking against Object 12000000001
[INFO] PDC_SERVER[16]: Checking against Object 13000000000
[INFO] PDC_SERVER[16]: Checking against Object 12000000002
[INFO] PDC_SERVER[16]: Checking against Object 13000000001
[INFO] PDC_SERVER[16]: Checking against Object 14000000000
[INFO] PDC_SERVER[16]: Object 1000000000 NOT found in cache
[INFO] PDC_SERVER[16]: Fetching region from server for obj_id=1000000000
[INFO] PDC_SERVER[4]: Fetching region for obj_id=1000000000
[INFO] PDC_SERVER[4]: Checking against Object 10000000000
[INFO] PDC_SERVER[4]: Checking against Object 11000000000
[INFO] PDC_SERVER[4]: Checking against Object 12000000000
[INFO] PDC_SERVER[4]: Checking against Object 11000000001
[INFO] PDC_SERVER[4]: Checking against Object 12000000001
[INFO] PDC_SERVER[4]: Checking against Object 13000000000
[INFO] PDC_SERVER[4]: Checking against Object 12000000002
[INFO] PDC_SERVER[4]: Checking against Object 13000000001
[INFO] PDC_SERVER[4]: Checking against Object 14000000000
[INFO] PDC_SERVER[4]: Object 1000000000 NOT found in cache
[INFO] PDC_SERVER[4]: Fetching region from server for obj_id=1000000000
[INFO] PDC_SERVER[28]: Checking against Object 13000000001
[INFO] PDC_SERVER[28]: Checking against Object 14000000000
[INFO] PDC_SERVER[28]: Object 1000000000 NOT found in cache
[INFO] PDC_SERVER[28]: Fetching region from server for obj_id=1000000000
[INFO] PDC_SERVER[15]: Fetching region for obj_id=1000000000
[INFO] PDC_SERVER[15]: Checking against Object 10000000000
[INFO] PDC_SERVER[15]: Checking against Object 11000000000
[INFO] PDC_SERVER[15]: Checking against Object 12000000000
[INFO] PDC_SERVER[15]: Checking against Object 11000000001
[INFO] PDC_SERVER[15]: Checking against Object 12000000001
[INFO] PDC_SERVER[15]: Checking against Object 13000000000
[INFO] PDC_SERVER[15]: Checking against Object 12000000002
[INFO] PDC_SERVER[15]: Checking against Object 13000000001
[INFO] PDC_SERVER[15]: Checking against Object 14000000000
[INFO] PDC_SERVER[20]: Fetching region for obj_id=1000000000
[INFO] PDC_SERVER[20]: Checking against Object 10000000000
[INFO] PDC_SERVER[20]: Checking against Object 11000000000
[INFO] PDC_SERVER[20]: Checking against Object 12000000000
[INFO] PDC_SERVER[20]: Checking against Object 11000000001
[INFO] PDC_SERVER[20]: Checking against Object 12000000001
[INFO] PDC_SERVER[20]: Checking against Object 13000000000
[INFO] PDC_SERVER[20]: Checking against Object 12000000002
[INFO] PDC_SERVER[20]: Checking against Object 13000000001
[INFO] PDC_SERVER[20]: Checking against Object 14000000000
[INFO] PDC_SERVER[20]: Object 1000000000 NOT found in cache
[INFO] PDC_SERVER[20]: Fetching region from server for obj_id=1000000000
[INFO] PDC_SERVER[0]: Fetching region for obj_id=1000000000
[INFO] PDC_SERVER[24]: Fetching region for obj_id=1000000000
[INFO] PDC_SERVER[24]: Checking against Object 10000000000
[INFO] PDC_SERVER[15]: Object 1000000000 NOT found in cache
[INFO] PDC_SERVER[15]: Fetching region from server for obj_id=1000000000
[INFO] PDC_SERVER[21]: Fetching region for obj_id=1000000000
[INFO] PDC_SERVER[21]: Checking against Object 10000000000
[INFO] PDC_SERVER[21]: Checking against Object 11000000000
[INFO] PDC_SERVER[21]: Checking against Object 12000000000
[INFO] PDC_SERVER[21]: Checking against Object 11000000001
[INFO] PDC_SERVER[21]: Checking against Object 12000000001
[INFO] PDC_SERVER[21]: Checking against Object 13000000000
[INFO] PDC_SERVER[21]: Checking against Object 12000000002
[INFO] PDC_SERVER[21]: Checking against Object 13000000001
[INFO] PDC_SERVER[21]: Checking against Object 14000000000
[INFO] PDC_SERVER[21]: Object 1000000000 NOT found in cache
[INFO] PDC_SERVER[21]: Fetching region from server for obj_id=1000000000
[INFO] PDC_SERVER[1]: Fetching region for obj_id=1000000000
[INFO] PDC_SERVER[1]: Checking against Object 10000000000
[INFO] PDC_SERVER[1]: Checking against Object 11000000000
[INFO] PDC_SERVER[1]: Checking against Object 12000000000
[INFO] PDC_SERVER[1]: Checking against Object 11000000001
[INFO] PDC_SERVER[1]: Checking against Object 12000000001
[INFO] PDC_SERVER[1]: Checking against Object 13000000000
[INFO] PDC_SERVER[1]: Checking against Object 12000000002
[INFO] PDC_SERVER[1]: Checking against Object 13000000001
[INFO] PDC_SERVER[1]: Checking against Object 14000000000
[INFO] PDC_SERVER[24]: Checking against Object 11000000000
[INFO] PDC_SERVER[24]: Checking against Object 12000000000
[INFO] PDC_SERVER[24]: Checking against Object 11000000001
[INFO] PDC_SERVER[12]: Fetching region for obj_id=1000000000
[INFO] PDC_SERVER[12]: Checking against Object 10000000000
[INFO] PDC_SERVER[12]: Checking against Object 11000000000
[INFO] PDC_SERVER[23]: Fetching region for obj_id=1000000000
[INFO] PDC_SERVER[23]: Checking against Object 10000000000
[INFO] PDC_SERVER[23]: Checking against Object 11000000000
[INFO] PDC_SERVER[23]: Checking against Object 12000000000
[INFO] PDC_SERVER[23]: Checking against Object 11000000001
[INFO] PDC_SERVER[23]: Checking against Object 12000000001
[INFO] PDC_SERVER[23]: Checking against Object 13000000000
[INFO] PDC_SERVER[23]: Checking against Object 12000000002
[INFO] PDC_SERVER[23]: Checking against Object 13000000001
[INFO] PDC_SERVER[23]: Checking against Object 14000000000
[INFO] PDC_SERVER[23]: Object 1000000000 NOT found in cache
[INFO] PDC_SERVER[23]: Fetching region from server for obj_id=1000000000
[INFO] PDC_SERVER[1]: Object 1000000000 NOT found in cache
[INFO] PDC_SERVER[1]: Fetching region from server for obj_id=1000000000
[INFO] PDC_SERVER[24]: Checking against Object 12000000001
[INFO] PDC_SERVER[24]: Checking against Object 13000000000
[INFO] PDC_SERVER[24]: Checking against Object 12000000002
[INFO] PDC_SERVER[24]: Checking against Object 13000000001
[INFO] PDC_SERVER[24]: Checking against Object 14000000000
[INFO] PDC_SERVER[24]: Object 1000000000 NOT found in cache
[INFO] PDC_SERVER[12]: Checking against Object 12000000000
[INFO] PDC_SERVER[12]: Checking against Object 11000000001
[INFO] PDC_SERVER[12]: Checking against Object 12000000001
[INFO] PDC_SERVER[12]: Checking against Object 13000000000
[INFO] PDC_SERVER[18]: Fetching region for obj_id=1000000000
[INFO] PDC_SERVER[18]: Checking against Object 10000000000
[INFO] PDC_SERVER[18]: Checking against Object 11000000000
[INFO] PDC_SERVER[18]: Checking against Object 12000000000
[INFO] PDC_SERVER[18]: Checking against Object 11000000001
[INFO] PDC_SERVER[18]: Checking against Object 12000000001
[INFO] PDC_SERVER[18]: Checking against Object 13000000000
[INFO] PDC_SERVER[18]: Checking against Object 12000000002
[INFO] PDC_SERVER[18]: Checking against Object 13000000001
[INFO] PDC_SERVER[18]: Checking against Object 14000000000
[INFO] PDC_SERVER[0]: Checking against Object 10000000000
[INFO] PDC_SERVER[24]: Fetching region from server for obj_id=1000000000
[INFO] PDC_SERVER[11]: Fetching region for obj_id=1000000000
[INFO] PDC_SERVER[11]: Checking against Object 10000000000
[INFO] PDC_SERVER[11]: Checking against Object 11000000000
[INFO] PDC_SERVER[11]: Checking against Object 12000000000
[INFO] PDC_SERVER[11]: Checking against Object 11000000001
[INFO] PDC_SERVER[18]: Object 1000000000 NOT found in cache
[INFO] PDC_SERVER[18]: Fetching region from server for obj_id=1000000000
[INFO] PDC_SERVER[0]: Checking against Object 11000000000
[INFO] PDC_SERVER[0]: Checking against Object 12000000000
[INFO] PDC_SERVER[25]: Fetching region for obj_id=1000000000
[INFO] PDC_SERVER[25]: Checking against Object 10000000000
[INFO] PDC_SERVER[12]: Checking against Object 12000000002
[INFO] PDC_SERVER[12]: Checking against Object 13000000001
[INFO] PDC_SERVER[12]: Checking against Object 14000000000
[INFO] PDC_SERVER[12]: Object 1000000000 NOT found in cache
[INFO] PDC_SERVER[12]: Fetching region from server for obj_id=1000000000
[INFO] PDC_SERVER[17]: Fetching region for obj_id=1000000000
[INFO] PDC_SERVER[17]: Checking against Object 10000000000
[INFO] PDC_SERVER[17]: Checking against Object 11000000000
[INFO] PDC_SERVER[0]: Checking against Object 11000000001
[INFO] PDC_SERVER[0]: Checking against Object 12000000001
[INFO] PDC_SERVER[25]: Checking against Object 11000000000
[INFO] PDC_SERVER[25]: Checking against Object 12000000000
[INFO] PDC_SERVER[25]: Checking against Object 11000000001
[INFO] PDC_SERVER[11]: Checking against Object 12000000001
[INFO] PDC_SERVER[11]: Checking against Object 13000000000
[INFO] PDC_SERVER[11]: Checking against Object 12000000002
[INFO] PDC_SERVER[11]: Checking against Object 13000000001
[INFO] PDC_SERVER[11]: Checking against Object 14000000000
[INFO] PDC_SERVER[11]: Object 1000000000 NOT found in cache
[INFO] PDC_SERVER[11]: Fetching region from server for obj_id=1000000000
[INFO] PDC_SERVER[17]: Checking against Object 12000000000
[INFO] PDC_SERVER[17]: Checking against Object 11000000001
[INFO] PDC_SERVER[17]: Checking against Object 12000000001
[INFO] PDC_SERVER[17]: Checking against Object 13000000000
[INFO] PDC_SERVER[17]: Checking against Object 12000000002
[INFO] PDC_SERVER[0]: Checking against Object 13000000000
[INFO] PDC_SERVER[0]: Checking against Object 12000000002
[INFO] PDC_SERVER[25]: Checking against Object 12000000001
[INFO] PDC_SERVER[25]: Checking against Object 13000000000
[INFO] PDC_SERVER[25]: Checking against Object 12000000002
[INFO] PDC_SERVER[25]: Checking against Object 13000000001
[INFO] PDC_SERVER[25]: Checking against Object 14000000000
[INFO] PDC_SERVER[25]: Object 1000000000 NOT found in cache
[INFO] PDC_SERVER[14]: Fetching region for obj_id=1000000000
[INFO] PDC_SERVER[14]: Checking against Object 10000000000
[INFO] PDC_SERVER[14]: Checking against Object 11000000000
[INFO] PDC_SERVER[14]: Checking against Object 12000000000
[INFO] PDC_SERVER[14]: Checking against Object 11000000001
[INFO] PDC_SERVER[14]: Checking against Object 12000000001
[INFO] PDC_SERVER[14]: Checking against Object 13000000000
[INFO] PDC_SERVER[14]: Checking against Object 12000000002
[INFO] PDC_SERVER[14]: Checking against Object 13000000001
[INFO] PDC_SERVER[17]: Checking against Object 13000000001
[INFO] PDC_SERVER[17]: Checking against Object 14000000000
[INFO] PDC_SERVER[17]: Object 1000000000 NOT found in cache
[INFO] PDC_SERVER[17]: Fetching region from server for obj_id=1000000000
[INFO] PDC_SERVER[0]: Checking against Object 13000000001
[INFO] PDC_SERVER[25]: Fetching region from server for obj_id=1000000000
[INFO] PDC_SERVER[14]: Checking against Object 14000000000
[INFO] PDC_SERVER[14]: Object 1000000000 NOT found in cache
[INFO] PDC_SERVER[14]: Fetching region from server for obj_id=1000000000
[INFO] PDC_SERVER[0]: Checking against Object 14000000000
[INFO] PDC_SERVER[0]: Object 1000000000 NOT found in cache
[INFO] PDC_SERVER[30]: Fetching region for obj_id=1000000000
[INFO] PDC_SERVER[30]: Checking against Object 10000000000
[INFO] PDC_SERVER[30]: Checking against Object 11000000000
[INFO] PDC_SERVER[0]: Fetching region from server for obj_id=1000000000
[INFO] PDC_SERVER[30]: Checking against Object 12000000000
[INFO] PDC_SERVER[30]: Checking against Object 11000000001
[INFO] PDC_SERVER[30]: Checking against Object 12000000001
[INFO] PDC_SERVER[30]: Checking against Object 13000000000
[INFO] PDC_SERVER[30]: Checking against Object 12000000002
[INFO] PDC_SERVER[30]: Checking against Object 13000000001
[INFO] PDC_SERVER[30]: Checking against Object 14000000000
[INFO] PDC_SERVER[5]: Fetching region for obj_id=1000000000
[INFO] PDC_SERVER[5]: Checking against Object 10000000000
[INFO] PDC_SERVER[5]: Checking against Object 11000000000
[INFO] PDC_SERVER[5]: Checking against Object 12000000000
[INFO] PDC_SERVER[5]: Checking against Object 11000000001
[INFO] PDC_SERVER[5]: Checking against Object 12000000001
[INFO] PDC_SERVER[5]: Checking against Object 13000000000
[INFO] PDC_SERVER[5]: Checking against Object 12000000002
[INFO] PDC_SERVER[5]: Checking against Object 13000000001
[INFO] PDC_SERVER[30]: Object 1000000000 NOT found in cache
[INFO] PDC_SERVER[30]: Fetching region from server for obj_id=1000000000
[INFO] PDC_SERVER[5]: Checking against Object 14000000000
[INFO] PDC_SERVER[5]: Object 1000000000 NOT found in cache
[INFO] PDC_SERVER[5]: Fetching region from server for obj_id=1000000000
[INFO] PDC_SERVER[27]: Fetching region for obj_id=1000000000
[INFO] PDC_SERVER[7]: Fetching region for obj_id=1000000000
[INFO] PDC_SERVER[7]: Checking against Object 10000000000
[INFO] PDC_SERVER[7]: Checking against Object 11000000000
[INFO] PDC_SERVER[27]: Checking against Object 10000000000
[INFO] PDC_SERVER[27]: Checking against Object 11000000000
[INFO] PDC_SERVER[27]: Checking against Object 12000000000
[INFO] PDC_SERVER[27]: Checking against Object 11000000001
[INFO] PDC_SERVER[27]: Checking against Object 12000000001
[INFO] PDC_SERVER[7]: Checking against Object 12000000000
[INFO] PDC_SERVER[7]: Checking against Object 11000000001
[INFO] PDC_SERVER[7]: Checking against Object 12000000001
[INFO] PDC_SERVER[7]: Checking against Object 13000000000
[INFO] PDC_SERVER[7]: Checking against Object 12000000002
[INFO] PDC_SERVER[27]: Checking against Object 13000000000
[INFO] PDC_SERVER[27]: Checking against Object 12000000002
[INFO] PDC_SERVER[27]: Checking against Object 13000000001
[INFO] PDC_SERVER[27]: Checking against Object 14000000000
[INFO] PDC_SERVER[27]: Object 1000000000 NOT found in cache
[INFO] PDC_SERVER[7]: Checking against Object 13000000001
[INFO] PDC_SERVER[7]: Checking against Object 14000000000
[INFO] PDC_SERVER[7]: Object 1000000000 NOT found in cache
[INFO] PDC_SERVER[7]: Fetching region from server for obj_id=1000000000
[INFO] PDC_SERVER[27]: Fetching region from server for obj_id=1000000000
[INFO] PDC_SERVER[26]: Fetching region for obj_id=1000000000
[INFO] PDC_SERVER[26]: Checking against Object 10000000000
[INFO] PDC_SERVER[26]: Checking against Object 11000000000
[INFO] PDC_SERVER[26]: Checking against Object 12000000000
[INFO] PDC_SERVER[26]: Checking against Object 11000000001
[INFO] PDC_SERVER[26]: Checking against Object 12000000001
[INFO] PDC_SERVER[26]: Checking against Object 13000000000
[INFO] PDC_SERVER[26]: Checking against Object 12000000002
[INFO] PDC_SERVER[26]: Checking against Object 13000000001
[INFO] PDC_SERVER[26]: Checking against Object 14000000000
[INFO] PDC_SERVER[26]: Object 1000000000 NOT found in cache
[INFO] PDC_SERVER[26]: Fetching region from server for obj_id=1000000000
[INFO] PDC_SERVER[29]: Fetching region for obj_id=1000000000
[INFO] PDC_SERVER[29]: Checking against Object 10000000000
[INFO] PDC_SERVER[29]: Checking against Object 11000000000
[INFO] PDC_SERVER[29]: Checking against Object 12000000000
[INFO] PDC_SERVER[29]: Checking against Object 11000000001
[INFO] PDC_SERVER[31]: Fetching region for obj_id=1000000000
[INFO] PDC_SERVER[31]: Checking against Object 10000000000
[INFO] PDC_SERVER[29]: Checking against Object 12000000001
[INFO] PDC_SERVER[29]: Checking against Object 13000000000
[INFO] PDC_SERVER[29]: Checking against Object 12000000002
[INFO] PDC_SERVER[29]: Checking against Object 13000000001
[INFO] PDC_SERVER[29]: Checking against Object 14000000000
[INFO] PDC_SERVER[29]: Object 1000000000 NOT found in cache
[INFO] PDC_SERVER[29]: Fetching region from server for obj_id=1000000000
[INFO] PDC_SERVER[31]: Checking against Object 11000000000
[INFO] PDC_SERVER[31]: Checking against Object 12000000000
[INFO] PDC_SERVER[31]: Checking against Object 11000000001
[INFO] PDC_SERVER[31]: Checking against Object 12000000001
[INFO] PDC_SERVER[31]: Checking against Object 13000000000
[INFO] PDC_SERVER[31]: Checking against Object 12000000002
[INFO] PDC_SERVER[31]: Checking against Object 13000000001
[INFO] PDC_SERVER[31]: Checking against Object 14000000000
[INFO] PDC_SERVER[31]: Object 1000000000 NOT found in cache
[INFO] PDC_SERVER[31]: Fetching region from server for obj_id=1000000000
[13:55:47.004294] [WARNING] [pdc_tf_server.c:393] PDC_SERVER[6]: SCHED: setting CUDA device to 0 for edge 0 func=zfp_decompress
[13:55:47.004316] [WARNING] [pdc_tf_server.c:401] PDC_SERVER[6]: SCHED: executing edge 0 func=zfp_decompress dev=GPU
[13:55:47.005962] [WARNING] [pdc_tf_server.c:393] PDC_SERVER[28]: SCHED: setting CUDA device to 0 for edge 0 func=zfp_decompress
[13:55:47.005984] [WARNING] [pdc_tf_server.c:401] PDC_SERVER[28]: SCHED: executing edge 0 func=zfp_decompress dev=GPU
[13:55:47.006310] [WARNING] [pdc_tf_server.c:393] PDC_SERVER[24]: SCHED: setting CUDA device to 0 for edge 0 func=zfp_decompress
[13:55:47.006331] [WARNING] [pdc_tf_server.c:401] PDC_SERVER[24]: SCHED: executing edge 0 func=zfp_decompress dev=GPU
[13:55:47.006308] [WARNING] [pdc_tf_server.c:393] PDC_SERVER[15]: SCHED: setting CUDA device to 0 for edge 0 func=zfp_decompress
[13:55:47.006358] [WARNING] [pdc_tf_server.c:401] PDC_SERVER[15]: SCHED: executing edge 0 func=zfp_decompress dev=GPU
[13:55:47.006647] [WARNING] [pdc_tf_server.c:393] PDC_SERVER[1]: SCHED: setting CUDA device to 0 for edge 0 func=zfp_decompress
[13:55:47.006674] [WARNING] [pdc_tf_server.c:401] PDC_SERVER[1]: SCHED: executing edge 0 func=zfp_decompress dev=GPU
[13:55:47.006925] [WARNING] [pdc_tf_server.c:393] PDC_SERVER[25]: SCHED: setting CUDA device to 0 for edge 0 func=zfp_decompress
[13:55:47.006915] [WARNING] [pdc_tf_server.c:393] PDC_SERVER[30]: SCHED: setting CUDA device to 0 for edge 0 func=zfp_decompress
[13:55:47.006944] [WARNING] [pdc_tf_server.c:401] PDC_SERVER[25]: SCHED: executing edge 0 func=zfp_decompress dev=GPU
[13:55:47.006982] [WARNING] [pdc_tf_server.c:401] PDC_SERVER[30]: SCHED: executing edge 0 func=zfp_decompress dev=GPU
[13:55:47.007015] [WARNING] [pdc_tf_server.c:393] PDC_SERVER[9]: SCHED: setting CUDA device to 0 for edge 0 func=zfp_decompress
[13:55:47.007039] [WARNING] [pdc_tf_server.c:401] PDC_SERVER[9]: SCHED: executing edge 0 func=zfp_decompress dev=GPU
[13:55:47.007559] [WARNING] [pdc_tf_server.c:393] PDC_SERVER[19]: SCHED: setting CUDA device to 0 for edge 0 func=zfp_decompress
[13:55:47.007615] [WARNING] [pdc_tf_server.c:401] PDC_SERVER[19]: SCHED: executing edge 0 func=zfp_decompress dev=GPU
[13:55:47.008074] [WARNING] [pdc_tf_server.c:393] PDC_SERVER[16]: SCHED: setting CUDA device to 0 for edge 0 func=zfp_decompress
[13:55:47.008129] [WARNING] [pdc_tf_server.c:401] PDC_SERVER[16]: SCHED: executing edge 0 func=zfp_decompress dev=GPU
[13:55:47.008304] [WARNING] [pdc_tf_server.c:393] PDC_SERVER[26]: SCHED: setting CUDA device to 0 for edge 0 func=zfp_decompress
[13:55:47.008327] [WARNING] [pdc_tf_server.c:401] PDC_SERVER[26]: SCHED: executing edge 0 func=zfp_decompress dev=GPU
[13:55:47.008623] [WARNING] [pdc_tf_server.c:393] PDC_SERVER[11]: SCHED: setting CUDA device to 0 for edge 0 func=zfp_decompress
[13:55:47.008639] [WARNING] [pdc_tf_server.c:401] PDC_SERVER[11]: SCHED: executing edge 0 func=zfp_decompress dev=GPU
[13:55:47.009094] [WARNING] [pdc_tf_server.c:393] PDC_SERVER[4]: SCHED: setting CUDA device to 0 for edge 0 func=zfp_decompress
[13:55:47.009126] [WARNING] [pdc_tf_server.c:401] PDC_SERVER[4]: SCHED: executing edge 0 func=zfp_decompress dev=GPU
[13:55:47.010199] [WARNING] [pdc_tf_server.c:393] PDC_SERVER[14]: SCHED: setting CUDA device to 0 for edge 0 func=zfp_decompress
[13:55:47.010221] [WARNING] [pdc_tf_server.c:401] PDC_SERVER[14]: SCHED: executing edge 0 func=zfp_decompress dev=GPU
[13:55:47.010255] [WARNING] [pdc_tf_server.c:393] PDC_SERVER[20]: SCHED: setting CUDA device to 0 for edge 0 func=zfp_decompress
[13:55:47.010249] [WARNING] [pdc_tf_server.c:393] PDC_SERVER[22]: SCHED: setting CUDA device to 0 for edge 0 func=zfp_decompress
[13:55:47.010302] [WARNING] [pdc_tf_server.c:401] PDC_SERVER[22]: SCHED: executing edge 0 func=zfp_decompress dev=GPU
[13:55:47.010295] [WARNING] [pdc_tf_server.c:401] PDC_SERVER[20]: SCHED: executing edge 0 func=zfp_decompress dev=GPU
[13:55:47.010334] [WARNING] [pdc_tf_server.c:393] PDC_SERVER[21]: SCHED: setting CUDA device to 0 for edge 0 func=zfp_decompress
[13:55:47.010355] [WARNING] [pdc_tf_server.c:401] PDC_SERVER[21]: SCHED: executing edge 0 func=zfp_decompress dev=GPU
[13:55:47.010519] [WARNING] [pdc_tf_server.c:393] PDC_SERVER[29]: SCHED: setting CUDA device to 0 for edge 0 func=zfp_decompress
[13:55:47.010543] [WARNING] [pdc_tf_server.c:401] PDC_SERVER[29]: SCHED: executing edge 0 func=zfp_decompress dev=GPU
[13:55:47.010792] [WARNING] [pdc_tf_server.c:393] PDC_SERVER[10]: SCHED: setting CUDA device to 0 for edge 0 func=zfp_decompress
[13:55:47.010851] [WARNING] [pdc_tf_server.c:401] PDC_SERVER[10]: SCHED: executing edge 0 func=zfp_decompress dev=GPU
[13:55:47.010830] [WARNING] [pdc_tf_server.c:393] PDC_SERVER[5]: SCHED: setting CUDA device to 0 for edge 0 func=zfp_decompress
[13:55:47.010856] [WARNING] [pdc_tf_server.c:401] PDC_SERVER[5]: SCHED: executing edge 0 func=zfp_decompress dev=GPU
[13:55:47.010824] [WARNING] [pdc_tf_server.c:393] PDC_SERVER[13]: SCHED: setting CUDA device to 0 for edge 0 func=zfp_decompress
[13:55:47.010860] [WARNING] [pdc_tf_server.c:401] PDC_SERVER[13]: SCHED: executing edge 0 func=zfp_decompress dev=GPU
[13:55:47.011071] [WARNING] [pdc_tf_server.c:393] PDC_SERVER[23]: SCHED: setting CUDA device to 0 for edge 0 func=zfp_decompress
[13:55:47.011109] [WARNING] [pdc_tf_server.c:401] PDC_SERVER[23]: SCHED: executing edge 0 func=zfp_decompress dev=GPU
[13:55:47.011038] [WARNING] [pdc_tf_server.c:393] PDC_SERVER[2]: SCHED: setting CUDA device to 0 for edge 0 func=zfp_decompress
[13:55:47.011111] [WARNING] [pdc_tf_server.c:401] PDC_SERVER[2]: SCHED: executing edge 0 func=zfp_decompress dev=GPU
[13:55:47.011493] [WARNING] [pdc_tf_server.c:393] PDC_SERVER[27]: SCHED: setting CUDA device to 0 for edge 0 func=zfp_decompress
[13:55:47.011517] [WARNING] [pdc_tf_server.c:401] PDC_SERVER[27]: SCHED: executing edge 0 func=zfp_decompress dev=GPU
[13:55:47.012152] [WARNING] [pdc_tf_server.c:393] PDC_SERVER[18]: SCHED: setting CUDA device to 0 for edge 0 func=zfp_decompress
[13:55:47.012167] [WARNING] [pdc_tf_server.c:401] PDC_SERVER[18]: SCHED: executing edge 0 func=zfp_decompress dev=GPU
[13:55:47.012193] [WARNING] [pdc_tf_server.c:393] PDC_SERVER[17]: SCHED: setting CUDA device to 0 for edge 0 func=zfp_decompress
[13:55:47.012217] [WARNING] [pdc_tf_server.c:401] PDC_SERVER[17]: SCHED: executing edge 0 func=zfp_decompress dev=GPU
[INFO] PDC_SERVER[0]: Executing graph with json filepath /pscratch/sd/n/nlewi26/src/work_space/source/pdc/tf_client/graphs/zfp_gpu.json
[13:55:47.012484] [WARNING] [pdc_tf_server.c:393] PDC_SERVER[0]: SCHED: setting CUDA device to 0 for edge 0 func=zfp_decompress
[13:55:47.012503] [WARNING] [pdc_tf_server.c:401] PDC_SERVER[0]: SCHED: executing edge 0 func=zfp_decompress dev=GPU
[13:55:47.013986] [WARNING] [pdc_tf_server.c:393] PDC_SERVER[7]: SCHED: setting CUDA device to 0 for edge 0 func=zfp_decompress
[13:55:47.014003] [WARNING] [pdc_tf_server.c:401] PDC_SERVER[7]: SCHED: executing edge 0 func=zfp_decompress dev=GPU
[13:55:47.014343] [WARNING] [pdc_tf_server.c:393] PDC_SERVER[3]: SCHED: setting CUDA device to 0 for edge 0 func=zfp_decompress
[13:55:47.014373] [WARNING] [pdc_tf_server.c:401] PDC_SERVER[3]: SCHED: executing edge 0 func=zfp_decompress dev=GPU
[13:55:47.015320] [WARNING] [pdc_tf_server.c:393] PDC_SERVER[31]: SCHED: setting CUDA device to 0 for edge 0 func=zfp_decompress
[13:55:47.015341] [WARNING] [pdc_tf_server.c:401] PDC_SERVER[31]: SCHED: executing edge 0 func=zfp_decompress dev=GPU
[13:55:47.016823] [WARNING] [pdc_tf_server.c:475] PDC_SERVER[6]: SCHED: done running transformations
[13:55:47.017440] [WARNING] [pdc_tf_server.c:475] PDC_SERVER[15]: SCHED: done running transformations
[13:55:47.018577] [WARNING] [pdc_tf_server.c:393] PDC_SERVER[8]: SCHED: setting CUDA device to 0 for edge 0 func=zfp_decompress
[13:55:47.018604] [WARNING] [pdc_tf_server.c:401] PDC_SERVER[8]: SCHED: executing edge 0 func=zfp_decompress dev=GPU
[13:55:47.019441] [WARNING] [pdc_tf_server.c:475] PDC_SERVER[1]: SCHED: done running transformations
[13:55:47.019584] [WARNING] [pdc_tf_server.c:475] PDC_SERVER[19]: SCHED: done running transformations
[13:55:47.019633] [WARNING] [pdc_tf_server.c:475] PDC_SERVER[9]: SCHED: done running transformations
[13:55:47.020585] [WARNING] [pdc_tf_server.c:475] PDC_SERVER[4]: SCHED: done running transformations
[13:55:47.021280] [WARNING] [pdc_tf_server.c:475] PDC_SERVER[16]: SCHED: done running transformations
[13:55:47.021551] [WARNING] [pdc_tf_server.c:475] PDC_SERVER[28]: SCHED: done running transformations
[INFO] PDC_SERVER[15]: Fetching region for obj_id=1000000000
[INFO] PDC_SERVER[15]: Checking against Object 10000000000
[INFO] PDC_SERVER[15]: Checking against Object 11000000000
[INFO] PDC_SERVER[15]: Checking against Object 12000000000
[INFO] PDC_SERVER[15]: Checking against Object 11000000001
[INFO] PDC_SERVER[15]: Checking against Object 12000000001
[INFO] PDC_SERVER[15]: Checking against Object 13000000000
[INFO] PDC_SERVER[15]: Checking against Object 12000000002
[INFO] PDC_SERVER[15]: Checking against Object 13000000001
[INFO] PDC_SERVER[15]: Checking against Object 14000000000
[INFO] PDC_SERVER[15]: Object 1000000000 NOT found in cache
[INFO] PDC_SERVER[15]: Fetching region from server for obj_id=1000000000
[INFO] PDC_SERVER[6]: Fetching region for obj_id=1000000000
[INFO] PDC_SERVER[6]: Checking against Object 10000000000
[INFO] PDC_SERVER[6]: Checking against Object 11000000000
[INFO] PDC_SERVER[6]: Checking against Object 12000000000
[INFO] PDC_SERVER[6]: Checking against Object 11000000001
[INFO] PDC_SERVER[6]: Checking against Object 12000000001
[INFO] PDC_SERVER[6]: Checking against Object 13000000000
[INFO] PDC_SERVER[6]: Checking against Object 12000000002
[INFO] PDC_SERVER[6]: Checking against Object 13000000001
[INFO] PDC_SERVER[6]: Checking against Object 14000000000
[INFO] PDC_SERVER[6]: Object 1000000000 NOT found in cache
[INFO] PDC_SERVER[6]: Fetching region from server for obj_id=1000000000
[13:55:47.023393] [WARNING] [pdc_tf_server.c:393] PDC_SERVER[12]: SCHED: setting CUDA device to 0 for edge 0 func=zfp_decompress
[13:55:47.023461] [WARNING] [pdc_tf_server.c:401] PDC_SERVER[12]: SCHED: executing edge 0 func=zfp_decompress dev=GPU
[13:55:47.024503] [WARNING] [pdc_tf_server.c:475] PDC_SERVER[11]: SCHED: done running transformations
[13:55:47.024534] [WARNING] [pdc_tf_server.c:475] PDC_SERVER[24]: SCHED: done running transformations
[13:55:47.025005] [WARNING] [pdc_tf_server.c:475] PDC_SERVER[25]: SCHED: done running transformations
[INFO] PDC_SERVER[4]: Fetching region for obj_id=1000000000
[INFO] PDC_SERVER[4]: Checking against Object 10000000000
[INFO] PDC_SERVER[4]: Checking against Object 11000000000
[INFO] PDC_SERVER[4]: Checking against Object 12000000000
[INFO] PDC_SERVER[4]: Checking against Object 11000000001
[INFO] PDC_SERVER[4]: Checking against Object 12000000001
[INFO] PDC_SERVER[4]: Checking against Object 13000000000
[INFO] PDC_SERVER[4]: Checking against Object 12000000002
[INFO] PDC_SERVER[4]: Checking against Object 13000000001
[INFO] PDC_SERVER[4]: Checking against Object 14000000000
[INFO] PDC_SERVER[4]: Object 1000000000 NOT found in cache
[INFO] PDC_SERVER[4]: Fetching region from server for obj_id=1000000000
[INFO] PDC_SERVER[1]: Fetching region for obj_id=1000000000
[INFO] PDC_SERVER[1]: Checking against Object 10000000000
[INFO] PDC_SERVER[1]: Checking against Object 11000000000
[INFO] PDC_SERVER[1]: Checking against Object 12000000000
[INFO] PDC_SERVER[1]: Checking against Object 11000000001
[INFO] PDC_SERVER[1]: Checking against Object 12000000001
[INFO] PDC_SERVER[1]: Checking against Object 13000000000
[INFO] PDC_SERVER[1]: Checking against Object 12000000002
[INFO] PDC_SERVER[1]: Checking against Object 13000000001
[INFO] PDC_SERVER[1]: Checking against Object 14000000000
[INFO] PDC_SERVER[19]: Fetching region for obj_id=1000000000
[INFO] PDC_SERVER[19]: Checking against Object 10000000000
[INFO] PDC_SERVER[19]: Checking against Object 11000000000
[INFO] PDC_SERVER[19]: Checking against Object 12000000000
[INFO] PDC_SERVER[1]: Object 1000000000 NOT found in cache
[INFO] PDC_SERVER[1]: Fetching region from server for obj_id=1000000000
[13:55:47.025992] [WARNING] [pdc_tf_server.c:475] PDC_SERVER[30]: SCHED: done running transformations
[INFO] PDC_SERVER[19]: Checking against Object 11000000001
[INFO] PDC_SERVER[19]: Checking against Object 12000000001
[INFO] PDC_SERVER[19]: Checking against Object 13000000000
[INFO] PDC_SERVER[19]: Checking against Object 12000000002
[INFO] PDC_SERVER[19]: Checking against Object 13000000001
[INFO] PDC_SERVER[19]: Checking against Object 14000000000
[INFO] PDC_SERVER[19]: Object 1000000000 NOT found in cache
[INFO] PDC_SERVER[19]: Fetching region from server for obj_id=1000000000
[INFO] PDC_SERVER[16]: Fetching region for obj_id=1000000000
[INFO] PDC_SERVER[16]: Checking against Object 10000000000
[INFO] PDC_SERVER[16]: Checking against Object 11000000000
[INFO] PDC_SERVER[16]: Checking against Object 12000000000
[INFO] PDC_SERVER[16]: Checking against Object 11000000001
[INFO] PDC_SERVER[16]: Checking against Object 12000000001
[INFO] PDC_SERVER[16]: Checking against Object 13000000000
[INFO] PDC_SERVER[16]: Checking against Object 12000000002
[INFO] PDC_SERVER[16]: Checking against Object 13000000001
[INFO] PDC_SERVER[16]: Checking against Object 14000000000
[INFO] PDC_SERVER[16]: Object 1000000000 NOT found in cache
[INFO] PDC_SERVER[16]: Fetching region from server for obj_id=1000000000
[INFO] PDC_SERVER[9]: Fetching region for obj_id=1000000000
[INFO] PDC_SERVER[9]: Checking against Object 10000000000
[INFO] PDC_SERVER[9]: Checking against Object 11000000000
[INFO] PDC_SERVER[9]: Checking against Object 12000000000
[INFO] PDC_SERVER[9]: Checking against Object 11000000001
[INFO] PDC_SERVER[9]: Checking against Object 12000000001
[INFO] PDC_SERVER[9]: Checking against Object 13000000000
[INFO] PDC_SERVER[9]: Checking against Object 12000000002
[INFO] PDC_SERVER[9]: Checking against Object 13000000001
[INFO] PDC_SERVER[9]: Checking against Object 14000000000
[INFO] PDC_SERVER[9]: Object 1000000000 NOT found in cache
[INFO] PDC_SERVER[9]: Fetching region from server for obj_id=1000000000
[13:55:47.028519] [WARNING] [pdc_tf_server.c:475] PDC_SERVER[29]: SCHED: done running transformations
[INFO] PDC_SERVER[28]: Fetching region for obj_id=1000000000
[INFO] PDC_SERVER[28]: Checking against Object 10000000000
[INFO] PDC_SERVER[28]: Checking against Object 11000000000
[INFO] PDC_SERVER[28]: Checking against Object 12000000000
[INFO] PDC_SERVER[28]: Checking against Object 11000000001
[INFO] PDC_SERVER[28]: Checking against Object 12000000001
[INFO] PDC_SERVER[28]: Checking against Object 13000000000
[INFO] PDC_SERVER[28]: Checking against Object 12000000002
[INFO] PDC_SERVER[28]: Checking against Object 13000000001
[INFO] PDC_SERVER[28]: Checking against Object 14000000000
[INFO] PDC_SERVER[28]: Object 1000000000 NOT found in cache
[INFO] PDC_SERVER[28]: Fetching region from server for obj_id=1000000000
[13:55:47.031291] [WARNING] [pdc_tf_server.c:475] PDC_SERVER[10]: SCHED: done running transformations
[INFO] PDC_SERVER[24]: Fetching region for obj_id=1000000000
[INFO] PDC_SERVER[24]: Checking against Object 10000000000
[INFO] PDC_SERVER[24]: Checking against Object 11000000000
[INFO] PDC_SERVER[24]: Checking against Object 12000000000
[INFO] PDC_SERVER[24]: Checking against Object 11000000001
[INFO] PDC_SERVER[24]: Checking against Object 12000000001
[INFO] PDC_SERVER[24]: Checking against Object 13000000000
[INFO] PDC_SERVER[24]: Checking against Object 12000000002
[INFO] PDC_SERVER[24]: Checking against Object 13000000001
[INFO] PDC_SERVER[24]: Checking against Object 14000000000
[INFO] PDC_SERVER[24]: Object 1000000000 NOT found in cache
[INFO] PDC_SERVER[24]: Fetching region from server for obj_id=1000000000
[13:55:47.031955] [WARNING] [pdc_tf_server.c:475] PDC_SERVER[26]: SCHED: done running transformations
[13:55:47.032921] [WARNING] [pdc_tf_server.c:475] PDC_SERVER[27]: SCHED: done running transformations
[INFO] PDC_SERVER[29]: Fetching region for obj_id=1000000000
[INFO] PDC_SERVER[29]: Checking against Object 10000000000
[INFO] PDC_SERVER[29]: Checking against Object 11000000000
[INFO] PDC_SERVER[29]: Checking against Object 12000000000
[INFO] PDC_SERVER[29]: Checking against Object 11000000001
[INFO] PDC_SERVER[29]: Checking against Object 12000000001
[INFO] PDC_SERVER[29]: Checking against Object 13000000000
[INFO] PDC_SERVER[29]: Checking against Object 12000000002
[INFO] PDC_SERVER[29]: Checking against Object 13000000001
[INFO] PDC_SERVER[29]: Checking against Object 14000000000
[INFO] PDC_SERVER[29]: Object 1000000000 NOT found in cache
[INFO] PDC_SERVER[29]: Fetching region from server for obj_id=1000000000
[13:55:47.033975] [WARNING] [pdc_tf_server.c:475] PDC_SERVER[14]: SCHED: done running transformations
[INFO] PDC_SERVER[11]: Fetching region for obj_id=1000000000
[INFO] PDC_SERVER[11]: Checking against Object 10000000000
[INFO] PDC_SERVER[11]: Checking against Object 11000000000
[INFO] PDC_SERVER[11]: Checking against Object 12000000000
[INFO] PDC_SERVER[11]: Checking against Object 11000000001
[INFO] PDC_SERVER[11]: Checking against Object 12000000001
[INFO] PDC_SERVER[11]: Checking against Object 13000000000
[INFO] PDC_SERVER[11]: Checking against Object 12000000002
[INFO] PDC_SERVER[11]: Checking against Object 13000000001
[INFO] PDC_SERVER[11]: Checking against Object 14000000000
[INFO] PDC_SERVER[11]: Object 1000000000 NOT found in cache
[INFO] PDC_SERVER[11]: Fetching region from server for obj_id=1000000000
[13:55:47.034963] [WARNING] [pdc_tf_server.c:475] PDC_SERVER[13]: SCHED: done running transformations
[INFO] PDC_SERVER[25]: Fetching region for obj_id=1000000000
[INFO] PDC_SERVER[25]: Checking against Object 10000000000
[INFO] PDC_SERVER[25]: Checking against Object 11000000000
[INFO] PDC_SERVER[25]: Checking against Object 12000000000
[INFO] PDC_SERVER[25]: Checking against Object 11000000001
[INFO] PDC_SERVER[25]: Checking against Object 12000000001
[INFO] PDC_SERVER[25]: Checking against Object 13000000000
[INFO] PDC_SERVER[25]: Checking against Object 12000000002
[INFO] PDC_SERVER[25]: Checking against Object 13000000001
[INFO] PDC_SERVER[25]: Checking against Object 14000000000
[INFO] PDC_SERVER[25]: Object 1000000000 NOT found in cache
[INFO] PDC_SERVER[25]: Fetching region from server for obj_id=1000000000
[INFO] PDC_SERVER[10]: Fetching region for obj_id=1000000000
[INFO] PDC_SERVER[10]: Checking against Object 10000000000
[INFO] PDC_SERVER[10]: Checking against Object 11000000000
[INFO] PDC_SERVER[10]: Checking against Object 12000000000
[INFO] PDC_SERVER[10]: Checking against Object 11000000001
[INFO] PDC_SERVER[10]: Checking against Object 12000000001
[INFO] PDC_SERVER[10]: Checking against Object 13000000000
[INFO] PDC_SERVER[10]: Checking against Object 12000000002
[INFO] PDC_SERVER[10]: Checking against Object 13000000001
[INFO] PDC_SERVER[10]: Checking against Object 14000000000
[INFO] PDC_SERVER[10]: Object 1000000000 NOT found in cache
[INFO] PDC_SERVER[10]: Fetching region from server for obj_id=1000000000
[13:55:47.036363] [WARNING] [pdc_tf_server.c:475] PDC_SERVER[0]: SCHED: done running transformations
[INFO] PDC_SERVER[30]: Fetching region for obj_id=1000000000
[INFO] PDC_SERVER[30]: Checking against Object 10000000000
[INFO] PDC_SERVER[30]: Checking against Object 11000000000
[INFO] PDC_SERVER[30]: Checking against Object 12000000000
[INFO] PDC_SERVER[30]: Checking against Object 11000000001
[INFO] PDC_SERVER[30]: Checking against Object 12000000001
[INFO] PDC_SERVER[30]: Checking against Object 13000000000
[INFO] PDC_SERVER[30]: Checking against Object 12000000002
[INFO] PDC_SERVER[30]: Checking against Object 13000000001
[INFO] PDC_SERVER[30]: Checking against Object 14000000000
[INFO] PDC_SERVER[30]: Object 1000000000 NOT found in cache
[INFO] PDC_SERVER[30]: Fetching region from server for obj_id=1000000000
[13:55:47.036836] [WARNING] [pdc_tf_server.c:475] PDC_SERVER[22]: SCHED: done running transformations
[13:55:47.037129] [WARNING] [pdc_tf_server.c:475] PDC_SERVER[20]: SCHED: done running transformations
[13:55:47.037091] [WARNING] [pdc_tf_server.c:475] PDC_SERVER[3]: SCHED: done running transformations
[13:55:47.038188] [WARNING] [pdc_tf_server.c:475] PDC_SERVER[5]: SCHED: done running transformations
[13:55:47.038338] [WARNING] [pdc_tf_server.c:475] PDC_SERVER[17]: SCHED: done running transformations
[13:55:47.038891] [WARNING] [pdc_tf_server.c:475] PDC_SERVER[31]: SCHED: done running transformations
[13:55:47.039321] [WARNING] [pdc_tf_server.c:475] PDC_SERVER[23]: SCHED: done running transformations
[13:55:47.039574] [WARNING] [pdc_tf_server.c:475] PDC_SERVER[18]: SCHED: done running transformations
[INFO] PDC_SERVER[26]: Fetching region for obj_id=1000000000
[INFO] PDC_SERVER[26]: Checking against Object 10000000000
[INFO] PDC_SERVER[26]: Checking against Object 11000000000
[INFO] PDC_SERVER[26]: Checking against Object 12000000000
[INFO] PDC_SERVER[26]: Checking against Object 11000000001
[INFO] PDC_SERVER[26]: Checking against Object 12000000001
[INFO] PDC_SERVER[26]: Checking against Object 13000000000
[INFO] PDC_SERVER[26]: Checking against Object 12000000002
[INFO] PDC_SERVER[26]: Checking against Object 13000000001
[INFO] PDC_SERVER[26]: Checking against Object 14000000000
[INFO] PDC_SERVER[26]: Object 1000000000 NOT found in cache
[INFO] PDC_SERVER[26]: Fetching region from server for obj_id=1000000000
[13:55:47.040072] [WARNING] [pdc_tf_server.c:475] PDC_SERVER[2]: SCHED: done running transformations
[INFO] PDC_SERVER[27]: Fetching region for obj_id=1000000000
[INFO] PDC_SERVER[27]: Checking against Object 10000000000
[INFO] PDC_SERVER[27]: Checking against Object 11000000000
[INFO] PDC_SERVER[27]: Checking against Object 12000000000
[INFO] PDC_SERVER[27]: Checking against Object 11000000001
[INFO] PDC_SERVER[27]: Checking against Object 12000000001
[INFO] PDC_SERVER[27]: Checking against Object 13000000000
[INFO] PDC_SERVER[27]: Checking against Object 12000000002
[INFO] PDC_SERVER[27]: Checking against Object 13000000001
[INFO] PDC_SERVER[27]: Checking against Object 14000000000
[INFO] PDC_SERVER[27]: Object 1000000000 NOT found in cache
[INFO] PDC_SERVER[27]: Fetching region from server for obj_id=1000000000
[13:55:47.040423] [WARNING] [pdc_tf_server.c:475] PDC_SERVER[7]: SCHED: done running transformations
[13:55:47.040711] [WARNING] [pdc_tf_server.c:393] PDC_SERVER[6]: SCHED: setting CUDA device to 0 for edge 0 func=zfp_decompress
[13:55:47.040725] [WARNING] [pdc_tf_server.c:401] PDC_SERVER[6]: SCHED: executing edge 0 func=zfp_decompress dev=GPU
[13:55:47.040889] [WARNING] [pdc_tf_server.c:475] PDC_SERVER[8]: SCHED: done running transformations
[13:55:47.041192] [WARNING] [pdc_tf_server.c:393] PDC_SERVER[4]: SCHED: setting CUDA device to 0 for edge 0 func=zfp_decompress
[13:55:47.041208] [WARNING] [pdc_tf_server.c:401] PDC_SERVER[4]: SCHED: executing edge 0 func=zfp_decompress dev=GPU
[13:55:47.041870] [WARNING] [pdc_tf_server.c:393] PDC_SERVER[19]: SCHED: setting CUDA device to 0 for edge 0 func=zfp_decompress
[13:55:47.041889] [WARNING] [pdc_tf_server.c:401] PDC_SERVER[19]: SCHED: executing edge 0 func=zfp_decompress dev=GPU
[INFO] PDC_SERVER[14]: Fetching region for obj_id=1000000000
[INFO] PDC_SERVER[14]: Checking against Object 10000000000
[INFO] PDC_SERVER[14]: Checking against Object 11000000000
[INFO] PDC_SERVER[14]: Checking against Object 12000000000
[INFO] PDC_SERVER[14]: Checking against Object 11000000001
[INFO] PDC_SERVER[14]: Checking against Object 12000000001
[INFO] PDC_SERVER[14]: Checking against Object 13000000000
[INFO] PDC_SERVER[14]: Checking against Object 12000000002
[INFO] PDC_SERVER[14]: Checking against Object 13000000001
[INFO] PDC_SERVER[14]: Checking against Object 14000000000
[INFO] PDC_SERVER[14]: Object 1000000000 NOT found in cache
[INFO] PDC_SERVER[14]: Fetching region from server for obj_id=1000000000
[INFO] PDC_SERVER[0]: Fetching region for obj_id=1000000000
[INFO] PDC_SERVER[0]: Checking against Object 10000000000
[INFO] PDC_SERVER[0]: Checking against Object 11000000000
[INFO] PDC_SERVER[0]: Checking against Object 12000000000
[INFO] PDC_SERVER[0]: Checking against Object 11000000001
[INFO] PDC_SERVER[0]: Checking against Object 12000000001
[INFO] PDC_SERVER[0]: Checking against Object 13000000000
[INFO] PDC_SERVER[0]: Checking against Object 12000000002
[INFO] PDC_SERVER[0]: Checking against Object 13000000001
[INFO] PDC_SERVER[0]: Checking against Object 14000000000
[INFO] PDC_SERVER[13]: Fetching region for obj_id=1000000000
[INFO] PDC_SERVER[13]: Checking against Object 10000000000
[INFO] PDC_SERVER[13]: Checking against Object 11000000000
[INFO] PDC_SERVER[13]: Checking against Object 12000000000
[INFO] PDC_SERVER[13]: Checking against Object 11000000001
[INFO] PDC_SERVER[0]: Object 1000000000 NOT found in cache
[INFO] PDC_SERVER[0]: Fetching region from server for obj_id=1000000000
[INFO] PDC_SERVER[13]: Checking against Object 12000000001
[INFO] PDC_SERVER[13]: Checking against Object 13000000000
[INFO] PDC_SERVER[13]: Checking against Object 12000000002
[INFO] PDC_SERVER[13]: Checking against Object 13000000001
[INFO] PDC_SERVER[13]: Checking against Object 14000000000
[INFO] PDC_SERVER[13]: Object 1000000000 NOT found in cache
[INFO] PDC_SERVER[13]: Fetching region from server for obj_id=1000000000
[13:55:47.043286] [WARNING] [pdc_tf_server.c:393] PDC_SERVER[16]: SCHED: setting CUDA device to 0 for edge 0 func=zfp_decompress
[13:55:47.043310] [WARNING] [pdc_tf_server.c:401] PDC_SERVER[16]: SCHED: executing edge 0 func=zfp_decompress dev=GPU
[INFO] PDC_SERVER[3]: Fetching region for obj_id=1000000000
[INFO] PDC_SERVER[3]: Checking against Object 10000000000
[INFO] PDC_SERVER[3]: Checking against Object 11000000000
[INFO] PDC_SERVER[3]: Checking against Object 12000000000
[INFO] PDC_SERVER[3]: Checking against Object 11000000001
[INFO] PDC_SERVER[3]: Checking against Object 12000000001
[INFO] PDC_SERVER[3]: Checking against Object 13000000000
[INFO] PDC_SERVER[3]: Checking against Object 12000000002
[INFO] PDC_SERVER[3]: Checking against Object 13000000001
[INFO] PDC_SERVER[22]: Fetching region for obj_id=1000000000
[INFO] PDC_SERVER[22]: Checking against Object 10000000000
[INFO] PDC_SERVER[3]: Checking against Object 14000000000
[INFO] PDC_SERVER[3]: Object 1000000000 NOT found in cache
[INFO] PDC_SERVER[3]: Fetching region from server for obj_id=1000000000
[INFO] PDC_SERVER[22]: Checking against Object 11000000000
[INFO] PDC_SERVER[22]: Checking against Object 12000000000
[INFO] PDC_SERVER[22]: Checking against Object 11000000001
[INFO] PDC_SERVER[22]: Checking against Object 12000000001
[INFO] PDC_SERVER[22]: Checking against Object 13000000000
[INFO] PDC_SERVER[22]: Checking against Object 12000000002
[INFO] PDC_SERVER[22]: Checking against Object 13000000001
[INFO] PDC_SERVER[22]: Checking against Object 14000000000
[INFO] PDC_SERVER[22]: Object 1000000000 NOT found in cache
[INFO] PDC_SERVER[22]: Fetching region from server for obj_id=1000000000
[INFO] PDC_SERVER[20]: Fetching region for obj_id=1000000000
[INFO] PDC_SERVER[20]: Checking against Object 10000000000
[INFO] PDC_SERVER[20]: Checking against Object 11000000000
[INFO] PDC_SERVER[20]: Checking against Object 12000000000
[INFO] PDC_SERVER[20]: Checking against Object 11000000001
[INFO] PDC_SERVER[20]: Checking against Object 12000000001
[INFO] PDC_SERVER[20]: Checking against Object 13000000000
[INFO] PDC_SERVER[20]: Checking against Object 12000000002
[INFO] PDC_SERVER[20]: Checking against Object 13000000001
[INFO] PDC_SERVER[20]: Checking against Object 14000000000
[INFO] PDC_SERVER[20]: Object 1000000000 NOT found in cache
[INFO] PDC_SERVER[20]: Fetching region from server for obj_id=1000000000
[INFO] PDC_SERVER[31]: Fetching region for obj_id=1000000000
[INFO] PDC_SERVER[31]: Checking against Object 10000000000
[INFO] PDC_SERVER[31]: Checking against Object 11000000000
[INFO] PDC_SERVER[31]: Checking against Object 12000000000
[INFO] PDC_SERVER[31]: Checking against Object 11000000001
[INFO] PDC_SERVER[31]: Checking against Object 12000000001
[INFO] PDC_SERVER[31]: Checking against Object 13000000000
[INFO] PDC_SERVER[31]: Checking against Object 12000000002
[INFO] PDC_SERVER[31]: Checking against Object 13000000001
[INFO] PDC_SERVER[31]: Checking against Object 14000000000
[INFO] PDC_SERVER[31]: Object 1000000000 NOT found in cache
[INFO] PDC_SERVER[31]: Fetching region from server for obj_id=1000000000
[INFO] PDC_SERVER[17]: Fetching region for obj_id=1000000000
[INFO] PDC_SERVER[17]: Checking against Object 10000000000
[INFO] PDC_SERVER[17]: Checking against Object 11000000000
[INFO] PDC_SERVER[17]: Checking against Object 12000000000
[INFO] PDC_SERVER[17]: Checking against Object 11000000001
[INFO] PDC_SERVER[17]: Checking against Object 12000000001
[INFO] PDC_SERVER[17]: Checking against Object 13000000000
[INFO] PDC_SERVER[17]: Checking against Object 12000000002
[INFO] PDC_SERVER[17]: Checking against Object 13000000001
[INFO] PDC_SERVER[17]: Checking against Object 14000000000
[INFO] PDC_SERVER[17]: Object 1000000000 NOT found in cache
[INFO] PDC_SERVER[17]: Fetching region from server for obj_id=1000000000
[13:55:47.046059] [WARNING] [pdc_tf_server.c:393] PDC_SERVER[15]: SCHED: setting CUDA device to 0 for edge 0 func=zfp_decompress
[13:55:47.046095] [WARNING] [pdc_tf_server.c:401] PDC_SERVER[15]: SCHED: executing edge 0 func=zfp_decompress dev=GPU
[13:55:47.047263] [WARNING] [pdc_tf_server.c:393] PDC_SERVER[28]: SCHED: setting CUDA device to 0 for edge 0 func=zfp_decompress
[13:55:47.047280] [WARNING] [pdc_tf_server.c:401] PDC_SERVER[28]: SCHED: executing edge 0 func=zfp_decompress dev=GPU
[13:55:47.047839] [WARNING] [pdc_tf_server.c:475] PDC_SERVER[21]: SCHED: done running transformations
[INFO] PDC_SERVER[18]: Fetching region for obj_id=1000000000
[INFO] PDC_SERVER[18]: Checking against Object 10000000000
[INFO] PDC_SERVER[18]: Checking against Object 11000000000
[INFO] PDC_SERVER[18]: Checking against Object 12000000000
[INFO] PDC_SERVER[18]: Checking against Object 11000000001
[INFO] PDC_SERVER[18]: Checking against Object 12000000001
[INFO] PDC_SERVER[18]: Checking against Object 13000000000
[INFO] PDC_SERVER[18]: Checking against Object 12000000002
[INFO] PDC_SERVER[18]: Checking against Object 13000000001
[INFO] PDC_SERVER[18]: Checking against Object 14000000000
[INFO] PDC_SERVER[18]: Object 1000000000 NOT found in cache
[INFO] PDC_SERVER[18]: Fetching region from server for obj_id=1000000000
[13:55:47.048338] [WARNING] [pdc_tf_server.c:393] PDC_SERVER[9]: SCHED: setting CUDA device to 0 for edge 0 func=zfp_decompress
[13:55:47.048370] [WARNING] [pdc_tf_server.c:401] PDC_SERVER[9]: SCHED: executing edge 0 func=zfp_decompress dev=GPU
[INFO] PDC_SERVER[5]: Fetching region for obj_id=1000000000
[INFO] PDC_SERVER[5]: Checking against Object 10000000000
[INFO] PDC_SERVER[5]: Checking against Object 11000000000
[INFO] PDC_SERVER[5]: Checking against Object 12000000000
[INFO] PDC_SERVER[5]: Checking against Object 11000000001
[INFO] PDC_SERVER[5]: Checking against Object 12000000001
[INFO] PDC_SERVER[5]: Checking against Object 13000000000
[INFO] PDC_SERVER[5]: Checking against Object 12000000002
[INFO] PDC_SERVER[5]: Checking against Object 13000000001
[INFO] PDC_SERVER[23]: Fetching region for obj_id=1000000000
[INFO] PDC_SERVER[23]: Checking against Object 10000000000
[INFO] PDC_SERVER[23]: Checking against Object 11000000000
[INFO] PDC_SERVER[23]: Checking against Object 12000000000
[INFO] PDC_SERVER[23]: Checking against Object 11000000001
[INFO] PDC_SERVER[23]: Checking against Object 12000000001
[INFO] PDC_SERVER[5]: Checking against Object 14000000000
[INFO] PDC_SERVER[5]: Object 1000000000 NOT found in cache
[INFO] PDC_SERVER[5]: Fetching region from server for obj_id=1000000000
[INFO] PDC_SERVER[23]: Checking against Object 13000000000
[INFO] PDC_SERVER[23]: Checking against Object 12000000002
[INFO] PDC_SERVER[23]: Checking against Object 13000000001
[INFO] PDC_SERVER[23]: Checking against Object 14000000000
[INFO] PDC_SERVER[23]: Object 1000000000 NOT found in cache
[INFO] PDC_SERVER[23]: Fetching region from server for obj_id=1000000000
[13:55:47.049289] [WARNING] [pdc_tf_server.c:393] PDC_SERVER[1]: SCHED: setting CUDA device to 0 for edge 0 func=zfp_decompress
[13:55:47.049310] [WARNING] [pdc_tf_server.c:401] PDC_SERVER[1]: SCHED: executing edge 0 func=zfp_decompress dev=GPU
[13:55:47.050261] [WARNING] [pdc_tf_server.c:393] PDC_SERVER[29]: SCHED: setting CUDA device to 0 for edge 0 func=zfp_decompress
[13:55:47.050278] [WARNING] [pdc_tf_server.c:401] PDC_SERVER[29]: SCHED: executing edge 0 func=zfp_decompress dev=GPU
[INFO] PDC_SERVER[2]: Fetching region for obj_id=1000000000
[INFO] PDC_SERVER[2]: Checking against Object 10000000000
[INFO] PDC_SERVER[2]: Checking against Object 11000000000
[INFO] PDC_SERVER[2]: Checking against Object 12000000000
[INFO] PDC_SERVER[2]: Checking against Object 11000000001
[INFO] PDC_SERVER[2]: Checking against Object 12000000001
[INFO] PDC_SERVER[2]: Checking against Object 13000000000
[INFO] PDC_SERVER[2]: Checking against Object 12000000002
[INFO] PDC_SERVER[2]: Checking against Object 13000000001
[INFO] PDC_SERVER[2]: Checking against Object 14000000000
[INFO] PDC_SERVER[2]: Object 1000000000 NOT found in cache
[INFO] PDC_SERVER[2]: Fetching region from server for obj_id=1000000000
[13:55:47.051045] [WARNING] [pdc_tf_server.c:475] PDC_SERVER[12]: SCHED: done running transformations
[INFO] PDC_SERVER[7]: Fetching region for obj_id=1000000000
[INFO] PDC_SERVER[7]: Checking against Object 10000000000
[INFO] PDC_SERVER[7]: Checking against Object 11000000000
[INFO] PDC_SERVER[7]: Checking against Object 12000000000
[INFO] PDC_SERVER[7]: Checking against Object 11000000001
[INFO] PDC_SERVER[7]: Checking against Object 12000000001
[INFO] PDC_SERVER[7]: Checking against Object 13000000000
[INFO] PDC_SERVER[7]: Checking against Object 12000000002
[INFO] PDC_SERVER[7]: Checking against Object 13000000001
[INFO] PDC_SERVER[7]: Checking against Object 14000000000
[INFO] PDC_SERVER[7]: Object 1000000000 NOT found in cache
[INFO] PDC_SERVER[7]: Fetching region from server for obj_id=1000000000
[13:55:47.052360] [WARNING] [pdc_tf_server.c:393] PDC_SERVER[10]: SCHED: setting CUDA device to 0 for edge 0 func=zfp_decompress
[13:55:47.052391] [WARNING] [pdc_tf_server.c:401] PDC_SERVER[10]: SCHED: executing edge 0 func=zfp_decompress dev=GPU
[INFO] PDC_SERVER[8]: Fetching region for obj_id=1000000000
[INFO] PDC_SERVER[8]: Checking against Object 10000000000
[INFO] PDC_SERVER[8]: Checking against Object 11000000000
[INFO] PDC_SERVER[8]: Checking against Object 12000000000
[INFO] PDC_SERVER[8]: Checking against Object 11000000001
[INFO] PDC_SERVER[8]: Checking against Object 12000000001
[INFO] PDC_SERVER[8]: Checking against Object 13000000000
[INFO] PDC_SERVER[8]: Checking against Object 12000000002
[INFO] PDC_SERVER[8]: Checking against Object 13000000001
[INFO] PDC_SERVER[8]: Checking against Object 14000000000
[INFO] PDC_SERVER[8]: Object 1000000000 NOT found in cache
[INFO] PDC_SERVER[8]: Fetching region from server for obj_id=1000000000
[13:55:47.053996] [WARNING] [pdc_tf_server.c:393] PDC_SERVER[24]: SCHED: setting CUDA device to 0 for edge 0 func=zfp_decompress
[13:55:47.054020] [WARNING] [pdc_tf_server.c:401] PDC_SERVER[24]: SCHED: executing edge 0 func=zfp_decompress dev=GPU
[13:55:47.055348] [WARNING] [pdc_tf_server.c:393] PDC_SERVER[30]: SCHED: setting CUDA device to 0 for edge 0 func=zfp_decompress
[13:55:47.055371] [WARNING] [pdc_tf_server.c:401] PDC_SERVER[30]: SCHED: executing edge 0 func=zfp_decompress dev=GPU
[13:55:47.055360] [WARNING] [pdc_tf_server.c:475] PDC_SERVER[4]: SCHED: done running transformations
[13:55:47.055953] [WARNING] [pdc_tf_server.c:393] PDC_SERVER[25]: SCHED: setting CUDA device to 0 for edge 0 func=zfp_decompress
[13:55:47.055968] [WARNING] [pdc_tf_server.c:401] PDC_SERVER[25]: SCHED: executing edge 0 func=zfp_decompress dev=GPU
[13:55:47.056106] [WARNING] [pdc_tf_server.c:475] PDC_SERVER[6]: SCHED: done running transformations
[13:55:47.056424] [WARNING] [pdc_tf_server.c:393] PDC_SERVER[11]: SCHED: setting CUDA device to 0 for edge 0 func=zfp_decompress
[13:55:47.056439] [WARNING] [pdc_tf_server.c:401] PDC_SERVER[11]: SCHED: executing edge 0 func=zfp_decompress dev=GPU
[13:55:47.057231] [WARNING] [pdc_tf_server.c:393] PDC_SERVER[26]: SCHED: setting CUDA device to 0 for edge 0 func=zfp_decompress
[13:55:47.057253] [WARNING] [pdc_tf_server.c:401] PDC_SERVER[26]: SCHED: executing edge 0 func=zfp_decompress dev=GPU
[INFO] PDC_SERVER[21]: Fetching region for obj_id=1000000000
[INFO] PDC_SERVER[21]: Checking against Object 10000000000
[INFO] PDC_SERVER[21]: Checking against Object 11000000000
[13:55:47.057431] [WARNING] [pdc_tf_server.c:475] PDC_SERVER[15]: SCHED: done running transformations
[INFO] PDC_SERVER[21]: Checking against Object 12000000000
[INFO] PDC_SERVER[21]: Checking against Object 11000000001
[INFO] PDC_SERVER[21]: Checking against Object 12000000001
[INFO] PDC_SERVER[21]: Checking against Object 13000000000
[INFO] PDC_SERVER[21]: Checking against Object 12000000002
[INFO] PDC_SERVER[21]: Checking against Object 13000000001
[INFO] PDC_SERVER[21]: Checking against Object 14000000000
[INFO] PDC_SERVER[21]: Object 1000000000 NOT found in cache
[INFO] PDC_SERVER[21]: Fetching region from server for obj_id=1000000000
[13:55:47.058179] [WARNING] [pdc_tf_server.c:475] PDC_SERVER[19]: SCHED: done running transformations
[13:55:47.058589] [WARNING] [pdc_tf_server.c:475] PDC_SERVER[16]: SCHED: done running transformations
[INFO] PDC_SERVER[0]: Executing graph with json filepath /pscratch/sd/n/nlewi26/src/work_space/source/pdc/tf_client/graphs/zfp_gpu.json
[13:55:47.058794] [WARNING] [pdc_tf_server.c:393] PDC_SERVER[0]: SCHED: setting CUDA device to 0 for edge 0 func=zfp_decompress
[13:55:47.058808] [WARNING] [pdc_tf_server.c:401] PDC_SERVER[0]: SCHED: executing edge 0 func=zfp_decompress dev=GPU
[13:55:47.058955] [WARNING] [pdc_tf_server.c:475] PDC_SERVER[28]: SCHED: done running transformations
[13:55:47.059223] [WARNING] [pdc_tf_server.c:393] PDC_SERVER[3]: SCHED: setting CUDA device to 0 for edge 0 func=zfp_decompress
[13:55:47.059246] [WARNING] [pdc_tf_server.c:401] PDC_SERVER[3]: SCHED: executing edge 0 func=zfp_decompress dev=GPU
[INFO] PDC_SERVER[12]: Fetching region for obj_id=1000000000
[INFO] PDC_SERVER[12]: Checking against Object 10000000000
[INFO] PDC_SERVER[12]: Checking against Object 11000000000
[INFO] PDC_SERVER[12]: Checking against Object 12000000000
[INFO] PDC_SERVER[12]: Checking against Object 11000000001
[INFO] PDC_SERVER[12]: Checking against Object 12000000001
[INFO] PDC_SERVER[12]: Checking against Object 13000000000
[INFO] PDC_SERVER[12]: Checking against Object 12000000002
[INFO] PDC_SERVER[12]: Checking against Object 13000000001
[INFO] PDC_SERVER[12]: Checking against Object 14000000000
[INFO] PDC_SERVER[12]: Object 1000000000 NOT found in cache
[INFO] PDC_SERVER[12]: Fetching region from server for obj_id=1000000000
[13:55:47.060236] [WARNING] [pdc_tf_server.c:475] PDC_SERVER[29]: SCHED: done running transformations
[INFO] PDC_SERVER[4]: Fetching region for obj_id=1000000000
[INFO] PDC_SERVER[4]: Checking against Object 10000000000
[INFO] PDC_SERVER[4]: Checking against Object 11000000000
[INFO] PDC_SERVER[4]: Checking against Object 12000000000
[INFO] PDC_SERVER[4]: Checking against Object 11000000001
[INFO] PDC_SERVER[4]: Checking against Object 12000000001
[INFO] PDC_SERVER[4]: Checking against Object 13000000000
[INFO] PDC_SERVER[4]: Checking against Object 12000000002
[INFO] PDC_SERVER[4]: Checking against Object 13000000001
[INFO] PDC_SERVER[4]: Checking against Object 14000000000
[INFO] PDC_SERVER[4]: Object 1000000000 NOT found in cache
[INFO] PDC_SERVER[4]: Fetching region from server for obj_id=1000000000
[13:55:47.061194] [WARNING] [pdc_tf_server.c:393] PDC_SERVER[13]: SCHED: setting CUDA device to 0 for edge 0 func=zfp_decompress
[13:55:47.061213] [WARNING] [pdc_tf_server.c:401] PDC_SERVER[13]: SCHED: executing edge 0 func=zfp_decompress dev=GPU
[13:55:47.061542] [WARNING] [pdc_tf_server.c:393] PDC_SERVER[14]: SCHED: setting CUDA device to 0 for edge 0 func=zfp_decompress
[13:55:47.061574] [WARNING] [pdc_tf_server.c:401] PDC_SERVER[14]: SCHED: executing edge 0 func=zfp_decompress dev=GPU
[13:55:47.062313] [WARNING] [pdc_tf_server.c:475] PDC_SERVER[9]: SCHED: done running transformations
[INFO] PDC_SERVER[6]: Fetching region for obj_id=1000000000
[INFO] PDC_SERVER[6]: Checking against Object 10000000000
[INFO] PDC_SERVER[6]: Checking against Object 11000000000
[INFO] PDC_SERVER[6]: Checking against Object 12000000000
[INFO] PDC_SERVER[6]: Checking against Object 11000000001
[INFO] PDC_SERVER[6]: Checking against Object 12000000001
[INFO] PDC_SERVER[6]: Checking against Object 13000000000
[INFO] PDC_SERVER[6]: Checking against Object 12000000002
[INFO] PDC_SERVER[6]: Checking against Object 13000000001
[INFO] PDC_SERVER[6]: Checking against Object 14000000000
[INFO] PDC_SERVER[6]: Object 1000000000 NOT found in cache
[INFO] PDC_SERVER[6]: Fetching region from server for obj_id=1000000000
[13:55:47.062856] [WARNING] [pdc_tf_server.c:475] PDC_SERVER[10]: SCHED: done running transformations
[13:55:47.063321] [WARNING] [pdc_tf_server.c:393] PDC_SERVER[31]: SCHED: setting CUDA device to 0 for edge 0 func=zfp_decompress
[13:55:47.063344] [WARNING] [pdc_tf_server.c:401] PDC_SERVER[31]: SCHED: executing edge 0 func=zfp_decompress dev=GPU
[INFO] PDC_SERVER[28]: Fetching region for obj_id=1000000000
[INFO] PDC_SERVER[28]: Checking against Object 10000000000
[INFO] PDC_SERVER[28]: Checking against Object 11000000000
[INFO] PDC_SERVER[28]: Checking against Object 12000000000
[INFO] PDC_SERVER[28]: Checking against Object 11000000001
[INFO] PDC_SERVER[28]: Checking against Object 12000000001
[INFO] PDC_SERVER[28]: Checking against Object 13000000000
[INFO] PDC_SERVER[28]: Checking against Object 12000000002
[INFO] PDC_SERVER[28]: Checking against Object 13000000001
[INFO] PDC_SERVER[28]: Checking against Object 14000000000
[INFO] PDC_SERVER[28]: Object 1000000000 NOT found in cache
[INFO] PDC_SERVER[28]: Fetching region from server for obj_id=1000000000
[13:55:47.064245] [WARNING] [pdc_tf_server.c:393] PDC_SERVER[17]: SCHED: setting CUDA device to 0 for edge 0 func=zfp_decompress
[13:55:47.064080] [WARNING] [pdc_tf_server.c:475] PDC_SERVER[1]: SCHED: done running transformations
[13:55:47.064268] [WARNING] [pdc_tf_server.c:401] PDC_SERVER[17]: SCHED: executing edge 0 func=zfp_decompress dev=GPU
[13:55:47.064371] [WARNING] [pdc_tf_server.c:393] PDC_SERVER[18]: SCHED: setting CUDA device to 0 for edge 0 func=zfp_decompress
[13:55:47.064394] [WARNING] [pdc_tf_server.c:401] PDC_SERVER[18]: SCHED: executing edge 0 func=zfp_decompress dev=GPU
[13:55:47.064892] [WARNING] [pdc_tf_server.c:393] PDC_SERVER[23]: SCHED: setting CUDA device to 0 for edge 0 func=zfp_decompress
[13:55:47.064913] [WARNING] [pdc_tf_server.c:401] PDC_SERVER[23]: SCHED: executing edge 0 func=zfp_decompress dev=GPU
[INFO] PDC_SERVER[19]: Fetching region for obj_id=1000000000
[INFO] PDC_SERVER[19]: Checking against Object 10000000000
[INFO] PDC_SERVER[19]: Checking against Object 11000000000
[INFO] PDC_SERVER[19]: Checking against Object 12000000000
[INFO] PDC_SERVER[19]: Checking against Object 11000000001
[INFO] PDC_SERVER[19]: Checking against Object 12000000001
[INFO] PDC_SERVER[19]: Checking against Object 13000000000
[INFO] PDC_SERVER[19]: Checking against Object 12000000002
[INFO] PDC_SERVER[19]: Checking against Object 13000000001
[INFO] PDC_SERVER[19]: Checking against Object 14000000000
[INFO] PDC_SERVER[19]: Object 1000000000 NOT found in cache
[INFO] PDC_SERVER[19]: Fetching region from server for obj_id=1000000000
[INFO] PDC_SERVER[16]: Fetching region for obj_id=1000000000
[INFO] PDC_SERVER[16]: Checking against Object 10000000000
[INFO] PDC_SERVER[15]: Fetching region for obj_id=1000000000
[INFO] PDC_SERVER[15]: Checking against Object 10000000000
[INFO] PDC_SERVER[15]: Checking against Object 11000000000
[INFO] PDC_SERVER[15]: Checking against Object 12000000000
[INFO] PDC_SERVER[16]: Checking against Object 11000000000
[INFO] PDC_SERVER[16]: Checking against Object 12000000000
[INFO] PDC_SERVER[16]: Checking against Object 11000000001
[INFO] PDC_SERVER[16]: Checking against Object 12000000001
[INFO] PDC_SERVER[15]: Checking against Object 11000000001
[INFO] PDC_SERVER[15]: Checking against Object 12000000001
[INFO] PDC_SERVER[15]: Checking against Object 13000000000
[INFO] PDC_SERVER[15]: Checking against Object 12000000002
[INFO] PDC_SERVER[15]: Checking against Object 13000000001
[INFO] PDC_SERVER[16]: Checking against Object 13000000000
[INFO] PDC_SERVER[16]: Checking against Object 12000000002
[INFO] PDC_SERVER[16]: Checking against Object 13000000001
[INFO] PDC_SERVER[15]: Checking against Object 14000000000
[INFO] PDC_SERVER[15]: Object 1000000000 NOT found in cache
[INFO] PDC_SERVER[15]: Fetching region from server for obj_id=1000000000
[INFO] PDC_SERVER[16]: Checking against Object 14000000000
[INFO] PDC_SERVER[16]: Object 1000000000 NOT found in cache
[INFO] PDC_SERVER[16]: Fetching region from server for obj_id=1000000000
[INFO] PDC_SERVER[29]: Fetching region for obj_id=1000000000
[INFO] PDC_SERVER[29]: Checking against Object 10000000000
[INFO] PDC_SERVER[29]: Checking against Object 11000000000
[INFO] PDC_SERVER[29]: Checking against Object 12000000000
[INFO] PDC_SERVER[29]: Checking against Object 11000000001
[INFO] PDC_SERVER[29]: Checking against Object 12000000001
[INFO] PDC_SERVER[29]: Checking against Object 13000000000
[INFO] PDC_SERVER[29]: Checking against Object 12000000002
[INFO] PDC_SERVER[29]: Checking against Object 13000000001
[INFO] PDC_SERVER[29]: Checking against Object 14000000000
[INFO] PDC_SERVER[29]: Object 1000000000 NOT found in cache
[INFO] PDC_SERVER[29]: Fetching region from server for obj_id=1000000000
[13:55:47.066549] [WARNING] [pdc_tf_server.c:393] PDC_SERVER[5]: SCHED: setting CUDA device to 0 for edge 0 func=zfp_decompress
[13:55:47.066575] [WARNING] [pdc_tf_server.c:401] PDC_SERVER[5]: SCHED: executing edge 0 func=zfp_decompress dev=GPU
[13:55:47.066926] [WARNING] [pdc_tf_server.c:393] PDC_SERVER[22]: SCHED: setting CUDA device to 0 for edge 0 func=zfp_decompress
[13:55:47.066968] [WARNING] [pdc_tf_server.c:401] PDC_SERVER[22]: SCHED: executing edge 0 func=zfp_decompress dev=GPU
[INFO] PDC_SERVER[10]: Fetching region for obj_id=1000000000
[INFO] PDC_SERVER[10]: Checking against Object 10000000000
[INFO] PDC_SERVER[10]: Checking against Object 11000000000
[INFO] PDC_SERVER[10]: Checking against Object 12000000000
[INFO] PDC_SERVER[10]: Checking against Object 11000000001
[INFO] PDC_SERVER[10]: Checking against Object 12000000001
[INFO] PDC_SERVER[10]: Checking against Object 13000000000
[INFO] PDC_SERVER[10]: Checking against Object 12000000002
[INFO] PDC_SERVER[10]: Checking against Object 13000000001
[INFO] PDC_SERVER[10]: Checking against Object 14000000000
[INFO] PDC_SERVER[10]: Object 1000000000 NOT found in cache
[INFO] PDC_SERVER[10]: Fetching region from server for obj_id=1000000000
[13:55:47.068199] [WARNING] [pdc_tf_server.c:393] PDC_SERVER[27]: SCHED: setting CUDA device to 0 for edge 0 func=zfp_decompress
[13:55:47.068223] [WARNING] [pdc_tf_server.c:401] PDC_SERVER[27]: SCHED: executing edge 0 func=zfp_decompress dev=GPU
[13:55:47.068639] [WARNING] [pdc_tf_server.c:393] PDC_SERVER[2]: SCHED: setting CUDA device to 0 for edge 0 func=zfp_decompress
[13:55:47.068660] [WARNING] [pdc_tf_server.c:401] PDC_SERVER[2]: SCHED: executing edge 0 func=zfp_decompress dev=GPU
[INFO] PDC_SERVER[9]: Fetching region for obj_id=1000000000
[INFO] PDC_SERVER[9]: Checking against Object 10000000000
[INFO] PDC_SERVER[9]: Checking against Object 11000000000
[INFO] PDC_SERVER[9]: Checking against Object 12000000000
[INFO] PDC_SERVER[9]: Checking against Object 11000000001
[INFO] PDC_SERVER[9]: Checking against Object 12000000001
[INFO] PDC_SERVER[9]: Checking against Object 13000000000
[INFO] PDC_SERVER[9]: Checking against Object 12000000002
[INFO] PDC_SERVER[9]: Checking against Object 13000000001
[INFO] PDC_SERVER[9]: Checking against Object 14000000000
[INFO] PDC_SERVER[9]: Object 1000000000 NOT found in cache
[INFO] PDC_SERVER[9]: Fetching region from server for obj_id=1000000000
[13:55:47.069785] [WARNING] [pdc_tf_server.c:393] PDC_SERVER[7]: SCHED: setting CUDA device to 0 for edge 0 func=zfp_decompress
[13:55:47.069806] [WARNING] [pdc_tf_server.c:401] PDC_SERVER[7]: SCHED: executing edge 0 func=zfp_decompress dev=GPU
[INFO] PDC_SERVER[1]: Fetching region for obj_id=1000000000
[INFO] PDC_SERVER[1]: Checking against Object 10000000000
[INFO] PDC_SERVER[1]: Checking against Object 11000000000
[INFO] PDC_SERVER[1]: Checking against Object 12000000000
[INFO] PDC_SERVER[1]: Checking against Object 11000000001
[INFO] PDC_SERVER[1]: Checking against Object 12000000001
[INFO] PDC_SERVER[1]: Checking against Object 13000000000
[INFO] PDC_SERVER[1]: Checking against Object 12000000002
[INFO] PDC_SERVER[1]: Checking against Object 13000000001
[INFO] PDC_SERVER[1]: Checking against Object 14000000000
[INFO] PDC_SERVER[1]: Object 1000000000 NOT found in cache
[INFO] PDC_SERVER[1]: Fetching region from server for obj_id=1000000000
[13:55:47.072343] [WARNING] [pdc_tf_server.c:393] PDC_SERVER[20]: SCHED: setting CUDA device to 0 for edge 0 func=zfp_decompress
[13:55:47.072366] [WARNING] [pdc_tf_server.c:401] PDC_SERVER[20]: SCHED: executing edge 0 func=zfp_decompress dev=GPU
[13:55:47.072414] [WARNING] [pdc_tf_server.c:475] PDC_SERVER[24]: SCHED: done running transformations
[13:55:47.072908] [WARNING] [pdc_tf_server.c:475] PDC_SERVER[3]: SCHED: done running transformations
[13:55:47.073891] [WARNING] [pdc_tf_server.c:475] PDC_SERVER[0]: SCHED: done running transformations
[13:55:47.074186] [WARNING] [pdc_tf_server.c:393] PDC_SERVER[8]: SCHED: setting CUDA device to 0 for edge 0 func=zfp_decompress
[13:55:47.074212] [WARNING] [pdc_tf_server.c:401] PDC_SERVER[8]: SCHED: executing edge 0 func=zfp_decompress dev=GPU
[13:55:47.074827] [WARNING] [pdc_tf_server.c:475] PDC_SERVER[11]: SCHED: done running transformations
[13:55:47.075568] [WARNING] [pdc_tf_server.c:393] PDC_SERVER[21]: SCHED: setting CUDA device to 0 for edge 0 func=zfp_decompress
[13:55:47.075605] [WARNING] [pdc_tf_server.c:401] PDC_SERVER[21]: SCHED: executing edge 0 func=zfp_decompress dev=GPU
[13:55:47.076742] [WARNING] [pdc_tf_server.c:393] PDC_SERVER[4]: SCHED: setting CUDA device to 0 for edge 0 func=zfp_decompress
[13:55:47.076766] [WARNING] [pdc_tf_server.c:401] PDC_SERVER[4]: SCHED: executing edge 0 func=zfp_decompress dev=GPU
[13:55:47.076916] [WARNING] [pdc_tf_server.c:475] PDC_SERVER[30]: SCHED: done running transformations
[INFO] PDC_SERVER[24]: Fetching region for obj_id=1000000000
[INFO] PDC_SERVER[24]: Checking against Object 10000000000
[INFO] PDC_SERVER[24]: Checking against Object 11000000000
[INFO] PDC_SERVER[24]: Checking against Object 12000000000
[INFO] PDC_SERVER[24]: Checking against Object 11000000001
[INFO] PDC_SERVER[24]: Checking against Object 12000000001
[INFO] PDC_SERVER[24]: Checking against Object 13000000000
[INFO] PDC_SERVER[24]: Checking against Object 12000000002
[INFO] PDC_SERVER[24]: Checking against Object 13000000001
[INFO] PDC_SERVER[24]: Checking against Object 14000000000
[INFO] PDC_SERVER[24]: Object 1000000000 NOT found in cache
[INFO] PDC_SERVER[24]: Fetching region from server for obj_id=1000000000
[13:55:47.077927] [WARNING] [pdc_tf_server.c:475] PDC_SERVER[25]: SCHED: done running transformations
[13:55:47.078459] [WARNING] [pdc_tf_server.c:475] PDC_SERVER[26]: SCHED: done running transformations
[13:55:47.078549] [WARNING] [pdc_tf_server.c:475] PDC_SERVER[14]: SCHED: done running transformations
[13:55:47.078797] [WARNING] [pdc_tf_server.c:475] PDC_SERVER[23]: SCHED: done running transformations
[13:55:47.079074] [WARNING] [pdc_tf_server.c:393] PDC_SERVER[12]: SCHED: setting CUDA device to 0 for edge 0 func=zfp_decompress
[13:55:47.079093] [WARNING] [pdc_tf_server.c:401] PDC_SERVER[12]: SCHED: executing edge 0 func=zfp_decompress dev=GPU
[13:55:47.079186] [WARNING] [pdc_tf_server.c:475] PDC_SERVER[31]: SCHED: done running transformations
[13:55:47.079247] [WARNING] [pdc_tf_server.c:475] PDC_SERVER[17]: SCHED: done running transformations
[INFO] PDC_SERVER[3]: Fetching region for obj_id=1000000000
[INFO] PDC_SERVER[3]: Checking against Object 10000000000
[INFO] PDC_SERVER[3]: Checking against Object 11000000000
[INFO] PDC_SERVER[3]: Checking against Object 12000000000
[INFO] PDC_SERVER[3]: Checking against Object 11000000001
[INFO] PDC_SERVER[3]: Checking against Object 12000000001
[INFO] PDC_SERVER[3]: Checking against Object 13000000000
[INFO] PDC_SERVER[3]: Checking against Object 12000000002
[INFO] PDC_SERVER[3]: Checking against Object 13000000001
[INFO] PDC_SERVER[3]: Checking against Object 14000000000
[INFO] PDC_SERVER[3]: Object 1000000000 NOT found in cache
[INFO] PDC_SERVER[3]: Fetching region from server for obj_id=1000000000
[13:55:47.079992] [WARNING] [pdc_tf_server.c:475] PDC_SERVER[18]: SCHED: done running transformations
[13:55:47.079836] [WARNING] [pdc_tf_server.c:393] PDC_SERVER[6]: SCHED: setting CUDA device to 0 for edge 0 func=zfp_decompress
[13:55:47.079855] [WARNING] [pdc_tf_server.c:401] PDC_SERVER[6]: SCHED: executing edge 0 func=zfp_decompress dev=GPU
[13:55:47.080116] [WARNING] [pdc_tf_server.c:475] PDC_SERVER[13]: SCHED: done running transformations
[INFO] PDC_SERVER[0]: Fetching region for obj_id=1000000000
[INFO] PDC_SERVER[0]: Checking against Object 10000000000
[INFO] PDC_SERVER[0]: Checking against Object 11000000000
[INFO] PDC_SERVER[0]: Checking against Object 12000000000
[INFO] PDC_SERVER[0]: Checking against Object 11000000001
[INFO] PDC_SERVER[0]: Checking against Object 12000000001
[INFO] PDC_SERVER[0]: Checking against Object 13000000000
[INFO] PDC_SERVER[0]: Checking against Object 12000000002
[INFO] PDC_SERVER[0]: Checking against Object 13000000001
[INFO] PDC_SERVER[0]: Checking against Object 14000000000
[INFO] PDC_SERVER[0]: Object 1000000000 NOT found in cache
[INFO] PDC_SERVER[0]: Fetching region from server for obj_id=1000000000
[13:55:47.081951] [WARNING] [pdc_tf_server.c:393] PDC_SERVER[19]: SCHED: setting CUDA device to 0 for edge 0 func=zfp_decompress
[13:55:47.081968] [WARNING] [pdc_tf_server.c:401] PDC_SERVER[19]: SCHED: executing edge 0 func=zfp_decompress dev=GPU
[13:55:47.082003] [WARNING] [pdc_tf_server.c:475] PDC_SERVER[22]: SCHED: done running transformations
[13:55:47.082128] [WARNING] [pdc_tf_server.c:393] PDC_SERVER[16]: SCHED: setting CUDA device to 0 for edge 0 func=zfp_decompress
[13:55:47.082154] [WARNING] [pdc_tf_server.c:401] PDC_SERVER[16]: SCHED: executing edge 0 func=zfp_decompress dev=GPU
[13:55:47.082234] [WARNING] [pdc_tf_server.c:393] PDC_SERVER[29]: SCHED: setting CUDA device to 0 for edge 0 func=zfp_decompress
[13:55:47.082257] [WARNING] [pdc_tf_server.c:401] PDC_SERVER[29]: SCHED: executing edge 0 func=zfp_decompress dev=GPU
[13:55:47.082933] [WARNING] [pdc_tf_server.c:475] PDC_SERVER[5]: SCHED: done running transformations
[INFO] PDC_SERVER[14]: Fetching region for obj_id=1000000000
[INFO] PDC_SERVER[14]: Checking against Object 10000000000
[INFO] PDC_SERVER[14]: Checking against Object 11000000000
[INFO] PDC_SERVER[14]: Checking against Object 12000000000
[INFO] PDC_SERVER[14]: Checking against Object 11000000001
[INFO] PDC_SERVER[14]: Checking against Object 12000000001
[INFO] PDC_SERVER[14]: Checking against Object 13000000000
[INFO] PDC_SERVER[14]: Checking against Object 12000000002
[INFO] PDC_SERVER[14]: Checking against Object 13000000001
[INFO] PDC_SERVER[14]: Checking against Object 14000000000
[INFO] PDC_SERVER[14]: Object 1000000000 NOT found in cache
[INFO] PDC_SERVER[14]: Fetching region from server for obj_id=1000000000
[INFO] PDC_SERVER[23]: Fetching region for obj_id=1000000000
[INFO] PDC_SERVER[23]: Checking against Object 10000000000
[INFO] PDC_SERVER[23]: Checking against Object 11000000000
[INFO] PDC_SERVER[23]: Checking against Object 12000000000
[INFO] PDC_SERVER[23]: Checking against Object 11000000001
[INFO] PDC_SERVER[23]: Checking against Object 12000000001
[INFO] PDC_SERVER[11]: Fetching region for obj_id=1000000000
[INFO] PDC_SERVER[11]: Checking against Object 10000000000
[INFO] PDC_SERVER[11]: Checking against Object 11000000000
[INFO] PDC_SERVER[11]: Checking against Object 12000000000
[INFO] PDC_SERVER[11]: Checking against Object 11000000001
[INFO] PDC_SERVER[23]: Checking against Object 13000000000
[INFO] PDC_SERVER[23]: Checking against Object 12000000002
[INFO] PDC_SERVER[23]: Checking against Object 13000000001
[INFO] PDC_SERVER[23]: Checking against Object 14000000000
[INFO] PDC_SERVER[23]: Object 1000000000 NOT found in cache
[INFO] PDC_SERVER[11]: Checking against Object 12000000001
[INFO] PDC_SERVER[11]: Checking against Object 13000000000
[INFO] PDC_SERVER[11]: Checking against Object 12000000002
[INFO] PDC_SERVER[11]: Checking against Object 13000000001
[INFO] PDC_SERVER[11]: Checking against Object 14000000000
[INFO] PDC_SERVER[11]: Object 1000000000 NOT found in cache
[INFO] PDC_SERVER[11]: Fetching region from server for obj_id=1000000000
[INFO] PDC_SERVER[23]: Fetching region from server for obj_id=1000000000
[INFO] PDC_SERVER[18]: Fetching region for obj_id=1000000000
[INFO] PDC_SERVER[18]: Checking against Object 10000000000
[INFO] PDC_SERVER[18]: Checking against Object 11000000000
[INFO] PDC_SERVER[18]: Checking against Object 12000000000
[INFO] PDC_SERVER[18]: Checking against Object 11000000001
[INFO] PDC_SERVER[18]: Checking against Object 12000000001
[INFO] PDC_SERVER[18]: Checking against Object 13000000000
[INFO] PDC_SERVER[18]: Checking against Object 12000000002
[INFO] PDC_SERVER[18]: Checking against Object 13000000001
[INFO] PDC_SERVER[18]: Checking against Object 14000000000
[INFO] PDC_SERVER[18]: Object 1000000000 NOT found in cache
[INFO] PDC_SERVER[18]: Fetching region from server for obj_id=1000000000
[INFO] PDC_SERVER[30]: Fetching region for obj_id=1000000000
[INFO] PDC_SERVER[30]: Checking against Object 10000000000
[INFO] PDC_SERVER[30]: Checking against Object 11000000000
[INFO] PDC_SERVER[30]: Checking against Object 12000000000
[INFO] PDC_SERVER[30]: Checking against Object 11000000001
[INFO] PDC_SERVER[30]: Checking against Object 12000000001
[INFO] PDC_SERVER[30]: Checking against Object 13000000000
[INFO] PDC_SERVER[30]: Checking against Object 12000000002
[INFO] PDC_SERVER[30]: Checking against Object 13000000001
[INFO] PDC_SERVER[30]: Checking against Object 14000000000
[INFO] PDC_SERVER[30]: Object 1000000000 NOT found in cache
[INFO] PDC_SERVER[30]: Fetching region from server for obj_id=1000000000
[13:55:47.085998] [WARNING] [pdc_tf_server.c:475] PDC_SERVER[27]: SCHED: done running transformations
[13:55:47.086443] [WARNING] [pdc_tf_server.c:393] PDC_SERVER[28]: SCHED: setting CUDA device to 0 for edge 0 func=zfp_decompress
[13:55:47.086336] [WARNING] [pdc_tf_server.c:393] PDC_SERVER[15]: SCHED: setting CUDA device to 0 for edge 0 func=zfp_decompress
[13:55:47.086366] [WARNING] [pdc_tf_server.c:401] PDC_SERVER[15]: SCHED: executing edge 0 func=zfp_decompress dev=GPU
[INFO] PDC_SERVER[31]: Fetching region for obj_id=1000000000
[INFO] PDC_SERVER[31]: Checking against Object 10000000000
[INFO] PDC_SERVER[31]: Checking against Object 11000000000
[INFO] PDC_SERVER[31]: Checking against Object 12000000000
[INFO] PDC_SERVER[31]: Checking against Object 11000000001
[13:55:47.086468] [WARNING] [pdc_tf_server.c:401] PDC_SERVER[28]: SCHED: executing edge 0 func=zfp_decompress dev=GPU
[INFO] PDC_SERVER[31]: Checking against Object 12000000001
[INFO] PDC_SERVER[31]: Checking against Object 13000000000
[INFO] PDC_SERVER[31]: Checking against Object 12000000002
[INFO] PDC_SERVER[31]: Checking against Object 13000000001
[INFO] PDC_SERVER[31]: Checking against Object 14000000000
[INFO] PDC_SERVER[31]: Object 1000000000 NOT found in cache
[INFO] PDC_SERVER[31]: Fetching region from server for obj_id=1000000000
[INFO] PDC_SERVER[17]: Fetching region for obj_id=1000000000
[INFO] PDC_SERVER[17]: Checking against Object 10000000000
[INFO] PDC_SERVER[17]: Checking against Object 11000000000
[INFO] PDC_SERVER[17]: Checking against Object 12000000000
[INFO] PDC_SERVER[17]: Checking against Object 11000000001
[INFO] PDC_SERVER[17]: Checking against Object 12000000001
[INFO] PDC_SERVER[17]: Checking against Object 13000000000
[INFO] PDC_SERVER[17]: Checking against Object 12000000002
[INFO] PDC_SERVER[25]: Fetching region for obj_id=1000000000
[INFO] PDC_SERVER[25]: Checking against Object 10000000000
[INFO] PDC_SERVER[17]: Checking against Object 13000000001
[INFO] PDC_SERVER[17]: Checking against Object 14000000000
[INFO] PDC_SERVER[17]: Object 1000000000 NOT found in cache
[INFO] PDC_SERVER[17]: Fetching region from server for obj_id=1000000000
[INFO] PDC_SERVER[25]: Checking against Object 11000000000
[INFO] PDC_SERVER[25]: Checking against Object 12000000000
[INFO] PDC_SERVER[25]: Checking against Object 11000000001
[INFO] PDC_SERVER[25]: Checking against Object 12000000001
[INFO] PDC_SERVER[25]: Checking against Object 13000000000
[INFO] PDC_SERVER[25]: Checking against Object 12000000002
[INFO] PDC_SERVER[25]: Checking against Object 13000000001
[INFO] PDC_SERVER[25]: Checking against Object 14000000000
[INFO] PDC_SERVER[25]: Object 1000000000 NOT found in cache
[INFO] PDC_SERVER[26]: Fetching region for obj_id=1000000000
[INFO] PDC_SERVER[26]: Checking against Object 10000000000
[INFO] PDC_SERVER[26]: Checking against Object 11000000000
[INFO] PDC_SERVER[25]: Fetching region from server for obj_id=1000000000
[INFO] PDC_SERVER[26]: Checking against Object 12000000000
[INFO] PDC_SERVER[26]: Checking against Object 11000000001
[INFO] PDC_SERVER[26]: Checking against Object 12000000001
[INFO] PDC_SERVER[26]: Checking against Object 13000000000
[INFO] PDC_SERVER[26]: Checking against Object 12000000002
[INFO] PDC_SERVER[26]: Checking against Object 13000000001
[INFO] PDC_SERVER[26]: Checking against Object 14000000000
[INFO] PDC_SERVER[26]: Object 1000000000 NOT found in cache
[INFO] PDC_SERVER[26]: Fetching region from server for obj_id=1000000000
[13:55:47.087326] [WARNING] [pdc_tf_server.c:475] PDC_SERVER[4]: SCHED: done running transformations
[13:55:47.088067] [WARNING] [pdc_tf_server.c:393] PDC_SERVER[9]: SCHED: setting CUDA device to 0 for edge 0 func=zfp_decompress
[13:55:47.088121] [WARNING] [pdc_tf_server.c:401] PDC_SERVER[9]: SCHED: executing edge 0 func=zfp_decompress dev=GPU
[INFO] PDC_SERVER[22]: Fetching region for obj_id=1000000000
[INFO] PDC_SERVER[22]: Checking against Object 10000000000
[INFO] PDC_SERVER[22]: Checking against Object 11000000000
[INFO] PDC_SERVER[22]: Checking against Object 12000000000
[INFO] PDC_SERVER[22]: Checking against Object 11000000001
[INFO] PDC_SERVER[22]: Checking against Object 12000000001
[INFO] PDC_SERVER[22]: Checking against Object 13000000000
[INFO] PDC_SERVER[22]: Checking against Object 12000000002
[INFO] PDC_SERVER[22]: Checking against Object 13000000001
[INFO] PDC_SERVER[22]: Checking against Object 14000000000
[INFO] PDC_SERVER[22]: Object 1000000000 NOT found in cache
[INFO] PDC_SERVER[22]: Fetching region from server for obj_id=1000000000
[13:55:47.090307] [WARNING] [pdc_tf_server.c:393] PDC_SERVER[1]: SCHED: setting CUDA device to 0 for edge 0 func=zfp_decompress
[13:55:47.090327] [WARNING] [pdc_tf_server.c:401] PDC_SERVER[1]: SCHED: executing edge 0 func=zfp_decompress dev=GPU
[13:55:47.090602] [WARNING] [pdc_tf_server.c:475] PDC_SERVER[20]: SCHED: done running transformations
[13:55:47.091240] [WARNING] [pdc_tf_server.c:475] PDC_SERVER[7]: SCHED: done running transformations
[13:55:47.091617] [WARNING] [pdc_tf_server.c:475] PDC_SERVER[2]: SCHED: done running transformations
[INFO] PDC_SERVER[4]: Fetching region for obj_id=1000000000
[INFO] PDC_SERVER[4]: Checking against Object 10000000000
[INFO] PDC_SERVER[4]: Checking against Object 11000000000
[INFO] PDC_SERVER[4]: Checking against Object 12000000000
[INFO] PDC_SERVER[4]: Checking against Object 11000000001
[INFO] PDC_SERVER[4]: Checking against Object 12000000001
[INFO] PDC_SERVER[4]: Checking against Object 13000000000
[INFO] PDC_SERVER[4]: Checking against Object 12000000002
[INFO] PDC_SERVER[4]: Checking against Object 13000000001
[INFO] PDC_SERVER[4]: Checking against Object 14000000000
[INFO] PDC_SERVER[4]: Object 1000000000 NOT found in cache
[INFO] PDC_SERVER[4]: Fetching region from server for obj_id=1000000000
[13:55:47.092167] [WARNING] [pdc_tf_server.c:475] PDC_SERVER[29]: SCHED: done running transformations
[13:55:47.092269] [WARNING] [pdc_tf_server.c:393] PDC_SERVER[10]: SCHED: setting CUDA device to 0 for edge 0 func=zfp_decompress
[13:55:47.092301] [WARNING] [pdc_tf_server.c:401] PDC_SERVER[10]: SCHED: executing edge 0 func=zfp_decompress dev=GPU
[INFO] PDC_SERVER[5]: Fetching region for obj_id=1000000000
[INFO] PDC_SERVER[5]: Checking against Object 10000000000
[INFO] PDC_SERVER[5]: Checking against Object 11000000000
[INFO] PDC_SERVER[5]: Checking against Object 12000000000
[INFO] PDC_SERVER[5]: Checking against Object 11000000001
[INFO] PDC_SERVER[5]: Checking against Object 12000000001
[INFO] PDC_SERVER[5]: Checking against Object 13000000000
[INFO] PDC_SERVER[5]: Checking against Object 12000000002
[INFO] PDC_SERVER[5]: Checking against Object 13000000001
[INFO] PDC_SERVER[5]: Checking against Object 14000000000
[INFO] PDC_SERVER[5]: Object 1000000000 NOT found in cache
[INFO] PDC_SERVER[5]: Fetching region from server for obj_id=1000000000
[13:55:47.094175] [WARNING] [pdc_tf_server.c:475] PDC_SERVER[8]: SCHED: done running transformations
[13:55:47.094190] [WARNING] [pdc_tf_server.c:475] PDC_SERVER[6]: SCHED: done running transformations
[13:55:47.094864] [WARNING] [pdc_tf_server.c:393] PDC_SERVER[24]: SCHED: setting CUDA device to 0 for edge 0 func=zfp_decompress
[13:55:47.094895] [WARNING] [pdc_tf_server.c:401] PDC_SERVER[24]: SCHED: executing edge 0 func=zfp_decompress dev=GPU
[INFO] PDC_SERVER[27]: Fetching region for obj_id=1000000000
[INFO] PDC_SERVER[27]: Checking against Object 10000000000
[INFO] PDC_SERVER[27]: Checking against Object 11000000000
[INFO] PDC_SERVER[27]: Checking against Object 12000000000
[INFO] PDC_SERVER[27]: Checking against Object 11000000001
[INFO] PDC_SERVER[27]: Checking against Object 12000000001
[INFO] PDC_SERVER[27]: Checking against Object 13000000000
[INFO] PDC_SERVER[27]: Checking against Object 12000000002
[INFO] PDC_SERVER[27]: Checking against Object 13000000001
[INFO] PDC_SERVER[27]: Checking against Object 14000000000
[INFO] PDC_SERVER[27]: Object 1000000000 NOT found in cache
[INFO] PDC_SERVER[27]: Fetching region from server for obj_id=1000000000
[INFO] PDC_SERVER[13]: Fetching region for obj_id=1000000000
[INFO] PDC_SERVER[13]: Checking against Object 10000000000
[INFO] PDC_SERVER[13]: Checking against Object 11000000000
[INFO] PDC_SERVER[13]: Checking against Object 12000000000
[INFO] PDC_SERVER[13]: Checking against Object 11000000001
[INFO] PDC_SERVER[13]: Checking against Object 12000000001
[INFO] PDC_SERVER[13]: Checking against Object 13000000000
[INFO] PDC_SERVER[13]: Checking against Object 12000000002
[INFO] PDC_SERVER[13]: Checking against Object 13000000001
[INFO] PDC_SERVER[13]: Checking against Object 14000000000
[INFO] PDC_SERVER[13]: Object 1000000000 NOT found in cache
[INFO] PDC_SERVER[13]: Fetching region from server for obj_id=1000000000
[INFO] PDC_SERVER[20]: Fetching region for obj_id=1000000000
[INFO] PDC_SERVER[20]: Checking against Object 10000000000
[INFO] PDC_SERVER[20]: Checking against Object 11000000000
[INFO] PDC_SERVER[20]: Checking against Object 12000000000
[INFO] PDC_SERVER[20]: Checking against Object 11000000001
[INFO] PDC_SERVER[20]: Checking against Object 12000000001
[INFO] PDC_SERVER[20]: Checking against Object 13000000000
[INFO] PDC_SERVER[20]: Checking against Object 12000000002
[INFO] PDC_SERVER[20]: Checking against Object 13000000001
[INFO] PDC_SERVER[20]: Checking against Object 14000000000
[INFO] PDC_SERVER[20]: Object 1000000000 NOT found in cache
[INFO] PDC_SERVER[20]: Fetching region from server for obj_id=1000000000
[13:55:47.096147] [WARNING] [pdc_tf_server.c:393] PDC_SERVER[3]: SCHED: setting CUDA device to 0 for edge 0 func=zfp_decompress
[13:55:47.096173] [WARNING] [pdc_tf_server.c:401] PDC_SERVER[3]: SCHED: executing edge 0 func=zfp_decompress dev=GPU
[13:55:47.096428] [WARNING] [pdc_tf_server.c:475] PDC_SERVER[15]: SCHED: done running transformations
[INFO] PDC_SERVER[0]: Executing graph with json filepath /pscratch/sd/n/nlewi26/src/work_space/source/pdc/tf_client/graphs/zfp_gpu.json
[13:55:47.096593] [WARNING] [pdc_tf_server.c:393] PDC_SERVER[0]: SCHED: setting CUDA device to 0 for edge 0 func=zfp_decompress
[13:55:47.096607] [WARNING] [pdc_tf_server.c:401] PDC_SERVER[0]: SCHED: executing edge 0 func=zfp_decompress dev=GPU
[13:55:47.098334] [WARNING] [pdc_tf_server.c:475] PDC_SERVER[28]: SCHED: done running transformations
[INFO] PDC_SERVER[29]: Fetching region for obj_id=1000000000
[INFO] PDC_SERVER[29]: Checking against Object 10000000000
[INFO] PDC_SERVER[29]: Checking against Object 11000000000
[INFO] PDC_SERVER[29]: Checking against Object 12000000000
[INFO] PDC_SERVER[29]: Checking against Object 11000000001
[INFO] PDC_SERVER[29]: Checking against Object 12000000001
[INFO] PDC_SERVER[29]: Checking against Object 13000000000
[INFO] PDC_SERVER[29]: Checking against Object 12000000002
[INFO] PDC_SERVER[29]: Checking against Object 13000000001
[INFO] PDC_SERVER[29]: Checking against Object 14000000000
[INFO] PDC_SERVER[29]: Object 1000000000 NOT found in cache
[INFO] PDC_SERVER[29]: Fetching region from server for obj_id=1000000000
[INFO] PDC_SERVER[2]: Fetching region for obj_id=1000000000
[INFO] PDC_SERVER[2]: Checking against Object 10000000000
[INFO] PDC_SERVER[2]: Checking against Object 11000000000
[INFO] PDC_SERVER[2]: Checking against Object 12000000000
[INFO] PDC_SERVER[2]: Checking against Object 11000000001
[INFO] PDC_SERVER[2]: Checking against Object 12000000001
[INFO] PDC_SERVER[2]: Checking against Object 13000000000
[INFO] PDC_SERVER[2]: Checking against Object 12000000002
[INFO] PDC_SERVER[2]: Checking against Object 13000000001
[INFO] PDC_SERVER[2]: Checking against Object 14000000000
[INFO] PDC_SERVER[2]: Object 1000000000 NOT found in cache
[INFO] PDC_SERVER[2]: Fetching region from server for obj_id=1000000000
[13:55:47.100126] [WARNING] [pdc_tf_server.c:393] PDC_SERVER[14]: SCHED: setting CUDA device to 0 for edge 0 func=zfp_decompress
[13:55:47.100151] [WARNING] [pdc_tf_server.c:401] PDC_SERVER[14]: SCHED: executing edge 0 func=zfp_decompress dev=GPU
[INFO] PDC_SERVER[6]: Fetching region for obj_id=1000000000
[INFO] PDC_SERVER[6]: Checking against Object 10000000000
[INFO] PDC_SERVER[6]: Checking against Object 11000000000
[INFO] PDC_SERVER[6]: Checking against Object 12000000000
[INFO] PDC_SERVER[6]: Checking against Object 11000000001
[INFO] PDC_SERVER[6]: Checking against Object 12000000001
[INFO] PDC_SERVER[6]: Checking against Object 13000000000
[INFO] PDC_SERVER[6]: Checking against Object 12000000002
[INFO] PDC_SERVER[6]: Checking against Object 13000000001
[INFO] PDC_SERVER[6]: Checking against Object 14000000000
[INFO] PDC_SERVER[6]: Object 1000000000 NOT found in cache
[INFO] PDC_SERVER[6]: Fetching region from server for obj_id=1000000000
[INFO] PDC_SERVER[7]: Fetching region for obj_id=1000000000
[INFO] PDC_SERVER[7]: Checking against Object 10000000000
[INFO] PDC_SERVER[7]: Checking against Object 11000000000
[INFO] PDC_SERVER[7]: Checking against Object 12000000000
[INFO] PDC_SERVER[7]: Checking against Object 11000000001
[INFO] PDC_SERVER[7]: Checking against Object 12000000001
[INFO] PDC_SERVER[7]: Checking against Object 13000000000
[INFO] PDC_SERVER[7]: Checking against Object 12000000002
[INFO] PDC_SERVER[7]: Checking against Object 13000000001
[INFO] PDC_SERVER[7]: Checking against Object 14000000000
[INFO] PDC_SERVER[7]: Object 1000000000 NOT found in cache
[INFO] PDC_SERVER[7]: Fetching region from server for obj_id=1000000000
[13:55:47.100905] [WARNING] [pdc_tf_server.c:475] PDC_SERVER[21]: SCHED: done running transformations
[13:55:47.101016] [WARNING] [pdc_tf_server.c:393] PDC_SERVER[23]: SCHED: setting CUDA device to 0 for edge 0 func=zfp_decompress
[13:55:47.101032] [WARNING] [pdc_tf_server.c:401] PDC_SERVER[23]: SCHED: executing edge 0 func=zfp_decompress dev=GPU
[13:55:47.101271] [WARNING] [pdc_tf_server.c:475] PDC_SERVER[12]: SCHED: done running transformations
[INFO] PDC_SERVER[15]: Fetching region for obj_id=1000000000
[INFO] PDC_SERVER[15]: Checking against Object 10000000000
[INFO] PDC_SERVER[15]: Checking against Object 11000000000
[INFO] PDC_SERVER[15]: Checking against Object 12000000000
[INFO] PDC_SERVER[15]: Checking against Object 11000000001
[INFO] PDC_SERVER[15]: Checking against Object 12000000001
[INFO] PDC_SERVER[15]: Checking against Object 13000000000
[INFO] PDC_SERVER[15]: Checking against Object 12000000002
[INFO] PDC_SERVER[15]: Checking against Object 13000000001
[INFO] PDC_SERVER[15]: Checking against Object 14000000000
[INFO] PDC_SERVER[15]: Object 1000000000 NOT found in cache
[INFO] PDC_SERVER[15]: Fetching region from server for obj_id=1000000000
[13:55:47.102079] [WARNING] [pdc_tf_server.c:475] PDC_SERVER[16]: SCHED: done running transformations
[13:55:47.102146] [WARNING] [pdc_tf_server.c:475] PDC_SERVER[19]: SCHED: done running transformations
[13:55:47.103646] [WARNING] [pdc_tf_server.c:475] PDC_SERVER[9]: SCHED: done running transformations
[13:55:47.104389] [WARNING] [pdc_tf_server.c:393] PDC_SERVER[25]: SCHED: setting CUDA device to 0 for edge 0 func=zfp_decompress
[13:55:47.104406] [WARNING] [pdc_tf_server.c:401] PDC_SERVER[25]: SCHED: executing edge 0 func=zfp_decompress dev=GPU
[13:55:47.104396] [WARNING] [pdc_tf_server.c:393] PDC_SERVER[26]: SCHED: setting CUDA device to 0 for edge 0 func=zfp_decompress
[13:55:47.104416] [WARNING] [pdc_tf_server.c:401] PDC_SERVER[26]: SCHED: executing edge 0 func=zfp_decompress dev=GPU
[INFO] PDC_SERVER[28]: Fetching region for obj_id=1000000000
[INFO] PDC_SERVER[28]: Checking against Object 10000000000
[INFO] PDC_SERVER[28]: Checking against Object 11000000000
[INFO] PDC_SERVER[28]: Checking against Object 12000000000
[INFO] PDC_SERVER[28]: Checking against Object 11000000001
[INFO] PDC_SERVER[28]: Checking against Object 12000000001
[INFO] PDC_SERVER[28]: Checking against Object 13000000000
[INFO] PDC_SERVER[28]: Checking against Object 12000000002
[INFO] PDC_SERVER[28]: Checking against Object 13000000001
[INFO] PDC_SERVER[28]: Checking against Object 14000000000
[INFO] PDC_SERVER[28]: Object 1000000000 NOT found in cache
[INFO] PDC_SERVER[28]: Fetching region from server for obj_id=1000000000
[13:55:47.105271] [WARNING] [pdc_tf_server.c:393] PDC_SERVER[31]: SCHED: setting CUDA device to 0 for edge 0 func=zfp_decompress
[13:55:47.105291] [WARNING] [pdc_tf_server.c:401] PDC_SERVER[31]: SCHED: executing edge 0 func=zfp_decompress dev=GPU
[13:55:47.105328] [WARNING] [pdc_tf_server.c:393] PDC_SERVER[18]: SCHED: setting CUDA device to 0 for edge 0 func=zfp_decompress
[13:55:47.105346] [WARNING] [pdc_tf_server.c:401] PDC_SERVER[18]: SCHED: executing edge 0 func=zfp_decompress dev=GPU
[13:55:47.106092] [WARNING] [pdc_tf_server.c:475] PDC_SERVER[10]: SCHED: done running transformations
[INFO] PDC_SERVER[21]: Fetching region for obj_id=1000000000
[INFO] PDC_SERVER[21]: Checking against Object 10000000000
[INFO] PDC_SERVER[21]: Checking against Object 11000000000
[INFO] PDC_SERVER[21]: Checking against Object 12000000000
[INFO] PDC_SERVER[21]: Checking against Object 11000000001
[INFO] PDC_SERVER[21]: Checking against Object 12000000001
[INFO] PDC_SERVER[21]: Checking against Object 13000000000
[INFO] PDC_SERVER[21]: Checking against Object 12000000002
[INFO] PDC_SERVER[21]: Checking against Object 13000000001
[INFO] PDC_SERVER[21]: Checking against Object 14000000000
[INFO] PDC_SERVER[21]: Object 1000000000 NOT found in cache
[INFO] PDC_SERVER[21]: Fetching region from server for obj_id=1000000000
[13:55:47.107334] [WARNING] [pdc_tf_server.c:475] PDC_SERVER[24]: SCHED: done running transformations
[13:55:47.107242] [WARNING] [pdc_tf_server.c:475] PDC_SERVER[1]: SCHED: done running transformations
[INFO] PDC_SERVER[8]: Fetching region for obj_id=1000000000
[INFO] PDC_SERVER[8]: Checking against Object 10000000000
[INFO] PDC_SERVER[8]: Checking against Object 11000000000
[INFO] PDC_SERVER[8]: Checking against Object 12000000000
[INFO] PDC_SERVER[8]: Checking against Object 11000000001
[INFO] PDC_SERVER[8]: Checking against Object 12000000001
[INFO] PDC_SERVER[8]: Checking against Object 13000000000
[INFO] PDC_SERVER[8]: Checking against Object 12000000002
[INFO] PDC_SERVER[8]: Checking against Object 13000000001
[INFO] PDC_SERVER[8]: Checking against Object 14000000000
[INFO] PDC_SERVER[8]: Object 1000000000 NOT found in cache
[INFO] PDC_SERVER[8]: Fetching region from server for obj_id=1000000000
[13:55:47.108218] [WARNING] [pdc_tf_server.c:393] PDC_SERVER[4]: SCHED: setting CUDA device to 0 for edge 0 func=zfp_decompress
[13:55:47.108232] [WARNING] [pdc_tf_server.c:401] PDC_SERVER[4]: SCHED: executing edge 0 func=zfp_decompress dev=GPU
[13:55:47.108493] [WARNING] [pdc_tf_server.c:393] PDC_SERVER[11]: SCHED: setting CUDA device to 0 for edge 0 func=zfp_decompress
[13:55:47.108529] [WARNING] [pdc_tf_server.c:401] PDC_SERVER[11]: SCHED: executing edge 0 func=zfp_decompress dev=GPU
[13:55:47.108995] [WARNING] [pdc_tf_server.c:393] PDC_SERVER[30]: SCHED: setting CUDA device to 0 for edge 0 func=zfp_decompress
[13:55:47.109007] [WARNING] [pdc_tf_server.c:401] PDC_SERVER[30]: SCHED: executing edge 0 func=zfp_decompress dev=GPU
[13:55:47.108931] [WARNING] [pdc_tf_server.c:475] PDC_SERVER[3]: SCHED: done running transformations
[INFO] PDC_SERVER[16]: Fetching region for obj_id=1000000000
[INFO] PDC_SERVER[16]: Checking against Object 10000000000
[INFO] PDC_SERVER[16]: Checking against Object 11000000000
[INFO] PDC_SERVER[16]: Checking against Object 12000000000
[INFO] PDC_SERVER[16]: Checking against Object 11000000001
[INFO] PDC_SERVER[16]: Checking against Object 12000000001
[INFO] PDC_SERVER[16]: Checking against Object 13000000000
[INFO] PDC_SERVER[16]: Checking against Object 12000000002
[INFO] PDC_SERVER[16]: Checking against Object 13000000001
[INFO] PDC_SERVER[16]: Checking against Object 14000000000
[INFO] PDC_SERVER[16]: Object 1000000000 NOT found in cache
[INFO] PDC_SERVER[16]: Fetching region from server for obj_id=1000000000
[INFO] PDC_SERVER[10]: Fetching region for obj_id=1000000000
[INFO] PDC_SERVER[10]: Checking against Object 10000000000
[INFO] PDC_SERVER[10]: Checking against Object 11000000000
[INFO] PDC_SERVER[10]: Checking against Object 12000000000
[INFO] PDC_SERVER[10]: Checking against Object 11000000001
[INFO] PDC_SERVER[10]: Checking against Object 12000000001
[INFO] PDC_SERVER[10]: Checking against Object 13000000000
[INFO] PDC_SERVER[19]: Fetching region for obj_id=1000000000
[INFO] PDC_SERVER[19]: Checking against Object 10000000000
[INFO] PDC_SERVER[19]: Checking against Object 11000000000
[INFO] PDC_SERVER[19]: Checking against Object 12000000000
[INFO] PDC_SERVER[10]: Checking against Object 12000000002
[INFO] PDC_SERVER[10]: Checking against Object 13000000001
[INFO] PDC_SERVER[10]: Checking against Object 14000000000
[INFO] PDC_SERVER[10]: Object 1000000000 NOT found in cache
[INFO] PDC_SERVER[10]: Fetching region from server for obj_id=1000000000
[INFO] PDC_SERVER[19]: Checking against Object 11000000001
[INFO] PDC_SERVER[19]: Checking against Object 12000000001
[INFO] PDC_SERVER[19]: Checking against Object 13000000000
[INFO] PDC_SERVER[19]: Checking against Object 12000000002
[INFO] PDC_SERVER[19]: Checking against Object 13000000001
[INFO] PDC_SERVER[19]: Checking against Object 14000000000
[INFO] PDC_SERVER[19]: Object 1000000000 NOT found in cache
[INFO] PDC_SERVER[19]: Fetching region from server for obj_id=1000000000
[13:55:47.111409] [WARNING] [pdc_tf_server.c:393] PDC_SERVER[5]: SCHED: setting CUDA device to 0 for edge 0 func=zfp_decompress
[13:55:47.111455] [WARNING] [pdc_tf_server.c:401] PDC_SERVER[5]: SCHED: executing edge 0 func=zfp_decompress dev=GPU
[13:55:47.111558] [WARNING] [pdc_tf_server.c:475] PDC_SERVER[0]: SCHED: done running transformations
[13:55:47.111771] [WARNING] [pdc_tf_server.c:393] PDC_SERVER[27]: SCHED: setting CUDA device to 0 for edge 0 func=zfp_decompress
[13:55:47.111789] [WARNING] [pdc_tf_server.c:401] PDC_SERVER[27]: SCHED: executing edge 0 func=zfp_decompress dev=GPU
[INFO] PDC_SERVER[24]: Fetching region for obj_id=1000000000
[INFO] PDC_SERVER[24]: Checking against Object 10000000000
[INFO] PDC_SERVER[24]: Checking against Object 11000000000
[INFO] PDC_SERVER[24]: Checking against Object 12000000000
[INFO] PDC_SERVER[24]: Checking against Object 11000000001
[INFO] PDC_SERVER[24]: Checking against Object 12000000001
[INFO] PDC_SERVER[24]: Checking against Object 13000000000
[INFO] PDC_SERVER[24]: Checking against Object 12000000002
[INFO] PDC_SERVER[24]: Checking against Object 13000000001
[INFO] PDC_SERVER[24]: Checking against Object 14000000000
[INFO] PDC_SERVER[24]: Object 1000000000 NOT found in cache
[INFO] PDC_SERVER[24]: Fetching region from server for obj_id=1000000000
[INFO] PDC_SERVER[1]: Fetching region for obj_id=1000000000
[INFO] PDC_SERVER[1]: Checking against Object 10000000000
[INFO] PDC_SERVER[1]: Checking against Object 11000000000
[INFO] PDC_SERVER[1]: Checking against Object 12000000000
[INFO] PDC_SERVER[1]: Checking against Object 11000000001
[INFO] PDC_SERVER[1]: Checking against Object 12000000001
[INFO] PDC_SERVER[1]: Checking against Object 13000000000
[INFO] PDC_SERVER[1]: Checking against Object 12000000002
[INFO] PDC_SERVER[1]: Checking against Object 13000000001
[INFO] PDC_SERVER[1]: Checking against Object 14000000000
[INFO] PDC_SERVER[1]: Object 1000000000 NOT found in cache
[INFO] PDC_SERVER[1]: Fetching region from server for obj_id=1000000000
[13:55:47.112853] [WARNING] [pdc_tf_server.c:393] PDC_SERVER[17]: SCHED: setting CUDA device to 0 for edge 0 func=zfp_decompress
[13:55:47.112881] [WARNING] [pdc_tf_server.c:401] PDC_SERVER[17]: SCHED: executing edge 0 func=zfp_decompress dev=GPU
[13:55:47.113603] [WARNING] [pdc_tf_server.c:393] PDC_SERVER[20]: SCHED: setting CUDA device to 0 for edge 0 func=zfp_decompress
[13:55:47.113621] [WARNING] [pdc_tf_server.c:401] PDC_SERVER[20]: SCHED: executing edge 0 func=zfp_decompress dev=GPU
[13:55:47.114154] [WARNING] [pdc_tf_server.c:393] PDC_SERVER[22]: SCHED: setting CUDA device to 0 for edge 0 func=zfp_decompress
[13:55:47.114174] [WARNING] [pdc_tf_server.c:401] PDC_SERVER[22]: SCHED: executing edge 0 func=zfp_decompress dev=GPU
[13:55:47.114242] [WARNING] [pdc_tf_server.c:475] PDC_SERVER[23]: SCHED: done running transformations
[INFO] PDC_SERVER[12]: Fetching region for obj_id=1000000000
[INFO] PDC_SERVER[12]: Checking against Object 10000000000
[INFO] PDC_SERVER[12]: Checking against Object 11000000000
[INFO] PDC_SERVER[12]: Checking against Object 12000000000
[INFO] PDC_SERVER[12]: Checking against Object 11000000001
[INFO] PDC_SERVER[12]: Checking against Object 12000000001
[INFO] PDC_SERVER[12]: Checking against Object 13000000000
[INFO] PDC_SERVER[12]: Checking against Object 12000000002
[INFO] PDC_SERVER[12]: Checking against Object 13000000001
[INFO] PDC_SERVER[12]: Checking against Object 14000000000
[INFO] PDC_SERVER[12]: Object 1000000000 NOT found in cache
[13:55:47.114256] [WARNING] [pdc_tf_server.c:475] PDC_SERVER[14]: SCHED: done running transformations
[INFO] PDC_SERVER[12]: Fetching region from server for obj_id=1000000000
[INFO] PDC_SERVER[3]: Fetching region for obj_id=1000000000
[INFO] PDC_SERVER[3]: Checking against Object 10000000000
[INFO] PDC_SERVER[3]: Checking against Object 11000000000
[INFO] PDC_SERVER[3]: Checking against Object 12000000000
[INFO] PDC_SERVER[3]: Checking against Object 11000000001
[INFO] PDC_SERVER[3]: Checking against Object 12000000001
[INFO] PDC_SERVER[3]: Checking against Object 13000000000
[INFO] PDC_SERVER[3]: Checking against Object 12000000002
[INFO] PDC_SERVER[3]: Checking against Object 13000000001
[INFO] PDC_SERVER[3]: Checking against Object 14000000000
[INFO] PDC_SERVER[3]: Object 1000000000 NOT found in cache
[INFO] PDC_SERVER[3]: Fetching region from server for obj_id=1000000000
[INFO] PDC_SERVER[9]: Fetching region for obj_id=1000000000
[INFO] PDC_SERVER[9]: Checking against Object 10000000000
[INFO] PDC_SERVER[9]: Checking against Object 11000000000
[INFO] PDC_SERVER[9]: Checking against Object 12000000000
[INFO] PDC_SERVER[9]: Checking against Object 11000000001
[INFO] PDC_SERVER[9]: Checking against Object 12000000001
[INFO] PDC_SERVER[9]: Checking against Object 13000000000
[INFO] PDC_SERVER[9]: Checking against Object 12000000002
[INFO] PDC_SERVER[9]: Checking against Object 13000000001
[INFO] PDC_SERVER[9]: Checking against Object 14000000000
[INFO] PDC_SERVER[9]: Object 1000000000 NOT found in cache
[INFO] PDC_SERVER[9]: Fetching region from server for obj_id=1000000000
[13:55:47.116521] [WARNING] [pdc_tf_server.c:475] PDC_SERVER[18]: SCHED: done running transformations
[13:55:47.117758] [WARNING] [pdc_tf_server.c:393] PDC_SERVER[6]: SCHED: setting CUDA device to 0 for edge 0 func=zfp_decompress
[13:55:47.117791] [WARNING] [pdc_tf_server.c:401] PDC_SERVER[6]: SCHED: executing edge 0 func=zfp_decompress dev=GPU
[INFO] PDC_SERVER[0]: Fetching region for obj_id=1000000000
[INFO] PDC_SERVER[0]: Checking against Object 10000000000
[INFO] PDC_SERVER[0]: Checking against Object 11000000000
[13:55:47.117803] [WARNING] [pdc_tf_server.c:393] PDC_SERVER[7]: SCHED: setting CUDA device to 0 for edge 0 func=zfp_decompress
[13:55:47.117819] [WARNING] [pdc_tf_server.c:401] PDC_SERVER[7]: SCHED: executing edge 0 func=zfp_decompress dev=GPU
[INFO] PDC_SERVER[0]: Checking against Object 12000000000
[INFO] PDC_SERVER[0]: Checking against Object 11000000001
[INFO] PDC_SERVER[0]: Checking against Object 12000000001
[INFO] PDC_SERVER[0]: Checking against Object 13000000000
[INFO] PDC_SERVER[0]: Checking against Object 12000000002
[INFO] PDC_SERVER[0]: Checking against Object 13000000001
[INFO] PDC_SERVER[0]: Checking against Object 14000000000
[INFO] PDC_SERVER[0]: Object 1000000000 NOT found in cache
[INFO] PDC_SERVER[0]: Fetching region from server for obj_id=1000000000
[13:55:47.119116] [WARNING] [pdc_tf_server.c:393] PDC_SERVER[13]: SCHED: setting CUDA device to 0 for edge 0 func=zfp_decompress
[13:55:47.119137] [WARNING] [pdc_tf_server.c:401] PDC_SERVER[13]: SCHED: executing edge 0 func=zfp_decompress dev=GPU
[INFO] PDC_SERVER[23]: Fetching region for obj_id=1000000000
[INFO] PDC_SERVER[23]: Checking against Object 10000000000
[INFO] PDC_SERVER[23]: Checking against Object 11000000000
[INFO] PDC_SERVER[23]: Checking against Object 12000000000
[INFO] PDC_SERVER[23]: Checking against Object 11000000001
[INFO] PDC_SERVER[23]: Checking against Object 12000000001
[INFO] PDC_SERVER[23]: Checking against Object 13000000000
[INFO] PDC_SERVER[23]: Checking against Object 12000000002
[INFO] PDC_SERVER[23]: Checking against Object 13000000001
[INFO] PDC_SERVER[23]: Checking against Object 14000000000
[INFO] PDC_SERVER[23]: Object 1000000000 NOT found in cache
[INFO] PDC_SERVER[23]: Fetching region from server for obj_id=1000000000
[INFO] PDC_SERVER[14]: Fetching region for obj_id=1000000000
[INFO] PDC_SERVER[14]: Checking against Object 10000000000
[INFO] PDC_SERVER[14]: Checking against Object 11000000000
[INFO] PDC_SERVER[14]: Checking against Object 12000000000
[INFO] PDC_SERVER[14]: Checking against Object 11000000001
[INFO] PDC_SERVER[14]: Checking against Object 12000000001
[INFO] PDC_SERVER[14]: Checking against Object 13000000000
[INFO] PDC_SERVER[14]: Checking against Object 12000000002
[INFO] PDC_SERVER[14]: Checking against Object 13000000001
[INFO] PDC_SERVER[14]: Checking against Object 14000000000
[INFO] PDC_SERVER[14]: Object 1000000000 NOT found in cache
[INFO] PDC_SERVER[14]: Fetching region from server for obj_id=1000000000
[13:55:47.121145] [WARNING] [pdc_tf_server.c:475] PDC_SERVER[4]: SCHED: done running transformations
[13:55:47.122054] [WARNING] [pdc_tf_server.c:393] PDC_SERVER[29]: SCHED: setting CUDA device to 0 for edge 0 func=zfp_decompress
[13:55:47.122076] [WARNING] [pdc_tf_server.c:401] PDC_SERVER[29]: SCHED: executing edge 0 func=zfp_decompress dev=GPU
[13:55:47.122634] [WARNING] [pdc_tf_server.c:475] PDC_SERVER[11]: SCHED: done running transformations
[13:55:47.122827] [WARNING] [pdc_tf_server.c:475] PDC_SERVER[26]: SCHED: done running transformations
[13:55:47.122883] [WARNING] [pdc_tf_server.c:393] PDC_SERVER[15]: SCHED: setting CUDA device to 0 for edge 0 func=zfp_decompress
[13:55:47.122908] [WARNING] [pdc_tf_server.c:401] PDC_SERVER[15]: SCHED: executing edge 0 func=zfp_decompress dev=GPU
[13:55:47.123127] [WARNING] [pdc_tf_server.c:475] PDC_SERVER[25]: SCHED: done running transformations
[13:55:47.123265] [WARNING] [pdc_tf_server.c:475] PDC_SERVER[31]: SCHED: done running transformations
[INFO] PDC_SERVER[18]: Fetching region for obj_id=1000000000
[INFO] PDC_SERVER[18]: Checking against Object 10000000000
[INFO] PDC_SERVER[18]: Checking against Object 11000000000
[INFO] PDC_SERVER[18]: Checking against Object 12000000000
[INFO] PDC_SERVER[18]: Checking against Object 11000000001
[INFO] PDC_SERVER[18]: Checking against Object 12000000001
[INFO] PDC_SERVER[18]: Checking against Object 13000000000
[INFO] PDC_SERVER[18]: Checking against Object 12000000002
[INFO] PDC_SERVER[18]: Checking against Object 13000000001
[INFO] PDC_SERVER[18]: Checking against Object 14000000000
[INFO] PDC_SERVER[18]: Object 1000000000 NOT found in cache
[INFO] PDC_SERVER[18]: Fetching region from server for obj_id=1000000000
[13:55:47.124585] [WARNING] [pdc_tf_server.c:393] PDC_SERVER[2]: SCHED: setting CUDA device to 0 for edge 0 func=zfp_decompress
[13:55:47.124607] [WARNING] [pdc_tf_server.c:401] PDC_SERVER[2]: SCHED: executing edge 0 func=zfp_decompress dev=GPU
[13:55:47.124877] [WARNING] [pdc_tf_server.c:475] PDC_SERVER[5]: SCHED: done running transformations
[13:55:47.125774] [WARNING] [pdc_tf_server.c:393] PDC_SERVER[16]: SCHED: setting CUDA device to 0 for edge 0 func=zfp_decompress
[13:55:47.125796] [WARNING] [pdc_tf_server.c:393] PDC_SERVER[21]: SCHED: setting CUDA device to 0 for edge 0 func=zfp_decompress
[13:55:47.125804] [WARNING] [pdc_tf_server.c:401] PDC_SERVER[16]: SCHED: executing edge 0 func=zfp_decompress dev=GPU
[13:55:47.125818] [WARNING] [pdc_tf_server.c:401] PDC_SERVER[21]: SCHED: executing edge 0 func=zfp_decompress dev=GPU
[13:55:47.125857] [WARNING] [pdc_tf_server.c:475] PDC_SERVER[30]: SCHED: done running transformations
[13:55:47.127071] [WARNING] [pdc_tf_server.c:393] PDC_SERVER[10]: SCHED: setting CUDA device to 0 for edge 0 func=zfp_decompress
[13:55:47.127087] [WARNING] [pdc_tf_server.c:401] PDC_SERVER[10]: SCHED: executing edge 0 func=zfp_decompress dev=GPU
[13:55:47.127301] [WARNING] [pdc_tf_server.c:475] PDC_SERVER[27]: SCHED: done running transformations
[13:55:47.127373] [WARNING] [pdc_tf_server.c:393] PDC_SERVER[19]: SCHED: setting CUDA device to 0 for edge 0 func=zfp_decompress
[13:55:47.127394] [WARNING] [pdc_tf_server.c:401] PDC_SERVER[19]: SCHED: executing edge 0 func=zfp_decompress dev=GPU
[13:55:47.127589] [WARNING] [pdc_tf_server.c:393] PDC_SERVER[8]: SCHED: setting CUDA device to 0 for edge 0 func=zfp_decompress
[13:55:47.127617] [WARNING] [pdc_tf_server.c:401] PDC_SERVER[8]: SCHED: executing edge 0 func=zfp_decompress dev=GPU
[13:55:47.128655] [WARNING] [pdc_tf_server.c:475] PDC_SERVER[22]: SCHED: done running transformations
[13:55:47.128996] [WARNING] [pdc_tf_server.c:393] PDC_SERVER[24]: SCHED: setting CUDA device to 0 for edge 0 func=zfp_decompress
[13:55:47.129024] [WARNING] [pdc_tf_server.c:401] PDC_SERVER[24]: SCHED: executing edge 0 func=zfp_decompress dev=GPU
[13:55:47.129120] [WARNING] [pdc_tf_server.c:475] PDC_SERVER[20]: SCHED: done running transformations
[13:55:47.129322] [WARNING] [pdc_tf_server.c:393] PDC_SERVER[28]: SCHED: setting CUDA device to 0 for edge 0 func=zfp_decompress
[13:55:47.129353] [WARNING] [pdc_tf_server.c:401] PDC_SERVER[28]: SCHED: executing edge 0 func=zfp_decompress dev=GPU
[13:55:47.129878] [WARNING] [pdc_tf_server.c:393] PDC_SERVER[1]: SCHED: setting CUDA device to 0 for edge 0 func=zfp_decompress
[13:55:47.129899] [WARNING] [pdc_tf_server.c:401] PDC_SERVER[1]: SCHED: executing edge 0 func=zfp_decompress dev=GPU
[INFO] PDC_SERVER[31]: Fetching region for obj_id=1000000000
[INFO] PDC_SERVER[31]: Checking against Object 10000000000
[INFO] PDC_SERVER[31]: Checking against Object 11000000000
[INFO] PDC_SERVER[31]: Checking against Object 12000000000
[INFO] PDC_SERVER[31]: Checking against Object 11000000001
[INFO] PDC_SERVER[31]: Checking against Object 12000000001
[INFO] PDC_SERVER[31]: Checking against Object 13000000000
[INFO] PDC_SERVER[31]: Checking against Object 12000000002
[INFO] PDC_SERVER[31]: Checking against Object 13000000001
[INFO] PDC_SERVER[31]: Checking against Object 14000000000
[INFO] PDC_SERVER[31]: Object 1000000000 NOT found in cache
[INFO] PDC_SERVER[31]: Fetching region from server for obj_id=1000000000
[13:55:47.131707] [WARNING] [pdc_tf_server.c:475] PDC_SERVER[17]: SCHED: done running transformations
[13:55:47.131575] [WARNING] [pdc_tf_server.c:393] PDC_SERVER[3]: SCHED: setting CUDA device to 0 for edge 0 func=zfp_decompress
[13:55:47.131607] [WARNING] [pdc_tf_server.c:401] PDC_SERVER[3]: SCHED: executing edge 0 func=zfp_decompress dev=GPU
[INFO] PDC_SERVER[26]: Fetching region for obj_id=1000000000
[INFO] PDC_SERVER[26]: Checking against Object 10000000000
[INFO] PDC_SERVER[26]: Checking against Object 11000000000
[INFO] PDC_SERVER[26]: Checking against Object 12000000000
[INFO] PDC_SERVER[26]: Checking against Object 11000000001
[INFO] PDC_SERVER[26]: Checking against Object 12000000001
[INFO] PDC_SERVER[26]: Checking against Object 13000000000
[INFO] PDC_SERVER[26]: Checking against Object 12000000002
[INFO] PDC_SERVER[26]: Checking against Object 13000000001
[INFO] PDC_SERVER[26]: Checking against Object 14000000000
[INFO] PDC_SERVER[26]: Object 1000000000 NOT found in cache
[INFO] PDC_SERVER[26]: Fetching region from server for obj_id=1000000000
[INFO] PDC_SERVER[25]: Fetching region for obj_id=1000000000
[INFO] PDC_SERVER[25]: Checking against Object 10000000000
[13:55:47.132224] [WARNING] [pdc_tf_server.c:475] PDC_SERVER[15]: SCHED: done running transformations
[INFO] PDC_SERVER[25]: Checking against Object 11000000000
[INFO] PDC_SERVER[25]: Checking against Object 12000000000
[INFO] PDC_SERVER[25]: Checking against Object 11000000001
[INFO] PDC_SERVER[25]: Checking against Object 12000000001
[INFO] PDC_SERVER[25]: Checking against Object 13000000000
[INFO] PDC_SERVER[25]: Checking against Object 12000000002
[INFO] PDC_SERVER[25]: Checking against Object 13000000001
[INFO] PDC_SERVER[25]: Checking against Object 14000000000
[INFO] PDC_SERVER[25]: Object 1000000000 NOT found in cache
[INFO] PDC_SERVER[25]: Fetching region from server for obj_id=1000000000
[INFO] PDC_SERVER[11]: Fetching region for obj_id=1000000000
[INFO] PDC_SERVER[11]: Checking against Object 10000000000
[INFO] PDC_SERVER[11]: Checking against Object 11000000000
[INFO] PDC_SERVER[11]: Checking against Object 12000000000
[INFO] PDC_SERVER[11]: Checking against Object 11000000001
[INFO] PDC_SERVER[11]: Checking against Object 12000000001
[INFO] PDC_SERVER[11]: Checking against Object 13000000000
[INFO] PDC_SERVER[11]: Checking against Object 12000000002
[INFO] PDC_SERVER[11]: Checking against Object 13000000001
[INFO] PDC_SERVER[11]: Checking against Object 14000000000
[INFO] PDC_SERVER[11]: Object 1000000000 NOT found in cache
[INFO] PDC_SERVER[11]: Fetching region from server for obj_id=1000000000
[INFO] PDC_SERVER[27]: Fetching region for obj_id=1000000000
[INFO] PDC_SERVER[27]: Checking against Object 10000000000
[INFO] PDC_SERVER[27]: Checking against Object 11000000000
[13:55:47.133957] [WARNING] [pdc_tf_server.c:475] PDC_SERVER[13]: SCHED: done running transformations
[INFO] PDC_SERVER[20]: Fetching region for obj_id=1000000000
[INFO] PDC_SERVER[20]: Checking against Object 10000000000
[INFO] PDC_SERVER[20]: Checking against Object 11000000000
[INFO] PDC_SERVER[27]: Checking against Object 12000000000
[INFO] PDC_SERVER[27]: Checking against Object 11000000001
[INFO] PDC_SERVER[27]: Checking against Object 12000000001
[INFO] PDC_SERVER[27]: Checking against Object 13000000000
[INFO] PDC_SERVER[27]: Checking against Object 12000000002
[INFO] PDC_SERVER[20]: Checking against Object 12000000000
[INFO] PDC_SERVER[20]: Checking against Object 11000000001
[INFO] PDC_SERVER[20]: Checking against Object 12000000001
[INFO] PDC_SERVER[20]: Checking against Object 13000000000
[INFO] PDC_SERVER[27]: Checking against Object 13000000001
[INFO] PDC_SERVER[27]: Checking against Object 14000000000
[INFO] PDC_SERVER[27]: Object 1000000000 NOT found in cache
[INFO] PDC_SERVER[27]: Fetching region from server for obj_id=1000000000
[INFO] PDC_SERVER[20]: Checking against Object 12000000002
[INFO] PDC_SERVER[20]: Checking against Object 13000000001
[INFO] PDC_SERVER[20]: Checking against Object 14000000000
[INFO] PDC_SERVER[20]: Object 1000000000 NOT found in cache
[INFO] PDC_SERVER[20]: Fetching region from server for obj_id=1000000000
[INFO] PDC_SERVER[22]: Fetching region for obj_id=1000000000
[INFO] PDC_SERVER[22]: Checking against Object 10000000000
[INFO] PDC_SERVER[22]: Checking against Object 11000000000
[INFO] PDC_SERVER[22]: Checking against Object 12000000000
[INFO] PDC_SERVER[22]: Checking against Object 11000000001
[INFO] PDC_SERVER[22]: Checking against Object 12000000001
[INFO] PDC_SERVER[22]: Checking against Object 13000000000
[INFO] PDC_SERVER[22]: Checking against Object 12000000002
[INFO] PDC_SERVER[30]: Fetching region for obj_id=1000000000
[INFO] PDC_SERVER[30]: Checking against Object 10000000000
[INFO] PDC_SERVER[22]: Checking against Object 13000000001
[INFO] PDC_SERVER[22]: Checking against Object 14000000000
[INFO] PDC_SERVER[22]: Object 1000000000 NOT found in cache
[INFO] PDC_SERVER[22]: Fetching region from server for obj_id=1000000000
[INFO] PDC_SERVER[0]: Executing graph with json filepath /pscratch/sd/n/nlewi26/src/work_space/source/pdc/tf_client/graphs/zfp_gpu.json
[13:55:47.134426] [WARNING] [pdc_tf_server.c:393] PDC_SERVER[0]: SCHED: setting CUDA device to 0 for edge 0 func=zfp_decompress
[INFO] PDC_SERVER[30]: Checking against Object 11000000000
[INFO] PDC_SERVER[30]: Checking against Object 12000000000
[INFO] PDC_SERVER[30]: Checking against Object 11000000001
[INFO] PDC_SERVER[30]: Checking against Object 12000000001
[13:55:47.134449] [WARNING] [pdc_tf_server.c:401] PDC_SERVER[0]: SCHED: executing edge 0 func=zfp_decompress dev=GPU
[INFO] PDC_SERVER[30]: Checking against Object 13000000000
[INFO] PDC_SERVER[30]: Checking against Object 12000000002
[INFO] PDC_SERVER[30]: Checking against Object 13000000001
[INFO] PDC_SERVER[30]: Checking against Object 14000000000
[INFO] PDC_SERVER[30]: Object 1000000000 NOT found in cache
[INFO] PDC_SERVER[30]: Fetching region from server for obj_id=1000000000
[13:55:47.135004] [WARNING] [pdc_tf_server.c:393] PDC_SERVER[9]: SCHED: setting CUDA device to 0 for edge 0 func=zfp_decompress
[13:55:47.135033] [WARNING] [pdc_tf_server.c:401] PDC_SERVER[9]: SCHED: executing edge 0 func=zfp_decompress dev=GPU
[13:55:47.135072] [WARNING] [pdc_tf_server.c:393] PDC_SERVER[12]: SCHED: setting CUDA device to 0 for edge 0 func=zfp_decompress
[13:55:47.135093] [WARNING] [pdc_tf_server.c:401] PDC_SERVER[12]: SCHED: executing edge 0 func=zfp_decompress dev=GPU
[INFO] PDC_SERVER[5]: Fetching region for obj_id=1000000000
[INFO] PDC_SERVER[5]: Checking against Object 10000000000
[INFO] PDC_SERVER[5]: Checking against Object 11000000000
[INFO] PDC_SERVER[5]: Checking against Object 12000000000
[INFO] PDC_SERVER[5]: Checking against Object 11000000001
[INFO] PDC_SERVER[5]: Checking against Object 12000000001
[INFO] PDC_SERVER[5]: Checking against Object 13000000000
[INFO] PDC_SERVER[5]: Checking against Object 12000000002
[INFO] PDC_SERVER[5]: Checking against Object 13000000001
[INFO] PDC_SERVER[5]: Checking against Object 14000000000
[INFO] PDC_SERVER[5]: Object 1000000000 NOT found in cache
[INFO] PDC_SERVER[5]: Fetching region from server for obj_id=1000000000
[13:55:47.135703] [WARNING] [pdc_tf_server.c:475] PDC_SERVER[7]: SCHED: done running transformations
[13:55:47.138151] [WARNING] [pdc_tf_server.c:393] PDC_SERVER[14]: SCHED: setting CUDA device to 0 for edge 0 func=zfp_decompress
[13:55:47.138175] [WARNING] [pdc_tf_server.c:401] PDC_SERVER[14]: SCHED: executing edge 0 func=zfp_decompress dev=GPU
[13:55:47.138374] [WARNING] [pdc_tf_server.c:475] PDC_SERVER[6]: SCHED: done running transformations
[INFO] PDC_SERVER[17]: Fetching region for obj_id=1000000000
[INFO] PDC_SERVER[17]: Checking against Object 10000000000
[INFO] PDC_SERVER[17]: Checking against Object 11000000000
[INFO] PDC_SERVER[17]: Checking against Object 12000000000
[INFO] PDC_SERVER[17]: Checking against Object 11000000001
[INFO] PDC_SERVER[17]: Checking against Object 12000000001
[INFO] PDC_SERVER[17]: Checking against Object 13000000000
[INFO] PDC_SERVER[17]: Checking against Object 12000000002
[INFO] PDC_SERVER[17]: Checking against Object 13000000001
[INFO] PDC_SERVER[17]: Checking against Object 14000000000
[INFO] PDC_SERVER[17]: Object 1000000000 NOT found in cache
[INFO] PDC_SERVER[17]: Fetching region from server for obj_id=1000000000
[13:55:47.141823] [WARNING] [pdc_tf_server.c:475] PDC_SERVER[2]: SCHED: done running transformations
[13:55:47.142324] [WARNING] [pdc_tf_server.c:475] PDC_SERVER[29]: SCHED: done running transformations
[13:55:47.143094] [WARNING] [pdc_tf_server.c:393] PDC_SERVER[23]: SCHED: setting CUDA device to 0 for edge 0 func=zfp_decompress
[13:55:47.143124] [WARNING] [pdc_tf_server.c:401] PDC_SERVER[23]: SCHED: executing edge 0 func=zfp_decompress dev=GPU
[13:55:47.143426] [WARNING] [pdc_tf_server.c:475] PDC_SERVER[24]: SCHED: done running transformations
[INFO] PDC_SERVER[7]: Fetching region for obj_id=1000000000
[INFO] PDC_SERVER[7]: Checking against Object 10000000000
[INFO] PDC_SERVER[7]: Checking against Object 11000000000
[INFO] PDC_SERVER[7]: Checking against Object 12000000000
[INFO] PDC_SERVER[7]: Checking against Object 11000000001
[INFO] PDC_SERVER[7]: Checking against Object 12000000001
[13:55:47.144412] [WARNING] [pdc_tf_server.c:475] PDC_SERVER[28]: SCHED: done running transformations
[INFO] PDC_SERVER[7]: Checking against Object 13000000000
[INFO] PDC_SERVER[7]: Checking against Object 12000000002
[INFO] PDC_SERVER[7]: Checking against Object 13000000001
[INFO] PDC_SERVER[7]: Checking against Object 14000000000
[INFO] PDC_SERVER[7]: Object 1000000000 NOT found in cache
[INFO] PDC_SERVER[7]: Fetching region from server for obj_id=1000000000
[13:55:47.145130] [WARNING] [pdc_tf_server.c:475] PDC_SERVER[19]: SCHED: done running transformations
[13:55:47.145646] [WARNING] [pdc_tf_server.c:475] PDC_SERVER[16]: SCHED: done running transformations
[13:55:47.146289] [WARNING] [pdc_tf_server.c:393] PDC_SERVER[18]: SCHED: setting CUDA device to 0 for edge 0 func=zfp_decompress
[13:55:47.146314] [WARNING] [pdc_tf_server.c:401] PDC_SERVER[18]: SCHED: executing edge 0 func=zfp_decompress dev=GPU
[INFO] PDC_SERVER[13]: Fetching region for obj_id=1000000000
[INFO] PDC_SERVER[13]: Checking against Object 10000000000
[INFO] PDC_SERVER[13]: Checking against Object 11000000000
[INFO] PDC_SERVER[13]: Checking against Object 12000000000
[INFO] PDC_SERVER[13]: Checking against Object 11000000001
[INFO] PDC_SERVER[13]: Checking against Object 12000000001
[INFO] PDC_SERVER[13]: Checking against Object 13000000000
[INFO] PDC_SERVER[13]: Checking against Object 12000000002
[INFO] PDC_SERVER[13]: Checking against Object 13000000001
[INFO] PDC_SERVER[13]: Checking against Object 14000000000
[INFO] PDC_SERVER[13]: Object 1000000000 NOT found in cache
[INFO] PDC_SERVER[13]: Fetching region from server for obj_id=1000000000
[13:55:47.147771] [WARNING] [pdc_tf_server.c:475] PDC_SERVER[21]: SCHED: done running transformations
[13:55:47.147990] [WARNING] [pdc_tf_server.c:475] PDC_SERVER[10]: SCHED: done running transformations
[13:55:47.148787] [WARNING] [pdc_tf_server.c:475] PDC_SERVER[1]: SCHED: done running transformations
[INFO] PDC_SERVER[2]: Fetching region for obj_id=1000000000
[INFO] PDC_SERVER[2]: Checking against Object 10000000000
[INFO] PDC_SERVER[2]: Checking against Object 11000000000
[INFO] PDC_SERVER[2]: Checking against Object 12000000000
[INFO] PDC_SERVER[2]: Checking against Object 11000000001
[INFO] PDC_SERVER[2]: Checking against Object 12000000001
[INFO] PDC_SERVER[2]: Checking against Object 13000000000
[INFO] PDC_SERVER[2]: Checking against Object 12000000002
[INFO] PDC_SERVER[2]: Checking against Object 13000000001
[INFO] PDC_SERVER[2]: Checking against Object 14000000000
[INFO] PDC_SERVER[2]: Object 1000000000 NOT found in cache
[INFO] PDC_SERVER[2]: Fetching region from server for obj_id=1000000000
[13:55:47.149661] [WARNING] [pdc_tf_server.c:393] PDC_SERVER[26]: SCHED: setting CUDA device to 0 for edge 0 func=zfp_decompress
[13:55:47.149687] [WARNING] [pdc_tf_server.c:401] PDC_SERVER[26]: SCHED: executing edge 0 func=zfp_decompress dev=GPU
[13:55:47.149705] [WARNING] [pdc_tf_server.c:393] PDC_SERVER[25]: SCHED: setting CUDA device to 0 for edge 0 func=zfp_decompress
[13:55:47.149732] [WARNING] [pdc_tf_server.c:401] PDC_SERVER[25]: SCHED: executing edge 0 func=zfp_decompress dev=GPU
[13:55:47.150375] [WARNING] [pdc_tf_server.c:393] PDC_SERVER[20]: SCHED: setting CUDA device to 0 for edge 0 func=zfp_decompress
[13:55:47.150395] [WARNING] [pdc_tf_server.c:401] PDC_SERVER[20]: SCHED: executing edge 0 func=zfp_decompress dev=GPU
[13:55:47.151156] [WARNING] [pdc_tf_server.c:475] PDC_SERVER[14]: SCHED: done running transformations
[13:55:47.151809] [WARNING] [pdc_tf_server.c:475] PDC_SERVER[8]: SCHED: done running transformations
[13:55:47.151882] [WARNING] [pdc_tf_server.c:393] PDC_SERVER[27]: SCHED: setting CUDA device to 0 for edge 0 func=zfp_decompress
[13:55:47.151929] [WARNING] [pdc_tf_server.c:401] PDC_SERVER[27]: SCHED: executing edge 0 func=zfp_decompress dev=GPU
[13:55:47.152136] [WARNING] [pdc_tf_server.c:475] PDC_SERVER[9]: SCHED: done running transformations
[13:55:47.153566] [WARNING] [pdc_tf_server.c:393] PDC_SERVER[30]: SCHED: setting CUDA device to 0 for edge 0 func=zfp_decompress
[13:55:47.153593] [WARNING] [pdc_tf_server.c:401] PDC_SERVER[30]: SCHED: executing edge 0 func=zfp_decompress dev=GPU
[13:55:47.154576] [WARNING] [pdc_tf_server.c:393] PDC_SERVER[31]: SCHED: setting CUDA device to 0 for edge 0 func=zfp_decompress
[13:55:47.154607] [WARNING] [pdc_tf_server.c:401] PDC_SERVER[31]: SCHED: executing edge 0 func=zfp_decompress dev=GPU
[13:55:47.154907] [WARNING] [pdc_tf_server.c:475] PDC_SERVER[3]: SCHED: done running transformations
[13:55:47.155053] [WARNING] [pdc_tf_server.c:475] PDC_SERVER[0]: SCHED: done running transformations
[13:55:47.155232] [WARNING] [pdc_tf_server.c:393] PDC_SERVER[11]: SCHED: setting CUDA device to 0 for edge 0 func=zfp_decompress
[13:55:47.155258] [WARNING] [pdc_tf_server.c:401] PDC_SERVER[11]: SCHED: executing edge 0 func=zfp_decompress dev=GPU
[13:55:47.155653] [WARNING] [pdc_tf_server.c:393] PDC_SERVER[5]: SCHED: setting CUDA device to 0 for edge 0 func=zfp_decompress
[13:55:47.155703] [WARNING] [pdc_tf_server.c:401] PDC_SERVER[5]: SCHED: executing edge 0 func=zfp_decompress dev=GPU
[13:55:47.156099] [WARNING] [pdc_tf_server.c:393] PDC_SERVER[22]: SCHED: setting CUDA device to 0 for edge 0 func=zfp_decompress
[13:55:47.156137] [WARNING] [pdc_tf_server.c:401] PDC_SERVER[22]: SCHED: executing edge 0 func=zfp_decompress dev=GPU
[13:55:47.156233] [WARNING] [pdc_tf_server.c:475] PDC_SERVER[12]: SCHED: done running transformations
[INFO] PDC_SERVER[21]: Fetching region for obj_id=1000000000
[INFO] PDC_SERVER[21]: Checking against Object 10000000000
[INFO] PDC_SERVER[21]: Checking against Object 11000000000
[INFO] PDC_SERVER[21]: Checking against Object 12000000000
[INFO] PDC_SERVER[21]: Checking against Object 11000000001
[INFO] PDC_SERVER[21]: Checking against Object 12000000001
[INFO] PDC_SERVER[21]: Checking against Object 13000000000
[INFO] PDC_SERVER[21]: Checking against Object 12000000002
[INFO] PDC_SERVER[21]: Checking against Object 13000000001
[INFO] PDC_SERVER[21]: Checking against Object 14000000000
[INFO] PDC_SERVER[21]: Object 1000000000 NOT found in cache
[INFO] PDC_SERVER[21]: Fetching region from server for obj_id=1000000000
[13:55:47.163032] [WARNING] [pdc_tf_server.c:393] PDC_SERVER[7]: SCHED: setting CUDA device to 0 for edge 0 func=zfp_decompress
[13:55:47.163054] [WARNING] [pdc_tf_server.c:401] PDC_SERVER[7]: SCHED: executing edge 0 func=zfp_decompress dev=GPU
[13:55:47.163683] [WARNING] [pdc_tf_server.c:475] PDC_SERVER[23]: SCHED: done running transformations
[13:55:47.167409] [WARNING] [pdc_tf_server.c:475] PDC_SERVER[20]: SCHED: done running transformations
[INFO] PDC_SERVER[8]: Fetching region for obj_id=1000000000
[INFO] PDC_SERVER[8]: Checking against Object 10000000000
[INFO] PDC_SERVER[8]: Checking against Object 11000000000
[INFO] PDC_SERVER[8]: Checking against Object 12000000000
[INFO] PDC_SERVER[8]: Checking against Object 11000000001
[INFO] PDC_SERVER[8]: Checking against Object 12000000001
[INFO] PDC_SERVER[8]: Checking against Object 13000000000
[INFO] PDC_SERVER[8]: Checking against Object 12000000002
[INFO] PDC_SERVER[8]: Checking against Object 13000000001
[INFO] PDC_SERVER[8]: Checking against Object 14000000000
[INFO] PDC_SERVER[8]: Object 1000000000 NOT found in cache
[INFO] PDC_SERVER[8]: Fetching region from server for obj_id=1000000000
[13:55:47.169558] [WARNING] [pdc_tf_server.c:393] PDC_SERVER[13]: SCHED: setting CUDA device to 0 for edge 0 func=zfp_decompress
[13:55:47.169590] [WARNING] [pdc_tf_server.c:401] PDC_SERVER[13]: SCHED: executing edge 0 func=zfp_decompress dev=GPU
[13:55:47.170279] [WARNING] [pdc_tf_server.c:475] PDC_SERVER[18]: SCHED: done running transformations
[13:55:47.170825] [WARNING] [pdc_tf_server.c:475] PDC_SERVER[26]: SCHED: done running transformations
[13:55:47.171285] [WARNING] [pdc_tf_server.c:393] PDC_SERVER[2]: SCHED: setting CUDA device to 0 for edge 0 func=zfp_decompress
[13:55:47.171331] [WARNING] [pdc_tf_server.c:401] PDC_SERVER[2]: SCHED: executing edge 0 func=zfp_decompress dev=GPU
[INFO] PDC_SERVER[12]: Fetching region for obj_id=1000000000
[INFO] PDC_SERVER[12]: Checking against Object 10000000000
[INFO] PDC_SERVER[12]: Checking against Object 11000000000
[INFO] PDC_SERVER[12]: Checking against Object 12000000000
[INFO] PDC_SERVER[12]: Checking against Object 11000000001
[INFO] PDC_SERVER[12]: Checking against Object 12000000001
[INFO] PDC_SERVER[12]: Checking against Object 13000000000
[INFO] PDC_SERVER[12]: Checking against Object 12000000002
[INFO] PDC_SERVER[12]: Checking against Object 13000000001
[INFO] PDC_SERVER[12]: Checking against Object 14000000000
[INFO] PDC_SERVER[12]: Object 1000000000 NOT found in cache
[INFO] PDC_SERVER[12]: Fetching region from server for obj_id=1000000000
[13:55:47.171784] [WARNING] [pdc_tf_server.c:393] PDC_SERVER[17]: SCHED: setting CUDA device to 0 for edge 0 func=zfp_decompress
[13:55:47.171809] [WARNING] [pdc_tf_server.c:401] PDC_SERVER[17]: SCHED: executing edge 0 func=zfp_decompress dev=GPU
[13:55:47.173355] [WARNING] [pdc_tf_server.c:475] PDC_SERVER[22]: SCHED: done running transformations
[13:55:47.173534] [WARNING] [pdc_tf_server.c:475] PDC_SERVER[5]: SCHED: done running transformations
[13:55:47.176023] [WARNING] [pdc_tf_server.c:475] PDC_SERVER[11]: SCHED: done running transformations
[13:55:47.181086] [WARNING] [pdc_tf_server.c:475] PDC_SERVER[25]: SCHED: done running transformations
[13:55:47.181477] [WARNING] [pdc_tf_server.c:393] PDC_SERVER[21]: SCHED: setting CUDA device to 0 for edge 0 func=zfp_decompress
[13:55:47.181502] [WARNING] [pdc_tf_server.c:401] PDC_SERVER[21]: SCHED: executing edge 0 func=zfp_decompress dev=GPU
[13:55:47.182545] [WARNING] [pdc_tf_server.c:475] PDC_SERVER[30]: SCHED: done running transformations
[13:55:47.183127] [WARNING] [pdc_tf_server.c:475] PDC_SERVER[13]: SCHED: done running transformations
[13:55:47.184182] [WARNING] [pdc_tf_server.c:475] PDC_SERVER[7]: SCHED: done running transformations
[13:55:47.186993] [WARNING] [pdc_tf_server.c:475] PDC_SERVER[27]: SCHED: done running transformations
[13:55:47.188991] [WARNING] [pdc_tf_server.c:393] PDC_SERVER[8]: SCHED: setting CUDA device to 0 for edge 0 func=zfp_decompress
[13:55:47.189022] [WARNING] [pdc_tf_server.c:401] PDC_SERVER[8]: SCHED: executing edge 0 func=zfp_decompress dev=GPU
[13:55:47.189843] [WARNING] [pdc_tf_server.c:475] PDC_SERVER[31]: SCHED: done running transformations
[13:55:47.193584] [WARNING] [pdc_tf_server.c:475] PDC_SERVER[17]: SCHED: done running transformations
[13:55:47.199170] [WARNING] [pdc_tf_server.c:475] PDC_SERVER[2]: SCHED: done running transformations
[13:55:47.201554] [WARNING] [pdc_tf_server.c:393] PDC_SERVER[12]: SCHED: setting CUDA device to 0 for edge 0 func=zfp_decompress
[13:55:47.201581] [WARNING] [pdc_tf_server.c:401] PDC_SERVER[12]: SCHED: executing edge 0 func=zfp_decompress dev=GPU
[13:55:47.203857] [WARNING] [pdc_tf_server.c:475] PDC_SERVER[21]: SCHED: done running transformations
[13:55:47.204804] [WARNING] [pdc_tf_server.c:475] PDC_SERVER[8]: SCHED: done running transformations
[13:55:47.216063] [WARNING] [pdc_tf_server.c:475] PDC_SERVER[12]: SCHED: done running transformations
[INFO] PDC_SERVER[0]: Starting flush for obj_id 10000000000, ndim=3
[INFO] PDC_SERVER[0]: Starting flush for obj_id 11000000000, ndim=3
[INFO] PDC_SERVER[0]: Starting flush for obj_id 12000000000, ndim=3
[INFO] PDC_SERVER[0]: Starting flush for obj_id 11000000001, ndim=3
[INFO] PDC_SERVER[0]: Starting flush for obj_id 12000000001, ndim=3
[INFO] PDC_SERVER[0]: Starting flush for obj_id 13000000000, ndim=3
[INFO] PDC_SERVER[0]: Starting flush for obj_id 12000000002, ndim=3
[INFO] PDC_SERVER[0]: Starting flush for obj_id 13000000001, ndim=3
[INFO] PDC_SERVER[0]: Starting flush for obj_id 14000000000, ndim=3
[INFO] PDC_SERVER[0]: Starting flush for obj_id 10000000000, ndim=3
[INFO] PDC_SERVER[0]: Starting flush for obj_id 11000000000, ndim=3
[INFO] PDC_SERVER[0]: Starting flush for obj_id 12000000000, ndim=3
[INFO] PDC_SERVER[0]: Starting flush for obj_id 11000000001, ndim=3
[INFO] PDC_SERVER[0]: Starting flush for obj_id 12000000001, ndim=3
[INFO] PDC_SERVER[0]: Starting flush for obj_id 13000000000, ndim=3
[INFO] PDC_SERVER[0]: Starting flush for obj_id 12000000002, ndim=3
[INFO] PDC_SERVER[0]: Starting flush for obj_id 13000000001, ndim=3
[INFO] PDC_SERVER[0]: Starting flush for obj_id 14000000000, ndim=3
[13:55:52.170958] [WARNING] [pdc_server.c:1323] PDC_SERVER[0]: Checkpoint start
[INFO] PDC_SERVER[0]: Checkpoint file [/pscratch/sd/n/nlewi26/pdc_curl_analysis_bench//0/metadata_checkpoint.0]
[13:55:52.172930] [WARNING] [pdc_server.c:1536] PDC_SERVER[0]: Writing checkpoint transformations start
[13:55:52.172959] [WARNING] [pdc_server.c:1718] PDC_SERVER[0]: Writing checkpoint transformations done
[13:55:52.172962] [WARNING] [pdc_server.c:1721] PDC_SERVER[0]: Writing checkpoint region-analysis state start
[13:55:52.173005] [WARNING] [pdc_server.c:1724] PDC_SERVER[0]: Writing checkpoint region-analysis state done
[13:55:52.173906] [WARNING] [pdc_server.c:1761] PDC_SERVER[0]: Rank[ALL]: Total checkpoint time = 0.002943
[13:55:52.173916] [WARNING] [pdc_server.c:1770] PDC_SERVER[0]: Checkpointing done
[13:55:52.173929] [WARNING] [pdc_client_server_common.c:119] PDC_SERVER[0]: metric,rank0_avg_s/n,rank1_avg_s/n,rank2_avg_s/n,rank3_avg_s/n,rank4_avg_s/n,rank5_avg_s/n,rank6_avg_s/n,rank7_avg_s/n,rank8_avg_s/n,rank9_avg_s/n,rank10_avg_s/n,rank11_avg_s/n,rank12_avg_s/n,rank13_avg_s/n,rank14_avg_s/n,rank15_avg_s/n,rank16_avg_s/n,rank17_avg_s/n,rank18_avg_s/n,rank19_avg_s/n,rank20_avg_s/n,rank21_avg_s/n,rank22_avg_s/n,rank23_avg_s/n,rank24_avg_s/n,rank25_avg_s/n,rank26_avg_s/n,rank27_avg_s/n,rank28_avg_s/n,rank29_avg_s/n,rank30_avg_s/n,rank31_avg_s/n
[13:55:52.173997] [WARNING] [pdc_client_server_common.c:144] PDC_SERVER[0]: compress,0.016162/12,0.021721/12,0.017199/12,0.016133/12,0.015897/12,0.017630/12,0.016646/12,0.017574/12,0.023227/12,0.020034/12,0.017855/12,0.018401/12,0.018837/12,0.019296/12,0.022421/12,0.018013/12,0.019242/12,0.020351/12,0.022271/12,0.015889/12,0.017267/12,0.021140/12,0.017350/12,0.019105/12,0.017623/12,0.028176/12,0.018761/12,0.019603/12,0.017082/12,0.015464/12,0.028635/12,0.015482/12
[13:55:52.174017] [WARNING] [pdc_client_server_common.c:144] PDC_SERVER[0]: decompress,0.020956/12,0.020776/12,0.023462/12,0.020091/12,0.014387/12,0.023005/12,0.016609/12,0.021842/12,0.023445/12,0.017388/12,0.020281/12,0.020413/12,0.022191/12,0.024690/12,0.025196/12,0.018640/12,0.023567/12,0.029751/12,0.028209/12,0.019627/12,0.021668/12,0.029829/12,0.021380/12,0.021038/12,0.016576/12,0.017441/12,0.019334/12,0.023670/12,0.020581/12,0.015229/12,0.018740/12,0.021525/12
[13:55:52.174036] [WARNING] [pdc_client_server_common.c:144] PDC_SERVER[0]: magnitude,0.025320/12,0.023475/12,0.023036/12,0.025258/12,0.022030/12,0.023075/12,0.020979/12,0.022195/12,0.023074/12,0.023333/12,0.024904/12,0.023996/12,0.023684/12,0.025098/12,0.023861/12,0.022424/12,0.021841/12,0.022431/12,0.021938/12,0.022182/12,0.024451/12,0.023507/12,0.022969/12,0.022785/12,0.021031/12,0.021748/12,0.022064/12,0.021491/12,0.022585/12,0.023127/12,0.022884/12,0.024623/12
[13:55:52.174054] [WARNING] [pdc_client_server_common.c:144] PDC_SERVER[0]: posix_open,0.000152/144,0.000144/144,0.000152/144,0.000150/144,0.000153/144,0.000170/144,0.000150/144,0.000145/144,0.000164/144,0.000143/144,0.000158/144,0.000162/144,0.000153/144,0.000185/144,0.000148/144,0.000164/144,0.000141/144,0.000142/144,0.000149/144,0.000143/144,0.000151/144,0.000160/144,0.000147/144,0.000162/144,0.000142/144,0.000144/144,0.000140/144,0.000140/144,0.000158/144,0.000147/144,0.000151/144,0.000151/144
[13:55:52.174072] [WARNING] [pdc_client_server_common.c:144] PDC_SERVER[0]: posix_close,0.000000/0,0.000000/0,0.000000/0,0.000000/0,0.000000/0,0.000000/0,0.000000/0,0.000000/0,0.000000/0,0.000000/0,0.000000/0,0.000000/0,0.000000/0,0.000000/0,0.000000/0,0.000000/0,0.000000/0,0.000000/0,0.000000/0,0.000000/0,0.000000/0,0.000000/0,0.000000/0,0.000000/0,0.000000/0,0.000000/0,0.000000/0,0.000000/0,0.000000/0,0.000000/0,0.000000/0,0.000000/0
[13:55:52.174091] [WARNING] [pdc_client_server_common.c:144] PDC_SERVER[0]: posix_write,0.030521/72,0.029314/72,0.029644/72,0.029966/72,0.028685/72,0.029491/72,0.029601/72,0.029477/72,0.030240/72,0.029079/72,0.030089/72,0.028814/72,0.029800/72,0.029382/72,0.030251/72,0.028468/72,0.029265/72,0.030101/72,0.029366/72,0.028363/72,0.029133/72,0.029330/72,0.029157/72,0.029269/72,0.028945/72,0.029176/72,0.029430/72,0.029287/72,0.030174/72,0.029287/72,0.029336/72,0.029793/72
[13:55:52.174108] [WARNING] [pdc_client_server_common.c:144] PDC_SERVER[0]: posix_read,0.000000/0,0.000000/0,0.000000/0,0.000000/0,0.000000/0,0.000000/0,0.000000/0,0.000000/0,0.000000/0,0.000000/0,0.000000/0,0.000000/0,0.000000/0,0.000000/0,0.000000/0,0.000000/0,0.000000/0,0.000000/0,0.000000/0,0.000000/0,0.000000/0,0.000000/0,0.000000/0,0.000000/0,0.000000/0,0.000000/0,0.000000/0,0.000000/0,0.000000/0,0.000000/0,0.000000/0,0.000000/0
